GEOID,coverage_gap_score
40001376600,0.002534
40001376700,0.002096
40001376800,0.003547
40001376900,0.005183
40001377000,0.008097
40003955600,0.005181
40003955700,0.000513
40003956000,0.00064
40005587600,0.003362
40005587700,0.000634
40005587800,0.000165
40005587900,0.000211
40009966100,0.000225
40009966200,0.00061
40009966800,0.000141
40011958600,0.001041
40011958700,3.1e-05
40011958800,0.0
40011958900,0.000347
40011959000,0.000193
40013795600,6e-05
40013795700,0.00027
40013795900,0.000109
40013796002,0.0
40013796003,5.5e-05
40013796004,0.0
40013796101,1e-05
40013796102,2e-05
40013796200,0.000802
40013796300,0.0002
40013796400,4.4e-05
40013796500,0.004102
40013796600,0.0
40015161601,0.0
40015161602,0.0
40015161700,0.000164
40015161800,0.000374
40015161900,1.6e-05
40015162000,4.5e-05
40015162101,2.7e-05
40015162102,0.000212
40015162200,0.000502
40015162300,0.000328
40017300100,0.0
40017300201,0.0
40017300202,0.000159
40017300300,0.0
40017300400,4.4e-05
40017300500,0.0
40017300600,0.0
40017300701,0.0
40017300702,0.000181
40017300802,0.0
40017300803,0.0
40017300804,0.0
40017300805,0.0
40017300806,0.0
40017300901,0.0
40017300902,0.0
40017300904,0.0
40017300905,0.0
40017301001,0.0
40017301003,0.0
40017301006,0.0
40017301010,0.0
40017301011,0.0
40017301012,0.0
40017301013,0.0
40017301014,0.0
40017301015,9e-06
40017301100,0.0
40017301201,6.4e-05
40017301202,0.0
40017301301,0.0
40017301302,0.0
40017301406,0.0
40017301407,0.0
40017301408,0.0
40017301409,0.0
40017301410,0.0
40019892100,0.000356
40019892200,0.006852
40019892301,6e-06
40019892302,7.1e-05
40019892400,1.5e-05
40019892501,6e-06
40019892502,0.0
40019892601,2.7e-05
40019892602,0.0
40019892700,1e-05
40019892801,0.000121
40019892802,4.4e-05
40019892900,2.2e-05
40019893001,1.8e-05
40019893002,0.00013
40019893100,4e-05
40021977600,0.005891
40021977701,1.9e-05
40021977702,1.6e-05
40021977801,0.0
40021977802,1.8e-05
40021977901,0.00135
40021977902,0.002487
40021978000,0.000195
40021978100,0.001675
40021978201,0.003766
40021978202,0.028477
40021978301,0.007663
40021978302,2.6e-05
40023966900,0.0
40023967000,0.0
40023967100,0.000108
40023967200,0.000373
40023967300,0.0
40027200100,0.000114
40027200200,0.000479
40027200300,0.000324
40027200400,0.000459
40027200500,0.001719
40027200602,0.000235
40027200603,0.000158
40027200604,0.000181
40027200700,0.001542
40027200800,2e-06
40027200900,0.000114
40027201000,0.000343
40027201102,0.000167
40027201103,5.9e-05
40027201104,0.00035
40027201201,0.000409
40027201202,0.008969
40027201204,0.000564
40027201205,0.0
40027201302,0.000144
40027201303,0.000215
40027201403,6.5e-05
40027201404,0.000131
40027201405,4.1e-05
40027201505,0.000173
40027201508,0.000208
40027201509,0.0
40027201511,0.00011
40027201512,0.000504
40027201513,0.0
40027201514,0.0
40027201602,0.0
40027201603,8.6e-05
40027201604,0.0
40027201607,0.0
40027201609,0.0
40027201610,0.0
40027201611,0.0
40027201612,0.0
40027201700,0.0
40027201801,0.0
40027201802,0.0
40027201902,0.0
40027201903,0.0
40027201904,0.0
40027202002,0.0
40027202004,2.3e-05
40027202005,0.0
40027202006,0.0
40027202007,0.0
40027202008,0.0
40027202102,4.1e-05
40027202104,1.6e-05
40027202105,2e-06
40027202106,0.000129
40027202107,0.0
40027202201,0.0
40027202203,2.3e-05
40027202205,0.0
40027202207,0.0
40027202208,0.0
40027202301,0.0
40027202302,0.0
40027202403,3e-05
40027202404,0.000258
40027202405,2.2e-05
40027202406,0.0
40027202407,9.9e-05
40027202501,0.0
40027202502,0.000312
40027202600,0.000653
40029388100,0.000133
40029388200,0.001158
40031000100,0.000683
40031000200,0.000349
40031000300,0.000122
40031000402,0.000481
40031000403,9.1e-05
40031000404,0.000105
40031000405,4e-06
40031000503,3.7e-05
40031000504,8e-06
40031000505,0.000576
40031000506,3e-05
40031000600,0.000219
40031000700,0.000129
40031000800,0.000142
40031000900,0.000209
40031001000,0.0
40031001100,0.000302
40031001400,0.000269
40031001500,0.000635
40031001600,0.000341
40031001700,0.000244
40031001901,0.000303
40031001902,0.000527
40031002001,0.000182
40031002003,3.4e-05
40031002004,0.000164
40031002005,0.000722
40031002101,0.0
40031002102,2.2e-05
40031002201,1.4e-05
40031002202,5.6e-05
40031002301,0.0
40031002302,0.0
40031002401,1.4e-05
40031002403,0.000729
40031002405,0.00205
40031002406,0.002185
40031002500,0.000493
40033871100,0.002715
40033871200,0.002177
40035373100,0.002357
40035373200,0.002761
40035373300,0.00326
40035373400,0.006108
40035373500,0.006933
40037020101,0.001132
40037020102,0.006417
40037020103,0.000392
40037020602,0.000347
40037020603,0.001744
40037020604,0.0
40037020702,5.2e-05
40037020704,0.014724
40037020705,0.000159
40037020706,8.4e-05
40037020707,3.1e-05
40037020800,0.001447
40037020900,4.1e-05
40037021000,0.00015
40037021101,0.000342
40037021102,0.000304
40037021201,0.000261
40037021202,0.000786
40037021300,0.001984
40037021401,0.002203
40037021402,0.000278
40037021500,0.000378
40037021600,0.000469
40039950800,0.000264
40039960401,0.000335
40039960402,4.7e-05
40039960600,0.000152
40039960701,1.4e-05
40039960702,2e-06
40039961000,0.000396
40041375601,0.029809
40041375602,0.130074
40041375701,0.041167
40041375702,0.003577
40041375803,0.014504
40041375804,0.000738
40041375805,0.071466
40041375806,0.194382
40041375901,0.072649
40041375902,0.155863
40041376000,0.00166
40041376100,0.010762
40041976200,0.005731
40043959100,0.000407
40043959200,0.00063
40043959300,0.001723
40045952600,0.000162
40045952800,0.000214
40047000101,2.9e-05
40047000102,0.000314
40047000200,0.000111
40047000601,0.000117
40047000602,4.3e-05
40047000701,6.3e-05
40047000702,0.000109
40047001100,2e-06
40047001200,0.000807
40047001301,0.0
40047001302,6.8e-05
40047001401,6e-06
40047001402,0.000191
40047001500,0.000182
40047001602,1.1e-05
40047001603,0.000137
40047001604,8.1e-05
40049681100,0.000112
40049681200,6.6e-05
40049681300,1.1e-05
40049681400,0.0
40049681500,1.3e-05
40049681600,0.000232
40049681700,0.0
40049681800,0.000114
40049681900,0.0
40051000100,0.007821
40051000400,0.000136
40051000501,2.4e-05
40051000502,0.0
40051000600,0.000189
40051000701,7.7e-05
40051000702,0.000868
40051000801,0.0
40051000802,0.0
40051000901,0.0
40051000902,0.0
40051000904,0.0
40051000905,0.0
40051000906,0.0
40051001000,4.6e-05
40053956400,0.000188
40053956500,0.003528
40055967100,0.000947
40055967200,0.000503
40059952100,5.2e-05
40059952200,5e-06
40061279100,0.002089
40061279200,0.000103
40061279300,3.1e-05
40061279400,3e-05
40063484600,0.00245
40063484700,0.000421
40063484800,0.005071
40063484900,0.0
40063485000,0.002004
40065968100,0.000899
40065968200,0.000219
40065968300,0.00246
40065968400,2.2e-05
40065968500,1e-06
40065968600,0.000511
40065968700,0.001271
40065968800,0.000384
40067371600,0.000171
40067371700,0.000138
40067371800,2.1e-05
40069660198,0.001086
40069660201,0.001961
40069660202,0.00127
40069660300,0.000715
40071000100,2.3e-05
40071000201,1.9e-05
40071000202,0.000379
40071000300,9.1e-05
40071000400,4.6e-05
40071000500,0.000246
40071000600,0.000213
40071001100,0.000211
40071001200,0.001948
40071001301,0.00035
40071001302,0.000389
40073958100,0.000383
40073958200,0.00037
40073958300,2.5e-05
40073958400,0.000188
40075963600,0.004303
40075963700,0.00038
40075964200,0.001215
40077087100,0.001346
40077087200,0.001133
40077087300,0.000954
40079040102,0.001165
40079040198,0.003385
40079040299,0.000499
40079040301,0.000663
40079040302,0.001061
40079040303,0.002264
40079040401,0.001116
40079040402,0.000616
40079040500,8.5e-05
40079040601,6.9e-05
40079040602,0.000216
40079040700,0.000387
40081961100,0.000165
40081961200,0.000108
40081961300,0.000263
40081961401,0.000155
40081961402,0.000218
40081961500,9.5e-05
40081961600,0.000303
40081961700,1.4e-05
40083600101,8e-06
40083600200,0.000543
40083600300,0.0
40083600401,0.0
40083600402,0.0
40083600501,3.5e-05
40083600502,5e-06
40083600600,0.000389
40083600700,0.000675
40083600801,0.0
40083600802,0.0
40083600903,0.000319
40083601000,0.000589
40085094100,0.0
40085094200,0.0
40085094300,2.9e-05
40087400103,2.1e-05
40087400104,8.1e-05
40087400105,0.0
40087400106,0.0
40087400201,6.3e-05
40087400203,1.2e-05
40087400204,0.0
40087400300,8.4e-05
40087400400,0.0
40089098200,7e-06
40089098300,0.010596
40089098400,0.00097
40089098501,0.000513
40089098502,0.0
40089098600,0.000668
40089098700,0.000592
40089098800,0.000567
40089098900,0.002858
40091779601,0.0
40091779602,0.000177
40091779700,0.0
40091779900,0.000122
40091780100,6.2e-05
40091780200,3.8e-05
40091780301,0.000847
40091780302,1.1e-05
40093955100,0.000157
40093955200,0.000464
40093955300,3.2e-05
40095094698,0.001045
40095094700,0.000107
40095094803,0.0
40095094804,2e-06
40095094805,0.000431
40095094806,0.0
40097040100,7.9e-05
40097040200,8e-06
40097040300,0.000495
40097040400,0.000792
40097040501,0.00883
40097040502,0.002814
40097040600,0.008874
40097040700,0.007492
40097040801,0.000135
40097040802,0.000601
40099790600,7.1e-05
40099790701,1.9e-05
40099790702,0.000149
40099790801,1.5e-05
40099790802,0.0
40101000100,8.5e-05
40101000200,0.000234
40101000300,0.0
40101000400,1e-06
40101000600,0.0
40101000700,4e-06
40101000801,1e-06
40101000802,3.5e-05
40101000901,0.0
40101000902,0.0
40101001000,0.0
40101001100,1e-05
40101001200,4e-06
40101001301,1.1e-05
40101001302,0.0
40101001401,0.0
40101001402,0.0
40101001501,2.4e-05
40101001502,2e-05
40101001600,0.000144
40103956600,0.000302
40103956900,8.2e-05
40103957000,8.4e-05
40103957100,0.000145
40105172100,0.002946
40105172200,0.006023
40105172300,0.003464
40105172400,1.8e-05
40107080600,0.000426
40107080700,0.000103
40107080900,0.0
40107081000,0.001118
40109100100,0.0
40109100201,0.0
40109100202,0.0
40109100203,0.0
40109100300,0.0
40109100400,0.0
40109100500,0.0
40109100800,0.0
40109100900,0.0
40109101000,0.0
40109101100,0.0
40109101200,0.0
40109101300,0.0
40109101400,0.0
40109101500,0.0
40109101800,0.0
40109101900,0.0
40109102000,0.0
40109102100,0.0
40109102200,0.0
40109102300,0.0
40109102400,0.0
40109102500,0.0
40109103200,0.0
40109103300,0.0
40109103900,0.0
40109104100,0.0
40109104200,0.0
40109104300,0.0
40109104400,0.0
40109104500,0.0
40109104600,0.0
40109104700,0.0
40109104800,0.0
40109104900,0.0
40109105000,0.0
40109105101,0.0
40109105201,0.0
40109105202,0.0
40109105300,0.0
40109105400,0.0
40109105500,0.0
40109105600,0.0
40109105903,0.0
40109105904,0.0
40109105905,0.0
40109105906,0.0
40109105907,0.0
40109106000,0.0
40109106100,0.0
40109106200,0.0
40109106301,0.0
40109106302,0.0
40109106303,0.0
40109106401,0.0
40109106402,0.0
40109106403,0.0
40109106501,0.0
40109106502,0.0
40109106503,0.0
40109106601,0.0
40109106602,0.0
40109106606,0.0
40109106607,0.0
40109106608,0.0
40109106609,0.0
40109106610,0.0
40109106611,0.0
40109106702,0.0
40109106704,0.0
40109106705,0.0
40109106706,0.0
40109106708,0.0
40109106709,0.0
40109106710,0.0
40109106801,0.0
40109106802,0.0
40109106803,0.0
40109106804,0.0
40109106902,0.0
40109106903,0.0
40109106906,0.0
40109106907,0.0
40109106909,0.0
40109106910,0.0
40109106911,0.0
40109106912,0.0
40109106913,0.0
40109106914,0.0
40109106916,0.0
40109106917,0.0
40109107001,0.0
40109107002,0.0
40109107101,0.0
40109107103,0.0
40109107104,0.0
40109107206,0.0
40109107207,0.0
40109107212,0.0
40109107213,0.0
40109107214,0.0
40109107215,0.0
40109107216,0.0
40109107217,0.0
40109107218,0.0
40109107219,0.0
40109107220,0.0
40109107221,0.0
40109107222,0.0
40109107223,0.0
40109107224,0.0
40109107225,0.0
40109107226,0.0
40109107302,0.0
40109107303,0.0
40109107305,0.0
40109107306,0.0
40109107401,0.0
40109107404,0.0
40109107405,0.0
40109107406,0.0
40109107407,0.0
40109107601,0.000207
40109107604,0.0
40109107605,1.1e-05
40109107608,0.0002
40109107703,7.3e-05
40109107704,0.000571
40109107705,0.000146
40109107706,5.1e-05
40109107707,3.6e-05
40109107801,0.0
40109107804,0.000341
40109107805,0.0
40109107806,8.5e-05
40109107807,0.0
40109107808,0.0
40109107809,0.0
40109107810,0.0
40109107900,0.0
40109108003,0.00048
40109108005,0.0
40109108006,0.00016
40109108007,0.00013
40109108008,0.000135
40109108009,0.00027
40109108010,0.00029
40109108011,0.000351
40109108101,0.0
40109108106,1.9e-05
40109108107,0.0
40109108109,0.0
40109108110,0.0
40109108113,6.4e-05
40109108114,0.000131
40109108201,8.6e-05
40109108203,0.0
40109108204,0.000561
40109108207,0.004075
40109108208,0.000545
40109108215,0.0
40109108216,0.0
40109108217,0.000203
40109108222,0.0
40109108223,0.0
40109108224,0.000193
40109108225,0.0
40109108226,0.0
40109108227,0.0
40109108228,0.0
40109108229,1.9e-05
40109108230,3.7e-05
40109108231,0.0
40109108232,5e-05
40109108233,0.0
40109108234,0.0
40109108235,1.7e-05
40109108236,0.0
40109108237,0.0
40109108238,0.0
40109108301,0.0
40109108302,0.0
40109108304,0.000255
40109108307,0.0
40109108309,0.0
40109108310,0.0
40109108314,0.0
40109108317,8e-06
40109108318,0.0
40109108319,0.0
40109108320,0.0
40109108321,7e-06
40109108322,0.0
40109108323,0.0
40109108324,0.0
40109108325,0.0
40109108326,0.0
40109108402,0.0
40109108403,0.0
40109108404,0.0
40109108506,0.0
40109108507,0.0
40109108508,0.0
40109108513,0.0
40109108514,0.0
40109108515,0.0
40109108520,7e-06
40109108521,0.0
40109108523,0.0
40109108524,0.0
40109108525,0.0
40109108526,0.0
40109108527,0.0
40109108528,0.0
40109108529,2.6e-05
40109108530,0.0
40109108531,0.0
40109108532,0.0
40109108533,0.0
40109108534,0.0
40109108535,0.0
40109108536,0.0
40109108537,0.0
40109108538,1.7e-05
40109108603,0.0
40109108604,0.0
40109108701,0.0
40109108706,5.3e-05
40109108707,0.0
40109108708,0.0
40109108709,0.0
40109108710,9.5e-05
40109108711,0.0
40109108712,0.0
40109108713,0.0
40109108802,0.000131
40109108803,0.0
40109108804,0.0
40109108805,9.4e-05
40109108806,0.000593
40109108807,3.3e-05
40109108900,0.0
40109109001,0.0
40109109003,0.000228
40109109004,0.000103
40109109202,0.0
40109109203,0.0
40109109204,0.0
40109109205,0.0
40109109300,0.0
40109109400,0.0
40109109500,0.0
40109109600,0.0
40109109700,0.0
40109109800,0.0
40109109900,0.000432
40109110000,0.0
40109980001,0.0
40109980002,0.0
40109980003,0.0
40109980004,0.0
40109980005,1.8e-05
40109980006,0.0
40109980007,0.029681
40109980008,0.0
40109980009,0.294189
40111000100,1.2e-05
40111000200,0.000274
40111000300,2.1e-05
40111000400,0.0
40111000500,0.000184
40111000601,0.0
40111000602,7.8e-05
40111000700,8e-06
40111000800,2.8e-05
40111000901,0.0
40111000902,1.4e-05
40113940001,0.000577
40113940003,0.000804
40113940004,0.002368
40113940005,9.6e-05
40113940006,0.000273
40113940007,4.3e-05
40113940008,0.000608
40113940009,4.4e-05
40113940011,0.00092
40113940012,0.000375
40113940013,0.000359
40113940014,0.000164
40113940015,0.000231
40115574100,0.009166
40115574200,0.008143
40115574300,0.006243
40115574400,0.005227
40115574500,0.021405
40115574600,0.006969
40115574700,0.009624
40115574800,0.013546
40115574900,0.01271
40117957100,0.000655
40117957200,2.6e-05
40117957300,0.000158
40117957400,0.000408
40117957500,0.000152
40119010101,0.0
40119010102,0.000123
40119010201,0.0
40119010202,0.006261
40119010300,6.7e-05
40119010400,0.002467
40119010501,0.000859
40119010502,0.005172
40119010503,0.008104
40119010600,0.0
40119010700,0.000289
40119010800,1.3e-05
40119010901,1.3e-05
40119010902,0.0
40119011001,0.000209
40119011002,7.9e-05
40119011101,0.002548
40119011103,0.000495
40119011104,0.000199
40119011200,0.00042
40119011301,0.000371
40119011302,0.000239
40119011400,0.001092
40121485601,0.0
40121485602,0.0
40121485700,0.00029
40121485800,0.000174
40121485900,0.001239
40121486000,0.000216
40121486100,0.000298
40121486200,1.5e-05
40121486300,0.037445
40121486400,0.000552
40121486500,6.7e-05
40121486600,0.00258
40121486700,0.001747
40121486800,0.003761
40123088600,0.000485
40123088700,0.001298
40123088801,0.000189
40123088802,0.000571
40123088900,0.000965
40123089000,0.00026
40123089100,0.001226
40123089200,0.000959
40123089300,0.000246
40123089598,0.000109
40123089600,0.001025
40125500200,0.006276
40125500301,0.000386
40125500302,0.000154
40125500400,0.273169
40125500500,0.053221
40125500600,0.254849
40125500700,0.00034
40125500800,6.6e-05
40125500901,4.2e-05
40125500902,0.0
40125501003,0.0
40125501004,0.000284
40125501005,0.0
40125501006,0.0
40125501101,0.000171
40125501103,2e-06
40125501104,2.3e-05
40125501105,1.8e-05
40125501201,0.001023
40125501300,0.000375
40127097600,9.1e-05
40127097701,5.2e-05
40127097702,0.000556
40127097800,0.00044
40129960000,0.000735
40131050101,2.2e-05
40131050103,5.7e-05
40131050104,0.000108
40131050105,0.00032
40131050201,0.000497
40131050202,0.000141
40131050203,0.000299
40131050301,0.000234
40131050302,0.000186
40131050303,0.000229
40131050304,6.8e-05
40131050403,0.000111
40131050404,0.000153
40131050405,0.000233
40131050406,2.4e-05
40131050407,0.000256
40131050408,0.00032
40131050409,0.000914
40131050501,0.000708
40131050502,0.001935
40131050601,7.4e-05
40131050602,2.7e-05
40131050603,0.0
40131050604,0.001157
40131050701,0.001011
40131050702,0.001654
40131050801,0.000118
40131050802,0.000922
40133583100,0.0007
40133583200,0.000565
40133583300,0.000342
40133583400,0.000228
40133583500,0.000465
40133583600,0.000256
40133583700,0.000407
40133583800,0.001317
40133583900,0.002444
40135030101,0.000825
40135030103,0.000407
40135030105,0.003503
40135030106,0.0
40135030201,2.8e-05
40135030202,1e-06
40135030301,0.000729
40135030303,0.003859
40135030304,0.000229
40135030401,0.00148
40135030403,0.001845
40135030404,0.001584
40137000101,3.1e-05
40137000102,3.5e-05
40137000200,3.6e-05
40137000300,5e-06
40137000400,3.8e-05
40137000600,0.000502
40137000800,0.0
40137000901,3.1e-05
40137000902,3.7e-05
40137001000,7e-06
40137001100,0.00011
40141070100,0.00537
40141070200,0.000451
40141070300,0.000164
40141070400,0.001066
40141070500,0.000196
40143000200,0.006131
40143000300,0.000258
40143000400,0.000637
40143000500,0.000991
40143000800,9.4e-05
40143000900,2.2e-05
40143001000,0.000427
40143001200,0.003911
40143001300,0.0
40143001400,6.5e-05
40143001500,3.7e-05
40143001600,0.000479
40143001700,3.2e-05
40143001800,1.8e-05
40143001900,0.000108
40143002000,0.0
40143002100,0.001595
40143002301,0.0
40143002500,0.003301
40143002700,9.8e-05
40143002900,1.8e-05
40143003000,0.0
40143003100,8.1e-05
40143003200,3.1e-05
40143003300,0.0
40143003400,1.4e-05
40143003500,1.9e-05
40143003600,0.0
40143003700,0.000154
40143003800,0.000472
40143003900,7.3e-05
40143004000,0.0
40143004101,0.001657
40143004200,0.000364
40143004301,0.002396
40143004302,0.000455
40143004400,0.002611
40143004500,7.4e-05
40143004600,0.00025
40143004700,0.000858
40143004800,0.0
40143004900,1e-05
40143005001,0.000465
40143005002,0.000611
40143005100,0.000777
40143005200,0.000557
40143005300,4e-05
40143005401,9.4e-05
40143005403,5.8e-05
40143005404,0.0
40143005500,0.000438
40143005600,0.002239
40143005700,0.000884
40143005801,4.7e-05
40143005805,9.9e-05
40143005808,5e-06
40143005809,3e-05
40143005810,9.9e-05
40143005811,0.0
40143005812,0.000206
40143005813,0.000183
40143005900,8.8e-05
40143006000,0.000142
40143006200,0.001031
40143006506,0.000312
40143006507,0.001937
40143006600,0.001571
40143006701,6.8e-05
40143006703,0.002343
40143006708,1.7e-05
40143006709,0.0
40143006710,1.6e-05
40143006711,5.6e-05
40143006712,0.000294
40143006713,0.000257
40143006801,0.000753
40143006803,0.000188
40143006804,0.000141
40143006901,0.00016
40143006902,0.001227
40143006903,0.000573
40143006905,0.00015
40143006906,0.000821
40143006907,0.000141
40143007000,6.4e-05
40143007101,0.000157
40143007102,5.5e-05
40143007200,5.6e-05
40143007304,0.000135
40143007306,1.4e-05
40143007308,6.2e-05
40143007309,0.001183
40143007310,0.000177
40143007311,0.000303
40143007312,0.0
40143007313,0.000246
40143007314,0.000427
40143007402,3.1e-05
40143007408,5.3e-05
40143007409,0.000264
40143007410,0.000169
40143007411,0.00023
40143007412,3.7e-05
40143007413,0.000421
40143007414,0.000125
40143007415,0.000658
40143007416,0.000735
40143007417,0.0
40143007503,0.000326
40143007507,0.000208
40143007510,0.000129
40143007511,7.2e-05
40143007512,0.000291
40143007518,9.5e-05
40143007519,0.000227
40143007520,0.000168
40143007522,7e-06
40143007523,2e-06
40143007525,0.00037
40143007526,0.000903
40143007527,0.000527
40143007528,0.000341
40143007529,0.000177
40143007530,4.8e-05
40143007531,0.000307
40143007532,0.0
40143007533,0.000277
40143007534,0.000176
40143007535,0.000211
40143007536,0.0
40143007608,0.002118
40143007611,0.002561
40143007612,0.000161
40143007613,0.000848
40143007614,0.000608
40143007615,0.000232
40143007616,0.000435
40143007617,0.000796
40143007619,0.000146
40143007629,0.000204
40143007630,0.000281
40143007631,0.000353
40143007632,0.000322
40143007633,0.000297
40143007634,0.000255
40143007636,0.000456
40143007638,0.0
40143007639,0.000457
40143007641,0.013013
40143007642,0.0
40143007643,0.001467
40143007644,0.000306
40143007645,0.000201
40143007646,0.000378
40143007647,0.000179
40143007648,0.0
40143007649,0.00019
40143007650,0.119647
40143007651,0.000683
40143007652,7.8e-05
40143007653,0.000438
40143007654,0.000559
40143007655,4e-06
40143007656,0.0
40143007703,0.0
40143007704,0.0
40143007705,0.0
40143007706,1e-05
40143007707,0.00014
40143007801,0.000169
40143007803,0.0
40143007804,6e-06
40143007900,0.000156
40143008001,0.003541
40143008002,0.000642
40143008200,2.5e-05
40143008300,1.8e-05
40143008400,0.000121
40143008501,2.5e-05
40143008502,0.000242
40143008600,0.000633
40143008700,0.000303
40143008800,8.3e-05
40143008900,0.000385
40143009006,7.9e-05
40143009008,9.5e-05
40143009010,0.000324
40143009011,0.000174
40143009012,0.000377
40143009013,0.0
40143009014,0.000208
40143009015,0.000152
40143009016,0.000226
40143009017,0.000401
40143009018,0.000341
40143009019,0.000583
40143009020,0.000275
40143009021,0.000394
40143009101,0.000402
40143009104,7.1e-05
40143009200,0.001927
40143009300,0.001678
40143009401,0.0
40143009403,8.7e-05
40143009404,0.0
40143009500,0.0
40143011300,0.004675
40143011400,0.000305
40145030101,1.5e-05
40145030102,1.1e-05
40145030201,0.0
40145030202,3.9e-05
40145030300,8.3e-05
40145030402,0.000601
40145030403,0.0
40145030406,0.000128
40145030407,0.0
40145030408,4.2e-05
40145030502,0.000609
40145030505,0.000389
40145030506,0.0
40145030507,0.000132
40145030508,0.002186
40145030509,0.000665
40145030510,0.000166
40145030511,0.0
40145030512,2.6e-05
40145030601,0.0
40145030603,4.4e-05
40145030604,1.3e-05
40145030605,0.0
40145030798,0.0
40145030800,1e-05
40147000100,0.000983
40147000200,0.000712
40147000300,0.000525
40147000400,0.000488
40147000500,0.000305
40147000601,0.000108
40147000602,0.000824
40147000700,0.00084
40147000800,0.000132
40147000900,0.000158
40147001000,0.009107
40147001100,0.003188
40147001200,0.002021
40147001300,0.003648
40149964900,0.001195
40149965000,0.000998
40149965100,0.000251
40149965400,0.001702
40151954201,0.001118
40151954202,0.004489
40151954300,0.000598
40151954400,0.000692
40153953100,0.000268
40153953200,9.8e-05
40153953300,0.000379
40153953400,4.1e-05
40153953500,1.2e-05
04001944902,0.000345
04001945100,0.000124
04001970201,3e-05
04001970202,0.001684
04001970300,0.000264
04001970501,0.077319
04001970502,0.000105
04003000101,0.003184
04003000102,0.0
04003000201,0.001366
04003000202,0.0
04003000203,0.001384
04003000301,0.054489
04003000303,0.001559
04003000304,0.004358
04003000305,0.011131
04003000400,0.000339
04003000501,0.000133
04003000502,0.0
04003000503,0.0
04003000600,0.0
04003000700,0.0
04003000800,0.0
04003000901,0.0
04003000902,0.0
04003001000,0.0
04003001100,0.0
04003001200,0.0
04003001301,0.003358
04003001302,0.001621
04003001401,0.002635
04003001402,0.007571
04003001501,6.7e-05
04003001502,0.000488
04003001601,0.000384
04003001602,0.000516
04003001701,0.000764
04003001702,0.000738
04003001703,1.7e-05
04003001801,9.9e-05
04003001802,0.00137
04003001900,0.000668
04003002001,0.003323
04003002002,0.001429
04003002100,0.0
04005000200,0.0
04005000601,0.000196
04005000602,0.0
04005000700,0.0
04005000800,0.0
04005000901,7e-06
04005000902,0.0
04005001000,0.002796
04005001101,6e-05
04005001103,0.0
04005001104,0.0
04005001201,0.0
04005001302,0.00023
04005001500,0.0
04005001601,0.0
04005001602,0.0
04005001700,0.0
04005002201,0.0
04005002202,0.000561
04005002302,0.0
04005945100,0.002321
04005980100,0.002694
04005980200,0.019707
04007000100,0.0
04007000200,0.0
04007000301,1e-06
04007000302,0.0
04007000400,0.0
04007000500,0.0
04007000600,0.0
04007000700,2.3e-05
04007000800,0.004672
04007000900,0.000189
04007001000,4.2e-05
04007001100,0.0
04007001200,5e-06
04007001300,0.000809
04007940200,0.001309
04007940400,0.001772
04009940500,0.000787
04009961100,5.3e-05
04009961201,0.000635
04009961202,0.000163
04009961300,1.6e-05
04009961400,0.000203
04009961500,0.000237
04009961600,0.00616
04009961700,0.00083
04011960100,1.1e-05
04011960200,0.0
04011960300,0.001748
04012020101,0.000481
04012020102,0.0
04013010102,2.9e-05
04013010103,7.6e-05
04013010104,0.000127
04013030401,0.000309
04013030402,0.000241
04013040502,0.0
04013040506,0.000238
04013040507,0.000182
04013040512,7e-05
04013040513,0.000218
04013040514,7.8e-05
04013040515,3.6e-05
04013040516,0.0
04013040522,0.000138
04013040523,1.8e-05
04013040524,0.000274
04013040525,0.000133
04013040526,0.000634
04013040527,0.001291
04013040528,0.000357
04013040529,0.000127
04013040530,0.000241
04013040531,0.0
04013040532,0.0
04013040533,0.0
04013040534,0.000157
04013040535,0.0
04013040536,3.5e-05
04013040537,0.0
04013040538,0.0
04013040539,0.0
04013040540,0.0
04013040541,0.0
04013050603,0.719093
04013050604,0.839106
04013050609,0.0
04013050611,0.0
04013050612,0.0
04013050613,0.0
04013050614,0.0
04013050615,0.0
04013050616,0.0
04013050617,0.0
04013050618,0.000134
04013050619,0.0
04013050620,0.0
04013050621,0.0
04013050701,3.9e-05
04013050702,0.0
04013060801,0.030662
04013060802,0.0
04013060901,0.000112
04013060902,4.8e-05
04013060903,0.000145
04013060904,8.2e-05
04013061010,0.000121
04013061011,0.0
04013061013,0.000155
04013061014,0.000214
04013061015,0.000102
04013061017,0.00081
04013061018,0.0
04013061020,0.000368
04013061021,0.001431
04013061024,0.000233
04013061026,0.000213
04013061027,0.0002
04013061028,0.0
04013061029,8.9e-05
04013061031,0.0
04013061032,3.9e-05
04013061033,9.6e-05
04013061034,7.6e-05
04013061035,4.1e-05
04013061036,1.2e-05
04013061037,0.000219
04013061038,0.000281
04013061039,0.0
04013061040,0.000168
04013061041,6.5e-05
04013061042,0.0
04013061043,0.000222
04013061044,0.0
04013061045,0.0
04013061046,0.000439
04013061047,0.000111
04013061048,0.000126
04013061049,0.000124
04013061050,5.8e-05
04013061051,6.2e-05
04013061052,0.0
04013061053,0.0
04013061054,0.0
04013061055,1.2e-05
04013061056,0.0
04013061057,0.0
04013061058,0.0
04013061059,5e-05
04013061060,0.000129
04013061061,9.8e-05
04013061062,0.0
04013061063,0.000352
04013061064,0.0
04013061100,0.015655
04013061200,0.000428
04013061300,0.000602
04013061401,0.001424
04013061402,2.8e-05
04013071503,0.00029
04013071504,0.00078
04013071505,0.001199
04013071506,0.000417
04013071509,0.000491
04013071510,0.000197
04013071511,0.0
04013071512,0.000358
04013071513,2e-06
04013071514,0.000338
04013071515,0.000485
04013071516,0.000284
04013071517,0.0
04013071600,0.00017
04013071701,5.7e-05
04013071702,0.000173
04013071801,6.6e-05
04013071802,0.000442
04013071903,0.00034
04013071906,0.0
04013071909,0.000343
04013071910,0.000275
04013071911,8.6e-05
04013071912,0.000272
04013071913,7.2e-05
04013071914,0.000149
04013071915,0.0
04013082002,0.0
04013082007,9.3e-05
04013082008,0.000353
04013082009,0.00011
04013082010,0.000457
04013082012,0.000219
04013082016,0.0
04013082017,0.0
04013082018,8.3e-05
04013082019,0.000712
04013082020,0.000353
04013082021,4.5e-05
04013082022,2.4e-05
04013082023,4.6e-05
04013082024,4.9e-05
04013082025,0.0
04013082026,0.000241
04013082027,0.0
04013082028,0.000111
04013082204,0.0
04013082205,0.000133
04013082206,0.000244
04013082207,0.0
04013082208,0.0
04013082209,0.000484
04013082210,0.000143
04013082211,6.6e-05
04013082212,0.0
04013082213,0.000176
04013083000,0.000536
04013092305,0.000837
04013092306,0.0
04013092307,0.0
04013092308,0.0
04013092309,1e-05
04013092311,0.0
04013092312,0.000141
04013092401,0.000372
04013092402,0.000236
04013092500,0.0
04013092600,0.000232
04013092705,0.000118
04013092708,0.00063
04013092709,0.0
04013092710,4e-06
04013092711,3.1e-05
04013092712,0.0
04013092713,0.0
04013092715,0.000169
04013092716,4.5e-05
04013092717,4e-05
04013092718,0.000198
04013092719,7.4e-05
04013092720,0.0
04013092721,0.0
04013092723,0.000368
04013092724,7.2e-05
04013092801,0.0
04013092802,0.000197
04013092900,0.000128
04013093001,9.9e-05
04013093002,0.000114
04013093101,2.5e-05
04013093104,0.001974
04013093105,2.1e-05
04013093106,0.00022
04013093200,0.0
04013103205,7.1e-05
04013103206,5.1e-05
04013103207,6.7e-05
04013103208,0.000448
04013103209,0.000423
04013103210,0.000438
04013103211,1e-06
04013103212,0.0
04013103214,4.2e-05
04013103215,2e-05
04013103216,0.000304
04013103217,0.000484
04013103219,0.000559
04013103220,0.000158
04013103302,0.000403
04013103303,2.1e-05
04013103304,0.001161
04013103305,0.000971
04013103306,0.000388
04013103400,2.3e-05
04013103501,0.000582
04013103502,0.000221
04013103604,0.001143
04013103605,0.000244
04013103606,5.7e-05
04013103607,0.000219
04013103608,0.000523
04013103609,0.0
04013103611,0.000487
04013103612,0.00049
04013103614,0.000391
04013103615,7e-06
04013103701,7.7e-05
04013103702,2e-05
04013103900,0.0
04013104000,8e-05
04013104100,0.000356
04013104202,0.00046
04013104203,5e-05
04013104204,8.6e-05
04013104205,5.3e-05
04013104206,9.4e-05
04013104207,1.6e-05
04013104212,0.000252
04013104214,0.000191
04013104215,1.3e-05
04013104216,0.000505
04013104217,5e-06
04013104218,0.000309
04013104219,0.000159
04013104221,0.000446
04013104222,0.000133
04013104223,0.000252
04013104224,9.4e-05
04013104225,0.001076
04013104226,0.000729
04013104227,0.000129
04013104301,5.6e-05
04013104302,4.9e-05
04013104401,0.000484
04013104402,0.001862
04013104501,0.000202
04013104502,2.8e-05
04013104600,0.000126
04013104701,0.000377
04013104702,0.000262
04013104801,6e-06
04013104802,0.0
04013104900,4e-06
04013105002,0.000588
04013105003,0.000409
04013105004,0.000336
04013105101,5e-05
04013105102,0.000106
04013105103,0.000226
04013105200,0.000459
04013105300,0.00019
04013105400,0.000162
04013105501,0.00033
04013105502,0.001339
04013105503,0.0
04013105601,5.6e-05
04013105602,0.0
04013105701,0.000229
04013105702,0.000147
04013105800,2.9e-05
04013105900,0.000459
04013106001,8.3e-05
04013106002,0.000121
04013106003,0.00021
04013106100,0.000925
04013106200,5.1e-05
04013106300,0.000151
04013106400,4.5e-05
04013106501,0.0004
04013106502,7.3e-05
04013106600,0.000527
04013106701,0.000355
04013106702,0.00015
04013106703,0.007437
04013106801,0.00121
04013106802,4.9e-05
04013106900,0.000302
04013107001,8.9e-05
04013107002,0.000381
04013107101,0.000173
04013107102,0.00021
04013107201,0.366786
04013107202,4.7e-05
04013107300,0.000117
04013107401,0.000231
04013107402,0.000228
04013107403,0.000751
04013107404,0.000785
04013107500,1.5e-05
04013107601,0.000649
04013107602,2e-06
04013107700,0.000712
04013107800,0.000687
04013107900,0.00022
04013108000,0.000539
04013108100,0.000757
04013108200,0.000353
04013108301,0.000441
04013108302,0.000597
04013108400,0.000542
04013108501,3.9e-05
04013108502,0.001696
04013108601,0.000236
04013108602,0.001378
04013108802,0.000241
04013108901,4.5e-05
04013108902,2.2e-05
04013109001,0.000491
04013109002,8.5e-05
04013109003,1.3e-05
04013109101,8.1e-05
04013109102,4.2e-05
04013109200,0.00254
04013109300,0.00026
04013109401,5.9e-05
04013109402,0.000406
04013109500,0.000423
04013109601,0.000268
04013109602,0.000308
04013109603,0.000211
04013109604,0.000186
04013109702,0.000107
04013109703,6.9e-05
04013109704,0.000161
04013109705,1.7e-05
04013109706,1e-05
04013109707,0.000461
04013109801,0.000224
04013109802,4.3e-05
04013109900,7.1e-05
04013110001,0.00031
04013110002,0.000271
04013110100,0.000898
04013110400,0.0
04013110501,0.001062
04013110502,0.000121
04013110600,0.00028
04013110701,0.000146
04013110702,5e-05
04013110801,0.000106
04013110802,2.8e-05
04013110901,0.000238
04013110902,0.00022
04013111000,0.000816
04013111100,0.000128
04013111201,0.000107
04013111202,0.000397
04013111203,0.009859
04013111204,1e-05
04013111300,0.000116
04013111401,0.000214
04013111402,0.000166
04013111501,0.0
04013111502,3.3e-05
04013111601,0.0
04013111602,0.000479
04013111700,0.0
04013111800,3e-05
04013111900,2.2e-05
04013112100,0.000168
04013112201,1e-06
04013112202,9.9e-05
04013112301,5e-05
04013112302,0.00015
04013112401,8.3e-05
04013112402,7.8e-05
04013112502,0.00021
04013112504,0.00032
04013112507,0.000286
04013112508,2.8e-05
04013112510,5.3e-05
04013112512,0.026247
04013112514,0.000174
04013112515,0.0
04013112516,0.000867
04013112517,0.000136
04013112518,0.0
04013112519,0.000186
04013112520,5.5e-05
04013112521,0.000439
04013112522,0.001071
04013112523,0.000218
04013112524,0.000145
04013112601,8e-06
04013112602,0.001098
04013112700,0.000129
04013112900,0.000123
04013113000,5.6e-05
04013113100,0.001072
04013113201,0.000102
04013113202,0.000105
04013113204,0.0
04013113301,0.00182
04013113502,0.000859
04013113503,6e-06
04013113601,6e-06
04013113602,8.1e-05
04013113701,0.001108
04013113702,0.000259
04013113800,0.047768
04013113900,0.010279
04013114000,0.004633
04013114100,0.095924
04013114200,0.001161
04013114301,3.5e-05
04013114302,0.000679
04013114401,0.000173
04013114402,0.000161
04013114500,0.001658
04013114600,0.000717
04013114704,0.00735
04013114705,0.347122
04013114800,0.000585
04013114900,0.000223
04013115200,0.010206
04013115300,0.000737
04013115400,0.001792
04013115500,0.000397
04013115600,0.0
04013115700,0.000179
04013115801,0.000583
04013115802,0.0
04013115900,0.000251
04013116000,5.7e-05
04013116100,7.8e-05
04013116202,0.000153
04013116203,0.000135
04013116204,0.000178
04013116205,0.000232
04013116300,0.000275
04013116400,0.0
04013116500,7.6e-05
04013116605,0.000227
04013116606,7.4e-05
04013116607,0.000211
04013116610,2.1e-05
04013116611,0.0
04013116612,1.5e-05
04013116614,0.000316
04013116615,0.000112
04013116616,0.0
04013116617,7.3e-05
04013116618,0.0
04013116619,0.0
04013116620,8.8e-05
04013116621,0.0
04013116703,0.0
04013116707,0.000681
04013116708,0.0
04013116709,0.001982
04013116710,0.000437
04013116711,0.0026
04013116712,0.000424
04013116713,0.00032
04013116714,0.001371
04013116715,0.00074
04013116717,0.000775
04013116718,0.002169
04013116719,0.000372
04013116720,0.000432
04013116721,0.000345
04013116725,0.000215
04013116727,0.0
04013116728,4.5e-05
04013116729,0.000203
04013116730,3e-06
04013116731,1.9e-05
04013116732,0.000168
04013116733,0.0
04013116734,7.5e-05
04013116735,0.000565
04013116736,0.00048
04013116737,0.000309
04013116738,8.6e-05
04013116800,0.000461
04013116900,0.012269
04013117000,1.7e-05
04013117100,5.5e-05
04013117200,0.011133
04013117300,0.017201
04013216806,0.000221
04013216807,0.000348
04013216809,0.000134
04013216810,0.006473
04013216813,0.000353
04013216816,0.00061
04013216819,0.000362
04013216820,0.000426
04013216821,9.8e-05
04013216822,0.000166
04013216826,0.000349
04013216829,6e-05
04013216830,0.000366
04013216831,3.2e-05
04013216832,9.3e-05
04013216833,0.000228
04013216834,0.000119
04013216835,0.000478
04013216836,0.000854
04013216837,0.000556
04013216838,0.000437
04013216839,0.000193
04013216840,8e-06
04013216841,0.000146
04013216842,0.000214
04013216843,4.3e-05
04013216844,0.000752
04013216845,0.011605
04013216849,0.000221
04013216850,0.000428
04013216851,1.5e-05
04013216852,0.001257
04013216853,0.000625
04013216854,0.000272
04013216855,0.00039
04013216856,0.000317
04013216857,0.000612
04013216858,7.2e-05
04013216859,4.5e-05
04013216860,0.091166
04013216861,0.000242
04013216901,0.0
04013216902,0.000151
04013217001,0.000475
04013217002,7.5e-05
04013217101,0.000182
04013217102,0.000396
04013217201,0.031533
04013217203,0.001694
04013217204,0.000156
04013217300,0.000294
04013217400,0.00214
04013217501,0.000155
04013217502,0.002272
04013217600,0.000955
04013217700,8.8e-05
04013217800,9.4e-05
04013217900,0.000127
04013218000,0.001761
04013218100,0.001593
04013218200,8.6e-05
04013218300,0.000166
04013318400,0.00132
04013318501,0.000756
04013318700,0.010218
04013318800,0.000247
04013318900,9.9e-05
04013319001,0.013273
04013319002,0.00032
04013319101,0.021808
04013319103,0.000813
04013319104,0.001096
04013319201,0.000967
04013319202,0.004313
04013319300,0.000294
04013319401,0.000285
04013319402,0.000357
04013319403,0.000175
04013319404,0.000375
04013319500,0.000191
04013319600,0.000172
04013319705,0.000339
04013319706,6.2e-05
04013319707,0.000345
04013319708,0.000102
04013319709,0.001564
04013319710,0.000329
04013319801,0.000118
04013319802,0.000345
04013319902,0.001021
04013319903,9.4e-05
04013319904,0.000514
04013319905,0.000338
04013319906,0.000911
04013319907,0.001447
04013319908,0.003832
04013319909,0.002802
04013319910,0.00026
04013320001,0.006499
04013320002,0.000863
04013320007,0.000967
04013320100,6.1e-05
04013420104,5.8e-05
04013420105,4.8e-05
04013420107,0.000116
04013420108,0.00037
04013420109,0.000178
04013420110,0.000422
04013420111,0.000256
04013420112,0.000347
04013420113,0.002309
04013420114,6.3e-05
04013420115,0.000266
04013420116,3.3e-05
04013420202,0.000208
04013420206,0.000202
04013420207,0.00016
04013420208,3.6e-05
04013420209,0.0
04013420210,0.000428
04013420211,4e-05
04013420212,0.000185
04013420213,0.000352
04013420214,0.000179
04013420215,0.00103
04013420216,0.000453
04013420301,0.000535
04013420302,0.0
04013420303,0.000117
04013420304,0.000738
04013420401,0.000609
04013420402,0.00018
04013420503,0.001449
04013420504,4.8e-05
04013420505,9.5e-05
04013420506,0.000653
04013420602,0.000294
04013420603,0.000793
04013420604,0.000463
04013420704,0.000479
04013420705,0.000669
04013420706,0.000454
04013420707,0.000532
04013420708,0.000156
04013420709,0.000316
04013420710,0.000339
04013420800,0.00061
04013420901,0.000507
04013420902,0.0
04013421001,0.000492
04013421002,0.006509
04013421101,0.002051
04013421102,0.001818
04013421201,0.001009
04013421202,0.007516
04013421302,0.002756
04013421303,0.000487
04013421304,0.000324
04013421400,0.000302
04013421501,0.000152
04013421502,2e-06
04013421601,0.00027
04013421602,8e-06
04013421701,0.001735
04013421702,3.3e-05
04013421801,0.000185
04013421802,0.000471
04013421901,0.000166
04013421902,0.000171
04013422001,0.000926
04013422002,0.000541
04013422102,0.00373
04013422103,0.000625
04013422104,5.8e-05
04013422105,0.001559
04013422106,0.092625
04013422107,0.108271
04013422203,0.002654
04013422209,0.0002
04013422210,0.000458
04013422211,3.5e-05
04013422212,0.000329
04013422213,0.000191
04013422215,0.000646
04013422216,0.000392
04013422217,0.000308
04013422218,0.000791
04013422219,0.000603
04013422220,7.2e-05
04013422221,0.003096
04013422222,0.000429
04013422223,0.008619
04013422224,0.000638
04013422225,0.0
04013422226,0.125807
04013422227,0.000169
04013422301,0.00057
04013422302,0.001076
04013422304,0.000231
04013422305,0.000121
04013422307,0.002585
04013422308,0.000185
04013422309,0.000391
04013422401,0.000802
04013422402,8.1e-05
04013422403,0.00037
04013422404,0.000118
04013422501,0.000187
04013422502,0.001287
04013422503,0.000723
04013422504,0.00061
04013422506,0.000197
04013422507,1e-06
04013422508,4.8e-05
04013422509,7.6e-05
04013422510,0.000509
04013422511,0.000339
04013422512,5.2e-05
04013422513,8.2e-05
04013422514,0.000359
04013422607,0.000173
04013422609,0.000227
04013422610,0.000308
04013422615,0.000896
04013422617,0.0
04013422618,4.6e-05
04013422620,0.0
04013422621,0.000128
04013422622,0.000293
04013422623,0.000227
04013422624,0.000136
04013422625,0.000137
04013422626,0.000313
04013422627,0.000348
04013422628,0.001027
04013422629,0.000218
04013422630,0.000341
04013422632,9.9e-05
04013422633,0.002351
04013422634,0.000168
04013422636,0.003341
04013422637,0.000386
04013422638,0.003071
04013422639,0.000226
04013422640,9.6e-05
04013422642,0.000221
04013422643,0.000157
04013422647,1.3e-05
04013422648,0.000496
04013422649,0.000176
04013422650,0.000247
04013422651,0.000555
04013422652,0.000277
04013422653,0.000202
04013422654,0.00015
04013422655,0.000435
04013422656,0.00029
04013422657,0.000214
04013422658,0.000459
04013422659,0.000453
04013422660,0.000339
04013522801,0.427325
04013522802,0.0
04013522901,3.4e-05
04013522903,0.000307
04013522904,0.00024
04013523002,0.000153
04013523005,0.000561
04013523006,0.000143
04013523007,0.000106
04013523008,0.000327
04013523102,0.00018
04013523103,0.000342
04013523104,0.00091
04013610001,4e-06
04013610002,0.0
04013610100,0.0
04013610201,1.5e-05
04013610202,3.9e-05
04013610301,0.000229
04013610302,0.000769
04013610400,2.5e-05
04013610500,5.2e-05
04013610600,4e-05
04013610700,0.0
04013610800,0.0
04013610901,0.0
04013610902,0.0
04013610903,0.000143
04013611000,7e-05
04013611100,7.2e-05
04013611200,9.5e-05
04013611300,0.0
04013611400,8.1e-05
04013611500,9.7e-05
04013611600,0.000417
04013611700,0.000215
04013611800,5.9e-05
04013611900,3.2e-05
04013612000,0.0
04013612200,8.4e-05
04013612301,0.0
04013612302,0.0
04013612401,0.000278
04013612402,0.0
04013612500,0.000678
04013612600,0.000353
04013612700,0.000208
04013612800,0.000412
04013612900,0.000436
04013613000,0.000292
04013613100,6e-05
04013613200,0.000389
04013613300,0.00059
04013613400,0.00029
04013613500,0.0
04013613601,0.000359
04013613602,0.0
04013613700,3.9e-05
04013613800,0.000128
04013613900,3.7e-05
04013614000,0.000108
04013614100,0.000536
04013614200,0.000102
04013614300,3.8e-05
04013614400,0.000124
04013614500,2.2e-05
04013614601,0.000156
04013614602,0.001256
04013614700,0.0
04013614800,7.1e-05
04013614900,0.0001
04013615001,0.0
04013615002,0.000246
04013615100,0.000272
04013615201,0.0
04013615202,0.000342
04013615300,1.7e-05
04013615400,6e-05
04013615500,0.00018
04013615600,0.00059
04013615700,5.4e-05
04013615800,0.000282
04013615900,0.000499
04013616000,0.000369
04013616100,0.000361
04013616200,8.1e-05
04013616300,0.000105
04013616400,0.002011
04013616500,2.9e-05
04013616600,6.2e-05
04013616700,0.00041
04013616800,0.000194
04013616900,0.000392
04013617001,3.4e-05
04013617002,6.2e-05
04013617100,5e-05
04013617200,0.00011
04013617300,0.000201
04013617400,0.00043
04013617500,0.000374
04013617600,0.00104
04013617700,0.000206
04013617800,6.8e-05
04013617900,4e-06
04013618000,3.7e-05
04013618100,0.000872
04013618200,3.3e-05
04013618300,0.000456
04013618400,3.2e-05
04013618500,0.001653
04013618600,0.000129
04013618700,5.1e-05
04013618800,0.00038
04013618900,0.000426
04013619000,0.000141
04013619100,0.000641
04013619200,0.00095
04013619300,0.000169
04013619400,0.00017
04013619500,0.000201
04013619601,0.014699
04013619602,0.00013
04013619700,4.1e-05
04013619800,5.1e-05
04013619900,0.0
04013723304,4.2e-05
04013723305,0.013877
04013723306,0.000474
04013723307,0.0
04013723309,0.0
04013723310,9.3e-05
04013723311,0.0
04013810000,0.000668
04013810100,0.000177
04013810200,0.000746
04013810300,6.8e-05
04013810400,0.000544
04013810500,0.000248
04013810600,0.000237
04013810700,0.00026
04013810800,0.000299
04013810900,0.000273
04013811000,0.000762
04013811100,0.0001
04013811200,0.002508
04013811300,5.5e-05
04013811400,0.000112
04013811500,3.6e-05
04013811600,0.000259
04013811700,0.000227
04013811800,0.000345
04013811900,0.00032
04013812000,0.001098
04013812100,0.000396
04013812200,0.000422
04013812300,0.000163
04013812400,0.000241
04013812500,4.8e-05
04013812600,0.000476
04013812700,0.00023
04013812801,0.000293
04013812802,1e-06
04013812900,0.000119
04013813000,0.000201
04013813100,1.2e-05
04013813200,9e-06
04013813300,0.000177
04013813400,3.4e-05
04013813500,0.000374
04013813600,0.0006
04013813700,0.000106
04013813800,0.000249
04013813900,2.7e-05
04013814000,0.000146
04013814100,0.000127
04013814200,0.000112
04013814300,0.000272
04013814400,0.000202
04013814500,0.000205
04013814600,0.000219
04013814700,7.6e-05
04013814801,0.000101
04013814802,0.000135
04013814900,0.000421
04013815000,0.000106
04013815100,2.9e-05
04013815201,5.6e-05
04013815202,3.2e-05
04013815203,0.00036
04013815300,0.000174
04013815401,1.5e-05
04013815402,4.8e-05
04013815501,0.000303
04013815502,9.2e-05
04013815601,1.2e-05
04013815602,0.000164
04013815700,0.000242
04013815800,0.000252
04013815901,0.000134
04013815902,0.000327
04013816001,0.000372
04013816002,0.000322
04013816003,0.001197
04013816004,0.000277
04013816005,0.00059
04013816100,0.000322
04013816200,0.000269
04013816301,8e-06
04013816302,0.000272
04013816401,0.000686
04013816402,0.000134
04013816501,0.000748
04013816502,0.00126
04013816600,2.7e-05
04013816700,0.000433
04013816800,0.000298
04013816901,8.8e-05
04013816902,0.000633
04013816903,1.5e-05
04013816904,0.0
04013817000,0.001163
04013817101,0.00015
04013817102,0.000125
04013817103,0.000225
04013817200,0.000991
04013817300,0.000136
04013817400,2.8e-05
04013817500,9.8e-05
04013817600,0.0
04013940700,0.000662
04013941000,0.001989
04013941100,0.040432
04013941200,0.003163
04013941300,0.0125
04013980100,0.001942
04013980400,0.014434
04013980500,0.007255
04013980700,0.0
04013980900,0.000557
04013981000,0.010183
04015954801,8.8e-05
04015954802,0.0
04017940014,0.000452
04017940015,0.0
04017940100,0.000147
04017940301,0.000303
04017940302,0.0
04017960100,0.000818
04017960200,0.000299
04017960400,0.000175
04017960500,0.0
04017960600,8.2e-05
04017961300,4.3e-05
04017961701,3.5e-05
04017961702,0.0
04017962501,0.000106
04017962502,0.001348
04017963300,0.0
04017963400,0.000227
04017963700,0.0
04017963800,2e-06
04017964201,0.0
04017964202,0.0
04017964801,0.0
04017964802,0.0
04017964901,0.000246
04017964902,0.000152
04017965201,0.0
04017965202,7.8e-05
04017965301,0.000198
04017965302,6e-05
04019000100,0.121983
04019000200,0.0
04019000300,0.0
04019000401,0.0
04019000402,2.4e-05
04019000501,1.1e-05
04019000502,0.000304
04019000600,0.0
04019000700,3.7e-05
04019000800,0.0002
04019001100,0.0
04019001200,0.0
04019001302,0.000203
04019001303,0.0
04019001304,0.0
04019001400,3e-05
04019001500,0.0
04019001600,0.0
04019001700,0.0
04019001801,1.1e-05
04019001802,0.0
04019001900,2.4e-05
04019002000,0.0
04019002100,0.0
04019002201,2e-06
04019002202,5.4e-05
04019002300,0.0
04019002400,0.0
04019002503,0.000425
04019002504,0.000487
04019002505,1.7e-05
04019002507,0.000259
04019002508,0.000315
04019002509,1e-06
04019002602,0.0
04019002603,5.1e-05
04019002604,0.000462
04019002702,1.4e-05
04019002703,1.4e-05
04019002704,0.00011
04019002801,0.000371
04019002802,0.000101
04019002803,3.8e-05
04019002901,0.0
04019002904,3.1e-05
04019002905,0.000205
04019002906,7.9e-05
04019003002,3e-06
04019003003,0.0
04019003004,0.000119
04019003102,0.0
04019003103,7e-06
04019003104,5.5e-05
04019003201,0.0
04019003202,7e-06
04019003302,0.000205
04019003303,1.9e-05
04019003304,0.0
04019003400,0.0
04019003502,0.0
04019003503,0.0
04019003504,0.0
04019003505,0.0
04019003506,0.0
04019003601,0.001781
04019003702,9.2e-05
04019003704,2.3e-05
04019003705,2.5e-05
04019003706,0.0001
04019003707,0.000188
04019003801,4e-06
04019003802,0.0
04019003901,0.000267
04019003902,7.3e-05
04019003903,2e-06
04019004008,0.0
04019004010,0.000153
04019004026,5.8e-05
04019004029,0.0
04019004030,0.000106
04019004031,1.8e-05
04019004032,0.00019
04019004033,0.0
04019004034,5e-06
04019004035,2.2e-05
04019004036,0.0
04019004037,0.000179
04019004038,0.0
04019004039,0.000574
04019004042,7.3e-05
04019004043,0.000175
04019004044,0.0
04019004046,0.00018
04019004047,3e-05
04019004048,0.000236
04019004049,0.000596
04019004050,0.0
04019004051,4.8e-05
04019004052,0.0
04019004053,3e-06
04019004054,0.000173
04019004055,3.3e-05
04019004056,0.0
04019004057,2.8e-05
04019004058,0.0
04019004061,7.5e-05
04019004062,0.000182
04019004063,0.0
04019004065,0.000386
04019004066,7.7e-05
04019004067,0.0002
04019004068,0.001046
04019004069,2.2e-05
04019004070,0.000176
04019004071,0.000111
04019004072,0.00014
04019004073,3.4e-05
04019004074,0.000124
04019004075,0.0
04019004076,0.0
04019004077,0.0
04019004078,2e-06
04019004079,0.000422
04019004080,0.000224
04019004081,0.0
04019004082,0.000276
04019004109,0.000401
04019004110,0.000152
04019004112,0.0
04019004114,0.0031
04019004115,0.001409
04019004116,0.000665
04019004117,0.001298
04019004118,2.5e-05
04019004122,0.000125
04019004126,0.000498
04019004127,0.000337
04019004128,0.000463
04019004129,9.3e-05
04019004130,4e-06
04019004131,0.000856
04019004132,0.000368
04019004133,0.000405
04019004307,0.001246
04019004310,0.00029
04019004311,1.8e-05
04019004312,1.7e-05
04019004313,0.000122
04019004316,0.0
04019004317,0.0
04019004320,4.6e-05
04019004321,0.000172
04019004322,0.000269
04019004323,0.298169
04019004324,5.2e-05
04019004325,0.00017
04019004326,0.000805
04019004327,0.0
04019004328,0.0
04019004330,0.0
04019004332,0.0
04019004333,3.8e-05
04019004335,0.006774
04019004336,0.142061
04019004337,6.3e-05
04019004338,0.0
04019004339,0.000533
04019004340,0.000159
04019004404,0.00091
04019004407,5.5e-05
04019004412,0.004341
04019004413,6.5e-05
04019004414,7.8e-05
04019004415,1.1e-05
04019004418,0.001522
04019004419,0.000121
04019004422,1.9e-05
04019004423,2.9e-05
04019004424,8e-06
04019004425,2.6e-05
04019004426,0.000677
04019004428,0.000104
04019004430,0.000541
04019004431,0.00016
04019004432,0.000288
04019004433,0.000104
04019004434,0.000127
04019004435,7e-05
04019004436,4.3e-05
04019004437,0.000238
04019004438,5.5e-05
04019004439,3.4e-05
04019004440,0.000142
04019004505,8.1e-05
04019004506,0.000668
04019004508,0.000354
04019004510,0.000737
04019004511,0.000232
04019004512,0.000817
04019004513,0.000843
04019004514,0.000796
04019004515,0.000887
04019004610,5.7e-05
04019004613,5.1e-05
04019004614,0.000125
04019004615,0.000412
04019004616,0.000213
04019004617,0.000601
04019004618,0.0
04019004619,0.0
04019004620,3.5e-05
04019004621,1.2e-05
04019004622,3e-06
04019004623,0.007508
04019004624,8.7e-05
04019004625,0.0
04019004626,2.9e-05
04019004627,2.6e-05
04019004628,2.4e-05
04019004630,0.006243
04019004631,0.340969
04019004632,0.004285
04019004633,0.0
04019004634,0.0
04019004635,0.000195
04019004636,0.000584
04019004639,0.000266
04019004640,7.1e-05
04019004641,0.000269
04019004642,0.000524
04019004643,0.000314
04019004644,0.002199
04019004645,0.000333
04019004646,0.000814
04019004647,0.000716
04019004648,0.000268
04019004649,0.000686
04019004650,0.00061
04019004710,8.8e-05
04019004711,0.00021
04019004712,7e-05
04019004713,0.000299
04019004714,0.000291
04019004715,0.000332
04019004717,0.000197
04019004718,0.000513
04019004720,0.000113
04019004721,0.000413
04019004722,0.000222
04019004723,9.4e-05
04019004724,0.000495
04019004725,0.0
04019004726,1.5e-05
04019004727,0.003792
04019004728,5e-06
04019004729,0.000646
04019004730,0.000183
04019005200,0.0
04019005300,6.4e-05
04019005400,1.5e-05
04019940800,0.0
04019940900,0.000378
04019941000,0.000232
04019941100,0.0
04019980001,0.009946
04019980002,0.020349
04019980100,0.005733
04019980200,0.001264
04019980300,0.12571
04019980400,0.273157
04021000201,7.1e-05
04021000204,1.1e-05
04021000206,0.000334
04021000208,0.000437
04021000211,0.000238
04021000212,9.4e-05
04021000215,0.002044
04021000216,0.000112
04021000217,0.000729
04021000218,2.7e-05
04021000219,9.6e-05
04021000220,8.8e-05
04021000221,3.9e-05
04021000222,3.7e-05
04021000223,5.5e-05
04021000224,0.000157
04021000225,7.2e-05
04021000226,0.000214
04021000227,0.00036
04021000228,0.000252
04021000229,0.000222
04021000307,0.003606
04021000309,0.0
04021000310,0.000655
04021000311,0.000616
04021000312,2e-05
04021000313,0.000104
04021000315,0.000193
04021000316,0.00013
04021000317,0.000755
04021000319,1.6e-05
04021000320,1.9e-05
04021000321,0.0
04021000322,0.000398
04021000323,0.000453
04021000324,0.0
04021000325,0.000271
04021000400,0.000124
04021000603,0.000234
04021000604,0.000196
04021000700,3e-05
04021000802,0.000168
04021000804,0.000387
04021000805,8.7e-05
04021000806,2e-05
04021000807,0.000627
04021000808,1.5e-05
04021000902,0.00035
04021000903,0.002385
04021000904,0.000444
04021001000,0.000484
04021001100,0.000383
04021001200,0.001191
04021001303,0.000186
04021001305,0.000428
04021001306,0.000588
04021001307,4e-05
04021001308,0.000404
04021001309,0.000267
04021001310,9.3e-05
04021001403,0.000479
04021001404,0.000329
04021001405,0.000396
04021001406,0.00182
04021001407,0.000643
04021001408,0.000321
04021001500,0.001037
04021001600,0.002681
04021001701,0.055019
04021001704,1.6e-05
04021001705,0.000191
04021001706,4e-05
04021001707,0.0
04021001709,0.0
04021001712,0.000149
04021001713,5e-05
04021001714,0.0
04021001715,0.000191
04021001716,0.000178
04021001717,0.0
04021001900,2.1e-05
04021002001,8e-06
04021002004,0.0
04021002005,0.001928
04021002104,0.00043
04021002105,0.00012
04021002106,0.001579
04021002107,0.000522
04021002200,2.4e-05
04021002300,0.000243
04021002400,4e-05
04021941200,0.002792
04021941300,0.001077
04021941401,0.003856
04021941402,0.006737
04023966000,0.0
04023966101,0.0
04023966103,0.0
04023966106,0.0
04023966107,0.0
04023966108,0.0
04023966109,0.0
04023966110,0.0
04023966111,0.0
04023966200,0.0
04023966301,0.0
04023966302,0.0
04023966401,0.0
04023966402,0.0
04025000205,0.0
04025000206,0.0
04025000207,0.0
04025000208,0.0
04025000209,0.0
04025000210,0.0
04025000211,0.0
04025000301,0.0
04025000302,0.0
04025000403,0.0
04025000404,1.4e-05
04025000405,0.0
04025000406,0.0
04025000407,0.0
04025000501,0.0
04025000502,0.0
04025000604,0.0
04025000608,0.0
04025000609,0.0
04025000611,0.0
04025000612,0.0
04025000613,0.0
04025000614,0.0
04025000615,0.0
04025000616,0.0
04025000617,0.0
04025000618,0.0
04025000619,0.0
04025000701,0.0
04025000702,0.0
04025000802,0.0
04025000803,0.0
04025000804,0.0
04025000901,0.0
04025000902,0.0
04025001002,0.0
04025001003,0.0
04025001004,0.0
04025001103,0.0
04025001104,0.0
04025001105,0.0
04025001106,0.0
04025001201,0.0
04025001202,0.0
04025001300,0.0
04025001401,0.0
04025001402,0.0
04025001403,0.0
04025001501,0.0
04025001502,0.0
04025001601,0.0
04025001602,0.0
04025001604,0.0
04025001605,0.0
04025001701,0.0
04025001703,0.0
04025001704,0.0
04025001705,0.0
04025001801,0.0
04025001803,0.0
04025001804,0.0
04025001901,0.0
04025001902,0.0
04025001903,0.0
04025001904,0.0
04025002001,0.0
04025002002,0.0
04025002003,0.0
04025002005,0.0
04025002006,0.0
04025002007,0.0
04025002100,0.0
04027012100,0.00853
04027980003,0.0
04027980004,0.0
35023970000,0.000145
06007000102,3.7e-05
06007000103,0.0
06007000104,0.000147
06007000201,7e-06
06007000202,0.000397
06007000300,0.000483
06007000401,0.0
06007000403,0.000486
06007000404,0.0
06007000501,5.6e-05
06007000502,1.1e-05
06007000601,0.000154
06007000603,0.0
06007000604,0.000321
06007000700,8.9e-05
06007000800,0.000334
06007000901,1e-05
06007000903,5e-05
06007000904,0.000563
06007001000,0.000199
06007001100,0.0
06007001200,1.4e-05
06007001300,2.1e-05
06007001400,3e-06
06007001500,0.0
06007001601,0.0
06007001602,0.0
06007001702,0.0
06007001703,0.0
06007001704,0.0
06007001800,0.198652
06007001900,0.128088
06007002000,0.142173
06007002100,0.174096
06007002200,0.063722
06007002300,0.085318
06007002401,0.00051
06007002402,0.000175
06007002500,0.0
06007002601,0.0
06007002602,6.2e-05
06007002700,5.2e-05
06007002800,0.000514
06007002900,0.0
06007003001,8e-06
06007003002,1e-05
06007003100,3.2e-05
06007003200,0.0
06007003300,0.0
06007003400,0.0
06007003501,0.0
06007003502,1.6e-05
06007003600,6.4e-05
06007003700,0.0
06011000100,5e-06
06011000200,2.1e-05
06011000301,5.7e-05
06011000302,0.001489
06011000400,0.001048
06011000500,0.0
06015000202,8.1e-05
06017030601,4.3e-05
06017030603,2.6e-05
06017030604,2.6e-05
06017030605,0.000304
06017030606,5.7e-05
06017030701,4.1e-05
06017030706,0.0
06017030709,0.0
06017030710,0.0
06017030801,0.0
06017030901,0.000128
06017030902,0.00014
06017031000,4.4e-05
06017031100,5e-05
06017031700,1.4e-05
06021010101,0.000229
06021010102,0.000338
06021010200,0.000115
06021010300,0.001647
06021010401,0.000193
06021010402,0.00036
06021010501,0.001734
06021010502,0.010788
06023001200,0.000547
06023010102,0.0
06023010902,0.000157
06023011600,0.000268
06023940000,0.000848
06033000100,0.003147
06033000300,0.00037
06033000401,0.000444
06033000402,6e-06
06033000501,0.015672
06033000502,0.00941
06033000601,0.014784
06033000602,0.010464
06033000702,0.000868
06033000703,0.000969
06033000704,0.027345
06033000801,0.00103
06033000802,0.000831
06033000901,0.001461
06033000902,0.002932
06033001000,0.000832
06033001101,0.015334
06033001102,0.059647
06033001200,0.005156
06033001301,0.000339
06033001302,0.001029
06035040100,0.0
06035040200,1.7e-05
06035040302,2e-06
06035040303,0.000155
06035040304,4.6e-05
06035040305,0.000357
06035040400,0.000427
06035040500,5e-06
06035040600,0.000748
06045010100,0.0
06045010200,0.0
06045010601,0.0
06045010602,0.0
06045010801,0.0
06045010802,0.0
06045011700,0.0
06045011800,0.0
06049000100,0.000146
06049000200,0.003708
06049000300,8e-06
06055201800,0.0
06057000102,7.9e-05
06057000104,0.0
06057000105,0.0
06057000106,1.3e-05
06057000107,0.0
06057000200,0.0
06057000300,0.0
06057000401,0.0
06057000403,0.0
06057000404,0.0
06057000502,2.5e-05
06057000503,0.0
06057000504,0.0
06057000601,0.000263
06057000602,0.0
06057000701,0.000122
06057000702,0.0
06057000801,0.0
06057000802,0.0
06057000900,0.0
06061020200,0.004077
06061020300,0.000243
06061020401,0.000344
06061020402,0.000136
06061020501,0.0
06061020502,0.000163
06061020601,7.9e-05
06061020604,0.000261
06061020605,1.6e-05
06061020606,4.9e-05
06061020607,0.0
06061020608,0.0
06061020710,0.000226
06061020711,0.003459
06061020712,0.00035
06061020713,0.000343
06061020714,0.000111
06061020715,0.000127
06061020717,0.000116
06061020805,0.000242
06061020806,3.7e-05
06061020901,0.000137
06061020908,0.000254
06061021003,0.000317
06061021034,0.001258
06061021037,0.000471
06061021038,0.000582
06061021039,0.000142
06061021040,2.1e-05
06061021043,0.0
06061021044,7.7e-05
06061021045,0.000607
06061021046,0.000949
06061021047,0.000128
06061021048,0.000582
06061021103,0.0
06061021106,0.000161
06061021108,0.000397
06061021109,0.0
06061021122,4.6e-05
06061021123,1.1e-05
06061021128,0.013199
06061021129,0.023443
06061021130,0.06337
06061021131,0.001153
06061021203,7.6e-05
06061021204,0.0
06061021304,0.0
06061021323,0.0
06061021324,0.0
06061021325,0.000163
06061021326,0.0
06061021327,0.0
06061021328,0.0
06061021401,0.0
06061021403,0.0
06061021501,5.2e-05
06061021502,0.000111
06061021603,4.8e-05
06061021604,0.0
06061021801,0.002415
06061021802,4.3e-05
06061021901,0.0
06061021902,0.0
06061022002,0.000183
06061022013,0.000124
06061022014,0.0
06061022400,0.000698
06061022500,0.0
06061022600,0.000701
06061022800,0.004046
06061022900,0.001459
06061023000,0.000389
06061023100,0.000109
06061023200,0.000253
06061023300,0.0
06061023400,0.0
06061023501,3.3e-05
06061023502,0.0
06061023600,0.000181
06061023700,0.006876
06061023800,1.6e-05
06061023900,0.0
06063000100,0.003329
06063000201,0.000353
06063000202,0.0
06063000300,0.002392
06063000400,0.004512
06063000501,0.000699
06063000502,0.00123
06067000100,0.000463
06067000200,0.0
06067000300,0.000113
06067000400,0.0
06067000501,0.0
06067000502,6e-06
06067000600,0.000141
06067000700,0.005624
06067000800,0.064254
06067001102,0.000205
06067001103,0.006864
06067001201,9e-06
06067001202,0.000191
06067001300,0.0
06067001400,0.000472
06067001500,6.7e-05
06067001601,0.000174
06067001602,0.0
06067001702,8.1e-05
06067001800,2.4e-05
06067001900,0.0
06067002000,0.0
06067002100,0.0
06067002200,0.0
06067002300,0.0
06067002400,0.0
06067002500,0.0
06067002600,0.0
06067002700,0.000267
06067005301,0.004779
06067005402,0.0018
06067005403,0.006241
06067005404,0.001279
06067005502,0.000434
06067005505,0.001091
06067005506,0.001188
06067005508,0.038366
06067005509,6e-06
06067005510,0.000743
06067005601,0.001166
06067005605,0.000889
06067005606,0.000758
06067005701,0.000532
06067005702,0.001019
06067005801,1.2e-05
06067005803,0.000141
06067005901,0.000404
06067005903,0.00219
06067005904,0.000418
06067006002,0.00024
06067006003,0.000426
06067006004,0.000354
06067006101,0.000757
06067006102,0.000483
06067006202,0.000497
06067006203,0.003043
06067006204,0.000601
06067006300,0.0
06067006400,5.4e-05
06067006501,0.000351
06067006502,2.2e-05
06067006600,1.8e-05
06067006703,7.2e-05
06067006704,5.3e-05
06067006705,8.4e-05
06067006706,9.8e-05
06067006801,0.001232
06067006802,6.9e-05
06067006803,0.000665
06067006901,0.0
06067006902,1.1e-05
06067007001,0.00013
06067007007,0.000177
06067007010,0.044388
06067007011,0.01038
06067007012,0.000719
06067007013,9.3e-05
06067007016,0.000191
06067007017,0.001965
06067007019,0.0
06067007020,0.0
06067007021,0.0
06067007022,0.01957
06067007023,0.000366
06067007024,0.000365
06067007025,0.000345
06067007026,9.5e-05
06067007027,1.7e-05
06067007028,0.0
06067007101,0.0
06067007103,0.000156
06067007105,0.000117
06067007106,0.000408
06067007107,3.1e-05
06067007108,0.0
06067007109,0.001079
06067007110,0.000526
06067007111,5.1e-05
06067007202,0.000114
06067007204,6e-06
06067007206,0.0
06067007207,0.0
06067007208,9e-06
06067007209,0.000101
06067007301,0.000409
06067007402,0.000312
06067007403,0.000163
06067007413,0.000744
06067007414,0.000377
06067007415,6.6e-05
06067007416,5.9e-05
06067007417,0.0
06067007422,9.6e-05
06067007423,0.050907
06067007424,0.000605
06067007426,0.000252
06067007427,0.000488
06067007428,0.000154
06067007429,0.000651
06067007430,0.000493
06067007431,0.000385
06067007432,0.000685
06067007434,6.7e-05
06067007435,0.000191
06067007436,0.000146
06067007437,0.000169
06067007438,0.003178
06067007439,0.0
06067007501,1.1e-05
06067007503,0.00021
06067007504,0.00042
06067007602,0.004006
06067007603,0.00017
06067007604,0.011215
06067007701,0.000197
06067007702,0.000435
06067007801,0.00022
06067007802,0.000238
06067007903,0.000522
06067007904,0.000212
06067007905,0.000277
06067007906,0.000374
06067008005,0.000141
06067008006,0.000959
06067008007,0.001617
06067008008,0.000494
06067008009,0.000253
06067008010,0.000106
06067008111,8e-05
06067008113,0.000604
06067008117,0.000232
06067008119,8e-06
06067008120,0.0
06067008122,0.0
06067008124,0.000109
06067008125,0.00033
06067008127,0.000282
06067008128,0.000296
06067008129,0.000282
06067008130,0.000128
06067008131,0.00025
06067008132,0.000106
06067008133,0.000841
06067008134,0.002289
06067008135,0.088135
06067008136,0.003886
06067008137,3.1e-05
06067008138,0.000374
06067008139,0.086557
06067008140,0.000226
06067008141,0.000129
06067008142,0.0
06067008143,8.3e-05
06067008144,0.000365
06067008145,0.000123
06067008203,0.000274
06067008204,0.000169
06067008206,0.00011
06067008207,0.000108
06067008208,0.000265
06067008209,0.00055
06067008210,0.000143
06067008211,0.0
06067008402,8e-05
06067008403,0.001856
06067008404,0.000225
06067008501,9e-05
06067008504,0.000348
06067008505,4.9e-05
06067008506,0.010425
06067008507,9.9e-05
06067008508,0.0
06067008509,0.000206
06067008510,0.000213
06067008512,0.0
06067008702,0.000265
06067008703,0.000259
06067008909,0.000129
06067008912,6.2e-05
06067008913,2.8e-05
06067988300,0.0
06089010100,0.0
06089010200,0.0
06089010300,1.7e-05
06089010400,0.0
06089010500,0.0
06089010601,1.9e-05
06089010602,2.3e-05
06089010603,0.108444
06089010702,0.0
06089010703,0.000325
06089010704,0.0
06089010803,1.3e-05
06089010804,3.4e-05
06089010805,7e-05
06089010806,0.0
06089010807,0.0
06089010900,0.0
06089011001,0.0
06089011002,0.0
06089011100,0.0
06089011209,0.000106
06089011300,0.0
06089011401,1.9e-05
06089011402,1.1e-05
06089011403,0.0
06089011501,0.0
06089011502,0.0
06089011600,0.0
06089011701,8e-06
06089011702,0.0
06089011703,0.0
06089011801,1e-06
06089011802,1.1e-05
06089011803,2.7e-05
06089011900,1.7e-05
06089012000,0.000377
06089012101,0.000185
06089012102,0.000142
06089012200,1.2e-05
06089012301,7e-06
06089012302,0.0
06089012303,0.000144
06089012400,0.004443
06089012500,0.001086
06089012603,0.00049
06089012604,0.000384
06089012605,0.000177
06089012606,0.000237
06089012701,0.000317
06089012702,0.000214
06091010000,0.000507
06093000300,0.0
06093000701,0.0
06093000800,0.0
06093000901,0.000194
06093000902,0.0
06093001001,9e-06
06093001002,0.0
06093001003,5.8e-05
06093001100,0.0
06093001200,6.5e-05
06093001300,0.001868
06097154100,0.0
06101050101,3.7e-05
06101050102,6.2e-05
06101050201,0.000215
06101050202,9.2e-05
06101050301,0.000494
06101050302,0.000217
06101050401,0.000931
06101050402,0.00014
06101050403,2.5e-05
06101050501,6.2e-05
06101050503,0.000142
06101050504,0.000134
06101050601,0.0
06101050603,0.000118
06101050604,0.00041
06101050701,0.0
06101050702,4e-06
06101050800,0.000143
06101050900,0.001323
06101051000,4.1e-05
06101051100,0.0
06103000100,0.000117
06103000201,0.000217
06103000202,1.5e-05
06103000300,0.0
06103000400,0.00026
06103000500,4.3e-05
06103000600,0.00019
06103000701,5e-05
06103000702,0.000382
06103000800,0.0
06103000900,0.000334
06103001000,0.000231
06103001101,4.8e-05
06103001102,0.000162
06105000101,0.000206
06105000102,0.000527
06105000200,0.000154
06105000500,4.6e-05
06113010102,0.000138
06113010103,0.000154
06113010104,0.000119
06113010105,6.4e-05
06113010201,0.000295
06113010203,9.2e-05
06113010204,0.000126
06113010313,5.4e-05
06113010315,2e-06
06113010401,0.0
06113010505,1.6e-05
06113010800,0.0
06113010901,1.4e-05
06113010902,0.0
06113011001,0.0
06113011002,3.5e-05
06113011101,0.0
06113011102,0.0
06113011103,0.0
06113011203,1.4e-05
06113011204,0.0
06113011207,0.0
06113011208,0.0
06113011209,3.7e-05
06113011210,0.0
06113011211,0.000203
06113011400,0.0
06113011500,0.0
06115040100,4.4e-05
06115040201,5.8e-05
06115040202,0.000265
06115040301,0.000442
06115040302,0.000244
06115040304,4.3e-05
06115040305,0.0
06115040400,0.00011
06115040500,0.000155
06115040600,2.3e-05
06115040701,0.0
06115040702,0.0
06115040800,0.0
06115040901,0.0
06115040902,2.5e-05
06115041001,1.3e-05
06115041002,0.0
06115041101,0.0
06115041102,0.0
48001950100,0.0
48001950401,0.000395
48001950402,0.108669
48001950500,6e-06
48001950600,0.000271
48001950700,6e-06
48001950800,0.000194
48001950901,0.000535
48001950902,0.000234
48001951001,0.000278
48001951002,0.000105
48001951100,0.001176
48005000102,0.000304
48005000104,0.001135
48007950101,2.4e-05
48007950102,0.028257
48007950103,0.005936
48007950200,0.005575
48007950301,0.011074
48007950302,0.002046
48007950400,0.006134
48007950501,0.000299
48007950502,0.0
48007950503,0.0
48009020200,0.00044
48009020300,2.8e-05
48013960101,0.000235
48013960102,0.000551
48013960203,0.000327
48013960204,0.0
48013960205,0.0
48013960206,3e-06
48013960300,0.000445
48013960401,0.006395
48013960403,0.0
48013960404,5.5e-05
48013960500,5.3e-05
48013960601,0.0
48013960602,0.014216
48015760100,0.0
48015760201,8.4e-05
48015760202,7.3e-05
48015760301,1.6e-05
48015760302,0.0
48015760400,8.8e-05
48015760501,0.0
48015760502,0.00011
48019000101,0.0
48019000103,0.0
48019000104,0.0
48019000200,0.0
48019000301,0.0
48019000302,0.0
48019000400,0.0
48021950101,0.0
48021950102,0.0
48021950201,0.0
48021950202,0.0
48021950301,0.0
48021950302,5.3e-05
48021950303,0.0
48021950401,0.0
48021950402,0.0
48021950403,0.0
48021950503,0.0
48021950504,0.0
48021950505,0.0
48021950506,0.0
48021950601,3e-05
48021950602,1.8e-05
48021950700,0.0
48021950803,0.0
48021950804,0.0
48021950805,0.0
48021950806,0.000145
48023950301,0.000144
48023950302,8.2e-05
48025950100,0.005076
48025950201,0.003175
48025950203,0.012059
48025950204,0.010825
48025950300,0.001019
48025950400,0.001146
48025950501,0.00189
48025950502,0.001837
48025950600,0.036729
48027020101,0.0
48027020102,0.000913
48027020201,0.0
48027020203,0.0
48027020204,0.0
48027020301,0.0
48027020302,0.0
48027020401,0.0
48027020402,0.0
48027020500,0.0
48027020600,0.0
48027020701,0.0
48027020702,0.0
48027020800,0.0
48027020900,0.0
48027021000,6e-06
48027021101,4.1e-05
48027021102,0.0
48027021201,2.2e-05
48027021202,6.4e-05
48027021203,5.5e-05
48027021301,2.5e-05
48027021302,4.7e-05
48027021304,0.0
48027021305,0.0
48027021400,0.0
48027021501,0.0
48027021502,0.0
48027021601,0.0
48027021602,0.0
48027021701,0.0
48027021702,0.0
48027021801,0.001833
48027021802,3e-06
48027021901,0.002256
48027021905,0.000333
48027021906,0.0
48027021907,0.000133
48027021908,7e-06
48027022001,0.010958
48027022002,2.7e-05
48027022101,0.000489
48027022103,0.000362
48027022104,0.000405
48027022105,0.000249
48027022200,0.000694
48027022300,0.003008
48027022401,0.00021
48027022402,0.0
48027022403,0.000305
48027022405,0.006651
48027022406,0.000913
48027022407,0.000155
48027022501,0.000382
48027022503,0.000323
48027022504,0.0
48027022600,0.000118
48027022801,0.000205
48027022900,0.000869
48027023001,8.8e-05
48027023002,0.000152
48027023103,0.000185
48027023104,5e-06
48027023109,0.000172
48027023110,0.000774
48027023111,0.000119
48027023112,0.000146
48027023113,7.9e-05
48027023114,0.000244
48027023115,0.000547
48027023116,0.000123
48027023117,0.000257
48027023118,5.2e-05
48027023201,0.000534
48027023202,7.6e-05
48027023203,1.9e-05
48027023204,0.0012
48027023301,0.000389
48027023302,5.1e-05
48027023402,0.0
48027023404,7e-06
48027023405,7e-05
48027023406,2.7e-05
48027023500,0.000183
48027980001,0.0
48027980002,0.00506
48027980003,0.000339
48029110100,0.024379
48029110300,0.000272
48029110500,0.002154
48029110600,0.00354
48029110700,0.002338
48029111000,0.004169
48029111100,0.003098
48029120100,0.001248
48029120301,0.00395
48029120302,0.001265
48029120401,0.000829
48029120402,0.000704
48029120502,0.003428
48029120503,0.002196
48029120504,0.000724
48029120601,0.000223
48029120602,0.000302
48029120701,0.002905
48029120702,0.008628
48029120800,0.000258
48029120901,0.001041
48029120902,0.003285
48029121000,0.00048
48029121110,0.000447
48029121111,0.000296
48029121112,0.002399
48029121115,0.000853
48029121116,0.000243
48029121117,0.000483
48029121118,0.000567
48029121119,0.000199
48029121120,8.5e-05
48029121121,0.000349
48029121122,0.000683
48029121123,0.000866
48029121124,0.000321
48029121203,0.001308
48029121204,0.005795
48029121205,0.000683
48029121206,0.000365
48029121300,0.000108
48029121402,0.001384
48029121403,0.000258
48029121404,0.001621
48029121501,0.000253
48029121504,0.00072
48029121505,8.8e-05
48029121506,0.000465
48029121507,0.000313
48029121508,3.2e-05
48029121601,0.001096
48029121604,0.000794
48029121605,0.000577
48029121606,0.000442
48029121701,0.000844
48029121702,0.000486
48029121802,0.000459
48029121803,0.000267
48029121804,0.000686
48029121808,0.001072
48029121809,9.9e-05
48029121810,0.000399
48029121811,0.00019
48029121812,0.000135
48029121813,0.000119
48029121903,4.9e-05
48029121904,0.0
48029121905,7.9e-05
48029121906,7.1e-05
48029121908,6.8e-05
48029121909,0.000157
48029121910,1.4e-05
48029121911,2.9e-05
48029121912,0.0
48029130200,5.9e-05
48029130300,0.000597
48029130401,0.000252
48029130402,0.000154
48029130500,0.000515
48029130600,0.000802
48029130700,0.00195
48029130800,0.002193
48029130900,0.003956
48029131000,0.000299
48029131100,0.000257
48029131200,0.001663
48029131300,0.001126
48029131401,0.0
48029131402,0.004073
48029131503,0.000151
48029131504,0.000466
48029131505,0.002498
48029131506,0.010024
48029131507,0.000159
48029131601,0.000447
48029131606,0.005761
48029131608,0.000974
48029131609,0.002167
48029131610,0.000159
48029131612,0.001231
48029131614,0.000323
48029131615,0.004361
48029131616,4.3e-05
48029131700,0.0
48029131801,7.2e-05
48029131802,0.000214
48029140100,0.003729
48029140200,0.000777
48029140300,0.000174
48029140400,5.8e-05
48029140500,0.000543
48029140600,0.00011
48029140700,0.000379
48029140800,0.000198
48029140900,0.000132
48029141000,0.000318
48029141101,7.3e-05
48029141102,0.000173
48029141200,0.000114
48029141300,0.000514
48029141402,0.000178
48029141403,0.000359
48029141404,0.000306
48029141600,0.000964
48029141700,0.000742
48029141800,7.3e-05
48029141900,1.8e-05
48029150100,0.001271
48029150300,0.001606
48029150400,0.000545
48029150501,0.000843
48029150502,0.000486
48029150600,0.000862
48029150700,1e-06
48029150800,0.006792
48029150900,0.000649
48029151000,0.000113
48029151100,0.000886
48029151200,0.000326
48029151301,0.000611
48029151302,0.000257
48029151400,6.5e-05
48029151500,0.000218
48029151600,0.000111
48029151700,5.1e-05
48029151900,0.000715
48029152000,0.006456
48029152100,3.3e-05
48029152201,0.000155
48029152202,0.000129
48029160100,0.000908
48029160200,0.000629
48029160300,0.000999
48029160400,0.000578
48029160501,0.001911
48029160502,0.000369
48029160600,0.000752
48029160701,0.000414
48029160702,0.000539
48029160901,0.002944
48029160902,0.000164
48029161000,0.003237
48029161100,0.000199
48029161200,6.2e-05
48029161302,2.6e-05
48029161303,0.000127
48029161304,0.000281
48029161400,0.000459
48029161501,0.0
48029161503,7.8e-05
48029161504,0.0
48029161600,0.000713
48029161801,0.000353
48029161802,3.1e-05
48029161901,0.001092
48029161902,0.0
48029162001,0.000402
48029162003,0.000101
48029162004,3.1e-05
48029170101,0.001156
48029170102,0.001053
48029170200,0.000546
48029170300,0.000485
48029170401,0.001156
48029170402,0.000179
48029170500,0.000464
48029170600,0.000997
48029170700,0.000793
48029170800,0.000296
48029170900,0.001024
48029171000,0.000392
48029171100,0.000416
48029171200,0.000916
48029171301,0.000598
48029171302,0.000185
48029171401,0.000322
48029171402,7.2e-05
48029171501,0.000514
48029171502,0.000468
48029171601,0.000227
48029171602,0.00091
48029171700,0.000267
48029171801,0.000574
48029171802,0.000357
48029171903,0.000402
48029171912,0.000151
48029171913,3.2e-05
48029171914,0.00025
48029171915,9.2e-05
48029171916,1.9e-05
48029171917,0.000162
48029171918,0.000326
48029171919,0.000142
48029171920,0.000279
48029171921,0.000332
48029171922,0.0
48029171923,6.7e-05
48029171924,0.000403
48029171926,0.00216
48029171927,0.000108
48029171928,0.000407
48029171929,0.000575
48029172002,0.0
48029172003,0.000143
48029172004,0.0
48029172005,9.7e-05
48029172006,0.0
48029172008,0.0
48029172009,0.0
48029180101,0.000124
48029180102,0.000407
48029180201,0.000387
48029180202,0.00043
48029180300,0.000538
48029180400,0.001501
48029180501,0.000338
48029180503,0.000214
48029180504,0.00076
48029180602,0.000226
48029180603,0.000713
48029180604,0.000777
48029180701,0.003707
48029180702,0.00077
48029180800,0.004946
48029180901,0.000277
48029180902,0.000188
48029181001,0.000652
48029181003,0.007411
48029181004,0.006637
48029181005,0.012535
48029181100,0.000189
48029181200,0.000932
48029181301,0.001807
48029181302,0.000175
48029181303,0.000901
48029181402,0.073096
48029181403,0.000685
48029181404,0.001638
48029181503,0.000287
48029181504,0.000384
48029181505,0.000843
48029181506,0.000297
48029181601,0.000949
48029181602,0.000453
48029181703,4.9e-05
48029181704,0.000864
48029181705,0.000287
48029181711,0.000389
48029181712,0.000198
48029181713,0.00023
48029181715,0.000164
48029181716,0.000275
48029181718,0.001273
48029181720,3.8e-05
48029181721,0.00013
48029181722,0.000241
48029181723,0.000155
48029181724,0.000672
48029181725,0.000647
48029181726,0.000267
48029181727,0.000932
48029181729,1.7e-05
48029181730,0.00032
48029181731,0.000233
48029181732,0.0
48029181733,1e-05
48029181808,0.001477
48029181809,4e-06
48029181811,0.000224
48029181813,0.001214
48029181814,0.000288
48029181815,0.000612
48029181816,0.000134
48029181817,0.001087
48029181818,0.000314
48029181819,0.000332
48029181820,0.003809
48029181821,2e-06
48029181822,0.000361
48029181823,9.2e-05
48029181824,2.8e-05
48029181825,0.000293
48029181826,0.000559
48029181901,0.0
48029181902,1e-05
48029182001,7.6e-05
48029182002,0.000136
48029182003,0.000299
48029182101,0.0
48029182102,1.9e-05
48029182103,0.0
48029182105,0.0
48029182106,0.0
48029190100,0.003215
48029190200,0.001655
48029190400,0.000908
48029190501,0.000616
48029190503,0.000354
48029190504,0.00065
48029190601,0.00028
48029190603,0.001036
48029190604,0.000302
48029190700,0.000999
48029190800,0.002059
48029190901,0.001061
48029190902,0.000347
48029191003,0.000473
48029191004,0.001746
48029191005,0.000485
48029191006,0.000229
48029191101,0.003994
48029191102,0.000497
48029191201,0.000836
48029191202,0.000174
48029191303,0.001773
48029191304,0.001704
48029191405,0.0001
48029191406,0.00026
48029191408,0.009438
48029191409,0.001063
48029191410,0.000511
48029191411,0.001266
48029191412,0.000276
48029191413,0.001126
48029191503,0.001018
48029191504,0.000428
48029191505,0.000536
48029191506,0.000392
48029191701,0.003247
48029191702,0.000825
48029191804,0.0
48029191806,0.000154
48029191807,0.000148
48029191808,3.9e-05
48029191809,1.2e-05
48029191810,7.6e-05
48029191811,2.3e-05
48029191812,4.2e-05
48029191813,0.000201
48029191814,0.0
48029191815,0.00031
48029191816,0.0003
48029191818,0.003973
48029191819,1.9e-05
48029191900,0.00012
48029192000,0.001139
48029192100,0.001997
48029192200,0.015898
48029192300,0.000622
48029980001,0.007247
48029980002,0.003463
48029980003,0.001374
48029980004,0.143183
48029980005,0.0
48029980100,0.006685
48031950101,0.005867
48031950102,7.2e-05
48031950201,0.006259
48031950202,0.000242
48033950100,0.000821
48035950100,0.002621
48035950200,0.0
48035950300,4.6e-05
48035950400,4.5e-05
48035950500,0.0
48035950600,0.0
48035950700,0.000281
48039660100,0.000301
48039660200,0.000331
48039660301,9.1e-05
48039660302,0.000186
48039660303,0.000252
48039660401,0.000133
48039660402,0.000421
48039660403,8.9e-05
48039660501,0.000659
48039660502,3e-06
48039660503,0.083655
48039660504,0.002282
48039660603,0.001764
48039660604,0.000134
48039660605,5e-06
48039660606,0.000328
48039660607,8.7e-05
48039660608,0.000425
48039660609,0.000238
48039660610,2.5e-05
48039660611,1.2e-05
48039660612,2.1e-05
48039660613,0.0
48039660614,2.2e-05
48039660615,0.0
48039660616,0.0
48039660703,0.000778
48039660704,0.000411
48039660705,0.000123
48039660706,6.2e-05
48039660707,6.1e-05
48039660708,0.0
48039660803,2.8e-05
48039660804,0.000205
48039660805,1e-05
48039660806,5e-06
48039660901,0.000228
48039660902,0.000113
48039661000,5e-06
48039661100,8.8e-05
48039661200,0.00043
48039661300,4.9e-05
48039661400,0.0
48039661501,2e-05
48039661502,0.000259
48039661601,0.000329
48039661602,2.2e-05
48039661700,0.000564
48039661800,0.0
48039661901,0.0
48039661902,0.0
48039662000,0.000197
48039662100,0.000114
48039662200,6.2e-05
48039662300,0.00054
48039662400,2.5e-05
48039662500,0.0
48039662600,0.001983
48039662700,0.00222
48039662800,4.4e-05
48039662900,2.8e-05
48039663000,2.1e-05
48039663100,0.000876
48039663200,4e-06
48039663300,3.4e-05
48039663400,0.000335
48039663500,0.001759
48039663600,0.002187
48039663700,0.000733
48039663800,0.016257
48039663900,0.000842
48039664000,0.009505
48039664100,0.006669
48039664200,0.000423
48039664300,0.002225
48039664400,0.002101
48039664501,0.0
48039990000,0.0
48041000103,0.0
48041000104,0.0
48041000105,0.0
48041000106,0.0
48041000107,0.0
48041000108,1.7e-05
48041000203,1.1e-05
48041000204,0.000169
48041000205,0.0
48041000206,0.0
48041000207,0.0
48041000301,0.0
48041000302,0.0
48041000401,0.0
48041000402,0.000617
48041000501,0.0
48041000502,0.000319
48041000603,0.0
48041000605,1.1e-05
48041000606,0.000405
48041000700,1e-05
48041000800,6.1e-05
48041000900,0.000173
48041001001,0.000108
48041001002,1.9e-05
48041001101,0.000295
48041001102,0.000198
48041001301,0.000158
48041001302,0.000517
48041001303,0.000456
48041001401,0.005486
48041001604,0.000241
48041001605,0.000206
48041001606,0.000145
48041001607,0.000218
48041001608,0.000506
48041001702,2.7e-05
48041001703,1.9e-05
48041001704,0.00028
48041001801,0.00015
48041001803,0.000118
48041001804,8.1e-05
48041001901,0.000249
48041001902,0.000501
48041002001,0.000268
48041002006,0.000604
48041002009,0.0
48041002010,0.0
48041002011,4.8e-05
48041002014,1.6e-05
48041002016,2e-05
48041002017,0.004637
48041002018,5e-05
48041002019,0.000125
48041002020,2e-06
48041002021,0.0
48041002022,8e-05
48041002023,0.001938
48041002024,0.000504
48041002025,1.8e-05
48041002026,0.0
48041002100,0.001348
48041980000,0.0
48047950100,3.1e-05
48047950200,0.0
48049950100,0.005156
48049950201,0.000626
48049950202,0.008783
48049950300,0.0
48049950500,0.000339
48049950600,0.001444
48049950700,0.000392
48049950800,0.000505
48049950900,5.9e-05
48049951000,7.5e-05
48049951100,0.000228
48049951200,6.2e-05
48049951300,0.00262
48051970100,0.0
48051970201,2.9e-05
48051970202,0.0
48051970300,1.6e-05
48051970400,0.0
48051970501,0.0
48051970502,4.6e-05
48053960101,3e-06
48053960102,2.8e-05
48053960200,0.0
48053960301,4.7e-05
48053960302,0.000146
48053960401,0.0
48053960402,2e-06
48053960501,8e-06
48053960502,0.0
48053960600,0.0
48053960701,0.000198
48053960702,1.9e-05
48053960801,0.0
48053960802,5e-05
48053960803,1.1e-05
48055960102,0.0
48055960103,0.0
48055960104,0.0
48055960200,0.000279
48055960300,0.000138
48055960400,0.000323
48055960501,0.000491
48055960502,8e-06
48055960600,1.1e-05
48055960701,7.1e-05
48055960702,1.4e-05
48057000100,0.000124
48057000200,0.000157
48057000300,8e-05
48057000401,0.00292
48057000402,0.002126
48057000501,8.5e-05
48057000502,0.000249
48057990000,0.0
48059030101,0.0
48059030102,0.000394
48059030200,0.000378
48061010101,1.4e-05
48061010102,0.010326
48061010103,3.7e-05
48061010201,2e-06
48061010204,0.0
48061010205,0.000203
48061010301,7.2e-05
48061010303,0.0
48061010304,0.0
48061010403,4.1e-05
48061010404,1.8e-05
48061010405,0.000858
48061010406,8.1e-05
48061010500,5e-05
48061010602,4e-05
48061010603,0.000175
48061010604,0.000127
48061010700,9e-06
48061010801,9.6e-05
48061010802,0.000436
48061010900,4.8e-05
48061011000,0.0
48061011100,5e-06
48061011200,5.3e-05
48061011301,0.000166
48061011302,0.000259
48061011401,2e-05
48061011402,1.7e-05
48061011500,0.0
48061011601,0.000142
48061011602,0.0
48061011701,0.000188
48061011702,3.1e-05
48061011801,6e-05
48061011802,1e-06
48061011903,0.0
48061011904,0.0
48061011905,0.0
48061011906,0.0
48061011907,0.0
48061011908,0.0
48061012002,0.0
48061012003,0.000307
48061012004,0.000501
48061012103,0.000141
48061012104,0.0
48061012105,0.0
48061012106,0.0
48061012201,4.1e-05
48061012202,0.0
48061012203,0.0
48061012301,4e-06
48061012304,0.0
48061012305,2.1e-05
48061012402,4.7e-05
48061012403,0.0
48061012404,0.0
48061012506,0.0
48061012508,0.0
48061012509,0.0
48061012510,0.0
48061012511,0.0
48061012512,0.0
48061012513,0.0
48061012514,0.0
48061012515,0.0
48061012516,0.0
48061012517,0.0
48061012607,0.0
48061012608,0.0
48061012613,0.0
48061012614,0.0
48061012615,0.0
48061012616,0.0
48061012617,0.0
48061012700,0.0
48061012800,0.0
48061012900,0.0
48061013002,0.0
48061013003,0.0
48061013004,0.0
48061013102,0.0
48061013104,0.0
48061013106,0.0
48061013203,0.0
48061013204,0.0
48061013205,0.0
48061013206,0.0
48061013207,0.0
48061013303,0.0
48061013305,0.0
48061013306,0.0
48061013307,0.0
48061013308,0.0
48061013309,0.0
48061013401,0.0
48061013402,0.0
48061013500,0.0
48061013600,0.0
48061013700,0.0
48061013801,0.0
48061013802,0.0
48061013901,0.0
48061013902,0.0
48061013903,0.0
48061014001,0.0
48061014002,0.0
48061014101,0.0
48061014102,0.0
48061014103,0.0
48061014201,2.1e-05
48061014202,0.0
48061014300,0.0
48061014401,0.0
48061014402,0.0
48061014403,0.0
48061014404,0.0
48061014501,0.0
48061014502,0.0
48061980001,0.13815
48061980100,0.0
48063950101,0.000408
48063950102,0.001535
48063950200,0.000274
48073950100,0.003299
48073950201,0.0
48073950202,0.0
48073950301,0.0011
48073950302,0.002468
48073950400,0.000293
48073950500,0.001256
48073950600,0.000593
48073950700,0.000992
48073950801,0.00848
48073950802,0.005667
48073950900,0.000546
48073951000,0.011774
48073951100,0.006297
48077030302,0.000555
48081950100,0.001445
48081950200,0.001953
48083950300,0.0
48083950600,9.5e-05
48083950700,0.000207
48085030101,3e-05
48085030102,0.0
48085030201,0.0
48085030202,0.0
48085030204,0.0
48085030205,0.0
48085030206,0.0
48085030207,0.0
48085030301,0.0
48085030302,0.0
48085030303,3.1e-05
48085030304,3e-05
48085030306,0.0
48085030307,0.0
48085030403,0.000136
48085030404,0.000255
48085030405,6.1e-05
48085030406,0.000773
48085030407,0.000211
48085030409,0.00011
48085030410,0.000117
48085030504,0.000862
48085030505,3.7e-05
48085030506,0.000215
48085030507,0.000285
48085030509,0.000239
48085030510,0.000603
48085030511,4.3e-05
48085030512,0.000467
48085030515,0.000197
48085030516,0.000231
48085030517,8.6e-05
48085030518,5e-06
48085030519,0.0
48085030520,0.00028
48085030521,0.000432
48085030524,7e-05
48085030525,0.000141
48085030529,0.000232
48085030531,0.000232
48085030532,0.000429
48085030533,0.000641
48085030534,0.000202
48085030535,0.000241
48085030536,5.2e-05
48085030537,0.000238
48085030538,0.000397
48085030539,8.8e-05
48085030540,7e-05
48085030541,0.000162
48085030542,0.0
48085030543,0.000105
48085030544,0.000127
48085030545,0.000205
48085030546,0.000177
48085030547,0.000208
48085030548,0.000122
48085030549,9e-05
48085030550,0.000137
48085030604,6e-06
48085030605,2.2e-05
48085030606,0.00018
48085030607,0.000327
48085030608,0.000105
48085030609,1.1e-05
48085030701,0.000284
48085030702,0.000155
48085030801,8.5e-05
48085030802,0.00023
48085030901,2.8e-05
48085030902,0.0
48085030903,7.2e-05
48085031003,0.0
48085031005,0.0
48085031006,0.0
48085031007,0.0
48085031008,0.0
48085031101,0.0
48085031102,0.0
48085031201,0.0
48085031202,0.0
48085031308,1.1e-05
48085031314,0.0
48085031318,3.7e-05
48085031319,0.000127
48085031320,0.000313
48085031321,0.0
48085031322,5.5e-05
48085031323,0.0
48085031324,0.0
48085031325,0.0
48085031326,0.00011
48085031327,0.000461
48085031328,0.00018
48085031329,0.000393
48085031330,9e-05
48085031331,4.7e-05
48085031332,0.0001
48085031333,0.0
48085031334,0.000268
48085031335,0.000109
48085031336,0.0
48085031408,1e-06
48085031411,1.5e-05
48085031412,0.0
48085031413,0.000127
48085031414,0.000304
48085031415,0.000374
48085031416,6e-06
48085031417,0.0
48085031418,0.0
48085031419,9.8e-05
48085031420,0.0
48085031421,0.0
48085031422,0.0
48085031423,0.000204
48085031424,0.000113
48085031425,3.3e-05
48085031504,7e-06
48085031507,7e-06
48085031508,0.0
48085031509,0.0
48085031510,0.0
48085031511,0.000107
48085031512,3.1e-05
48085031611,0.0
48085031613,0.0
48085031621,0.0
48085031622,0.0
48085031623,0.0
48085031624,0.0
48085031625,0.0
48085031626,0.0
48085031627,0.0
48085031628,0.0
48085031629,0.0
48085031630,0.0
48085031631,0.0
48085031632,0.0
48085031633,0.0
48085031634,0.0
48085031635,0.0
48085031636,0.0
48085031639,0.0
48085031641,0.0
48085031642,0.0
48085031643,0.0
48085031645,0.0
48085031646,0.0
48085031647,1.3e-05
48085031649,1.3e-05
48085031654,0.0
48085031655,0.0
48085031657,0.000111
48085031659,0.0
48085031660,0.0
48085031661,0.0
48085031662,0.0
48085031663,0.0
48085031664,0.0
48085031665,0.0
48085031666,0.0
48085031667,0.0
48085031668,3.3e-05
48085031669,0.0
48085031670,0.0
48085031671,0.000273
48085031672,8e-06
48085031673,0.0
48085031674,0.0
48085031675,0.0
48085031676,0.0
48085031677,0.0
48085031678,0.0
48085031679,3.3e-05
48085031680,2e-06
48085031681,0.0
48085031682,0.0
48085031704,0.00058
48085031706,0.000358
48085031708,0.001318
48085031709,0.001111
48085031711,0.000384
48085031713,0.065454
48085031715,0.000342
48085031716,0.010432
48085031717,0.004522
48085031718,0.001145
48085031719,0.000696
48085031720,0.083157
48085031721,0.000188
48085031722,0.381504
48085031723,0.12317
48085031724,0.022585
48085031806,0.0
48085031807,0.0
48085031808,0.0
48085031809,0.0
48085031810,0.001536
48085031811,0.0
48085031812,4e-06
48085031813,0.0
48085031814,0.00024
48085031815,0.000136
48085031816,0.000102
48085031901,0.0
48085031902,0.0
48085031903,0.0
48085031904,0.000128
48085032003,0.0
48085032008,0.0
48085032010,0.0
48085032012,0.0
48085032013,0.0
48085032014,0.0
48085032015,0.0
48085032016,4.9e-05
48085032017,0.000329
48085032018,7.3e-05
48085032019,4e-05
48089750100,2.3e-05
48089750200,6.7e-05
48089750300,2.2e-05
48089750400,2e-06
48089750500,5.6e-05
48091310100,7e-06
48091310200,0.0
48091310301,0.000179
48091310302,0.000224
48091310401,2.5e-05
48091310404,1.9e-05
48091310405,0.0
48091310406,0.0
48091310501,2.7e-05
48091310502,1e-05
48091310503,0.0
48091310603,0.0
48091310604,0.0
48091310608,0.0
48091310609,0.0
48091310610,0.0
48091310611,0.0
48091310612,0.0
48091310613,8e-06
48091310614,5.4e-05
48091310702,4.9e-05
48091310703,0.0
48091310705,3e-05
48091310706,0.000431
48091310707,0.0
48091310708,3.9e-05
48091310801,8.2e-05
48091310803,5.9e-05
48091310804,8e-06
48091310901,0.0
48091310903,9.3e-05
48091310904,0.0
48091310905,0.0
48093950101,3e-06
48093950102,7e-06
48093950200,0.000495
48093950300,0.000488
48093950400,0.000265
48095950300,0.00198
48097000100,2e-06
48097000200,0.0
48097000400,1e-06
48097000500,0.0
48097000600,1.8e-05
48097000701,0.0
48097000702,0.0
48097000900,0.0
48097001100,0.0
48099010101,0.0
48099010102,0.0
48099010201,3.8e-05
48099010202,0.0
48099010300,0.000392
48099010400,0.000176
48099010501,3e-06
48099010502,0.000397
48099010503,1e-05
48099010504,0.0
48099010601,0.000124
48099010603,0.000684
48099010604,0.000465
48099010701,0.006746
48099010702,0.00036
48099010802,9e-05
48099010803,0.000268
48099010804,0.000162
48099980000,0.001063
48105950100,0.00211
48107950100,0.000118
48107950200,9.1e-05
48107950300,0.03422
48113000100,0.077178
48113000201,0.085135
48113000202,0.066744
48113000300,0.004656
48113000401,0.002768
48113000405,0.004943
48113000407,0.000272
48113000408,1.1e-05
48113000409,0.049756
48113000410,9.9e-05
48113000501,0.000244
48113000502,0.002364
48113000503,0.000875
48113000605,0.000342
48113000606,0.000152
48113000607,4.2e-05
48113000608,0.0002
48113000609,1e-06
48113000610,0.000103
48113000611,0.002591
48113000703,0.002427
48113000704,0.00313
48113000705,0.010118
48113000706,0.007152
48113000801,0.0
48113000802,2e-06
48113000901,0.000132
48113000902,0.00195
48113001001,0.003948
48113001002,0.006849
48113001101,0.015266
48113001102,0.0496
48113001202,0.000384
48113001203,0.003294
48113001204,0.000826
48113001301,0.007925
48113001302,0.000451
48113001400,0.011748
48113001502,0.000217
48113001503,0.0
48113001504,4e-06
48113001601,0.000193
48113001602,0.0
48113001703,0.002529
48113001705,0.003177
48113001801,0.029428
48113001802,0.009205
48113001901,0.012957
48113001902,0.002407
48113002001,0.067434
48113002002,0.001103
48113002100,0.019501
48113002200,0.000345
48113002400,0.001317
48113002500,0.000298
48113002703,0.000138
48113003102,0.016883
48113003103,0.049577
48113003700,0.000167
48113004201,0.001585
48113004202,0.0
48113004300,0.000632
48113004400,0.000194
48113004500,0.0
48113004600,0.000572
48113004700,0.002905
48113004800,0.000548
48113005000,0.000194
48113005100,0.001732
48113005200,0.000166
48113005300,1.7e-05
48113005400,6.8e-05
48113005500,5.6e-05
48113005600,3e-05
48113005700,8e-06
48113005901,1.4e-05
48113005902,5.5e-05
48113006001,0.000264
48113006002,0.000442
48113006100,0.000203
48113006200,0.000316
48113006301,1e-06
48113006302,0.000274
48113006401,2e-06
48113006402,0.0
48113006501,0.0
48113006502,0.00012
48113006701,1.5e-05
48113006702,2.1e-05
48113006800,0.0
48113006900,5e-05
48113007101,7.8e-05
48113007102,0.0
48113007203,0.002163
48113007204,1e-05
48113007205,0.0
48113007206,0.000983
48113007301,0.00084
48113007302,0.000682
48113007601,0.00035
48113007604,0.000513
48113007605,0.0035
48113007701,0.000601
48113007702,0.000964
48113007801,0.00032
48113007805,0.000325
48113007809,0.053645
48113007810,0.000589
48113007812,4.8e-05
48113007815,0.006375
48113007819,0.081097
48113007821,0.017282
48113007822,0.002395
48113007823,0.0
48113007824,0.001262
48113007825,0.000589
48113007826,0.0
48113007827,0.021597
48113007828,0.241305
48113007829,0.000559
48113007830,0.103009
48113007831,0.021439
48113007832,0.319855
48113007833,0.00303
48113007834,0.002937
48113007835,0.008543
48113007902,0.09163
48113007903,0.051274
48113007906,0.004242
48113007909,0.04975
48113007910,0.05701
48113007912,0.029102
48113007913,0.006452
48113007914,0.034578
48113007915,0.030242
48113007916,0.017291
48113008000,0.05153
48113008101,0.00919
48113008102,0.083542
48113008200,0.083911
48113008401,0.000413
48113008402,0.000416
48113008500,0.000386
48113008604,0.000634
48113008701,0.000978
48113008703,0.0
48113008704,2.9e-05
48113008705,0.000129
48113008801,6.8e-05
48113008802,0.0
48113009001,0.000433
48113009002,0.000449
48113009101,0.000321
48113009103,0.000334
48113009104,0.000872
48113009105,0.001322
48113009202,0.000736
48113009203,0.000432
48113009204,0.000651
48113009301,0.000507
48113009303,0.000474
48113009304,0.000143
48113009401,1e-05
48113009402,4e-06
48113009500,0.000694
48113009603,0.002515
48113009604,0.002292
48113009605,0.001079
48113009607,4.5e-05
48113009608,0.001847
48113009609,0.000184
48113009610,0.000972
48113009611,2.7e-05
48113009701,0.000216
48113009702,0.0
48113009802,2.1e-05
48113009803,0.001037
48113009804,0.001395
48113009900,0.002915
48113010001,0.002305
48113010002,0.221031
48113010003,0.002014
48113010101,2e-05
48113010102,2.8e-05
48113010500,0.000146
48113010601,3.2e-05
48113010602,9e-06
48113010701,5.5e-05
48113010704,7e-05
48113010804,0.000118
48113010805,0.000138
48113010806,0.000238
48113010807,0.00012
48113010808,0.00076
48113010809,7.9e-05
48113010903,0.000446
48113010904,0.00452
48113010905,0.00724
48113010906,6.3e-05
48113011002,0.000328
48113011003,0.00018
48113011004,0.0004
48113011101,0.000386
48113011103,0.000324
48113011104,3.6e-05
48113011105,0.000261
48113011201,0.000252
48113011202,0.000105
48113011300,0.000199
48113011401,0.000213
48113011500,8.9e-05
48113011601,0.000574
48113011603,0.001897
48113011604,0.000588
48113011701,0.000491
48113011702,0.002409
48113011801,0.000474
48113011802,0.000758
48113011901,0.000448
48113011902,0.000478
48113012000,0.000489
48113012101,0.000277
48113012102,0.000142
48113012206,0.000948
48113012207,0.00024
48113012208,0.000317
48113012209,0.012888
48113012210,0.022247
48113012211,0.0
48113012212,0.00026
48113012213,0.000631
48113012301,0.201487
48113012302,0.029907
48113012400,0.085911
48113012501,0.245204
48113012502,0.241872
48113012601,0.209503
48113012603,0.135134
48113012604,0.115203
48113012701,0.123131
48113012702,0.187441
48113012801,0.150103
48113012802,0.151993
48113012900,0.12709
48113013005,0.008645
48113013007,0.051856
48113013008,0.000181
48113013009,0.000246
48113013010,0.036513
48113013011,0.003246
48113013012,0.025315
48113013013,0.040045
48113013101,0.000135
48113013102,0.000449
48113013104,0.0
48113013106,2.3e-05
48113013107,0.002649
48113013201,0.00166
48113013202,0.001177
48113013300,0.00067
48113013400,0.000236
48113013500,0.000881
48113013605,0.000106
48113013606,0.00029
48113013607,0.000664
48113013608,0.000907
48113013609,0.002453
48113013610,0.001087
48113013611,0.002918
48113013615,0.116679
48113013617,0.000438
48113013618,0.000308
48113013619,0.000591
48113013620,0.061139
48113013621,0.124488
48113013622,0.013134
48113013624,0.047385
48113013625,0.092781
48113013626,0.017722
48113013627,0.113161
48113013628,0.002873
48113013629,0.043327
48113013630,0.118439
48113013631,0.064093
48113013715,0.000356
48113013716,0.000511
48113013717,4.2e-05
48113013718,0.000244
48113013719,0.000511
48113013720,0.000695
48113013721,0.000358
48113013722,0.003218
48113013725,0.004826
48113013726,0.000767
48113013727,0.000881
48113013728,0.000274
48113013729,1.2e-05
48113013804,0.000213
48113013805,0.002857
48113013806,0.007202
48113013807,0.000267
48113013808,0.000592
48113013901,7e-06
48113013902,0.000143
48113014001,0.001002
48113014002,0.0
48113014119,0.000405
48113014120,0.000287
48113014121,0.000974
48113014123,0.000186
48113014124,0.001019
48113014126,0.000261
48113014128,8.9e-05
48113014130,0.000798
48113014132,4.7e-05
48113014134,0.000287
48113014135,0.000556
48113014138,0.000357
48113014139,0.002576
48113014140,0.000343
48113014141,3.4e-05
48113014142,0.000399
48113014143,8.5e-05
48113014144,0.001035
48113014145,0.005867
48113014146,0.001185
48113014147,0.009094
48113014148,0.00311
48113014149,0.00135
48113014150,0.000653
48113014151,0.006581
48113014152,0.151739
48113014153,5.8e-05
48113014154,0.000181
48113014155,0.000244
48113014156,0.0
48113014157,0.001083
48113014158,0.000853
48113014159,0.001027
48113014160,4.7e-05
48113014161,0.000873
48113014203,3.8e-05
48113014204,0.000447
48113014205,5e-05
48113014207,0.006782
48113014208,0.005808
48113014209,0.028799
48113014306,6.5e-05
48113014308,0.000108
48113014309,0.001176
48113014310,0.000456
48113014313,3e-05
48113014314,0.000176
48113014315,0.000119
48113014316,0.000101
48113014317,0.002703
48113014318,0.000458
48113014319,0.008328
48113014320,0.030374
48113014405,0.000496
48113014406,0.000477
48113014407,0.001531
48113014408,0.00077
48113014409,0.004783
48113014410,0.000907
48113014501,0.00017
48113014502,2.3e-05
48113014601,0.000384
48113014602,8.4e-05
48113014603,0.000229
48113014701,0.000344
48113014704,0.0
48113014903,0.000325
48113015001,0.000281
48113015002,0.000172
48113015101,0.000502
48113015102,9.5e-05
48113015202,9.5e-05
48113015205,6.7e-05
48113015206,0.000368
48113015207,0.000211
48113015208,5.2e-05
48113015303,0.002126
48113015304,0.000486
48113015305,0.000458
48113015306,0.000131
48113015403,0.000585
48113015404,0.000256
48113015405,0.001082
48113015406,0.000459
48113015500,0.000219
48113015600,0.000145
48113015700,2e-05
48113015900,0.00921
48113016001,0.000502
48113016002,0.000189
48113016100,0.001056
48113016201,0.000432
48113016203,0.0
48113016204,0.00027
48113016301,4.2e-05
48113016302,0.000163
48113016406,0.000588
48113016407,0.000811
48113016409,0.000138
48113016410,0.000716
48113016412,6.7e-05
48113016414,0.003375
48113016415,0.00013
48113016416,0.00046
48113016417,0.000189
48113016418,9.9e-05
48113016419,0.000317
48113016420,0.000452
48113016421,0.000383
48113016511,0.000113
48113016513,9.2e-05
48113016516,0.00017
48113016517,0.000424
48113016518,0.000668
48113016519,0.000367
48113016521,0.000114
48113016522,0.0
48113016524,1e-05
48113016525,0.0
48113016526,0.000445
48113016527,4e-05
48113016528,0.000202
48113016529,8.9e-05
48113016530,0.000427
48113016531,0.000362
48113016532,0.000138
48113016533,0.000491
48113016534,0.000343
48113016535,0.000393
48113016536,0.000167
48113016607,0.018197
48113016610,0.000615
48113016615,0.000502
48113016616,4.9e-05
48113016617,1.4e-05
48113016618,0.000101
48113016619,0.000658
48113016620,2.5e-05
48113016621,0.00023
48113016622,3.8e-05
48113016623,0.0
48113016624,4.3e-05
48113016626,0.000371
48113016627,0.000129
48113016628,7e-05
48113016629,0.000316
48113016630,0.000598
48113016631,6.1e-05
48113016632,0.000246
48113016633,6.3e-05
48113016634,0.000345
48113016635,0.021235
48113016636,0.000284
48113016637,0.000265
48113016638,5.8e-05
48113016704,0.000238
48113016706,0.000292
48113016707,0.000106
48113016708,0.000671
48113016709,0.000442
48113016710,0.00031
48113016711,0.000131
48113016802,5.7e-05
48113016803,0.000153
48113016805,0.0
48113016806,0.000226
48113016902,5.3e-05
48113016903,6.3e-05
48113017005,0.000884
48113017006,0.0
48113017007,0.0
48113017008,7e-06
48113017009,0.0
48113017010,9.2e-05
48113017101,0.000293
48113017102,0.000272
48113017201,0.001031
48113017203,0.005884
48113017204,0.005784
48113017307,0.000291
48113017308,0.000246
48113017309,0.000188
48113017310,2e-06
48113017311,0.000149
48113017312,0.000161
48113017313,0.00028
48113017314,0.0
48113017315,0.001939
48113017400,0.00097
48113017500,0.014786
48113017602,0.000299
48113017604,0.000333
48113017605,0.000633
48113017606,0.000188
48113017703,0.002543
48113017704,0.015916
48113017705,0.032445
48113017706,0.003851
48113017805,0.00021
48113017806,0.000479
48113017808,0.047376
48113017811,0.079433
48113017812,0.156819
48113017814,0.072467
48113017815,9.2e-05
48113017816,0.000131
48113017817,0.003912
48113017818,0.00024
48113017819,0.051697
48113017820,0.047293
48113017900,0.129202
48113018001,0.12099
48113018002,0.149981
48113018105,0.000126
48113018110,0.001593
48113018111,0.148524
48113018120,8.2e-05
48113018121,0.000102
48113018126,0.124083
48113018127,0.138648
48113018128,0.153891
48113018129,0.05967
48113018130,0.077024
48113018132,1.5e-05
48113018133,7.6e-05
48113018134,1.9e-05
48113018135,0.0
48113018137,8.3e-05
48113018138,0.0
48113018140,0.0
48113018141,1.3e-05
48113018142,3.1e-05
48113018143,0.0
48113018144,5e-05
48113018145,5.5e-05
48113018146,0.000117
48113018147,2.3e-05
48113018148,0.001063
48113018149,0.000435
48113018150,7.7e-05
48113018151,0.0
48113018152,0.000206
48113018153,3.8e-05
48113018154,9.2e-05
48113018155,0.0
48113018156,3.7e-05
48113018157,0.0
48113018158,0.000117
48113018159,0.0
48113018203,0.000718
48113018204,0.000326
48113018205,7e-06
48113018206,0.00021
48113018300,0.000327
48113018401,0.02862
48113018402,0.026445
48113018403,0.038135
48113018501,9.1e-05
48113018505,0.006104
48113018506,0.00042
48113018507,0.000815
48113018508,0.001745
48113018600,0.000287
48113018700,7.1e-05
48113018801,9.9e-05
48113018802,0.000754
48113018900,4.2e-05
48113019013,0.000564
48113019016,0.237637
48113019018,0.000188
48113019019,0.000421
48113019020,0.000211
48113019023,0.000141
48113019024,7.9e-05
48113019025,0.000224
48113019026,0.000105
48113019027,0.0
48113019028,0.000637
48113019029,6.2e-05
48113019031,0.000242
48113019032,0.000236
48113019033,0.000201
48113019034,0.001728
48113019035,9.9e-05
48113019036,0.000189
48113019037,0.000488
48113019039,5.9e-05
48113019040,4.8e-05
48113019041,6.3e-05
48113019042,0.000163
48113019044,7.1e-05
48113019045,7.8e-05
48113019046,0.00019
48113019047,0.0
48113019048,0.000457
48113019049,6.7e-05
48113019050,0.000426
48113019051,0.000168
48113019052,3.3e-05
48113019053,0.007431
48113019101,0.001938
48113019102,7.2e-05
48113019202,3.5e-05
48113019203,9.2e-05
48113019205,0.0
48113019208,0.002379
48113019210,0.000128
48113019211,8e-06
48113019212,0.000117
48113019213,0.00042
48113019214,1.7e-05
48113019215,1.3e-05
48113019216,7.2e-05
48113019301,0.002487
48113019302,0.005202
48113019400,4.5e-05
48113019501,0.005684
48113019502,0.006432
48113019600,0.000347
48113019700,0.001699
48113019800,0.000352
48113019900,0.0
48113020000,0.000135
48113020100,0.000213
48113020200,0.00071
48113020300,0.000862
48113020401,0.0
48113020402,0.003327
48113020500,0.000262
48113020600,0.002338
48113020700,0.000877
48113020800,0.000135
48113020900,0.000846
48113021000,0.000127
48113021100,0.000389
48113021200,0.000685
48113980000,0.153737
48113980100,0.119026
48113980200,0.0
48115950401,0.000529
48115950402,0.000677
48115950500,0.000875
48115950600,0.014614
48119950100,0.000244
48119950200,0.000192
48121020109,0.0
48121020110,6e-06
48121020111,0.000408
48121020112,6.1e-05
48121020115,0.0
48121020116,0.0
48121020117,0.0
48121020118,0.0
48121020119,0.000265
48121020120,0.000241
48121020121,0.0
48121020122,0.0
48121020123,1e-06
48121020124,0.000196
48121020125,0.000125
48121020126,8e-05
48121020127,0.00017
48121020128,0.0
48121020129,0.0
48121020130,0.0
48121020131,0.0
48121020132,0.000126
48121020133,8.6e-05
48121020134,0.0
48121020135,2.8e-05
48121020136,0.0
48121020137,0.0
48121020203,0.0
48121020204,0.0
48121020205,0.0
48121020206,0.0
48121020207,2.1e-05
48121020208,0.0
48121020305,0.000382
48121020310,0.0
48121020311,0.00094
48121020312,0.0
48121020313,0.0
48121020314,0.0
48121020315,0.0
48121020316,3e-06
48121020317,0.0
48121020318,0.0
48121020319,0.0
48121020320,0.0
48121020321,2.5e-05
48121020322,2.3e-05
48121020402,0.000119
48121020403,0.000201
48121020404,0.000334
48121020405,0.00011
48121020504,0.0
48121020505,2.7e-05
48121020506,0.001819
48121020507,0.000416
48121020508,0.001458
48121020601,0.000933
48121020603,0.000906
48121020604,0.0
48121020605,0.0
48121020700,0.000731
48121020800,0.001567
48121020900,0.00177
48121021000,3e-05
48121021100,0.000468
48121021202,0.000606
48121021203,0.0
48121021204,0.0002
48121021301,0.00443
48121021304,0.000401
48121021305,0.000329
48121021306,0.000488
48121021307,0.000201
48121021410,0.0
48121021411,0.0
48121021412,1.6e-05
48121021413,6.1e-05
48121021414,0.007997
48121021415,0.003498
48121021416,6.6e-05
48121021417,3.1e-05
48121021418,0.000325
48121021419,0.0
48121021420,0.000266
48121021421,4.2e-05
48121021422,0.0
48121021423,0.000232
48121021502,0.0
48121021505,0.0
48121021512,0.0
48121021513,0.000387
48121021514,6.7e-05
48121021516,0.000218
48121021517,0.0
48121021518,0.000126
48121021520,0.000139
48121021521,0.00015
48121021522,0.000318
48121021526,0.0
48121021528,0.00026
48121021529,0.0
48121021530,0.000448
48121021531,0.000136
48121021532,6.7e-05
48121021533,0.000138
48121021534,0.0
48121021535,0.000377
48121021536,4.8e-05
48121021537,4.8e-05
48121021538,0.0
48121021539,0.000131
48121021540,0.000261
48121021611,9.1e-05
48121021612,6.6e-05
48121021613,4.3e-05
48121021614,0.000123
48121021615,0.000147
48121021616,0.000231
48121021618,0.0
48121021619,0.0
48121021620,0.0
48121021621,0.000205
48121021622,0.000113
48121021626,0.0
48121021630,0.000105
48121021631,0.000194
48121021632,0.000202
48121021633,0.000306
48121021634,0.003533
48121021635,0.000384
48121021637,0.000226
48121021638,0.000409
48121021639,1e-05
48121021640,0.00018
48121021641,0.009763
48121021642,0.018651
48121021643,0.0
48121021644,0.0
48121021645,0.0
48121021646,0.0003
48121021647,5.9e-05
48121021648,0.0
48121021649,0.000899
48121021650,2.4e-05
48121021651,0.0
48121021652,0.0
48121021653,0.0
48121021654,0.0
48121021655,6.7e-05
48121021715,0.0
48121021716,0.0
48121021717,0.0
48121021719,0.0
48121021720,0.000162
48121021721,0.000466
48121021722,0.000374
48121021723,0.0
48121021724,0.000328
48121021725,0.000224
48121021726,0.000357
48121021727,9e-06
48121021728,0.0
48121021729,0.000118
48121021730,0.0
48121021731,0.0
48121021732,0.0
48121021733,0.0
48121021734,0.0
48121021735,0.0
48121021736,1.2e-05
48121021737,4e-06
48121021738,2.8e-05
48121021739,3.7e-05
48121021740,0.0
48121021741,0.0
48121021742,0.0
48121021743,0.0
48121021744,0.0
48121021745,0.0
48121021746,6e-05
48121021748,2.3e-05
48121021749,7.4e-05
48121021750,0.000148
48121021751,0.00048
48121021752,0.000413
48121021754,6.4e-05
48121021755,3.7e-05
48121021756,0.000168
48121021757,6.1e-05
48121021758,0.000143
48121021759,0.0
48121021800,0.000446
48121021900,0.000226
48123970100,0.000389
48123970201,0.000793
48123970202,0.00011
48123970300,8.2e-05
48123970400,0.002906
48123970500,0.000671
48125950300,0.013059
48127950201,0.00559
48127950202,0.195013
48127950400,0.233498
48131950100,0.0
48131950200,0.00023
48131950500,2.8e-05
48133950100,2.1e-05
48133950201,0.000256
48133950202,7e-06
48133950301,0.000106
48133950302,5e-06
48133950400,0.0002
48133950500,0.0
48137950300,0.00024
48139060103,0.0
48139060104,0.0
48139060105,0.004683
48139060106,0.000275
48139060206,0.00011
48139060207,8e-06
48139060209,2.6e-05
48139060211,0.0
48139060212,7.2e-05
48139060215,0.000203
48139060216,0.0
48139060217,0.0
48139060218,1.9e-05
48139060219,4.1e-05
48139060220,5.1e-05
48139060221,1.9e-05
48139060300,0.0
48139060400,0.0
48139060500,0.00013
48139060601,3.1e-05
48139060602,0.000519
48139060702,1e-05
48139060704,0.001844
48139060801,0.0
48139060802,1e-05
48139060803,0.000156
48139060900,2e-06
48139061000,0.005508
48139061100,0.0
48139061200,0.01309
48139061300,0.000215
48139061401,0.004958
48139061402,0.006178
48139061500,0.005386
48139061600,0.028994
48139061700,0.019362
48143950100,0.0
48143950201,0.0
48143950203,7.5e-05
48143950204,5e-06
48143950301,0.0
48143950302,3e-05
48143950401,0.000338
48143950402,3e-05
48143950501,0.000278
48143950502,0.0
48143950600,0.0
48143950700,0.000152
48145000200,2.2e-05
48145000300,2.4e-05
48145000400,0.000329
48145000500,8.4e-05
48145000700,0.000449
48145000800,0.000658
48147950100,0.000131
48147950300,0.000195
48147950401,0.00047
48147950402,4.7e-05
48147950500,5.9e-05
48147950600,3e-06
48147950701,6.8e-05
48147950702,0.0
48147950800,3.3e-05
48149970100,2.3e-05
48149970200,1.2e-05
48149970301,7.2e-05
48149970302,0.000127
48149970400,0.0003
48149970500,9.4e-05
48149970601,7.6e-05
48149970602,0.0
48149970700,1.4e-05
48151950300,0.021987
48151950400,0.026186
48155950100,0.00217
48157670101,0.000642
48157670102,0.000148
48157670201,7.8e-05
48157670202,2.6e-05
48157670300,0.083765
48157670400,0.000422
48157670500,0.000575
48157670602,0.000331
48157670603,8.5e-05
48157670604,2e-05
48157670700,0.0
48157670801,0.0
48157670802,3.5e-05
48157670803,4.7e-05
48157670804,0.589417
48157670902,0.348069
48157670903,1.1e-05
48157670904,0.000134
48157671001,5.7e-05
48157671002,4.7e-05
48157671101,0.0
48157671102,1e-05
48157671200,0.000119
48157671300,0.000164
48157671401,0.000281
48157671402,0.000738
48157671501,0.000371
48157671502,0.000716
48157671601,0.000636
48157671602,0.000184
48157671700,0.000294
48157671800,0.000203
48157671900,4.3e-05
48157672002,0.000176
48157672003,0.00031
48157672004,0.000306
48157672100,0.00109
48157672201,0.0
48157672202,0.000396
48157672303,0.000258
48157672304,0.00024
48157672305,0.000188
48157672306,0.000114
48157672401,0.000312
48157672402,0.00044
48157672500,0.000156
48157672602,7.1e-05
48157672603,0.000364
48157672604,0.000426
48157672701,0.000106
48157672702,9e-05
48157672703,0.000426
48157672801,1.7e-05
48157672802,0.008784
48157672901,0.0
48157672902,2.2e-05
48157672903,0.0
48157672904,0.0
48157672905,0.000239
48157672906,0.000134
48157672907,0.0
48157673004,0.000339
48157673005,0.00067
48157673006,0.000401
48157673007,0.000443
48157673008,0.000152
48157673009,0.000143
48157673010,7.1e-05
48157673103,0.000303
48157673104,0.000113
48157673105,0.000305
48157673106,0.000239
48157673107,0.000321
48157673108,1.7e-05
48157673109,1.5e-05
48157673110,0.000127
48157673111,0.000277
48157673112,0.000317
48157673113,5.5e-05
48157673201,0.0
48157673202,0.0
48157673300,1e-06
48157673401,0.0
48157673402,0.0
48157673403,0.0
48157673404,0.0
48157673501,0.0
48157673502,0.000318
48157673600,0.000254
48157673700,0.0
48157673801,1.5e-05
48157673802,4.3e-05
48157673902,0.000256
48157673903,0.00057
48157673904,0.000464
48157674001,0.000115
48157674002,0.000751
48157674100,0.000538
48157674200,0.000447
48157674301,8.7e-05
48157674302,6.9e-05
48157674401,0.000164
48157674402,1.1e-05
48157674403,0.0
48157674404,0.000253
48157674503,0.000474
48157674504,0.0
48157674505,1.4e-05
48157674506,0.0
48157674507,2e-05
48157674508,0.000129
48157674601,0.000927
48157674602,1.3e-05
48157674603,0.000198
48157674604,0.0
48157674701,0.000138
48157674702,0.0
48157674800,4.1e-05
48157674900,0.000611
48157675000,0.0
48157675101,0.000209
48157675102,0.000453
48157675200,0.000274
48157675300,0.000114
48157675401,0.0
48157675402,3e-06
48157675501,0.0
48157675502,0.0
48157675503,0.0
48157675600,8e-06
48157675701,0.000566
48157675702,1.6e-05
48157675800,0.000294
48159950101,0.00017
48159950102,0.000228
48159950200,5e-06
48159950300,4.9e-05
48161000101,0.0
48161000102,0.154682
48161000200,0.0
48161000300,4.6e-05
48161000400,0.0
48161000600,2e-05
48161000700,0.0
48161000900,0.000125
48163950101,0.000264
48163950102,0.018789
48163950201,0.066927
48163950202,0.01459
48163950301,0.31347
48163950302,0.103569
48167720100,5.9e-05
48167720200,0.001408
48167720301,0.000156
48167720302,0.000239
48167720400,0.000106
48167720501,0.000332
48167720504,0.0
48167720505,0.000112
48167720506,0.000148
48167720507,0.000236
48167720508,0.000298
48167720509,0.000227
48167720510,0.000151
48167720511,0.000189
48167720512,0.00011
48167720601,0.0
48167720602,0.0
48167720603,5.6e-05
48167720604,2.7e-05
48167720605,0.0
48167720701,0.000135
48167720702,6e-06
48167720703,0.000535
48167720800,0.0
48167720900,0.0
48167721101,4e-06
48167721203,3.4e-05
48167721204,2.4e-05
48167721205,0.000334
48167721206,0.000373
48167721209,0.0
48167721301,6.2e-05
48167721302,0.000802
48167721401,3e-05
48167721403,0.000216
48167721501,0.008133
48167721502,0.000396
48167721901,0.0
48167723300,0.0
48167723401,0.0
48167723402,0.0
48167723403,3.2e-05
48167723503,0.0
48167723504,8e-06
48167723505,2.5e-05
48169950101,0.000137
48169950102,0.002428
48169980000,0.000342
48171950100,2.1e-05
48171950200,1.4e-05
48171950301,0.00011
48171950302,0.003492
48171950401,0.001419
48171950402,0.000402
48171950500,0.000236
48173950100,0.062306
48175960100,0.000626
48175960200,0.001512
48177000100,0.000319
48177000200,1.5e-05
48177000300,5.2e-05
48177000400,0.0
48177000500,0.000178
48177000600,0.000476
48181000101,0.000237
48181000102,0.0
48181000302,0.0
48181000304,0.0
48181000600,3.9e-05
48181000700,0.0021
48181000800,0.000879
48181000901,0.00033
48181000903,0.0
48181000904,0.0
48181001101,0.0
48181001103,0.0
48181001104,0.0
48181001200,0.0
48181001300,0.0
48181001400,0.0
48181001500,0.0
48181001700,0.0
48181001801,0.0
48181001802,0.0
48181001803,0.0
48181001901,0.0
48181001902,0.0
48181002000,0.0
48183010100,0.001495
48183010201,0.00066
48183010202,0.017416
48183010401,0.001973
48183010402,0.000691
48183010700,4.4e-05
48185180101,0.0
48185180102,0.0
48185180201,0.0
48185180202,1.7e-05
48185180302,0.0
48185180303,0.0
48185180304,4e-06
48185180400,0.009293
48187210100,0.0
48187210200,0.0
48187210300,0.0
48187210400,1.7e-05
48187210505,0.000117
48187210506,0.0
48187210508,0.000383
48187210509,1.5e-05
48187210510,0.0
48187210511,0.0
48187210512,0.0
48187210513,0.000459
48187210603,0.000356
48187210606,0.000474
48187210608,0.0
48187210609,0.000348
48187210610,1.2e-05
48187210611,0.0
48187210612,0.0
48187210613,6.2e-05
48187210614,0.0
48187210705,0.000945
48187210706,0.000436
48187210707,0.000163
48187210709,0.000402
48187210710,0.00014
48187210711,0.0
48187210712,0.0
48187210713,0.0
48187210715,0.0
48187210716,0.0
48187210717,0.0
48187210718,0.0
48187210803,0.000212
48187210804,0.0
48187210805,0.0
48187210806,2.9e-05
48187210902,0.0
48187210903,0.0
48187210904,0.0
48187210905,0.0
48193950100,2e-06
48193950200,0.00016
48193950300,8e-05
48201100001,0.092254
48201210400,0.000652
48201210500,0.000852
48201210600,0.000601
48201210700,0.000273
48201210800,0.008094
48201210900,0.000954
48201211000,0.000353
48201211101,0.002244
48201211102,0.000178
48201211200,0.000243
48201211301,0.001584
48201211302,8.6e-05
48201211400,9e-06
48201211501,0.001848
48201211502,0.002336
48201211600,0.000485
48201211700,0.025171
48201211900,3e-05
48201212300,0.000896
48201212400,0.005745
48201212500,0.012594
48201220100,0.001692
48201220200,0.000344
48201220300,0.004749
48201220400,0.011879
48201220500,0.010065
48201220600,0.005401
48201220701,0.059479
48201220702,0.010461
48201220800,0.00256
48201220900,0.013248
48201221000,0.001281
48201221100,0.003269
48201221200,0.001967
48201221301,4.2e-05
48201221302,0.001349
48201221400,0.000451
48201221501,0.000133
48201221502,0.00011
48201221601,4.1e-05
48201221602,0.000194
48201221701,0.000419
48201221702,4.2e-05
48201221800,0.001074
48201221900,0.002407
48201222000,0.000155
48201222100,6e-06
48201222200,0.000116
48201222300,0.000128
48201222401,0.000142
48201222402,0.000378
48201222501,0.000554
48201222502,0.003461
48201222504,0.0
48201222505,0.000143
48201222601,0.003797
48201222602,0.0
48201222701,0.001042
48201222702,0.0303
48201222800,0.021096
48201222900,0.000711
48201223001,5.7e-05
48201223002,4.9e-05
48201223100,0.002783
48201230100,0.000436
48201230200,0.00113
48201230300,0.000184
48201230400,0.001028
48201230500,0.000854
48201230600,8e-05
48201230700,0.000175
48201230800,0.000361
48201230900,0.000261
48201231000,6.2e-05
48201231100,0.040507
48201231200,0.002311
48201231300,0.000235
48201231400,0.0
48201231500,0.000139
48201231600,5.8e-05
48201231700,5e-06
48201231800,3.6e-05
48201231900,7e-06
48201232000,0.001213
48201232100,0.000826
48201232201,0.000895
48201232202,0.002336
48201232203,0.000812
48201232303,0.000368
48201232304,0.002109
48201232305,0.0
48201232306,0.024306
48201232402,0.000723
48201232403,0.001158
48201232404,0.001072
48201232405,0.01391
48201232500,0.169377
48201232600,0.003589
48201232701,0.004877
48201232703,0.0009
48201232704,0.028186
48201232801,0.002817
48201232802,0.000747
48201232901,0.015366
48201232902,0.000319
48201233001,0.003577
48201233002,0.000159
48201233003,0.002278
48201233101,0.005771
48201233103,0.017634
48201233104,0.011184
48201233105,0.02723
48201233200,0.003663
48201233300,0.072998
48201233400,0.001526
48201233501,0.00121
48201233502,0.000585
48201233600,0.001435
48201233701,0.006869
48201233702,0.001212
48201233703,0.008861
48201240101,0.000359
48201240102,5e-05
48201240400,0.006926
48201240503,0.000858
48201240504,0.000483
48201240505,0.001121
48201240506,0.000331
48201240600,1.6e-05
48201240703,0.0
48201240704,0.000232
48201240705,0.0
48201240706,2.9e-05
48201240707,0.017381
48201240802,0.000222
48201240803,8.8e-05
48201240804,0.000183
48201240903,0.00073
48201240904,0.000404
48201240905,0.00079
48201240906,0.0
48201241001,0.000163
48201241002,0.0
48201241101,0.000213
48201241103,0.0
48201241104,0.0
48201241105,0.000242
48201241201,2.2e-05
48201241202,0.000138
48201241301,0.000119
48201241302,4.3e-05
48201241400,0.0
48201241501,0.007425
48201241502,0.000627
48201241503,0.012891
48201250101,0.001726
48201250102,0.094183
48201250201,9.4e-05
48201250202,0.000667
48201250303,9.1e-05
48201250304,0.000475
48201250305,0.000477
48201250306,0.000148
48201250403,3.7e-05
48201250404,7.8e-05
48201250405,0.000143
48201250406,0.000158
48201250407,0.164428
48201250408,0.0
48201250500,2e-06
48201250601,0.000244
48201250602,3.4e-05
48201250701,7.7e-05
48201250702,5.5e-05
48201250801,0.000197
48201250802,0.000152
48201250901,3.6e-05
48201250902,0.000243
48201251000,2.6e-05
48201251100,0.0
48201251200,0.0
48201251300,0.0
48201251401,0.0
48201251402,3e-06
48201251501,0.0
48201251503,0.0
48201251504,0.0
48201251505,5.1e-05
48201251600,0.000101
48201251701,0.0
48201251702,0.002983
48201251800,0.0
48201251902,0.0
48201251903,0.000347
48201251904,0.0
48201252001,0.0
48201252002,0.006361
48201252003,0.000166
48201252100,4.5e-05
48201252201,0.000604
48201252202,0.064899
48201252303,0.000233
48201252304,0.000536
48201252305,0.000342
48201252306,0.000629
48201252400,0.012307
48201252500,0.146375
48201252601,0.017868
48201252602,0.11303
48201252700,0.0
48201252800,0.0
48201252901,8.6e-05
48201252902,0.000279
48201253000,0.000385
48201253202,0.0031
48201253300,0.001461
48201253502,6.6e-05
48201310101,0.003073
48201310102,0.002444
48201310200,0.0003
48201310300,4.9e-05
48201310400,0.000332
48201310500,0.002085
48201310600,3.4e-05
48201310700,9e-06
48201310800,0.0
48201310900,0.00038
48201311001,0.0
48201311002,0.000282
48201311100,0.000653
48201311200,8.1e-05
48201311300,0.0
48201311400,0.00044
48201311501,1e-05
48201311502,0.0
48201311600,0.020211
48201311701,0.000328
48201311702,0.005862
48201311800,0.001956
48201311900,0.000173
48201312000,0.00141
48201312200,0.010222
48201312300,0.0
48201312400,0.008636
48201312501,0.000476
48201312502,0.000917
48201312601,0.016632
48201312602,0.000228
48201312603,0.000465
48201312700,1e-06
48201312800,0.000797
48201312901,0.003983
48201312902,0.002164
48201313000,0.000934
48201313101,0.001472
48201313102,0.060264
48201313201,0.002857
48201313202,0.000607
48201313300,0.000629
48201313400,0.001117
48201313500,0.000109
48201313600,0.001008
48201313700,8e-06
48201313801,6.4e-05
48201313802,6.3e-05
48201313901,0.012292
48201313902,5.7e-05
48201314001,0.006366
48201314003,0.104233
48201314004,0.0
48201314005,0.0
48201314301,0.000313
48201314302,0.020717
48201314401,0.224067
48201314402,0.499298
48201320100,0.000508
48201320201,0.001612
48201320202,0.002938
48201320500,0.008599
48201320601,0.000384
48201320602,6.3e-05
48201320700,0.007995
48201320800,0.000849
48201320901,0.001051
48201320902,3e-06
48201321001,0.002659
48201321002,0.0001
48201321101,0.007496
48201321102,8e-05
48201321200,0.010936
48201321301,0.005984
48201321302,0.0008
48201321401,0.00029
48201321402,0.000163
48201321500,0.00216
48201321600,0.000154
48201321700,0.000202
48201321800,0.0
48201321900,0.001368
48201322000,0.079281
48201322100,0.001716
48201322200,0.003472
48201322600,0.000694
48201322701,0.000179
48201322702,0.001502
48201322800,0.001725
48201322900,0.004512
48201323000,0.005382
48201323100,0.011559
48201323200,0.000705
48201323300,0.002378
48201323400,8e-05
48201323500,0.002361
48201323601,0.007412
48201323602,0.000192
48201323701,0.016999
48201323702,0.001166
48201323801,1.9e-05
48201323802,0.001844
48201323900,0.009061
48201324000,0.004209
48201324101,0.0065
48201324102,0.34283
48201324200,0.079062
48201330101,0.00027
48201330102,0.000246
48201330200,0.000808
48201330301,9.3e-05
48201330302,0.001457
48201330303,9.9e-05
48201330400,0.000197
48201330500,3.2e-05
48201330600,7.4e-05
48201330700,0.000155
48201330801,0.000196
48201330802,0.000922
48201330901,2.4e-05
48201330902,0.000398
48201331100,0.001424
48201331200,0.000562
48201331300,0.008779
48201331400,0.035104
48201331501,0.000394
48201331502,0.0
48201331602,5e-05
48201331603,2.8e-05
48201331604,0.000532
48201331700,0.025667
48201331800,0.002112
48201331900,0.001265
48201332000,0.000804
48201332100,0.000412
48201332200,0.000212
48201332300,5.3e-05
48201332400,3.3e-05
48201332500,0.001953
48201332600,0.000491
48201332700,0.001557
48201332800,0.000319
48201332900,0.000225
48201333000,0.000115
48201333100,0.0
48201333201,0.0
48201333203,0.001194
48201333204,0.005117
48201333205,0.05324
48201333301,0.000339
48201333302,0.000137
48201333501,0.000183
48201333502,0.000558
48201333600,0.002095
48201333700,2.3e-05
48201333801,0.001297
48201333802,0.00075
48201333903,1e-06
48201333904,0.000578
48201333905,0.000777
48201333906,0.000384
48201334001,0.001528
48201334002,0.126345
48201334003,0.000577
48201334101,0.024437
48201334102,0.088777
48201340101,0.023306
48201340102,0.001261
48201340201,0.185666
48201340202,0.001461
48201340203,0.005124
48201340301,0.006818
48201340302,0.005671
48201340400,0.004916
48201340501,0.001925
48201340502,0.012794
48201340600,0.004642
48201340701,0.00076
48201340702,0.000353
48201340800,0.000414
48201340900,0.004832
48201341001,0.000216
48201341002,9.8e-05
48201341101,0.003848
48201341102,0.008468
48201341201,3e-05
48201341203,0.014556
48201341204,0.031775
48201341302,0.09861
48201341303,0.000981
48201341304,0.049267
48201341400,0.008733
48201341501,0.000277
48201341502,0.000516
48201342001,0.003085
48201342002,0.000661
48201342100,0.000659
48201342200,0.005996
48201342300,0.000593
48201342400,0.001831
48201342500,0.001871
48201342700,0.002479
48201342801,0.000379
48201342802,0.001785
48201342900,5e-05
48201343000,0.000145
48201343100,0.000164
48201343200,0.0
48201343301,0.00027
48201343302,6.1e-05
48201343601,0.206604
48201343700,0.095412
48201350101,0.000389
48201350102,0.000498
48201350103,0.0
48201350104,0.000969
48201350201,0.000497
48201350202,0.000506
48201350300,0.000241
48201350400,0.000108
48201350500,0.000882
48201350601,0.000456
48201350603,0.000239
48201350604,0.000147
48201350700,0.00023
48201350801,0.000339
48201350803,0.000272
48201350804,0.000229
48201410101,0.00069
48201410102,0.003921
48201410201,0.000315
48201410202,0.000182
48201410300,0.004246
48201410401,0.000708
48201410402,0.000154
48201410501,0.00016
48201410502,0.000221
48201410601,0.036803
48201410602,0.000477
48201410703,0.001112
48201410704,0.000138
48201410705,0.002466
48201410706,1.7e-05
48201410801,8.3e-05
48201410802,0.000282
48201410900,0.000115
48201411001,0.111866
48201411002,1.3e-05
48201411003,0.000844
48201411100,0.000187
48201411200,0.000698
48201411301,0.003465
48201411302,0.176055
48201411400,0.000602
48201411503,0.006144
48201411504,0.056694
48201411505,0.000243
48201411506,0.042485
48201411507,0.036734
48201411600,0.000508
48201411700,0.001428
48201411801,0.000993
48201411802,0.001875
48201411901,0.000446
48201411902,0.002046
48201412000,0.000291
48201412201,0.000662
48201412202,3.9e-05
48201412300,3.7e-05
48201412400,1.5e-05
48201412500,0.000767
48201412600,0.00016
48201412700,0.000664
48201412800,0.00117
48201412901,0.248283
48201412902,0.001778
48201413000,0.00061
48201413100,0.001783
48201413203,0.000917
48201413204,0.074099
48201413205,0.001254
48201413206,0.029194
48201413301,9.7e-05
48201413302,0.00073
48201420100,4.5e-05
48201420200,0.000897
48201420300,0.000796
48201420400,0.000192
48201420500,0.020911
48201420600,0.0
48201420700,0.000458
48201420800,2.2e-05
48201420900,6e-06
48201421000,5.1e-05
48201421101,0.000149
48201421103,0.000198
48201421104,0.0
48201421203,6.3e-05
48201421204,0.000287
48201421205,0.0
48201421206,2.6e-05
48201421301,0.0
48201421302,0.000297
48201421401,0.0
48201421402,0.0
48201421403,0.0
48201421501,0.000132
48201421502,7.8e-05
48201421601,7.2e-05
48201421602,8.1e-05
48201421700,0.000126
48201421801,0.0
48201421802,0.000236
48201421900,6.9e-05
48201422000,0.0
48201422100,0.205393
48201422200,0.000632
48201422302,0.000142
48201422303,0.00115
48201422304,0.000309
48201422403,9.5e-05
48201422404,0.000566
48201422405,0.001253
48201422406,0.000113
48201422501,0.000198
48201422502,0.000256
48201422601,7.2e-05
48201422602,5.9e-05
48201422701,8.2e-05
48201422702,0.000435
48201422800,0.000129
48201422900,2.7e-05
48201423001,7.6e-05
48201423002,0.000373
48201423100,8.2e-05
48201423201,2.1e-05
48201423203,0.000186
48201423204,1e-06
48201423301,0.000412
48201423303,0.000658
48201423304,9.3e-05
48201423401,0.000263
48201423402,0.000136
48201423500,0.000606
48201423600,0.000652
48201430101,0.00109
48201430102,0.000188
48201430200,0.000351
48201430300,0.00063
48201430400,0.000914
48201430500,0.000156
48201430600,0.000142
48201430700,0.0
48201430800,6.4e-05
48201430900,8e-06
48201431001,0.0
48201431002,0.0
48201431101,1.3e-05
48201431102,0.002666
48201431203,5e-06
48201431204,8.6e-05
48201431205,0.0
48201431206,4.9e-05
48201431302,0.000124
48201431303,0.0
48201431304,0.0
48201431401,0.000472
48201431403,0.000111
48201431404,0.00011
48201431503,0.0
48201431504,5.8e-05
48201431505,3e-06
48201431506,0.000166
48201431600,0.000158
48201431701,0.006458
48201431702,0.00013
48201431801,2.7e-05
48201431803,0.001074
48201431804,0.093448
48201431901,0.000327
48201431902,0.003337
48201432003,0.0
48201432004,0.0
48201432005,0.0
48201432006,0.0
48201432101,0.0
48201432102,0.0
48201432200,3.9e-05
48201432301,0.000176
48201432302,0.000347
48201432303,0.0
48201432401,0.000416
48201432402,0.0
48201432501,1.2e-05
48201432502,0.0
48201432600,3.1e-05
48201432703,0.000293
48201432704,0.0
48201432705,0.0
48201432706,0.0
48201432803,3.1e-05
48201432804,0.0
48201432805,0.0
48201432806,2.4e-05
48201432901,0.000222
48201432903,0.00013
48201432904,4e-06
48201433003,1.7e-05
48201433004,0.0
48201433005,0.000215
48201433006,0.000541
48201433007,0.0
48201433100,0.000206
48201433201,2e-05
48201433202,6.3e-05
48201433300,0.000276
48201433400,1.2e-05
48201433503,0.000123
48201433504,3.3e-05
48201433505,0.0001
48201433506,0.000117
48201433507,3.1e-05
48201433601,6.9e-05
48201433602,3.3e-05
48201440101,9e-06
48201440102,0.000119
48201450100,6.3e-05
48201450200,2.8e-05
48201450301,0.000233
48201450302,0.000351
48201450401,0.005294
48201450402,0.00053
48201450500,0.000754
48201450600,0.000296
48201450700,4.7e-05
48201450801,0.000142
48201450803,4.3e-05
48201450804,0.0
48201450900,0.0
48201451003,0.002526
48201451004,3e-06
48201451005,0.0
48201451006,8.1e-05
48201451100,6.7e-05
48201451200,0.000228
48201451301,0.000276
48201451302,0.000468
48201451401,0.000421
48201451404,0.000177
48201451405,0.000677
48201451406,0.000621
48201451407,0.000236
48201451501,0.010774
48201451502,0.000721
48201451603,0.000419
48201451604,0.000226
48201451605,0.003467
48201451606,0.000262
48201451700,0.000164
48201451800,0.000331
48201451902,0.000198
48201451903,0.000398
48201451904,0.000322
48201452001,0.000183
48201452002,0.001788
48201452101,0.00016
48201452102,0.000649
48201452103,0.002933
48201452202,0.006092
48201452203,0.000795
48201452204,0.000299
48201452300,0.000778
48201452401,8.5e-05
48201452402,0.00014
48201452501,0.00205
48201452502,0.000194
48201452601,8.3e-05
48201452602,0.000452
48201452701,5.2e-05
48201452702,0.000166
48201452703,3.1e-05
48201452801,0.000324
48201452802,0.000166
48201452900,6.9e-05
48201453001,0.000423
48201453002,0.000101
48201453100,0.000465
48201453201,0.000224
48201453202,0.000183
48201453300,0.001225
48201453401,9.3e-05
48201453403,0.000558
48201453404,0.000711
48201453405,0.000197
48201453501,0.000173
48201453502,6.1e-05
48201453601,0.000151
48201453603,6.3e-05
48201453604,0.000501
48201453701,0.000159
48201453702,0.000284
48201453800,1.8e-05
48201453901,0.0
48201453902,4.9e-05
48201454000,0.000328
48201454100,0.000646
48201454200,0.00049
48201454302,0.000279
48201454303,0.000112
48201454304,0.000279
48201454305,0.000302
48201454400,0.004569
48201454502,0.000242
48201454503,0.000354
48201454504,5e-05
48201454505,0.000149
48201454600,0.000232
48201454700,0.000121
48201454801,0.000232
48201454802,0.00011
48201454901,0.000118
48201454902,0.000473
48201455000,0.000568
48201455102,0.000147
48201455103,0.000148
48201455104,0.000203
48201455200,0.000161
48201455300,0.0
48201510100,0.000206
48201510201,0.003342
48201510202,0.00027
48201510301,0.000591
48201510302,0.00023
48201510400,0.000141
48201510500,0.000457
48201510601,1e-05
48201510602,0.000231
48201510701,0.000261
48201510702,0.000244
48201510801,0.0
48201510802,0.000762
48201510803,9e-05
48201510901,1e-06
48201510902,0.0
48201511001,0.0
48201511003,4e-05
48201511004,0.000291
48201511100,0.0
48201511201,6.1e-05
48201511202,0.0
48201511301,0.000143
48201511302,6.2e-05
48201511400,0.0
48201511501,0.000103
48201511502,0.0
48201511600,3.7e-05
48201520100,6.6e-05
48201520200,0.000138
48201520301,6e-06
48201520302,0.0
48201520400,0.0
48201520501,0.000498
48201520502,0.000227
48201520601,0.0
48201520603,0.000116
48201520604,2.9e-05
48201520700,3.8e-05
48201521000,1.6e-05
48201521100,4.7e-05
48201521201,2.1e-05
48201521202,0.0
48201521300,0.0
48201521401,0.000657
48201521402,0.002642
48201521501,3.2e-05
48201521502,0.000172
48201521600,0.012332
48201521701,0.04913
48201521702,0.017396
48201521800,0.000681
48201521900,0.0
48201522001,0.0
48201522002,0.0
48201522101,1.8e-05
48201522102,0.000305
48201522201,4.1e-05
48201522202,0.000285
48201522301,2e-05
48201522302,0.000489
48201522401,2.6e-05
48201522402,8e-06
48201522500,0.000104
48201530101,0.000167
48201530102,0.005395
48201530200,0.000538
48201530300,5.5e-05
48201530400,0.000104
48201530501,0.003603
48201530502,7.9e-05
48201530600,0.000177
48201530701,9.9e-05
48201530702,0.001301
48201530800,0.0
48201530900,0.001126
48201531000,0.000107
48201531100,0.0
48201531200,0.0
48201531300,0.000498
48201531400,0.000228
48201531500,0.000134
48201531600,0.000315
48201531700,0.001187
48201531800,0.0
48201531900,0.0
48201532003,0.000166
48201532004,0.00249
48201532101,0.003037
48201532102,0.006932
48201532200,0.000199
48201532301,0.00068
48201532302,0.000247
48201532400,0.0
48201532502,0.000105
48201532503,4.9e-05
48201532504,2.1e-05
48201532600,4.6e-05
48201532700,1.4e-05
48201532800,0.000127
48201532900,2.7e-05
48201533000,1.8e-05
48201533100,2e-05
48201533200,2.5e-05
48201533301,2e-06
48201533302,5.3e-05
48201533401,0.000128
48201533402,0.0
48201533500,2e-06
48201533600,5e-05
48201533701,0.000214
48201533702,8e-06
48201533802,5.6e-05
48201533803,5e-06
48201533804,2.1e-05
48201533902,0.000126
48201533903,0.000467
48201533904,0.000385
48201534001,0.000268
48201534002,0.000232
48201534003,0.000135
48201534101,0.0
48201534102,6.9e-05
48201534201,1.7e-05
48201534203,0.000757
48201534204,0.000519
48201534205,0.000208
48201540101,0.001602
48201540102,6.2e-05
48201540200,1e-05
48201540502,0.001125
48201540503,0.000263
48201540504,0.0012
48201540601,0.000312
48201540602,0.000204
48201540700,0.000228
48201540800,0.000126
48201540901,0.000103
48201540903,0.00026
48201540904,4.4e-05
48201541004,2.7e-05
48201541005,3.9e-05
48201541006,4.1e-05
48201541007,1.8e-05
48201541008,3e-06
48201541009,9e-06
48201541100,0.0
48201541203,4.1e-05
48201541204,0.000127
48201541205,0.0
48201541206,0.000103
48201541207,1.2e-05
48201541301,0.0
48201541302,6.6e-05
48201541401,7.9e-05
48201541402,7.1e-05
48201541403,2.2e-05
48201541404,0.000164
48201541500,0.000297
48201541603,0.000185
48201541604,0.000483
48201541701,7.4e-05
48201541702,0.0
48201541703,0.001016
48201541801,4.2e-05
48201541802,1.2e-05
48201541901,0.000213
48201541902,0.000207
48201542001,0.000231
48201542002,0.000128
48201542003,0.000103
48201542004,0.000158
48201542103,1.7e-05
48201542104,0.002037
48201542105,0.00625
48201542106,0.0
48201542107,0.00036
48201542108,0.000275
48201542201,0.000252
48201542202,0.0
48201542203,3e-06
48201542302,0.000108
48201542303,6.9e-05
48201542304,9.2e-05
48201542305,2.3e-05
48201542401,0.000361
48201542402,0.00015
48201542500,1.7e-05
48201542600,0.00016
48201542700,9.5e-05
48201542800,0.0
48201542901,0.000308
48201542902,0.0
48201543004,0.0
48201543005,0.0
48201543006,0.0
48201543007,0.0
48201543008,7.7e-05
48201543009,0.000324
48201543010,0.000179
48201543011,0.000126
48201543100,0.0
48201543201,0.0
48201543202,0.0
48201550101,0.0
48201550102,5.8e-05
48201550201,0.00026
48201550202,0.002207
48201550303,0.000196
48201550304,6e-05
48201550305,0.000413
48201550306,0.0
48201550307,8.9e-05
48201550308,0.000198
48201550403,0.026652
48201550404,0.888124
48201550405,0.000149
48201550406,0.000382
48201550407,0.000152
48201550500,4.9e-05
48201550601,0.00013
48201550602,0.000136
48201550603,0.000169
48201550700,0.000101
48201550800,5e-05
48201550901,7.1e-05
48201550902,0.0
48201551000,0.841311
48201551101,0.000724
48201551102,0.035446
48201551201,0.000595
48201551202,0.104939
48201551300,2.6e-05
48201551400,0.106956
48201551501,0.0
48201551502,0.000232
48201551601,5e-05
48201551602,0.000204
48201551702,0.0
48201551703,7.2e-05
48201551704,7.8e-05
48201551705,5.8e-05
48201551800,2.2e-05
48201551901,0.001309
48201551902,0.001126
48201552002,0.0
48201552003,0.000163
48201552004,0.000243
48201552101,8.7e-05
48201552102,0.000215
48201552103,5.5e-05
48201552200,4.3e-05
48201552301,0.0
48201552303,6e-06
48201552304,6.2e-05
48201552401,8.5e-05
48201552402,2.5e-05
48201552501,6e-05
48201552502,9.6e-05
48201552602,0.095459
48201552603,8.1e-05
48201552604,0.061546
48201552701,0.022733
48201552702,0.000288
48201552801,0.001026
48201552802,0.037978
48201552901,0.0
48201552902,0.000803
48201553001,0.0
48201553002,1.1e-05
48201553101,1.8e-05
48201553102,3.6e-05
48201553201,0.000172
48201553202,0.000104
48201553300,9e-05
48201553401,6.4e-05
48201553403,0.000145
48201553404,5.2e-05
48201553405,2.9e-05
48201553500,1.4e-05
48201553601,0.000267
48201553602,0.000279
48201553700,0.000282
48201553801,0.000102
48201553803,0.000207
48201553804,1.2e-05
48201553901,0.000244
48201554001,0.000157
48201554002,0.00098
48201554103,0.000359
48201554104,7.4e-05
48201554201,0.0
48201554202,8.4e-05
48201554301,0.000478
48201554302,0.124336
48201554404,0.013339
48201554405,0.000102
48201554406,1.2e-05
48201554407,0.001034
48201554408,0.000941
48201554409,0.342717
48201554410,0.0
48201554501,0.000216
48201554502,0.000223
48201554600,0.000365
48201554701,0.000156
48201554702,0.000497
48201554803,0.0
48201554804,6.3e-05
48201554805,4e-05
48201554806,0.000152
48201554807,2.1e-05
48201554808,2.6e-05
48201554809,4e-06
48201554902,0.0
48201554904,0.000143
48201554905,4.5e-05
48201554906,8.1e-05
48201554907,3e-06
48201554908,0.000224
48201555001,6.3e-05
48201555002,0.000217
48201555101,1.1e-05
48201555102,5.2e-05
48201555200,0.0
48201555301,9.6e-05
48201555303,0.0
48201555304,1.7e-05
48201555305,0.000277
48201555401,0.0
48201555403,0.0
48201555404,0.0
48201555501,1e-06
48201555503,9.1e-05
48201555504,0.000155
48201555505,2.8e-05
48201555600,0.0
48201555701,4.5e-05
48201555703,0.000578
48201555704,0.00055
48201556000,0.0
48201556100,0.002752
48201980000,0.447281
48201980100,0.475464
48201980200,0.037824
48201980300,0.094941
48201980400,0.181218
48201980700,0.086238
48207950300,1e-05
48207950400,0.002235
48209010100,6.5e-05
48209010200,3.5e-05
48209010302,0.000303
48209010305,0.000203
48209010306,0.0
48209010307,0.000582
48209010308,0.003798
48209010309,0.000483
48209010401,4e-05
48209010402,0.0
48209010500,3.1e-05
48209010601,7.4e-05
48209010602,0.0
48209010603,0.0
48209010702,3.5e-05
48209010703,0.000137
48209010704,5.9e-05
48209010806,0.0
48209010807,2e-06
48209010809,0.0
48209010810,0.0
48209010811,0.000129
48209010812,0.000208
48209010813,0.000337
48209010814,4.7e-05
48209010815,0.0
48209010816,0.0
48209010817,0.0
48209010818,1.5e-05
48209010905,0.0
48209010909,0.0
48209010911,0.0
48209010912,0.0
48209010913,0.0
48209010914,0.0
48209010915,0.0
48209010916,0.0
48209010917,0.0
48209010918,0.0
48209010919,0.0
48209010920,0.0
48209010921,0.0
48209010922,0.0
48209010923,0.0
48209010924,0.0
48209010925,0.0
48213950101,2e-06
48213950102,0.0
48213950201,0.0
48213950202,0.0
48213950301,0.0
48213950302,0.0
48213950303,5.6e-05
48213950400,0.0
48213950500,0.0009
48213950601,0.050492
48213950603,0.056793
48213950604,0.026264
48213950700,0.013302
48213950801,0.070715
48213950802,0.043224
48213950902,0.03332
48213950903,0.101632
48213950904,0.06371
48213950905,0.023466
48213951000,0.064339
48213951101,0.0
48213951102,0.00579
48213951201,1.5e-05
48213951202,1.3e-05
48213951300,1.6e-05
48213951401,0.0
48213951402,0.0
48213951403,0.0
48215020103,0.000347
48215020104,6.5e-05
48215020105,0.001308
48215020106,3.3e-05
48215020107,0.0
48215020108,0.0
48215020205,0.00106
48215020206,1.1e-05
48215020207,0.000147
48215020208,8.8e-05
48215020209,9e-06
48215020210,0.000485
48215020211,0.0
48215020303,3e-06
48215020304,1.2e-05
48215020305,0.001577
48215020306,0.000554
48215020307,0.000369
48215020403,0.000218
48215020405,0.000526
48215020406,0.0
48215020407,0.001529
48215020408,0.000569
48215020409,0.00062
48215020505,0.007793
48215020506,0.004283
48215020507,0.0
48215020508,0.0
48215020509,0.0
48215020510,0.0
48215020511,0.000487
48215020512,0.000248
48215020513,0.0
48215020600,0.003062
48215020724,8.3e-05
48215020725,0.000777
48215020727,9.4e-05
48215020728,0.000344
48215020729,0.001518
48215020730,0.001191
48215020731,4.8e-05
48215020732,0.000377
48215020733,0.001211
48215020734,0.000252
48215020735,0.000105
48215020736,0.000731
48215020804,0.00536
48215020805,0.001933
48215020806,0.00234
48215020807,0.001336
48215020808,0.00041
48215020905,0.001523
48215020906,0.000304
48215020907,0.001905
48215020908,0.000475
48215020909,1.8e-05
48215020910,0.000319
48215021001,0.002259
48215021002,0.002526
48215021003,0.002805
48215021100,0.014875
48215021201,0.008714
48215021203,0.0
48215021204,0.005103
48215021306,0.0
48215021307,0.0
48215021308,0.0
48215021309,0.0
48215021310,0.0
48215021311,0.0
48215021312,0.0
48215021313,0.0
48215021314,0.0
48215021315,0.0
48215021401,0.014685
48215021405,0.0
48215021406,0.000522
48215021407,0.00178
48215021408,0.0
48215021409,0.0
48215021500,0.004393
48215021600,0.002141
48215021703,0.004701
48215021704,0.009537
48215021705,0.001802
48215021706,0.011711
48215021707,0.009512
48215021803,0.020194
48215021804,0.002991
48215021807,0.006288
48215021808,0.010043
48215021809,0.003248
48215021810,0.028181
48215021903,0.0
48215021904,0.003665
48215021905,0.017635
48215021906,0.017477
48215022005,0.0
48215022006,0.0
48215022007,0.0
48215022008,0.0
48215022009,0.0
48215022010,0.0
48215022011,0.0
48215022105,0.0
48215022107,0.0
48215022108,0.0
48215022109,0.0
48215022110,1.5e-05
48215022111,3.4e-05
48215022112,0.0
48215022113,0.0
48215022203,0.0
48215022204,0.0
48215022205,0.0
48215022206,3.9e-05
48215022301,0.0
48215022302,0.0
48215022401,0.0
48215022402,0.0
48215022502,0.0
48215022503,3.7e-05
48215022504,0.0
48215022600,0.0
48215022703,0.0
48215022704,0.0
48215022705,0.0
48215022706,0.0
48215022801,0.0
48215022802,0.0
48215022900,0.0
48215023000,0.0
48215023103,0.0
48215023104,0.0
48215023105,0.0
48215023106,0.0
48215023516,0.000176
48215023517,3e-05
48215023518,0.000226
48215023519,1.9e-05
48215023520,0.000207
48215023521,0.0
48215023522,4e-06
48215023523,0.0
48215023524,0.0
48215023525,0.0
48215023526,0.043381
48215023527,0.0
48215023528,0.0
48215023529,0.0
48215023530,0.0
48215023531,0.000273
48215023532,0.0
48215023533,2.5e-05
48215023534,1e-06
48215023535,0.000159
48215023536,6e-05
48215023601,2.7e-05
48215023602,0.0
48215023700,7.3e-05
48215023803,0.008479
48215023804,0.005197
48215023805,4e-06
48215023806,0.0
48215023903,0.00047
48215023905,0.000345
48215023906,0.001408
48215023907,0.003223
48215023908,9.7e-05
48215024001,3e-05
48215024002,0.047869
48215024003,0.000101
48215024004,0.0
48215024107,0.000264
48215024108,9.8e-05
48215024109,0.000391
48215024115,0.0
48215024116,0.001021
48215024117,0.000252
48215024118,0.000271
48215024119,0.000139
48215024120,0.000113
48215024121,0.000143
48215024122,0.000186
48215024123,2e-05
48215024124,0.0
48215024125,0.000839
48215024126,8.1e-05
48215024127,0.0
48215024128,7e-05
48215024129,0.000485
48215024130,2.4e-05
48215024131,0.0
48215024132,0.000188
48215024204,0.0
48215024206,0.0
48215024207,0.0
48215024208,0.0
48215024209,0.0
48215024210,0.0
48215024211,0.000264
48215024212,0.0
48215024301,7e-06
48215024302,0.000464
48215024403,0.000639
48215024404,0.0
48215024405,8e-06
48215024406,0.0
48215024501,0.0
48215024502,0.0
48215024600,0.000113
48215980000,0.0
48217960100,0.017226
48217960200,0.003009
48217960400,0.0
48217960501,0.0
48217960502,0.0
48217960600,8e-05
48217960700,0.00023
48217960800,0.000338
48217960900,0.000234
48217961000,0.000219
48217961100,0.006222
48217961400,0.000375
48221160100,0.000181
48221160204,0.020586
48221160206,0.025281
48221160210,0.011995
48221160211,0.00437
48221160212,0.013567
48221160213,0.02212
48221160214,0.061432
48221160215,0.000765
48221160216,0.002124
48221160217,0.041588
48221160218,0.002267
48221160302,0.002556
48221160303,0.002534
48223950100,6.6e-05
48223950200,0.000103
48223950301,0.0
48223950302,1.9e-05
48223950401,2e-06
48223950402,0.0
48223950500,0.000126
48223950600,0.000105
48223950700,9.8e-05
48223950800,0.0
48225950101,0.000555
48225950102,0.002187
48225950200,0.000668
48225950300,8.2e-05
48225950400,0.000357
48225950500,0.001479
48225950600,0.025777
48225950700,0.000859
48227950100,0.002097
48227950200,0.00013
48227950300,2.9e-05
48227950400,1.2e-05
48227950500,0.0
48227950600,0.0001
48227950700,1.5e-05
48227950801,3.4e-05
48227950802,0.000134
48227950900,0.000635
48231960100,0.000185
48231960200,3.2e-05
48231960300,0.0
48231960400,0.0
48231960500,0.000167
48231960600,0.0004
48231960700,0.000198
48231960800,0.0
48231960900,0.0
48231961000,0.000101
48231961101,0.001641
48231961102,0.0024
48231961200,0.0
48231961300,3.9e-05
48231961401,0.0
48231961402,0.0
48231961501,0.001431
48231961502,0.0
48231961503,0.000832
48231961600,0.000427
48231961700,0.0
48235950100,0.005513
48237950100,0.000669
48237950300,2.3e-05
48237950500,0.0
48239950100,0.000387
48239950200,0.000191
48239950300,0.000242
48247950200,0.000285
48247950400,0.000741
48249950101,0.000152
48249950102,0.003145
48249950201,0.000202
48249950202,0.0
48249950301,0.0065
48249950302,0.011613
48249950303,0.026169
48249950400,0.000979
48249950500,9.8e-05
48249950600,0.000836
48249950700,0.0
48251130100,0.00072
48251130205,0.000158
48251130210,0.0
48251130211,0.0
48251130212,2e-06
48251130213,0.0
48251130214,0.0
48251130215,0.0
48251130216,0.000144
48251130217,0.000129
48251130218,0.000108
48251130219,2.5e-05
48251130220,0.000107
48251130221,0.0
48251130222,4e-05
48251130302,0.0
48251130303,0.0
48251130304,0.0
48251130405,8e-06
48251130406,0.0
48251130411,0.0
48251130412,0.0005
48251130413,0.00041
48251130414,0.0
48251130415,4.7e-05
48251130416,0.0
48251130417,0.0
48251130418,0.0
48251130419,1.6e-05
48251130501,0.00011
48251130502,0.000453
48251130602,0.0
48251130603,1.8e-05
48251130604,0.000188
48251130700,0.0
48251130800,0.0
48251130900,0.0
48251131000,0.0
48251131100,3e-05
48253020101,0.001307
48253020102,0.000576
48253020200,0.000582
48253020300,0.003597
48253020400,0.00043
48253020500,0.000953
48255970100,0.000564
48255970200,0.007717
48255970301,0.008118
48255970302,0.004793
48255970400,0.023393
48257050204,0.0
48257050207,0.0
48257050208,0.0
48257050209,0.0
48257050210,1.3e-05
48257050211,0.0
48257050212,0.0
48257050213,0.0
48257050214,4e-05
48257050215,0.0
48257050300,0.002885
48257050401,0.001288
48257050402,0.007254
48257050500,0.002886
48257050601,0.003023
48257050602,0.016772
48257050701,0.00176
48257050703,0.001203
48257050704,0.002246
48257050801,0.021286
48257050802,0.0
48257051000,3.9e-05
48257051100,0.000195
48257051201,0.001803
48257051202,0.020651
48257051301,0.001813
48257051302,0.00907
48259970101,0.0
48259970102,0.000136
48259970301,0.000317
48259970302,0.0
48259970403,1.4e-05
48259970404,1.2e-05
48259970405,4e-06
48259970406,3e-05
48259970500,3e-06
48261950100,0.003421
48263950100,0.030305
48265960101,0.0
48265960102,2.3e-05
48265960200,0.0
48265960301,0.0
48265960303,0.0
48265960304,3.5e-05
48265960401,0.0
48265960403,0.0
48265960404,0.0
48265960500,0.0
48265960601,0.0
48265960602,0.0
48265960700,0.0
48265960800,0.0
48267950100,0.00015
48267950200,1.6e-05
48269950100,0.003153
48271950100,0.000134
48273020101,9.5e-05
48273020102,0.0
48273020200,1.6e-05
48273020301,0.0
48273020302,2.9e-05
48273020401,5.4e-05
48273020402,0.0
48273020501,0.0
48273020502,5.8e-05
48275950100,0.000483
48275950200,6.5e-05
48277000101,0.0
48277000102,2.5e-05
48277000200,0.000166
48277000301,1.4e-05
48277000302,0.0
48277000401,0.000187
48277000402,1.3e-05
48277000500,0.000146
48277000600,0.000255
48277000700,0.000168
48277000800,0.000325
48277000900,1.6e-05
48277001000,7e-06
48281950100,8.6e-05
48281950302,0.0
48281950303,0.000957
48281950304,0.018758
48281950400,2.3e-05
48281950500,0.0
48283950301,0.054889
48283950302,0.097125
48285000100,4.9e-05
48285000200,0.000195
48285000300,0.000119
48285000400,0.000836
48285000500,0.000141
48285000600,8.8e-05
48287000100,4e-06
48287000200,0.0
48287000300,6.1e-05
48287000400,0.000196
48289950101,0.0
48289950102,0.000307
48289950201,0.0
48289950202,0.000561
48289950301,0.000176
48289950302,0.000217
48291700100,1.5e-05
48291700200,0.0
48291700301,0.0
48291700302,0.0
48291700303,0.0
48291700400,7e-06
48291700500,0.003652
48291700900,4e-06
48291701000,0.000345
48293970100,0.000571
48293970200,0.000141
48293970300,0.000174
48293970400,0.000111
48293970500,0.000116
48293970600,0.000293
48293970700,3.1e-05
48293970800,3.9e-05
48297950100,0.0
48297950200,0.000143
48297950300,0.0
48297950400,0.0
48299970100,0.0
48299970200,0.000196
48299970300,0.000141
48299970401,2.1e-05
48299970402,4e-06
48299970501,0.000604
48299970502,0.0
48299970600,2.6e-05
48303000100,0.0
48303000201,7.2e-05
48303000202,0.0
48303000301,0.0
48303000303,7.3e-05
48303000304,0.0
48303000402,0.000249
48303000403,2.8e-05
48303000406,0.0
48303000407,0.000216
48303000408,0.000394
48303000409,0.0
48303000410,0.00048
48303000411,0.001553
48303000501,0.00025
48303000502,0.042764
48303000503,5e-06
48303000603,0.000425
48303000605,0.000179
48303000607,0.0
48303000700,0.0
48303000901,0.0
48303000902,0.0
48303001000,0.0
48303001200,0.0
48303001300,0.0
48303001401,0.0
48303001402,0.000163
48303001501,0.0
48303001502,0.0
48303001601,0.000205
48303001602,0.00016
48303001708,0.000446
48303001709,0.000214
48303001710,0.000248
48303001711,2.8e-05
48303001712,0.000533
48303001713,4e-06
48303001714,0.0
48303001715,0.012224
48303001716,0.000258
48303001717,5.6e-05
48303001804,3.1e-05
48303001805,0.000285
48303001806,8.1e-05
48303001807,0.000233
48303001808,0.000436
48303001904,0.000632
48303001905,6.3e-05
48303001906,0.000137
48303001907,2.3e-05
48303001908,0.0002
48303002001,0.0
48303002002,2e-05
48303002102,2.2e-05
48303002103,0.0
48303002104,0.0
48303002203,0.0
48303002205,0.0
48303002206,0.0
48303002207,0.0
48303002208,0.0
48303002301,6e-06
48303002302,0.0
48303002401,0.0
48303002402,0.0
48303002500,0.0
48303010101,0.046227
48303010102,0.000197
48303010201,0.0
48303010202,0.014837
48303010203,0.0
48303010204,0.0
48303010301,0.001341
48303010302,6.5e-05
48303010402,0.0
48303010404,0.000141
48303010409,0.000204
48303010410,3.7e-05
48303010411,2.4e-05
48303010412,0.0
48303010413,3.5e-05
48303010414,0.000137
48303010415,0.0
48303010416,0.001762
48303010417,0.0
48303010418,0.005946
48303010419,0.0
48303010420,0.000774
48303010421,0.0
48303010422,0.0
48303010423,0.001176
48303010502,0.000204
48303010504,0.000241
48303010505,9.6e-05
48303010506,0.0
48303010509,0.0
48303010510,0.0
48303010511,0.0
48303010512,0.0
48303010513,1.4e-05
48303010514,0.0
48303010601,0.000453
48303010602,0.001003
48303010700,0.008937
48303980000,3.8e-05
48305950400,0.097742
48305950500,0.00043
48305950600,0.045512
48307950300,9.1e-05
48307950400,0.001086
48307950500,0.000565
48309000100,0.0
48309000200,1e-06
48309000300,0.012113
48309000401,0.00039
48309000402,5e-05
48309000598,0.0
48309000700,9.4e-05
48309000800,8e-06
48309000900,2.3e-05
48309001000,0.000125
48309001100,0.0
48309001200,0.000114
48309001300,0.0
48309001401,0.0
48309001402,6e-06
48309001500,0.000316
48309001600,1.7e-05
48309001700,0.0
48309001800,0.000229
48309001900,0.0
48309002000,1.9e-05
48309002100,0.0
48309002302,0.0
48309002498,1.1e-05
48309002501,7.3e-05
48309002503,5e-06
48309002504,0.0
48309002600,0.000131
48309002700,0.0
48309002800,0.0
48309002900,0.0
48309003000,0.000133
48309003200,1.3e-05
48309003300,0.004402
48309003401,0.0
48309003402,2e-06
48309003500,0.000235
48309003601,0.000501
48309003602,0.00025
48309003701,0.0
48309003703,0.0
48309003708,0.0
48309003709,1.3e-05
48309003710,0.0
48309003711,0.0
48309003712,1.6e-05
48309003801,0.0
48309003802,4e-05
48309003901,0.0
48309003902,0.0
48309004000,0.0
48309004102,0.0
48309004104,0.0
48309004105,0.0
48309004201,0.000279
48309004202,0.0
48309004300,1e-06
48309980000,0.006517
48311950100,0.001518
48313000100,0.003362
48313000200,1.9e-05
48313000300,3.5e-05
48313000400,0.0
48317950100,0.015393
48317950200,0.001053
48319950100,3e-05
48319950200,0.00065
48321730100,0.000121
48321730202,0.00029
48321730203,0.001926
48321730204,1.6e-05
48321730301,1e-06
48321730302,4.7e-05
48321730303,0.000214
48321730400,9.8e-05
48321730502,0.000142
48321730503,0.0
48321730600,0.000363
48321730700,0.000269
48323950204,0.0
48323950206,0.0
48323950207,0.0
48323950208,0.0
48323950209,0.0
48323950301,0.0
48323950302,0.0
48323950400,0.0
48323950500,0.0
48323950601,0.0
48323950602,0.0
48323950701,0.0
48323950702,0.0
48325000101,0.000163
48325000103,0.0
48325000104,0.0
48325000200,7e-06
48325000301,0.0
48325000302,0.0
48325000401,1.7e-05
48325000402,0.000332
48325000500,0.000556
48325000801,0.000102
48325000802,4.5e-05
48327950300,1.7e-05
48329010123,0.007806
48329010124,0.004113
48329010128,0.004311
48329010129,6.5e-05
48331950100,6.1e-05
48331950300,2.9e-05
48331950401,5.6e-05
48331950402,7.4e-05
48331950500,0.0
48331950700,0.0
48331950800,0.0
48333950100,0.000258
48333950200,0.006067
48335950200,0.004751
48335950400,0.005398
48337950100,3.6e-05
48337950200,0.00057
48337950401,1.7e-05
48337950402,5e-06
48337950501,0.000126
48337950502,4.1e-05
48337950600,1.7e-05
48339690101,0.0
48339690102,0.000114
48339690203,0.0
48339690204,0.0
48339690205,0.0
48339690206,0.000114
48339690207,0.0
48339690300,0.0
48339690403,0.0
48339690404,1.6e-05
48339690405,3e-06
48339690406,0.0
48339690407,5.7e-05
48339690408,0.0
48339690501,0.0002
48339690502,0.0
48339690503,1.3e-05
48339690603,0.0
48339690604,0.000226
48339690605,0.000563
48339690606,0.000366
48339690607,0.001837
48339690608,0.0
48339690609,0.000475
48339690610,0.001524
48339690701,0.0
48339690702,0.0
48339690800,0.001153
48339690900,0.00051
48339691000,0.001897
48339691100,0.000787
48339691201,0.002607
48339691202,0.001613
48339691301,0.000257
48339691302,0.001056
48339691401,2.7e-05
48339691402,0.0
48339691403,0.000187
48339691500,3e-06
48339691601,0.0
48339691602,0.000103
48339691700,0.0
48339691801,0.00011
48339691802,1.8e-05
48339691900,0.0
48339692003,0.0
48339692004,4.6e-05
48339692005,0.00012
48339692006,0.000403
48339692007,0.000125
48339692008,7.6e-05
48339692009,0.0
48339692010,0.0
48339692101,6e-06
48339692102,3.1e-05
48339692103,0.0
48339692201,0.0
48339692202,0.0
48339692301,0.0
48339692302,0.0
48339692303,0.0
48339692304,0.0
48339692401,0.0
48339692402,0.0
48339692501,0.0
48339692502,0.0
48339692601,0.0
48339692603,0.0
48339692604,0.0
48339692605,0.0
48339692701,0.0
48339692702,0.0
48339692802,0.0
48339692803,0.0
48339692804,0.0
48339692900,0.0
48339693001,0.0
48339693002,0.0
48339693102,0.0
48339693103,6e-06
48339693104,3.4e-05
48339693201,0.0
48339693202,0.0
48339693301,0.0
48339693302,1e-06
48339693303,1.4e-05
48339693304,0.0
48339693401,9.5e-05
48339693402,0.000265
48339693501,3.5e-05
48339693502,3.4e-05
48339693503,0.0
48339693600,0.0
48339693701,0.0
48339693702,0.0
48339693703,0.0
48339693800,0.0
48339693901,9.1e-05
48339693902,0.0
48339693903,8e-06
48339693904,0.003063
48339694001,0.0
48339694002,0.0
48339694103,0.0
48339694104,1.1e-05
48339694105,0.0
48339694106,0.0
48339694107,0.0
48339694203,0.0
48339694204,0.0
48339694205,0.000437
48339694206,6e-06
48339694207,0.0
48339694208,8.1e-05
48339694209,0.0
48339694210,0.000178
48339694303,0.0
48339694304,0.0
48339694305,6e-05
48339694306,3.1e-05
48339694307,0.000405
48339694308,0.000393
48339694309,0.000391
48339694401,0.0
48339694402,0.0
48339694403,0.0
48339694501,0.0
48339694502,0.0
48339694503,0.0
48339694601,2.2e-05
48339694602,0.000177
48339694603,0.0
48339694700,8.9e-05
48347950200,0.002058
48349970100,0.078168
48349970200,0.002785
48349970301,0.016355
48349970302,0.00286
48349970400,0.001234
48349970500,0.000296
48349970600,0.00532
48349970701,2.1e-05
48349970800,0.000488
48349970901,0.000673
48349970902,0.00059
48349971000,0.0
48353950100,0.000552
48353950200,0.0
48353950300,4e-06
48353950400,5e-06
48353950500,0.005929
48355000500,0.359846
48355000601,0.000127
48355000602,0.0
48355000700,0.000262
48355000800,0.004754
48355000900,0.000112
48355001000,0.000414
48355001100,0.004689
48355001201,0.002287
48355001202,0.000943
48355001300,0.000318
48355001400,0.000336
48355001500,8.9e-05
48355001601,0.000592
48355001602,0.000323
48355001702,0.000101
48355001703,7.6e-05
48355001704,0.000142
48355001801,0.000361
48355001802,0.0
48355001903,0.000266
48355001904,7e-05
48355001905,0.000443
48355001906,2.6e-05
48355002001,0.000469
48355002002,0.000702
48355002101,0.000505
48355002102,8e-06
48355002200,0.000207
48355002301,8.6e-05
48355002303,0.000159
48355002304,0.00018
48355002400,2.4e-05
48355002500,0.000145
48355002601,0.000953
48355002602,0.0003
48355002603,8.3e-05
48355002703,0.000247
48355002705,0.000123
48355002706,0.02764
48355002707,0.000375
48355002708,0.000176
48355002900,0.008759
48355003002,0.000168
48355003003,9.2e-05
48355003004,0.000612
48355003101,0.000198
48355003102,0.0
48355003202,7e-05
48355003204,0.000359
48355003205,0.000271
48355003206,0.000582
48355003303,5.5e-05
48355003304,0.000139
48355003305,0.000574
48355003306,3.5e-05
48355003401,0.000379
48355003402,0.000165
48355003500,0.000158
48355003601,0.0
48355003602,9e-06
48355003603,0.0
48355003700,5.8e-05
48355005103,0.0
48355005104,7.4e-05
48355005404,0.0
48355005406,0.0
48355005407,0.000219
48355005408,0.000219
48355005409,0.000119
48355005410,0.000354
48355005411,0.00036
48355005412,0.00022
48355005413,0.000107
48355005414,1e-05
48355005415,3e-05
48355005416,0.000251
48355005417,0.0
48355005603,0.000138
48355005604,0.000375
48355005605,0.000307
48355005606,0.000991
48355005801,2.7e-05
48355005803,0.0
48355005804,0.000597
48355005900,0.002971
48355006000,0.024205
48355006100,0.0
48355006201,0.0
48355006202,0.0
48355006203,0.0
48355006204,9e-06
48355006205,0.0
48355006300,0.002569
48355006400,0.080713
48355980000,0.053642
48363000100,0.004126
48363000200,0.00014
48363000300,0.0
48363000401,0.0
48363000402,1.7e-05
48363000500,7e-05
48363000600,6.9e-05
48363000700,0.000281
48363000800,6.4e-05
48363000900,2.7e-05
48367140101,0.0
48367140102,3.5e-05
48367140201,0.0
48367140202,0.000166
48367140300,1.4e-05
48367140403,0.0
48367140408,2.2e-05
48367140409,0.0
48367140410,0.004299
48367140411,7.4e-05
48367140412,0.0
48367140413,0.0
48367140414,6.2e-05
48367140415,0.00012
48367140416,0.012146
48367140502,0.002783
48367140503,0.002934
48367140504,0.002471
48367140601,0.004577
48367140603,0.005131
48367140604,0.002398
48367140707,0.096255
48367140708,0.000137
48367140709,0.001715
48367140710,0.007051
48367140711,0.024448
48367140712,0.018835
48367140713,0.015308
48367140714,0.045696
48371950100,0.006189
48373210203,0.000361
48373210204,0.000886
48373210205,0.000597
48373210206,3.9e-05
48373210301,0.0
48373210302,0.000158
48373210402,0.003917
48379950101,0.0
48379950102,0.0
48379950200,0.0
48383950100,0.014462
48385950100,0.0
48387950100,0.009967
48387950501,0.00019
48387950502,1.9e-05
48387950600,9.5e-05
48387950700,0.000277
48391950200,0.001634
48391950400,0.011636
48395960100,6.6e-05
48395960200,0.0
48395960300,8.3e-05
48395960400,0.0
48395960501,0.0
48395960502,3e-06
48397040101,0.0
48397040103,1.1e-05
48397040104,0.000229
48397040201,0.0
48397040202,0.0
48397040203,0.0
48397040301,0.000234
48397040303,0.0
48397040304,0.0
48397040305,0.0
48397040403,7e-06
48397040404,0.0
48397040405,6.3e-05
48397040406,0.0
48397040407,0.0
48397040408,0.0
48397040409,0.0
48397040410,0.0
48397040411,0.0
48397040412,0.0
48397040503,0.0
48397040507,0.0
48397040508,0.0
48397040509,0.0
48397040510,0.0
48397040511,0.0
48397040512,0.0
48397040513,0.0
48397040514,0.0
48399950100,0.013979
48399950200,6e-06
48399950500,0.030875
48399950600,0.000111
48401950200,0.002816
48401950300,0.045041
48401950400,0.0003
48401950501,0.000741
48401950502,0.000516
48401951000,0.002628
48401951100,0.003668
48407200103,0.000843
48407200104,3.7e-05
48407200105,0.000733
48407200106,2e-06
48407200107,0.0
48407200201,7e-06
48407200202,0.001309
48407200301,0.0
48407200302,0.0
48409010201,0.000182
48409010202,0.0
48409010301,2.1e-05
48409010302,0.000258
48409010500,0.000755
48409010601,1.8e-05
48409010602,0.00014
48409010603,0.0
48409010604,0.000278
48409010700,0.011243
48409010800,0.000174
48409010900,0.005754
48409011000,0.031093
48409011100,0.0
48409011200,0.007639
48409011300,0.003722
48411950100,1.5e-05
48411950200,0.000329
48413950300,0.000364
48415950100,0.013042
48415950200,0.001469
48415950300,0.000272
48415950600,0.010229
48417950300,0.000216
48423000100,0.0
48423000201,0.0
48423000202,0.0
48423000300,0.0
48423000400,0.0
48423000500,0.0
48423000600,0.0
48423000700,0.0
48423000800,0.0
48423000900,0.0
48423001000,0.0
48423001101,0.0
48423001102,0.0
48423001200,0.0
48423001300,0.0
48423001404,0.0
48423001405,0.0
48423001406,0.0
48423001407,0.0
48423001408,0.0
48423001501,0.0
48423001502,0.0
48423001602,0.0
48423001605,0.0
48423001606,0.0
48423001607,0.0
48423001608,0.0
48423001701,0.0
48423001702,0.0
48423001803,0.0
48423001804,0.0
48423001805,0.0
48423001806,0.0
48423001807,0.0
48423001906,0.0
48423001909,0.0
48423001910,0.0
48423001911,0.0
48423001912,0.0
48423001913,0.0
48423001914,0.0
48423001915,0.0
48423001916,0.0
48423001917,0.0
48423002003,0.0
48423002004,0.0
48423002006,0.0
48423002009,0.0
48423002010,0.0
48423002011,0.0
48423002012,0.0
48423002013,0.0
48423002101,0.0
48423002102,0.0
48423002200,0.0
48423980000,0.0
48425000101,0.007649
48425000102,0.030769
48425000200,0.000789
48427950101,0.001116
48427950104,0.0
48427950105,0.0
48427950106,0.0
48427950107,0.0
48427950108,0.0
48427950202,0.0
48427950203,0.0
48427950204,0.0
48427950402,0.0
48427950403,0.0
48427950404,0.0
48427950500,0.0
48427950601,0.0
48427950602,0.0
48427950701,0.0
48427950702,0.0
48429950200,0.0
48429950300,0.000145
48429950500,0.000429
48431950100,0.005202
48433950300,0.004475
48435950300,0.00034
48439100101,0.0
48439100102,0.0
48439100201,0.0
48439100202,0.0
48439100300,0.0
48439100401,0.0
48439100402,0.0
48439100503,0.0
48439100504,0.0
48439100505,0.0
48439100506,0.0
48439100601,0.0
48439100602,0.0
48439100700,0.0
48439100800,0.0
48439100900,0.0
48439101201,0.0
48439101202,0.0
48439101301,0.0
48439101302,0.0
48439101401,1e-06
48439101402,0.0
48439101403,0.0
48439101500,0.0
48439101700,0.0
48439102000,0.0
48439102101,3e-05
48439102102,0.0
48439102201,0.0
48439102202,0.0
48439102301,0.0
48439102302,0.0
48439102401,0.0
48439102402,0.0
48439102500,0.0
48439102601,0.0
48439102602,0.0
48439102700,0.0
48439103500,0.0
48439103601,0.0
48439103602,0.0
48439103701,0.0
48439103702,0.0
48439103800,0.0
48439104100,0.0
48439104202,0.0
48439104203,0.0
48439104204,0.0
48439104301,1.3e-05
48439104302,0.0
48439104400,0.0
48439104502,0.0
48439104503,0.0
48439104504,0.0
48439104505,0.0
48439104601,0.0
48439104602,0.0
48439104603,0.0
48439104604,0.0
48439104605,0.0
48439104701,0.0
48439104702,0.0
48439104802,0.0
48439104803,0.0
48439104804,0.0
48439104900,0.0
48439105007,0.0
48439105008,0.0
48439105009,0.0
48439105201,0.0
48439105203,0.0
48439105204,0.000178
48439105206,0.0
48439105207,6.3e-05
48439105403,0.0
48439105404,0.0
48439105405,0.0
48439105407,0.0
48439105408,0.0
48439105502,0.0
48439105503,0.0
48439105505,0.0
48439105511,0.0
48439105512,0.0
48439105513,0.0
48439105514,0.0
48439105515,0.0
48439105516,0.0
48439105517,0.0
48439105518,0.0
48439105519,0.0
48439105520,2.4e-05
48439105600,0.0
48439105701,0.0
48439105703,0.0
48439105705,0.0
48439105706,0.0
48439105800,0.0
48439105901,0.0
48439105902,0.0
48439106002,0.0
48439106004,0.0
48439106005,0.0
48439106006,0.0
48439106101,0.0
48439106102,0.0
48439106201,0.0
48439106202,0.0
48439106300,0.0
48439106400,0.0
48439106502,0.0
48439106503,0.0
48439106507,0.0
48439106509,0.0
48439106512,0.0
48439106513,0.0
48439106514,0.0
48439106515,2.5e-05
48439106518,4e-06
48439106519,4e-06
48439106520,0.0
48439106521,0.0
48439106522,0.0
48439106523,0.0
48439106524,0.0
48439106525,0.0
48439106526,0.0
48439106600,0.0
48439106700,0.0
48439110102,1.6e-05
48439110103,0.000251
48439110104,0.000155
48439110202,5.1e-05
48439110204,0.000621
48439110205,3.3e-05
48439110206,0.000118
48439110301,0.000163
48439110302,0.0
48439110401,0.002529
48439110402,0.0
48439110500,7.5e-05
48439110600,0.0
48439110703,2.3e-05
48439110704,0.000201
48439110705,0.000123
48439110706,0.000364
48439110805,0.0
48439110806,0.0
48439110807,0.0
48439110808,0.0
48439110809,0.0
48439110901,0.000133
48439110903,0.000198
48439110905,0.000731
48439110906,0.000174
48439110907,0.000243
48439111003,8e-06
48439111010,0.0
48439111015,0.000185
48439111018,0.0
48439111019,0.0
48439111020,0.0
48439111021,0.0
48439111022,0.0
48439111023,0.0
48439111024,0.0
48439111025,0.0
48439111026,0.0
48439111027,7e-06
48439111028,0.0
48439111029,1.9e-05
48439111030,0.000338
48439111031,0.0
48439111032,0.0
48439111033,0.0
48439111102,2.9e-05
48439111103,0.000242
48439111104,8.6e-05
48439111202,0.00016
48439111203,0.0
48439111204,0.0
48439111304,0.000113
48439111306,3.1e-05
48439111307,0.000233
48439111308,0.000421
48439111309,0.00044
48439111311,0.000157
48439111312,0.000684
48439111314,0.000178
48439111315,0.000268
48439111316,0.000232
48439111317,0.0
48439111318,9e-06
48439111319,0.000335
48439111320,0.000195
48439111402,0.00019
48439111405,1e-05
48439111406,0.000535
48439111407,0.001108
48439111408,0.0
48439111409,0.000753
48439111410,0.001737
48439111411,0.0
48439111505,0.001747
48439111506,0.001031
48439111513,0.000353
48439111514,0.000298
48439111516,0.000917
48439111522,0.000122
48439111525,0.000698
48439111526,0.001085
48439111529,0.000569
48439111530,0.001018
48439111531,0.000557
48439111532,1.8e-05
48439111533,0.000727
48439111534,0.00035
48439111536,0.00077
48439111538,0.000235
48439111540,0.000796
48439111541,0.000236
48439111542,7.4e-05
48439111543,0.000585
48439111544,1e-06
48439111545,0.00472
48439111546,0.000388
48439111551,0.000306
48439111552,0.000751
48439111553,0.001221
48439111554,0.000146
48439111555,0.000402
48439111556,8.6e-05
48439111557,0.000324
48439111558,0.00031
48439111559,0.004598
48439111560,0.001878
48439111561,0.000108
48439111562,0.000214
48439111563,0.000217
48439111564,0.000654
48439111565,0.001041
48439111566,0.003517
48439111567,0.000187
48439111568,0.000114
48439111569,0.000268
48439111570,0.000177
48439111571,9e-05
48439111572,0.000496
48439113003,0.00222
48439113004,0.001027
48439113005,0.004194
48439113006,0.000968
48439113007,0.000636
48439113102,0.00095
48439113104,0.002031
48439113107,0.00043
48439113108,0.000183
48439113109,0.000867
48439113110,0.003811
48439113112,0.001922
48439113115,4.8e-05
48439113116,0.000375
48439113117,0.00072
48439113118,0.002437
48439113119,0.000952
48439113120,0.0
48439113121,0.18974
48439113122,0.054292
48439113206,0.000231
48439113207,0.000233
48439113210,0.00031
48439113212,7.2e-05
48439113213,0.000542
48439113214,4.4e-05
48439113215,6e-06
48439113216,0.000154
48439113217,0.000415
48439113218,5.7e-05
48439113221,2e-06
48439113222,9.8e-05
48439113223,0.000217
48439113301,6.9e-05
48439113302,8.7e-05
48439113403,0.000143
48439113404,0.000672
48439113407,0.000149
48439113408,0.000175
48439113409,0.0
48439113410,0.0
48439113509,0.000146
48439113510,0.0
48439113511,0.000612
48439113512,0.000631
48439113513,0.00013
48439113514,0.000525
48439113516,0.000406
48439113517,0.000874
48439113519,0.000264
48439113520,8.3e-05
48439113521,0.003795
48439113522,0.000596
48439113607,0.000683
48439113611,0.000206
48439113612,0.000947
48439113613,0.000274
48439113618,0.000164
48439113619,0.000526
48439113622,0.000617
48439113623,0.000253
48439113624,0.00027
48439113625,0.000157
48439113626,0.000104
48439113628,0.001249
48439113629,0.001561
48439113630,0.000377
48439113632,0.000293
48439113633,9.3e-05
48439113634,0.000886
48439113635,0.000649
48439113636,0.0099
48439113637,0.000701
48439113638,0.000342
48439113639,0.000618
48439113640,0.000301
48439113707,0.000536
48439113709,0.000578
48439113710,0.000287
48439113711,0.000227
48439113712,0.000212
48439113713,0.001638
48439113714,0.000224
48439113715,5.8e-05
48439113716,0.000194
48439113803,0.000225
48439113808,0.000106
48439113809,0.000162
48439113810,3.6e-05
48439113811,0.000164
48439113812,0.000461
48439113813,0.000363
48439113814,0.000485
48439113815,0.000168
48439113816,7e-06
48439113906,0.000531
48439113908,0.000197
48439113912,5.4e-05
48439113916,0.0
48439113917,0.0
48439113918,0.0
48439113919,0.0
48439113920,0.0
48439113923,0.0
48439113924,0.0
48439113925,0.0
48439113930,0.0
48439113931,0.0
48439113932,0.0
48439113933,0.0
48439113934,0.0
48439113935,0.0
48439113936,6e-06
48439113937,0.0
48439113938,0.0
48439113939,0.0
48439113940,2.2e-05
48439113941,0.0
48439113942,0.0
48439113943,1e-06
48439113944,0.0
48439113945,0.0
48439113946,0.0
48439113947,2.6e-05
48439113948,0.0
48439113949,1.3e-05
48439113950,0.0
48439113951,0.000236
48439113952,2e-06
48439113953,8e-05
48439113954,0.000148
48439113955,0.000966
48439113956,0.000597
48439113957,0.000379
48439113958,0.000184
48439114003,0.000571
48439114006,0.000189
48439114009,0.0
48439114010,0.0
48439114011,0.0
48439114012,0.0
48439114013,2.1e-05
48439114014,0.0
48439114015,0.00017
48439114105,0.000119
48439114106,0.0
48439114107,0.0
48439114108,0.0
48439114109,0.0
48439114110,0.0
48439114111,0.0
48439114112,0.0
48439114113,0.0
48439114203,0.0
48439114204,5.2e-05
48439114205,0.0
48439114206,1.6e-05
48439114207,0.0
48439121605,0.000551
48439121606,0.006714
48439121608,0.000654
48439121609,0.000222
48439121610,0.000513
48439121611,0.000911
48439121612,0.000506
48439121613,0.001038
48439121614,0.000172
48439121615,0.000316
48439121702,0.001998
48439121703,0.00023
48439121704,0.000211
48439121904,0.000404
48439121905,0.003253
48439121906,0.000762
48439121907,0.000222
48439121908,0.002035
48439122001,0.000106
48439122002,9.1e-05
48439122100,0.000484
48439122200,0.000283
48439122300,0.002053
48439122401,0.00225
48439122402,0.001042
48439122500,0.002674
48439122600,0.000665
48439122701,0.000344
48439122702,0.000451
48439122801,0.000113
48439122802,0.000125
48439122901,0.000116
48439122902,0.000404
48439123001,0.0
48439123002,3.9e-05
48439123100,0.0
48439123200,0.0
48439123301,0.00016
48439123302,0.0
48439123500,0.0
48439123600,0.0
48439123700,1.2e-05
48439980000,0.415532
48441010100,0.0
48441010200,0.0
48441010300,0.0
48441010400,3.5e-05
48441010500,0.000197
48441010600,0.0
48441010700,0.0
48441010800,0.0
48441010900,0.000311
48441011000,0.0
48441011200,9.6e-05
48441011300,5.2e-05
48441011400,0.000121
48441011500,0.000125
48441011600,4.1e-05
48441011700,0.0
48441011900,1e-06
48441012000,0.000135
48441012100,0.000297
48441012200,0.0
48441012300,0.0
48441012400,3.1e-05
48441012500,0.000269
48441012600,0.000152
48441012701,0.0
48441012702,1.4e-05
48441012801,5.8e-05
48441012802,2.5e-05
48441012900,0.0
48441013000,0.000144
48441013100,2.4e-05
48441013200,7e-06
48441013300,0.0
48441013401,0.000205
48441013402,0.0
48441013404,0.0
48441013501,0.000107
48441013502,0.0
48441013601,0.000253
48441013602,0.000326
48441980000,0.137607
48443950100,0.0
48447950300,4.3e-05
48449950100,0.000966
48449950200,0.000388
48449950301,0.000795
48449950302,0.000658
48449950400,0.001103
48449950500,0.000838
48449950600,0.000359
48449950700,0.000342
48449950800,0.000757
48451000100,6.2e-05
48451000200,4.7e-05
48451000300,0.000293
48451000400,3e-05
48451000700,0.000138
48451000801,0.000447
48451000802,0.000159
48451000900,0.000418
48451001000,0.000205
48451001101,0.000453
48451001102,6.9e-05
48451001200,0.000228
48451001301,0.001081
48451001303,0.000464
48451001304,0.000407
48451001401,0.000177
48451001402,2.8e-05
48451001500,0.003364
48451001600,0.011092
48451001702,0.000515
48451001706,0.000924
48451001707,0.000394
48451001708,0.000401
48451001709,2.4e-05
48451001710,4.2e-05
48451001800,0.000338
48451980000,0.009373
48453000101,0.0
48453000102,3.1e-05
48453000203,0.000322
48453000204,0.0
48453000205,0.0
48453000206,0.0
48453000302,0.0
48453000304,0.0
48453000305,0.0
48453000307,0.0
48453000308,0.0
48453000309,2.9e-05
48453000401,0.0
48453000402,0.0
48453000500,0.0
48453000601,0.000202
48453000605,5.4e-05
48453000606,0.000141
48453000607,9.4e-05
48453000608,1.7e-05
48453000700,0.000366
48453000801,0.0
48453000802,0.0
48453000803,0.0
48453000804,0.0
48453000901,0.0
48453000902,0.0
48453001000,0.0
48453001101,0.0
48453001102,0.000177
48453001103,0.003803
48453001200,0.0
48453001304,0.0
48453001307,0.0
48453001308,0.0
48453001309,0.0
48453001310,0.0
48453001311,0.0
48453001312,0.0
48453001401,0.0
48453001402,0.0
48453001403,0.0
48453001501,0.0
48453001503,0.0
48453001504,0.0
48453001505,0.0
48453001602,1.7e-05
48453001603,7e-06
48453001604,2.6e-05
48453001605,0.0
48453001606,0.0
48453001910,9.4e-05
48453001911,0.000183
48453001912,0.0
48453001913,0.000101
48453001914,2.5e-05
48453001915,0.0
48453001916,0.0
48453001917,1e-05
48453001918,7.9e-05
48453001919,3e-06
48453001920,0.0
48453001921,0.0
48453001922,1.8e-05
48453001923,1.9e-05
48453002002,0.0
48453002003,0.0
48453002004,8e-06
48453002006,0.0
48453002007,0.0
48453002104,0.0
48453002105,0.0
48453002106,0.0
48453002107,0.0
48453002108,0.0
48453002109,0.0
48453002110,0.0
48453002111,0.0
48453002112,0.0
48453002113,0.0
48453002201,0.0
48453002211,0.0
48453002213,0.0
48453002214,0.0
48453002215,0.0
48453002216,0.0
48453002217,0.0
48453002218,0.0
48453002219,0.0
48453002220,0.0
48453002221,0.0
48453002222,0.0
48453002304,4.4e-05
48453002307,0.0
48453002310,0.0
48453002313,0.0
48453002314,0.0
48453002315,4.5e-05
48453002316,0.0
48453002319,0.34477
48453002320,6e-06
48453002321,0.0
48453002322,0.0
48453002323,0.0
48453002324,0.004263
48453002325,0.0
48453002326,0.000168
48453002327,0.0
48453002403,0.0
48453002407,0.0
48453002409,0.0
48453002410,0.0
48453002411,0.0
48453002412,0.0
48453002413,0.0
48453002419,0.0
48453002422,0.0
48453002423,0.0
48453002424,0.0
48453002430,0.000117
48453002432,0.0
48453002434,0.0
48453002436,0.0
48453002437,5e-06
48453002438,0.0
48453002439,0.0
48453002440,0.0
48453002441,0.0
48453002442,0.0
48453002443,0.000101
48453002444,0.0
48453002445,0.0
48453002446,0.0
48453002447,0.0
48453002448,0.0
48453002449,0.0
48453002450,0.0
48453002451,0.0
48453002452,0.0
48453002453,0.0
48453002500,0.0
48453030000,2.1e-05
48453030100,2.5e-05
48453030200,4.5e-05
48453030300,0.0
48453030400,0.0
48453030500,3.9e-05
48453030600,8.2e-05
48453030700,0.000247
48453030800,0.00024
48453030900,0.0
48453031000,0.0
48453031100,0.0
48453031200,0.0
48453031300,0.0
48453031400,0.0
48453031500,0.0
48453031600,0.0
48453031700,0.0
48453031800,0.0
48453031900,0.0
48453032000,0.0
48453032100,7e-06
48453032200,8.9e-05
48453032300,0.00051
48453032400,6.6e-05
48453032500,0.0
48453032600,1e-06
48453032700,0.0
48453032800,1e-06
48453032900,3.2e-05
48453033000,0.0
48453033100,8e-05
48453033200,0.0
48453033300,0.0
48453033400,0.0
48453033500,0.0
48453033600,2.3e-05
48453033700,2e-06
48453033800,0.0
48453033900,0.0
48453034000,1.4e-05
48453034100,5.6e-05
48453034200,0.0
48453034300,0.0
48453034400,1.2e-05
48453034500,7.8e-05
48453034600,3.8e-05
48453034700,9e-06
48453034800,4.1e-05
48453034900,0.000212
48453035000,0.0
48453035100,7.4e-05
48453035200,0.0
48453035300,0.0
48453035400,0.0
48453035500,0.0
48453035600,0.0
48453035700,2e-06
48453035800,0.0
48453035900,0.0
48453036000,0.0
48453036100,0.0
48453036200,0.0
48453036300,0.0
48453036400,0.0
48453036500,0.0
48453036600,0.0
48453036700,2.2e-05
48453036800,0.0
48453036900,3.5e-05
48453037000,3.6e-05
48453037100,0.0
48453037200,0.0
48453037300,0.0
48453037400,0.0
48453037500,0.0
48453037600,0.0
48453040000,0.0
48453040100,0.0
48453040200,0.0
48453040300,0.0
48453040400,0.0
48453040500,0.0
48453040600,0.0
48453040700,0.0
48453040800,0.0
48453040900,0.0
48453041000,0.0
48453041100,0.0
48453041200,0.0
48453041300,0.0
48453041400,0.0
48453041500,0.0
48453041600,0.0
48453041700,0.0
48453041800,0.0
48453041900,0.0
48453042000,0.0
48453042100,0.0
48453042200,0.0
48453042300,0.0
48453042400,0.0
48453042500,0.0
48453042600,0.0
48453042700,0.0
48453042800,0.0
48453042900,0.0
48453043000,3e-05
48453043100,0.0
48453043200,0.0
48453043300,0.0
48453043400,0.0
48453043500,0.0
48453043600,0.0
48453043700,3.1e-05
48453043800,0.0
48453043900,0.0
48453044000,0.0
48453044100,0.0
48453044200,7e-06
48453044300,0.0
48453044400,0.0
48453044500,0.0
48453044600,0.0
48453044700,0.0
48453044800,0.0
48453044900,0.0
48453045000,0.0
48453045100,0.0
48453045200,0.0
48453045300,0.0
48453045400,0.0
48453045500,0.0
48453045600,0.0
48453045700,0.0
48453045800,0.0
48453045900,0.0
48453046000,0.0
48453046100,0.0
48453046200,0.0
48453046300,0.0
48453046400,0.0
48453046500,0.0
48453046600,0.0
48453046700,0.0
48453046800,0.0
48453046900,6e-05
48453047000,0.0
48453980000,0.00292
48455950100,0.011085
48455950200,0.000109
48455950300,4.1e-05
48455950400,2.8e-05
48455950500,3.5e-05
48459950101,0.000384
48459950102,0.003732
48459950200,0.000189
48459950301,0.000398
48459950302,4.2e-05
48459950400,0.000306
48459950501,0.00022
48459950502,8.7e-05
48459950600,0.000569
48459950700,0.000473
48461950100,0.031661
48463950100,1.4e-05
48463950201,5e-05
48463950202,1e-06
48463950300,1e-06
48463950400,1.4e-05
48463950500,0.0
48465950202,0.0
48465950203,0.0
48465950301,0.0
48465950302,0.0
48465950400,0.0
48465950501,0.0
48465950502,0.000199
48465950601,0.0
48465950602,1.9e-05
48465950701,0.0
48465950702,0.0
48465950801,0.0
48465950802,3.7e-05
48465980000,0.007142
48467950100,0.0
48467950200,0.0
48467950300,3e-05
48467950400,0.000571
48467950500,0.000259
48467950601,0.0
48467950602,0.0
48467950700,0.0
48467950801,8e-06
48467950802,0.0
48467950901,0.0
48467950902,0.0
48467951001,0.0
48467951002,0.00615
48469000100,8e-06
48469000201,1.4e-05
48469000202,5.9e-05
48469000301,6.1e-05
48469000302,5e-05
48469000400,9e-06
48469000501,0.000343
48469000502,0.000126
48469000601,3.6e-05
48469000602,4.4e-05
48469000700,0.000662
48469000800,0.000167
48469001300,0.00577
48469001401,0.006665
48469001402,0.004673
48469001501,0.007884
48469001503,1.9e-05
48469001504,4.9e-05
48469001601,0.000214
48469001604,4.2e-05
48469001605,0.000126
48469001607,3.1e-05
48469001608,8.6e-05
48469001700,0.00038
48469980000,0.058554
48471790101,0.000408
48471790102,0.0
48471790103,0.0001
48471790200,0.0
48471790301,0.0
48471790302,0.0
48471790401,2.4e-05
48471790402,0.0
48471790500,3.2e-05
48471790600,8e-06
48471790700,0.0
48471790800,9.6e-05
48473680100,0.0
48473680201,8.4e-05
48473680202,0.000167
48473680301,0.0
48473680302,0.000351
48473680303,7e-06
48473680501,0.0
48473680502,1.3e-05
48473680601,0.0
48473680602,0.0
48473980000,0.001267
48477170100,0.0
48477170201,0.0
48477170202,0.0
48477170300,2.1e-05
48477170400,0.0
48477170501,7.8e-05
48477170502,4e-06
48477170601,2.8e-05
48477170602,4.5e-05
48479000101,0.0
48479000105,0.0
48479000106,0.0
48479000107,0.0
48479000108,0.0
48479000109,0.0
48479000200,0.0
48479000300,0.0
48479000601,0.0
48479000602,0.0
48479000700,0.0
48479000800,0.0
48479000901,0.0
48479000903,0.0
48479000904,0.0
48479001001,0.0
48479001003,0.0
48479001004,0.0
48479001101,0.0
48479001103,0.0
48479001104,0.0
48479001105,0.0
48479001201,0.0
48479001202,0.0
48479001300,0.0
48479001401,0.0
48479001402,0.0
48479001501,0.0
48479001502,0.0
48479001601,0.0
48479001602,0.0
48479001706,0.0
48479001709,0.0
48479001710,0.0
48479001711,0.0
48479001714,0.0
48479001715,0.0
48479001716,0.0
48479001717,0.0
48479001718,0.0
48479001719,0.0
48479001720,0.0
48479001721,0.0
48479001722,0.0
48479001723,0.0
48479001724,0.0
48479001725,4.9e-05
48479001726,0.0
48479001727,0.0
48479001806,0.0
48479001809,0.0
48479001810,0.0
48479001811,0.0
48479001813,0.0
48479001815,0.000225
48479001816,0.0
48479001818,0.0
48479001819,0.0
48479001820,0.0
48479001821,0.0
48479001822,0.0
48479001823,0.0
48479001824,0.0
48479001825,0.0
48479001826,0.0
48479001827,0.0
48479001828,0.0
48479001900,0.0
48479980000,0.0
48481740100,0.000135
48481740200,4.1e-05
48481740300,7.2e-05
48481740400,3e-06
48481740500,0.000216
48481740600,0.001295
48481740700,0.000646
48481740800,0.0
48481740901,0.000612
48481740902,0.000181
48481741000,0.000309
48481741100,0.000527
48489950300,0.000219
48489950400,9e-05
48489950500,0.000803
48489950600,0.000205
48489950700,0.001684
48491020106,0.0
48491020108,0.0
48491020109,0.0
48491020111,0.0
48491020113,0.0
48491020114,0.0
48491020115,0.0
48491020116,9e-06
48491020117,0.0
48491020118,9e-06
48491020119,0.0
48491020120,0.0
48491020121,0.0
48491020122,0.0
48491020123,0.0
48491020124,0.0
48491020201,0.0
48491020203,0.0
48491020205,0.0
48491020206,0.0
48491020207,0.0
48491020208,0.0
48491020310,0.0
48491020311,0.0
48491020319,0.0
48491020321,0.0
48491020323,0.0
48491020325,0.0
48491020326,0.0
48491020327,0.0
48491020329,0.0
48491020330,0.0
48491020331,0.0
48491020332,0.0
48491020333,0.0
48491020334,0.0
48491020335,0.0
48491020336,0.0
48491020337,0.0
48491020338,0.0
48491020339,0.0
48491020340,0.0
48491020341,0.0
48491020342,0.0
48491020343,0.0
48491020344,0.0
48491020345,0.0
48491020346,0.0
48491020347,0.0
48491020348,0.0
48491020349,0.0
48491020350,7e-06
48491020351,0.0
48491020352,0.0
48491020353,0.0
48491020354,0.0
48491020355,8e-06
48491020356,0.0
48491020403,0.0
48491020404,0.0
48491020405,0.0
48491020406,0.0
48491020408,0.0
48491020409,0.0
48491020410,0.0
48491020411,0.0
48491020503,0.0
48491020505,0.0
48491020507,0.0
48491020508,0.0
48491020509,0.0
48491020511,0.0
48491020512,0.0
48491020513,0.0
48491020514,0.0
48491020515,0.0
48491020516,0.0
48491020517,0.0
48491020602,0.0
48491020604,0.0
48491020606,0.0
48491020607,0.0
48491020608,0.0
48491020609,0.0
48491020701,0.0
48491020704,0.0
48491020706,0.0
48491020707,0.0
48491020709,0.0
48491020710,0.0
48491020711,1e-06
48491020712,0.0
48491020713,0.0
48491020808,0.0
48491020810,0.0
48491020811,0.0
48491020812,0.0
48491020813,0.0
48491020814,0.0
48491020815,0.0
48491020816,0.0
48491020817,0.0
48491020818,0.0
48491020819,0.0
48491020820,0.0
48491020821,0.0
48491020822,0.0
48491020900,0.0
48491021000,0.0
48491021100,0.0
48491021201,0.0
48491021202,0.0
48491021203,0.0
48491021300,0.0
48491021402,0.0
48491021404,0.0
48491021405,0.0
48491021406,0.0
48491021407,0.0
48491021502,0.0
48491021503,0.0
48491021506,0.0
48491021509,0.0
48491021510,0.0
48491021511,0.0
48491021512,0.0
48491021513,0.0
48491021514,0.0
48491021515,0.0
48491021516,0.0
48491021517,0.0
48491021518,0.000136
48491021601,0.0
48491021602,0.0
48491021603,0.0
48493000102,0.00019
48493000103,2.5e-05
48493000104,7.7e-05
48493000201,1e-05
48493000202,0.000129
48493000300,0.00013
48493000402,3.4e-05
48493000404,0.0
48493000405,8.5e-05
48493000406,5e-05
48493000500,0.000358
48493000600,9.7e-05
48497150101,0.0
48497150103,0.0
48497150104,0.0
48497150201,0.000334
48497150202,2e-06
48497150300,0.0
48497150402,1.9e-05
48497150403,0.0
48497150404,0.0
48497150405,0.0
48497150500,0.0
48497150603,3.9e-05
48497150604,0.0
48497150605,0.0
48497150606,0.000159
48497150607,4.3e-05
48499950100,0.0
48499950200,1e-05
48499950301,0.0
48499950303,0.0
48499950304,0.0
48499950401,0.0
48499950402,0.0
48499950500,0.0
48499950601,0.0
48499950602,0.0
48499950700,0.0
48499950800,0.0
48503950200,0.00011
48503950401,0.000102
48503950402,3e-05
48503950500,0.0
48503950600,2.5e-05
48505950303,0.0
48505950304,8e-06
48505950305,0.0
48505950306,2e-05
48505950401,0.0
48505950402,0.0
48507950100,0.037352
48507950200,0.072316
48507950301,0.163391
48507950302,0.035057
53001950100,0.0
53001950200,0.0
53001950301,9e-06
53001950302,0.0
53001950303,0.0
53001950400,0.0
53001950500,0.0
53003960100,0.0
53003960200,0.0
53005010100,0.000149
53005010201,4e-06
53005010203,1.2e-05
53005010204,3.3e-05
53005010300,2.9e-05
53005010400,4.3e-05
53005010500,0.000142
53005010600,2.6e-05
53005010701,0.0
53005010703,3e-06
53005010705,0.0
53005010707,1.8e-05
53005010708,1.7e-05
53005010807,2.8e-05
53005010809,0.0
53005010810,3.5e-05
53005010811,8.7e-05
53005010814,0.0
53005010815,0.0
53005010816,0.0
53005010817,2.1e-05
53005010818,0.0
53005010819,6e-06
53005010820,0.000173
53005010901,0.0
53005010902,0.0
53005011001,0.0
53005011002,0.0
53005011100,0.0
53005011201,0.0
53005011202,0.0
53005011300,0.0
53005011401,0.0
53005011402,0.0
53005011501,0.0
53005011504,0.0
53005011505,0.0
53005011506,0.0
53005011600,0.0
53005011701,0.0
53005011702,0.0
53005011801,0.0
53005011802,3e-06
53005011900,0.0
53005012000,0.0
53007960100,0.0
53007960201,0.0
53007960202,0.0
53007960203,0.0
53007960301,0.0
53007960302,0.0
53007960303,0.0
53007960400,0.0
53007960501,0.0
53007960502,0.0
53007960600,0.0
53007960700,0.0
53007960801,0.0
53007960803,0.0
53007960804,0.0
53007961001,0.0
53007961002,0.0
53007961101,4.7e-05
53007961102,0.0
53007961200,0.0
53007961301,0.0
53007961303,0.000152
53007961304,0.0
53013960200,2.7e-05
53017950101,0.0
53017950102,0.0
53017950200,0.0
53017950300,0.0
53017950400,0.0
53017950500,3e-05
53017950600,0.000176
53017950700,0.000186
53017950800,0.0
53019940000,1.6e-05
53019970100,0.0
53019970200,0.0
53021020101,0.0
53021020102,0.0
53021020103,0.0
53021020201,0.0
53021020202,0.0
53021020300,0.0
53021020401,0.0
53021020402,2.7e-05
53021020403,0.0
53021020404,0.0
53021020501,0.0
53021020503,0.0
53021020504,0.0
53021020603,0.0
53021020605,0.0
53021020606,0.0
53021020607,0.0
53021020608,7e-06
53021020700,5e-05
53021020801,0.000241
53021020802,0.000101
53021980100,5.2e-05
53023970300,7e-06
53025010100,0.0
53025010200,0.0
53025010300,0.0
53025010401,0.0
53025010402,0.0
53025010500,0.0
53025010600,0.0
53025010700,1e-05
53025010800,4.9e-05
53025010901,0.0
53025010903,0.0
53025010904,0.0
53025011001,3.8e-05
53025011002,0.0
53025011101,8e-06
53025011102,1.4e-05
53025011200,0.0
53025011300,0.0
53025011401,4.4e-05
53025011403,0.0
53025011404,0.000182
53025011405,1.8e-05
53025011406,0.0
53033031502,0.0
53033032706,0.0
53033032800,0.0
53037975101,0.0
53037975102,0.0
53037975103,4.2e-05
53037975104,0.0
53037975201,0.0
53037975202,0.0
53037975203,0.0
53037975300,0.0
53037975402,0.0
53037975403,0.0
53037975404,0.0
53037975500,0.0
53037975600,0.0
53037975700,0.0
53039950101,3.2e-05
53039950102,0.0
53039950103,3e-06
53039950200,0.0
53039950302,0.0
53041972000,5.1e-05
53043960100,0.0
53043960200,0.0
53043960300,0.0
53043960400,0.0
53047940100,0.0
53047940200,0.0
53047970301,0.0
53047970302,0.0
53047970303,0.0
53047970400,0.0
53047970500,0.0
53047970601,9e-06
53047970602,0.0
53047970700,0.0
53047970800,0.0
53047970900,0.0
53047971000,0.0
53051970100,0.0
53051970200,0.0
53051970300,0.0
53051970400,0.0
53051970500,0.0
53053070100,0.0
53057951101,0.0
53057951102,0.0
53057951200,0.0
53059950100,0.0
53059950400,0.0
53061053606,0.0
53061053700,0.0
53061053801,0.0
53061053803,0.0
53063000201,0.0
53063000202,1.8e-05
53063000301,0.0
53063000302,0.0
53063000400,0.0
53063000500,2.3e-05
53063000600,0.0
53063000700,1.6e-05
53063000800,6e-05
53063000900,0.0
53063001000,0.0
53063001100,0.0
53063001200,0.0
53063001300,0.0
53063001400,0.0
53063001500,1e-05
53063001600,0.0
53063001800,0.0
53063001900,0.0
53063002000,0.0
53063002100,0.0
53063002300,0.0
53063002400,1.4e-05
53063002501,1.6e-05
53063002502,0.0
53063002503,0.003137
53063002600,0.0
53063002900,7.6e-05
53063003000,1e-06
53063003100,0.0
53063003200,4.2e-05
53063003500,3.2e-05
53063003601,0.0
53063003602,0.0
53063003800,2.8e-05
53063003900,5.9e-05
53063004001,0.0
53063004002,4.3e-05
53063004100,0.0
53063004200,0.0
53063004300,0.0
53063004400,4.8e-05
53063004500,1e-06
53063004601,2.3e-05
53063004602,3.1e-05
53063004701,3e-05
53063004702,0.0
53063004800,0.000286
53063004900,0.0
53063005000,0.000119
53063010101,9.1e-05
53063010102,0.0
53063010201,0.0
53063010203,0.0
53063010204,0.0
53063010301,0.0
53063010303,0.0
53063010304,0.0
53063010305,0.0
53063010401,0.0
53063010403,0.0
53063010404,0.0
53063010504,0.000157
53063010505,2.7e-05
53063010506,7.5e-05
53063010507,0.0
53063010508,0.0
53063010601,0.0
53063010603,0.0
53063010604,3e-06
53063010701,0.0
53063010702,3.5e-05
53063010800,0.0
53063010901,0.000126
53063010902,0.000122
53063011000,8e-06
53063011102,0.0
53063011103,0.000765
53063011104,0.000349
53063011202,3.1e-05
53063011203,0.000104
53063011204,3.4e-05
53063011301,2.9e-05
53063011302,0.0
53063011400,0.0
53063011500,0.0
53063011600,5e-06
53063011701,8.5e-05
53063011702,8.9e-05
53063011800,0.0
53063011900,0.000106
53063012000,2.4e-05
53063012100,0.000104
53063012200,0.000686
53063012300,7.7e-05
53063012401,6e-05
53063012402,8e-06
53063012500,5e-06
53063012600,0.0
53063012701,3e-06
53063012702,0.0
53063012801,2.6e-05
53063012802,0.0
53063012901,0.0
53063012902,0.0
53063013001,0.0
53063013002,0.0
53063013003,0.0
53063013101,0.0
53063013102,0.0
53063013201,0.0
53063013300,0.0
53063013401,0.0
53063013501,0.0
53063013502,0.0
53063013503,0.0
53063013600,0.0
53063013700,6e-05
53063013800,5.3e-05
53063013900,0.0
53063014001,0.0
53063014002,2e-06
53063014100,0.0
53063014200,0.0
53063014300,0.0
53063014400,8.5e-05
53063014500,0.003772
53065941000,2.6e-05
53065950101,0.0
53065950102,0.0
53065950200,3e-06
53065950300,3e-05
53065950500,0.0
53065950600,0.0
53065950700,0.0
53065950800,0.0
53065950900,0.0
53065951100,0.0
53065951301,0.0
53065951302,0.0
53065951401,0.0
53065951402,7.2e-05
53071920000,0.0
53071920100,0.0
53071920200,0.0
53071920302,4.8e-05
53071920400,0.0
53071920500,0.0
53071920600,0.0
53071920701,0.0
53071920702,0.0
53071920801,1.8e-05
53071920802,0.0
53071920901,0.0
53073010103,0.0
53075000100,3.1e-05
53075000201,1.1e-05
53075000202,4.1e-05
53075000300,9.2e-05
53075000400,0.000267
53075000500,0.026279
53075000601,0.001205
53075000602,6e-06
53075000700,1.2e-05
53075000800,0.0
53075000900,0.0
53075001000,0.0
53077000100,0.0
53077000200,0.0
53077000301,0.0
53077000302,0.0
53077000401,0.0
53077000402,0.0
53077000500,0.0
53077000600,0.0
53077000700,0.0
53077000800,0.0
53077000902,0.0
53077000903,0.0
53077000904,0.0
53077001000,0.0
53077001100,0.0
53077001201,0.0
53077001202,0.0
53077001300,0.0
53077001400,0.0
53077001502,0.0
53077001503,0.0
53077001504,0.0
53077001601,0.0
53077001602,0.0
53077001701,0.0
53077001702,0.0
53077001801,0.0
53077001802,0.0
53077001901,0.0
53077001902,0.0
53077002003,0.0
53077002004,0.0
53077002005,0.0
53077002006,0.0
53077002101,0.0
53077002103,0.0
53077002104,0.0
53077002201,0.0
53077002202,0.0
53077002701,0.0
53077002801,0.0
53077002803,0.0
53077002804,0.0
53077002900,0.0
53077003002,0.0
53077003003,0.0
53077003004,0.0
53077003100,0.0
53077003200,0.0
53077003400,0.0
53077940001,0.0
53077940002,0.0
53077940003,0.0
53077940005,1e-06
53077940006,0.0
53077940007,0.0
53077940008,0.0
