GEOID,coverage_gap_score
40001376600,0.102434
40001376700,0.093834
40001376800,0.184875
40001376900,0.21183
40001377000,0.192707
40003955600,0.133813
40003955700,0.132018
40003956000,0.146248
40005587600,0.101676
40005587700,0.151077
40005587800,0.157057
40005587900,0.030809
40009966100,0.177881
40009966200,0.210154
40009966800,0.145463
40011958600,0.255777
40011958700,0.227882
40011958800,0.101789
40011958900,0.15953
40011959000,0.133262
40013795600,0.137611
40013795700,0.061945
40013795900,0.061281
40013796002,0.09437
40013796003,0.126512
40013796004,0.350492
40013796101,0.119136
40013796102,0.10052
40013796200,0.168291
40013796300,0.121548
40013796400,0.142663
40013796500,0.130593
40013796600,0.069562
40015161601,0.157157
40015161602,0.147273
40015161700,0.13888
40015161800,0.087467
40015161900,0.064031
40015162000,0.159564
40015162101,0.231841
40015162102,0.204414
40015162200,0.087181
40015162300,0.129446
40017300100,0.25319
40017300201,0.170584
40017300202,0.20225
40017300300,0.31269
40017300400,0.42823
40017300500,0.303293
40017300600,0.21011
40017300701,0.155597
40017300702,0.118782
40017300802,0.339558
40017300803,0.23211
40017300804,0.329562
40017300805,0.225968
40017300806,0.211151
40017300901,0.199621
40017300902,0.235399
40017300904,0.105895
40017300905,0.092219
40017301001,0.142106
40017301003,0.246104
40017301006,0.044908
40017301010,0.283904
40017301011,0.18603
40017301012,0.070761
40017301013,0.044741
40017301014,0.147162
40017301015,0.093591
40017301100,0.124474
40017301201,0.308446
40017301202,0.29134
40017301301,0.188431
40017301302,0.20533
40017301406,0.143752
40017301407,0.233487
40017301408,0.185607
40017301409,0.326724
40017301410,0.284598
40019892100,0.110771
40019892200,0.212715
40019892301,0.196364
40019892302,0.193657
40019892400,0.120287
40019892501,0.270984
40019892502,0.128356
40019892601,0.304898
40019892602,0.185175
40019892700,0.192824
40019892801,0.019881
40019892802,0.217224
40019892900,0.084867
40019893001,0.182753
40019893002,0.105094
40019893100,0.111891
40021977600,0.223267
40021977701,0.238938
40021977702,0.258191
40021977801,0.08898
40021977802,0.135711
40021977901,0.316383
40021977902,0.104892
40021978000,0.096553
40021978100,0.164955
40021978201,0.139685
40021978202,0.092867
40021978301,0.219656
40021978302,0.290631
40023966900,0.11218
40023967000,0.109847
40023967100,0.154924
40023967200,0.172801
40023967300,0.160692
40027200100,0.036943
40027200200,0.101144
40027200300,0.020578
40027200400,0.018267
40027200500,0.025896
40027200602,0.129117
40027200603,0.023397
40027200604,0.261088
40027200700,0.291655
40027200800,0.165927
40027200900,0.026001
40027201000,0.047808
40027201102,0.021672
40027201103,0.061916
40027201104,0.13298
40027201201,0.009915
40027201202,0.030074
40027201204,0.00855
40027201205,0.098509
40027201302,0.179933
40027201303,0.054118
40027201403,0.14261
40027201404,0.129545
40027201405,0.06161
40027201505,0.16794
40027201508,0.032377
40027201509,0.03821
40027201511,0.003858
40027201512,0.083831
40027201513,0.171336
40027201514,0.031889
40027201602,0.278096
40027201603,0.147799
40027201604,0.145182
40027201607,0.021743
40027201609,0.048282
40027201610,0.117866
40027201611,0.044811
40027201612,0.182826
40027201700,0.152986
40027201801,0.009791
40027201802,0.020304
40027201902,0.017381
40027201903,0.070065
40027201904,0.072335
40027202002,0.0151
40027202004,0.031647
40027202005,0.012309
40027202006,0.038574
40027202007,0.258392
40027202008,0.007903
40027202102,0.10316
40027202104,0.08011
40027202105,0.248318
40027202106,0.136929
40027202107,0.297729
40027202201,0.235777
40027202203,0.152571
40027202205,0.011203
40027202207,0.087912
40027202208,0.092417
40027202301,0.306367
40027202302,0.036296
40027202403,0.179664
40027202404,0.199454
40027202405,0.082884
40027202406,0.09754
40027202407,0.316612
40027202501,0.180344
40027202502,0.176409
40027202600,0.10689
40029388100,0.110827
40029388200,0.134285
40031000100,0.090326
40031000200,0.12454
40031000300,0.037769
40031000402,0.070241
40031000403,0.006345
40031000404,0.017016
40031000405,0.065015
40031000503,0.003782
40031000504,0.007983
40031000505,0.020748
40031000506,0.052512
40031000600,0.029111
40031000700,0.007542
40031000800,0.015897
40031000900,0.008524
40031001000,0.012739
40031001100,0.009507
40031001400,0.019102
40031001500,0.013322
40031001600,0.014482
40031001700,0.018442
40031001901,0.130118
40031001902,0.145622
40031002001,0.011558
40031002003,0.211987
40031002004,0.18471
40031002005,0.060312
40031002101,0.16311
40031002102,0.153135
40031002201,0.118074
40031002202,0.190996
40031002301,0.112093
40031002302,0.043707
40031002401,0.32011
40031002403,0.189311
40031002405,0.109446
40031002406,0.023989
40031002500,0.034508
40033871100,0.113055
40033871200,0.221978
40035373100,0.085431
40035373200,0.154605
40035373300,0.185109
40035373400,0.143499
40035373500,0.135826
40037020101,0.295916
40037020102,0.240325
40037020103,0.182612
40037020602,0.151568
40037020603,0.235139
40037020604,0.041303
40037020702,0.176007
40037020704,0.223708
40037020705,0.328173
40037020706,0.203893
40037020707,0.25682
40037020800,0.114475
40037020900,0.239148
40037021000,0.175058
40037021101,0.157433
40037021102,0.134967
40037021201,0.18124
40037021202,0.237525
40037021300,0.281978
40037021401,0.228204
40037021402,0.256479
40037021500,0.144983
40037021600,0.418967
40039950800,0.200454
40039960401,0.220272
40039960402,0.167323
40039960600,0.178043
40039960701,0.138289
40039960702,0.334665
40039961000,0.098483
40041375601,0.192365
40041375602,0.392574
40041375701,0.223884
40041375702,0.202516
40041375803,0.086497
40041375804,0.341632
40041375805,0.455945
40041375806,0.210621
40041375901,0.258487
40041375902,0.151722
40041376000,0.22003
40041376100,0.204267
40041976200,0.206854
40043959100,0.123078
40043959200,0.164977
40043959300,0.172727
40045952600,0.138017
40045952800,0.172845
40047000101,0.043249
40047000102,0.177682
40047000200,0.302556
40047000601,0.247294
40047000602,0.326687
40047000701,0.013013
40047000702,0.085717
40047001100,0.161183
40047001200,0.101506
40047001301,0.155203
40047001302,0.158436
40047001401,0.242435
40047001402,0.315561
40047001500,0.226695
40047001602,0.148369
40047001603,0.182286
40047001604,0.241375
40049681100,0.176016
40049681200,0.162749
40049681300,0.159258
40049681400,0.184179
40049681500,0.12876
40049681600,0.071766
40049681700,0.138531
40049681800,0.152985
40049681900,0.17004
40051000100,0.259512
40051000400,0.033932
40051000501,0.015996
40051000502,0.136617
40051000600,0.149477
40051000701,0.074634
40051000702,0.133865
40051000801,0.19148
40051000802,0.192908
40051000901,0.118108
40051000902,0.201915
40051000904,0.365704
40051000905,0.188717
40051000906,0.146587
40051001000,0.240567
40053956400,0.245708
40053956500,0.104846
40055967100,0.200672
40055967200,0.159787
40059952100,0.100972
40059952200,0.091008
40061279100,0.088712
40061279200,0.225433
40061279300,0.112083
40061279400,0.127977
40063484600,0.087627
40063484700,0.119409
40063484800,0.166079
40063484900,0.144597
40063485000,0.192292
40065968100,0.105869
40065968200,0.159213
40065968300,0.187669
40065968400,0.157539
40065968500,0.109317
40065968600,0.199484
40065968700,0.340582
40065968800,0.340139
40067371600,0.095062
40067371700,0.13194
40067371800,0.118507
40069660198,0.136515
40069660201,0.170463
40069660202,0.320337
40069660300,0.162913
40071000100,0.031408
40071000201,0.153972
40071000202,0.069949
40071000300,0.05563
40071000400,0.181329
40071000500,0.0718
40071000600,0.116284
40071001100,0.227164
40071001200,0.207662
40071001301,0.344825
40071001302,0.185703
40073958100,0.164766
40073958200,0.075042
40073958300,0.149186
40073958400,0.102379
40075963600,0.087965
40075963700,0.095912
40075964200,0.093438
40077087100,0.122843
40077087200,0.181917
40077087300,0.140811
40079040102,0.148479
40079040198,0.202949
40079040299,0.092938
40079040301,0.105253
40079040302,0.072108
40079040303,0.078028
40079040401,0.131326
40079040402,0.182058
40079040500,0.141243
40079040601,0.184814
40079040602,0.195643
40079040700,0.165627
40081961100,0.168721
40081961200,0.101373
40081961300,0.122149
40081961401,0.172597
40081961402,0.067209
40081961500,0.23616
40081961600,0.132022
40081961700,0.162695
40083600101,0.171183
40083600200,0.250473
40083600300,0.227101
40083600401,0.17614
40083600402,0.037435
40083600501,0.184147
40083600502,0.296341
40083600600,0.207852
40083600700,0.193916
40083600801,0.069315
40083600802,0.189963
40083600903,0.158346
40083601000,0.229983
40085094100,0.25454
40085094200,0.153049
40085094300,0.213733
40087400103,0.144467
40087400104,0.168387
40087400105,0.178976
40087400106,0.222085
40087400201,0.119168
40087400203,0.117035
40087400204,0.194272
40087400300,0.209281
40087400400,0.129604
40089098200,0.088752
40089098300,0.172339
40089098400,0.098797
40089098501,0.179862
40089098502,0.147471
40089098600,0.126147
40089098700,0.10488
40089098800,0.173616
40089098900,0.177567
40091779601,0.240887
40091779602,0.258729
40091779700,0.133596
40091779900,0.202444
40091780100,0.236534
40091780200,0.151808
40091780301,0.105437
40091780302,0.159996
40093955100,0.161367
40093955200,0.092526
40093955300,0.176756
40095094698,0.157704
40095094700,0.165347
40095094803,0.150357
40095094804,0.469941
40095094805,0.242036
40095094806,0.349485
40097040100,0.209286
40097040200,0.18148
40097040300,0.118263
40097040400,0.139513
40097040501,0.20318
40097040502,0.219632
40097040600,0.114265
40097040700,0.126446
40097040801,0.208929
40097040802,0.116198
40099790600,0.081048
40099790701,0.118925
40099790702,0.141768
40099790801,0.245274
40099790802,0.209412
40101000100,0.179322
40101000200,0.201031
40101000300,0.187541
40101000400,0.182371
40101000600,0.157934
40101000700,0.152707
40101000801,0.015511
40101000802,0.161287
40101000901,0.156698
40101000902,0.023338
40101001000,0.174461
40101001100,0.086431
40101001200,0.231624
40101001301,0.139072
40101001302,0.210208
40101001401,0.22607
40101001402,0.088185
40101001501,0.158122
40101001502,0.072584
40101001600,0.18514
40103956600,0.139156
40103956900,0.265554
40103957000,0.240811
40103957100,0.192692
40105172100,0.090568
40105172200,0.076722
40105172300,0.120663
40105172400,0.122154
40107080600,0.135776
40107080700,0.107032
40107080900,0.157285
40107081000,0.118185
40109100100,0.010182
40109100201,0.008854
40109100202,0.234351
40109100203,0.014733
40109100300,0.067265
40109100400,0.009668
40109100500,0.149018
40109100800,0.102176
40109100900,0.007762
40109101000,0.078284
40109101100,0.274392
40109101200,0.159714
40109101300,0.078534
40109101400,0.022339
40109101500,0.02891
40109101800,0.294755
40109101900,0.044856
40109102000,0.043132
40109102100,0.025244
40109102200,0.034387
40109102300,0.017782
40109102400,0.020426
40109102500,0.153244
40109103200,0.07942
40109103300,0.013509
40109103900,0.015295
40109104100,0.008301
40109104200,0.056741
40109104300,0.068522
40109104400,0.014893
40109104500,0.01336
40109104600,0.005222
40109104700,0.011108
40109104800,0.162625
40109104900,0.020223
40109105000,0.022298
40109105101,0.046169
40109105201,0.011292
40109105202,0.004272
40109105300,0.125794
40109105400,0.060059
40109105500,0.019368
40109105600,0.025009
40109105903,0.17121
40109105904,0.066814
40109105905,0.047201
40109105906,0.015096
40109105907,0.037435
40109106000,0.099008
40109106100,0.079744
40109106200,0.086
40109106301,0.006393
40109106302,0.034863
40109106303,0.011058
40109106401,0.042196
40109106402,0.067708
40109106403,0.012309
40109106501,0.018216
40109106502,0.06877
40109106503,0.02249
40109106601,0.118036
40109106602,0.128434
40109106606,0.071709
40109106607,0.026663
40109106608,0.114985
40109106609,0.158614
40109106610,0.010634
40109106611,0.033726
40109106702,0.016081
40109106704,0.116876
40109106705,0.204434
40109106706,0.015706
40109106708,0.018392
40109106709,0.022461
40109106710,0.026967
40109106801,0.173336
40109106802,0.171491
40109106803,0.196439
40109106804,0.040506
40109106902,0.04663
40109106903,0.139865
40109106906,0.036207
40109106907,0.005192
40109106909,0.038737
40109106910,0.007121
40109106911,0.005469
40109106912,0.009379
40109106913,0.063436
40109106914,0.020996
40109106916,0.016346
40109106917,0.023288
40109107001,0.069826
40109107002,0.115309
40109107101,0.238676
40109107103,0.03182
40109107104,0.101559
40109107206,0.019826
40109107207,0.01778
40109107212,0.095446
40109107213,0.084384
40109107214,0.106665
40109107215,0.030124
40109107216,0.007031
40109107217,0.007668
40109107218,0.010042
40109107219,0.008337
40109107220,0.018595
40109107221,0.061899
40109107222,0.011453
40109107223,0.020589
40109107224,0.023762
40109107225,0.007121
40109107226,0.005368
40109107302,0.030236
40109107303,0.020957
40109107305,0.005735
40109107306,0.012416
40109107401,0.05872
40109107404,0.037272
40109107405,0.050635
40109107406,0.044965
40109107407,0.094915
40109107601,0.056151
40109107604,0.014053
40109107605,0.002708
40109107608,0.006862
40109107703,0.01726
40109107704,0.020961
40109107705,0.018462
40109107706,0.0079
40109107707,0.013069
40109107801,0.012085
40109107804,0.010948
40109107805,0.108522
40109107806,0.033334
40109107807,0.005383
40109107808,0.028405
40109107809,0.005274
40109107810,0.011656
40109107900,0.289217
40109108003,0.033978
40109108005,0.101227
40109108006,0.00982
40109108007,0.012074
40109108008,0.033936
40109108009,0.034494
40109108010,0.035502
40109108011,0.027078
40109108101,0.337565
40109108106,0.171549
40109108107,0.158029
40109108109,0.134608
40109108110,0.144943
40109108113,0.156051
40109108114,0.165416
40109108201,0.092715
40109108203,0.008349
40109108204,0.038862
40109108207,0.096292
40109108208,0.017497
40109108215,0.058948
40109108216,0.037512
40109108217,0.014655
40109108222,0.017253
40109108223,0.025106
40109108224,0.031594
40109108225,0.037109
40109108226,0.018119
40109108227,0.002872
40109108228,0.040973
40109108229,0.022617
40109108230,0.009479
40109108231,0.00887
40109108232,0.011951
40109108233,0.016398
40109108234,0.014201
40109108235,0.012383
40109108236,0.024918
40109108237,0.026082
40109108238,0.043457
40109108301,0.021384
40109108302,0.067877
40109108304,0.066453
40109108307,0.012469
40109108309,0.020576
40109108310,0.005339
40109108314,0.02478
40109108317,0.012597
40109108318,0.019194
40109108319,0.064654
40109108320,0.010261
40109108321,0.018429
40109108322,0.034288
40109108323,0.050297
40109108324,0.01275
40109108325,0.02755
40109108326,0.028291
40109108402,0.047735
40109108403,0.025391
40109108404,0.006741
40109108506,0.127136
40109108507,0.173465
40109108508,0.230909
40109108513,0.035156
40109108514,0.124352
40109108515,0.070827
40109108520,0.079969
40109108521,0.26094
40109108523,0.051382
40109108524,0.034406
40109108525,0.015819
40109108526,0.101166
40109108527,0.062729
40109108528,0.005568
40109108529,0.005833
40109108530,0.022141
40109108531,0.054228
40109108532,0.271857
40109108533,0.27529
40109108534,0.051808
40109108535,0.023599
40109108536,0.02181
40109108537,0.036136
40109108538,0.076113
40109108603,0.168734
40109108604,0.031525
40109108701,0.152071
40109108706,0.020705
40109108707,0.014215
40109108708,0.178723
40109108709,0.142606
40109108710,0.033923
40109108711,0.027749
40109108712,0.17363
40109108713,0.241992
40109108802,0.216684
40109108803,0.041585
40109108804,0.034465
40109108805,0.180782
40109108806,0.008544
40109108807,0.016931
40109108900,0.407502
40109109001,0.230519
40109109003,0.165979
40109109004,0.170901
40109109202,0.246212
40109109203,0.298076
40109109204,0.243547
40109109205,0.206668
40109109300,0.12454
40109109400,0.022983
40109109500,0.013555
40109109600,0.029875
40109109700,0.020762
40109109800,0.096504
40109109900,0.011614
40109110000,0.00787
40109980001,0.026789
40109980002,0.214006
40109980003,0.042969
40109980004,0.052919
40109980005,0.021049
40109980006,0.054525
40109980007,0.166342
40109980008,0.020454
40109980009,0.367603
40111000100,0.181128
40111000200,0.209186
40111000300,0.229985
40111000400,0.15173
40111000500,0.252505
40111000601,0.178528
40111000602,0.124667
40111000700,0.08906
40111000800,0.159161
40111000901,0.196555
40111000902,0.209704
40113940001,0.186714
40113940003,0.236783
40113940004,0.18294
40113940005,0.178967
40113940006,0.00897
40113940007,0.250436
40113940008,0.192504
40113940009,0.241255
40113940011,0.181214
40113940012,0.187705
40113940013,0.271549
40113940014,0.42659
40113940015,0.200616
40115574100,0.169144
40115574200,0.295832
40115574300,0.190281
40115574400,0.257497
40115574500,0.305495
40115574600,0.221818
40115574700,0.213942
40115574800,0.13801
40115574900,0.194337
40117957100,0.177268
40117957200,0.160345
40117957300,0.18631
40117957400,0.225639
40117957500,0.165645
40119010101,0.156618
40119010102,0.084092
40119010201,0.029775
40119010202,0.019806
40119010300,0.122827
40119010400,0.150044
40119010501,0.206601
40119010502,0.056982
40119010503,0.159797
40119010600,0.231515
40119010700,0.081305
40119010800,0.281448
40119010901,0.118865
40119010902,0.242268
40119011001,0.188963
40119011002,0.223711
40119011101,0.248805
40119011103,0.277691
40119011104,0.262021
40119011200,0.220553
40119011301,0.174033
40119011302,0.037762
40119011400,0.177718
40121485601,0.405225
40121485602,0.342977
40121485700,0.185336
40121485800,0.137771
40121485900,0.23737
40121486000,0.169842
40121486100,0.097474
40121486200,0.229848
40121486300,0.230771
40121486400,0.150086
40121486500,0.125444
40121486600,0.201927
40121486700,0.125792
40121486800,0.211029
40123088600,0.178142
40123088700,0.177245
40123088801,0.267721
40123088802,0.075499
40123088900,0.26099
40123089000,0.215674
40123089100,0.054002
40123089200,0.02283
40123089300,0.126231
40123089598,0.136447
40123089600,0.200579
40125500200,0.130955
40125500301,0.218913
40125500302,0.316676
40125500400,0.398139
40125500500,0.261428
40125500600,0.366731
40125500700,0.241358
40125500800,0.276897
40125500901,0.180346
40125500902,0.204515
40125501003,0.121498
40125501004,0.156378
40125501005,0.157827
40125501006,0.257497
40125501101,0.094235
40125501103,0.165604
40125501104,0.283706
40125501105,0.289062
40125501201,0.24917
40125501300,0.182477
40127097600,0.16702
40127097701,0.151022
40127097702,0.165416
40127097800,0.134082
40129960000,0.085734
40131050101,0.174815
40131050103,0.350773
40131050104,0.280272
40131050105,0.197182
40131050201,0.260131
40131050202,0.200615
40131050203,0.256272
40131050301,0.169745
40131050302,0.276383
40131050303,0.279785
40131050304,0.186569
40131050403,0.301414
40131050404,0.25574
40131050405,0.223281
40131050406,0.159169
40131050407,0.143603
40131050408,0.222056
40131050409,0.239026
40131050501,0.186937
40131050502,0.185701
40131050601,0.216775
40131050602,0.236321
40131050603,0.307798
40131050604,0.186017
40131050701,0.223293
40131050702,0.170813
40131050801,0.153545
40131050802,0.106257
40133583100,0.154967
40133583200,0.254635
40133583300,0.279616
40133583400,0.155505
40133583500,0.022418
40133583600,0.167313
40133583700,0.151277
40133583800,0.175439
40133583900,0.176759
40135030101,0.108399
40135030103,0.256307
40135030105,0.156275
40135030106,0.258115
40135030201,0.163419
40135030202,0.145311
40135030301,0.200629
40135030303,0.354927
40135030304,0.181657
40135030401,0.214258
40135030403,0.19955
40135030404,0.204131
40137000101,0.044373
40137000102,0.10345
40137000200,0.228998
40137000300,0.213028
40137000400,0.310309
40137000600,0.088129
40137000800,0.159974
40137000901,0.171634
40137000902,0.182262
40137001000,0.075645
40137001100,0.126942
40141070100,0.181304
40141070200,0.182805
40141070300,0.132575
40141070400,0.364755
40141070500,0.106074
40143000200,0.132048
40143000300,0.014268
40143000400,0.00715
40143000500,0.156269
40143000800,0.005019
40143000900,0.002394
40143001000,0.055913
40143001200,0.072342
40143001300,0.036018
40143001400,0.128392
40143001500,0.031284
40143001600,0.104513
40143001700,0.178762
40143001800,0.164529
40143001900,0.21478
40143002000,0.147371
40143002100,0.104703
40143002301,0.12508
40143002500,0.052651
40143002700,0.059706
40143002900,0.105515
40143003000,0.202544
40143003100,0.042056
40143003200,0.023474
40143003300,0.024165
40143003400,0.149073
40143003500,0.151277
40143003600,0.083957
40143003700,0.036932
40143003800,0.066149
40143003900,0.050813
40143004000,0.013401
40143004101,0.024331
40143004200,0.068188
40143004301,0.022146
40143004302,0.014465
40143004400,0.067054
40143004500,0.033818
40143004600,0.085856
40143004700,0.173924
40143004800,0.127732
40143004900,0.179098
40143005001,0.015659
40143005002,0.114126
40143005100,0.03576
40143005200,0.02851
40143005300,0.006019
40143005401,0.108306
40143005403,0.174059
40143005404,0.136267
40143005500,0.227872
40143005600,0.246735
40143005700,0.251806
40143005801,0.040312
40143005805,0.049092
40143005808,0.065062
40143005809,0.024729
40143005810,0.125865
40143005811,0.138323
40143005812,0.008823
40143005813,0.016452
40143005900,0.108501
40143006000,0.066375
40143006200,0.006828
40143006506,0.226232
40143006507,0.256682
40143006600,0.176996
40143006701,0.102013
40143006703,0.03427
40143006708,0.057891
40143006709,0.111494
40143006710,0.089588
40143006711,0.028368
40143006712,0.140273
40143006713,0.087152
40143006801,0.013585
40143006803,0.062818
40143006804,0.062205
40143006901,0.021625
40143006902,0.013528
40143006903,0.021775
40143006905,0.015013
40143006906,0.076228
40143006907,0.030588
40143007000,0.0258
40143007101,0.028325
40143007102,0.03723
40143007200,0.217417
40143007304,0.055954
40143007306,0.016434
40143007308,0.168275
40143007309,0.1362
40143007310,0.058269
40143007311,0.023112
40143007312,0.038506
40143007313,0.141752
40143007314,0.074533
40143007402,0.014869
40143007408,0.039426
40143007409,0.009702
40143007410,0.024148
40143007411,0.01413
40143007412,0.008712
40143007413,0.012974
40143007414,0.03599
40143007415,0.095917
40143007416,0.018582
40143007417,0.130425
40143007503,0.011693
40143007507,0.014857
40143007510,0.021772
40143007511,0.009485
40143007512,0.021756
40143007518,0.011746
40143007519,0.00476
40143007520,0.007409
40143007522,0.045863
40143007523,0.0272
40143007525,0.027083
40143007526,0.047066
40143007527,0.019766
40143007528,0.035045
40143007529,0.014927
40143007530,0.062717
40143007531,0.065449
40143007532,0.011922
40143007533,0.035425
40143007534,0.032038
40143007535,0.120749
40143007536,0.008032
40143007608,0.031023
40143007611,0.037524
40143007612,0.004147
40143007613,0.029849
40143007614,0.066487
40143007615,0.011662
40143007616,0.043469
40143007617,0.013333
40143007619,0.012019
40143007629,0.108461
40143007630,0.122953
40143007631,0.009196
40143007632,0.030863
40143007633,0.061919
40143007634,0.034948
40143007636,0.143945
40143007638,0.023356
40143007639,0.023331
40143007641,0.025462
40143007642,0.034342
40143007643,0.042883
40143007644,0.008231
40143007645,0.010969
40143007646,0.248157
40143007647,0.025087
40143007648,0.058207
40143007649,0.042921
40143007650,0.170232
40143007651,0.286512
40143007652,0.183454
40143007653,0.032677
40143007654,0.02353
40143007655,0.191114
40143007656,0.093434
40143007703,0.182196
40143007704,0.185413
40143007705,0.160704
40143007706,0.009392
40143007707,0.177013
40143007801,0.222417
40143007803,0.211834
40143007804,0.358292
40143007900,0.145784
40143008001,0.273415
40143008002,0.023002
40143008200,0.045605
40143008300,0.214012
40143008400,0.005295
40143008501,0.015624
40143008502,0.039082
40143008600,0.018342
40143008700,0.016963
40143008800,0.060229
40143008900,0.130917
40143009006,0.011038
40143009008,0.050722
40143009010,0.004246
40143009011,0.100555
40143009012,0.05374
40143009013,0.028534
40143009014,0.020301
40143009015,0.04171
40143009016,0.023289
40143009017,0.008453
40143009018,0.014001
40143009019,0.021556
40143009020,0.003457
40143009021,0.020503
40143009101,0.302599
40143009104,0.268612
40143009200,0.13158
40143009300,0.177949
40143009401,0.179915
40143009403,0.100259
40143009404,0.178959
40143009500,0.166547
40143011300,0.020088
40143011400,0.007969
40145030101,0.153106
40145030102,0.177712
40145030201,0.317757
40145030202,0.124115
40145030300,0.150216
40145030402,0.09633
40145030403,0.276453
40145030406,0.024056
40145030407,0.027917
40145030408,0.183011
40145030502,0.087835
40145030505,0.030076
40145030506,0.111906
40145030507,0.005188
40145030508,0.178871
40145030509,0.017123
40145030510,0.177277
40145030511,0.119588
40145030512,0.193976
40145030601,0.029753
40145030603,0.188475
40145030604,0.271257
40145030605,0.101434
40145030798,0.142681
40145030800,0.167548
40147000100,0.040798
40147000200,0.176494
40147000300,0.08371
40147000400,0.209512
40147000500,0.010158
40147000601,0.304991
40147000602,0.322824
40147000700,0.200001
40147000800,0.248095
40147000900,0.011686
40147001000,0.106041
40147001100,0.147025
40147001200,0.177495
40147001300,0.144738
40149964900,0.213877
40149965000,0.215146
40149965100,0.166717
40149965400,0.160766
40151954201,0.124544
40151954202,0.169757
40151954300,0.286769
40151954400,0.181422
40153953100,0.092791
40153953200,0.15543
40153953300,0.118011
40153953400,0.141752
40153953500,0.325231
04001944902,0.031059
04001945100,0.064404
04001970201,0.202094
04001970202,0.069404
04001970300,0.195505
04001970501,0.127487
04001970502,0.141403
04003000101,0.06159
04003000102,0.219912
04003000201,0.062179
04003000202,0.098641
04003000203,0.156782
04003000301,0.093532
04003000303,0.116054
04003000304,0.136243
04003000305,0.32471
04003000400,0.024851
04003000501,0.066731
04003000502,0.112873
04003000503,0.300047
04003000600,0.05708
04003000700,0.283561
04003000800,0.0081
04003000901,0.029356
04003000902,0.219135
04003001000,0.117735
04003001100,0.093381
04003001200,0.082918
04003001301,0.037128
04003001302,0.097525
04003001401,0.031178
04003001402,0.039732
04003001501,0.026449
04003001502,0.029001
04003001601,0.007988
04003001602,0.055792
04003001701,0.153655
04003001702,0.020156
04003001703,0.275165
04003001801,0.01663
04003001802,0.005675
04003001900,0.190111
04003002001,0.130976
04003002002,0.022688
04003002100,0.011201
04005000200,0.027348
04005000601,0.026113
04005000602,0.062478
04005000700,0.25478
04005000800,0.044907
04005000901,0.027782
04005000902,0.00473
04005001000,0.043803
04005001101,0.019979
04005001103,0.121715
04005001104,0.166655
04005001201,0.142607
04005001302,0.096258
04005001500,0.13954
04005001601,0.132003
04005001602,0.113896
04005001700,0.129775
04005002201,0.158357
04005002202,0.060253
04005002302,0.091303
04005945100,0.04458
04005980100,0.516585
04005980200,0.073891
04007000100,0.116998
04007000200,0.186787
04007000301,0.187988
04007000302,0.190025
04007000400,0.178946
04007000500,0.243747
04007000600,0.306482
04007000700,0.187363
04007000800,0.35632
04007000900,0.11619
04007001000,0.125243
04007001100,0.137745
04007001200,0.18985
04007001300,0.067319
04007940200,0.073888
04007940400,0.024961
04009940500,0.075773
04009961100,0.25684
04009961201,0.077798
04009961202,0.349889
04009961300,0.099149
04009961400,0.284822
04009961500,0.142096
04009961600,0.227497
04009961700,0.247813
04011960100,0.057315
04011960200,0.11862
04011960300,0.111213
04012020101,0.116738
04012020102,0.10963
04013010102,0.128994
04013010103,0.259314
04013010104,0.035681
04013030401,0.141112
04013030402,0.012257
04013040502,0.041548
04013040506,0.019495
04013040507,0.049483
04013040512,0.048742
04013040513,0.165927
04013040514,0.022774
04013040515,0.068667
04013040516,0.012519
04013040522,0.069003
04013040523,0.103198
04013040524,0.106762
04013040525,0.075115
04013040526,0.025651
04013040527,0.195136
04013040528,0.048275
04013040529,0.20937
04013040530,0.008547
04013040531,0.067929
04013040532,0.023026
04013040533,0.007237
04013040534,0.014027
04013040535,0.030817
04013040536,0.00488
04013040537,0.04931
04013040538,0.011091
04013040539,0.049102
04013040540,0.097336
04013040541,0.084849
04013050603,0.291048
04013050604,0.314375
04013050609,0.082214
04013050611,0.006868
04013050612,0.004753
04013050613,0.151544
04013050614,0.021647
04013050615,0.005859
04013050616,0.015259
04013050617,0.032741
04013050618,0.007496
04013050619,0.008122
04013050620,0.01275
04013050621,0.037007
04013050701,0.095617
04013050702,0.035991
04013060801,0.073597
04013060802,0.015613
04013060901,0.010027
04013060902,0.033788
04013060903,0.122345
04013060904,0.331461
04013061010,0.13362
04013061011,0.038452
04013061013,0.014107
04013061014,0.024968
04013061015,0.017313
04013061017,0.019534
04013061018,0.009115
04013061020,0.007881
04013061021,0.009626
04013061024,0.05983
04013061026,0.00509
04013061027,0.010797
04013061028,0.007799
04013061029,0.005263
04013061031,0.010566
04013061032,0.005873
04013061033,0.007456
04013061034,0.020093
04013061035,0.051443
04013061036,0.003134
04013061037,0.007896
04013061038,0.006188
04013061039,0.030314
04013061040,0.02283
04013061041,0.001511
04013061042,0.015466
04013061043,0.006618
04013061044,0.006999
04013061045,0.016475
04013061046,0.04436
04013061047,0.022017
04013061048,0.00908
04013061049,0.00258
04013061050,0.040001
04013061051,0.006654
04013061052,0.005599
04013061053,0.009282
04013061054,0.057292
04013061055,0.003917
04013061056,0.00529
04013061057,0.003309
04013061058,0.005981
04013061059,0.008923
04013061060,0.011208
04013061061,0.001528
04013061062,0.005859
04013061063,0.028304
04013061064,0.007107
04013061100,0.273617
04013061200,0.011445
04013061300,0.04023
04013061401,0.041372
04013061402,0.203967
04013071503,0.051698
04013071504,0.023139
04013071505,0.038813
04013071506,0.050623
04013071509,0.017231
04013071510,0.016069
04013071511,0.06901
04013071512,0.009673
04013071513,0.047734
04013071514,0.012213
04013071515,0.053474
04013071516,0.019849
04013071517,0.007755
04013071600,0.273784
04013071701,0.020177
04013071702,0.019393
04013071801,0.011654
04013071802,0.035425
04013071903,0.009515
04013071906,0.043749
04013071909,0.015407
04013071910,0.005082
04013071911,0.002756
04013071912,0.030029
04013071913,0.007631
04013071914,0.005712
04013071915,0.037598
04013082002,0.00475
04013082007,0.008417
04013082008,0.034107
04013082009,0.01049
04013082010,0.008561
04013082012,0.008022
04013082016,0.004367
04013082017,0.02086
04013082018,0.006661
04013082019,0.007841
04013082020,0.009307
04013082021,0.034528
04013082022,0.003698
04013082023,0.088038
04013082024,0.011073
04013082025,0.070781
04013082026,0.004101
04013082027,0.045913
04013082028,0.005986
04013082204,0.013808
04013082205,0.008702
04013082206,0.0083
04013082207,0.005046
04013082208,0.014323
04013082209,0.134411
04013082210,0.011373
04013082211,0.043233
04013082212,0.008911
04013082213,0.003593
04013083000,0.007486
04013092305,0.008482
04013092306,0.020712
04013092307,0.016602
04013092308,0.005733
04013092309,0.007903
04013092311,0.03304
04013092312,0.020538
04013092401,0.016286
04013092402,0.005074
04013092500,0.002476
04013092600,0.017441
04013092705,0.025013
04013092708,0.006976
04013092709,0.007349
04013092710,0.011016
04013092711,0.005773
04013092712,0.004814
04013092713,0.003728
04013092715,0.014463
04013092716,0.004121
04013092717,0.026225
04013092718,0.003883
04013092719,0.013873
04013092720,0.014756
04013092721,0.003967
04013092723,0.006179
04013092724,0.044841
04013092801,0.006519
04013092802,0.05929
04013092900,0.006311
04013093001,0.006888
04013093002,0.003654
04013093101,0.013802
04013093104,0.028272
04013093105,0.004292
04013093106,0.034477
04013093200,0.036538
04013103205,0.023642
04013103206,0.002653
04013103207,0.012499
04013103208,0.068951
04013103209,0.023969
04013103210,0.010886
04013103211,0.016165
04013103212,0.008552
04013103214,0.006123
04013103215,0.015088
04013103216,0.016483
04013103217,0.01089
04013103219,0.106141
04013103220,0.035949
04013103302,0.00729
04013103303,0.00654
04013103304,0.008687
04013103305,0.046723
04013103306,0.017325
04013103400,0.011828
04013103501,0.008014
04013103502,0.011756
04013103604,0.067831
04013103605,0.005789
04013103606,0.011576
04013103607,0.056764
04013103608,0.012035
04013103609,0.007346
04013103611,0.010844
04013103612,0.005712
04013103614,0.008592
04013103615,0.014606
04013103701,0.019348
04013103702,0.051758
04013103900,0.010393
04013104000,0.008095
04013104100,0.005425
04013104202,0.00747
04013104203,0.007479
04013104204,0.005686
04013104205,0.005722
04013104206,0.004921
04013104207,0.005046
04013104212,0.007793
04013104214,0.009749
04013104215,0.009172
04013104216,0.005942
04013104217,0.009011
04013104218,0.010633
04013104219,0.005766
04013104221,0.011326
04013104222,0.005622
04013104223,0.008374
04013104224,0.006173
04013104225,0.008735
04013104226,0.021637
04013104227,0.038212
04013104301,0.007238
04013104302,0.010172
04013104401,0.014103
04013104402,0.013342
04013104501,0.025055
04013104502,0.008215
04013104600,0.009001
04013104701,0.034576
04013104702,0.030265
04013104801,0.024027
04013104802,0.00632
04013104900,0.005614
04013105002,0.005695
04013105003,0.012751
04013105004,0.021264
04013105101,0.007198
04013105102,0.016057
04013105103,0.063275
04013105200,0.008403
04013105300,0.00937
04013105400,0.018506
04013105501,0.00439
04013105502,0.005889
04013105503,0.009381
04013105601,0.021621
04013105602,0.005617
04013105701,0.01553
04013105702,0.004745
04013105800,0.006565
04013105900,0.006926
04013106001,0.007887
04013106002,0.009336
04013106003,0.005326
04013106100,0.009177
04013106200,0.038233
04013106300,0.016091
04013106400,0.005795
04013106501,0.0073
04013106502,0.00782
04013106600,0.009236
04013106701,0.039365
04013106702,0.024167
04013106703,0.05206
04013106801,0.028676
04013106802,0.006537
04013106900,0.005393
04013107001,0.004486
04013107002,0.003811
04013107101,0.025904
04013107102,0.007566
04013107201,0.23444
04013107202,0.003382
04013107300,0.004905
04013107401,0.010454
04013107402,0.035642
04013107403,0.027212
04013107404,0.026468
04013107500,0.012217
04013107601,0.014106
04013107602,0.033673
04013107700,0.014999
04013107800,0.088352
04013107900,0.069352
04013108000,0.004279
04013108100,0.035593
04013108200,0.05766
04013108301,0.147391
04013108302,0.031728
04013108400,0.022363
04013108501,0.01742
04013108502,0.194643
04013108601,0.007059
04013108602,0.014448
04013108802,0.02084
04013108901,0.012646
04013108902,0.007381
04013109001,0.029726
04013109002,0.006792
04013109003,0.006031
04013109101,0.005335
04013109102,0.023351
04013109200,0.012615
04013109300,0.004331
04013109401,0.003779
04013109402,0.041984
04013109500,0.00504
04013109601,0.049316
04013109602,0.006226
04013109603,0.004794
04013109604,0.016685
04013109702,0.009195
04013109703,0.005596
04013109704,0.015368
04013109705,0.024675
04013109706,0.005885
04013109707,0.005503
04013109801,0.00476
04013109802,0.004613
04013109900,0.007447
04013110001,0.014946
04013110002,0.147782
04013110100,0.009785
04013110400,0.005265
04013110501,0.013348
04013110502,0.011433
04013110600,0.010101
04013110701,0.030441
04013110702,0.007654
04013110801,0.014664
04013110802,0.008208
04013110901,0.010467
04013110902,0.062334
04013111000,0.016365
04013111100,0.008219
04013111201,0.007874
04013111202,0.003195
04013111203,0.105563
04013111204,0.021256
04013111300,0.003112
04013111401,0.055845
04013111402,0.004989
04013111501,0.006369
04013111502,0.005869
04013111601,0.008007
04013111602,0.027647
04013111700,0.009359
04013111800,0.008083
04013111900,0.0525
04013112100,0.005712
04013112201,0.005363
04013112202,0.00567
04013112301,0.004873
04013112302,0.017511
04013112401,0.012032
04013112402,0.012789
04013112502,0.005141
04013112504,0.008321
04013112507,0.017556
04013112508,0.07374
04013112510,0.007337
04013112512,0.044052
04013112514,0.010206
04013112515,0.004054
04013112516,0.018222
04013112517,0.009893
04013112518,0.013238
04013112519,0.004428
04013112520,0.047143
04013112521,0.013282
04013112522,0.015128
04013112523,0.032763
04013112524,0.00526
04013112601,0.072623
04013112602,0.005479
04013112700,0.00535
04013112900,0.009508
04013113000,0.007148
04013113100,0.010458
04013113201,0.218964
04013113202,0.299729
04013113204,0.031596
04013113301,0.028609
04013113502,0.047221
04013113503,0.005848
04013113601,0.004475
04013113602,0.202784
04013113701,0.004649
04013113702,0.013445
04013113800,0.054588
04013113900,0.054055
04013114000,0.026433
04013114100,0.064501
04013114200,0.013566
04013114301,0.012608
04013114302,0.010657
04013114401,0.028267
04013114402,0.028885
04013114500,0.011741
04013114600,0.016788
04013114704,0.242359
04013114705,0.448314
04013114800,0.125983
04013114900,0.007615
04013115200,0.02376
04013115300,0.058336
04013115400,0.013732
04013115500,0.005916
04013115600,0.002563
04013115700,0.008526
04013115801,0.005832
04013115802,0.005629
04013115900,0.005094
04013116000,0.00571
04013116100,0.00703
04013116202,0.013052
04013116203,0.017139
04013116204,0.029266
04013116205,0.022011
04013116300,0.003083
04013116400,0.006692
04013116500,0.011024
04013116605,0.015811
04013116606,0.060295
04013116607,0.01255
04013116610,0.128748
04013116611,0.007513
04013116612,0.006208
04013116614,0.00829
04013116615,0.005868
04013116616,0.007555
04013116617,0.133585
04013116618,0.019064
04013116619,0.007437
04013116620,0.010014
04013116621,0.013233
04013116703,0.014877
04013116707,0.01624
04013116708,0.047138
04013116709,0.02304
04013116710,0.006422
04013116711,0.014615
04013116712,0.011942
04013116713,0.014995
04013116714,0.005256
04013116715,0.016309
04013116717,0.038831
04013116718,0.061486
04013116719,0.010083
04013116720,0.015414
04013116721,0.012568
04013116725,0.009889
04013116727,0.019551
04013116728,0.003646
04013116729,0.022576
04013116730,0.069957
04013116731,0.016702
04013116732,0.003672
04013116733,0.099887
04013116734,0.014155
04013116735,0.003941
04013116736,0.003778
04013116737,0.010491
04013116738,0.004137
04013116800,0.009439
04013116900,0.026284
04013117000,0.008841
04013117100,0.009647
04013117200,0.023986
04013117300,0.081233
04013216806,0.029314
04013216807,0.010614
04013216809,0.009444
04013216810,0.025168
04013216813,0.012602
04013216816,0.007599
04013216819,0.009791
04013216820,0.010269
04013216821,0.012687
04013216822,0.019249
04013216826,0.016574
04013216829,0.05271
04013216830,0.015048
04013216831,0.014188
04013216832,0.005532
04013216833,0.067521
04013216834,0.052725
04013216835,0.020811
04013216836,0.024849
04013216837,0.008912
04013216838,0.003585
04013216839,0.00571
04013216840,0.041662
04013216841,0.026543
04013216842,0.011058
04013216843,0.040959
04013216844,0.013228
04013216845,0.051229
04013216849,0.033462
04013216850,0.06106
04013216851,0.093273
04013216852,0.00543
04013216853,0.018844
04013216854,0.040846
04013216855,0.011042
04013216856,0.0345
04013216857,0.023988
04013216858,0.019402
04013216859,0.006069
04013216860,0.06208
04013216861,0.009187
04013216901,0.012782
04013216902,0.005015
04013217001,0.061602
04013217002,0.009505
04013217101,0.036097
04013217102,0.007418
04013217201,0.059921
04013217203,0.043428
04013217204,0.023675
04013217300,0.050869
04013217400,0.04556
04013217501,0.007137
04013217502,0.020505
04013217600,0.016962
04013217700,0.162467
04013217800,0.013971
04013217900,0.009645
04013218000,0.025461
04013218100,0.013001
04013218200,0.006149
04013218300,0.048419
04013318400,0.094488
04013318501,0.01187
04013318700,0.057066
04013318800,0.006142
04013318900,0.009767
04013319001,0.021838
04013319002,0.005975
04013319101,0.115242
04013319103,0.006957
04013319104,0.169005
04013319201,0.005693
04013319202,0.047169
04013319300,0.011181
04013319401,0.009577
04013319402,0.008738
04013319403,0.008443
04013319404,0.028014
04013319500,0.013462
04013319600,0.01108
04013319705,0.086199
04013319706,0.081573
04013319707,0.040728
04013319708,0.007961
04013319709,0.028427
04013319710,0.010974
04013319801,0.009073
04013319802,0.006887
04013319902,0.013443
04013319903,0.005327
04013319904,0.0914
04013319905,0.010699
04013319906,0.052676
04013319907,0.012189
04013319908,0.033706
04013319909,0.019904
04013319910,0.019514
04013320001,0.06478
04013320002,0.140615
04013320007,0.008201
04013320100,0.021039
04013420104,0.084449
04013420105,0.015958
04013420107,0.005593
04013420108,0.018629
04013420109,0.007885
04013420110,0.00822
04013420111,0.007397
04013420112,0.013885
04013420113,0.00952
04013420114,0.032016
04013420115,0.018291
04013420116,0.09594
04013420202,0.053624
04013420206,0.008403
04013420207,0.010662
04013420208,0.009214
04013420209,0.018603
04013420210,0.020722
04013420211,0.017236
04013420212,0.047876
04013420213,0.011416
04013420214,0.125121
04013420215,0.012625
04013420216,0.010517
04013420301,0.055193
04013420302,0.012288
04013420303,0.006802
04013420304,0.058318
04013420401,0.054158
04013420402,0.008257
04013420503,0.03532
04013420504,0.036445
04013420505,0.004657
04013420506,0.129803
04013420602,0.006833
04013420603,0.009239
04013420604,0.007893
04013420704,0.00575
04013420705,0.011848
04013420706,0.01251
04013420707,0.021661
04013420708,0.02832
04013420709,0.026792
04013420710,0.023531
04013420800,0.005843
04013420901,0.008548
04013420902,0.006934
04013421001,0.201942
04013421002,0.021616
04013421101,0.019094
04013421102,0.011694
04013421201,0.015943
04013421202,0.20655
04013421302,0.025465
04013421303,0.01712
04013421304,0.006305
04013421400,0.010027
04013421501,0.006643
04013421502,0.006709
04013421601,0.046844
04013421602,0.014008
04013421701,0.008822
04013421702,0.028546
04013421801,0.005745
04013421802,0.016022
04013421901,0.009237
04013421902,0.03068
04013422001,0.009677
04013422002,0.028326
04013422102,0.023605
04013422103,0.036791
04013422104,0.007611
04013422105,0.01169
04013422106,0.077298
04013422107,0.097321
04013422203,0.042008
04013422209,0.005669
04013422210,0.011818
04013422211,0.011153
04013422212,0.050687
04013422213,0.013706
04013422215,0.009972
04013422216,0.017446
04013422217,0.122013
04013422218,0.004276
04013422219,0.00603
04013422220,0.012072
04013422221,0.019013
04013422222,0.00796
04013422223,0.025979
04013422224,0.048161
04013422225,0.022947
04013422226,0.134382
04013422227,0.00815
04013422301,0.009926
04013422302,0.008734
04013422304,0.128585
04013422305,0.015894
04013422307,0.018888
04013422308,0.020163
04013422309,0.02122
04013422401,0.039217
04013422402,0.005609
04013422403,0.007757
04013422404,0.013801
04013422501,0.0055
04013422502,0.018637
04013422503,0.006262
04013422504,0.051712
04013422506,0.078907
04013422507,0.02722
04013422508,0.010323
04013422509,0.168056
04013422510,0.016552
04013422511,0.014459
04013422512,0.005467
04013422513,0.011283
04013422514,0.072939
04013422607,0.050031
04013422609,0.067019
04013422610,0.022736
04013422615,0.008099
04013422617,0.010711
04013422618,0.018737
04013422620,0.007603
04013422621,0.059545
04013422622,0.014634
04013422623,0.008023
04013422624,0.02323
04013422625,0.033119
04013422626,0.01809
04013422627,0.01105
04013422628,0.017815
04013422629,0.037287
04013422630,0.007303
04013422632,0.022353
04013422633,0.010056
04013422634,0.020756
04013422636,0.017752
04013422637,0.013257
04013422638,0.010828
04013422639,0.038598
04013422640,0.019828
04013422642,0.022737
04013422643,0.014506
04013422647,0.008203
04013422648,0.009826
04013422649,0.013785
04013422650,0.004982
04013422651,0.004897
04013422652,0.025326
04013422653,0.007852
04013422654,0.004793
04013422655,0.008036
04013422656,0.060932
04013422657,0.009814
04013422658,0.009635
04013422659,0.016929
04013422660,0.012763
04013522801,0.492837
04013522802,0.006857
04013522901,0.007372
04013522903,0.149765
04013522904,0.005178
04013523002,0.006692
04013523005,0.009437
04013523006,0.136265
04013523007,0.069899
04013523008,0.0042
04013523102,0.003687
04013523103,0.013081
04013523104,0.005499
04013610001,0.327973
04013610002,0.123967
04013610100,0.012992
04013610201,0.032379
04013610202,0.019097
04013610301,0.089075
04013610302,0.008363
04013610400,0.011041
04013610500,0.009832
04013610600,0.011298
04013610700,0.086679
04013610800,0.018182
04013610901,0.018522
04013610902,0.018753
04013610903,0.031909
04013611000,0.02108
04013611100,0.00422
04013611200,0.006765
04013611300,0.01565
04013611400,0.032986
04013611500,0.005494
04013611600,0.009086
04013611700,0.013803
04013611800,0.016603
04013611900,0.006089
04013612000,0.024862
04013612200,0.043557
04013612301,0.024857
04013612302,0.003933
04013612401,0.003525
04013612402,0.03227
04013612500,0.075699
04013612600,0.014594
04013612700,0.03012
04013612800,0.053044
04013612900,0.013558
04013613000,0.007148
04013613100,0.006992
04013613200,0.012693
04013613300,0.010805
04013613400,0.00932
04013613500,0.121073
04013613601,0.009422
04013613602,0.013102
04013613700,0.05448
04013613800,0.005584
04013613900,0.009166
04013614000,0.005237
04013614100,0.004652
04013614200,0.017185
04013614300,0.046891
04013614400,0.022838
04013614500,0.012043
04013614601,0.02807
04013614602,0.09566
04013614700,0.034023
04013614800,0.005545
04013614900,0.167854
04013615001,0.005554
04013615002,0.010175
04013615100,0.076452
04013615201,0.036838
04013615202,0.058011
04013615300,0.023754
04013615400,0.013307
04013615500,0.031376
04013615600,0.044929
04013615700,0.022576
04013615800,0.005872
04013615900,0.012883
04013616000,0.00627
04013616100,0.005584
04013616200,0.032776
04013616300,0.003054
04013616400,0.053399
04013616500,0.012446
04013616600,0.015389
04013616700,0.036387
04013616800,0.007681
04013616900,0.009528
04013617001,0.038428
04013617002,0.041617
04013617100,0.069871
04013617200,0.010059
04013617300,0.01051
04013617400,0.079679
04013617500,0.02351
04013617600,0.016891
04013617700,0.027541
04013617800,0.05313
04013617900,0.011614
04013618000,0.012611
04013618100,0.008499
04013618200,0.003914
04013618300,0.010599
04013618400,0.003525
04013618500,0.012634
04013618600,0.007431
04013618700,0.004056
04013618800,0.016379
04013618900,0.025932
04013619000,0.02705
04013619100,0.031363
04013619200,0.034207
04013619300,0.003352
04013619400,0.042734
04013619500,0.015117
04013619601,0.028451
04013619602,0.011673
04013619700,0.006417
04013619800,0.008607
04013619900,0.016317
04013723304,0.074256
04013723305,0.087279
04013723306,0.096018
04013723307,0.039388
04013723309,0.002586
04013723310,0.01274
04013723311,0.014119
04013810000,0.022647
04013810100,0.009714
04013810200,0.045098
04013810300,0.006176
04013810400,0.012401
04013810500,0.010046
04013810600,0.009115
04013810700,0.011256
04013810800,0.015939
04013810900,0.006941
04013811000,0.039434
04013811100,0.067157
04013811200,0.02422
04013811300,0.018783
04013811400,0.007456
04013811500,0.0039
04013811600,0.006442
04013811700,0.004206
04013811800,0.031916
04013811900,0.010728
04013812000,0.042811
04013812100,0.026626
04013812200,0.011754
04013812300,0.009386
04013812400,0.011789
04013812500,0.019905
04013812600,0.008008
04013812700,0.006451
04013812801,0.007966
04013812802,0.049748
04013812900,0.006674
04013813000,0.008752
04013813100,0.004787
04013813200,0.00818
04013813300,0.014249
04013813400,0.007539
04013813500,0.028368
04013813600,0.007415
04013813700,0.02117
04013813800,0.021737
04013813900,0.005293
04013814000,0.01907
04013814100,0.004245
04013814200,0.036096
04013814300,0.007592
04013814400,0.005704
04013814500,0.056521
04013814600,0.016574
04013814700,0.004595
04013814801,0.029663
04013814802,0.01098
04013814900,0.008774
04013815000,0.006947
04013815100,0.002536
04013815201,0.026189
04013815202,0.003168
04013815203,0.018176
04013815300,0.055223
04013815401,0.011581
04013815402,0.016662
04013815501,0.006543
04013815502,0.044243
04013815601,0.010974
04013815602,0.006173
04013815700,0.021456
04013815800,0.014358
04013815901,0.047107
04013815902,0.006795
04013816001,0.032092
04013816002,0.011166
04013816003,0.024307
04013816004,0.011561
04013816005,0.011325
04013816100,0.005532
04013816200,0.003596
04013816301,0.029915
04013816302,0.008292
04013816401,0.02235
04013816402,0.005273
04013816501,0.015252
04013816502,0.008683
04013816600,0.009107
04013816700,0.008701
04013816800,0.013664
04013816901,0.004528
04013816902,0.018462
04013816903,0.004237
04013816904,0.008057
04013817000,0.009333
04013817101,0.026479
04013817102,0.03362
04013817103,0.004898
04013817200,0.012642
04013817300,0.024204
04013817400,0.01768
04013817500,0.028016
04013817600,0.01551
04013940700,0.042661
04013941000,0.020055
04013941100,0.086343
04013941200,0.048641
04013941300,0.024593
04013980100,0.147901
04013980400,0.275654
04013980500,0.024832
04013980700,0.042984
04013980900,0.025201
04013981000,0.520628
04015954801,0.134576
04015954802,0.11781
04017940014,0.012722
04017940015,0.018185
04017940100,0.159851
04017940301,0.082938
04017940302,0.326983
04017960100,0.144954
04017960200,0.107937
04017960400,0.045023
04017960500,0.169679
04017960600,0.031179
04017961300,0.085936
04017961701,0.118188
04017961702,0.278558
04017962501,0.233273
04017962502,0.408758
04017963300,0.161005
04017963400,0.163941
04017963700,0.017236
04017963800,0.008427
04017964201,0.101809
04017964202,0.075595
04017964801,0.021397
04017964802,0.21184
04017964901,0.251118
04017964902,0.119995
04017965201,0.277761
04017965202,0.200707
04017965301,0.158549
04017965302,0.049342
04019000100,0.23842
04019000200,0.011564
04019000300,0.003612
04019000401,0.005484
04019000402,0.006031
04019000501,0.008718
04019000502,0.012119
04019000600,0.013756
04019000700,0.003046
04019000800,0.009163
04019001100,0.008192
04019001200,0.005119
04019001302,0.013139
04019001303,0.029149
04019001304,0.057225
04019001400,0.015099
04019001500,0.014111
04019001600,0.031883
04019001700,0.045499
04019001801,0.006341
04019001802,0.010239
04019001900,0.014084
04019002000,0.086869
04019002100,0.007517
04019002201,0.004418
04019002202,0.009569
04019002300,0.014391
04019002400,0.006197
04019002503,0.024647
04019002504,0.005296
04019002505,0.011463
04019002507,0.015364
04019002508,0.002503
04019002509,0.011061
04019002602,0.024381
04019002603,0.023501
04019002604,0.005127
04019002702,0.012029
04019002703,0.007535
04019002704,0.007044
04019002801,0.052836
04019002802,0.01241
04019002803,0.021211
04019002901,0.010151
04019002904,0.013105
04019002905,0.02341
04019002906,0.009321
04019003002,0.010542
04019003003,0.013555
04019003004,0.060106
04019003102,0.004296
04019003103,0.063277
04019003104,0.013589
04019003201,0.0118
04019003202,0.011159
04019003302,0.008434
04019003303,0.013968
04019003304,0.007766
04019003400,0.012248
04019003502,0.015087
04019003503,0.058105
04019003504,0.010742
04019003505,0.009766
04019003506,0.009115
04019003601,0.138603
04019003702,0.012031
04019003704,0.031317
04019003705,0.005833
04019003706,0.00664
04019003707,0.007331
04019003801,0.046027
04019003802,0.008317
04019003901,0.023955
04019003902,0.003004
04019003903,0.012223
04019004008,0.002515
04019004010,0.011319
04019004026,0.012638
04019004029,0.022624
04019004030,0.013259
04019004031,0.060377
04019004032,0.004887
04019004033,0.010824
04019004034,0.003752
04019004035,0.003893
04019004036,0.002549
04019004037,0.00546
04019004038,0.00293
04019004039,0.008774
04019004042,0.037739
04019004043,0.044912
04019004044,0.14875
04019004046,0.004723
04019004047,0.004167
04019004048,0.014922
04019004049,0.005094
04019004050,0.00415
04019004051,0.005285
04019004052,0.185872
04019004053,0.008172
04019004054,0.015492
04019004055,0.03017
04019004056,0.010947
04019004057,0.007639
04019004058,0.005811
04019004061,0.213182
04019004062,0.009313
04019004063,0.005737
04019004065,0.006635
04019004066,0.035443
04019004067,0.090213
04019004068,0.025102
04019004069,0.015973
04019004070,0.05019
04019004071,0.004075
04019004072,0.003926
04019004073,0.008786
04019004074,0.008089
04019004075,0.016664
04019004076,0.004118
04019004077,0.01123
04019004078,0.137305
04019004079,0.015609
04019004080,0.008257
04019004081,0.009104
04019004082,0.007446
04019004109,0.138771
04019004110,0.004102
04019004112,0.0352
04019004114,0.018195
04019004115,0.011692
04019004116,0.00931
04019004117,0.020956
04019004118,0.01566
04019004122,0.005382
04019004126,0.007569
04019004127,0.048421
04019004128,0.039093
04019004129,0.028751
04019004130,0.025338
04019004131,0.036442
04019004132,0.021155
04019004133,0.046289
04019004307,0.161926
04019004310,0.013867
04019004311,0.005468
04019004312,0.004217
04019004313,0.291702
04019004316,0.016291
04019004317,0.04455
04019004320,0.130283
04019004321,0.002477
04019004322,0.006276
04019004323,0.183843
04019004324,0.1318
04019004325,0.359339
04019004326,0.028098
04019004327,0.042209
04019004328,0.02328
04019004330,0.023112
04019004332,0.01709
04019004333,0.004666
04019004335,0.03355
04019004336,0.124398
04019004337,0.031941
04019004338,0.01709
04019004339,0.004851
04019004340,0.054866
04019004404,0.123154
04019004407,0.002375
04019004412,0.013885
04019004413,0.017345
04019004414,0.002666
04019004415,0.048546
04019004418,0.008659
04019004419,0.020798
04019004422,0.007801
04019004423,0.048288
04019004424,0.196999
04019004425,0.070381
04019004426,0.1113
04019004428,0.046973
04019004430,0.004512
04019004431,0.010799
04019004432,0.006349
04019004433,0.0054
04019004434,0.012049
04019004435,0.006733
04019004436,0.023542
04019004437,0.03304
04019004438,0.017124
04019004439,0.004409
04019004440,0.014589
04019004505,0.011684
04019004506,0.015222
04019004508,0.022605
04019004510,0.016532
04019004511,0.006809
04019004512,0.005398
04019004513,0.011012
04019004514,0.01068
04019004515,0.054107
04019004610,0.009326
04019004613,0.00781
04019004614,0.007657
04019004615,0.008961
04019004616,0.03222
04019004617,0.033348
04019004618,0.021216
04019004619,0.02489
04019004620,0.031383
04019004621,0.00412
04019004622,0.170736
04019004623,0.029681
04019004624,0.009336
04019004625,0.25293
04019004626,0.018352
04019004627,0.043157
04019004628,0.016122
04019004630,0.023207
04019004631,0.218755
04019004632,0.258722
04019004633,0.027077
04019004634,0.006631
04019004635,0.054556
04019004636,0.016238
04019004639,0.052088
04019004640,0.016761
04019004641,0.0051
04019004642,0.016475
04019004643,0.038283
04019004644,0.008224
04019004645,0.008159
04019004646,0.016135
04019004647,0.02714
04019004648,0.215217
04019004649,0.032385
04019004650,0.03264
04019004710,0.035557
04019004711,0.036211
04019004712,0.007443
04019004713,0.21677
04019004714,0.009285
04019004715,0.187732
04019004717,0.025574
04019004718,0.018638
04019004720,0.01321
04019004721,0.015047
04019004722,0.039165
04019004723,0.023804
04019004724,0.026462
04019004725,0.039497
04019004726,0.030583
04019004727,0.16233
04019004728,0.3376
04019004729,0.007832
04019004730,0.006512
04019005200,0.119629
04019005300,0.007028
04019005400,0.005591
04019940800,0.054223
04019940900,0.013858
04019941000,0.065649
04019941100,0.015161
04019980001,0.511405
04019980002,0.071655
04019980100,0.038263
04019980200,0.049707
04019980300,0.085535
04019980400,0.207702
04021000201,0.205669
04021000204,0.007799
04021000206,0.012407
04021000208,0.015457
04021000211,0.03067
04021000212,0.056509
04021000215,0.01856
04021000216,0.011559
04021000217,0.090178
04021000218,0.004115
04021000219,0.022603
04021000220,0.013233
04021000221,0.029629
04021000222,0.004456
04021000223,0.007114
04021000224,0.010949
04021000225,0.005169
04021000226,0.005889
04021000227,0.004737
04021000228,0.006516
04021000229,0.060937
04021000307,0.084617
04021000309,0.025709
04021000310,0.023407
04021000311,0.187773
04021000312,0.110319
04021000313,0.011253
04021000315,0.09153
04021000316,0.016073
04021000317,0.006561
04021000319,0.039327
04021000320,0.054465
04021000321,0.038919
04021000322,0.026617
04021000323,0.103119
04021000324,0.017986
04021000325,0.028335
04021000400,0.120976
04021000603,0.056217
04021000604,0.265002
04021000700,0.09647
04021000802,0.084854
04021000804,0.028972
04021000805,0.01216
04021000806,0.004845
04021000807,0.337791
04021000808,0.331616
04021000902,0.075641
04021000903,0.382921
04021000904,0.154841
04021001000,0.195512
04021001100,0.095031
04021001200,0.120102
04021001303,0.114277
04021001305,0.007025
04021001306,0.007079
04021001307,0.174059
04021001308,0.108101
04021001309,0.038547
04021001310,0.03406
04021001403,0.023469
04021001404,0.011863
04021001405,0.060976
04021001406,0.056651
04021001407,0.193754
04021001408,0.196179
04021001500,0.070226
04021001600,0.042397
04021001701,0.261379
04021001704,0.068528
04021001705,0.191208
04021001706,0.123977
04021001707,0.006032
04021001709,0.032511
04021001712,0.149645
04021001713,0.01429
04021001714,0.010513
04021001715,0.055423
04021001716,0.0066
04021001717,0.019694
04021001900,0.027724
04021002001,0.263138
04021002004,0.125437
04021002005,0.152693
04021002104,0.041972
04021002105,0.017442
04021002106,0.131408
04021002107,0.205728
04021002200,0.098865
04021002300,0.25158
04021002400,0.451554
04021941200,0.048593
04021941300,0.041233
04021941401,0.088188
04021941402,0.086125
04023966000,0.070895
04023966101,0.190618
04023966103,0.048061
04023966106,0.211143
04023966107,0.034668
04023966108,0.147816
04023966109,0.075894
04023966110,0.013423
04023966111,0.154375
04023966200,0.054217
04023966301,0.197066
04023966302,0.233079
04023966401,0.05689
04023966402,0.081512
04025000205,0.034831
04025000206,0.045553
04025000207,0.353603
04025000208,0.335906
04025000209,0.326784
04025000210,0.042318
04025000211,0.09832
04025000301,0.01411
04025000302,0.016044
04025000403,0.009486
04025000404,0.0056
04025000405,0.007758
04025000406,0.30707
04025000407,0.002611
04025000501,0.060338
04025000502,0.046058
04025000604,0.007324
04025000608,0.012388
04025000609,0.012427
04025000611,0.121536
04025000612,0.113726
04025000613,0.006144
04025000614,0.003018
04025000615,0.02911
04025000616,0.015461
04025000617,0.146393
04025000618,0.016439
04025000619,0.066385
04025000701,0.12916
04025000702,0.074563
04025000802,0.114928
04025000803,0.031557
04025000804,0.337167
04025000901,0.130177
04025000902,0.005757
04025001002,0.041545
04025001003,0.010416
04025001004,0.066865
04025001103,0.051432
04025001104,0.00906
04025001105,0.15086
04025001106,0.070831
04025001201,0.247396
04025001202,0.012017
04025001300,0.186424
04025001401,0.064832
04025001402,0.325132
04025001403,0.100412
04025001501,0.147794
04025001502,0.100654
04025001601,0.052055
04025001602,0.128771
04025001604,0.104323
04025001605,0.200256
04025001701,0.149885
04025001703,0.283974
04025001704,0.174893
04025001705,0.074092
04025001801,0.113452
04025001803,0.075977
04025001804,0.2001
04025001901,0.091652
04025001902,0.120311
04025001903,0.087182
04025001904,0.080181
04025002001,0.106239
04025002002,0.118017
04025002003,0.172913
04025002005,0.026042
04025002006,0.022298
04025002007,0.099164
04025002100,0.098548
04027012100,0.138047
04027980003,0.060547
04027980004,0.136995
35023970000,0.038291
06007000102,0.005121
06007000103,0.02442
06007000104,0.011118
06007000201,0.232231
06007000202,0.123254
06007000300,0.090697
06007000401,0.034351
06007000403,0.027295
06007000404,0.070944
06007000501,0.200078
06007000502,0.279725
06007000601,0.033368
06007000603,0.009083
06007000604,0.035308
06007000700,0.011744
06007000800,0.071112
06007000901,0.026825
06007000903,0.009591
06007000904,0.17331
06007001000,0.062219
06007001100,0.170067
06007001200,0.011559
06007001300,0.007009
06007001400,0.083826
06007001500,0.013082
06007001601,0.1751
06007001602,0.210474
06007001702,0.162977
06007001703,0.013672
06007001704,0.007943
06007001800,0.161454
06007001900,0.124148
06007002000,0.227352
06007002100,0.144542
06007002200,0.079077
06007002300,0.24202
06007002401,0.071296
06007002402,0.114675
06007002500,0.066974
06007002601,0.31285
06007002602,0.151917
06007002700,0.051594
06007002800,0.027966
06007002900,0.016083
06007003001,0.232156
06007003002,0.023187
06007003100,0.322932
06007003200,0.018013
06007003300,0.018917
06007003400,0.114833
06007003501,0.016255
06007003502,0.166732
06007003600,0.115074
06007003700,0.187767
06011000100,0.116528
06011000200,0.100068
06011000301,0.168133
06011000302,0.170079
06011000400,0.045059
06011000500,0.22455
06015000202,0.206131
06017030601,0.239043
06017030603,0.302413
06017030604,0.047389
06017030605,0.239155
06017030606,0.234627
06017030701,0.012272
06017030706,0.009667
06017030709,0.009663
06017030710,0.003092
06017030801,0.025149
06017030901,0.074358
06017030902,0.04094
06017031000,0.140126
06017031100,0.088867
06017031700,0.007827
06021010101,0.181248
06021010102,0.210538
06021010200,0.153161
06021010300,0.089305
06021010401,0.145829
06021010402,0.214755
06021010501,0.067785
06021010502,0.147332
06023001200,0.028505
06023010102,0.167256
06023010902,0.045055
06023011600,0.112045
06023940000,0.245063
06033000100,0.079484
06033000300,0.044894
06033000401,0.006597
06033000402,0.024315
06033000501,0.074742
06033000502,0.042913
06033000601,0.068165
06033000602,0.156973
06033000702,0.120244
06033000703,0.023662
06033000704,0.048044
06033000801,0.012462
06033000802,0.010606
06033000901,0.02285
06033000902,0.044729
06033001000,0.095264
06033001101,0.046372
06033001102,0.060044
06033001200,0.018216
06033001301,0.065958
06033001302,0.112325
06035040100,0.137436
06035040200,0.043192
06035040302,0.178919
06035040303,0.091875
06035040304,0.281244
06035040305,0.037884
06035040400,0.227298
06035040500,0.107029
06035040600,0.137078
06045010100,0.154457
06045010200,0.129461
06045010601,0.24332
06045010602,0.219789
06045010801,0.070845
06045010802,0.009564
06045011700,0.067396
06045011800,0.167518
06049000100,0.220637
06049000200,0.034399
06049000300,0.170291
06055201800,0.198005
06057000102,0.054756
06057000104,0.050635
06057000105,0.146879
06057000106,0.218788
06057000107,0.150393
06057000200,0.033752
06057000300,0.166291
06057000401,0.021059
06057000403,0.30265
06057000404,0.02497
06057000502,0.034779
06057000503,0.021686
06057000504,0.053984
06057000601,0.03044
06057000602,0.060935
06057000701,0.312789
06057000702,0.235839
06057000801,0.273682
06057000802,0.14966
06057000900,0.176742
06061020200,0.021665
06061020300,0.201794
06061020401,0.058536
06061020402,0.266165
06061020501,0.203507
06061020502,0.041988
06061020601,0.024063
06061020604,0.045799
06061020605,0.12678
06061020606,0.015321
06061020607,0.013873
06061020608,0.034972
06061020710,0.008382
06061020711,0.022739
06061020712,0.012621
06061020713,0.083241
06061020714,0.017393
06061020715,0.003436
06061020717,0.017306
06061020805,0.031249
06061020806,0.036157
06061020901,0.011953
06061020908,0.136527
06061021003,0.011501
06061021034,0.016665
06061021037,0.038223
06061021038,0.006617
06061021039,0.004356
06061021040,0.024831
06061021043,0.020182
06061021044,0.010472
06061021045,0.009679
06061021046,0.015909
06061021047,0.003748
06061021048,0.016085
06061021103,0.018342
06061021106,0.013993
06061021108,0.147965
06061021109,0.03462
06061021122,0.02085
06061021123,0.006166
06061021128,0.044427
06061021129,0.027534
06061021130,0.070483
06061021131,0.014651
06061021203,0.021543
06061021204,0.178231
06061021304,0.052873
06061021323,0.003139
06061021324,0.011963
06061021325,0.004226
06061021326,0.00293
06061021327,0.022339
06061021328,0.006907
06061021401,0.009943
06061021403,0.00473
06061021501,0.199493
06061021502,0.181338
06061021603,0.163172
06061021604,0.213471
06061021801,0.29576
06061021802,0.159321
06061021901,0.090982
06061021902,0.018974
06061022002,0.134513
06061022013,0.26068
06061022014,0.251079
06061022400,0.015264
06061022500,0.007169
06061022600,0.011912
06061022800,0.021273
06061022900,0.035445
06061023000,0.00781
06061023100,0.013169
06061023200,0.007388
06061023300,0.008643
06061023400,0.015592
06061023501,0.019137
06061023502,0.006308
06061023600,0.023069
06061023700,0.06722
06061023800,0.00731
06061023900,0.134518
06063000100,0.112971
06063000201,0.072765
06063000202,0.079644
06063000300,0.104139
06063000400,0.189919
06063000501,0.213799
06063000502,0.139878
06067000100,0.051726
06067000200,0.067162
06067000300,0.01325
06067000400,0.031747
06067000501,0.171444
06067000502,0.353449
06067000600,0.008009
06067000700,0.022573
06067000800,0.057007
06067001102,0.157302
06067001103,0.074969
06067001201,0.035948
06067001202,0.009714
06067001300,0.010516
06067001400,0.024415
06067001500,0.008326
06067001601,0.010342
06067001602,0.056842
06067001702,0.081455
06067001800,0.006574
06067001900,0.063328
06067002000,0.014566
06067002100,0.05318
06067002200,0.042191
06067002300,0.064616
06067002400,0.009335
06067002500,0.009115
06067002600,0.017635
06067002700,0.089483
06067005301,0.038818
06067005402,0.012592
06067005403,0.096005
06067005404,0.026399
06067005502,0.010457
06067005505,0.015148
06067005506,0.011532
06067005508,0.075551
06067005509,0.026204
06067005510,0.013961
06067005601,0.021226
06067005605,0.013256
06067005606,0.007057
06067005701,0.020718
06067005702,0.011554
06067005801,0.007721
06067005803,0.00394
06067005901,0.009707
06067005903,0.011941
06067005904,0.00672
06067006002,0.011263
06067006003,0.146189
06067006004,0.006841
06067006101,0.135646
06067006102,0.015602
06067006202,0.03622
06067006203,0.054102
06067006204,0.007599
06067006300,0.006001
06067006400,0.025429
06067006501,0.04899
06067006502,0.044387
06067006600,0.009226
06067006703,0.009256
06067006704,0.008343
06067006705,0.027761
06067006706,0.017553
06067006801,0.008331
06067006802,0.014471
06067006803,0.025598
06067006901,0.09421
06067006902,0.075676
06067007001,0.023622
06067007007,0.00755
06067007010,0.064163
06067007011,0.029412
06067007012,0.008019
06067007013,0.012454
06067007016,0.011038
06067007017,0.060108
06067007019,0.048637
06067007020,0.057482
06067007021,0.032472
06067007022,0.091219
06067007023,0.007145
06067007024,0.043783
06067007025,0.010202
06067007026,0.00366
06067007027,0.007731
06067007028,0.022204
06067007101,0.107485
06067007103,0.007303
06067007105,0.015068
06067007106,0.008167
06067007107,0.084666
06067007108,0.006915
06067007109,0.031598
06067007110,0.012007
06067007111,0.018532
06067007202,0.011699
06067007204,0.010564
06067007206,0.005229
06067007207,0.046532
06067007208,0.015289
06067007209,0.008048
06067007301,0.005313
06067007402,0.008923
06067007403,0.128815
06067007413,0.032914
06067007414,0.00337
06067007415,0.021416
06067007416,0.022204
06067007417,0.008952
06067007422,0.047444
06067007423,0.108286
06067007424,0.005436
06067007426,0.0176
06067007427,0.014412
06067007428,0.022954
06067007429,0.01458
06067007430,0.02046
06067007431,0.003481
06067007432,0.005271
06067007434,0.008898
06067007435,0.031128
06067007436,0.02136
06067007437,0.009542
06067007438,0.0187
06067007439,0.002578
06067007501,0.087807
06067007503,0.083534
06067007504,0.091029
06067007602,0.019402
06067007603,0.004931
06067007604,0.039371
06067007701,0.010353
06067007702,0.012615
06067007801,0.032846
06067007802,0.011817
06067007903,0.008195
06067007904,0.004124
06067007905,0.019883
06067007906,0.02497
06067008005,0.020076
06067008006,0.020309
06067008007,0.068
06067008008,0.027147
06067008009,0.010253
06067008010,0.019488
06067008111,0.032229
06067008113,0.078202
06067008117,0.00934
06067008119,0.012543
06067008120,0.010704
06067008122,0.021086
06067008124,0.066059
06067008125,0.004192
06067008127,0.065774
06067008128,0.137681
06067008129,0.053227
06067008130,0.022169
06067008131,0.112999
06067008132,0.127084
06067008133,0.041056
06067008134,0.063135
06067008135,0.167139
06067008136,0.102036
06067008137,0.00703
06067008138,0.027215
06067008139,0.118633
06067008140,0.005669
06067008141,0.013096
06067008142,0.013055
06067008143,0.025096
06067008144,0.010507
06067008145,0.034751
06067008203,0.006949
06067008204,0.011301
06067008206,0.020367
06067008207,0.00633
06067008208,0.0087
06067008209,0.012905
06067008210,0.031521
06067008211,0.007902
06067008402,0.009453
06067008403,0.020032
06067008404,0.019841
06067008501,0.013319
06067008504,0.092527
06067008505,0.028478
06067008506,0.076236
06067008507,0.011673
06067008508,0.024236
06067008509,0.013475
06067008510,0.028643
06067008512,0.003359
06067008702,0.012667
06067008703,0.039204
06067008909,0.039724
06067008912,0.03872
06067008913,0.007321
06067988300,0.004435
06089010100,0.106542
06089010200,0.006088
06089010300,0.087689
06089010400,0.0433
06089010500,0.029281
06089010601,0.029139
06089010602,0.136297
06089010603,0.087934
06089010702,0.050611
06089010703,0.074675
06089010704,0.01245
06089010803,0.018286
06089010804,0.005466
06089010805,0.008074
06089010806,0.106252
06089010807,0.075072
06089010900,0.069004
06089011001,0.010417
06089011002,0.145773
06089011100,0.022581
06089011209,0.027892
06089011300,0.011417
06089011401,0.032825
06089011402,0.008022
06089011403,0.01076
06089011501,0.047746
06089011502,0.006551
06089011600,0.124076
06089011701,0.086981
06089011702,0.285898
06089011703,0.14392
06089011801,0.0521
06089011802,0.059384
06089011803,0.073315
06089011900,0.010276
06089012000,0.087026
06089012101,0.02719
06089012102,0.042009
06089012200,0.064498
06089012301,0.119693
06089012302,0.007755
06089012303,0.005119
06089012400,0.035423
06089012500,0.168217
06089012603,0.168546
06089012604,0.012407
06089012605,0.028125
06089012606,0.065903
06089012701,0.154533
06089012702,0.106684
06091010000,0.065157
06093000300,0.045949
06093000701,0.180925
06093000800,0.161418
06093000901,0.155297
06093000902,0.177468
06093001001,0.205312
06093001002,0.280558
06093001003,0.089225
06093001100,0.147339
06093001200,0.164941
06093001300,0.121519
06097154100,0.07899
06101050101,0.007598
06101050102,0.042059
06101050201,0.037989
06101050202,0.019585
06101050301,0.047687
06101050302,0.007948
06101050401,0.007131
06101050402,0.022423
06101050403,0.062369
06101050501,0.198247
06101050503,0.278707
06101050504,0.339282
06101050601,0.090724
06101050603,0.013512
06101050604,0.180661
06101050701,0.199031
06101050702,0.082837
06101050800,0.057594
06101050900,0.113729
06101051000,0.100069
06101051100,0.063272
06103000100,0.22299
06103000201,0.232434
06103000202,0.060717
06103000300,0.104003
06103000400,0.207741
06103000500,0.200186
06103000600,0.165141
06103000701,0.127479
06103000702,0.101371
06103000800,0.135995
06103000900,0.088088
06103001000,0.04978
06103001101,0.181755
06103001102,0.193084
06105000101,0.175252
06105000102,0.144346
06105000200,0.11529
06105000500,0.070989
06113010102,0.070916
06113010103,0.00572
06113010104,0.008079
06113010105,0.026729
06113010201,0.012259
06113010203,0.075523
06113010204,0.06342
06113010313,0.018871
06113010315,0.009285
06113010401,0.139869
06113010505,0.128398
06113010800,0.207827
06113010901,0.152759
06113010902,0.301746
06113011001,0.114631
06113011002,0.055024
06113011101,0.019153
06113011102,0.088061
06113011103,0.036149
06113011203,0.00342
06113011204,0.005494
06113011207,0.134513
06113011208,0.085544
06113011209,0.05805
06113011210,0.005841
06113011211,0.020261
06113011400,0.102679
06113011500,0.091488
06115040100,0.09012
06115040201,0.309139
06115040202,0.162056
06115040301,0.012558
06115040302,0.02308
06115040304,0.011537
06115040305,0.008382
06115040400,0.012535
06115040500,0.01457
06115040600,0.00494
06115040701,0.005333
06115040702,0.095287
06115040800,0.006399
06115040901,0.015112
06115040902,0.013924
06115041001,0.084514
06115041002,0.007211
06115041101,0.109972
06115041102,0.188477
48001950100,0.011698
48001950401,0.028248
48001950402,0.15895
48001950500,0.126133
48001950600,0.096697
48001950700,0.111821
48001950800,0.089432
48001950901,0.036438
48001950902,0.037109
48001951001,0.014238
48001951002,0.113223
48001951100,0.09477
48005000102,0.101213
48005000104,0.096606
48007950101,0.253251
48007950102,0.174935
48007950103,0.096775
48007950200,0.342139
48007950301,0.085017
48007950302,0.15366
48007950400,0.217558
48007950501,0.095791
48007950502,0.210077
48007950503,0.213493
48009020200,0.060517
48009020300,0.113938
48013960101,0.048212
48013960102,0.121467
48013960203,0.070164
48013960204,0.014929
48013960205,0.12
48013960206,0.067143
48013960300,0.104862
48013960401,0.43252
48013960403,0.223105
48013960404,0.285765
48013960500,0.020981
48013960601,0.136378
48013960602,0.028732
48015760100,0.008314
48015760201,0.036594
48015760202,0.078137
48015760301,0.023311
48015760302,0.036366
48015760400,0.022387
48015760501,0.04982
48015760502,0.081905
48019000101,0.118037
48019000103,0.136047
48019000104,0.199845
48019000200,0.113475
48019000301,0.089512
48019000302,0.106361
48019000400,0.029297
48021950101,0.024862
48021950102,0.105844
48021950201,0.090961
48021950202,0.097024
48021950301,0.037997
48021950302,0.009879
48021950303,0.013859
48021950401,0.059537
48021950402,0.053355
48021950403,0.051087
48021950503,0.037713
48021950504,0.034286
48021950505,0.021517
48021950506,0.049235
48021950601,0.028749
48021950602,0.020624
48021950700,0.047179
48021950803,0.044434
48021950804,0.00908
48021950805,0.166822
48021950806,0.165239
48023950301,0.029107
48023950302,0.183378
48025950100,0.019231
48025950201,0.191374
48025950203,0.074279
48025950204,0.145255
48025950300,0.047299
48025950400,0.172098
48025950501,0.233631
48025950502,0.20263
48025950600,0.140027
48027020101,0.159856
48027020102,0.014918
48027020201,0.066163
48027020203,0.174931
48027020204,0.132117
48027020301,0.064543
48027020302,0.065438
48027020401,0.026358
48027020402,0.067211
48027020500,0.16486
48027020600,0.120883
48027020701,0.103675
48027020702,0.018591
48027020800,0.122898
48027020900,0.068255
48027021000,0.032167
48027021101,0.072979
48027021102,0.01255
48027021201,0.124834
48027021202,0.033844
48027021203,0.072092
48027021301,0.046795
48027021302,0.037058
48027021304,0.030878
48027021305,0.017442
48027021400,0.047521
48027021501,0.014777
48027021502,0.041626
48027021601,0.040662
48027021602,0.155079
48027021701,0.025811
48027021702,0.164427
48027021801,0.074364
48027021802,0.019434
48027021901,0.080107
48027021905,0.040312
48027021906,0.005902
48027021907,0.017812
48027021908,0.013624
48027022001,0.087757
48027022002,0.016804
48027022101,0.010179
48027022103,0.017309
48027022104,0.026326
48027022105,0.020075
48027022200,0.007345
48027022300,0.036995
48027022401,0.017972
48027022402,0.005107
48027022403,0.009908
48027022405,0.067181
48027022406,0.055441
48027022407,0.003264
48027022501,0.106637
48027022503,0.007426
48027022504,0.006367
48027022600,0.170155
48027022801,0.006195
48027022900,0.152312
48027023001,0.017485
48027023002,0.008323
48027023103,0.14489
48027023104,0.046835
48027023109,0.03753
48027023110,0.026667
48027023111,0.063392
48027023112,0.036028
48027023113,0.012244
48027023114,0.006226
48027023115,0.014304
48027023116,0.051483
48027023117,0.107612
48027023118,0.153418
48027023201,0.118601
48027023202,0.021223
48027023203,0.118714
48027023204,0.033245
48027023301,0.039719
48027023302,0.102191
48027023402,0.010466
48027023404,0.014451
48027023405,0.026333
48027023406,0.012732
48027023500,0.189835
48027980001,0.172644
48027980002,0.364824
48027980003,0.064069
48029110100,0.045139
48029110300,0.005395
48029110500,0.004743
48029110600,0.010975
48029110700,0.027607
48029111000,0.017429
48029111100,0.018833
48029120100,0.006556
48029120301,0.098036
48029120302,0.029219
48029120401,0.035303
48029120402,0.117818
48029120502,0.095153
48029120503,0.009242
48029120504,0.031074
48029120601,0.069073
48029120602,0.145555
48029120701,0.02475
48029120702,0.118394
48029120800,0.007823
48029120901,0.022481
48029120902,0.036062
48029121000,0.011709
48029121110,0.024854
48029121111,0.014127
48029121112,0.070226
48029121115,0.024409
48029121116,0.03256
48029121117,0.025031
48029121118,0.019325
48029121119,0.010893
48029121120,0.02566
48029121121,0.012544
48029121122,0.022314
48029121123,0.039544
48029121124,0.02126
48029121203,0.092762
48029121204,0.016194
48029121205,0.045069
48029121206,0.019421
48029121300,0.005592
48029121402,0.013949
48029121403,0.008692
48029121404,0.031597
48029121501,0.031277
48029121504,0.01985
48029121505,0.031147
48029121506,0.016141
48029121507,0.007981
48029121508,0.013492
48029121601,0.103076
48029121604,0.01146
48029121605,0.007065
48029121606,0.01517
48029121701,0.252557
48029121702,0.028007
48029121802,0.02551
48029121803,0.024676
48029121804,0.014693
48029121808,0.006489
48029121809,0.016722
48029121810,0.029999
48029121811,0.003115
48029121812,0.01373
48029121813,0.055431
48029121903,0.007214
48029121904,0.033615
48029121905,0.086905
48029121906,0.014721
48029121908,0.036484
48029121909,0.015571
48029121910,0.011924
48029121911,0.013407
48029121912,0.028673
48029130200,0.03266
48029130300,0.009344
48029130401,0.069566
48029130402,0.034379
48029130500,0.017763
48029130600,0.008742
48029130700,0.013087
48029130800,0.01898
48029130900,0.018447
48029131000,0.025216
48029131100,0.008491
48029131200,0.215741
48029131300,0.104453
48029131401,0.097441
48029131402,0.080776
48029131503,0.009654
48029131504,0.047797
48029131505,0.010036
48029131506,0.024436
48029131507,0.014932
48029131601,0.073818
48029131606,0.096211
48029131608,0.015869
48029131609,0.028641
48029131610,0.051813
48029131612,0.021546
48029131614,0.014731
48029131615,0.01792
48029131616,0.166661
48029131700,0.057966
48029131801,0.026974
48029131802,0.036839
48029140100,0.043438
48029140200,0.019684
48029140300,0.040261
48029140400,0.01122
48029140500,0.006429
48029140600,0.025784
48029140700,0.00654
48029140800,0.005092
48029140900,0.034949
48029141000,0.007532
48029141101,0.020668
48029141102,0.019631
48029141200,0.008884
48029141300,0.04223
48029141402,0.094985
48029141403,0.074393
48029141404,0.010267
48029141600,0.059455
48029141700,0.040294
48029141800,0.124465
48029141900,0.220743
48029150100,0.037156
48029150300,0.009341
48029150400,0.058548
48029150501,0.042265
48029150502,0.002249
48029150600,0.040159
48029150700,0.012571
48029150800,0.301789
48029150900,0.047784
48029151000,0.037475
48029151100,0.049732
48029151200,0.040269
48029151301,0.025613
48029151302,0.050577
48029151400,0.094788
48029151500,0.130699
48029151600,0.011935
48029151700,0.048957
48029151900,0.059221
48029152000,0.030686
48029152100,0.276541
48029152201,0.047397
48029152202,0.086676
48029160100,0.012273
48029160200,0.045036
48029160300,0.15205
48029160400,0.008438
48029160501,0.010568
48029160502,0.069014
48029160600,0.005648
48029160701,0.019064
48029160702,0.00662
48029160901,0.133288
48029160902,0.020437
48029161000,0.131314
48029161100,0.030959
48029161200,0.029513
48029161302,0.091827
48029161303,0.01606
48029161304,0.017189
48029161400,0.203394
48029161501,0.051881
48029161503,0.112196
48029161504,0.005837
48029161600,0.018553
48029161801,0.029974
48029161802,0.034244
48029161901,0.069041
48029161902,0.066169
48029162001,0.167086
48029162003,0.190066
48029162004,0.089816
48029170101,0.207527
48029170102,0.00857
48029170200,0.012784
48029170300,0.013427
48029170401,0.02783
48029170402,0.008829
48029170500,0.199449
48029170600,0.018032
48029170700,0.007961
48029170800,0.004762
48029170900,0.010096
48029171000,0.007876
48029171100,0.008317
48029171200,0.01228
48029171301,0.008874
48029171302,0.00994
48029171401,0.004176
48029171402,0.029051
48029171501,0.008225
48029171502,0.006295
48029171601,0.008259
48029171602,0.04183
48029171700,0.015674
48029171801,0.00889
48029171802,0.025471
48029171903,0.014871
48029171912,0.010838
48029171913,0.143503
48029171914,0.009511
48029171915,0.031935
48029171916,0.026145
48029171917,0.012706
48029171918,0.008443
48029171919,0.026004
48029171920,0.005482
48029171921,0.095425
48029171922,0.010459
48029171923,0.081827
48029171924,0.012873
48029171926,0.016174
48029171927,0.00465
48029171928,0.00573
48029171929,0.005967
48029172002,0.120542
48029172003,0.04411
48029172004,0.00552
48029172005,0.015091
48029172006,0.013002
48029172008,0.015735
48029172009,0.020115
48029180101,0.008979
48029180102,0.009427
48029180201,0.009873
48029180202,0.008802
48029180300,0.059449
48029180400,0.266762
48029180501,0.153498
48029180503,0.010433
48029180504,0.009221
48029180602,0.026843
48029180603,0.019958
48029180604,0.131973
48029180701,0.054518
48029180702,0.011027
48029180800,0.023529
48029180901,0.015217
48029180902,0.011703
48029181001,0.015787
48029181003,0.10377
48029181004,0.076475
48029181005,0.038527
48029181100,0.011483
48029181200,0.013614
48029181301,0.053015
48029181302,0.021045
48029181303,0.121291
48029181402,0.054818
48029181403,0.308285
48029181404,0.126673
48029181503,0.023594
48029181504,0.013496
48029181505,0.011101
48029181506,0.044161
48029181601,0.020833
48029181602,0.009696
48029181703,0.038469
48029181704,0.089482
48029181705,0.053982
48029181711,0.007955
48029181712,0.04318
48029181713,0.009036
48029181715,0.005776
48029181716,0.047436
48029181718,0.004213
48029181720,0.040323
48029181721,0.037063
48029181722,0.005679
48029181723,0.013633
48029181724,0.139602
48029181725,0.027099
48029181726,0.009034
48029181727,0.01735
48029181729,0.006753
48029181730,0.023595
48029181731,0.00563
48029181732,0.025174
48029181733,0.001737
48029181808,0.010734
48029181809,0.016175
48029181811,0.106667
48029181813,0.011871
48029181814,0.009526
48029181815,0.07602
48029181816,0.010588
48029181817,0.01084
48029181818,0.007867
48029181819,0.016246
48029181820,0.019774
48029181821,0.02686
48029181822,0.036802
48029181823,0.033108
48029181824,0.003149
48029181825,0.038695
48029181826,0.010245
48029181901,0.021512
48029181902,0.009071
48029182001,0.038466
48029182002,0.085556
48029182003,0.022895
48029182101,0.0538
48029182102,0.011668
48029182103,0.13659
48029182105,0.032858
48029182106,0.080953
48029190100,0.017751
48029190200,0.010277
48029190400,0.012425
48029190501,0.023232
48029190503,0.015326
48029190504,0.047422
48029190601,0.058602
48029190603,0.013315
48029190604,0.010579
48029190700,0.015639
48029190800,0.038357
48029190901,0.016861
48029190902,0.049529
48029191003,0.008132
48029191004,0.008723
48029191005,0.054821
48029191006,0.005336
48029191101,0.019439
48029191102,0.015827
48029191201,0.003664
48029191202,0.015892
48029191303,0.012278
48029191304,0.011685
48029191405,0.008499
48029191406,0.038813
48029191408,0.021827
48029191409,0.022084
48029191410,0.062946
48029191411,0.012396
48029191412,0.006835
48029191413,0.020541
48029191503,0.018709
48029191504,0.054075
48029191505,0.019398
48029191506,0.037174
48029191701,0.202572
48029191702,0.017457
48029191804,0.009936
48029191806,0.018162
48029191807,0.012556
48029191808,0.03399
48029191809,0.05514
48029191810,0.004218
48029191811,0.015362
48029191812,0.012667
48029191813,0.016247
48029191814,0.00571
48029191815,0.055514
48029191816,0.061142
48029191818,0.030307
48029191819,0.009139
48029191900,0.031659
48029192000,0.04868
48029192100,0.023604
48029192200,0.149456
48029192300,0.026557
48029980001,0.115337
48029980002,0.256348
48029980003,0.038004
48029980004,0.101777
48029980005,0.024057
48029980100,0.030326
48031950101,0.116373
48031950102,0.095176
48031950201,0.125296
48031950202,0.102324
48033950100,0.256957
48035950100,0.048822
48035950200,0.144981
48035950300,0.20758
48035950400,0.130178
48035950500,0.032777
48035950600,0.191413
48035950700,0.052628
48039660100,0.039471
48039660200,0.115119
48039660301,0.076558
48039660302,0.004741
48039660303,0.040217
48039660401,0.018513
48039660402,0.005905
48039660403,0.083432
48039660501,0.252469
48039660502,0.01549
48039660503,0.066099
48039660504,0.013425
48039660603,0.007808
48039660604,0.006147
48039660605,0.007558
48039660606,0.037108
48039660607,0.023361
48039660608,0.033125
48039660609,0.005562
48039660610,0.048019
48039660611,0.031518
48039660612,0.007806
48039660613,0.006375
48039660614,0.245169
48039660615,0.011307
48039660616,0.006782
48039660703,0.021646
48039660704,0.02863
48039660705,0.010543
48039660706,0.042585
48039660707,0.010167
48039660708,0.045534
48039660803,0.005305
48039660804,0.140823
48039660805,0.00592
48039660806,0.045717
48039660901,0.130479
48039660902,0.068717
48039661000,0.157087
48039661100,0.160565
48039661200,0.163591
48039661300,0.181606
48039661400,0.040486
48039661501,0.052436
48039661502,0.110046
48039661601,0.285557
48039661602,0.123438
48039661700,0.129511
48039661800,0.128122
48039661901,0.051449
48039661902,0.026741
48039662000,0.023324
48039662100,0.096233
48039662200,0.152316
48039662300,0.224824
48039662400,0.200673
48039662500,0.078838
48039662600,0.195487
48039662700,0.04507
48039662800,0.010218
48039662900,0.108836
48039663000,0.171058
48039663100,0.115054
48039663200,0.010209
48039663300,0.013822
48039663400,0.04924
48039663500,0.014704
48039663600,0.027516
48039663700,0.090611
48039663800,0.058547
48039663900,0.063194
48039664000,0.100069
48039664100,0.040071
48039664200,0.051958
48039664300,0.047793
48039664400,0.019233
48039664501,0.00919
48039990000,0.025391
48041000103,0.304067
48041000104,0.178335
48041000105,0.007039
48041000106,0.198031
48041000107,0.014498
48041000108,0.250356
48041000203,0.047213
48041000204,0.028479
48041000205,0.067203
48041000206,0.022385
48041000207,0.046382
48041000301,0.070076
48041000302,0.072989
48041000401,0.086209
48041000402,0.050735
48041000501,0.172263
48041000502,0.036511
48041000603,0.010153
48041000605,0.007721
48041000606,0.015469
48041000700,0.011825
48041000800,0.012911
48041000900,0.018709
48041001001,0.026816
48041001002,0.034018
48041001101,0.010329
48041001102,0.024968
48041001301,0.016915
48041001302,0.066778
48041001303,0.101653
48041001401,0.034542
48041001604,0.00557
48041001605,0.029906
48041001606,0.039151
48041001607,0.14761
48041001608,0.0064
48041001702,0.093268
48041001703,0.10657
48041001704,0.090834
48041001801,0.022987
48041001803,0.005479
48041001804,0.01166
48041001901,0.050022
48041001902,0.023829
48041002001,0.06613
48041002006,0.044057
48041002009,0.030747
48041002010,0.052055
48041002011,0.018394
48041002014,0.023368
48041002016,0.045374
48041002017,0.025253
48041002018,0.015511
48041002019,0.001835
48041002020,0.013126
48041002021,0.014978
48041002022,0.007752
48041002023,0.016644
48041002024,0.019295
48041002025,0.047491
48041002026,0.257795
48041002100,0.013436
48041980000,0.010037
48047950100,0.081569
48047950200,0.099646
48049950100,0.028758
48049950201,0.024491
48049950202,0.18149
48049950300,0.160226
48049950500,0.014831
48049950600,0.12364
48049950700,0.041532
48049950800,0.099936
48049950900,0.01589
48049951000,0.018717
48049951100,0.051679
48049951200,0.131016
48049951300,0.020393
48051970100,0.097418
48051970201,0.060557
48051970202,0.029753
48051970300,0.178971
48051970400,0.067593
48051970501,0.175179
48051970502,0.016509
48053960101,0.009458
48053960102,0.034429
48053960200,0.177052
48053960301,0.191734
48053960302,0.195279
48053960401,0.068297
48053960402,0.063894
48053960501,0.056748
48053960502,0.041518
48053960600,0.015625
48053960701,0.061364
48053960702,0.066649
48053960801,0.098563
48053960802,0.218789
48053960803,0.034108
48055960102,0.010464
48055960103,0.11869
48055960104,0.188108
48055960200,0.048339
48055960300,0.193306
48055960400,0.079849
48055960501,0.063295
48055960502,0.130653
48055960600,0.129134
48055960701,0.086694
48055960702,0.100024
48057000100,0.088889
48057000200,0.187061
48057000300,0.280476
48057000401,0.104951
48057000402,0.159787
48057000501,0.182061
48057000502,0.214766
48057990000,0.039062
48059030101,0.005202
48059030102,0.015822
48059030200,0.033376
48061010101,0.007193
48061010102,0.311325
48061010103,0.07818
48061010201,0.02516
48061010204,0.104035
48061010205,0.080596
48061010301,0.031361
48061010303,0.010607
48061010304,0.023613
48061010403,0.255275
48061010404,0.008686
48061010405,0.028059
48061010406,0.0095
48061010500,0.084729
48061010602,0.347807
48061010603,0.114876
48061010604,0.147948
48061010700,0.074775
48061010801,0.064559
48061010802,0.027324
48061010900,0.214592
48061011000,0.055183
48061011100,0.108831
48061011200,0.17878
48061011301,0.161026
48061011302,0.341864
48061011401,0.124062
48061011402,0.242436
48061011500,0.168541
48061011601,0.010296
48061011602,0.037399
48061011701,0.149292
48061011702,0.151288
48061011801,0.111785
48061011802,0.004367
48061011903,0.021858
48061011904,0.040211
48061011905,0.221809
48061011906,0.021691
48061011907,0.039975
48061011908,0.012101
48061012002,0.035574
48061012003,0.015091
48061012004,0.025514
48061012103,0.028028
48061012104,0.019599
48061012105,0.01373
48061012106,0.004536
48061012201,0.030429
48061012202,0.012096
48061012203,0.011366
48061012301,0.015912
48061012304,0.04911
48061012305,0.088385
48061012402,0.14978
48061012403,0.032945
48061012404,0.087309
48061012506,0.062467
48061012508,0.059068
48061012509,0.022161
48061012510,0.079814
48061012511,0.176245
48061012512,0.33648
48061012513,0.143797
48061012514,0.00651
48061012515,0.024251
48061012516,0.006931
48061012517,0.005697
48061012607,0.026361
48061012608,0.136784
48061012613,0.074835
48061012614,0.030111
48061012615,0.010091
48061012616,0.002344
48061012617,0.008127
48061012700,0.182707
48061012800,0.030896
48061012900,0.302241
48061013002,0.027254
48061013003,0.065498
48061013004,0.188457
48061013102,0.058701
48061013104,0.006616
48061013106,0.106921
48061013203,0.179575
48061013204,0.020095
48061013205,0.150249
48061013206,0.155568
48061013207,0.068035
48061013303,0.277491
48061013305,0.017456
48061013306,0.020182
48061013307,0.029181
48061013308,0.043457
48061013309,0.011882
48061013401,0.127289
48061013402,0.09295
48061013500,0.106129
48061013600,0.337557
48061013700,0.088705
48061013801,0.005127
48061013802,0.01344
48061013901,0.008089
48061013902,0.128536
48061013903,0.013387
48061014001,0.006104
48061014002,0.029032
48061014101,0.008643
48061014102,0.012268
48061014103,0.022819
48061014201,0.172841
48061014202,0.083359
48061014300,0.305305
48061014401,0.037238
48061014402,0.023877
48061014403,0.011463
48061014404,0.00583
48061014501,0.011353
48061014502,0.004883
48061980001,0.098919
48061980100,0.508464
48063950101,0.052953
48063950102,0.191542
48063950200,0.138377
48073950100,0.185937
48073950201,0.086492
48073950202,0.276682
48073950301,0.131435
48073950302,0.174347
48073950400,0.232404
48073950500,0.25043
48073950600,0.200656
48073950700,0.255941
48073950801,0.142998
48073950802,0.189729
48073950900,0.195296
48073951000,0.151249
48073951100,0.199373
48077030302,0.053262
48081950100,0.031527
48081950200,0.149777
48083950300,0.098748
48083950600,0.129697
48083950700,0.021645
48085030101,0.022363
48085030102,0.081652
48085030201,0.053373
48085030202,0.023018
48085030204,0.207871
48085030205,0.160825
48085030206,0.143341
48085030207,0.104704
48085030301,0.016785
48085030302,0.007436
48085030303,0.03002
48085030304,0.01994
48085030306,0.033969
48085030307,0.034992
48085030403,0.031794
48085030404,0.011783
48085030405,0.013007
48085030406,0.008465
48085030407,0.045801
48085030409,0.017049
48085030410,0.015348
48085030504,0.034596
48085030505,0.02752
48085030506,0.012858
48085030507,0.039747
48085030509,0.005513
48085030510,0.007
48085030511,0.004355
48085030512,0.009961
48085030515,0.01098
48085030516,0.005027
48085030517,0.025056
48085030518,0.007582
48085030519,0.012894
48085030520,0.004917
48085030521,0.006398
48085030524,0.012576
48085030525,0.004497
48085030529,0.024596
48085030531,0.016882
48085030532,0.015317
48085030533,0.004441
48085030534,0.010405
48085030535,0.017111
48085030536,0.00449
48085030537,0.005206
48085030538,0.026652
48085030539,0.010764
48085030540,0.019102
48085030541,0.012615
48085030542,0.011621
48085030543,0.012787
48085030544,0.012106
48085030545,0.039829
48085030546,0.009388
48085030547,0.035841
48085030548,0.009927
48085030549,0.016284
48085030550,0.005443
48085030604,0.01182
48085030605,0.033958
48085030606,0.022192
48085030607,0.015831
48085030608,0.038046
48085030609,0.004977
48085030701,0.087547
48085030702,0.051087
48085030801,0.015743
48085030802,0.013044
48085030901,0.172012
48085030902,0.010661
48085030903,0.010815
48085031003,0.040492
48085031005,0.018073
48085031006,0.093764
48085031007,0.028576
48085031008,0.005337
48085031101,0.173867
48085031102,0.134742
48085031201,0.016436
48085031202,0.016989
48085031308,0.015874
48085031314,0.014128
48085031318,0.009501
48085031319,0.019501
48085031320,0.01547
48085031321,0.007001
48085031322,0.028719
48085031323,0.002494
48085031324,0.003168
48085031325,0.036458
48085031326,0.01437
48085031327,0.022752
48085031328,0.008228
48085031329,0.004672
48085031330,0.007571
48085031331,0.004836
48085031332,0.022466
48085031333,0.013048
48085031334,0.008922
48085031335,0.066004
48085031336,0.016045
48085031408,0.009649
48085031411,0.012054
48085031412,0.011899
48085031413,0.007545
48085031414,0.006419
48085031415,0.068693
48085031416,0.053061
48085031417,0.005534
48085031418,0.017997
48085031419,0.005384
48085031420,0.01162
48085031421,0.006022
48085031422,0.004566
48085031423,0.024477
48085031424,0.00596
48085031425,0.007398
48085031504,0.003525
48085031507,0.036702
48085031508,0.015528
48085031509,0.010254
48085031510,0.016414
48085031511,0.007606
48085031512,0.007533
48085031611,0.028418
48085031613,0.009273
48085031621,0.032724
48085031622,0.016282
48085031623,0.006279
48085031624,0.025781
48085031625,0.008201
48085031626,0.01435
48085031627,0.009745
48085031628,0.006201
48085031629,0.009196
48085031630,0.010498
48085031631,0.015218
48085031632,0.008249
48085031633,0.023763
48085031634,0.006531
48085031635,0.005783
48085031636,0.011845
48085031639,0.004773
48085031641,0.005992
48085031642,0.007927
48085031643,0.008929
48085031645,0.051773
48085031646,0.009473
48085031647,0.01566
48085031649,0.015433
48085031654,0.011542
48085031655,0.023454
48085031657,0.01817
48085031659,0.024254
48085031660,0.008904
48085031661,0.033683
48085031662,0.003974
48085031663,0.03176
48085031664,0.009852
48085031665,0.02954
48085031666,0.015236
48085031667,0.042208
48085031668,0.026664
48085031669,0.009006
48085031670,0.021408
48085031671,0.051329
48085031672,0.008777
48085031673,0.017286
48085031674,0.011591
48085031675,0.006885
48085031676,0.002762
48085031677,0.009033
48085031678,0.014242
48085031679,0.003746
48085031680,0.014314
48085031681,0.006619
48085031682,0.010742
48085031704,0.017904
48085031706,0.033646
48085031708,0.05155
48085031709,0.019636
48085031711,0.023781
48085031713,0.097194
48085031715,0.07755
48085031716,0.095483
48085031717,0.151876
48085031718,0.01242
48085031719,0.002592
48085031720,0.108904
48085031721,0.0185
48085031722,0.160337
48085031723,0.092484
48085031724,0.055918
48085031806,0.0385
48085031807,0.005855
48085031808,0.013195
48085031809,0.017607
48085031810,0.041033
48085031811,0.04922
48085031812,0.021413
48085031813,0.004666
48085031814,0.006271
48085031815,0.006471
48085031816,0.020886
48085031901,0.010307
48085031902,0.046532
48085031903,0.023313
48085031904,0.03078
48085032003,0.012826
48085032008,0.008721
48085032010,0.014771
48085032012,0.007829
48085032013,0.026937
48085032014,0.004028
48085032015,0.012085
48085032016,0.013279
48085032017,0.009562
48085032018,0.096241
48085032019,0.02231
48089750100,0.09489
48089750200,0.105539
48089750300,0.020996
48089750400,0.035891
48089750500,0.048441
48091310100,0.070124
48091310200,0.003715
48091310301,0.286039
48091310302,0.144758
48091310401,0.035431
48091310404,0.008236
48091310405,0.109116
48091310406,0.047123
48091310501,0.073285
48091310502,0.022349
48091310503,0.134351
48091310603,0.031083
48091310604,0.076526
48091310608,0.036797
48091310609,0.016474
48091310610,0.198484
48091310611,0.035202
48091310612,0.046909
48091310613,0.028004
48091310614,0.021544
48091310702,0.104486
48091310703,0.039827
48091310705,0.18205
48091310706,0.034637
48091310707,0.091051
48091310708,0.039669
48091310801,0.045294
48091310803,0.032986
48091310804,0.016575
48091310901,0.060001
48091310903,0.096856
48091310904,0.052928
48091310905,0.018391
48093950101,0.165178
48093950102,0.091213
48093950200,0.036178
48093950300,0.11739
48093950400,0.141285
48095950300,0.104976
48097000100,0.16994
48097000200,0.0758
48097000400,0.073988
48097000500,0.028307
48097000600,0.192016
48097000701,0.014594
48097000702,0.034383
48097000900,0.022459
48097001100,0.057383
48099010101,0.036278
48099010102,0.019278
48099010201,0.074649
48099010202,0.113385
48099010300,0.192943
48099010400,0.043232
48099010501,0.011666
48099010502,0.014529
48099010503,0.050159
48099010504,0.043397
48099010601,0.007167
48099010603,0.005317
48099010604,0.016502
48099010701,0.025147
48099010702,0.294569
48099010802,0.07134
48099010803,0.065133
48099010804,0.085836
48099980000,0.044027
48105950100,0.060567
48107950100,0.033999
48107950200,0.012092
48107950300,0.041624
48113000100,0.204111
48113000201,0.101461
48113000202,0.077464
48113000300,0.058444
48113000401,0.013808
48113000405,0.092256
48113000407,0.028366
48113000408,0.024933
48113000409,0.069524
48113000410,0.01352
48113000501,0.008979
48113000502,0.020329
48113000503,0.084752
48113000605,0.007777
48113000606,0.08898
48113000607,0.006233
48113000608,0.022062
48113000609,0.00798
48113000610,0.007665
48113000611,0.018478
48113000703,0.135551
48113000704,0.023693
48113000705,0.023551
48113000706,0.091489
48113000801,0.004142
48113000802,0.038474
48113000901,0.050933
48113000902,0.081305
48113001001,0.030898
48113001002,0.043249
48113001101,0.040732
48113001102,0.065867
48113001202,0.06586
48113001203,0.290139
48113001204,0.221831
48113001301,0.019894
48113001302,0.027691
48113001400,0.08994
48113001502,0.020806
48113001503,0.007089
48113001504,0.008952
48113001601,0.009131
48113001602,0.009871
48113001703,0.049469
48113001705,0.01407
48113001801,0.055567
48113001802,0.053156
48113001901,0.058947
48113001902,0.038129
48113002001,0.067001
48113002002,0.00613
48113002100,0.028432
48113002200,0.013627
48113002400,0.058111
48113002500,0.047051
48113002703,0.144684
48113003102,0.03448
48113003103,0.16461
48113003700,0.139542
48113004201,0.027953
48113004202,0.004294
48113004300,0.009327
48113004400,0.029685
48113004500,0.014029
48113004600,0.010258
48113004700,0.022149
48113004800,0.003938
48113005000,0.009099
48113005100,0.01225
48113005200,0.009435
48113005300,0.006573
48113005400,0.004143
48113005500,0.007342
48113005600,0.014776
48113005700,0.020834
48113005901,0.027625
48113005902,0.010311
48113006001,0.006439
48113006002,0.031116
48113006100,0.008462
48113006200,0.119227
48113006301,0.012604
48113006302,0.019738
48113006401,0.004074
48113006402,0.039778
48113006501,0.003377
48113006502,0.026987
48113006701,0.006786
48113006702,0.01156
48113006800,0.024923
48113006900,0.017377
48113007101,0.043053
48113007102,0.030989
48113007203,0.022705
48113007204,0.1867
48113007205,0.021476
48113007206,0.067903
48113007301,0.054562
48113007302,0.052846
48113007601,0.019591
48113007604,0.040312
48113007605,0.037044
48113007701,0.044457
48113007702,0.045285
48113007801,0.036271
48113007805,0.003919
48113007809,0.093863
48113007810,0.013885
48113007812,0.007161
48113007815,0.023123
48113007819,0.105569
48113007821,0.032995
48113007822,0.017553
48113007823,0.035931
48113007824,0.014571
48113007825,0.013839
48113007826,0.020671
48113007827,0.048749
48113007828,0.112788
48113007829,0.010672
48113007830,0.099331
48113007831,0.053057
48113007832,0.203767
48113007833,0.014048
48113007834,0.032408
48113007835,0.136123
48113007902,0.059243
48113007903,0.060422
48113007906,0.039508
48113007909,0.060885
48113007910,0.081634
48113007912,0.077651
48113007913,0.054992
48113007914,0.04727
48113007915,0.143653
48113007916,0.065051
48113008000,0.048047
48113008101,0.254711
48113008102,0.184052
48113008200,0.187446
48113008401,0.040854
48113008402,0.006438
48113008500,0.02105
48113008604,0.029145
48113008701,0.048733
48113008703,0.005829
48113008704,0.068698
48113008705,0.056987
48113008801,0.003193
48113008802,0.01496
48113009001,0.05675
48113009002,0.043011
48113009101,0.081966
48113009103,0.0036
48113009104,0.03773
48113009105,0.146449
48113009202,0.008613
48113009203,0.114229
48113009204,0.005292
48113009301,0.011434
48113009303,0.04457
48113009304,0.02389
48113009401,0.007768
48113009402,0.023171
48113009500,0.005423
48113009603,0.02273
48113009604,0.064248
48113009605,0.034845
48113009607,0.01584
48113009608,0.017388
48113009609,0.015937
48113009610,0.069781
48113009611,0.016527
48113009701,0.016349
48113009702,0.008562
48113009802,0.013822
48113009803,0.015261
48113009804,0.018194
48113009900,0.090852
48113010001,0.059974
48113010002,0.171489
48113010003,0.027428
48113010101,0.018337
48113010102,0.015265
48113010500,0.012201
48113010601,0.00835
48113010602,0.058523
48113010701,0.015026
48113010704,0.007535
48113010804,0.005294
48113010805,0.018226
48113010806,0.01812
48113010807,0.004772
48113010808,0.012342
48113010809,0.018611
48113010903,0.018063
48113010904,0.016043
48113010905,0.022574
48113010906,0.006009
48113011002,0.013604
48113011003,0.002777
48113011004,0.026044
48113011101,0.006376
48113011103,0.005324
48113011104,0.002945
48113011105,0.015673
48113011201,0.005968
48113011202,0.008869
48113011300,0.02977
48113011401,0.012144
48113011500,0.055952
48113011601,0.18178
48113011603,0.043372
48113011604,0.019187
48113011701,0.003982
48113011702,0.013318
48113011801,0.012243
48113011802,0.007293
48113011901,0.003894
48113011902,0.028942
48113012000,0.108297
48113012101,0.026584
48113012102,0.009524
48113012206,0.005578
48113012207,0.011567
48113012208,0.108885
48113012209,0.079951
48113012210,0.022941
48113012211,0.022547
48113012212,0.02559
48113012213,0.0062
48113012301,0.094406
48113012302,0.070359
48113012400,0.060072
48113012501,0.160888
48113012502,0.160838
48113012601,0.130485
48113012603,0.113381
48113012604,0.081093
48113012701,0.082909
48113012702,0.171082
48113012801,0.280947
48113012802,0.096248
48113012900,0.090036
48113013005,0.033122
48113013007,0.055386
48113013008,0.00705
48113013009,0.0203
48113013010,0.049325
48113013011,0.023858
48113013012,0.043272
48113013013,0.064555
48113013101,0.01177
48113013102,0.00502
48113013104,0.039171
48113013106,0.008976
48113013107,0.086502
48113013201,0.036421
48113013202,0.029914
48113013300,0.014833
48113013400,0.041553
48113013500,0.003322
48113013605,0.008387
48113013606,0.013707
48113013607,0.006846
48113013608,0.013842
48113013609,0.017484
48113013610,0.006637
48113013611,0.045935
48113013615,0.12882
48113013617,0.066678
48113013618,0.041916
48113013619,0.006715
48113013620,0.058155
48113013621,0.261166
48113013622,0.140576
48113013624,0.046741
48113013625,0.096276
48113013626,0.076731
48113013627,0.232697
48113013628,0.0239
48113013629,0.060294
48113013630,0.395114
48113013631,0.141636
48113013715,0.010242
48113013716,0.005587
48113013717,0.003632
48113013718,0.009146
48113013719,0.063023
48113013720,0.043074
48113013721,0.01027
48113013722,0.019276
48113013725,0.25836
48113013726,0.009672
48113013727,0.00891
48113013728,0.006364
48113013729,0.005471
48113013804,0.007532
48113013805,0.01274
48113013806,0.01577
48113013807,0.018918
48113013808,0.030249
48113013901,0.008417
48113013902,0.006965
48113014001,0.014637
48113014002,0.019997
48113014119,0.015894
48113014120,0.007949
48113014121,0.010615
48113014123,0.021193
48113014124,0.020761
48113014126,0.00729
48113014128,0.008427
48113014130,0.019499
48113014132,0.002306
48113014134,0.036525
48113014135,0.004372
48113014138,0.007578
48113014139,0.009239
48113014140,0.009947
48113014141,0.008809
48113014142,0.004294
48113014143,0.05241
48113014144,0.026655
48113014145,0.037576
48113014146,0.017695
48113014147,0.022455
48113014148,0.008992
48113014149,0.009156
48113014150,0.083482
48113014151,0.018168
48113014152,0.134916
48113014153,0.021257
48113014154,0.00699
48113014155,0.011336
48113014156,0.00326
48113014157,0.019489
48113014158,0.004644
48113014159,0.026705
48113014160,0.011499
48113014161,0.016883
48113014203,0.014321
48113014204,0.00508
48113014205,0.058209
48113014207,0.034131
48113014208,0.042185
48113014209,0.039132
48113014306,0.007182
48113014308,0.00562
48113014309,0.056947
48113014310,0.008268
48113014313,0.058935
48113014314,0.005459
48113014315,0.02193
48113014316,0.162337
48113014317,0.015425
48113014318,0.006095
48113014319,0.060399
48113014320,0.05449
48113014405,0.013493
48113014406,0.011846
48113014407,0.018711
48113014408,0.023986
48113014409,0.035635
48113014410,0.01207
48113014501,0.015869
48113014502,0.013566
48113014601,0.007107
48113014602,0.014257
48113014603,0.005972
48113014701,0.014265
48113014704,0.008454
48113014903,0.077462
48113015001,0.009431
48113015002,0.033609
48113015101,0.007065
48113015102,0.005405
48113015202,0.100526
48113015205,0.029716
48113015206,0.005147
48113015207,0.166416
48113015208,0.005572
48113015303,0.023992
48113015304,0.048574
48113015305,0.008457
48113015306,0.006923
48113015403,0.032133
48113015404,0.086313
48113015405,0.0351
48113015406,0.036171
48113015500,0.036566
48113015600,0.030223
48113015700,0.051909
48113015900,0.062244
48113016001,0.048201
48113016002,0.006028
48113016100,0.046741
48113016201,0.007963
48113016203,0.100403
48113016204,0.005391
48113016301,0.165452
48113016302,0.026732
48113016406,0.013287
48113016407,0.019884
48113016409,0.012937
48113016410,0.016355
48113016412,0.016999
48113016414,0.020979
48113016415,0.00473
48113016416,0.00479
48113016417,0.003375
48113016418,0.141308
48113016419,0.026436
48113016420,0.005834
48113016421,0.189225
48113016511,0.006246
48113016513,0.010904
48113016516,0.002996
48113016517,0.006776
48113016518,0.010972
48113016519,0.011096
48113016521,0.101894
48113016522,0.087324
48113016524,0.012146
48113016525,0.011405
48113016526,0.008648
48113016527,0.008125
48113016528,0.006915
48113016529,0.002689
48113016530,0.025177
48113016531,0.022521
48113016532,0.014696
48113016533,0.054317
48113016534,0.02537
48113016535,0.037535
48113016536,0.012669
48113016607,0.029335
48113016610,0.007526
48113016615,0.006065
48113016616,0.019796
48113016617,0.006487
48113016618,0.010621
48113016619,0.010128
48113016620,0.007446
48113016621,0.005815
48113016622,0.005605
48113016623,0.009677
48113016624,0.045468
48113016626,0.010239
48113016627,0.003919
48113016628,0.014764
48113016629,0.049559
48113016630,0.006211
48113016631,0.014348
48113016632,0.145733
48113016633,0.010981
48113016634,0.062268
48113016635,0.059023
48113016636,0.013288
48113016637,0.02473
48113016638,0.014224
48113016704,0.151773
48113016706,0.021206
48113016707,0.015076
48113016708,0.007408
48113016709,0.019291
48113016710,0.015815
48113016711,0.038456
48113016802,0.054759
48113016803,0.008365
48113016805,0.006402
48113016806,0.00912
48113016902,0.024693
48113016903,0.010006
48113017005,0.040669
48113017006,0.009646
48113017007,0.005914
48113017008,0.056601
48113017009,0.049805
48113017010,0.002855
48113017101,0.033402
48113017102,0.081447
48113017201,0.012714
48113017203,0.074059
48113017204,0.037094
48113017307,0.042463
48113017308,0.0033
48113017309,0.006931
48113017310,0.004877
48113017311,0.012059
48113017312,0.007464
48113017313,0.031276
48113017314,0.006042
48113017315,0.013791
48113017400,0.004116
48113017500,0.09581
48113017602,0.010787
48113017604,0.092128
48113017605,0.006117
48113017606,0.028002
48113017703,0.009953
48113017704,0.022004
48113017705,0.038043
48113017706,0.011242
48113017805,0.023845
48113017806,0.010786
48113017808,0.041979
48113017811,0.075626
48113017812,0.089558
48113017814,0.054287
48113017815,0.005659
48113017816,0.031526
48113017817,0.049626
48113017818,0.008762
48113017819,0.051132
48113017820,0.048143
48113017900,0.071957
48113018001,0.069223
48113018002,0.078394
48113018105,0.01298
48113018110,0.009995
48113018111,0.120977
48113018120,0.004974
48113018121,0.008336
48113018126,0.102265
48113018127,0.104267
48113018128,0.116947
48113018129,0.056362
48113018130,0.058766
48113018132,0.022767
48113018133,0.163144
48113018134,0.034193
48113018135,0.007251
48113018137,0.015262
48113018138,0.004133
48113018140,0.086783
48113018141,0.028194
48113018142,0.028384
48113018143,0.054331
48113018144,0.012948
48113018145,0.050201
48113018146,0.00822
48113018147,0.004596
48113018148,0.017932
48113018149,0.024615
48113018150,0.003651
48113018151,0.018594
48113018152,0.037713
48113018153,0.005031
48113018154,0.021687
48113018155,0.006755
48113018156,0.049122
48113018157,0.011656
48113018158,0.167171
48113018159,0.00609
48113018203,0.008305
48113018204,0.011086
48113018205,0.001789
48113018206,0.005745
48113018300,0.013587
48113018401,0.041482
48113018402,0.052395
48113018403,0.132072
48113018501,0.065209
48113018505,0.057079
48113018506,0.019381
48113018507,0.010026
48113018508,0.028615
48113018600,0.008694
48113018700,0.188647
48113018801,0.007587
48113018802,0.032285
48113018900,0.021068
48113019013,0.010526
48113019016,0.14127
48113019018,0.004323
48113019019,0.044649
48113019020,0.034986
48113019023,0.004851
48113019024,0.008261
48113019025,0.319287
48113019026,0.010944
48113019027,0.012403
48113019028,0.006149
48113019029,0.026484
48113019031,0.014865
48113019032,0.014647
48113019033,0.024585
48113019034,0.011074
48113019035,0.010163
48113019036,0.247551
48113019037,0.012081
48113019039,0.017856
48113019040,0.006346
48113019041,0.014494
48113019042,0.014961
48113019044,0.009047
48113019045,0.029794
48113019046,0.007716
48113019047,0.002889
48113019048,0.008538
48113019049,0.022704
48113019050,0.035287
48113019051,0.046192
48113019052,0.018489
48113019053,0.130068
48113019101,0.024383
48113019102,0.068138
48113019202,0.013141
48113019203,0.011429
48113019205,0.010661
48113019208,0.015533
48113019210,0.016735
48113019211,0.011466
48113019212,0.009848
48113019213,0.116058
48113019214,0.0059
48113019215,0.008158
48113019216,0.011144
48113019301,0.019512
48113019302,0.045366
48113019400,0.006635
48113019501,0.203085
48113019502,0.024876
48113019600,0.022629
48113019700,0.011764
48113019800,0.036423
48113019900,0.011353
48113020000,0.015327
48113020100,0.065723
48113020200,0.081046
48113020300,0.016365
48113020401,0.038687
48113020402,0.015836
48113020500,0.004396
48113020600,0.02527
48113020700,0.018869
48113020800,0.017703
48113020900,0.018252
48113021000,0.005037
48113021100,0.101942
48113021200,0.039152
48113980000,0.110185
48113980100,0.143435
48113980200,0.003174
48115950401,0.160129
48115950402,0.158112
48115950500,0.219793
48115950600,0.093045
48119950100,0.039802
48119950200,0.113274
48121020109,0.011187
48121020110,0.020186
48121020111,0.02023
48121020112,0.092917
48121020115,0.009343
48121020116,0.013238
48121020117,0.075613
48121020118,0.12632
48121020119,0.007487
48121020120,0.023054
48121020121,0.051597
48121020122,0.036041
48121020123,0.07551
48121020124,0.007854
48121020125,0.07167
48121020126,0.010053
48121020127,0.00794
48121020128,0.070903
48121020129,0.024256
48121020130,0.034783
48121020131,0.030416
48121020132,0.042301
48121020133,0.00828
48121020134,0.020703
48121020135,0.131059
48121020136,0.175558
48121020137,0.095745
48121020203,0.007544
48121020204,0.070638
48121020205,0.043807
48121020206,0.130477
48121020207,0.085473
48121020208,0.01062
48121020305,0.012899
48121020310,0.010108
48121020311,0.02824
48121020312,0.007927
48121020313,0.022295
48121020314,0.044944
48121020315,0.042409
48121020316,0.067101
48121020317,0.008942
48121020318,0.0331
48121020319,0.074233
48121020320,0.013804
48121020321,0.007698
48121020322,0.018293
48121020402,0.178046
48121020403,0.024013
48121020404,0.100443
48121020405,0.039786
48121020504,0.010346
48121020505,0.077168
48121020506,0.098058
48121020507,0.009546
48121020508,0.206274
48121020601,0.086511
48121020603,0.152081
48121020604,0.00771
48121020605,0.0481
48121020700,0.009051
48121020800,0.048748
48121020900,0.008168
48121021000,0.003554
48121021100,0.03534
48121021202,0.022464
48121021203,0.192087
48121021204,0.009259
48121021301,0.23971
48121021304,0.007495
48121021305,0.042229
48121021306,0.058535
48121021307,0.00856
48121021410,0.017276
48121021411,0.142433
48121021412,0.134475
48121021413,0.147773
48121021414,0.10665
48121021415,0.034933
48121021416,0.007653
48121021417,0.019379
48121021418,0.00513
48121021419,0.008816
48121021420,0.024635
48121021421,0.029331
48121021422,0.009562
48121021423,0.01363
48121021502,0.071277
48121021505,0.008089
48121021512,0.019927
48121021513,0.04246
48121021514,0.006102
48121021516,0.008299
48121021517,0.234429
48121021518,0.027474
48121021520,0.00733
48121021521,0.075671
48121021522,0.017587
48121021526,0.007661
48121021528,0.011927
48121021529,0.006534
48121021530,0.004875
48121021531,0.013602
48121021532,0.01409
48121021533,0.00281
48121021534,0.012612
48121021535,0.014352
48121021536,0.051346
48121021537,0.043359
48121021538,0.006502
48121021539,0.012969
48121021540,0.005764
48121021611,0.02325
48121021612,0.011481
48121021613,0.007165
48121021614,0.009684
48121021615,0.013151
48121021616,0.004965
48121021618,0.018894
48121021619,0.012041
48121021620,0.024999
48121021621,0.018071
48121021622,0.013088
48121021626,0.019291
48121021630,0.007322
48121021631,0.020083
48121021632,0.006353
48121021633,0.008898
48121021634,0.029175
48121021635,0.009803
48121021637,0.015307
48121021638,0.004664
48121021639,0.018213
48121021640,0.004437
48121021641,0.05014
48121021642,0.054445
48121021643,0.009849
48121021644,0.021064
48121021645,0.089339
48121021646,0.017215
48121021647,0.027884
48121021648,0.001561
48121021649,0.030632
48121021650,0.020733
48121021651,0.008957
48121021652,0.011013
48121021653,0.016243
48121021654,0.067285
48121021655,0.021909
48121021715,0.011637
48121021716,0.033262
48121021717,0.006083
48121021719,0.024289
48121021720,0.018499
48121021721,0.003992
48121021722,0.014982
48121021723,0.017834
48121021724,0.005414
48121021725,0.037087
48121021726,0.006978
48121021727,0.007275
48121021728,0.096422
48121021729,0.015966
48121021730,0.005697
48121021731,0.00708
48121021732,0.336343
48121021733,0.048166
48121021734,0.087744
48121021735,0.019367
48121021736,0.018767
48121021737,0.041453
48121021738,0.042796
48121021739,0.08355
48121021740,0.017659
48121021741,0.00293
48121021742,0.025024
48121021743,0.079915
48121021744,0.015279
48121021745,0.009336
48121021746,0.026306
48121021748,0.031589
48121021749,0.002949
48121021750,0.020533
48121021751,0.007352
48121021752,0.005058
48121021754,0.011552
48121021755,0.009312
48121021756,0.065832
48121021757,0.025942
48121021758,0.01433
48121021759,0.033895
48121021800,0.016723
48121021900,0.005688
48123970100,0.054139
48123970201,0.248742
48123970202,0.102199
48123970300,0.085705
48123970400,0.045752
48123970500,0.063161
48125950300,0.07715
48127950201,0.138804
48127950202,0.113747
48127950400,0.152882
48131950100,0.037019
48131950200,0.049067
48131950500,0.03295
48133950100,0.047417
48133950201,0.029013
48133950202,0.03788
48133950301,0.132696
48133950302,0.069709
48133950400,0.019247
48133950500,0.022106
48137950300,0.113643
48139060103,0.044276
48139060104,0.006199
48139060105,0.020185
48139060106,0.012052
48139060206,0.089468
48139060207,0.053892
48139060209,0.013486
48139060211,0.007862
48139060212,0.014095
48139060215,0.012027
48139060216,0.108415
48139060217,0.015339
48139060218,0.006558
48139060219,0.029169
48139060220,0.007465
48139060221,0.007676
48139060300,0.002093
48139060400,0.110224
48139060500,0.022183
48139060601,0.093085
48139060602,0.012382
48139060702,0.047915
48139060704,0.082802
48139060801,0.019622
48139060802,0.041871
48139060803,0.040496
48139060900,0.01543
48139061000,0.106129
48139061100,0.026295
48139061200,0.096562
48139061300,0.065848
48139061401,0.078091
48139061402,0.019969
48139061500,0.091471
48139061600,0.052064
48139061700,0.040545
48143950100,0.075132
48143950201,0.091817
48143950203,0.030577
48143950204,0.023807
48143950301,0.0719
48143950302,0.091951
48143950401,0.209277
48143950402,0.066078
48143950501,0.127194
48143950502,0.163262
48143950600,0.156278
48143950700,0.129891
48145000200,0.137945
48145000300,0.188502
48145000400,0.168287
48145000500,0.025889
48145000700,0.018166
48145000800,0.039893
48147950100,0.035263
48147950300,0.079664
48147950401,0.250713
48147950402,0.124634
48147950500,0.172458
48147950600,0.268147
48147950701,0.035493
48147950702,0.091648
48147950800,0.046951
48149970100,0.030128
48149970200,0.127648
48149970301,0.154484
48149970302,0.068003
48149970400,0.085646
48149970500,0.028326
48149970601,0.048847
48149970602,0.074589
48149970700,0.065513
48151950300,0.040597
48151950400,0.168601
48155950100,0.025624
48157670101,0.007644
48157670102,0.024546
48157670201,0.003505
48157670202,0.004666
48157670300,0.059735
48157670400,0.0079
48157670500,0.090677
48157670602,0.006607
48157670603,0.006197
48157670604,0.005266
48157670700,0.072754
48157670801,0.168595
48157670802,0.006018
48157670803,0.00922
48157670804,0.216656
48157670902,0.209464
48157670903,0.166714
48157670904,0.005944
48157671001,0.007674
48157671002,0.008346
48157671101,0.054902
48157671102,0.008889
48157671200,0.006144
48157671300,0.02363
48157671401,0.024999
48157671402,0.027828
48157671501,0.008505
48157671502,0.035431
48157671601,0.022356
48157671602,0.010514
48157671700,0.020927
48157671800,0.015565
48157671900,0.003239
48157672002,0.055933
48157672003,0.005405
48157672004,0.005682
48157672100,0.110042
48157672201,0.081742
48157672202,0.011919
48157672303,0.033411
48157672304,0.005902
48157672305,0.038221
48157672306,0.015149
48157672401,0.050897
48157672402,0.008999
48157672500,0.01366
48157672602,0.004975
48157672603,0.003847
48157672604,0.00766
48157672701,0.01152
48157672702,0.006236
48157672703,0.007786
48157672801,0.051274
48157672802,0.065259
48157672901,0.013555
48157672902,0.005847
48157672903,0.047073
48157672904,0.054688
48157672905,0.014722
48157672906,0.01374
48157672907,0.005705
48157673004,0.008462
48157673005,0.013064
48157673006,0.011935
48157673007,0.022171
48157673008,0.004428
48157673009,0.043066
48157673010,0.010697
48157673103,0.044819
48157673104,0.010168
48157673105,0.031222
48157673106,0.020951
48157673107,0.011083
48157673108,0.012088
48157673109,0.015812
48157673110,0.007647
48157673111,0.010208
48157673112,0.006424
48157673113,0.002923
48157673201,0.006158
48157673202,0.029161
48157673300,0.014353
48157673401,0.01393
48157673402,0.010933
48157673403,0.010308
48157673404,0.026457
48157673501,0.040374
48157673502,0.01259
48157673600,0.038416
48157673700,0.094598
48157673801,0.250879
48157673802,0.088081
48157673902,0.022671
48157673903,0.015252
48157673904,0.226868
48157674001,0.008827
48157674002,0.009639
48157674100,0.011181
48157674200,0.010513
48157674301,0.00775
48157674302,0.016446
48157674401,0.003804
48157674402,0.029111
48157674403,0.018311
48157674404,0.042323
48157674503,0.006482
48157674504,0.004964
48157674505,0.031719
48157674506,0.009332
48157674507,0.044937
48157674508,0.054756
48157674601,0.04135
48157674602,0.091466
48157674603,0.016766
48157674604,0.030742
48157674701,0.172768
48157674702,0.021423
48157674800,0.019803
48157674900,0.272681
48157675000,0.144303
48157675101,0.005574
48157675102,0.061919
48157675200,0.207234
48157675300,0.20723
48157675401,0.165295
48157675402,0.183576
48157675501,0.07118
48157675502,0.009797
48157675503,0.008287
48157675600,0.011192
48157675701,0.020478
48157675702,0.004476
48157675800,0.064281
48159950101,0.042489
48159950102,0.046913
48159950200,0.116824
48159950300,0.099987
48161000101,0.033397
48161000102,0.228868
48161000200,0.193867
48161000300,0.142386
48161000400,0.039692
48161000600,0.026758
48161000700,0.076694
48161000900,0.20001
48163950101,0.02385
48163950102,0.038498
48163950201,0.136583
48163950202,0.056382
48163950301,0.154347
48163950302,0.096609
48167720100,0.011436
48167720200,0.024702
48167720301,0.04512
48167720302,0.008009
48167720400,0.043044
48167720501,0.004365
48167720504,0.003174
48167720505,0.033693
48167720506,0.006677
48167720507,0.008686
48167720508,0.027977
48167720509,0.119658
48167720510,0.036445
48167720511,0.017197
48167720512,0.004215
48167720601,0.02405
48167720602,0.007656
48167720603,0.004696
48167720604,0.01659
48167720605,0.041178
48167720701,0.063229
48167720702,0.069913
48167720703,0.026421
48167720800,0.016406
48167720900,0.090727
48167721101,0.025
48167721203,0.11344
48167721204,0.009112
48167721205,0.013741
48167721206,0.132524
48167721209,0.146275
48167721301,0.007573
48167721302,0.01761
48167721401,0.008598
48167721403,0.011593
48167721501,0.081943
48167721502,0.034729
48167721901,0.01015
48167723300,0.024729
48167723401,0.149634
48167723402,0.036365
48167723403,0.03244
48167723503,0.228254
48167723504,0.241858
48167723505,0.041024
48169950101,0.058545
48169950102,0.027407
48169980000,0.2808
48171950100,0.09973
48171950200,0.020218
48171950301,0.262609
48171950302,0.154192
48171950401,0.134873
48171950402,0.294102
48171950500,0.200772
48173950100,0.078232
48175960100,0.118003
48175960200,0.035168
48177000100,0.140029
48177000200,0.079581
48177000300,0.209543
48177000400,0.195453
48177000500,0.128253
48177000600,0.035093
48181000101,0.067053
48181000102,0.072016
48181000302,0.079008
48181000304,0.0323
48181000600,0.081071
48181000700,0.231811
48181000800,0.00854
48181000901,0.175719
48181000903,0.035425
48181000904,0.018035
48181001101,0.020316
48181001103,0.130104
48181001104,0.043333
48181001200,0.009625
48181001300,0.210989
48181001400,0.122439
48181001500,0.131323
48181001700,0.015922
48181001801,0.04074
48181001802,0.011806
48181001803,0.104289
48181001901,0.086434
48181001902,0.026539
48181002000,0.035004
48183010100,0.020352
48183010201,0.151307
48183010202,0.056035
48183010401,0.106236
48183010402,0.061437
48183010700,0.08176
48185180101,0.031674
48185180102,0.103745
48185180201,0.070131
48185180202,0.048259
48185180302,0.075201
48185180303,0.008475
48185180304,0.087624
48185180400,0.040912
48187210100,0.128158
48187210200,0.081358
48187210300,0.226929
48187210400,0.124881
48187210505,0.054563
48187210506,0.135656
48187210508,0.098572
48187210509,0.268386
48187210510,0.187554
48187210511,0.164933
48187210512,0.223679
48187210513,0.041178
48187210603,0.007066
48187210606,0.015059
48187210608,0.13636
48187210609,0.011617
48187210610,0.035219
48187210611,0.004028
48187210612,0.076335
48187210613,0.015016
48187210614,0.027351
48187210705,0.013299
48187210706,0.009346
48187210707,0.013206
48187210709,0.029707
48187210710,0.050033
48187210711,0.01916
48187210712,0.01062
48187210713,0.001953
48187210715,0.011001
48187210716,0.003204
48187210717,0.010681
48187210718,0.015055
48187210803,0.024553
48187210804,0.019273
48187210805,0.053572
48187210806,0.188113
48187210902,0.024739
48187210903,0.042789
48187210904,0.269861
48187210905,0.020493
48193950100,0.04307
48193950200,0.087885
48193950300,0.077211
48201100001,0.096731
48201210400,0.009815
48201210500,0.005816
48201210600,0.01086
48201210700,0.007552
48201210800,0.017255
48201210900,0.022718
48201211000,0.021611
48201211101,0.035301
48201211102,0.004994
48201211200,0.004002
48201211301,0.011403
48201211302,0.032818
48201211400,0.005978
48201211501,0.060045
48201211502,0.03738
48201211600,0.047812
48201211700,0.040525
48201211900,0.007348
48201212300,0.015795
48201212400,0.019262
48201212500,0.024141
48201220100,0.020573
48201220200,0.006945
48201220300,0.020091
48201220400,0.027818
48201220500,0.028731
48201220600,0.014707
48201220701,0.050154
48201220702,0.041262
48201220800,0.027872
48201220900,0.050557
48201221000,0.013615
48201221100,0.014619
48201221200,0.009809
48201221301,0.039639
48201221302,0.005951
48201221400,0.010777
48201221501,0.010572
48201221502,0.025266
48201221601,0.010886
48201221602,0.01153
48201221701,0.011845
48201221702,0.038585
48201221800,0.054107
48201221900,0.064494
48201222000,0.016476
48201222100,0.008209
48201222200,0.021626
48201222300,0.015026
48201222401,0.079508
48201222402,0.017567
48201222501,0.011907
48201222502,0.23444
48201222504,0.009344
48201222505,0.004933
48201222601,0.013551
48201222602,0.008427
48201222701,0.009645
48201222702,0.038307
48201222800,0.038232
48201222900,0.010615
48201223001,0.010964
48201223002,0.009252
48201223100,0.029505
48201230100,0.006961
48201230200,0.007084
48201230300,0.014368
48201230400,0.008885
48201230500,0.025191
48201230600,0.048213
48201230700,0.012359
48201230800,0.039564
48201230900,0.009429
48201231000,0.015345
48201231100,0.084937
48201231200,0.01242
48201231300,0.00324
48201231400,0.004171
48201231500,0.037341
48201231600,0.007664
48201231700,0.061795
48201231800,0.006278
48201231900,0.021354
48201232000,0.014007
48201232100,0.034113
48201232201,0.009853
48201232202,0.029599
48201232203,0.120167
48201232303,0.008676
48201232304,0.046094
48201232305,0.054169
48201232306,0.034215
48201232402,0.018434
48201232403,0.025119
48201232404,0.042345
48201232405,0.059355
48201232500,0.125847
48201232600,0.02055
48201232701,0.030551
48201232703,0.048604
48201232704,0.034745
48201232801,0.050612
48201232802,0.013901
48201232901,0.027916
48201232902,0.046673
48201233001,0.037292
48201233002,0.029017
48201233003,0.020167
48201233101,0.019922
48201233103,0.086918
48201233104,0.062286
48201233105,0.039241
48201233200,0.019939
48201233300,0.057298
48201233400,0.016681
48201233501,0.018648
48201233502,0.03218
48201233600,0.037585
48201233701,0.04864
48201233702,0.007955
48201233703,0.061274
48201240101,0.012541
48201240102,0.042832
48201240400,0.013987
48201240503,0.008511
48201240504,0.006399
48201240505,0.011225
48201240506,0.003944
48201240600,0.016583
48201240703,0.023009
48201240704,0.01896
48201240705,0.007786
48201240706,0.030641
48201240707,0.031848
48201240802,0.010452
48201240803,0.020837
48201240804,0.022796
48201240903,0.026684
48201240904,0.012707
48201240905,0.018885
48201240906,0.00684
48201241001,0.040848
48201241002,0.004517
48201241101,0.015794
48201241103,0.010254
48201241104,0.013341
48201241105,0.192639
48201241201,0.013791
48201241202,0.260155
48201241301,0.009084
48201241302,0.01439
48201241400,0.032617
48201241501,0.031109
48201241502,0.020547
48201241503,0.04402
48201250101,0.02637
48201250102,0.094646
48201250201,0.024033
48201250202,0.026943
48201250303,0.092558
48201250304,0.056476
48201250305,0.008141
48201250306,0.013631
48201250403,0.042546
48201250404,0.009081
48201250405,0.035965
48201250406,0.056808
48201250407,0.12415
48201250408,0.010203
48201250500,0.007282
48201250601,0.040589
48201250602,0.044812
48201250701,0.017429
48201250702,0.00904
48201250801,0.015932
48201250802,0.032203
48201250901,0.024659
48201250902,0.004702
48201251000,0.058598
48201251100,0.01016
48201251200,0.01247
48201251300,0.010267
48201251401,0.018072
48201251402,0.008038
48201251501,0.008952
48201251503,0.006429
48201251504,0.002909
48201251505,0.011346
48201251600,0.050685
48201251701,0.002143
48201251702,0.026803
48201251800,0.361979
48201251902,0.027072
48201251903,0.051013
48201251904,0.010925
48201252001,0.00568
48201252002,0.032741
48201252003,0.052605
48201252100,0.018714
48201252201,0.139228
48201252202,0.135053
48201252303,0.006
48201252304,0.030976
48201252305,0.012165
48201252306,0.006479
48201252400,0.029321
48201252500,0.140589
48201252601,0.026532
48201252602,0.136019
48201252700,0.118443
48201252800,0.024642
48201252901,0.022603
48201252902,0.012012
48201253000,0.073321
48201253202,0.021538
48201253300,0.012041
48201253502,0.030995
48201310101,0.016035
48201310102,0.013332
48201310200,0.014329
48201310300,0.002835
48201310400,0.010568
48201310500,0.018092
48201310600,0.006604
48201310700,0.050129
48201310800,0.017992
48201310900,0.007876
48201311001,0.098412
48201311002,0.146624
48201311100,0.017746
48201311200,0.048518
48201311300,0.005021
48201311400,0.007049
48201311501,0.009083
48201311502,0.00503
48201311600,0.029696
48201311701,0.034427
48201311702,0.047367
48201311800,0.022876
48201311900,0.015375
48201312000,0.046768
48201312200,0.038778
48201312300,0.010496
48201312400,0.017164
48201312501,0.019535
48201312502,0.010266
48201312601,0.093445
48201312602,0.037621
48201312603,0.019993
48201312700,0.020593
48201312800,0.004884
48201312901,0.015027
48201312902,0.010517
48201313000,0.015501
48201313101,0.022536
48201313102,0.085097
48201313201,0.046382
48201313202,0.010397
48201313300,0.005472
48201313400,0.008526
48201313500,0.011407
48201313600,0.007825
48201313700,0.041655
48201313801,0.02506
48201313802,0.015146
48201313901,0.047611
48201313902,0.007368
48201314001,0.05871
48201314003,0.114808
48201314004,0.019531
48201314005,0.014728
48201314301,0.110438
48201314302,0.037093
48201314401,0.140736
48201314402,0.22068
48201320100,0.009601
48201320201,0.024973
48201320202,0.015449
48201320500,0.028046
48201320601,0.012014
48201320602,0.0114
48201320700,0.046543
48201320800,0.169351
48201320901,0.032093
48201320902,0.00846
48201321001,0.019771
48201321002,0.074325
48201321101,0.032972
48201321102,0.028048
48201321200,0.03424
48201321301,0.028509
48201321302,0.111291
48201321401,0.020548
48201321402,0.148046
48201321500,0.069609
48201321600,0.012317
48201321700,0.012021
48201321800,0.044371
48201321900,0.012416
48201322000,0.065549
48201322100,0.012021
48201322200,0.008545
48201322600,0.088448
48201322701,0.021807
48201322702,0.025594
48201322800,0.02764
48201322900,0.011912
48201323000,0.017459
48201323100,0.019836
48201323200,0.026237
48201323300,0.014873
48201323400,0.023992
48201323500,0.029968
48201323601,0.025511
48201323602,0.057805
48201323701,0.034825
48201323702,0.044355
48201323801,0.007561
48201323802,0.010599
48201323900,0.044327
48201324000,0.036315
48201324101,0.082496
48201324102,0.274605
48201324200,0.082712
48201330101,0.019701
48201330102,0.01238
48201330200,0.009687
48201330301,0.043142
48201330302,0.039544
48201330303,0.025915
48201330400,0.043413
48201330500,0.018666
48201330600,0.013215
48201330700,0.063519
48201330801,0.069133
48201330802,0.094028
48201330901,0.011973
48201330902,0.008155
48201331100,0.016372
48201331200,0.010334
48201331300,0.03222
48201331400,0.048066
48201331501,0.164096
48201331502,0.005051
48201331602,0.004992
48201331603,0.020326
48201331604,0.007954
48201331700,0.045852
48201331800,0.021866
48201331900,0.027914
48201332000,0.007284
48201332100,0.034427
48201332200,0.007389
48201332300,0.019099
48201332400,0.012771
48201332500,0.013482
48201332600,0.007655
48201332700,0.031447
48201332800,0.047876
48201332900,0.018412
48201333000,0.033415
48201333100,0.011007
48201333201,0.029371
48201333203,0.009374
48201333204,0.025439
48201333205,0.080955
48201333301,0.067176
48201333302,0.009224
48201333501,0.033868
48201333502,0.185971
48201333600,0.099884
48201333700,0.057739
48201333801,0.115189
48201333802,0.007874
48201333903,0.021701
48201333904,0.010169
48201333905,0.011397
48201333906,0.020428
48201334001,0.009118
48201334002,0.080992
48201334003,0.034759
48201334101,0.028764
48201334102,0.059932
48201340101,0.067888
48201340102,0.010362
48201340201,0.179268
48201340202,0.034865
48201340203,0.018709
48201340301,0.016341
48201340302,0.021978
48201340400,0.020039
48201340501,0.014313
48201340502,0.056205
48201340600,0.017808
48201340701,0.021458
48201340702,0.014723
48201340800,0.013041
48201340900,0.040549
48201341001,0.089586
48201341002,0.050161
48201341101,0.023767
48201341102,0.024152
48201341201,0.006282
48201341203,0.069145
48201341204,0.047922
48201341302,0.097428
48201341303,0.026094
48201341304,0.068395
48201341400,0.033681
48201341501,0.006981
48201341502,0.054893
48201342001,0.012821
48201342002,0.035303
48201342100,0.01661
48201342200,0.058439
48201342300,0.0103
48201342400,0.080799
48201342500,0.091857
48201342700,0.029252
48201342801,0.036758
48201342802,0.114239
48201342900,0.013592
48201343000,0.030726
48201343100,0.063537
48201343200,0.028361
48201343301,0.028232
48201343302,0.027776
48201343601,0.283842
48201343700,0.108877
48201350101,0.034287
48201350102,0.015285
48201350103,0.002501
48201350104,0.048008
48201350201,0.014499
48201350202,0.054104
48201350300,0.017171
48201350400,0.011709
48201350500,0.015247
48201350601,0.012362
48201350603,0.006837
48201350604,0.009439
48201350700,0.006566
48201350801,0.01035
48201350803,0.012037
48201350804,0.008703
48201410101,0.021973
48201410102,0.054942
48201410201,0.062107
48201410202,0.037902
48201410300,0.031162
48201410401,0.190245
48201410402,0.035509
48201410501,0.086084
48201410502,0.092384
48201410601,0.03983
48201410602,0.024299
48201410703,0.013626
48201410704,0.117692
48201410705,0.025714
48201410706,0.005739
48201410801,0.025826
48201410802,0.014387
48201410900,0.165142
48201411001,0.099522
48201411002,0.04468
48201411003,0.028012
48201411100,0.036394
48201411200,0.121341
48201411301,0.073325
48201411302,0.140531
48201411400,0.02048
48201411503,0.02775
48201411504,0.063513
48201411505,0.022705
48201411506,0.060277
48201411507,0.071894
48201411600,0.027469
48201411700,0.019256
48201411801,0.022121
48201411802,0.023121
48201411901,0.054802
48201411902,0.028241
48201412000,0.04821
48201412201,0.012139
48201412202,0.01616
48201412300,0.075472
48201412400,0.00649
48201412500,0.036211
48201412600,0.042096
48201412700,0.009824
48201412800,0.026487
48201412901,0.110485
48201412902,0.030612
48201413000,0.007724
48201413100,0.038632
48201413203,0.018738
48201413204,0.116838
48201413205,0.061493
48201413206,0.041259
48201413301,0.014845
48201413302,0.00791
48201420100,0.017101
48201420200,0.007315
48201420300,0.007003
48201420400,0.033514
48201420500,0.029133
48201420600,0.059867
48201420700,0.00445
48201420800,0.007705
48201420900,0.008249
48201421000,0.077516
48201421101,0.006361
48201421103,0.006795
48201421104,0.017092
48201421203,0.022322
48201421204,0.008389
48201421205,0.005871
48201421206,0.002213
48201421301,0.0012
48201421302,0.00395
48201421401,0.033058
48201421402,0.005963
48201421403,0.022786
48201421501,0.009205
48201421502,0.007813
48201421601,0.013835
48201421602,0.07164
48201421700,0.007496
48201421801,0.024971
48201421802,0.0108
48201421900,0.017489
48201422000,0.005777
48201422100,0.098225
48201422200,0.025663
48201422302,0.019225
48201422303,0.015416
48201422304,0.024443
48201422403,0.007438
48201422404,0.013024
48201422405,0.022963
48201422406,0.004466
48201422501,0.010543
48201422502,0.007943
48201422601,0.007342
48201422602,0.008293
48201422701,0.005683
48201422702,0.007672
48201422800,0.00801
48201422900,0.003635
48201423001,0.023467
48201423002,0.025897
48201423100,0.049998
48201423201,0.026424
48201423203,0.005291
48201423204,0.029514
48201423301,0.018607
48201423303,0.008995
48201423304,0.011307
48201423401,0.024408
48201423402,0.005066
48201423500,0.039292
48201423600,0.028814
48201430101,0.017325
48201430102,0.011943
48201430200,0.018959
48201430300,0.011609
48201430400,0.008171
48201430500,0.107556
48201430600,0.004024
48201430700,0.076096
48201430800,0.037982
48201430900,0.052591
48201431001,0.010919
48201431002,0.01928
48201431101,0.048023
48201431102,0.02134
48201431203,0.016476
48201431204,0.029557
48201431205,0.017218
48201431206,0.02171
48201431302,0.017188
48201431303,0.015218
48201431304,0.044759
48201431401,0.02073
48201431403,0.065384
48201431404,0.012943
48201431503,0.053223
48201431504,0.017804
48201431505,0.064625
48201431506,0.012088
48201431600,0.016305
48201431701,0.029342
48201431702,0.045494
48201431801,0.01975
48201431803,0.005536
48201431804,0.068734
48201431901,0.022081
48201431902,0.025117
48201432003,0.017305
48201432004,0.011753
48201432005,0.141285
48201432006,0.004761
48201432101,0.063965
48201432102,0.057129
48201432200,0.009723
48201432301,0.04895
48201432302,0.034136
48201432303,0.048523
48201432401,0.006984
48201432402,0.01258
48201432501,0.00616
48201432502,0.012036
48201432600,0.010168
48201432703,0.012906
48201432704,0.007335
48201432705,0.009529
48201432706,0.005404
48201432803,0.008978
48201432804,0.014684
48201432805,0.015762
48201432806,0.0433
48201432901,0.053786
48201432903,0.024771
48201432904,0.042486
48201433003,0.032258
48201433004,0.016278
48201433005,0.030109
48201433006,0.008851
48201433007,0.007207
48201433100,0.066657
48201433201,0.016747
48201433202,0.007126
48201433300,0.005538
48201433400,0.006034
48201433503,0.054961
48201433504,0.014826
48201433505,0.023807
48201433506,0.018404
48201433507,0.041276
48201433601,0.015595
48201433602,0.003956
48201440101,0.002354
48201440102,0.023687
48201450100,0.02638
48201450200,0.018006
48201450301,0.006815
48201450302,0.019414
48201450401,0.05261
48201450402,0.033559
48201450500,0.032016
48201450600,0.015905
48201450700,0.021824
48201450801,0.028005
48201450803,0.028895
48201450804,0.089657
48201450900,0.058207
48201451003,0.021066
48201451004,0.039679
48201451005,0.011497
48201451006,0.050295
48201451100,0.022759
48201451200,0.01929
48201451301,0.008115
48201451302,0.009769
48201451401,0.008774
48201451404,0.030531
48201451405,0.023296
48201451406,0.01397
48201451407,0.022542
48201451501,0.035131
48201451502,0.197368
48201451603,0.004806
48201451604,0.073915
48201451605,0.014463
48201451606,0.041275
48201451700,0.056639
48201451800,0.01354
48201451902,0.008615
48201451903,0.076154
48201451904,0.008745
48201452001,0.01322
48201452002,0.01873
48201452101,0.010995
48201452102,0.015985
48201452103,0.018594
48201452202,0.034054
48201452203,0.050527
48201452204,0.044816
48201452300,0.049659
48201452401,0.035036
48201452402,0.012437
48201452501,0.008674
48201452502,0.039586
48201452601,0.016853
48201452602,0.007591
48201452701,0.006214
48201452702,0.003373
48201452703,0.03248
48201452801,0.042901
48201452802,0.032779
48201452900,0.046982
48201453001,0.042352
48201453002,0.022554
48201453100,0.017365
48201453201,0.013009
48201453202,0.009075
48201453300,0.013121
48201453401,0.025446
48201453403,0.007268
48201453404,0.020035
48201453405,0.006529
48201453501,0.025459
48201453502,0.006854
48201453601,0.037425
48201453603,0.059138
48201453604,0.005159
48201453701,0.007754
48201453702,0.015568
48201453800,0.037651
48201453901,0.008464
48201453902,0.031618
48201454000,0.011664
48201454100,0.008224
48201454200,0.016934
48201454302,0.006055
48201454303,0.026317
48201454304,0.014933
48201454305,0.010109
48201454400,0.093576
48201454502,0.012142
48201454503,0.020815
48201454504,0.011859
48201454505,0.060001
48201454600,0.008761
48201454700,0.15878
48201454801,0.055373
48201454802,0.010158
48201454901,0.015915
48201454902,0.009547
48201455000,0.01853
48201455102,0.0136
48201455103,0.248729
48201455104,0.0227
48201455200,0.027892
48201455300,0.052871
48201510100,0.053796
48201510201,0.050297
48201510202,0.010277
48201510301,0.065164
48201510302,0.022869
48201510400,0.019003
48201510500,0.013408
48201510601,0.042612
48201510602,0.020406
48201510701,0.014246
48201510702,0.02325
48201510801,0.108989
48201510802,0.016285
48201510803,0.084126
48201510901,0.006751
48201510902,0.070241
48201511001,0.016728
48201511003,0.01043
48201511004,0.009604
48201511100,0.027654
48201511201,0.043177
48201511202,0.009664
48201511301,0.022174
48201511302,0.130271
48201511400,0.054784
48201511501,0.023136
48201511502,0.013203
48201511600,0.015991
48201520100,0.012487
48201520200,0.009347
48201520301,0.005597
48201520302,0.009766
48201520400,0.032444
48201520501,0.008681
48201520502,0.008185
48201520601,0.009208
48201520603,0.026234
48201520604,0.009523
48201520700,0.017023
48201521000,0.056239
48201521100,0.004908
48201521201,0.024604
48201521202,0.0212
48201521300,0.008108
48201521401,0.030049
48201521402,0.017229
48201521501,0.022866
48201521502,0.049561
48201521600,0.269704
48201521701,0.047338
48201521702,0.075288
48201521800,0.011765
48201521900,0.005857
48201522001,0.022461
48201522002,0.002807
48201522101,0.005616
48201522102,0.006542
48201522201,0.008834
48201522202,0.007995
48201522301,0.045134
48201522302,0.010417
48201522401,0.008611
48201522402,0.024471
48201522500,0.009685
48201530101,0.034604
48201530102,0.022283
48201530200,0.017217
48201530300,0.009597
48201530400,0.038639
48201530501,0.066443
48201530502,0.00291
48201530600,0.021665
48201530701,0.118766
48201530702,0.030349
48201530800,0.008755
48201530900,0.00941
48201531000,0.00914
48201531100,0.008919
48201531200,0.002436
48201531300,0.006044
48201531400,0.008621
48201531500,0.016954
48201531600,0.006136
48201531700,0.064082
48201531800,0.031087
48201531900,0.020598
48201532003,0.008431
48201532004,0.015892
48201532101,0.015384
48201532102,0.042608
48201532200,0.013885
48201532301,0.039545
48201532302,0.013463
48201532400,0.018499
48201532502,0.015296
48201532503,0.039901
48201532504,0.048536
48201532600,0.020383
48201532700,0.043114
48201532800,0.009562
48201532900,0.048997
48201533000,0.001225
48201533100,0.003497
48201533200,0.002035
48201533301,0.011931
48201533302,0.035474
48201533401,0.019367
48201533402,0.00793
48201533500,0.020116
48201533600,0.028174
48201533701,0.012982
48201533702,0.012782
48201533802,0.010681
48201533803,0.350252
48201533804,0.042154
48201533902,0.041539
48201533903,0.005657
48201533904,0.068588
48201534001,0.07036
48201534002,0.00788
48201534003,0.055851
48201534101,0.01431
48201534102,0.020235
48201534201,0.058008
48201534203,0.016195
48201534204,0.043614
48201534205,0.014035
48201540101,0.022945
48201540102,0.020078
48201540200,0.063912
48201540502,0.014446
48201540503,0.160877
48201540504,0.108937
48201540601,0.0237
48201540602,0.013005
48201540700,0.085188
48201540800,0.012569
48201540901,0.014289
48201540903,0.050962
48201540904,0.117003
48201541004,0.043081
48201541005,0.013601
48201541006,0.018545
48201541007,0.016282
48201541008,0.056618
48201541009,0.02464
48201541100,0.005873
48201541203,0.019812
48201541204,0.054664
48201541205,0.033782
48201541206,0.005731
48201541207,0.04655
48201541301,0.013999
48201541302,0.014725
48201541401,0.087408
48201541402,0.026077
48201541403,0.018871
48201541404,0.013987
48201541500,0.01309
48201541603,0.012171
48201541604,0.017122
48201541701,0.077307
48201541702,0.011004
48201541703,0.154455
48201541801,0.065614
48201541802,0.064093
48201541901,0.005378
48201541902,0.023762
48201542001,0.051435
48201542002,0.011677
48201542003,0.042398
48201542004,0.006257
48201542103,0.019017
48201542104,0.027716
48201542105,0.019918
48201542106,0.005527
48201542107,0.046771
48201542108,0.04263
48201542201,0.013772
48201542202,0.054338
48201542203,0.028357
48201542302,0.011684
48201542303,0.006601
48201542304,0.01329
48201542305,0.004651
48201542401,0.073922
48201542402,0.009059
48201542500,0.047997
48201542600,0.012531
48201542700,0.015116
48201542800,0.007079
48201542901,0.015278
48201542902,0.013844
48201543004,0.011436
48201543005,0.014491
48201543006,0.011452
48201543007,0.020836
48201543008,0.041304
48201543009,0.051512
48201543010,0.052078
48201543011,0.008617
48201543100,0.105059
48201543201,0.007657
48201543202,0.040122
48201550101,0.013214
48201550102,0.027827
48201550201,0.0175
48201550202,0.007875
48201550303,0.010646
48201550304,0.049307
48201550305,0.012636
48201550306,0.03125
48201550307,0.01004
48201550308,0.00401
48201550403,0.077539
48201550404,0.447246
48201550405,0.013156
48201550406,0.015286
48201550407,0.022163
48201550500,0.005275
48201550601,0.005882
48201550602,0.032775
48201550603,0.058026
48201550700,0.061046
48201550800,0.020694
48201550901,0.011178
48201550902,0.005489
48201551000,0.423557
48201551101,0.014616
48201551102,0.054875
48201551201,0.009896
48201551202,0.159687
48201551300,0.007599
48201551400,0.125973
48201551501,0.005351
48201551502,0.031353
48201551601,0.063678
48201551602,0.022186
48201551702,0.033854
48201551703,0.056302
48201551704,0.018667
48201551705,0.070834
48201551800,0.019971
48201551901,0.010178
48201551902,0.029218
48201552002,0.014373
48201552003,0.03819
48201552004,0.087646
48201552101,0.0379
48201552102,0.020318
48201552103,0.029283
48201552200,0.0111
48201552301,0.012009
48201552303,0.028592
48201552304,0.019945
48201552401,0.038048
48201552402,0.012891
48201552501,0.042909
48201552502,0.015191
48201552602,0.064291
48201552603,0.047301
48201552604,0.068005
48201552701,0.043268
48201552702,0.009767
48201552801,0.16697
48201552802,0.069215
48201552901,0.029642
48201552902,0.016767
48201553001,0.009913
48201553002,0.008445
48201553101,0.040315
48201553102,0.004035
48201553201,0.013652
48201553202,0.059143
48201553300,0.034506
48201553401,0.00511
48201553403,0.010339
48201553404,0.010458
48201553405,0.026325
48201553500,0.182618
48201553601,0.029803
48201553602,0.007791
48201553700,0.01938
48201553801,0.006775
48201553803,0.011819
48201553804,0.005544
48201553901,0.010752
48201554001,0.005474
48201554002,0.011704
48201554103,0.007964
48201554104,0.053938
48201554201,0.068284
48201554202,0.014757
48201554301,0.006508
48201554302,0.10529
48201554404,0.09945
48201554405,0.041201
48201554406,0.004011
48201554407,0.008718
48201554408,0.094904
48201554409,0.13934
48201554410,0.05103
48201554501,0.016116
48201554502,0.009653
48201554600,0.033721
48201554701,0.048159
48201554702,0.011969
48201554803,0.012478
48201554804,0.009119
48201554805,0.007581
48201554806,0.036312
48201554807,0.111551
48201554808,0.127411
48201554809,0.023665
48201554902,0.043945
48201554904,0.065708
48201554905,0.012264
48201554906,0.013777
48201554907,0.029597
48201554908,0.027656
48201555001,0.011896
48201555002,0.007129
48201555101,0.027015
48201555102,0.0198
48201555200,0.012071
48201555301,0.024931
48201555303,0.017551
48201555304,0.013867
48201555305,0.009932
48201555401,0.013688
48201555403,0.062012
48201555404,0.02818
48201555501,0.077865
48201555503,0.040219
48201555504,0.004668
48201555505,0.021584
48201555600,0.090065
48201555701,0.047691
48201555703,0.02098
48201555704,0.008563
48201556000,0.048193
48201556100,0.066987
48201980000,0.293286
48201980100,0.243761
48201980200,0.093152
48201980300,0.095429
48201980400,0.143214
48201980700,0.079427
48207950300,0.066885
48207950400,0.040766
48209010100,0.119002
48209010200,0.103642
48209010302,0.142021
48209010305,0.117247
48209010306,0.111885
48209010307,0.099562
48209010308,0.200667
48209010309,0.099669
48209010401,0.027934
48209010402,0.012952
48209010500,0.045232
48209010601,0.012044
48209010602,0.185514
48209010603,0.080968
48209010702,0.049101
48209010703,0.210465
48209010704,0.255046
48209010806,0.08789
48209010807,0.046249
48209010809,0.260089
48209010810,0.089826
48209010811,0.033938
48209010812,0.213808
48209010813,0.009648
48209010814,0.024378
48209010815,0.314792
48209010816,0.278692
48209010817,0.282673
48209010818,0.055945
48209010905,0.040566
48209010909,0.033965
48209010911,0.019694
48209010912,0.039883
48209010913,0.023712
48209010914,0.033624
48209010915,0.011049
48209010916,0.021506
48209010917,0.106555
48209010918,0.013051
48209010919,0.015891
48209010920,0.115577
48209010921,0.02491
48209010922,0.02947
48209010923,0.012571
48209010924,0.016385
48209010925,0.02352
48213950101,0.033671
48213950102,0.007222
48213950201,0.006976
48213950202,0.092788
48213950301,0.174778
48213950302,0.248952
48213950303,0.139621
48213950400,0.281109
48213950500,0.079209
48213950601,0.200998
48213950603,0.19243
48213950604,0.325649
48213950700,0.154823
48213950801,0.267657
48213950802,0.161933
48213950902,0.074959
48213950903,0.262072
48213950904,0.114328
48213950905,0.209528
48213951000,0.124243
48213951101,0.019632
48213951102,0.093958
48213951201,0.189701
48213951202,0.194743
48213951300,0.145791
48213951401,0.041692
48213951402,0.063871
48213951403,0.007487
48215020103,0.064021
48215020104,0.048797
48215020105,0.081252
48215020106,0.094503
48215020107,0.32622
48215020108,0.007135
48215020205,0.233624
48215020206,0.072426
48215020207,0.010655
48215020208,0.165436
48215020209,0.12866
48215020210,0.13557
48215020211,0.341838
48215020303,0.005079
48215020304,0.153505
48215020305,0.060617
48215020306,0.204839
48215020307,0.258794
48215020403,0.149842
48215020405,0.016523
48215020406,0.006592
48215020407,0.05785
48215020408,0.08937
48215020409,0.031908
48215020505,0.290889
48215020506,0.037094
48215020507,0.064491
48215020508,0.330531
48215020509,0.002897
48215020510,0.131245
48215020511,0.024581
48215020512,0.050344
48215020513,0.187589
48215020600,0.065927
48215020724,0.103195
48215020725,0.014631
48215020727,0.007087
48215020728,0.012312
48215020729,0.148474
48215020730,0.222139
48215020731,0.006503
48215020732,0.07098
48215020733,0.010849
48215020734,0.010325
48215020735,0.007308
48215020736,0.009569
48215020804,0.030732
48215020805,0.137604
48215020806,0.195969
48215020807,0.034181
48215020808,0.054118
48215020905,0.029511
48215020906,0.093563
48215020907,0.050131
48215020908,0.088586
48215020909,0.140143
48215020910,0.030272
48215021001,0.061689
48215021002,0.131973
48215021003,0.180131
48215021100,0.062702
48215021201,0.041497
48215021203,0.084915
48215021204,0.031961
48215021306,0.059651
48215021307,0.029217
48215021308,0.13038
48215021309,0.274328
48215021310,0.273513
48215021311,0.031109
48215021312,0.18881
48215021313,0.036137
48215021314,0.059817
48215021315,0.210155
48215021401,0.155618
48215021405,0.108136
48215021406,0.005148
48215021407,0.101052
48215021408,0.141318
48215021409,0.199086
48215021500,0.106728
48215021600,0.033742
48215021703,0.016405
48215021704,0.03663
48215021705,0.038058
48215021706,0.017817
48215021707,0.019376
48215021803,0.034798
48215021804,0.058718
48215021807,0.058183
48215021808,0.239804
48215021809,0.054235
48215021810,0.04468
48215021903,0.10265
48215021904,0.036724
48215021905,0.078071
48215021906,0.060427
48215022005,0.115489
48215022006,0.007595
48215022007,0.006673
48215022008,0.051781
48215022009,0.016032
48215022010,0.097755
48215022011,0.025775
48215022105,0.320921
48215022107,0.144437
48215022108,0.06302
48215022109,0.019432
48215022110,0.006027
48215022111,0.0248
48215022112,0.03776
48215022113,0.044919
48215022203,0.187208
48215022204,0.041156
48215022205,0.028099
48215022206,0.030846
48215022301,0.336343
48215022302,0.039876
48215022401,0.027058
48215022402,0.007888
48215022502,0.008416
48215022503,0.028132
48215022504,0.007932
48215022600,0.004353
48215022703,0.156261
48215022704,0.100868
48215022705,0.018188
48215022706,0.016318
48215022801,0.131602
48215022802,0.067851
48215022900,0.071759
48215023000,0.019283
48215023103,0.11342
48215023104,0.013508
48215023105,0.052107
48215023106,0.027181
48215023516,0.092897
48215023517,0.02113
48215023518,0.042133
48215023519,0.003748
48215023520,0.03695
48215023521,0.008607
48215023522,0.030066
48215023523,0.045898
48215023524,0.006895
48215023525,0.028327
48215023526,0.095099
48215023527,0.00904
48215023528,0.089656
48215023529,0.007053
48215023530,0.009563
48215023531,0.022042
48215023532,0.009134
48215023533,0.005755
48215023534,0.012403
48215023535,0.014218
48215023536,0.067671
48215023601,0.057773
48215023602,0.015875
48215023700,0.14815
48215023803,0.022197
48215023804,0.176778
48215023805,0.003916
48215023806,0.092523
48215023903,0.290619
48215023905,0.008239
48215023906,0.010781
48215023907,0.096581
48215023908,0.014737
48215024001,0.149788
48215024002,0.057683
48215024003,0.236623
48215024004,0.035319
48215024107,0.137225
48215024108,0.011076
48215024109,0.040976
48215024115,0.024414
48215024116,0.017934
48215024117,0.177861
48215024118,0.141889
48215024119,0.263253
48215024120,0.036052
48215024121,0.047399
48215024122,0.008574
48215024123,0.009363
48215024124,0.022823
48215024125,0.250215
48215024126,0.098997
48215024127,0.010441
48215024128,0.038656
48215024129,0.130399
48215024130,0.035837
48215024131,0.013021
48215024132,0.019913
48215024204,0.265967
48215024206,0.082241
48215024207,0.04099
48215024208,0.03311
48215024209,0.156116
48215024210,0.289117
48215024211,0.054034
48215024212,0.016195
48215024301,0.026842
48215024302,0.009407
48215024403,0.027307
48215024404,0.028971
48215024405,0.143553
48215024406,0.052957
48215024501,0.014434
48215024502,0.093322
48215024600,0.039811
48215980000,0.129095
48217960100,0.032971
48217960200,0.059844
48217960400,0.046712
48217960501,0.012346
48217960502,0.012259
48217960600,0.081035
48217960700,0.056411
48217960800,0.063054
48217960900,0.114282
48217961000,0.086891
48217961100,0.109306
48217961400,0.015565
48221160100,0.081048
48221160204,0.046028
48221160206,0.161984
48221160210,0.06051
48221160211,0.192938
48221160212,0.167515
48221160213,0.083911
48221160214,0.069614
48221160215,0.251554
48221160216,0.061559
48221160217,0.218782
48221160218,0.276005
48221160302,0.027711
48221160303,0.045916
48223950100,0.048601
48223950200,0.055112
48223950301,0.042361
48223950302,0.117288
48223950401,0.041664
48223950402,0.085292
48223950500,0.09376
48223950600,0.024526
48223950700,0.013217
48223950800,0.033591
48225950101,0.17002
48225950102,0.092133
48225950200,0.201263
48225950300,0.198998
48225950400,0.239888
48225950500,0.052915
48225950600,0.162635
48225950700,0.065289
48227950100,0.094209
48227950200,0.01614
48227950300,0.022605
48227950400,0.072846
48227950500,0.159202
48227950600,0.01502
48227950700,0.012946
48227950801,0.083242
48227950802,0.101097
48227950900,0.044734
48231960100,0.038719
48231960200,0.017495
48231960300,0.007135
48231960400,0.122725
48231960500,0.05883
48231960600,0.114795
48231960700,0.014227
48231960800,0.181991
48231960900,0.211694
48231961000,0.102357
48231961101,0.123847
48231961102,0.080866
48231961200,0.048784
48231961300,0.039674
48231961401,0.045483
48231961402,0.052165
48231961501,0.11997
48231961502,0.174465
48231961503,0.137715
48231961600,0.156205
48231961700,0.017182
48235950100,0.141512
48237950100,0.13361
48237950300,0.228893
48237950500,0.116088
48239950100,0.015717
48239950200,0.059857
48239950300,0.01104
48247950200,0.098668
48247950400,0.028865
48249950101,0.046481
48249950102,0.015952
48249950201,0.059322
48249950202,0.101182
48249950301,0.029255
48249950302,0.094401
48249950303,0.147728
48249950400,0.012161
48249950500,0.032328
48249950600,0.114866
48249950700,0.032508
48251130100,0.083313
48251130205,0.059024
48251130210,0.009355
48251130211,0.029649
48251130212,0.083017
48251130213,0.078629
48251130214,0.149217
48251130215,0.057533
48251130216,0.006344
48251130217,0.008047
48251130218,0.162253
48251130219,0.006284
48251130220,0.01238
48251130221,0.016032
48251130222,0.010429
48251130302,0.054492
48251130303,0.172878
48251130304,0.087491
48251130405,0.009076
48251130406,0.031295
48251130411,0.05116
48251130412,0.074278
48251130413,0.199994
48251130414,0.075078
48251130415,0.13717
48251130416,0.009272
48251130417,0.060055
48251130418,0.010414
48251130419,0.036442
48251130501,0.020631
48251130502,0.011528
48251130602,0.052502
48251130603,0.197467
48251130604,0.119399
48251130700,0.009427
48251130800,0.059621
48251130900,0.022725
48251131000,0.003693
48251131100,0.18768
48253020101,0.207325
48253020102,0.046169
48253020200,0.133873
48253020300,0.032296
48253020400,0.00987
48253020500,0.022969
48255970100,0.120921
48255970200,0.02676
48255970301,0.159253
48255970302,0.173812
48255970400,0.052393
48257050204,0.00804
48257050207,0.008138
48257050208,0.013341
48257050209,0.003889
48257050210,0.018329
48257050211,0.007256
48257050212,0.012947
48257050213,0.00937
48257050214,0.002362
48257050215,0.010574
48257050300,0.214053
48257050401,0.140726
48257050402,0.021282
48257050500,0.111946
48257050601,0.045939
48257050602,0.064966
48257050701,0.028799
48257050703,0.072507
48257050704,0.111121
48257050801,0.030651
48257050802,0.023507
48257051000,0.213003
48257051100,0.073942
48257051201,0.043861
48257051202,0.047078
48257051301,0.101347
48257051302,0.030999
48259970101,0.103349
48259970102,0.012409
48259970301,0.037779
48259970302,0.226249
48259970403,0.154525
48259970404,0.043159
48259970405,0.02616
48259970406,0.052539
48259970500,0.107862
48261950100,0.054532
48263950100,0.097273
48265960101,0.070854
48265960102,0.092838
48265960200,0.01532
48265960301,0.078026
48265960303,0.252609
48265960304,0.035631
48265960401,0.27042
48265960403,0.270874
48265960404,0.241405
48265960500,0.054467
48265960601,0.200786
48265960602,0.247204
48265960700,0.232477
48265960800,0.050625
48267950100,0.053183
48267950200,0.184101
48269950100,0.098988
48271950100,0.014398
48273020101,0.031428
48273020102,0.024785
48273020200,0.038312
48273020301,0.025562
48273020302,0.182194
48273020401,0.045103
48273020402,0.252417
48273020501,0.019062
48273020502,0.059799
48275950100,0.045997
48275950200,0.024292
48277000101,0.107461
48277000102,0.067109
48277000200,0.015357
48277000301,0.049643
48277000302,0.038069
48277000401,0.137847
48277000402,0.267986
48277000500,0.158774
48277000600,0.17918
48277000700,0.086261
48277000800,0.073034
48277000900,0.133881
48277001000,0.062169
48281950100,0.036215
48281950302,0.127701
48281950303,0.181758
48281950304,0.085505
48281950400,0.180305
48281950500,0.131988
48283950301,0.082319
48283950302,0.131686
48285000100,0.046702
48285000200,0.070323
48285000300,0.027841
48285000400,0.137917
48285000500,0.092602
48285000600,0.184913
48287000100,0.012374
48287000200,0.027003
48287000300,0.032629
48287000400,0.058654
48289950101,0.078002
48289950102,0.039835
48289950201,0.034007
48289950202,0.02455
48289950301,0.07315
48289950302,0.163261
48291700100,0.026572
48291700200,0.167244
48291700301,0.034195
48291700302,0.0174
48291700303,0.098079
48291700400,0.086754
48291700500,0.065777
48291700900,0.034533
48291701000,0.106118
48293970100,0.118779
48293970200,0.022364
48293970300,0.212886
48293970400,0.059993
48293970500,0.198386
48293970600,0.059346
48293970700,0.024968
48293970800,0.036126
48297950100,0.09908
48297950200,0.051198
48297950300,0.07779
48297950400,0.092759
48299970100,0.181044
48299970200,0.090858
48299970300,0.129625
48299970401,0.246725
48299970402,0.04608
48299970501,0.0274
48299970502,0.086283
48299970600,0.083923
48303000100,0.003905
48303000201,0.010178
48303000202,0.048669
48303000301,0.007667
48303000303,0.021574
48303000304,0.061894
48303000402,0.090037
48303000403,0.019532
48303000406,0.033874
48303000407,0.111478
48303000408,0.011882
48303000409,0.009684
48303000410,0.033125
48303000411,0.011865
48303000501,0.017735
48303000502,0.107899
48303000503,0.091287
48303000603,0.031736
48303000605,0.028673
48303000607,0.089773
48303000700,0.037342
48303000901,0.030251
48303000902,0.040983
48303001000,0.01788
48303001200,0.006322
48303001300,0.051428
48303001401,0.096039
48303001402,0.163969
48303001501,0.151274
48303001502,0.015761
48303001601,0.035132
48303001602,0.033583
48303001708,0.045193
48303001709,0.003585
48303001710,0.022881
48303001711,0.013016
48303001712,0.009984
48303001713,0.005977
48303001714,0.010575
48303001715,0.042453
48303001716,0.006598
48303001717,0.007414
48303001804,0.063517
48303001805,0.043906
48303001806,0.01442
48303001807,0.018427
48303001808,0.014903
48303001904,0.015348
48303001905,0.034827
48303001906,0.017759
48303001907,0.019312
48303001908,0.00427
48303002001,0.005036
48303002002,0.008907
48303002102,0.017409
48303002103,0.008183
48303002104,0.003223
48303002203,0.003743
48303002205,0.027344
48303002206,0.008379
48303002207,0.321537
48303002208,0.023062
48303002301,0.00622
48303002302,0.177545
48303002401,0.038662
48303002402,0.004914
48303002500,0.042711
48303010101,0.077247
48303010102,0.101026
48303010201,0.037501
48303010202,0.041309
48303010203,0.016102
48303010204,0.027837
48303010301,0.035447
48303010302,0.135948
48303010402,0.128109
48303010404,0.021397
48303010409,0.018588
48303010410,0.034305
48303010411,0.014324
48303010412,0.171939
48303010413,0.029486
48303010414,0.010264
48303010415,0.039852
48303010416,0.020565
48303010417,0.013214
48303010418,0.03546
48303010419,0.016712
48303010420,0.025532
48303010421,0.015292
48303010422,0.044597
48303010423,0.027043
48303010502,0.056017
48303010504,0.018603
48303010505,0.024334
48303010506,0.03236
48303010509,0.04261
48303010510,0.037489
48303010511,0.010135
48303010512,0.013109
48303010513,0.082675
48303010514,0.009757
48303010601,0.058125
48303010602,0.281549
48303010700,0.081266
48303980000,0.104483
48305950400,0.066564
48305950500,0.063343
48305950600,0.050423
48307950300,0.12583
48307950400,0.118458
48307950500,0.162236
48309000100,0.040089
48309000200,0.080837
48309000300,0.039573
48309000401,0.060941
48309000402,0.057129
48309000598,0.06507
48309000700,0.016859
48309000800,0.038518
48309000900,0.045335
48309001000,0.006815
48309001100,0.005512
48309001200,0.069902
48309001300,0.019623
48309001401,0.010391
48309001402,0.013621
48309001500,0.007998
48309001600,0.032439
48309001700,0.100782
48309001800,0.127791
48309001900,0.023282
48309002000,0.029903
48309002100,0.090975
48309002302,0.088909
48309002498,0.073161
48309002501,0.076247
48309002503,0.037594
48309002504,0.032174
48309002600,0.008333
48309002700,0.004043
48309002800,0.009727
48309002900,0.013085
48309003000,0.004229
48309003200,0.114945
48309003300,0.048429
48309003401,0.084778
48309003402,0.106844
48309003500,0.059625
48309003601,0.004071
48309003602,0.128888
48309003701,0.219821
48309003703,0.109985
48309003708,0.008423
48309003709,0.041344
48309003710,0.017423
48309003711,0.004456
48309003712,0.055551
48309003801,0.028683
48309003802,0.015562
48309003901,0.189726
48309003902,0.106244
48309004000,0.017286
48309004102,0.00816
48309004104,0.01359
48309004105,0.018579
48309004201,0.029884
48309004202,0.134449
48309004300,0.027905
48309980000,0.041719
48311950100,0.054944
48313000100,0.052771
48313000200,0.154635
48313000300,0.127361
48313000400,0.103177
48317950100,0.070417
48317950200,0.073862
48319950100,0.068299
48319950200,0.080375
48321730100,0.239445
48321730202,0.02523
48321730203,0.121459
48321730204,0.296222
48321730301,0.257111
48321730302,0.314858
48321730303,0.020934
48321730400,0.093944
48321730502,0.037043
48321730503,0.146638
48321730600,0.033489
48321730700,0.017101
48323950204,0.023278
48323950206,0.021763
48323950207,0.02346
48323950208,0.234063
48323950209,0.015586
48323950301,0.112042
48323950302,0.103849
48323950400,0.187133
48323950500,0.053183
48323950601,0.064565
48323950602,0.005717
48323950701,0.027486
48323950702,0.060078
48325000101,0.044763
48325000103,0.08115
48325000104,0.166396
48325000200,0.02348
48325000301,0.126205
48325000302,0.054328
48325000401,0.129601
48325000402,0.025918
48325000500,0.044404
48325000801,0.098898
48325000802,0.181845
48327950300,0.077006
48329010123,0.051583
48329010124,0.081543
48329010128,0.057758
48329010129,0.011833
48331950100,0.025193
48331950300,0.127605
48331950401,0.080903
48331950402,0.080977
48331950500,0.068543
48331950700,0.09754
48331950800,0.043328
48333950100,0.01591
48333950200,0.11084
48335950200,0.071974
48335950400,0.060748
48337950100,0.029545
48337950200,0.107423
48337950401,0.127974
48337950402,0.046253
48337950501,0.102279
48337950502,0.132346
48337950600,0.010272
48339690101,0.011159
48339690102,0.070477
48339690203,0.052083
48339690204,0.017304
48339690205,0.017046
48339690206,0.008754
48339690207,0.26619
48339690300,0.046672
48339690403,0.022377
48339690404,0.186204
48339690405,0.08147
48339690406,0.011107
48339690407,0.013526
48339690408,0.017524
48339690501,0.012783
48339690502,0.014852
48339690503,0.00913
48339690603,0.004353
48339690604,0.011971
48339690605,0.068976
48339690606,0.008215
48339690607,0.014674
48339690608,0.015202
48339690609,0.010467
48339690610,0.052695
48339690701,0.014188
48339690702,0.017526
48339690800,0.018807
48339690900,0.006278
48339691000,0.012819
48339691100,0.006363
48339691201,0.083101
48339691202,0.011705
48339691301,0.010906
48339691302,0.008349
48339691401,0.018552
48339691402,0.0712
48339691403,0.064613
48339691500,0.011656
48339691601,0.012468
48339691602,0.018135
48339691700,0.031484
48339691801,0.011334
48339691802,0.013994
48339691900,0.121845
48339692003,0.029378
48339692004,0.040893
48339692005,0.0055
48339692006,0.019878
48339692007,0.019506
48339692008,0.078318
48339692009,0.006567
48339692010,0.056287
48339692101,0.028433
48339692102,0.130133
48339692103,0.033274
48339692201,0.007515
48339692202,0.005642
48339692301,0.162409
48339692302,0.009549
48339692303,0.019029
48339692304,0.005431
48339692401,0.019998
48339692402,0.026072
48339692501,0.04459
48339692502,0.012772
48339692601,0.014106
48339692603,0.010091
48339692604,0.02553
48339692605,0.031647
48339692701,0.005735
48339692702,0.02276
48339692802,0.029471
48339692803,0.056066
48339692804,0.009877
48339692900,0.017509
48339693001,0.137058
48339693002,0.057205
48339693102,0.078896
48339693103,0.175135
48339693104,0.060307
48339693201,0.010397
48339693202,0.023718
48339693301,0.126416
48339693302,0.008901
48339693303,0.069533
48339693304,0.073842
48339693401,0.034538
48339693402,0.027895
48339693501,0.071418
48339693502,0.276562
48339693503,0.05439
48339693600,0.046319
48339693701,0.047492
48339693702,0.008027
48339693703,0.065556
48339693800,0.063884
48339693901,0.141289
48339693902,0.225476
48339693903,0.289437
48339693904,0.030325
48339694001,0.017361
48339694002,0.100214
48339694103,0.009957
48339694104,0.027009
48339694105,0.078377
48339694106,0.074089
48339694107,0.098775
48339694203,0.045247
48339694204,0.019325
48339694205,0.246244
48339694206,0.064273
48339694207,0.042318
48339694208,0.009107
48339694209,0.009432
48339694210,0.025655
48339694303,0.005947
48339694304,0.008022
48339694305,0.021857
48339694306,0.063312
48339694307,0.074381
48339694308,0.064648
48339694309,0.033806
48339694401,0.005946
48339694402,0.027165
48339694403,0.073497
48339694501,0.013015
48339694502,0.02264
48339694503,0.013751
48339694601,0.017795
48339694602,0.011313
48339694603,0.065374
48339694700,0.051679
48347950200,0.06879
48349970100,0.096168
48349970200,0.025851
48349970301,0.034818
48349970302,0.127657
48349970400,0.012579
48349970500,0.006919
48349970600,0.078116
48349970701,0.060465
48349970800,0.109208
48349970901,0.056882
48349970902,0.194125
48349971000,0.071185
48353950100,0.070096
48353950200,0.152091
48353950300,0.11589
48353950400,0.03865
48353950500,0.020344
48355000500,0.152254
48355000601,0.247225
48355000602,0.022216
48355000700,0.011806
48355000800,0.016741
48355000900,0.013165
48355001000,0.041842
48355001100,0.09347
48355001201,0.0192
48355001202,0.00893
48355001300,0.006996
48355001400,0.016915
48355001500,0.015676
48355001601,0.008253
48355001602,0.006972
48355001702,0.137504
48355001703,0.008211
48355001704,0.002939
48355001801,0.009882
48355001802,0.032243
48355001903,0.014996
48355001904,0.007464
48355001905,0.12413
48355001906,0.235645
48355002001,0.036378
48355002002,0.009668
48355002101,0.007384
48355002102,0.010256
48355002200,0.011439
48355002301,0.007316
48355002303,0.022879
48355002304,0.025909
48355002400,0.019465
48355002500,0.014715
48355002601,0.045858
48355002602,0.007003
48355002603,0.006376
48355002703,0.101986
48355002705,0.004677
48355002706,0.17807
48355002707,0.01597
48355002708,0.088794
48355002900,0.311913
48355003002,0.009882
48355003003,0.141572
48355003004,0.018758
48355003101,0.004067
48355003102,0.015184
48355003202,0.030763
48355003204,0.048028
48355003205,0.051572
48355003206,0.028127
48355003303,0.048807
48355003304,0.091434
48355003305,0.010742
48355003306,0.016177
48355003401,0.015796
48355003402,0.031595
48355003500,0.061647
48355003601,0.010815
48355003602,0.012487
48355003603,0.022759
48355003700,0.006043
48355005103,0.117894
48355005104,0.138716
48355005404,0.004858
48355005406,0.021781
48355005407,0.032963
48355005408,0.030449
48355005409,0.021406
48355005410,0.014865
48355005411,0.063039
48355005412,0.009271
48355005413,0.04487
48355005414,0.004693
48355005415,0.015841
48355005416,0.031341
48355005417,0.008708
48355005603,0.021291
48355005604,0.164096
48355005605,0.09033
48355005606,0.121224
48355005801,0.04699
48355005803,0.062695
48355005804,0.042635
48355005900,0.016496
48355006000,0.038245
48355006100,0.052811
48355006201,0.005373
48355006202,0.034378
48355006203,0.051974
48355006204,0.007661
48355006205,0.126272
48355006300,0.126636
48355006400,0.060991
48355980000,0.091889
48363000100,0.098766
48363000200,0.087536
48363000300,0.048484
48363000401,0.132654
48363000402,0.084189
48363000500,0.347681
48363000600,0.148514
48363000700,0.074229
48363000800,0.170359
48363000900,0.331246
48367140101,0.077955
48367140102,0.019944
48367140201,0.099791
48367140202,0.046849
48367140300,0.034264
48367140403,0.020278
48367140408,0.076062
48367140409,0.082643
48367140410,0.061059
48367140411,0.101288
48367140412,0.249509
48367140413,0.030314
48367140414,0.01092
48367140415,0.018843
48367140416,0.03426
48367140502,0.14468
48367140503,0.021693
48367140504,0.038622
48367140601,0.06017
48367140603,0.093597
48367140604,0.128502
48367140707,0.082695
48367140708,0.130826
48367140709,0.066348
48367140710,0.242435
48367140711,0.118182
48367140712,0.065293
48367140713,0.053183
48367140714,0.04336
48371950100,0.026769
48373210203,0.007861
48373210204,0.051369
48373210205,0.255874
48373210206,0.192049
48373210301,0.117231
48373210302,0.026572
48373210402,0.015113
48379950101,0.011451
48379950102,0.115329
48379950200,0.122904
48383950100,0.073747
48385950100,0.060739
48387950100,0.024679
48387950501,0.133658
48387950502,0.113901
48387950600,0.017867
48387950700,0.009993
48391950200,0.072449
48391950400,0.115547
48395960100,0.088051
48395960200,0.019804
48395960300,0.037425
48395960400,0.049492
48395960501,0.180322
48395960502,0.089993
48397040101,0.053069
48397040103,0.194081
48397040104,0.066285
48397040201,0.087969
48397040202,0.165814
48397040203,0.016412
48397040301,0.130048
48397040303,0.093404
48397040304,0.030795
48397040305,0.021099
48397040403,0.232692
48397040404,0.131952
48397040405,0.140741
48397040406,0.307503
48397040407,0.192913
48397040408,0.036801
48397040409,0.011222
48397040410,0.038177
48397040411,0.016493
48397040412,0.057208
48397040503,0.031019
48397040507,0.011386
48397040508,0.08358
48397040509,0.113492
48397040510,0.055378
48397040511,0.018218
48397040512,0.02682
48397040513,0.06822
48397040514,0.027995
48399950100,0.06632
48399950200,0.194951
48399950500,0.043509
48399950600,0.078953
48401950200,0.023687
48401950300,0.133161
48401950400,0.062635
48401950501,0.060805
48401950502,0.215379
48401951000,0.059648
48401951100,0.083015
48407200103,0.05629
48407200104,0.029431
48407200105,0.047173
48407200106,0.011256
48407200107,0.126567
48407200201,0.080411
48407200202,0.301757
48407200301,0.02695
48407200302,0.010452
48409010201,0.139912
48409010202,0.093059
48409010301,0.051971
48409010302,0.126925
48409010500,0.007213
48409010601,0.009424
48409010602,0.004428
48409010603,0.007488
48409010604,0.039893
48409010700,0.046854
48409010800,0.044649
48409010900,0.07922
48409011000,0.098674
48409011100,0.211535
48409011200,0.032577
48409011300,0.039885
48411950100,0.106508
48411950200,0.057312
48413950300,0.017621
48415950100,0.24893
48415950200,0.066889
48415950300,0.068708
48415950600,0.093272
48417950300,0.082162
48423000100,0.207377
48423000201,0.135999
48423000202,0.098765
48423000300,0.0663
48423000400,0.147083
48423000500,0.047033
48423000600,0.16535
48423000700,0.178411
48423000800,0.067698
48423000900,0.131472
48423001000,0.020002
48423001101,0.092827
48423001102,0.194089
48423001200,0.284694
48423001300,0.190133
48423001404,0.038489
48423001405,0.027198
48423001406,0.034759
48423001407,0.106459
48423001408,0.065554
48423001501,0.069422
48423001502,0.009133
48423001602,0.157307
48423001605,0.193788
48423001606,0.221746
48423001607,0.185981
48423001608,0.197681
48423001701,0.066747
48423001702,0.022744
48423001803,0.143623
48423001804,0.043925
48423001805,0.282488
48423001806,0.171486
48423001807,0.140297
48423001906,0.044716
48423001909,0.031413
48423001910,0.010071
48423001911,0.032552
48423001912,0.285406
48423001913,0.253528
48423001914,0.079634
48423001915,0.015729
48423001916,0.011425
48423001917,0.098217
48423002003,0.129446
48423002004,0.047025
48423002006,0.035082
48423002009,0.093268
48423002010,0.009458
48423002011,0.029431
48423002012,0.049837
48423002013,0.087667
48423002101,0.06726
48423002102,0.058124
48423002200,0.018868
48423980000,0.143245
48425000101,0.046676
48425000102,0.059176
48425000200,0.105565
48427950101,0.128382
48427950104,0.009681
48427950105,0.063448
48427950106,0.187547
48427950107,0.167938
48427950108,0.016954
48427950202,0.048195
48427950203,0.152027
48427950204,0.09527
48427950402,0.164562
48427950403,0.323184
48427950404,0.27072
48427950500,0.117562
48427950601,0.206877
48427950602,0.194749
48427950701,0.077634
48427950702,0.155849
48429950200,0.170521
48429950300,0.170285
48429950500,0.078989
48431950100,0.15062
48433950300,0.044261
48435950300,0.03594
48439100101,0.088331
48439100102,0.037004
48439100201,0.004269
48439100202,0.112271
48439100300,0.057354
48439100401,0.140208
48439100402,0.130022
48439100503,0.115886
48439100504,0.144966
48439100505,0.018068
48439100506,0.007216
48439100601,0.036632
48439100602,0.201994
48439100700,0.173572
48439100800,0.089521
48439100900,0.083773
48439101201,0.023915
48439101202,0.023261
48439101301,0.006304
48439101302,0.044321
48439101401,0.015043
48439101402,0.028294
48439101403,0.039398
48439101500,0.096244
48439101700,0.012898
48439102000,0.044122
48439102101,0.072871
48439102102,0.014296
48439102201,0.025082
48439102202,0.007449
48439102301,0.043951
48439102302,0.193287
48439102401,0.020077
48439102402,0.120588
48439102500,0.003184
48439102601,0.027586
48439102602,0.017141
48439102700,0.009969
48439103500,0.014518
48439103601,0.0047
48439103602,0.040723
48439103701,0.006841
48439103702,0.013672
48439103800,0.058204
48439104100,0.158854
48439104202,0.006648
48439104203,0.00472
48439104204,0.021854
48439104301,0.011704
48439104302,0.010226
48439104400,0.008301
48439104502,0.017738
48439104503,0.010345
48439104504,0.012105
48439104505,0.018774
48439104601,0.007145
48439104602,0.008843
48439104603,0.032731
48439104604,0.006426
48439104605,0.022502
48439104701,0.008165
48439104702,0.109105
48439104802,0.004612
48439104803,0.019491
48439104804,0.009229
48439104900,0.011944
48439105007,0.019839
48439105008,0.018371
48439105009,0.017278
48439105201,0.020377
48439105203,0.203498
48439105204,0.07223
48439105206,0.080684
48439105207,0.022851
48439105403,0.015563
48439105404,0.004745
48439105405,0.025338
48439105407,0.241605
48439105408,0.009148
48439105502,0.007969
48439105503,0.008219
48439105505,0.009752
48439105511,0.012391
48439105512,0.01123
48439105513,0.025181
48439105514,0.056822
48439105515,0.00485
48439105516,0.018555
48439105517,0.032302
48439105518,0.019903
48439105519,0.007743
48439105520,0.041777
48439105600,0.011673
48439105701,0.03877
48439105703,0.017619
48439105705,0.005717
48439105706,0.010783
48439105800,0.01815
48439105901,0.019874
48439105902,0.004197
48439106002,0.061258
48439106004,0.009971
48439106005,0.018293
48439106006,0.003353
48439106101,0.043855
48439106102,0.128489
48439106201,0.03125
48439106202,0.004069
48439106300,0.004774
48439106400,0.046473
48439106502,0.008495
48439106503,0.008938
48439106507,0.011432
48439106509,0.035712
48439106512,0.008613
48439106513,0.149318
48439106514,0.012308
48439106515,0.004078
48439106518,0.010246
48439106519,0.013295
48439106520,0.088579
48439106521,0.004913
48439106522,0.007704
48439106523,0.025494
48439106524,0.029087
48439106525,0.007487
48439106526,0.011014
48439106600,0.024688
48439106700,0.033854
48439110102,0.052063
48439110103,0.025728
48439110104,0.099586
48439110202,0.121128
48439110204,0.008136
48439110205,0.003823
48439110206,0.035502
48439110301,0.026459
48439110302,0.074084
48439110401,0.018627
48439110402,0.065533
48439110500,0.22859
48439110600,0.16445
48439110703,0.025629
48439110704,0.036485
48439110705,0.011077
48439110706,0.015388
48439110805,0.098819
48439110806,0.005046
48439110807,0.032213
48439110808,0.081396
48439110809,0.108305
48439110901,0.075996
48439110903,0.04838
48439110905,0.051387
48439110906,0.107461
48439110907,0.057111
48439111003,0.007572
48439111010,0.033297
48439111015,0.034787
48439111018,0.034735
48439111019,0.007671
48439111020,0.005737
48439111021,0.016683
48439111022,0.00445
48439111023,0.00727
48439111024,0.006185
48439111025,0.031738
48439111026,0.011312
48439111027,0.023509
48439111028,0.005995
48439111029,0.01658
48439111030,0.008811
48439111031,0.048169
48439111032,0.001508
48439111033,0.005719
48439111102,0.055688
48439111103,0.234023
48439111104,0.141703
48439111202,0.083448
48439111203,0.024807
48439111204,0.008798
48439111304,0.004743
48439111306,0.008477
48439111307,0.063493
48439111308,0.007948
48439111309,0.01105
48439111311,0.01535
48439111312,0.024051
48439111314,0.027455
48439111315,0.012879
48439111316,0.003976
48439111317,0.016341
48439111318,0.013864
48439111319,0.011776
48439111320,0.013132
48439111402,0.009741
48439111405,0.167511
48439111406,0.007883
48439111407,0.010658
48439111408,0.021077
48439111409,0.012212
48439111410,0.030938
48439111411,0.091825
48439111505,0.066357
48439111506,0.018658
48439111513,0.007904
48439111514,0.016182
48439111516,0.047289
48439111522,0.006478
48439111525,0.023614
48439111526,0.084873
48439111529,0.021085
48439111530,0.013283
48439111531,0.068079
48439111532,0.008558
48439111533,0.025732
48439111534,0.007321
48439111536,0.048912
48439111538,0.03692
48439111540,0.007078
48439111541,0.009151
48439111542,0.010217
48439111543,0.010253
48439111544,0.005865
48439111545,0.020973
48439111546,0.01622
48439111551,0.01064
48439111552,0.012623
48439111553,0.028471
48439111554,0.012104
48439111555,0.010135
48439111556,0.046085
48439111557,0.004372
48439111558,0.005749
48439111559,0.107128
48439111560,0.008668
48439111561,0.00679
48439111562,0.152567
48439111563,0.033356
48439111564,0.06736
48439111565,0.014144
48439111566,0.01752
48439111567,0.01319
48439111568,0.048922
48439111569,0.029257
48439111570,0.006879
48439111571,0.019886
48439111572,0.009682
48439113003,0.028715
48439113004,0.111638
48439113005,0.176944
48439113006,0.008866
48439113007,0.020759
48439113102,0.01441
48439113104,0.012636
48439113107,0.007034
48439113108,0.004273
48439113109,0.028322
48439113110,0.028753
48439113112,0.006834
48439113115,0.030344
48439113116,0.027672
48439113117,0.01362
48439113118,0.01821
48439113119,0.02033
48439113120,0.007608
48439113121,0.097255
48439113122,0.056605
48439113206,0.106728
48439113207,0.015606
48439113210,0.132049
48439113212,0.014323
48439113213,0.015414
48439113214,0.005779
48439113215,0.002988
48439113216,0.008478
48439113217,0.015665
48439113218,0.00954
48439113221,0.110916
48439113222,0.094779
48439113223,0.026085
48439113301,0.110252
48439113302,0.066236
48439113403,0.016227
48439113404,0.013042
48439113407,0.09611
48439113408,0.050492
48439113409,0.097677
48439113410,0.14448
48439113509,0.007469
48439113510,0.005607
48439113511,0.042846
48439113512,0.010804
48439113513,0.086863
48439113514,0.03559
48439113516,0.007287
48439113517,0.029721
48439113519,0.017153
48439113520,0.024765
48439113521,0.021339
48439113522,0.00924
48439113607,0.012987
48439113611,0.10275
48439113612,0.028199
48439113613,0.021778
48439113618,0.006377
48439113619,0.042368
48439113622,0.081565
48439113623,0.021606
48439113624,0.006473
48439113625,0.0167
48439113626,0.011583
48439113628,0.103257
48439113629,0.00927
48439113630,0.058623
48439113632,0.005996
48439113633,0.011698
48439113634,0.00777
48439113635,0.167085
48439113636,0.045089
48439113637,0.058888
48439113638,0.020706
48439113639,0.015317
48439113640,0.014299
48439113707,0.062321
48439113709,0.008869
48439113710,0.006946
48439113711,0.068678
48439113712,0.027437
48439113713,0.023293
48439113714,0.015014
48439113715,0.040554
48439113716,0.051749
48439113803,0.082522
48439113808,0.004268
48439113809,0.01283
48439113810,0.009736
48439113811,0.077401
48439113812,0.005938
48439113813,0.010752
48439113814,0.00988
48439113815,0.005341
48439113816,0.011846
48439113906,0.00601
48439113908,0.015683
48439113912,0.011267
48439113916,0.007172
48439113917,0.010928
48439113918,0.063802
48439113919,0.024792
48439113920,0.024633
48439113923,0.009015
48439113924,0.00472
48439113925,0.010091
48439113930,0.006727
48439113931,0.011561
48439113932,0.006308
48439113933,0.034515
48439113934,0.007975
48439113935,0.030331
48439113936,0.029099
48439113937,0.043137
48439113938,0.005208
48439113939,0.007568
48439113940,0.014381
48439113941,0.01151
48439113942,0.015231
48439113943,0.007791
48439113944,0.009603
48439113945,0.02167
48439113946,0.012109
48439113947,0.011068
48439113948,0.009524
48439113949,0.004279
48439113950,0.026972
48439113951,0.006704
48439113952,0.011256
48439113953,0.056892
48439113954,0.014894
48439113955,0.005754
48439113956,0.016587
48439113957,0.019543
48439113958,0.039974
48439114003,0.094815
48439114006,0.048351
48439114009,0.003906
48439114010,0.003418
48439114011,0.010864
48439114012,0.009562
48439114013,0.01383
48439114014,0.006619
48439114015,0.115941
48439114105,0.060185
48439114106,0.042206
48439114107,0.029633
48439114108,0.009292
48439114109,0.007913
48439114110,0.04794
48439114111,0.011173
48439114112,0.005491
48439114113,0.005982
48439114203,0.015949
48439114204,0.043198
48439114205,0.019314
48439114206,0.050096
48439114207,0.017781
48439121605,0.025437
48439121606,0.034211
48439121608,0.006404
48439121609,0.020815
48439121610,0.012766
48439121611,0.017823
48439121612,0.241495
48439121613,0.333887
48439121614,0.091827
48439121615,0.169059
48439121702,0.012311
48439121703,0.010311
48439121704,0.005909
48439121904,0.061373
48439121905,0.023003
48439121906,0.055884
48439121907,0.007481
48439121908,0.078186
48439122001,0.010876
48439122002,0.016735
48439122100,0.006442
48439122200,0.028153
48439122300,0.015061
48439122401,0.017747
48439122402,0.009066
48439122500,0.018587
48439122600,0.026361
48439122701,0.01164
48439122702,0.055907
48439122801,0.034429
48439122802,0.008522
48439122901,0.00945
48439122902,0.072193
48439123001,0.200058
48439123002,0.034654
48439123100,0.109764
48439123200,0.042004
48439123301,0.088632
48439123302,0.100738
48439123500,0.037477
48439123600,0.028291
48439123700,0.006097
48439980000,0.207372
48441010100,0.00853
48441010200,0.018865
48441010300,0.004662
48441010400,0.008588
48441010500,0.006568
48441010600,0.003356
48441010700,0.004248
48441010800,0.120558
48441010900,0.081576
48441011000,0.026131
48441011200,0.059239
48441011300,0.00801
48441011400,0.055763
48441011500,0.00428
48441011600,0.01716
48441011700,0.128318
48441011900,0.029723
48441012000,0.040648
48441012100,0.021325
48441012200,0.050581
48441012300,0.004431
48441012400,0.060473
48441012500,0.0146
48441012600,0.031859
48441012701,0.007464
48441012702,0.058889
48441012801,0.03252
48441012802,0.035534
48441012900,0.018229
48441013000,0.051046
48441013100,0.038607
48441013200,0.0691
48441013300,0.049544
48441013401,0.061913
48441013402,0.024732
48441013404,0.018173
48441013501,0.057758
48441013502,0.075838
48441013601,0.011693
48441013602,0.046127
48441980000,0.25757
48443950100,0.069712
48447950300,0.036079
48449950100,0.053888
48449950200,0.09636
48449950301,0.028887
48449950302,0.098222
48449950400,0.108733
48449950500,0.115792
48449950600,0.056752
48449950700,0.229217
48449950800,0.272488
48451000100,0.085285
48451000200,0.283783
48451000300,0.032481
48451000400,0.037671
48451000700,0.099623
48451000801,0.083827
48451000802,0.005668
48451000900,0.028034
48451001000,0.23218
48451001101,0.038857
48451001102,0.032107
48451001200,0.00704
48451001301,0.022864
48451001303,0.022323
48451001304,0.015658
48451001401,0.030542
48451001402,0.063504
48451001500,0.138125
48451001600,0.050267
48451001702,0.2048
48451001706,0.01625
48451001707,0.052034
48451001708,0.178708
48451001709,0.087191
48451001710,0.014121
48451001800,0.058292
48451980000,0.031545
48453000101,0.018466
48453000102,0.041554
48453000203,0.01129
48453000204,0.014117
48453000205,0.013342
48453000206,0.016032
48453000302,0.005785
48453000304,0.013805
48453000305,0.064616
48453000307,0.011076
48453000308,0.116048
48453000309,0.015561
48453000401,0.017823
48453000402,0.010108
48453000500,0.013492
48453000601,0.00312
48453000605,0.051834
48453000606,0.056496
48453000607,0.007543
48453000608,0.027216
48453000700,0.042163
48453000801,0.097762
48453000802,0.032181
48453000803,0.015786
48453000804,0.021272
48453000901,0.079714
48453000902,0.013977
48453001000,0.005038
48453001101,0.019472
48453001102,0.107601
48453001103,0.033931
48453001200,0.007564
48453001304,0.113298
48453001307,0.008171
48453001308,0.022
48453001309,0.029477
48453001310,0.101498
48453001311,0.009734
48453001312,0.016602
48453001401,0.007316
48453001402,0.042717
48453001403,0.042964
48453001501,0.008626
48453001503,0.01603
48453001504,0.007335
48453001505,0.019497
48453001602,0.012068
48453001603,0.014165
48453001604,0.034551
48453001605,0.004293
48453001606,0.089839
48453001910,0.06513
48453001911,0.103745
48453001912,0.094974
48453001913,0.133017
48453001914,0.011214
48453001915,0.015904
48453001916,0.015971
48453001917,0.223433
48453001918,0.040343
48453001919,0.032138
48453001920,0.057128
48453001921,0.168264
48453001922,0.129812
48453001923,0.214895
48453002002,0.008192
48453002003,0.005545
48453002004,0.012529
48453002006,0.009213
48453002007,0.041068
48453002104,0.007392
48453002105,0.004063
48453002106,0.00768
48453002107,0.010986
48453002108,0.006535
48453002109,0.009634
48453002110,0.069723
48453002111,0.017998
48453002112,0.003231
48453002113,0.003385
48453002201,0.004104
48453002211,0.010742
48453002213,0.013387
48453002214,0.008094
48453002215,0.023678
48453002216,0.007753
48453002217,0.155443
48453002218,0.289905
48453002219,0.027679
48453002220,0.014754
48453002221,0.002863
48453002222,0.005656
48453002304,0.034382
48453002307,0.03179
48453002310,0.098127
48453002313,0.031595
48453002314,0.005782
48453002315,0.038206
48453002316,0.039816
48453002319,0.165548
48453002320,0.044713
48453002321,0.022171
48453002322,0.009919
48453002323,0.007186
48453002324,0.032423
48453002325,0.030599
48453002326,0.31018
48453002327,0.029656
48453002403,0.014729
48453002407,0.006413
48453002409,0.011434
48453002410,0.011271
48453002411,0.008472
48453002412,0.023926
48453002413,0.011634
48453002419,0.002202
48453002422,0.028095
48453002423,0.018148
48453002424,0.056803
48453002430,0.006498
48453002432,0.058349
48453002434,0.119982
48453002436,0.143055
48453002437,0.026856
48453002438,0.015055
48453002439,0.008003
48453002440,0.009196
48453002441,0.014974
48453002442,0.020671
48453002443,0.071571
48453002444,0.029959
48453002445,0.016198
48453002446,0.031645
48453002447,0.066194
48453002448,0.0068
48453002449,0.023442
48453002450,0.127224
48453002451,0.049102
48453002452,0.024769
48453002453,0.061465
48453002500,0.027121
48453030000,0.053622
48453030100,0.06414
48453030200,0.011745
48453030300,0.010976
48453030400,0.009134
48453030500,0.012234
48453030600,0.014446
48453030700,0.009598
48453030800,0.015429
48453030900,0.029907
48453031000,0.024536
48453031100,0.221837
48453031200,0.021479
48453031300,0.007378
48453031400,0.026538
48453031500,0.013147
48453031600,0.02748
48453031700,0.008545
48453031800,0.032471
48453031900,0.032707
48453032000,0.015192
48453032100,0.010338
48453032200,0.009509
48453032300,0.060268
48453032400,0.022398
48453032500,0.015249
48453032600,0.008276
48453032700,0.012071
48453032800,0.266364
48453032900,0.023711
48453033000,0.075346
48453033100,0.068256
48453033200,0.020155
48453033300,0.02845
48453033400,0.009689
48453033500,0.012286
48453033600,0.143472
48453033700,0.00446
48453033800,0.002805
48453033900,0.00832
48453034000,0.075136
48453034100,0.007229
48453034200,0.044659
48453034300,0.011067
48453034400,0.009768
48453034500,0.026188
48453034600,0.025804
48453034700,0.016145
48453034800,0.022343
48453034900,0.00859
48453035000,0.022703
48453035100,0.021815
48453035200,0.048748
48453035300,0.299256
48453035400,0.072841
48453035500,0.005432
48453035600,0.131958
48453035700,0.041317
48453035800,0.031679
48453035900,0.043294
48453036000,0.024977
48453036100,0.03186
48453036200,0.009087
48453036300,0.055501
48453036400,0.165799
48453036500,0.215407
48453036600,0.157784
48453036700,0.144708
48453036800,0.055913
48453036900,0.061601
48453037000,0.16695
48453037100,0.24838
48453037200,0.004457
48453037300,0.016542
48453037400,0.13501
48453037500,0.117038
48453037600,0.014176
48453040000,0.012805
48453040100,0.064106
48453040200,0.003045
48453040300,0.008798
48453040400,0.016688
48453040500,0.005843
48453040600,0.037148
48453040700,0.007867
48453040800,0.013045
48453040900,0.206621
48453041000,0.217673
48453041100,0.265131
48453041200,0.032219
48453041300,0.007832
48453041400,0.032108
48453041500,0.045135
48453041600,0.015656
48453041700,0.032552
48453041800,0.030436
48453041900,0.04799
48453042000,0.028053
48453042100,0.012572
48453042200,0.022807
48453042300,0.042318
48453042400,0.008943
48453042500,0.011182
48453042600,0.026114
48453042700,0.004476
48453042800,0.009952
48453042900,0.010106
48453043000,0.00973
48453043100,0.127354
48453043200,0.258065
48453043300,0.008866
48453043400,0.010385
48453043500,0.051853
48453043600,0.009843
48453043700,0.044907
48453043800,0.014745
48453043900,0.004921
48453044000,0.014404
48453044100,0.011724
48453044200,0.009465
48453044300,0.017863
48453044400,0.016789
48453044500,0.003304
48453044600,0.003967
48453044700,0.011475
48453044800,0.012966
48453044900,0.090007
48453045000,0.006348
48453045100,0.031976
48453045200,0.01888
48453045300,0.01436
48453045400,0.053503
48453045500,0.005686
48453045600,0.045297
48453045700,0.080068
48453045800,0.200633
48453045900,0.23125
48453046000,0.038698
48453046100,0.034042
48453046200,0.088216
48453046300,0.023804
48453046400,0.008526
48453046500,0.015156
48453046600,0.020401
48453046700,0.049848
48453046800,0.010227
48453046900,0.003358
48453047000,0.021817
48453980000,0.122555
48455950100,0.117247
48455950200,0.037654
48455950300,0.119033
48455950400,0.106965
48455950500,0.09476
48459950101,0.03978
48459950102,0.197343
48459950200,0.032705
48459950301,0.10443
48459950302,0.024601
48459950400,0.20136
48459950501,0.065813
48459950502,0.014
48459950600,0.037138
48459950700,0.110457
48461950100,0.051803
48463950100,0.052189
48463950201,0.112348
48463950202,0.033271
48463950300,0.086088
48463950400,0.105759
48463950500,0.117431
48465950202,0.069916
48465950203,0.150398
48465950301,0.037505
48465950302,0.097084
48465950400,0.112174
48465950501,0.073442
48465950502,0.057285
48465950601,0.31819
48465950602,0.150181
48465950701,0.095426
48465950702,0.096518
48465950801,0.280288
48465950802,0.135743
48465980000,0.055904
48467950100,0.025643
48467950200,0.043899
48467950300,0.071927
48467950400,0.018573
48467950500,0.01962
48467950601,0.110058
48467950602,0.07236
48467950700,0.121719
48467950801,0.028037
48467950802,0.068485
48467950901,0.012676
48467950902,0.18045
48467951001,0.011857
48467951002,0.025503
48469000100,0.257616
48469000201,0.230058
48469000202,0.013371
48469000301,0.181681
48469000302,0.195342
48469000400,0.136162
48469000501,0.06
48469000502,0.009292
48469000601,0.068726
48469000602,0.074782
48469000700,0.019888
48469000800,0.030274
48469001300,0.140326
48469001401,0.163295
48469001402,0.017658
48469001501,0.133804
48469001503,0.099919
48469001504,0.131583
48469001601,0.012553
48469001604,0.003091
48469001605,0.149479
48469001607,0.118031
48469001608,0.025189
48469001700,0.029033
48469980000,0.395005
48471790101,0.022966
48471790102,0.050119
48471790103,0.146715
48471790200,0.070569
48471790301,0.057616
48471790302,0.039121
48471790401,0.199184
48471790402,0.053733
48471790500,0.101947
48471790600,0.034126
48471790700,0.048108
48471790800,0.074443
48473680100,0.039221
48473680201,0.019607
48473680202,0.074681
48473680301,0.014594
48473680302,0.094668
48473680303,0.030748
48473680501,0.021236
48473680502,0.052006
48473680601,0.166193
48473680602,0.022492
48473980000,0.039244
48477170100,0.107436
48477170201,0.079847
48477170202,0.142518
48477170300,0.053499
48477170400,0.082326
48477170501,0.049853
48477170502,0.079619
48477170601,0.059161
48477170602,0.191169
48479000101,0.064251
48479000105,0.08056
48479000106,0.052062
48479000107,0.010624
48479000108,0.007506
48479000109,0.216183
48479000200,0.039282
48479000300,0.018063
48479000601,0.015381
48479000602,0.032227
48479000700,0.051343
48479000800,0.002315
48479000901,0.00671
48479000903,0.119678
48479000904,0.002089
48479001001,0.002325
48479001003,0.038078
48479001004,0.022434
48479001101,0.109486
48479001103,0.129135
48479001104,0.014214
48479001105,0.154652
48479001201,0.062897
48479001202,0.025716
48479001300,0.042098
48479001401,0.021341
48479001402,0.028158
48479001501,0.132798
48479001502,0.037486
48479001601,0.003023
48479001602,0.010011
48479001706,0.037706
48479001709,0.006921
48479001710,0.201393
48479001711,0.035443
48479001714,0.069562
48479001715,0.107626
48479001716,0.003369
48479001717,0.126106
48479001718,0.011775
48479001719,0.006851
48479001720,0.110986
48479001721,0.012004
48479001722,0.008018
48479001723,0.00774
48479001724,0.033854
48479001725,0.009718
48479001726,0.044875
48479001727,0.006527
48479001806,0.023398
48479001809,0.135448
48479001810,0.276201
48479001811,0.158552
48479001813,0.366134
48479001815,0.101913
48479001816,0.230796
48479001818,0.26839
48479001819,0.16543
48479001820,0.145213
48479001821,0.003175
48479001822,0.002286
48479001823,0.00209
48479001824,0.075584
48479001825,0.021996
48479001826,0.073872
48479001827,0.168307
48479001828,0.006571
48479001900,0.008085
48479980000,0.078992
48481740100,0.009716
48481740200,0.082484
48481740300,0.026392
48481740400,0.121255
48481740500,0.01265
48481740600,0.093929
48481740700,0.111826
48481740800,0.113823
48481740901,0.040913
48481740902,0.156632
48481741000,0.047299
48481741100,0.096802
48489950300,0.16606
48489950400,0.029382
48489950500,0.031431
48489950600,0.084472
48489950700,0.040173
48491020106,0.036903
48491020108,0.018653
48491020109,0.034546
48491020111,0.033013
48491020113,0.019581
48491020114,0.088735
48491020115,0.014594
48491020116,0.049901
48491020117,0.262401
48491020118,0.081488
48491020119,0.015337
48491020120,0.052496
48491020121,0.080177
48491020122,0.149735
48491020123,0.114215
48491020124,0.216337
48491020201,0.034318
48491020203,0.012395
48491020205,0.034372
48491020206,0.12421
48491020207,0.192724
48491020208,0.293078
48491020310,0.004327
48491020311,0.04912
48491020319,0.007207
48491020321,0.115771
48491020323,0.005116
48491020325,0.072277
48491020326,0.008511
48491020327,0.110577
48491020329,0.067711
48491020330,0.053805
48491020331,0.092188
48491020332,0.060107
48491020333,0.008171
48491020334,0.006666
48491020335,0.008219
48491020336,0.008256
48491020337,0.048177
48491020338,0.011144
48491020339,0.007731
48491020340,0.009189
48491020341,0.007727
48491020342,0.21785
48491020343,0.007473
48491020344,0.173232
48491020345,0.009948
48491020346,0.021732
48491020347,0.009535
48491020348,0.026476
48491020349,0.047601
48491020350,0.005292
48491020351,0.019249
48491020352,0.050217
48491020353,0.007731
48491020354,0.010579
48491020355,0.023257
48491020356,0.032851
48491020403,0.00621
48491020404,0.006283
48491020405,0.009697
48491020406,0.013257
48491020408,0.021377
48491020409,0.068849
48491020410,0.00702
48491020411,0.019138
48491020503,0.016579
48491020505,0.07373
48491020507,0.022715
48491020508,0.020067
48491020509,0.009849
48491020511,0.07666
48491020512,0.031388
48491020513,0.036791
48491020514,0.012248
48491020515,0.046712
48491020516,0.007717
48491020517,0.012483
48491020602,0.024906
48491020604,0.017793
48491020606,0.017293
48491020607,0.028222
48491020608,0.008423
48491020609,0.022298
48491020701,0.016561
48491020704,0.013794
48491020706,0.032227
48491020707,0.012866
48491020709,0.020602
48491020710,0.074671
48491020711,0.191256
48491020712,0.008868
48491020713,0.012685
48491020808,0.029282
48491020810,0.028958
48491020811,0.01183
48491020812,0.027439
48491020813,0.010948
48491020814,0.013325
48491020815,0.013509
48491020816,0.129663
48491020817,0.122551
48491020818,0.125046
48491020819,0.069077
48491020820,0.012109
48491020821,0.025279
48491020822,0.10014
48491020900,0.013007
48491021000,0.082287
48491021100,0.008333
48491021201,0.076823
48491021202,0.16336
48491021203,0.216621
48491021300,0.016867
48491021402,0.035704
48491021404,0.210277
48491021405,0.022839
48491021406,0.033547
48491021407,0.047201
48491021502,0.049561
48491021503,0.031225
48491021506,0.047689
48491021509,0.019816
48491021510,0.025428
48491021511,0.040204
48491021512,0.026259
48491021513,0.012227
48491021514,0.005715
48491021515,0.051212
48491021516,0.011149
48491021517,0.015216
48491021518,0.002377
48491021601,0.069402
48491021602,0.081703
48491021603,0.014862
48493000102,0.089448
48493000103,0.004776
48493000104,0.055989
48493000201,0.045821
48493000202,0.019889
48493000300,0.091421
48493000402,0.137277
48493000404,0.180536
48493000405,0.011953
48493000406,0.282155
48493000500,0.148543
48493000600,0.013781
48497150101,0.057425
48497150103,0.218512
48497150104,0.015674
48497150201,0.151564
48497150202,0.099285
48497150300,0.029747
48497150402,0.055843
48497150403,0.032779
48497150404,0.048857
48497150405,0.133205
48497150500,0.186325
48497150603,0.069063
48497150604,0.046598
48497150605,0.019192
48497150606,0.084693
48497150607,0.165849
48499950100,0.047969
48499950200,0.06583
48499950301,0.014623
48499950303,0.037169
48499950304,0.105424
48499950401,0.058654
48499950402,0.285221
48499950500,0.055801
48499950601,0.011817
48499950602,0.03202
48499950700,0.053856
48499950800,0.139076
48503950200,0.037821
48503950401,0.17756
48503950402,0.028647
48503950500,0.081811
48503950600,0.115146
48505950303,0.266357
48505950304,0.171839
48505950305,0.253868
48505950306,0.320971
48505950401,0.191639
48505950402,0.106962
48507950100,0.255209
48507950200,0.17331
48507950301,0.110032
48507950302,0.098958
53001950100,0.074624
53001950200,0.18326
53001950301,0.044505
53001950302,0.084627
53001950303,0.243362
53001950400,0.157674
53001950500,0.009626
53003960100,0.094581
53003960200,0.052768
53005010100,0.194321
53005010201,0.09152
53005010203,0.004186
53005010204,0.076831
53005010300,0.14309
53005010400,0.003763
53005010500,0.153884
53005010600,0.024066
53005010701,0.055896
53005010703,0.110321
53005010705,0.004337
53005010707,0.005623
53005010708,0.197569
53005010807,0.024659
53005010809,0.032918
53005010810,0.005509
53005010811,0.034144
53005010814,0.046893
53005010815,0.009216
53005010816,0.016296
53005010817,0.006199
53005010818,0.006765
53005010819,0.018676
53005010820,0.031865
53005010901,0.043203
53005010902,0.019568
53005011001,0.025414
53005011002,0.03662
53005011100,0.035053
53005011201,0.003743
53005011202,0.075867
53005011300,0.077775
53005011401,0.009332
53005011402,0.00647
53005011501,0.125839
53005011504,0.010512
53005011505,0.090003
53005011506,0.173422
53005011600,0.104417
53005011701,0.01294
53005011702,0.019172
53005011801,0.032056
53005011802,0.037269
53005011900,0.020377
53005012000,0.073055
53007960100,0.112779
53007960201,0.169735
53007960202,0.052508
53007960203,0.09992
53007960301,0.120645
53007960302,0.048985
53007960303,0.102207
53007960400,0.062389
53007960501,0.033721
53007960502,0.080137
53007960600,0.182288
53007960700,0.021953
53007960801,0.005697
53007960803,0.00577
53007960804,0.0609
53007961001,0.004761
53007961002,0.120263
53007961101,0.006703
53007961102,0.005615
53007961200,0.034722
53007961301,0.011773
53007961303,0.003866
53007961304,0.006102
53013960200,0.028558
53017950101,0.077205
53017950102,0.148197
53017950200,0.10043
53017950300,0.024671
53017950400,0.024107
53017950500,0.01211
53017950600,0.007311
53017950700,0.003286
53017950800,0.010726
53019940000,0.039392
53019970100,0.125606
53019970200,0.126164
53021020101,0.177582
53021020102,0.046429
53021020103,0.034071
53021020201,0.007867
53021020202,0.00604
53021020300,0.014079
53021020401,0.029393
53021020402,0.009082
53021020403,0.008426
53021020404,0.011157
53021020501,0.090234
53021020503,0.021768
53021020504,0.011912
53021020603,0.004503
53021020605,0.027377
53021020606,0.015717
53021020607,0.004172
53021020608,0.035403
53021020700,0.205318
53021020801,0.15251
53021020802,0.156256
53021980100,0.014726
53023970300,0.05435
53025010100,0.135608
53025010200,0.026545
53025010300,0.211967
53025010401,0.177086
53025010402,0.052474
53025010500,0.06005
53025010600,0.134514
53025010700,0.128589
53025010800,0.019064
53025010901,0.031169
53025010903,0.022474
53025010904,0.006185
53025011001,0.094589
53025011002,0.021671
53025011101,0.110903
53025011102,0.107129
53025011200,0.060803
53025011300,0.086987
53025011401,0.161794
53025011403,0.009518
53025011404,0.134587
53025011405,0.317473
53025011406,0.052778
53033031502,0.179017
53033032706,0.075727
53033032800,0.100038
53037975101,0.080644
53037975102,0.073949
53037975103,0.086683
53037975104,0.151557
53037975201,0.063861
53037975202,0.028158
53037975203,0.231607
53037975300,0.085891
53037975402,0.09347
53037975403,0.004675
53037975404,0.034215
53037975500,0.054897
53037975600,0.065525
53037975700,0.134124
53039950101,0.070543
53039950102,0.093544
53039950103,0.242155
53039950200,0.100444
53039950302,0.085287
53041972000,0.061935
53043960100,0.19983
53043960200,0.121343
53043960300,0.082657
53043960400,0.100819
53047940100,0.153448
53047940200,0.093708
53047970301,0.015996
53047970302,0.164168
53047970303,0.132382
53047970400,0.075006
53047970500,0.147552
53047970601,0.100891
53047970602,0.191985
53047970700,0.095838
53047970800,0.040503
53047970900,0.07461
53047971000,0.110391
53051970100,0.094464
53051970200,0.097166
53051970300,0.052434
53051970400,0.046257
53051970500,0.073101
53053070100,0.124674
53057951101,0.197171
53057951102,0.10914
53057951200,0.036506
53059950100,0.064553
53059950400,0.126876
53061053606,0.01199
53061053700,0.025558
53061053801,0.060662
53061053803,0.082136
53063000201,0.030678
53063000202,0.013099
53063000301,0.007414
53063000302,0.02857
53063000400,0.018379
53063000500,0.087061
53063000600,0.004105
53063000700,0.050741
53063000800,0.073552
53063000900,0.040969
53063001000,0.0153
53063001100,0.006476
53063001200,0.054688
53063001300,0.052769
53063001400,0.035974
53063001500,0.133712
53063001600,0.004456
53063001800,0.248384
53063001900,0.017049
53063002000,0.138095
53063002100,0.193222
53063002300,0.008551
53063002400,0.006955
53063002501,0.042168
53063002502,0.009876
53063002503,0.055468
53063002600,0.018311
53063002900,0.001905
53063003000,0.008448
53063003100,0.014011
53063003200,0.006791
53063003500,0.047128
53063003601,0.006374
53063003602,0.007107
53063003800,0.018149
53063003900,0.031315
53063004001,0.023477
53063004002,0.016715
53063004100,0.008322
53063004200,0.007407
53063004300,0.005022
53063004400,0.016763
53063004500,0.010923
53063004601,0.009727
53063004602,0.002391
53063004701,0.010498
53063004702,0.025743
53063004800,0.006054
53063004900,0.068522
53063005000,0.009209
53063010101,0.187564
53063010102,0.389527
53063010201,0.076497
53063010203,0.010016
53063010204,0.072268
53063010301,0.018354
53063010303,0.036823
53063010304,0.084313
53063010305,0.221073
53063010401,0.084411
53063010403,0.070893
53063010404,0.01001
53063010504,0.237161
53063010505,0.183154
53063010506,0.006188
53063010507,0.074446
53063010508,0.021138
53063010601,0.148351
53063010603,0.026042
53063010604,0.004341
53063010701,0.031778
53063010702,0.00252
53063010800,0.059594
53063010901,0.07605
53063010902,0.009122
53063011000,0.070142
53063011102,0.011391
53063011103,0.021114
53063011104,0.024513
53063011202,0.011199
53063011203,0.00851
53063011204,0.04451
53063011301,0.00505
53063011302,0.019785
53063011400,0.007915
53063011500,0.34416
53063011600,0.231312
53063011701,0.103922
53063011702,0.025671
53063011800,0.116746
53063011900,0.140622
53063012000,0.04057
53063012100,0.038133
53063012200,0.044153
53063012300,0.095466
53063012401,0.043411
53063012402,0.085615
53063012500,0.126827
53063012600,0.257126
53063012701,0.282721
53063012702,0.313289
53063012801,0.141383
53063012802,0.004676
53063012901,0.020224
53063012902,0.019416
53063013001,0.005918
53063013002,0.027749
53063013003,0.006218
53063013101,0.011318
53063013102,0.109128
53063013201,0.059675
53063013300,0.112009
53063013401,0.023742
53063013501,0.026042
53063013502,0.064051
53063013503,0.034046
53063013600,0.031742
53063013700,0.015744
53063013800,0.375852
53063013900,0.121874
53063014001,0.084698
53063014002,0.129918
53063014100,0.098252
53063014200,0.08564
53063014300,0.032106
53063014400,0.01903
53063014500,0.069296
53065941000,0.146499
53065950101,0.18217
53065950102,0.124459
53065950200,0.029721
53065950300,0.129827
53065950500,0.125777
53065950600,0.155133
53065950700,0.223293
53065950800,0.130878
53065950900,0.05715
53065951100,0.064419
53065951301,0.062861
53065951302,0.345807
53065951401,0.0507
53065951402,0.05326
53071920000,0.097481
53071920100,0.061815
53071920200,0.015804
53071920302,0.005316
53071920400,0.087225
53071920500,0.021457
53071920600,0.02961
53071920701,0.034465
53071920702,0.010174
53071920801,0.00496
53071920802,0.068685
53071920901,0.008549
53073010103,0.181922
53075000100,0.216073
53075000201,0.196173
53075000202,0.239644
53075000300,0.109397
53075000400,0.3357
53075000500,0.22145
53075000601,0.137258
53075000602,0.204608
53075000700,0.085315
53075000800,0.07139
53075000900,0.039841
53075001000,0.148514
53077000100,0.011564
53077000200,0.007319
53077000301,0.082851
53077000302,0.039884
53077000401,0.007296
53077000402,0.023452
53077000500,0.016561
53077000600,0.008118
53077000700,0.019775
53077000800,0.011947
53077000902,0.0101
53077000903,0.012451
53077000904,0.006299
53077001000,0.011865
53077001100,0.012309
53077001201,0.004476
53077001202,0.009033
53077001300,0.105686
53077001400,0.007914
53077001502,0.013808
53077001503,0.004212
53077001504,0.020248
53077001601,0.03024
53077001602,0.047937
53077001701,0.108324
53077001702,0.009428
53077001801,0.092915
53077001802,0.151948
53077001901,0.107015
53077001902,0.007243
53077002003,0.011796
53077002004,0.032472
53077002005,0.032716
53077002006,0.029692
53077002101,0.124213
53077002103,0.016878
53077002104,0.008353
53077002201,0.008011
53077002202,0.038547
53077002701,0.016323
53077002801,0.017008
53077002803,0.003011
53077002804,0.004313
53077002900,0.006564
53077003002,0.007156
53077003003,0.084742
53077003004,0.097063
53077003100,0.056346
53077003200,0.011241
53077003400,0.016772
53077940001,0.007006
53077940002,0.024476
53077940003,0.109736
53077940005,0.056906
53077940006,0.003069
53077940007,0.004004
53077940008,0.022575
