GEOID,coverage_gap_score
40001376600,0.079864
40001376700,0.078562
40001376800,0.160911
40001376900,0.203332
40001377000,0.16594
40003955600,0.154605
40003955700,0.167542
40003956000,0.15103
40005587600,0.094032
40005587700,0.170266
40005587800,0.210451
40005587900,0.022442
40009966100,0.191605
40009966200,0.224076
40009966800,0.136811
40011958600,0.228443
40011958700,0.209309
40011958800,0.149875
40011958900,0.198999
40011959000,0.192341
40013795600,0.115561
40013795700,0.088614
40013795900,0.044857
40013796002,0.103237
40013796003,0.114336
40013796004,0.344592
40013796101,0.1642
40013796102,0.14941
40013796200,0.151439
40013796300,0.110262
40013796400,0.122191
40013796500,0.107725
40013796600,0.1338
40015161601,0.176167
40015161602,0.169197
40015161700,0.118831
40015161800,0.083964
40015161900,0.047131
40015162000,0.228541
40015162101,0.26634
40015162102,0.250352
40015162200,0.129062
40015162300,0.139745
40017300100,0.253201
40017300201,0.150722
40017300202,0.217621
40017300300,0.317136
40017300400,0.436274
40017300500,0.309449
40017300600,0.2418
40017300701,0.207503
40017300702,0.154825
40017300802,0.339857
40017300803,0.214421
40017300804,0.328018
40017300805,0.211813
40017300806,0.191009
40017300901,0.210662
40017300902,0.243161
40017300904,0.125574
40017300905,0.098755
40017301001,0.13511
40017301003,0.266713
40017301006,0.073773
40017301010,0.27288
40017301011,0.164536
40017301012,0.052824
40017301013,0.042676
40017301014,0.115655
40017301015,0.092085
40017301100,0.128824
40017301201,0.309351
40017301202,0.30264
40017301301,0.167691
40017301302,0.239601
40017301406,0.125979
40017301407,0.220469
40017301408,0.164874
40017301409,0.32409
40017301410,0.285263
40019892100,0.099223
40019892200,0.207839
40019892301,0.173514
40019892302,0.165135
40019892400,0.119229
40019892501,0.256579
40019892502,0.116645
40019892601,0.298998
40019892602,0.1609
40019892700,0.177168
40019892801,0.020034
40019892802,0.197422
40019892900,0.055047
40019893001,0.189948
40019893002,0.087548
40019893100,0.080419
40021977600,0.201759
40021977701,0.213639
40021977702,0.24697
40021977801,0.187429
40021977802,0.124325
40021977901,0.307088
40021977902,0.093813
40021978000,0.074047
40021978100,0.205198
40021978201,0.166688
40021978202,0.162298
40021978301,0.20395
40021978302,0.292411
40023966900,0.090706
40023967000,0.108479
40023967100,0.136448
40023967200,0.192984
40023967300,0.141117
40027200100,0.035658
40027200200,0.100003
40027200300,0.019571
40027200400,0.014377
40027200500,0.025469
40027200602,0.091863
40027200603,0.020122
40027200604,0.249396
40027200700,0.26969
40027200800,0.145924
40027200900,0.02203
40027201000,0.034356
40027201102,0.021219
40027201103,0.049641
40027201104,0.150806
40027201201,0.01036
40027201202,0.030751
40027201204,0.00695
40027201205,0.068065
40027201302,0.155231
40027201303,0.052858
40027201403,0.124332
40027201404,0.099998
40027201405,0.044214
40027201505,0.123743
40027201508,0.028953
40027201509,0.027418
40027201511,0.003705
40027201512,0.07218
40027201513,0.179399
40027201514,0.028102
40027201602,0.2655
40027201603,0.164973
40027201604,0.165555
40027201607,0.016323
40027201609,0.033365
40027201610,0.151965
40027201611,0.02634
40027201612,0.149736
40027201700,0.194354
40027201801,0.012828
40027201802,0.017931
40027201902,0.016278
40027201903,0.096965
40027201904,0.068917
40027202002,0.016249
40027202004,0.062121
40027202005,0.012058
40027202006,0.037598
40027202007,0.243007
40027202008,0.008574
40027202102,0.111565
40027202104,0.115323
40027202105,0.227194
40027202106,0.116477
40027202107,0.284821
40027202201,0.220259
40027202203,0.204493
40027202205,0.011556
40027202207,0.139306
40027202208,0.147414
40027202301,0.296996
40027202302,0.034614
40027202403,0.164357
40027202404,0.184363
40027202405,0.064311
40027202406,0.074599
40027202407,0.306794
40027202501,0.162365
40027202502,0.158471
40027202600,0.09608
40029388100,0.120401
40029388200,0.104025
40031000100,0.096703
40031000200,0.101603
40031000300,0.031549
40031000402,0.063193
40031000403,0.006402
40031000404,0.015128
40031000405,0.045008
40031000503,0.004924
40031000504,0.011147
40031000505,0.021008
40031000506,0.05655
40031000600,0.021465
40031000700,0.00582
40031000800,0.019204
40031000900,0.008621
40031001000,0.011606
40031001100,0.006692
40031001400,0.024447
40031001500,0.012958
40031001600,0.013168
40031001700,0.008892
40031001901,0.139083
40031001902,0.182034
40031002001,0.01523
40031002003,0.189432
40031002004,0.166494
40031002005,0.042082
40031002101,0.140976
40031002102,0.132885
40031002201,0.156904
40031002202,0.166485
40031002301,0.106755
40031002302,0.032257
40031002401,0.290437
40031002403,0.21233
40031002405,0.112121
40031002406,0.030965
40031002500,0.033934
40033871100,0.114756
40033871200,0.238616
40035373100,0.107673
40035373200,0.1512
40035373300,0.16946
40035373400,0.187332
40035373500,0.141941
40037020101,0.283781
40037020102,0.220023
40037020103,0.162498
40037020602,0.171051
40037020603,0.21428
40037020604,0.130951
40037020702,0.167102
40037020704,0.204471
40037020705,0.310937
40037020706,0.185965
40037020707,0.238779
40037020800,0.120501
40037020900,0.242462
40037021000,0.160011
40037021101,0.171545
40037021102,0.141556
40037021201,0.167902
40037021202,0.229502
40037021300,0.286784
40037021401,0.208268
40037021402,0.244722
40037021500,0.125311
40037021600,0.415133
40039950800,0.194829
40039960401,0.203164
40039960402,0.148698
40039960600,0.166453
40039960701,0.131017
40039960702,0.333677
40039961000,0.087482
40041375601,0.252167
40041375602,0.376573
40041375701,0.231668
40041375702,0.192841
40041375803,0.108613
40041375804,0.310168
40041375805,0.440243
40041375806,0.188504
40041375901,0.259581
40041375902,0.13068
40041376000,0.230413
40041376100,0.197846
40041976200,0.234
40043959100,0.178382
40043959200,0.201063
40043959300,0.152315
40045952600,0.141147
40045952800,0.206372
40047000101,0.078577
40047000102,0.144737
40047000200,0.305066
40047000601,0.256386
40047000602,0.330697
40047000701,0.011634
40047000702,0.134775
40047001100,0.199605
40047001200,0.086103
40047001301,0.207392
40047001302,0.207342
40047001401,0.267079
40047001402,0.31939
40047001500,0.256941
40047001602,0.128624
40047001603,0.221063
40047001604,0.256449
40049681100,0.151801
40049681200,0.139653
40049681300,0.139525
40049681400,0.16319
40049681500,0.130578
40049681600,0.056627
40049681700,0.105453
40049681800,0.144119
40049681900,0.15734
40051000100,0.265888
40051000400,0.126546
40051000501,0.010391
40051000502,0.160512
40051000600,0.186225
40051000701,0.055763
40051000702,0.130394
40051000801,0.197871
40051000802,0.185047
40051000901,0.172255
40051000902,0.193069
40051000904,0.36095
40051000905,0.171462
40051000906,0.130212
40051001000,0.262398
40053956400,0.288556
40053956500,0.10436
40055967100,0.206131
40055967200,0.145746
40059952100,0.093355
40059952200,0.116323
40061279100,0.070273
40061279200,0.202384
40061279300,0.104731
40061279400,0.110512
40063484600,0.07064
40063484700,0.130196
40063484800,0.159699
40063484900,0.134424
40063485000,0.214336
40065968100,0.089663
40065968200,0.210186
40065968300,0.169808
40065968400,0.209635
40065968500,0.091256
40065968600,0.229422
40065968700,0.331274
40065968800,0.338532
40067371600,0.084328
40067371700,0.10995
40067371800,0.09902
40069660198,0.114147
40069660201,0.212509
40069660202,0.355256
40069660300,0.191796
40071000100,0.026942
40071000201,0.122809
40071000202,0.056707
40071000300,0.051235
40071000400,0.209928
40071000500,0.070987
40071000600,0.148246
40071001100,0.218252
40071001200,0.194466
40071001301,0.328069
40071001302,0.165763
40073958100,0.144446
40073958200,0.107884
40073958300,0.189651
40073958400,0.155683
40075963600,0.078656
40075963700,0.103486
40075964200,0.082956
40077087100,0.095874
40077087200,0.17949
40077087300,0.207446
40079040102,0.174668
40079040198,0.176942
40079040299,0.126449
40079040301,0.141641
40079040302,0.060877
40079040303,0.157817
40079040401,0.194743
40079040402,0.231847
40079040500,0.155535
40079040601,0.203717
40079040602,0.212184
40079040700,0.164601
40081961100,0.179253
40081961200,0.084135
40081961300,0.126976
40081961401,0.147277
40081961402,0.050564
40081961500,0.27023
40081961600,0.14229
40081961700,0.165536
40083600101,0.152263
40083600200,0.234582
40083600300,0.208683
40083600401,0.223666
40083600402,0.036296
40083600501,0.174258
40083600502,0.287213
40083600600,0.187021
40083600700,0.204295
40083600801,0.118226
40083600802,0.170304
40083600903,0.148788
40083601000,0.214402
40085094100,0.231932
40085094200,0.13372
40085094300,0.206894
40087400103,0.148367
40087400104,0.175326
40087400105,0.184402
40087400106,0.22964
40087400201,0.098274
40087400203,0.094254
40087400204,0.173155
40087400300,0.203473
40087400400,0.136048
40089098200,0.07036
40089098300,0.146165
40089098400,0.083331
40089098501,0.194735
40089098502,0.127334
40089098600,0.139958
40089098700,0.084086
40089098800,0.182053
40089098900,0.165084
40091779601,0.225039
40091779602,0.230156
40091779700,0.124586
40091779900,0.179309
40091780100,0.212369
40091780200,0.136885
40091780301,0.08309
40091780302,0.146381
40093955100,0.208076
40093955200,0.094159
40093955300,0.196945
40095094698,0.174294
40095094700,0.194592
40095094803,0.147244
40095094804,0.47657
40095094805,0.224704
40095094806,0.351592
40097040100,0.185281
40097040200,0.164183
40097040300,0.094524
40097040400,0.119047
40097040501,0.185492
40097040502,0.2017
40097040600,0.18095
40097040700,0.130465
40097040801,0.189636
40097040802,0.094786
40099790600,0.071073
40099790701,0.09848
40099790702,0.124655
40099790801,0.235393
40099790802,0.186903
40101000100,0.219451
40101000200,0.235416
40101000300,0.227355
40101000400,0.200537
40101000600,0.14686
40101000700,0.175376
40101000801,0.017527
40101000802,0.140212
40101000901,0.137834
40101000902,0.025088
40101001000,0.202869
40101001100,0.065262
40101001200,0.269668
40101001301,0.171096
40101001302,0.193558
40101001401,0.231485
40101001402,0.117675
40101001501,0.147191
40101001502,0.057162
40101001600,0.220761
40103956600,0.130597
40103956900,0.251346
40103957000,0.235907
40103957100,0.195061
40105172100,0.069589
40105172200,0.079974
40105172300,0.09921
40105172400,0.100583
40107080600,0.12339
40107080700,0.082591
40107080900,0.16412
40107081000,0.140357
40109100100,0.010353
40109100201,0.012231
40109100202,0.216517
40109100203,0.013225
40109100300,0.095107
40109100400,0.009489
40109100500,0.126616
40109100800,0.082716
40109100900,0.018679
40109101000,0.057202
40109101100,0.254189
40109101200,0.193101
40109101300,0.092254
40109101400,0.020671
40109101500,0.039886
40109101800,0.284868
40109101900,0.044973
40109102000,0.04541
40109102100,0.050574
40109102200,0.041075
40109102300,0.015299
40109102400,0.021403
40109102500,0.147753
40109103200,0.078491
40109103300,0.010769
40109103900,0.012245
40109104100,0.011129
40109104200,0.080877
40109104300,0.064128
40109104400,0.020223
40109104500,0.014309
40109104600,0.006999
40109104700,0.015329
40109104800,0.154053
40109104900,0.026286
40109105000,0.022827
40109105101,0.052891
40109105201,0.009215
40109105202,0.010512
40109105300,0.17029
40109105400,0.055664
40109105500,0.021769
40109105600,0.051778
40109105903,0.200956
40109105904,0.092418
40109105905,0.044434
40109105906,0.012492
40109105907,0.042236
40109106000,0.074581
40109106100,0.08729
40109106200,0.096369
40109106301,0.005807
40109106302,0.034456
40109106303,0.011791
40109106401,0.050456
40109106402,0.066569
40109106403,0.013704
40109106501,0.01968
40109106502,0.095582
40109106503,0.035762
40109106601,0.153581
40109106602,0.180575
40109106606,0.050525
40109106607,0.021848
40109106608,0.096051
40109106609,0.135997
40109106610,0.015516
40109106611,0.051545
40109106702,0.013333
40109106704,0.170366
40109106705,0.178623
40109106706,0.020603
40109106708,0.021484
40109106709,0.018555
40109106710,0.020616
40109106801,0.213134
40109106802,0.210909
40109106803,0.226892
40109106804,0.079856
40109106902,0.041909
40109106903,0.127821
40109106906,0.0476
40109106907,0.005664
40109106909,0.034342
40109106910,0.007845
40109106911,0.006201
40109106912,0.013493
40109106913,0.07194
40109106914,0.021281
40109106916,0.021419
40109106917,0.020793
40109107001,0.073186
40109107002,0.127311
40109107101,0.223987
40109107103,0.032959
40109107104,0.153314
40109107206,0.045018
40109107207,0.0304
40109107212,0.140798
40109107213,0.109556
40109107214,0.151459
40109107215,0.029867
40109107216,0.006128
40109107217,0.010923
40109107218,0.009456
40109107219,0.007903
40109107220,0.018636
40109107221,0.030065
40109107222,0.01778
40109107223,0.018921
40109107224,0.041785
40109107225,0.008289
40109107226,0.012968
40109107302,0.064932
40109107303,0.037126
40109107305,0.005837
40109107306,0.017093
40109107401,0.057428
40109107404,0.042643
40109107405,0.072838
40109107406,0.07157
40109107407,0.158987
40109107601,0.095504
40109107604,0.015998
40109107605,0.004228
40109107608,0.007382
40109107703,0.013956
40109107704,0.017275
40109107705,0.019899
40109107706,0.006007
40109107707,0.016091
40109107801,0.016113
40109107804,0.02458
40109107805,0.15687
40109107806,0.057442
40109107807,0.004922
40109107808,0.026126
40109107809,0.007005
40109107810,0.011855
40109107900,0.279814
40109108003,0.02383
40109108005,0.095473
40109108006,0.011273
40109108007,0.013127
40109108008,0.032886
40109108009,0.039745
40109108010,0.023573
40109108011,0.018085
40109108101,0.349979
40109108106,0.216415
40109108107,0.203871
40109108109,0.187064
40109108110,0.179114
40109108113,0.196718
40109108114,0.207102
40109108201,0.141542
40109108203,0.007956
40109108204,0.040909
40109108207,0.13942
40109108208,0.01331
40109108215,0.051453
40109108216,0.034508
40109108217,0.014792
40109108222,0.017253
40109108223,0.025472
40109108224,0.030773
40109108225,0.046224
40109108226,0.020886
40109108227,0.004337
40109108228,0.035602
40109108229,0.026836
40109108230,0.010061
40109108231,0.009223
40109108232,0.01424
40109108233,0.013875
40109108234,0.018433
40109108235,0.017555
40109108236,0.023342
40109108237,0.032511
40109108238,0.036621
40109108301,0.012295
40109108302,0.050039
40109108304,0.117868
40109108307,0.01364
40109108309,0.020251
40109108310,0.005241
40109108314,0.028402
40109108317,0.014648
40109108318,0.024271
40109108319,0.067233
40109108320,0.012113
40109108321,0.019329
40109108322,0.037055
40109108323,0.048959
40109108324,0.011231
40109108325,0.028853
40109108326,0.022702
40109108402,0.03952
40109108403,0.025879
40109108404,0.005391
40109108506,0.107206
40109108507,0.152839
40109108508,0.21068
40109108513,0.034831
40109108514,0.107362
40109108515,0.054201
40109108520,0.061622
40109108521,0.241772
40109108523,0.038276
40109108524,0.018074
40109108525,0.017772
40109108526,0.074826
40109108527,0.049542
40109108528,0.006283
40109108529,0.005816
40109108530,0.021892
40109108531,0.038557
40109108532,0.253026
40109108533,0.249946
40109108534,0.043811
40109108535,0.019097
40109108536,0.020671
40109108537,0.016424
40109108538,0.076754
40109108603,0.144093
40109108604,0.044038
40109108701,0.201031
40109108706,0.028292
40109108707,0.019541
40109108708,0.164086
40109108709,0.177722
40109108710,0.040909
40109108711,0.030959
40109108712,0.215428
40109108713,0.280838
40109108802,0.196575
40109108803,0.038574
40109108804,0.045614
40109108805,0.164839
40109108806,0.006199
40109108807,0.025355
40109108900,0.39997
40109109001,0.212092
40109109003,0.14786
40109109004,0.152778
40109109202,0.250447
40109109203,0.307526
40109109204,0.27097
40109109205,0.193529
40109109300,0.17522
40109109400,0.01808
40109109500,0.033444
40109109600,0.032023
40109109700,0.040407
40109109800,0.106329
40109109900,0.013361
40109110000,0.007891
40109980001,0.050602
40109980002,0.201277
40109980003,0.051758
40109980004,0.044566
40109980005,0.022946
40109980006,0.052734
40109980007,0.172693
40109980008,0.021729
40109980009,0.369876
40111000100,0.162687
40111000200,0.194439
40111000300,0.211289
40111000400,0.172849
40111000500,0.228746
40111000601,0.147196
40111000602,0.123404
40111000700,0.070998
40111000800,0.171355
40111000901,0.232048
40111000902,0.245409
40113940001,0.168747
40113940003,0.223346
40113940004,0.16567
40113940005,0.151092
40113940006,0.008202
40113940007,0.260764
40113940008,0.171397
40113940009,0.223831
40113940011,0.198134
40113940012,0.21967
40113940013,0.306432
40113940014,0.421303
40113940015,0.183094
40115574100,0.170078
40115574200,0.30801
40115574300,0.233364
40115574400,0.282951
40115574500,0.3377
40115574600,0.202066
40115574700,0.231472
40115574800,0.147598
40115574900,0.169941
40117957100,0.194583
40117957200,0.186242
40117957300,0.173644
40117957400,0.19967
40117957500,0.173952
40119010101,0.130368
40119010102,0.073602
40119010201,0.026815
40119010202,0.030834
40119010300,0.099874
40119010400,0.143675
40119010501,0.177963
40119010502,0.066407
40119010503,0.126799
40119010600,0.21431
40119010700,0.062228
40119010800,0.266785
40119010901,0.098951
40119010902,0.216958
40119011001,0.175191
40119011002,0.199962
40119011101,0.232371
40119011103,0.266619
40119011104,0.246492
40119011200,0.200099
40119011301,0.169281
40119011302,0.034997
40119011400,0.190566
40121485601,0.371384
40121485602,0.309992
40121485700,0.162454
40121485800,0.120118
40121485900,0.249932
40121486000,0.175698
40121486100,0.083166
40121486200,0.236613
40121486300,0.278568
40121486400,0.164501
40121486500,0.126015
40121486600,0.182322
40121486700,0.133695
40121486800,0.189221
40123088600,0.184464
40123088700,0.162022
40123088801,0.275358
40123088802,0.106527
40123088900,0.244915
40123089000,0.232364
40123089100,0.075566
40123089200,0.042926
40123089300,0.126567
40123089598,0.140478
40123089600,0.220381
40125500200,0.158857
40125500301,0.22697
40125500302,0.311283
40125500400,0.392223
40125500500,0.2559
40125500600,0.383179
40125500700,0.226457
40125500800,0.279626
40125500901,0.160701
40125500902,0.22728
40125501003,0.101839
40125501004,0.21641
40125501005,0.179877
40125501006,0.272681
40125501101,0.143267
40125501103,0.139628
40125501104,0.294058
40125501105,0.288457
40125501201,0.239149
40125501300,0.181614
40127097600,0.14562
40127097701,0.137147
40127097702,0.147808
40127097800,0.114074
40129960000,0.08246
40131050101,0.206206
40131050103,0.351022
40131050104,0.269874
40131050105,0.175364
40131050201,0.262272
40131050202,0.20989
40131050203,0.226915
40131050301,0.205259
40131050302,0.280171
40131050303,0.271945
40131050304,0.219746
40131050403,0.294095
40131050404,0.243282
40131050405,0.207812
40131050406,0.132039
40131050407,0.169646
40131050408,0.255408
40131050409,0.225707
40131050501,0.162527
40131050502,0.167892
40131050601,0.219371
40131050602,0.264578
40131050603,0.279345
40131050604,0.16466
40131050701,0.242901
40131050702,0.228398
40131050801,0.129795
40131050802,0.082864
40133583100,0.139092
40133583200,0.24983
40133583300,0.280336
40133583400,0.197886
40133583500,0.047828
40133583600,0.161918
40133583700,0.175874
40133583800,0.181985
40133583900,0.156447
40135030101,0.087929
40135030103,0.235834
40135030105,0.133271
40135030106,0.242815
40135030201,0.160247
40135030202,0.138266
40135030301,0.191868
40135030303,0.368785
40135030304,0.173929
40135030401,0.1943
40135030403,0.18321
40135030404,0.188659
40137000101,0.030647
40137000102,0.083445
40137000200,0.205183
40137000300,0.190851
40137000400,0.303071
40137000600,0.067509
40137000800,0.139744
40137000901,0.147454
40137000902,0.167728
40137001000,0.057444
40137001100,0.148852
40141070100,0.191263
40141070200,0.144287
40141070300,0.109146
40141070400,0.34074
40141070500,0.136882
40143000200,0.1278
40143000300,0.015056
40143000400,0.00804
40143000500,0.120174
40143000800,0.007976
40143000900,0.004867
40143001000,0.082327
40143001200,0.05802
40143001300,0.031303
40143001400,0.088419
40143001500,0.018347
40143001600,0.124025
40143001700,0.186923
40143001800,0.188236
40143001900,0.229335
40143002000,0.165856
40143002100,0.08211
40143002301,0.146393
40143002500,0.061537
40143002700,0.103252
40143002900,0.156689
40143003000,0.193669
40143003100,0.044008
40143003200,0.033586
40143003300,0.022327
40143003400,0.187013
40143003500,0.186624
40143003600,0.115805
40143003700,0.02442
40143003800,0.041745
40143003900,0.094502
40143004000,0.015815
40143004101,0.02645
40143004200,0.086797
40143004301,0.020615
40143004302,0.015276
40143004400,0.06654
40143004500,0.034253
40143004600,0.107781
40143004700,0.150448
40143004800,0.106764
40143004900,0.174464
40143005001,0.023029
40143005002,0.147605
40143005100,0.055141
40143005200,0.0467
40143005300,0.007405
40143005401,0.088067
40143005403,0.15676
40143005404,0.149703
40143005500,0.210416
40143005600,0.229689
40143005700,0.231437
40143005801,0.025593
40143005805,0.036143
40143005808,0.045815
40143005809,0.024154
40143005810,0.151789
40143005811,0.116451
40143005812,0.008265
40143005813,0.020211
40143005900,0.113246
40143006000,0.096216
40143006200,0.006486
40143006506,0.200492
40143006507,0.233373
40143006600,0.160386
40143006701,0.135825
40143006703,0.024356
40143006708,0.058186
40143006709,0.088212
40143006710,0.069842
40143006711,0.023231
40143006712,0.114612
40143006713,0.069002
40143006801,0.020633
40143006803,0.095314
40143006804,0.107981
40143006901,0.018988
40143006902,0.014033
40143006903,0.023657
40143006905,0.016222
40143006906,0.07455
40143006907,0.029909
40143007000,0.058711
40143007101,0.015097
40143007102,0.025865
40143007200,0.192487
40143007304,0.070159
40143007306,0.018812
40143007308,0.192011
40143007309,0.166135
40143007310,0.06588
40143007311,0.024149
40143007312,0.044018
40143007313,0.102907
40143007314,0.06425
40143007402,0.013207
40143007408,0.023436
40143007409,0.014429
40143007410,0.051658
40143007411,0.033965
40143007412,0.007635
40143007413,0.009666
40143007414,0.025275
40143007415,0.112673
40143007416,0.013793
40143007417,0.116915
40143007503,0.013599
40143007507,0.013369
40143007510,0.02531
40143007511,0.009977
40143007512,0.022499
40143007518,0.009591
40143007519,0.005232
40143007520,0.007724
40143007522,0.03537
40143007523,0.028145
40143007525,0.024644
40143007526,0.036727
40143007527,0.023524
40143007528,0.072282
40143007529,0.014625
40143007530,0.064743
40143007531,0.045127
40143007532,0.010783
40143007533,0.034519
40143007534,0.028229
40143007535,0.103315
40143007536,0.008683
40143007608,0.024152
40143007611,0.043237
40143007612,0.004276
40143007613,0.025128
40143007614,0.068516
40143007615,0.011319
40143007616,0.041996
40143007617,0.016472
40143007619,0.009269
40143007629,0.089293
40143007630,0.137299
40143007631,0.013754
40143007632,0.02654
40143007633,0.045628
40143007634,0.032578
40143007636,0.119113
40143007638,0.024292
40143007639,0.024715
40143007641,0.026583
40143007642,0.045573
40143007643,0.0349
40143007644,0.010117
40143007645,0.013587
40143007646,0.241339
40143007647,0.031356
40143007648,0.053445
40143007649,0.053936
40143007650,0.156046
40143007651,0.275963
40143007652,0.159912
40143007653,0.034548
40143007654,0.024641
40143007655,0.175838
40143007656,0.076048
40143007703,0.164801
40143007704,0.162659
40143007705,0.141729
40143007706,0.010265
40143007707,0.156564
40143007801,0.207372
40143007803,0.197793
40143007804,0.351676
40143007900,0.120864
40143008001,0.258774
40143008002,0.014284
40143008200,0.058014
40143008300,0.189623
40143008400,0.010145
40143008501,0.034973
40143008502,0.063785
40143008600,0.027395
40143008700,0.030497
40143008800,0.045909
40143008900,0.109337
40143009006,0.01013
40143009008,0.055704
40143009010,0.005699
40143009011,0.0781
40143009012,0.027711
40143009013,0.02381
40143009014,0.020013
40143009015,0.034754
40143009016,0.02397
40143009017,0.010966
40143009018,0.017113
40143009019,0.023424
40143009020,0.005989
40143009021,0.018495
40143009101,0.28835
40143009104,0.25016
40143009200,0.159134
40143009300,0.216778
40143009401,0.166346
40143009403,0.07813
40143009404,0.158537
40143009500,0.17471
40143011300,0.015838
40143011400,0.008752
40145030101,0.134922
40145030102,0.15503
40145030201,0.318954
40145030202,0.102807
40145030300,0.130104
40145030402,0.073663
40145030403,0.254047
40145030406,0.027437
40145030407,0.024318
40145030408,0.166798
40145030502,0.068971
40145030505,0.024428
40145030506,0.097442
40145030507,0.006854
40145030508,0.162706
40145030509,0.018697
40145030510,0.156821
40145030511,0.099955
40145030512,0.180323
40145030601,0.022114
40145030603,0.167559
40145030604,0.248764
40145030605,0.07582
40145030798,0.126949
40145030800,0.149882
40147000100,0.044167
40147000200,0.159366
40147000300,0.061998
40147000400,0.188102
40147000500,0.007947
40147000601,0.285907
40147000602,0.314053
40147000700,0.199108
40147000800,0.232028
40147000900,0.01727
40147001000,0.097175
40147001100,0.128649
40147001200,0.161643
40147001300,0.122324
40149964900,0.196776
40149965000,0.203184
40149965100,0.15451
40149965400,0.147211
40151954201,0.126972
40151954202,0.171162
40151954300,0.287082
40151954400,0.162418
40153953100,0.081849
40153953200,0.20648
40153953300,0.162936
40153953400,0.185312
40153953500,0.328503
04001944902,0.026515
04001945100,0.090348
04001970201,0.213495
04001970202,0.078983
04001970300,0.224135
04001970501,0.149632
04001970502,0.181903
04003000101,0.057896
04003000102,0.186009
04003000201,0.070164
04003000202,0.091531
04003000203,0.134853
04003000301,0.118223
04003000303,0.113724
04003000304,0.144644
04003000305,0.32807
04003000400,0.053697
04003000501,0.088186
04003000502,0.125371
04003000503,0.295753
04003000600,0.099948
04003000700,0.308649
04003000800,0.060592
04003000901,0.017555
04003000902,0.204471
04003001000,0.164241
04003001100,0.113778
04003001200,0.099884
04003001301,0.028478
04003001302,0.077286
04003001401,0.022625
04003001402,0.040559
04003001501,0.028993
04003001502,0.021305
04003001601,0.007666
04003001602,0.037938
04003001701,0.127042
04003001702,0.012042
04003001703,0.266524
04003001801,0.015599
04003001802,0.005346
04003001900,0.175808
04003002001,0.102837
04003002002,0.022451
04003002100,0.012683
04005000200,0.02333
04005000601,0.02409
04005000602,0.10731
04005000700,0.245375
04005000800,0.035396
04005000901,0.037815
04005000902,0.007351
04005001000,0.038233
04005001101,0.015704
04005001103,0.195966
04005001104,0.196042
04005001201,0.172363
04005001302,0.119829
04005001500,0.143959
04005001601,0.146945
04005001602,0.166679
04005001700,0.156524
04005002201,0.160723
04005002202,0.048411
04005002302,0.133845
04005945100,0.037348
04005980100,0.518045
04005980200,0.072281
04007000100,0.173828
04007000200,0.17405
04007000301,0.20101
04007000302,0.184061
04007000400,0.171812
04007000500,0.221987
04007000600,0.309187
04007000700,0.210549
04007000800,0.342456
04007000900,0.095721
04007001000,0.171684
04007001100,0.138351
04007001200,0.216634
04007001300,0.120645
04007940200,0.096387
04007940400,0.029039
04009940500,0.061874
04009961100,0.265798
04009961201,0.060167
04009961202,0.351424
04009961300,0.105545
04009961400,0.27442
04009961500,0.137649
04009961600,0.229187
04009961700,0.243985
04011960100,0.097843
04011960200,0.114789
04011960300,0.091861
04012020101,0.103865
04012020102,0.08834
04013010102,0.137078
04013010103,0.248836
04013010104,0.033842
04013030401,0.136843
04013030402,0.017123
04013040502,0.065377
04013040506,0.02294
04013040507,0.049057
04013040512,0.03854
04013040513,0.161377
04013040514,0.02234
04013040515,0.058781
04013040516,0.014486
04013040522,0.055452
04013040523,0.074747
04013040524,0.07676
04013040525,0.062093
04013040526,0.025132
04013040527,0.168556
04013040528,0.059591
04013040529,0.201426
04013040530,0.010322
04013040531,0.069729
04013040532,0.022469
04013040533,0.010051
04013040534,0.01882
04013040535,0.028424
04013040536,0.005445
04013040537,0.039876
04013040538,0.011948
04013040539,0.03978
04013040540,0.08852
04013040541,0.06744
04013050603,0.286365
04013050604,0.305826
04013050609,0.059812
04013050611,0.00689
04013050612,0.006803
04013050613,0.138871
04013050614,0.021891
04013050615,0.008518
04013050616,0.008822
04013050617,0.027137
04013050618,0.008645
04013050619,0.009993
04013050620,0.014133
04013050621,0.025766
04013050701,0.088701
04013050702,0.074596
04013060801,0.069272
04013060802,0.010637
04013060901,0.011011
04013060902,0.039627
04013060903,0.116581
04013060904,0.331628
04013061010,0.125477
04013061011,0.037299
04013061013,0.019117
04013061014,0.028013
04013061015,0.017391
04013061017,0.019338
04013061018,0.010878
04013061020,0.008643
04013061021,0.010162
04013061024,0.060337
04013061026,0.002544
04013061027,0.01531
04013061028,0.010552
04013061029,0.00616
04013061031,0.01355
04013061032,0.003067
04013061033,0.007019
04013061034,0.015416
04013061035,0.050031
04013061036,0.002791
04013061037,0.007158
04013061038,0.007321
04013061039,0.03125
04013061040,0.019297
04013061041,0.002929
04013061042,0.017101
04013061043,0.004531
04013061044,0.008203
04013061045,0.016385
04013061046,0.052432
04013061047,0.015854
04013061048,0.010846
04013061049,0.002623
04013061050,0.033261
04013061051,0.009897
04013061052,0.003857
04013061053,0.007783
04013061054,0.075195
04013061055,0.004575
04013061056,0.00274
04013061057,0.004639
04013061058,0.007032
04013061059,0.010554
04013061060,0.012465
04013061061,0.001503
04013061062,0.007324
04013061063,0.028494
04013061064,0.007227
04013061100,0.265063
04013061200,0.010235
04013061300,0.039817
04013061401,0.089548
04013061402,0.2405
04013071503,0.049656
04013071504,0.026948
04013071505,0.043667
04013071506,0.033705
04013071509,0.015661
04013071510,0.01654
04013071511,0.07194
04013071512,0.010568
04013071513,0.044743
04013071514,0.013604
04013071515,0.049105
04013071516,0.021947
04013071517,0.009054
04013071600,0.261735
04013071701,0.022736
04013071702,0.018124
04013071801,0.008755
04013071802,0.045544
04013071903,0.012745
04013071906,0.041582
04013071909,0.012173
04013071910,0.005336
04013071911,0.00418
04013071912,0.02245
04013071913,0.006134
04013071914,0.004718
04013071915,0.042969
04013082002,0.004924
04013082007,0.010895
04013082008,0.034501
04013082009,0.013025
04013082010,0.010125
04013082012,0.011051
04013082016,0.006051
04013082017,0.017904
04013082018,0.00312
04013082019,0.006205
04013082020,0.010829
04013082021,0.036246
04013082022,0.002601
04013082023,0.087244
04013082024,0.009041
04013082025,0.103588
04013082026,0.007214
04013082027,0.044636
04013082028,0.006107
04013082204,0.014838
04013082205,0.014702
04013082206,0.005872
04013082207,0.009196
04013082208,0.012004
04013082209,0.178973
04013082210,0.010946
04013082211,0.080714
04013082212,0.007772
04013082213,0.002608
04013083000,0.009896
04013092305,0.00793
04013092306,0.025174
04013092307,0.029826
04013092308,0.005353
04013092309,0.008041
04013092311,0.030924
04013092312,0.016885
04013092401,0.013615
04013092402,0.005109
04013092500,0.004465
04013092600,0.014787
04013092705,0.025952
04013092708,0.006755
04013092709,0.005554
04013092710,0.014674
04013092711,0.005814
04013092712,0.008048
04013092713,0.002832
04013092715,0.017013
04013092716,0.004674
04013092717,0.028143
04013092718,0.005927
04013092719,0.014472
04013092720,0.019828
04013092721,0.003662
04013092723,0.004244
04013092724,0.041687
04013092801,0.007753
04013092802,0.054039
04013092900,0.005546
04013093001,0.005312
04013093002,0.004608
04013093101,0.012259
04013093104,0.027331
04013093105,0.004411
04013093106,0.043484
04013093200,0.033203
04013103205,0.024158
04013103206,0.002892
04013103207,0.010069
04013103208,0.074706
04013103209,0.023511
04013103210,0.014213
04013103211,0.021811
04013103212,0.008076
04013103214,0.00474
04013103215,0.018782
04013103216,0.018531
04013103217,0.008406
04013103219,0.097441
04013103220,0.043015
04013103302,0.010169
04013103303,0.005859
04013103304,0.009427
04013103305,0.051493
04013103306,0.016684
04013103400,0.01219
04013103501,0.008405
04013103502,0.011057
04013103604,0.074091
04013103605,0.005597
04013103606,0.013643
04013103607,0.05864
04013103608,0.016683
04013103609,0.005195
04013103611,0.013582
04013103612,0.011796
04013103614,0.010019
04013103615,0.018421
04013103701,0.022341
04013103702,0.055749
04013103900,0.011089
04013104000,0.00519
04013104100,0.003262
04013104202,0.006721
04013104203,0.007529
04013104204,0.0077
04013104205,0.005389
04013104206,0.008155
04013104207,0.004186
04013104212,0.008439
04013104214,0.007217
04013104215,0.010726
04013104216,0.006033
04013104217,0.014263
04013104218,0.009096
04013104219,0.005114
04013104221,0.014406
04013104222,0.005545
04013104223,0.010417
04013104224,0.00654
04013104225,0.011816
04013104226,0.020441
04013104227,0.040711
04013104301,0.012087
04013104302,0.012256
04013104401,0.015664
04013104402,0.013457
04013104501,0.029556
04013104502,0.012763
04013104600,0.00804
04013104701,0.041844
04013104702,0.027346
04013104801,0.023619
04013104802,0.008002
04013104900,0.007363
04013105002,0.007363
04013105003,0.013569
04013105004,0.019891
04013105101,0.007755
04013105102,0.010737
04013105103,0.059322
04013105200,0.009411
04013105300,0.009601
04013105400,0.016305
04013105501,0.00317
04013105502,0.007763
04013105503,0.009259
04013105601,0.028078
04013105602,0.003807
04013105701,0.014995
04013105702,0.008208
04013105800,0.007995
04013105900,0.009554
04013106001,0.005481
04013106002,0.008144
04013106003,0.006684
04013106100,0.00932
04013106200,0.031504
04013106300,0.021106
04013106400,0.007865
04013106501,0.01245
04013106502,0.011005
04013106600,0.009131
04013106701,0.041717
04013106702,0.028648
04013106703,0.052109
04013106801,0.030083
04013106802,0.007801
04013106900,0.006289
04013107001,0.005849
04013107002,0.004054
04013107101,0.028903
04013107102,0.010968
04013107201,0.232428
04013107202,0.002962
04013107300,0.006586
04013107401,0.01286
04013107402,0.039628
04013107403,0.022693
04013107404,0.022826
04013107500,0.012799
04013107601,0.015707
04013107602,0.032891
04013107700,0.01563
04013107800,0.088734
04013107900,0.07972
04013108000,0.004305
04013108100,0.041704
04013108200,0.059628
04013108301,0.137166
04013108302,0.034301
04013108400,0.021928
04013108501,0.020869
04013108502,0.185103
04013108601,0.009222
04013108602,0.01606
04013108802,0.019014
04013108901,0.013131
04013108902,0.005669
04013109001,0.02506
04013109002,0.004536
04013109003,0.004845
04013109101,0.005767
04013109102,0.023925
04013109200,0.010825
04013109300,0.004686
04013109401,0.005373
04013109402,0.040189
04013109500,0.003732
04013109601,0.04142
04013109602,0.008114
04013109603,0.00452
04013109604,0.025494
04013109702,0.012308
04013109703,0.004476
04013109704,0.017083
04013109705,0.026003
04013109706,0.002017
04013109707,0.004397
04013109801,0.004565
04013109802,0.004666
04013109900,0.006034
04013110001,0.013919
04013110002,0.142511
04013110100,0.011148
04013110400,0.007099
04013110501,0.017135
04013110502,0.012178
04013110600,0.014541
04013110701,0.032225
04013110702,0.00636
04013110801,0.017641
04013110802,0.00861
04013110901,0.014694
04013110902,0.056117
04013111000,0.018389
04013111100,0.005941
04013111201,0.008962
04013111202,0.003175
04013111203,0.081037
04013111204,0.023196
04013111300,0.00306
04013111401,0.045655
04013111402,0.006849
04013111501,0.007128
04013111502,0.004535
04013111601,0.007206
04013111602,0.028451
04013111700,0.009582
04013111800,0.014962
04013111900,0.045168
04013112100,0.007035
04013112201,0.008088
04013112202,0.007928
04013112301,0.007306
04013112302,0.020592
04013112401,0.015999
04013112402,0.013238
04013112502,0.003689
04013112504,0.008013
04013112507,0.00814
04013112508,0.049407
04013112510,0.008214
04013112512,0.046748
04013112514,0.010507
04013112515,0.005811
04013112516,0.011896
04013112517,0.01145
04013112518,0.014187
04013112519,0.00439
04013112520,0.05406
04013112521,0.013957
04013112522,0.011799
04013112523,0.030119
04013112524,0.003149
04013112601,0.053021
04013112602,0.005443
04013112700,0.00573
04013112900,0.010967
04013113000,0.006311
04013113100,0.00989
04013113201,0.19171
04013113202,0.292114
04013113204,0.029924
04013113301,0.021028
04013113502,0.023276
04013113503,0.007477
04013113601,0.003497
04013113602,0.180293
04013113701,0.004398
04013113702,0.01084
04013113800,0.054397
04013113900,0.047512
04013114000,0.025647
04013114100,0.065379
04013114200,0.01593
04013114301,0.017476
04013114302,0.01446
04013114401,0.037106
04013114402,0.029122
04013114500,0.007617
04013114600,0.016716
04013114704,0.221931
04013114705,0.438151
04013114800,0.123721
04013114900,0.005804
04013115200,0.023232
04013115300,0.065244
04013115400,0.014512
04013115500,0.007322
04013115600,0.003988
04013115700,0.008028
04013115801,0.011358
04013115802,0.006556
04013115900,0.004974
04013116000,0.007663
04013116100,0.005927
04013116202,0.012908
04013116203,0.016042
04013116204,0.028029
04013116205,0.02288
04013116300,0.003899
04013116400,0.006444
04013116500,0.01116
04013116605,0.018358
04013116606,0.068943
04013116607,0.012439
04013116610,0.123408
04013116611,0.004412
04013116612,0.006991
04013116614,0.009041
04013116615,0.005785
04013116616,0.007544
04013116617,0.128576
04013116618,0.00983
04013116619,0.008865
04013116620,0.013273
04013116621,0.011864
04013116703,0.013355
04013116707,0.013215
04013116708,0.045975
04013116709,0.020863
04013116710,0.007572
04013116711,0.015536
04013116712,0.013409
04013116713,0.013026
04013116714,0.004916
04013116715,0.017363
04013116717,0.033823
04013116718,0.062086
04013116719,0.011561
04013116720,0.013533
04013116721,0.016375
04013116725,0.007233
04013116727,0.021761
04013116728,0.003947
04013116729,0.024249
04013116730,0.055472
04013116731,0.0118
04013116732,0.007113
04013116733,0.086259
04013116734,0.014618
04013116735,0.00566
04013116736,0.006
04013116737,0.010122
04013116738,0.007011
04013116800,0.009219
04013116900,0.026318
04013117000,0.004845
04013117100,0.007709
04013117200,0.026638
04013117300,0.082431
04013216806,0.033771
04013216807,0.011292
04013216809,0.009285
04013216810,0.03
04013216813,0.012827
04013216816,0.007862
04013216819,0.009376
04013216820,0.011667
04013216821,0.010562
04013216822,0.020683
04013216826,0.017416
04013216829,0.058859
04013216830,0.017109
04013216831,0.018135
04013216832,0.007645
04013216833,0.074907
04013216834,0.069582
04013216835,0.017975
04013216836,0.0214
04013216837,0.01346
04013216838,0.003385
04013216839,0.00558
04013216840,0.04504
04013216841,0.024298
04013216842,0.01413
04013216843,0.034743
04013216844,0.014549
04013216845,0.058696
04013216849,0.031604
04013216850,0.067074
04013216851,0.101062
04013216852,0.005087
04013216853,0.01875
04013216854,0.037519
04013216855,0.018793
04013216856,0.045155
04013216857,0.022732
04013216858,0.019317
04013216859,0.009509
04013216860,0.064887
04013216861,0.009731
04013216901,0.010654
04013216902,0.004937
04013217001,0.065417
04013217002,0.008031
04013217101,0.035584
04013217102,0.007851
04013217201,0.061164
04013217203,0.051361
04013217204,0.023597
04013217300,0.048331
04013217400,0.056996
04013217501,0.006903
04013217502,0.024049
04013217600,0.022913
04013217700,0.162128
04013217800,0.012633
04013217900,0.010093
04013218000,0.01805
04013218100,0.017957
04013218200,0.006304
04013218300,0.048162
04013318400,0.091218
04013318501,0.015165
04013318700,0.056077
04013318800,0.007885
04013318900,0.01043
04013319001,0.019302
04013319002,0.007156
04013319101,0.098458
04013319103,0.00849
04013319104,0.160806
04013319201,0.006297
04013319202,0.040275
04013319300,0.007527
04013319401,0.00848
04013319402,0.007362
04013319403,0.005916
04013319404,0.034722
04013319500,0.01691
04013319600,0.01351
04013319705,0.085313
04013319706,0.060294
04013319707,0.039369
04013319708,0.008147
04013319709,0.036002
04013319710,0.012489
04013319801,0.009928
04013319802,0.008611
04013319902,0.017941
04013319903,0.006358
04013319904,0.086005
04013319905,0.011566
04013319906,0.056679
04013319907,0.009671
04013319908,0.027067
04013319909,0.019824
04013319910,0.020774
04013320001,0.059671
04013320002,0.128411
04013320007,0.005978
04013320100,0.017537
04013420104,0.08086
04013420105,0.015538
04013420107,0.005733
04013420108,0.016523
04013420109,0.009022
04013420110,0.006911
04013420111,0.006552
04013420112,0.01523
04013420113,0.009604
04013420114,0.02861
04013420115,0.015017
04013420116,0.092297
04013420202,0.056988
04013420206,0.012161
04013420207,0.012033
04013420208,0.008827
04013420209,0.015684
04013420210,0.020567
04013420211,0.017298
04013420212,0.047747
04013420213,0.016382
04013420214,0.122179
04013420215,0.010431
04013420216,0.010617
04013420301,0.048381
04013420302,0.015869
04013420303,0.007976
04013420304,0.052735
04013420401,0.038817
04013420402,0.005541
04013420503,0.03346
04013420504,0.035226
04013420505,0.008108
04013420506,0.102201
04013420602,0.005064
04013420603,0.01108
04013420604,0.006471
04013420704,0.010019
04013420705,0.012728
04013420706,0.016867
04013420707,0.024355
04013420708,0.032101
04013420709,0.024554
04013420710,0.023949
04013420800,0.010128
04013420901,0.008282
04013420902,0.007921
04013421001,0.177506
04013421002,0.022143
04013421101,0.015178
04013421102,0.010906
04013421201,0.020849
04013421202,0.192781
04013421302,0.023193
04013421303,0.015764
04013421304,0.007145
04013421400,0.006345
04013421501,0.007648
04013421502,0.006928
04013421601,0.043437
04013421602,0.010179
04013421701,0.00949
04013421702,0.024661
04013421801,0.007481
04013421802,0.013815
04013421901,0.010572
04013421902,0.046543
04013422001,0.007887
04013422002,0.0182
04013422102,0.021051
04013422103,0.040958
04013422104,0.00965
04013422105,0.010414
04013422106,0.065892
04013422107,0.094587
04013422203,0.037532
04013422209,0.005781
04013422210,0.010393
04013422211,0.0111
04013422212,0.045397
04013422213,0.011469
04013422215,0.007721
04013422216,0.017705
04013422217,0.107959
04013422218,0.003991
04013422219,0.006078
04013422220,0.009887
04013422221,0.020657
04013422222,0.006442
04013422223,0.026228
04013422224,0.043717
04013422225,0.020983
04013422226,0.129865
04013422227,0.009877
04013422301,0.010175
04013422302,0.00893
04013422304,0.091745
04013422305,0.013607
04013422307,0.022626
04013422308,0.022086
04013422309,0.021076
04013422401,0.034478
04013422402,0.006159
04013422403,0.007608
04013422404,0.01513
04013422501,0.006497
04013422502,0.016126
04013422503,0.006742
04013422504,0.050506
04013422506,0.062402
04013422507,0.033805
04013422508,0.01119
04013422509,0.151014
04013422510,0.013738
04013422511,0.013696
04013422512,0.007188
04013422513,0.01602
04013422514,0.075656
04013422607,0.05105
04013422609,0.058267
04013422610,0.022492
04013422615,0.009178
04013422617,0.007878
04013422618,0.019462
04013422620,0.006483
04013422621,0.047899
04013422622,0.013706
04013422623,0.008058
04013422624,0.026932
04013422625,0.033371
04013422626,0.01411
04013422627,0.008954
04013422628,0.013609
04013422629,0.03356
04013422630,0.007635
04013422632,0.020276
04013422633,0.01201
04013422634,0.016955
04013422636,0.02043
04013422637,0.013739
04013422638,0.01116
04013422639,0.033653
04013422640,0.020464
04013422642,0.022136
04013422643,0.012042
04013422647,0.011635
04013422648,0.00503
04013422649,0.013845
04013422650,0.009124
04013422651,0.004804
04013422652,0.023948
04013422653,0.010877
04013422654,0.007531
04013422655,0.012733
04013422656,0.057324
04013422657,0.010085
04013422658,0.00967
04013422659,0.016509
04013422660,0.01217
04013522801,0.477026
04013522802,0.006929
04013522901,0.009054
04013522903,0.114087
04013522904,0.006448
04013523002,0.008083
04013523005,0.011463
04013523006,0.132073
04013523007,0.062743
04013523008,0.003869
04013523102,0.006145
04013523103,0.016255
04013523104,0.009202
04013610001,0.302531
04013610002,0.105932
04013610100,0.007568
04013610201,0.035266
04013610202,0.024895
04013610301,0.058631
04013610302,0.011189
04013610400,0.019364
04013610500,0.012212
04013610600,0.011443
04013610700,0.083728
04013610800,0.012624
04013610901,0.024211
04013610902,0.021593
04013610903,0.027716
04013611000,0.014983
04013611100,0.005842
04013611200,0.005586
04013611300,0.013992
04013611400,0.040712
04013611500,0.004256
04013611600,0.007113
04013611700,0.018633
04013611800,0.019527
04013611900,0.006057
04013612000,0.028578
04013612200,0.038128
04013612301,0.027018
04013612302,0.00689
04013612401,0.003626
04013612402,0.039752
04013612500,0.069036
04013612600,0.011277
04013612700,0.029732
04013612800,0.053492
04013612900,0.009239
04013613000,0.007903
04013613100,0.008061
04013613200,0.015196
04013613300,0.009484
04013613400,0.009377
04013613500,0.113336
04013613601,0.011343
04013613602,0.009074
04013613700,0.054052
04013613800,0.008347
04013613900,0.015997
04013614000,0.006283
04013614100,0.004416
04013614200,0.01504
04013614300,0.039653
04013614400,0.020697
04013614500,0.011652
04013614601,0.01936
04013614602,0.089604
04013614700,0.033306
04013614800,0.003658
04013614900,0.160867
04013615001,0.004517
04013615002,0.012065
04013615100,0.07562
04013615201,0.031847
04013615202,0.064784
04013615300,0.024853
04013615400,0.018917
04013615500,0.027686
04013615600,0.053541
04013615700,0.02611
04013615800,0.004592
04013615900,0.013771
04013616000,0.007562
04013616100,0.005709
04013616200,0.032012
04013616300,0.003729
04013616400,0.067289
04013616500,0.010124
04013616600,0.015322
04013616700,0.034804
04013616800,0.005266
04013616900,0.011005
04013617001,0.029159
04013617002,0.02523
04013617100,0.042123
04013617200,0.005892
04013617300,0.013045
04013617400,0.091404
04013617500,0.024431
04013617600,0.02003
04013617700,0.024032
04013617800,0.0505
04013617900,0.011973
04013618000,0.008046
04013618100,0.00874
04013618200,0.004134
04013618300,0.008604
04013618400,0.003492
04013618500,0.009875
04013618600,0.006992
04013618700,0.004659
04013618800,0.018015
04013618900,0.024677
04013619000,0.028111
04013619100,0.023137
04013619200,0.033678
04013619300,0.003235
04013619400,0.043141
04013619500,0.011338
04013619601,0.02596
04013619602,0.009794
04013619700,0.00901
04013619800,0.008606
04013619900,0.016113
04013723304,0.066583
04013723305,0.114277
04013723306,0.081467
04013723307,0.038737
04013723309,0.002258
04013723310,0.016405
04013723311,0.018677
04013810000,0.024002
04013810100,0.011163
04013810200,0.044632
04013810300,0.006313
04013810400,0.014094
04013810500,0.009254
04013810600,0.011506
04013810700,0.011473
04013810800,0.01678
04013810900,0.005501
04013811000,0.038409
04013811100,0.064125
04013811200,0.030779
04013811300,0.016331
04013811400,0.008532
04013811500,0.005482
04013811600,0.005402
04013811700,0.005681
04013811800,0.025356
04013811900,0.011135
04013812000,0.029762
04013812100,0.027459
04013812200,0.01132
04013812300,0.008049
04013812400,0.011641
04013812500,0.015171
04013812600,0.01259
04013812700,0.004789
04013812801,0.005299
04013812802,0.054536
04013812900,0.008938
04013813000,0.008789
04013813100,0.00383
04013813200,0.0082
04013813300,0.016539
04013813400,0.007272
04013813500,0.027499
04013813600,0.006402
04013813700,0.019756
04013813800,0.017531
04013813900,0.007116
04013814000,0.018667
04013814100,0.004255
04013814200,0.041393
04013814300,0.012196
04013814400,0.010331
04013814500,0.068331
04013814600,0.017182
04013814700,0.004433
04013814801,0.013764
04013814802,0.012031
04013814900,0.009163
04013815000,0.007227
04013815100,0.002331
04013815201,0.023315
04013815202,0.003293
04013815203,0.015453
04013815300,0.053831
04013815401,0.011396
04013815402,0.018109
04013815501,0.00581
04013815502,0.043889
04013815601,0.012726
04013815602,0.006212
04013815700,0.019573
04013815800,0.012709
04013815901,0.046527
04013815902,0.006112
04013816001,0.033915
04013816002,0.009753
04013816003,0.029224
04013816004,0.013615
04013816005,0.010422
04013816100,0.006422
04013816200,0.005249
04013816301,0.034423
04013816302,0.010925
04013816401,0.026277
04013816402,0.005321
04013816501,0.023477
04013816502,0.009601
04013816600,0.01267
04013816700,0.010448
04013816800,0.011339
04013816901,0.00587
04013816902,0.012729
04013816903,0.00552
04013816904,0.010715
04013817000,0.009997
04013817101,0.023424
04013817102,0.033001
04013817103,0.004259
04013817200,0.014424
04013817300,0.028894
04013817400,0.024565
04013817500,0.023222
04013817600,0.021603
04013940700,0.030539
04013941000,0.020438
04013941100,0.083344
04013941200,0.038546
04013941300,0.022229
04013980100,0.128269
04013980400,0.266517
04013980500,0.02275
04013980700,0.043299
04013980900,0.023069
04013981000,0.524149
04015954801,0.170035
04015954802,0.142386
04017940014,0.016507
04017940015,0.017992
04017940100,0.200084
04017940301,0.066591
04017940302,0.325927
04017960100,0.164888
04017960200,0.125927
04017960400,0.060466
04017960500,0.203943
04017960600,0.05279
04017961300,0.068295
04017961701,0.112799
04017961702,0.287234
04017962501,0.208994
04017962502,0.388211
04017963300,0.139981
04017963400,0.133641
04017963700,0.014008
04017963800,0.010417
04017964201,0.082257
04017964202,0.064052
04017964801,0.015895
04017964802,0.223385
04017964901,0.222476
04017964902,0.097674
04017965201,0.269655
04017965202,0.224436
04017965301,0.134413
04017965302,0.03998
04019000100,0.22938
04019000200,0.011344
04019000300,0.00551
04019000401,0.005783
04019000402,0.009478
04019000501,0.008171
04019000502,0.010648
04019000600,0.016096
04019000700,0.003659
04019000800,0.009589
04019001100,0.008382
04019001200,0.00897
04019001302,0.007603
04019001303,0.020487
04019001304,0.031814
04019001400,0.01376
04019001500,0.011279
04019001600,0.025108
04019001700,0.046946
04019001801,0.008164
04019001802,0.01043
04019001900,0.015961
04019002000,0.082409
04019002100,0.007451
04019002201,0.007838
04019002202,0.01006
04019002300,0.011145
04019002400,0.00696
04019002503,0.023857
04019002504,0.004947
04019002505,0.011872
04019002507,0.014256
04019002508,0.001878
04019002509,0.009769
04019002602,0.029939
04019002603,0.023352
04019002604,0.011591
04019002702,0.015196
04019002703,0.006109
04019002704,0.007153
04019002801,0.056077
04019002802,0.018742
04019002803,0.022989
04019002901,0.015415
04019002904,0.023162
04019002905,0.016198
04019002906,0.007864
04019003002,0.013402
04019003003,0.009427
04019003004,0.053006
04019003102,0.005555
04019003103,0.074978
04019003104,0.021926
04019003201,0.010091
04019003202,0.010228
04019003302,0.01136
04019003303,0.014498
04019003304,0.01141
04019003400,0.013184
04019003502,0.013218
04019003503,0.046712
04019003504,0.008667
04019003505,0.012207
04019003506,0.011985
04019003601,0.132117
04019003702,0.011
04019003704,0.026843
04019003705,0.005083
04019003706,0.004775
04019003707,0.007967
04019003801,0.043401
04019003802,0.009603
04019003901,0.022565
04019003902,0.003166
04019003903,0.009131
04019004008,0.005013
04019004010,0.010272
04019004026,0.010662
04019004029,0.020508
04019004030,0.016725
04019004031,0.063081
04019004032,0.006561
04019004033,0.008464
04019004034,0.003002
04019004035,0.003903
04019004036,0.00382
04019004037,0.010702
04019004038,0.003743
04019004039,0.008751
04019004042,0.029715
04019004043,0.045778
04019004044,0.141787
04019004046,0.003178
04019004047,0.009899
04019004048,0.017042
04019004049,0.003134
04019004050,0.004977
04019004051,0.005794
04019004052,0.234931
04019004053,0.007142
04019004054,0.009244
04019004055,0.025073
04019004056,0.015503
04019004057,0.00758
04019004058,0.007385
04019004061,0.197883
04019004062,0.008744
04019004063,0.010602
04019004065,0.009805
04019004066,0.034017
04019004067,0.085051
04019004068,0.023257
04019004069,0.012995
04019004070,0.051569
04019004071,0.002699
04019004072,0.005346
04019004073,0.010839
04019004074,0.017445
04019004075,0.014376
04019004076,0.006266
04019004077,0.005615
04019004078,0.129615
04019004079,0.01698
04019004080,0.014702
04019004081,0.011067
04019004082,0.007005
04019004109,0.160605
04019004110,0.003525
04019004112,0.024601
04019004114,0.020961
04019004115,0.01684
04019004116,0.006787
04019004117,0.016746
04019004118,0.016491
04019004122,0.006444
04019004126,0.009589
04019004127,0.035786
04019004128,0.039718
04019004129,0.031222
04019004130,0.028096
04019004131,0.0398
04019004132,0.036392
04019004133,0.092313
04019004307,0.13457
04019004310,0.010211
04019004311,0.009095
04019004312,0.006873
04019004313,0.287536
04019004316,0.016641
04019004317,0.029117
04019004320,0.122414
04019004321,0.00689
04019004322,0.006432
04019004323,0.18026
04019004324,0.104578
04019004325,0.357329
04019004326,0.018723
04019004327,0.038467
04019004328,0.018907
04019004330,0.018066
04019004332,0.020671
04019004333,0.004209
04019004335,0.032246
04019004336,0.108314
04019004337,0.039551
04019004338,0.01237
04019004339,0.003377
04019004340,0.041462
04019004404,0.121163
04019004407,0.002489
04019004412,0.015488
04019004413,0.012057
04019004414,0.0046
04019004415,0.059469
04019004418,0.008174
04019004419,0.019977
04019004422,0.007538
04019004423,0.044995
04019004424,0.171479
04019004425,0.069046
04019004426,0.107199
04019004428,0.043467
04019004430,0.006828
04019004431,0.013378
04019004432,0.00497
04019004433,0.003371
04019004434,0.011858
04019004435,0.007688
04019004436,0.020513
04019004437,0.028367
04019004438,0.015319
04019004439,0.007567
04019004440,0.010873
04019004505,0.006058
04019004506,0.013156
04019004508,0.053029
04019004510,0.015438
04019004511,0.004708
04019004512,0.008319
04019004513,0.013818
04019004514,0.008046
04019004515,0.055677
04019004610,0.007932
04019004613,0.009799
04019004614,0.007073
04019004615,0.009112
04019004616,0.0357
04019004617,0.05682
04019004618,0.022646
04019004619,0.037959
04019004620,0.069686
04019004621,0.005301
04019004622,0.172764
04019004623,0.03264
04019004624,0.010508
04019004625,0.245117
04019004626,0.02004
04019004627,0.036282
04019004628,0.017728
04019004630,0.021968
04019004631,0.216226
04019004632,0.250166
04019004633,0.033576
04019004634,0.006519
04019004635,0.058156
04019004636,0.016891
04019004639,0.045763
04019004640,0.016538
04019004641,0.003541
04019004642,0.015886
04019004643,0.037693
04019004644,0.00892
04019004645,0.009772
04019004646,0.012889
04019004647,0.021825
04019004648,0.188992
04019004649,0.034201
04019004650,0.031745
04019004710,0.040101
04019004711,0.03803
04019004712,0.00696
04019004713,0.243757
04019004714,0.011105
04019004715,0.21402
04019004717,0.03609
04019004718,0.014905
04019004720,0.017459
04019004721,0.017141
04019004722,0.040898
04019004723,0.023198
04019004724,0.024373
04019004725,0.041202
04019004726,0.026716
04019004727,0.210314
04019004728,0.337779
04019004729,0.008529
04019004730,0.00806
04019005200,0.141069
04019005300,0.005075
04019005400,0.005358
04019940800,0.04376
04019940900,0.01047
04019941000,0.062045
04019941100,0.013006
04019980001,0.492356
04019980002,0.080083
04019980100,0.036495
04019980200,0.051189
04019980300,0.087089
04019980400,0.206285
04021000201,0.25478
04021000204,0.009061
04021000206,0.016442
04021000208,0.018688
04021000211,0.031721
04021000212,0.056205
04021000215,0.017898
04021000216,0.007517
04021000217,0.136094
04021000218,0.003721
04021000219,0.031481
04021000220,0.010306
04021000221,0.035932
04021000222,0.006463
04021000223,0.006304
04021000224,0.011409
04021000225,0.005211
04021000226,0.008613
04021000227,0.006199
04021000228,0.014068
04021000229,0.073058
04021000307,0.080404
04021000309,0.021143
04021000310,0.017328
04021000311,0.168603
04021000312,0.078309
04021000313,0.012541
04021000315,0.069059
04021000316,0.039124
04021000317,0.00478
04021000319,0.062403
04021000320,0.044548
04021000321,0.034028
04021000322,0.02219
04021000323,0.084169
04021000324,0.016397
04021000325,0.021442
04021000400,0.162667
04021000603,0.092937
04021000604,0.243377
04021000700,0.095499
04021000802,0.104913
04021000804,0.027941
04021000805,0.013999
04021000806,0.004135
04021000807,0.336725
04021000808,0.332452
04021000902,0.08708
04021000903,0.377345
04021000904,0.209024
04021001000,0.190214
04021001100,0.119538
04021001200,0.115769
04021001303,0.087795
04021001305,0.005322
04021001306,0.007366
04021001307,0.145685
04021001308,0.092184
04021001309,0.020967
04021001310,0.022529
04021001403,0.015839
04021001404,0.008692
04021001405,0.040661
04021001406,0.039989
04021001407,0.175061
04021001408,0.180474
04021001500,0.055033
04021001600,0.035114
04021001701,0.239082
04021001704,0.053148
04021001705,0.169988
04021001706,0.100633
04021001707,0.004119
04021001709,0.031413
04021001712,0.143698
04021001713,0.014772
04021001714,0.009247
04021001715,0.042269
04021001716,0.006096
04021001717,0.023275
04021001900,0.020837
04021002001,0.247816
04021002004,0.102637
04021002005,0.13391
04021002104,0.035184
04021002105,0.015468
04021002106,0.137343
04021002107,0.185501
04021002200,0.105188
04021002300,0.267659
04021002400,0.447008
04021941200,0.034966
04021941300,0.030851
04021941401,0.073066
04021941402,0.068394
04023966000,0.062618
04023966101,0.177567
04023966103,0.089903
04023966106,0.197294
04023966107,0.033529
04023966108,0.126912
04023966109,0.057541
04023966110,0.01326
04023966111,0.135072
04023966200,0.052625
04023966301,0.175806
04023966302,0.215239
04023966401,0.046563
04023966402,0.097616
04025000205,0.032552
04025000206,0.036508
04025000207,0.354827
04025000208,0.331859
04025000209,0.321815
04025000210,0.048503
04025000211,0.081296
04025000301,0.014187
04025000302,0.016514
04025000403,0.014895
04025000404,0.004794
04025000405,0.00887
04025000406,0.3043
04025000407,0.003169
04025000501,0.047589
04025000502,0.037915
04025000604,0.008369
04025000608,0.010111
04025000609,0.013648
04025000611,0.09901
04025000612,0.094221
04025000613,0.006231
04025000614,0.006517
04025000615,0.028805
04025000616,0.016998
04025000617,0.129044
04025000618,0.022624
04025000619,0.054063
04025000701,0.099981
04025000702,0.065193
04025000802,0.095949
04025000803,0.018227
04025000804,0.330068
04025000901,0.115066
04025000902,0.005708
04025001002,0.050741
04025001003,0.011209
04025001004,0.065556
04025001103,0.040202
04025001104,0.008379
04025001105,0.123213
04025001106,0.058126
04025001201,0.240723
04025001202,0.017135
04025001300,0.18942
04025001401,0.049143
04025001402,0.317942
04025001403,0.118523
04025001501,0.127496
04025001502,0.087105
04025001601,0.040599
04025001602,0.110753
04025001604,0.099539
04025001605,0.178704
04025001701,0.117431
04025001703,0.306494
04025001704,0.220191
04025001705,0.128978
04025001801,0.126455
04025001803,0.103666
04025001804,0.182352
04025001901,0.071729
04025001902,0.140627
04025001903,0.065619
04025001904,0.063572
04025002001,0.083665
04025002002,0.097414
04025002003,0.148706
04025002005,0.024495
04025002006,0.028483
04025002007,0.086717
04025002100,0.091008
04027012100,0.16417
04027980003,0.050456
04027980004,0.119501
35023970000,0.043916
06007000102,0.006465
06007000103,0.028089
06007000104,0.007727
06007000201,0.220775
06007000202,0.117486
06007000300,0.085198
06007000401,0.04135
06007000403,0.025012
06007000404,0.071073
06007000501,0.192481
06007000502,0.280321
06007000601,0.038198
06007000603,0.01298
06007000604,0.035404
06007000700,0.017521
06007000800,0.057069
06007000901,0.027133
06007000903,0.009908
06007000904,0.164779
06007001000,0.056591
06007001100,0.171256
06007001200,0.009773
06007001300,0.008601
06007001400,0.079183
06007001500,0.018027
06007001601,0.171396
06007001602,0.201666
06007001702,0.156087
06007001703,0.014201
06007001704,0.008072
06007001800,0.155785
06007001900,0.121512
06007002000,0.230563
06007002100,0.143625
06007002200,0.079155
06007002300,0.235316
06007002401,0.067176
06007002402,0.105272
06007002500,0.05989
06007002601,0.307371
06007002602,0.146807
06007002700,0.042284
06007002800,0.02344
06007002900,0.011373
06007003001,0.222524
06007003002,0.019058
06007003100,0.318959
06007003200,0.020426
06007003300,0.018141
06007003400,0.107301
06007003501,0.019981
06007003502,0.157191
06007003600,0.113896
06007003700,0.186711
06011000100,0.114495
06011000200,0.127992
06011000301,0.171368
06011000302,0.174267
06011000400,0.051359
06011000500,0.254453
06015000202,0.206233
06017030601,0.234911
06017030603,0.297041
06017030604,0.039965
06017030605,0.235217
06017030606,0.231692
06017030701,0.016388
06017030706,0.01111
06017030709,0.008243
06017030710,0.003891
06017030801,0.032446
06017030901,0.067834
06017030902,0.03583
06017031000,0.138574
06017031100,0.080417
06017031700,0.012066
06021010101,0.196934
06021010102,0.229872
06021010200,0.171834
06021010300,0.089133
06021010401,0.157764
06021010402,0.238508
06021010501,0.063674
06021010502,0.15765
06023001200,0.030945
06023010102,0.167243
06023010902,0.045498
06023011600,0.107514
06023940000,0.238908
06033000100,0.07649
06033000300,0.04567
06033000401,0.00611
06033000402,0.027351
06033000501,0.068995
06033000502,0.043121
06033000601,0.061512
06033000602,0.138719
06033000702,0.108384
06033000703,0.023267
06033000704,0.045767
06033000801,0.008574
06033000802,0.010898
06033000901,0.021021
06033000902,0.050232
06033001000,0.151995
06033001101,0.046802
06033001102,0.054511
06033001200,0.016772
06033001301,0.05777
06033001302,0.108187
06035040100,0.134965
06035040200,0.042128
06035040302,0.17402
06035040303,0.082474
06035040304,0.274709
06035040305,0.036198
06035040400,0.216513
06035040500,0.104437
06035040600,0.135069
06045010100,0.147014
06045010200,0.137899
06045010601,0.261575
06045010602,0.214241
06045010801,0.127911
06045010802,0.006803
06045011700,0.065179
06045011800,0.163866
06049000100,0.239575
06049000200,0.050005
06049000300,0.181028
06055201800,0.187055
06057000102,0.036884
06057000104,0.045907
06057000105,0.135131
06057000106,0.209783
06057000107,0.14123
06057000200,0.03283
06057000300,0.165664
06057000401,0.024807
06057000403,0.300849
06057000404,0.022013
06057000502,0.033955
06057000503,0.018345
06057000504,0.10462
06057000601,0.073245
06057000602,0.085387
06057000701,0.305304
06057000702,0.232085
06057000801,0.264081
06057000802,0.196357
06057000900,0.173004
06061020200,0.02162
06061020300,0.189925
06061020401,0.055583
06061020402,0.259457
06061020501,0.191155
06061020502,0.040963
06061020601,0.027411
06061020604,0.042926
06061020605,0.126988
06061020606,0.016381
06061020607,0.01523
06061020608,0.032999
06061020710,0.006373
06061020711,0.022693
06061020712,0.013201
06061020713,0.069701
06061020714,0.015527
06061020715,0.005709
06061020717,0.016799
06061020805,0.02281
06061020806,0.027293
06061020901,0.015189
06061020908,0.135082
06061021003,0.014892
06061021034,0.015849
06061021037,0.031304
06061021038,0.007838
06061021039,0.009581
06061021040,0.032576
06061021043,0.030816
06061021044,0.008786
06061021045,0.010999
06061021046,0.013902
06061021047,0.003802
06061021048,0.016376
06061021103,0.018172
06061021106,0.021155
06061021108,0.136369
06061021109,0.031307
06061021122,0.019378
06061021123,0.012108
06061021128,0.042332
06061021129,0.031112
06061021130,0.067897
06061021131,0.018869
06061021203,0.015067
06061021204,0.168995
06061021304,0.046556
06061021323,0.003552
06061021324,0.016439
06061021325,0.005484
06061021326,0.004875
06061021327,0.02379
06061021328,0.007842
06061021401,0.00752
06061021403,0.004788
06061021501,0.19269
06061021502,0.175325
06061021603,0.160352
06061021604,0.208825
06061021801,0.294071
06061021802,0.148789
06061021901,0.087261
06061021902,0.0173
06061022002,0.135875
06061022013,0.256526
06061022014,0.247571
06061022400,0.020153
06061022500,0.007694
06061022600,0.01367
06061022800,0.026579
06061022900,0.038428
06061023000,0.008354
06061023100,0.022698
06061023200,0.007846
06061023300,0.006616
06061023400,0.015676
06061023501,0.017026
06061023502,0.005228
06061023600,0.020031
06061023700,0.072871
06061023800,0.006419
06061023900,0.122582
06063000100,0.186365
06063000201,0.079779
06063000202,0.083845
06063000300,0.109179
06063000400,0.183712
06063000501,0.235225
06063000502,0.154269
06067000100,0.04753
06067000200,0.070725
06067000300,0.014422
06067000400,0.026139
06067000501,0.159645
06067000502,0.356458
06067000600,0.010521
06067000700,0.025301
06067000800,0.051524
06067001102,0.150711
06067001103,0.075808
06067001201,0.031045
06067001202,0.009176
06067001300,0.012354
06067001400,0.024453
06067001500,0.012814
06067001601,0.009764
06067001602,0.055041
06067001702,0.077696
06067001800,0.009103
06067001900,0.062815
06067002000,0.017952
06067002100,0.072175
06067002200,0.040358
06067002300,0.078125
06067002400,0.01123
06067002500,0.005358
06067002600,0.01584
06067002700,0.084291
06067005301,0.034901
06067005402,0.013089
06067005403,0.103148
06067005404,0.023699
06067005502,0.010623
06067005505,0.012704
06067005506,0.009294
06067005508,0.072738
06067005509,0.026021
06067005510,0.016161
06067005601,0.023701
06067005605,0.014314
06067005606,0.009083
06067005701,0.020585
06067005702,0.011902
06067005801,0.008743
06067005803,0.003528
06067005901,0.006561
06067005903,0.00969
06067005904,0.006931
06067006002,0.01417
06067006003,0.128463
06067006004,0.007511
06067006101,0.114691
06067006102,0.021422
06067006202,0.034784
06067006203,0.038666
06067006204,0.009605
06067006300,0.004459
06067006400,0.024531
06067006501,0.04506
06067006502,0.032818
06067006600,0.013554
06067006703,0.007223
06067006704,0.008202
06067006705,0.021138
06067006706,0.016158
06067006801,0.010062
06067006802,0.011058
06067006803,0.021152
06067006901,0.086774
06067006902,0.071721
06067007001,0.026529
06067007007,0.007506
06067007010,0.055328
06067007011,0.025967
06067007012,0.011385
06067007013,0.0119
06067007016,0.008125
06067007017,0.045048
06067007019,0.048859
06067007020,0.055994
06067007021,0.029563
06067007022,0.078702
06067007023,0.00713
06067007024,0.040667
06067007025,0.011555
06067007026,0.003781
06067007027,0.005479
06067007028,0.021179
06067007101,0.102366
06067007103,0.008591
06067007105,0.017531
06067007106,0.008982
06067007107,0.072895
06067007108,0.006619
06067007109,0.031263
06067007110,0.01038
06067007111,0.016569
06067007202,0.014707
06067007204,0.010987
06067007206,0.005428
06067007207,0.045372
06067007208,0.013863
06067007209,0.007631
06067007301,0.00551
06067007402,0.011894
06067007403,0.123214
06067007413,0.028925
06067007414,0.004905
06067007415,0.01857
06067007416,0.022239
06067007417,0.008328
06067007422,0.053805
06067007423,0.105357
06067007424,0.006524
06067007426,0.01797
06067007427,0.015924
06067007428,0.021867
06067007429,0.015042
06067007430,0.022795
06067007431,0.003049
06067007432,0.006615
06067007434,0.010971
06067007435,0.031136
06067007436,0.035413
06067007437,0.00801
06067007438,0.016792
06067007439,0.009649
06067007501,0.078632
06067007503,0.077804
06067007504,0.088222
06067007602,0.021248
06067007603,0.00677
06067007604,0.036987
06067007701,0.008343
06067007702,0.013952
06067007801,0.029909
06067007802,0.017101
06067007903,0.011301
06067007904,0.004647
06067007905,0.017349
06067007906,0.022946
06067008005,0.019279
06067008006,0.018537
06067008007,0.059752
06067008008,0.040519
06067008009,0.008034
06067008010,0.011256
06067008111,0.029286
06067008113,0.070772
06067008117,0.010582
06067008119,0.015339
06067008120,0.013306
06067008122,0.017568
06067008124,0.057683
06067008125,0.004525
06067008127,0.058648
06067008128,0.130722
06067008129,0.050889
06067008130,0.018319
06067008131,0.101836
06067008132,0.110659
06067008133,0.039214
06067008134,0.064591
06067008135,0.146917
06067008136,0.07925
06067008137,0.006994
06067008138,0.027878
06067008139,0.110001
06067008140,0.006075
06067008141,0.013453
06067008142,0.019777
06067008143,0.02494
06067008144,0.012783
06067008145,0.047212
06067008203,0.006466
06067008204,0.014587
06067008206,0.020961
06067008207,0.010183
06067008208,0.009579
06067008209,0.013096
06067008210,0.029635
06067008211,0.006993
06067008402,0.012001
06067008403,0.023088
06067008404,0.019157
06067008501,0.014139
06067008504,0.089721
06067008505,0.028124
06067008506,0.076778
06067008507,0.010072
06067008508,0.018225
06067008509,0.010834
06067008510,0.026101
06067008512,0.005754
06067008702,0.010392
06067008703,0.035689
06067008909,0.04275
06067008912,0.046304
06067008913,0.006901
06067988300,0.004435
06089010100,0.165942
06089010200,0.007905
06089010300,0.083825
06089010400,0.089667
06089010500,0.030025
06089010601,0.028189
06089010602,0.129777
06089010603,0.085679
06089010702,0.112634
06089010703,0.087355
06089010704,0.039821
06089010803,0.015741
06089010804,0.008284
06089010805,0.008286
06089010806,0.123157
06089010807,0.07397
06089010900,0.059216
06089011001,0.012288
06089011002,0.208867
06089011100,0.014846
06089011209,0.027363
06089011300,0.010491
06089011401,0.034577
06089011402,0.008231
06089011403,0.013144
06089011501,0.043891
06089011502,0.011192
06089011600,0.122003
06089011701,0.085076
06089011702,0.274937
06089011703,0.142317
06089011801,0.039026
06089011802,0.051772
06089011803,0.069963
06089011900,0.010852
06089012000,0.137665
06089012101,0.050115
06089012102,0.035059
06089012200,0.063042
06089012301,0.215748
06089012302,0.010122
06089012303,0.005124
06089012400,0.033663
06089012500,0.16682
06089012603,0.167408
06089012604,0.016859
06089012605,0.021057
06089012606,0.061519
06089012701,0.167937
06089012702,0.099354
06091010000,0.067136
06093000300,0.049148
06093000701,0.186969
06093000800,0.157765
06093000901,0.154107
06093000902,0.166397
06093001001,0.201561
06093001002,0.272948
06093001003,0.103981
06093001100,0.154912
06093001200,0.168839
06093001300,0.11837
06097154100,0.097831
06101050101,0.006306
06101050102,0.038384
06101050201,0.034854
06101050202,0.020154
06101050301,0.045644
06101050302,0.008033
06101050401,0.008983
06101050402,0.018805
06101050403,0.066739
06101050501,0.188796
06101050503,0.271759
06101050504,0.341906
06101050601,0.087964
06101050603,0.012399
06101050604,0.166935
06101050701,0.198652
06101050702,0.077704
06101050800,0.053478
06101050900,0.104204
06101051000,0.095804
06101051100,0.060232
06103000100,0.239424
06103000201,0.225538
06103000202,0.047101
06103000300,0.100358
06103000400,0.207239
06103000500,0.229834
06103000600,0.160904
06103000701,0.171996
06103000702,0.129349
06103000800,0.145222
06103000900,0.080674
06103001000,0.046617
06103001101,0.182596
06103001102,0.201866
06105000101,0.183052
06105000102,0.142843
06105000200,0.109475
06105000500,0.070832
06113010102,0.076772
06113010103,0.003611
06113010104,0.011314
06113010105,0.025051
06113010201,0.01993
06113010203,0.092421
06113010204,0.102298
06113010313,0.020472
06113010315,0.013029
06113010401,0.135649
06113010505,0.123615
06113010800,0.208375
06113010901,0.131236
06113010902,0.297664
06113011001,0.11084
06113011002,0.047832
06113011101,0.019375
06113011102,0.081794
06113011103,0.035345
06113011203,0.005256
06113011204,0.00699
06113011207,0.156844
06113011208,0.084161
06113011209,0.053775
06113011210,0.004494
06113011211,0.015378
06113011400,0.124578
06113011500,0.088296
06115040100,0.096297
06115040201,0.306471
06115040202,0.159301
06115040301,0.010112
06115040302,0.02665
06115040304,0.011969
06115040305,0.006917
06115040400,0.010809
06115040500,0.016127
06115040600,0.006084
06115040701,0.007092
06115040702,0.089542
06115040800,0.006434
06115040901,0.013271
06115040902,0.013929
06115041001,0.079665
06115041002,0.008938
06115041101,0.110587
06115041102,0.186157
48001950100,0.011317
48001950401,0.031216
48001950402,0.15735
48001950500,0.122467
48001950600,0.134528
48001950700,0.130778
48001950800,0.114498
48001950901,0.060642
48001950902,0.035024
48001951001,0.019107
48001951002,0.149256
48001951100,0.086395
48005000102,0.091164
48005000104,0.088231
48007950101,0.242092
48007950102,0.178078
48007950103,0.094104
48007950200,0.326092
48007950301,0.076718
48007950302,0.150554
48007950400,0.203959
48007950501,0.081908
48007950502,0.192982
48007950503,0.201969
48009020200,0.07691
48009020300,0.107905
48013960101,0.039142
48013960102,0.141889
48013960203,0.07102
48013960204,0.018372
48013960205,0.098045
48013960206,0.056296
48013960300,0.109699
48013960401,0.41459
48013960403,0.214819
48013960404,0.277272
48013960500,0.026773
48013960601,0.123258
48013960602,0.027381
48015760100,0.00931
48015760201,0.053594
48015760202,0.087348
48015760301,0.016964
48015760302,0.042772
48015760400,0.025272
48015760501,0.048321
48015760502,0.074982
48019000101,0.11512
48019000103,0.126268
48019000104,0.187246
48019000200,0.113573
48019000301,0.078299
48019000302,0.09706
48019000400,0.032186
48021950101,0.027805
48021950102,0.089552
48021950201,0.101364
48021950202,0.104977
48021950301,0.044368
48021950302,0.014819
48021950303,0.020493
48021950401,0.07905
48021950402,0.113933
48021950403,0.08594
48021950503,0.058469
48021950504,0.03496
48021950505,0.021204
48021950506,0.04183
48021950601,0.030207
48021950602,0.026872
48021950700,0.075763
48021950803,0.045085
48021950804,0.010625
48021950805,0.161458
48021950806,0.160271
48023950301,0.065556
48023950302,0.211605
48025950100,0.017855
48025950201,0.17627
48025950203,0.072857
48025950204,0.130943
48025950300,0.035904
48025950400,0.157741
48025950501,0.225527
48025950502,0.200205
48025950600,0.130855
48027020101,0.138488
48027020102,0.015064
48027020201,0.064257
48027020203,0.158105
48027020204,0.116992
48027020301,0.118889
48027020302,0.057772
48027020401,0.021026
48027020402,0.055261
48027020500,0.147218
48027020600,0.103985
48027020701,0.09914
48027020702,0.015527
48027020800,0.098602
48027020900,0.11291
48027021000,0.055742
48027021101,0.093366
48027021102,0.012098
48027021201,0.108184
48027021202,0.044632
48027021203,0.094497
48027021301,0.042036
48027021302,0.082276
48027021304,0.046802
48027021305,0.019246
48027021400,0.055877
48027021501,0.017755
48027021502,0.040979
48027021601,0.078514
48027021602,0.154631
48027021701,0.026575
48027021702,0.152308
48027021801,0.116223
48027021802,0.040106
48027021901,0.111381
48027021905,0.074543
48027021906,0.007335
48027021907,0.017372
48027021908,0.018967
48027022001,0.115653
48027022002,0.017214
48027022101,0.00931
48027022103,0.016928
48027022104,0.029638
48027022105,0.020425
48027022200,0.010286
48027022300,0.047448
48027022401,0.051653
48027022402,0.006287
48027022403,0.011392
48027022405,0.109016
48027022406,0.096945
48027022407,0.003329
48027022501,0.126251
48027022503,0.011782
48027022504,0.005843
48027022600,0.148233
48027022801,0.009037
48027022900,0.183589
48027023001,0.015193
48027023002,0.013928
48027023103,0.149146
48027023104,0.086245
48027023109,0.039031
48027023110,0.023426
48027023111,0.055513
48027023112,0.032795
48027023113,0.0135
48027023114,0.005009
48027023115,0.014917
48027023116,0.04595
48027023117,0.093518
48027023118,0.143164
48027023201,0.104853
48027023202,0.050196
48027023203,0.139328
48027023204,0.027186
48027023301,0.038386
48027023302,0.079027
48027023402,0.01248
48027023404,0.016224
48027023405,0.02222
48027023406,0.014582
48027023500,0.18099
48027980001,0.164605
48027980002,0.35138
48027980003,0.058953
48029110100,0.043789
48029110300,0.01242
48029110500,0.007529
48029110600,0.016911
48029110700,0.052038
48029111000,0.018162
48029111100,0.018051
48029120100,0.009081
48029120301,0.090955
48029120302,0.022866
48029120401,0.041745
48029120402,0.113728
48029120502,0.097075
48029120503,0.008596
48029120504,0.032408
48029120601,0.059636
48029120602,0.139405
48029120701,0.024632
48029120702,0.116799
48029120800,0.008261
48029120901,0.018781
48029120902,0.035169
48029121000,0.012736
48029121110,0.031522
48029121111,0.019909
48029121112,0.06405
48029121115,0.021662
48029121116,0.02947
48029121117,0.018982
48029121118,0.017636
48029121119,0.015192
48029121120,0.021598
48029121121,0.009918
48029121122,0.026871
48029121123,0.040513
48029121124,0.021109
48029121203,0.08897
48029121204,0.016627
48029121205,0.048082
48029121206,0.01814
48029121300,0.004944
48029121402,0.011947
48029121403,0.008136
48029121404,0.056511
48029121501,0.027316
48029121504,0.0205
48029121505,0.042566
48029121506,0.020569
48029121507,0.012366
48029121508,0.008097
48029121601,0.081174
48029121604,0.0103
48029121605,0.006481
48029121606,0.015037
48029121701,0.2426
48029121702,0.022018
48029121802,0.029725
48029121803,0.01571
48029121804,0.017927
48029121808,0.008576
48029121809,0.015532
48029121810,0.023398
48029121811,0.003931
48029121812,0.013879
48029121813,0.050805
48029121903,0.007936
48029121904,0.034251
48029121905,0.08335
48029121906,0.013855
48029121908,0.038327
48029121909,0.014715
48029121910,0.007183
48029121911,0.012553
48029121912,0.030816
48029130200,0.031603
48029130300,0.009979
48029130401,0.064518
48029130402,0.072013
48029130500,0.019479
48029130600,0.007083
48029130700,0.013382
48029130800,0.02044
48029130900,0.023316
48029131000,0.048408
48029131100,0.005881
48029131200,0.204138
48029131300,0.134878
48029131401,0.12439
48029131402,0.108317
48029131503,0.011248
48029131504,0.040397
48029131505,0.010835
48029131506,0.032645
48029131507,0.016298
48029131601,0.101874
48029131606,0.09971
48029131608,0.016052
48029131609,0.028079
48029131610,0.046804
48029131612,0.031647
48029131614,0.012897
48029131615,0.025353
48029131616,0.154902
48029131700,0.057598
48029131801,0.032896
48029131802,0.061034
48029140100,0.048269
48029140200,0.047424
48029140300,0.058246
48029140400,0.018369
48029140500,0.01493
48029140600,0.023396
48029140700,0.00698
48029140800,0.009635
48029140900,0.037325
48029141000,0.025597
48029141101,0.019269
48029141102,0.04972
48029141200,0.008156
48029141300,0.045617
48029141402,0.143245
48029141403,0.110014
48029141404,0.009504
48029141600,0.086294
48029141700,0.053221
48029141800,0.112984
48029141900,0.208411
48029150100,0.052719
48029150300,0.012565
48029150400,0.049033
48029150501,0.03991
48029150502,0.004115
48029150600,0.04379
48029150700,0.01313
48029150800,0.281941
48029150900,0.03947
48029151000,0.029568
48029151100,0.042298
48029151200,0.034545
48029151301,0.020188
48029151302,0.084961
48029151400,0.077995
48029151500,0.11624
48029151600,0.011274
48029151700,0.083359
48029151900,0.079116
48029152000,0.041691
48029152100,0.260316
48029152201,0.042693
48029152202,0.079385
48029160100,0.025598
48029160200,0.051628
48029160300,0.140582
48029160400,0.007719
48029160501,0.010553
48029160502,0.063243
48029160600,0.00561
48029160701,0.018808
48029160702,0.003984
48029160901,0.118892
48029160902,0.015248
48029161000,0.121906
48029161100,0.031783
48029161200,0.045934
48029161302,0.065128
48029161303,0.016614
48029161304,0.012739
48029161400,0.195568
48029161501,0.046475
48029161503,0.158918
48029161504,0.005174
48029161600,0.014984
48029161801,0.063309
48029161802,0.078275
48029161901,0.060344
48029161902,0.059098
48029162001,0.151942
48029162003,0.17071
48029162004,0.085184
48029170101,0.228005
48029170102,0.008181
48029170200,0.010848
48029170300,0.013164
48029170401,0.022081
48029170402,0.012507
48029170500,0.206589
48029170600,0.014188
48029170700,0.008038
48029170800,0.005304
48029170900,0.011379
48029171000,0.008747
48029171100,0.009389
48029171200,0.017075
48029171301,0.00829
48029171302,0.012694
48029171401,0.003354
48029171402,0.033027
48029171501,0.009943
48029171502,0.007756
48029171601,0.006092
48029171602,0.038133
48029171700,0.013693
48029171801,0.023363
48029171802,0.017827
48029171903,0.029306
48029171912,0.011641
48029171913,0.145306
48029171914,0.0165
48029171915,0.030202
48029171916,0.020331
48029171917,0.013588
48029171918,0.007449
48029171919,0.020878
48029171920,0.006374
48029171921,0.076212
48029171922,0.010459
48029171923,0.071376
48029171924,0.013141
48029171926,0.015804
48029171927,0.008574
48029171928,0.007423
48029171929,0.004946
48029172002,0.103865
48029172003,0.036596
48029172004,0.010762
48029172005,0.012891
48029172006,0.008689
48029172008,0.012182
48029172009,0.019203
48029180101,0.008641
48029180102,0.006213
48029180201,0.01518
48029180202,0.010838
48029180300,0.049717
48029180400,0.254282
48029180501,0.139698
48029180503,0.008306
48029180504,0.009033
48029180602,0.022817
48029180603,0.018863
48029180604,0.108643
48029180701,0.042979
48029180702,0.010392
48029180800,0.033036
48029180901,0.030373
48029180902,0.018271
48029181001,0.017965
48029181003,0.154554
48029181004,0.110553
48029181005,0.036983
48029181100,0.011404
48029181200,0.011437
48029181301,0.053611
48029181302,0.05954
48029181303,0.13018
48029181402,0.053933
48029181403,0.300213
48029181404,0.109775
48029181503,0.026441
48029181504,0.017501
48029181505,0.011015
48029181506,0.036319
48029181601,0.021936
48029181602,0.020097
48029181703,0.026184
48029181704,0.082113
48029181705,0.061408
48029181711,0.00967
48029181712,0.052028
48029181713,0.012631
48029181715,0.005867
48029181716,0.036155
48029181718,0.007297
48029181720,0.030844
48029181721,0.031855
48029181722,0.005508
48029181723,0.00818
48029181724,0.12253
48029181725,0.056708
48029181726,0.008337
48029181727,0.014886
48029181729,0.009411
48029181730,0.023405
48029181731,0.006788
48029181732,0.026642
48029181733,0.004419
48029181808,0.009299
48029181809,0.01705
48029181811,0.099947
48029181813,0.016374
48029181814,0.010807
48029181815,0.096385
48029181816,0.010004
48029181817,0.008409
48029181818,0.008064
48029181819,0.017272
48029181820,0.018423
48029181821,0.029442
48029181822,0.031278
48029181823,0.037285
48029181824,0.00291
48029181825,0.033293
48029181826,0.009592
48029181901,0.02251
48029181902,0.013053
48029182001,0.028679
48029182002,0.126956
48029182003,0.013944
48029182101,0.055011
48029182102,0.024569
48029182103,0.132486
48029182105,0.026938
48029182106,0.07177
48029190100,0.039872
48029190200,0.009818
48029190400,0.011273
48029190501,0.043517
48029190503,0.012016
48029190504,0.08582
48029190601,0.096944
48029190603,0.011061
48029190604,0.027674
48029190700,0.016551
48029190800,0.041175
48029190901,0.014859
48029190902,0.046378
48029191003,0.007751
48029191004,0.008137
48029191005,0.053279
48029191006,0.005256
48029191101,0.020263
48029191102,0.016891
48029191201,0.004175
48029191202,0.015366
48029191303,0.017223
48029191304,0.012464
48029191405,0.006071
48029191406,0.037366
48029191408,0.021534
48029191409,0.029878
48029191410,0.049441
48029191411,0.014188
48029191412,0.007962
48029191413,0.02172
48029191503,0.018854
48029191504,0.064068
48029191505,0.015496
48029191506,0.03957
48029191701,0.17862
48029191702,0.022652
48029191804,0.00906
48029191806,0.016856
48029191807,0.012682
48029191808,0.033003
48029191809,0.068433
48029191810,0.006197
48029191811,0.009898
48029191812,0.012972
48029191813,0.013745
48029191814,0.005858
48029191815,0.041936
48029191816,0.052494
48029191818,0.0291
48029191819,0.008673
48029191900,0.030685
48029192000,0.040842
48029192100,0.031295
48029192200,0.148146
48029192300,0.025303
48029980001,0.124094
48029980002,0.231313
48029980003,0.030575
48029980004,0.109764
48029980005,0.02506
48029980100,0.025184
48031950101,0.140783
48031950102,0.084212
48031950201,0.111548
48031950202,0.097486
48033950100,0.255829
48035950100,0.044024
48035950200,0.133502
48035950300,0.201168
48035950400,0.1236
48035950500,0.028099
48035950600,0.204349
48035950700,0.05114
48039660100,0.04068
48039660200,0.092454
48039660301,0.05358
48039660302,0.003632
48039660303,0.041872
48039660401,0.015659
48039660402,0.008368
48039660403,0.083189
48039660501,0.243421
48039660502,0.015194
48039660503,0.062152
48039660504,0.01175
48039660603,0.008398
48039660604,0.003571
48039660605,0.005876
48039660606,0.029853
48039660607,0.021002
48039660608,0.03454
48039660609,0.005103
48039660610,0.044545
48039660611,0.037275
48039660612,0.008569
48039660613,0.009739
48039660614,0.228352
48039660615,0.009424
48039660616,0.003798
48039660703,0.017943
48039660704,0.033125
48039660705,0.013814
48039660706,0.039695
48039660707,0.010866
48039660708,0.038643
48039660803,0.005656
48039660804,0.122135
48039660805,0.006189
48039660806,0.034513
48039660901,0.12366
48039660902,0.062123
48039661000,0.141016
48039661100,0.146926
48039661200,0.154143
48039661300,0.172739
48039661400,0.032731
48039661501,0.047487
48039661502,0.093939
48039661601,0.274779
48039661602,0.103573
48039661700,0.121322
48039661800,0.109809
48039661901,0.046099
48039661902,0.022816
48039662000,0.017236
48039662100,0.09102
48039662200,0.1403
48039662300,0.21605
48039662400,0.17999
48039662500,0.068143
48039662600,0.184132
48039662700,0.040612
48039662800,0.011575
48039662900,0.107603
48039663000,0.165691
48039663100,0.108715
48039663200,0.010948
48039663300,0.036386
48039663400,0.072373
48039663500,0.033151
48039663600,0.020795
48039663700,0.081297
48039663800,0.058266
48039663900,0.083268
48039664000,0.085986
48039664100,0.032124
48039664200,0.056686
48039664300,0.046808
48039664400,0.021134
48039664501,0.012237
48039990000,0.025391
48041000103,0.308597
48041000104,0.221881
48041000105,0.007148
48041000106,0.23389
48041000107,0.013373
48041000108,0.285876
48041000203,0.043427
48041000204,0.022186
48041000205,0.07958
48041000206,0.018506
48041000207,0.050883
48041000301,0.1109
48041000302,0.096953
48041000401,0.077098
48041000402,0.046758
48041000501,0.161726
48041000502,0.030075
48041000603,0.008395
48041000605,0.007662
48041000606,0.01457
48041000700,0.011536
48041000800,0.022736
48041000900,0.017203
48041001001,0.016595
48041001002,0.026263
48041001101,0.012742
48041001102,0.027967
48041001301,0.020614
48041001302,0.049786
48041001303,0.093049
48041001401,0.046605
48041001604,0.009299
48041001605,0.025351
48041001606,0.030613
48041001607,0.131242
48041001608,0.007907
48041001702,0.081806
48041001703,0.098308
48041001704,0.077965
48041001801,0.026229
48041001803,0.005431
48041001804,0.013305
48041001901,0.044087
48041001902,0.020597
48041002001,0.047051
48041002006,0.042862
48041002009,0.029063
48041002010,0.04613
48041002011,0.017684
48041002014,0.026219
48041002016,0.034322
48041002017,0.025784
48041002018,0.012891
48041002019,0.002464
48041002020,0.01564
48041002021,0.015161
48041002022,0.010608
48041002023,0.02144
48041002024,0.018183
48041002025,0.043696
48041002026,0.246369
48041002100,0.010969
48041980000,0.005859
48047950100,0.121085
48047950200,0.137302
48049950100,0.025719
48049950201,0.022493
48049950202,0.180206
48049950300,0.207043
48049950500,0.031744
48049950600,0.156401
48049950700,0.046588
48049950800,0.090864
48049950900,0.01127
48049951000,0.021022
48049951100,0.042765
48049951200,0.173989
48049951300,0.021162
48051970100,0.100762
48051970201,0.051298
48051970202,0.029358
48051970300,0.171537
48051970400,0.067425
48051970501,0.17299
48051970502,0.01621
48053960101,0.010158
48053960102,0.032629
48053960200,0.161447
48053960301,0.183181
48053960302,0.177286
48053960401,0.067007
48053960402,0.064793
48053960501,0.067477
48053960502,0.057952
48053960600,0.017863
48053960701,0.068739
48053960702,0.056313
48053960801,0.099718
48053960802,0.204746
48053960803,0.027103
48055960102,0.013566
48055960103,0.113348
48055960104,0.179596
48055960200,0.045954
48055960300,0.182211
48055960400,0.070564
48055960501,0.051269
48055960502,0.12028
48055960600,0.125086
48055960701,0.077358
48055960702,0.128499
48057000100,0.08008
48057000200,0.177529
48057000300,0.261279
48057000401,0.099133
48057000402,0.147421
48057000501,0.170305
48057000502,0.201791
48057990000,0.03125
48059030101,0.005826
48059030102,0.016562
48059030200,0.03374
48061010101,0.006821
48061010102,0.295933
48061010103,0.056174
48061010201,0.057178
48061010204,0.094838
48061010205,0.136391
48061010301,0.035837
48061010303,0.013583
48061010304,0.038419
48061010403,0.258074
48061010404,0.012302
48061010405,0.058205
48061010406,0.020278
48061010500,0.116774
48061010602,0.343856
48061010603,0.103282
48061010604,0.138987
48061010700,0.066526
48061010801,0.055273
48061010802,0.044561
48061010900,0.203299
48061011000,0.094965
48061011100,0.092796
48061011200,0.164888
48061011301,0.146841
48061011302,0.342837
48061011401,0.10977
48061011402,0.250359
48061011500,0.169721
48061011601,0.033466
48061011602,0.058697
48061011701,0.177412
48061011702,0.173744
48061011801,0.131641
48061011802,0.014206
48061011903,0.018682
48061011904,0.089007
48061011905,0.205381
48061011906,0.032902
48061011907,0.087975
48061011908,0.021794
48061012002,0.035797
48061012003,0.023458
48061012004,0.055077
48061012103,0.071321
48061012104,0.022824
48061012105,0.010009
48061012106,0.005416
48061012201,0.062544
48061012202,0.014655
48061012203,0.013401
48061012301,0.014905
48061012304,0.038177
48061012305,0.085795
48061012402,0.137878
48061012403,0.078382
48061012404,0.072111
48061012506,0.075461
48061012508,0.050922
48061012509,0.042157
48061012510,0.068174
48061012511,0.184133
48061012512,0.341173
48061012513,0.126696
48061012514,0.007161
48061012515,0.024089
48061012516,0.004593
48061012517,0.008328
48061012607,0.020499
48061012608,0.135764
48061012613,0.098852
48061012614,0.044271
48061012615,0.012912
48061012616,0.004492
48061012617,0.011083
48061012700,0.171724
48061012800,0.024397
48061012900,0.299311
48061013002,0.066272
48061013003,0.073742
48061013004,0.191071
48061013102,0.048217
48061013104,0.011833
48061013106,0.098368
48061013203,0.155931
48061013204,0.022184
48061013205,0.140807
48061013206,0.149091
48061013207,0.059991
48061013303,0.270396
48061013305,0.020264
48061013306,0.018066
48061013307,0.034018
48061013308,0.044271
48061013309,0.009847
48061013401,0.178086
48061013402,0.100568
48061013500,0.110659
48061013600,0.336844
48061013700,0.084609
48061013801,0.006777
48061013802,0.014536
48061013901,0.005723
48061013902,0.182809
48061013903,0.015734
48061014001,0.008754
48061014002,0.026073
48061014101,0.005501
48061014102,0.010746
48061014103,0.013775
48061014201,0.175295
48061014202,0.077062
48061014300,0.277963
48061014401,0.099056
48061014402,0.042966
48061014403,0.011667
48061014404,0.008045
48061014501,0.009824
48061014502,0.00472
48061980001,0.113289
48061980100,0.513021
48063950101,0.046346
48063950102,0.183633
48063950200,0.130255
48073950100,0.16856
48073950201,0.073854
48073950202,0.276448
48073950301,0.124196
48073950302,0.166739
48073950400,0.226692
48073950500,0.240761
48073950600,0.190574
48073950700,0.236106
48073950801,0.127184
48073950802,0.177355
48073950900,0.184862
48073951000,0.145764
48073951100,0.189931
48077030302,0.053208
48081950100,0.028914
48081950200,0.145132
48083950300,0.128432
48083950600,0.125416
48083950700,0.023492
48085030101,0.018215
48085030102,0.070455
48085030201,0.05364
48085030202,0.025243
48085030204,0.191085
48085030205,0.135878
48085030206,0.121848
48085030207,0.090699
48085030301,0.014858
48085030302,0.005911
48085030303,0.028468
48085030304,0.019993
48085030306,0.029962
48085030307,0.030204
48085030403,0.028746
48085030404,0.011833
48085030405,0.011799
48085030406,0.006576
48085030407,0.042823
48085030409,0.014665
48085030410,0.015522
48085030504,0.031315
48085030505,0.024934
48085030506,0.009533
48085030507,0.040901
48085030509,0.004995
48085030510,0.00768
48085030511,0.006818
48085030512,0.008694
48085030515,0.007907
48085030516,0.007625
48085030517,0.027546
48085030518,0.008075
48085030519,0.012853
48085030520,0.003561
48085030521,0.003619
48085030524,0.011525
48085030525,0.006927
48085030529,0.035889
48085030531,0.021264
48085030532,0.00988
48085030533,0.006163
48085030534,0.010971
48085030535,0.014433
48085030536,0.003427
48085030537,0.007599
48085030538,0.025365
48085030539,0.009932
48085030540,0.019343
48085030541,0.01036
48085030542,0.014825
48085030543,0.010037
48085030544,0.018317
48085030545,0.030465
48085030546,0.011115
48085030547,0.029704
48085030548,0.00981
48085030549,0.018481
48085030550,0.004033
48085030604,0.038515
48085030605,0.04034
48085030606,0.021702
48085030607,0.016166
48085030608,0.043802
48085030609,0.006192
48085030701,0.097941
48085030702,0.054231
48085030801,0.015029
48085030802,0.011542
48085030901,0.155513
48085030902,0.016927
48085030903,0.011066
48085031003,0.036458
48085031005,0.012378
48085031006,0.084243
48085031007,0.023073
48085031008,0.006943
48085031101,0.160461
48085031102,0.126951
48085031201,0.016087
48085031202,0.015836
48085031308,0.013093
48085031314,0.016146
48085031318,0.008549
48085031319,0.017542
48085031320,0.01211
48085031321,0.005807
48085031322,0.025262
48085031323,0.003344
48085031324,0.002517
48085031325,0.02946
48085031326,0.016731
48085031327,0.02433
48085031328,0.008325
48085031329,0.007649
48085031330,0.007767
48085031331,0.006477
48085031332,0.026064
48085031333,0.012641
48085031334,0.008925
48085031335,0.065578
48085031336,0.013683
48085031408,0.015987
48085031411,0.006404
48085031412,0.012446
48085031413,0.010956
48085031414,0.008106
48085031415,0.067061
48085031416,0.050936
48085031417,0.006999
48085031418,0.017023
48085031419,0.004203
48085031420,0.00823
48085031421,0.006551
48085031422,0.004639
48085031423,0.021986
48085031424,0.005746
48085031425,0.010546
48085031504,0.003161
48085031507,0.034904
48085031508,0.016055
48085031509,0.006415
48085031510,0.021309
48085031511,0.009071
48085031512,0.006946
48085031611,0.023376
48085031613,0.009215
48085031621,0.0273
48085031622,0.015829
48085031623,0.00697
48085031624,0.03125
48085031625,0.008154
48085031626,0.015896
48085031627,0.00942
48085031628,0.005664
48085031629,0.009806
48085031630,0.00651
48085031631,0.016602
48085031632,0.006728
48085031633,0.020833
48085031634,0.004122
48085031635,0.008002
48085031636,0.012354
48085031639,0.004527
48085031641,0.006214
48085031642,0.00883
48085031643,0.006429
48085031645,0.055676
48085031646,0.008908
48085031647,0.017079
48085031649,0.014731
48085031654,0.011529
48085031655,0.025906
48085031657,0.020592
48085031659,0.012929
48085031660,0.007865
48085031661,0.026026
48085031662,0.008179
48085031663,0.02964
48085031664,0.008436
48085031665,0.021564
48085031666,0.01511
48085031667,0.037598
48085031668,0.026021
48085031669,0.01105
48085031670,0.024694
48085031671,0.047483
48085031672,0.009165
48085031673,0.01436
48085031674,0.0104
48085031675,0.005353
48085031676,0.003241
48085031677,0.010701
48085031678,0.012166
48085031679,0.004689
48085031680,0.012673
48085031681,0.007568
48085031682,0.016222
48085031704,0.018804
48085031706,0.04208
48085031708,0.044166
48085031709,0.017832
48085031711,0.022322
48085031713,0.092342
48085031715,0.072261
48085031716,0.085885
48085031717,0.151986
48085031718,0.012162
48085031719,0.004992
48085031720,0.102037
48085031721,0.017367
48085031722,0.159619
48085031723,0.088427
48085031724,0.056994
48085031806,0.024805
48085031807,0.006009
48085031808,0.01183
48085031809,0.012032
48085031810,0.035986
48085031811,0.04955
48085031812,0.016218
48085031813,0.004503
48085031814,0.005318
48085031815,0.006109
48085031816,0.022745
48085031901,0.01072
48085031902,0.042032
48085031903,0.02202
48085031904,0.022226
48085032003,0.011784
48085032008,0.009874
48085032010,0.013482
48085032012,0.00791
48085032013,0.028754
48085032014,0.003988
48085032015,0.010498
48085032016,0.01574
48085032017,0.01175
48085032018,0.069719
48085032019,0.015756
48089750100,0.094265
48089750200,0.095665
48089750300,0.019139
48089750400,0.034236
48089750500,0.052568
48091310100,0.062395
48091310200,0.005166
48091310301,0.279893
48091310302,0.182033
48091310401,0.031387
48091310404,0.009943
48091310405,0.102727
48091310406,0.04717
48091310501,0.119333
48091310502,0.021973
48091310503,0.153082
48091310603,0.032721
48091310604,0.076472
48091310608,0.02596
48091310609,0.023541
48091310610,0.175922
48091310611,0.039289
48091310612,0.04232
48091310613,0.026377
48091310614,0.030668
48091310702,0.094224
48091310703,0.035191
48091310705,0.173225
48091310706,0.033199
48091310707,0.0763
48091310708,0.034179
48091310801,0.049002
48091310803,0.033565
48091310804,0.017589
48091310901,0.072008
48091310903,0.084422
48091310904,0.048237
48091310905,0.02343
48093950101,0.167862
48093950102,0.087098
48093950200,0.043603
48093950300,0.15007
48093950400,0.13791
48095950300,0.09968
48097000100,0.185024
48097000200,0.07536
48097000400,0.113191
48097000500,0.037766
48097000600,0.17623
48097000701,0.017223
48097000702,0.033285
48097000900,0.028058
48097001100,0.054924
48099010101,0.038462
48099010102,0.020285
48099010201,0.059353
48099010202,0.101958
48099010300,0.183109
48099010400,0.043381
48099010501,0.009837
48099010502,0.01278
48099010503,0.050009
48099010504,0.075731
48099010601,0.009098
48099010603,0.005894
48099010604,0.014947
48099010701,0.023089
48099010702,0.293008
48099010802,0.068613
48099010803,0.056728
48099010804,0.075507
48099980000,0.038264
48105950100,0.055634
48107950100,0.03954
48107950200,0.035171
48107950300,0.044683
48113000100,0.185749
48113000201,0.098673
48113000202,0.075757
48113000300,0.069877
48113000401,0.013186
48113000405,0.072546
48113000407,0.028777
48113000408,0.016429
48113000409,0.068169
48113000410,0.012154
48113000501,0.007967
48113000502,0.022783
48113000503,0.072336
48113000605,0.008708
48113000606,0.084604
48113000607,0.005548
48113000608,0.024926
48113000609,0.009495
48113000610,0.005936
48113000611,0.016751
48113000703,0.109832
48113000704,0.021516
48113000705,0.020615
48113000706,0.070684
48113000801,0.006909
48113000802,0.031629
48113000901,0.043588
48113000902,0.081949
48113001001,0.023748
48113001002,0.04079
48113001101,0.0414
48113001102,0.06357
48113001202,0.07912
48113001203,0.280069
48113001204,0.209112
48113001301,0.016625
48113001302,0.029603
48113001400,0.0911
48113001502,0.024737
48113001503,0.005534
48113001504,0.010164
48113001601,0.008611
48113001602,0.011039
48113001703,0.040935
48113001705,0.016751
48113001801,0.054133
48113001802,0.046047
48113001901,0.05585
48113001902,0.043632
48113002001,0.0696
48113002002,0.008468
48113002100,0.028816
48113002200,0.016542
48113002400,0.098486
48113002500,0.044528
48113002703,0.131845
48113003102,0.035289
48113003103,0.155772
48113003700,0.130856
48113004201,0.02785
48113004202,0.006454
48113004300,0.009852
48113004400,0.025531
48113004500,0.017905
48113004600,0.010132
48113004700,0.025441
48113004800,0.008787
48113005000,0.009057
48113005100,0.011705
48113005200,0.012062
48113005300,0.007191
48113005400,0.005709
48113005500,0.011026
48113005600,0.041585
48113005700,0.020586
48113005901,0.017024
48113005902,0.018076
48113006001,0.008779
48113006002,0.050399
48113006100,0.008165
48113006200,0.125678
48113006301,0.014711
48113006302,0.018049
48113006401,0.006213
48113006402,0.053594
48113006501,0.004003
48113006502,0.020419
48113006701,0.004759
48113006702,0.015258
48113006800,0.023278
48113006900,0.015403
48113007101,0.036685
48113007102,0.03274
48113007203,0.022869
48113007204,0.166965
48113007205,0.019989
48113007206,0.05854
48113007301,0.051735
48113007302,0.046256
48113007601,0.022797
48113007604,0.021881
48113007605,0.029947
48113007701,0.040826
48113007702,0.041023
48113007801,0.02881
48113007805,0.006625
48113007809,0.078436
48113007810,0.015247
48113007812,0.009171
48113007815,0.020325
48113007819,0.091746
48113007821,0.032153
48113007822,0.021367
48113007823,0.034892
48113007824,0.010871
48113007825,0.015481
48113007826,0.017415
48113007827,0.046156
48113007828,0.110022
48113007829,0.00822
48113007830,0.102646
48113007831,0.051966
48113007832,0.204488
48113007833,0.011915
48113007834,0.027041
48113007835,0.132145
48113007902,0.058104
48113007903,0.062658
48113007906,0.031153
48113007909,0.057977
48113007910,0.081051
48113007912,0.068065
48113007913,0.042424
48113007914,0.046224
48113007915,0.134351
48113007916,0.057498
48113008000,0.043961
48113008101,0.250086
48113008102,0.169676
48113008200,0.177486
48113008401,0.034946
48113008402,0.008495
48113008500,0.019698
48113008604,0.043794
48113008701,0.040818
48113008703,0.011839
48113008704,0.054147
48113008705,0.050525
48113008801,0.00534
48113008802,0.02044
48113009001,0.051506
48113009002,0.025522
48113009101,0.063951
48113009103,0.004478
48113009104,0.037386
48113009105,0.135017
48113009202,0.008427
48113009203,0.091803
48113009204,0.004845
48113009301,0.011315
48113009303,0.036983
48113009304,0.017135
48113009401,0.009067
48113009402,0.018249
48113009500,0.006589
48113009603,0.02161
48113009604,0.059153
48113009605,0.032148
48113009607,0.013764
48113009608,0.01318
48113009609,0.018929
48113009610,0.074066
48113009611,0.02131
48113009701,0.014378
48113009702,0.007786
48113009802,0.01605
48113009803,0.01762
48113009804,0.019753
48113009900,0.091103
48113010001,0.07299
48113010002,0.170051
48113010003,0.032048
48113010101,0.014983
48113010102,0.010766
48113010500,0.009607
48113010601,0.011705
48113010602,0.057412
48113010701,0.017834
48113010704,0.006669
48113010804,0.008289
48113010805,0.025193
48113010806,0.012845
48113010807,0.003923
48113010808,0.011545
48113010809,0.017757
48113010903,0.015827
48113010904,0.013938
48113010905,0.019147
48113010906,0.007081
48113011002,0.013874
48113011003,0.0036
48113011004,0.026927
48113011101,0.00488
48113011103,0.005671
48113011104,0.002703
48113011105,0.026258
48113011201,0.007839
48113011202,0.019929
48113011300,0.021129
48113011401,0.009612
48113011500,0.043083
48113011601,0.167019
48113011603,0.037818
48113011604,0.016228
48113011701,0.003795
48113011702,0.012781
48113011801,0.008557
48113011802,0.006316
48113011901,0.00441
48113011902,0.029909
48113012000,0.080338
48113012101,0.020969
48113012102,0.011929
48113012206,0.010271
48113012207,0.013723
48113012208,0.159531
48113012209,0.063781
48113012210,0.022205
48113012211,0.035965
48113012212,0.049167
48113012213,0.008286
48113012301,0.094882
48113012302,0.067449
48113012400,0.058413
48113012501,0.157258
48113012502,0.157388
48113012601,0.130011
48113012603,0.110036
48113012604,0.083641
48113012701,0.07757
48113012702,0.167518
48113012801,0.267721
48113012802,0.094422
48113012900,0.083005
48113013005,0.025724
48113013007,0.050745
48113013008,0.006244
48113013009,0.018671
48113013010,0.046706
48113013011,0.024415
48113013012,0.036961
48113013013,0.050865
48113013101,0.013747
48113013102,0.00463
48113013104,0.026969
48113013106,0.008296
48113013107,0.060586
48113013201,0.026886
48113013202,0.036152
48113013300,0.016119
48113013400,0.035513
48113013500,0.003494
48113013605,0.016357
48113013606,0.012934
48113013607,0.008182
48113013608,0.01325
48113013609,0.014865
48113013610,0.00845
48113013611,0.034908
48113013615,0.121137
48113013617,0.060676
48113013618,0.043149
48113013619,0.008213
48113013620,0.060111
48113013621,0.243583
48113013622,0.111744
48113013624,0.045258
48113013625,0.094836
48113013626,0.083016
48113013627,0.199715
48113013628,0.01791
48113013629,0.055974
48113013630,0.393664
48113013631,0.117479
48113013715,0.008651
48113013716,0.01001
48113013717,0.002451
48113013718,0.009458
48113013719,0.062966
48113013720,0.034421
48113013721,0.010708
48113013722,0.019103
48113013725,0.248934
48113013726,0.010369
48113013727,0.00816
48113013728,0.00813
48113013729,0.007778
48113013804,0.009162
48113013805,0.008561
48113013806,0.016771
48113013807,0.023954
48113013808,0.034603
48113013901,0.020148
48113013902,0.006539
48113014001,0.018096
48113014002,0.023714
48113014119,0.018458
48113014120,0.004545
48113014121,0.011305
48113014123,0.024268
48113014124,0.022338
48113014126,0.010365
48113014128,0.006831
48113014130,0.019122
48113014132,0.003127
48113014134,0.030349
48113014135,0.008048
48113014138,0.005821
48113014139,0.010579
48113014140,0.010776
48113014141,0.006102
48113014142,0.004687
48113014143,0.055128
48113014144,0.023407
48113014145,0.039957
48113014146,0.020066
48113014147,0.029177
48113014148,0.010893
48113014149,0.005006
48113014150,0.072965
48113014151,0.01716
48113014152,0.127701
48113014153,0.026458
48113014154,0.00539
48113014155,0.011599
48113014156,0.004946
48113014157,0.014322
48113014158,0.004256
48113014159,0.025345
48113014160,0.011445
48113014161,0.02129
48113014203,0.010504
48113014204,0.006638
48113014205,0.057469
48113014207,0.038141
48113014208,0.043279
48113014209,0.037785
48113014306,0.007685
48113014308,0.00809
48113014309,0.064681
48113014310,0.006835
48113014313,0.056282
48113014314,0.008492
48113014315,0.013199
48113014316,0.15613
48113014317,0.023358
48113014318,0.009462
48113014319,0.062104
48113014320,0.051025
48113014405,0.011504
48113014406,0.016495
48113014407,0.015088
48113014408,0.025909
48113014409,0.036362
48113014410,0.010976
48113014501,0.01521
48113014502,0.017137
48113014601,0.006778
48113014602,0.014433
48113014603,0.006853
48113014701,0.014897
48113014704,0.00772
48113014903,0.069937
48113015001,0.009864
48113015002,0.021781
48113015101,0.004566
48113015102,0.007194
48113015202,0.094136
48113015205,0.029988
48113015206,0.005996
48113015207,0.153352
48113015208,0.003202
48113015303,0.024438
48113015304,0.060023
48113015305,0.015832
48113015306,0.004811
48113015403,0.030148
48113015404,0.073789
48113015405,0.028189
48113015406,0.034144
48113015500,0.032226
48113015600,0.024933
48113015700,0.039345
48113015900,0.056308
48113016001,0.04564
48113016002,0.008171
48113016100,0.039517
48113016201,0.007223
48113016203,0.090043
48113016204,0.006151
48113016301,0.158732
48113016302,0.025999
48113016406,0.012496
48113016407,0.016645
48113016409,0.011392
48113016410,0.01552
48113016412,0.011528
48113016414,0.018075
48113016415,0.004092
48113016416,0.004806
48113016417,0.006847
48113016418,0.127347
48113016419,0.023079
48113016420,0.004273
48113016421,0.174978
48113016511,0.008178
48113016513,0.013163
48113016516,0.003021
48113016517,0.008739
48113016518,0.011465
48113016519,0.015461
48113016521,0.093664
48113016522,0.085287
48113016524,0.010886
48113016525,0.012979
48113016526,0.010932
48113016527,0.00782
48113016528,0.005809
48113016529,0.002324
48113016530,0.019016
48113016531,0.024313
48113016532,0.007758
48113016533,0.045069
48113016534,0.022726
48113016535,0.031091
48113016536,0.011099
48113016607,0.028987
48113016610,0.007243
48113016615,0.00577
48113016616,0.016088
48113016617,0.007304
48113016618,0.010251
48113016619,0.011806
48113016620,0.010952
48113016621,0.009921
48113016622,0.010503
48113016623,0.010754
48113016624,0.037427
48113016626,0.006713
48113016627,0.004577
48113016628,0.016741
48113016629,0.053242
48113016630,0.005272
48113016631,0.015475
48113016632,0.136426
48113016633,0.008413
48113016634,0.06069
48113016635,0.061889
48113016636,0.017543
48113016637,0.016529
48113016638,0.014939
48113016704,0.141439
48113016706,0.015943
48113016707,0.015755
48113016708,0.009795
48113016709,0.01811
48113016710,0.0116
48113016711,0.03446
48113016802,0.045205
48113016803,0.007885
48113016805,0.008584
48113016806,0.011218
48113016902,0.019746
48113016903,0.015092
48113017005,0.039602
48113017006,0.009561
48113017007,0.010417
48113017008,0.042827
48113017009,0.037598
48113017010,0.005824
48113017101,0.023086
48113017102,0.073163
48113017201,0.013975
48113017203,0.056776
48113017204,0.041013
48113017307,0.030641
48113017308,0.004267
48113017309,0.005469
48113017310,0.003663
48113017311,0.011287
48113017312,0.005748
48113017313,0.025895
48113017314,0.006405
48113017315,0.011333
48113017400,0.004517
48113017500,0.080037
48113017602,0.009945
48113017604,0.07618
48113017605,0.00712
48113017606,0.016883
48113017703,0.009251
48113017704,0.021812
48113017705,0.035573
48113017706,0.011698
48113017805,0.020392
48113017806,0.015549
48113017808,0.039789
48113017811,0.074705
48113017812,0.084827
48113017814,0.054651
48113017815,0.006944
48113017816,0.029343
48113017817,0.049777
48113017818,0.005587
48113017819,0.049248
48113017820,0.049324
48113017900,0.071747
48113018001,0.067412
48113018002,0.077017
48113018105,0.01032
48113018110,0.012874
48113018111,0.119677
48113018120,0.006152
48113018121,0.008627
48113018126,0.104224
48113018127,0.09921
48113018128,0.113779
48113018129,0.054087
48113018130,0.057289
48113018132,0.019747
48113018133,0.143039
48113018134,0.023652
48113018135,0.011829
48113018137,0.016815
48113018138,0.006908
48113018140,0.07937
48113018141,0.049911
48113018142,0.035267
48113018143,0.045838
48113018144,0.012327
48113018145,0.048104
48113018146,0.008407
48113018147,0.005228
48113018148,0.022134
48113018149,0.018638
48113018150,0.003713
48113018151,0.016723
48113018152,0.031739
48113018153,0.004515
48113018154,0.02195
48113018155,0.006472
48113018156,0.041231
48113018157,0.011225
48113018158,0.164465
48113018159,0.01039
48113018203,0.013475
48113018204,0.010738
48113018205,0.001425
48113018206,0.008337
48113018300,0.010386
48113018401,0.035177
48113018402,0.05114
48113018403,0.125222
48113018501,0.062922
48113018505,0.049381
48113018506,0.019856
48113018507,0.010822
48113018508,0.020799
48113018600,0.007423
48113018700,0.18127
48113018801,0.007622
48113018802,0.02357
48113018900,0.026594
48113019013,0.009521
48113019016,0.135359
48113019018,0.005751
48113019019,0.044522
48113019020,0.029516
48113019023,0.005518
48113019024,0.005637
48113019025,0.315899
48113019026,0.014681
48113019027,0.008962
48113019028,0.005528
48113019029,0.026529
48113019031,0.016245
48113019032,0.020982
48113019033,0.025769
48113019034,0.009811
48113019035,0.007725
48113019036,0.240652
48113019037,0.012574
48113019039,0.021532
48113019040,0.008152
48113019041,0.012656
48113019042,0.013414
48113019044,0.008991
48113019045,0.033422
48113019046,0.005905
48113019047,0.00302
48113019048,0.008237
48113019049,0.025063
48113019050,0.029484
48113019051,0.032597
48113019052,0.017961
48113019053,0.125743
48113019101,0.021058
48113019102,0.068936
48113019202,0.011144
48113019203,0.010931
48113019205,0.015723
48113019208,0.017193
48113019210,0.014135
48113019211,0.013147
48113019212,0.008021
48113019213,0.090951
48113019214,0.005961
48113019215,0.010675
48113019216,0.014403
48113019301,0.015989
48113019302,0.034324
48113019400,0.006917
48113019501,0.177303
48113019502,0.018782
48113019600,0.021952
48113019700,0.010628
48113019800,0.030597
48113019900,0.013635
48113020000,0.014478
48113020100,0.072746
48113020200,0.072549
48113020300,0.017989
48113020401,0.0436
48113020402,0.017253
48113020500,0.004677
48113020600,0.019186
48113020700,0.019211
48113020800,0.011185
48113020900,0.015154
48113021000,0.00641
48113021100,0.092679
48113021200,0.034847
48113980000,0.106822
48113980100,0.151357
48113980200,0.001953
48115950401,0.14743
48115950402,0.156711
48115950500,0.229316
48115950600,0.087601
48119950100,0.042384
48119950200,0.106219
48121020109,0.011561
48121020110,0.019529
48121020111,0.016027
48121020112,0.086132
48121020115,0.008386
48121020116,0.014214
48121020117,0.069459
48121020118,0.142826
48121020119,0.005658
48121020120,0.020985
48121020121,0.064134
48121020122,0.030155
48121020123,0.070657
48121020124,0.006786
48121020125,0.062838
48121020126,0.007607
48121020127,0.010569
48121020128,0.058856
48121020129,0.025873
48121020130,0.034075
48121020131,0.041566
48121020132,0.041571
48121020133,0.009464
48121020134,0.016909
48121020135,0.12153
48121020136,0.170044
48121020137,0.085193
48121020203,0.010646
48121020204,0.068376
48121020205,0.048868
48121020206,0.124628
48121020207,0.092141
48121020208,0.009421
48121020305,0.015314
48121020310,0.012036
48121020311,0.026616
48121020312,0.008598
48121020313,0.023211
48121020314,0.042506
48121020315,0.040374
48121020316,0.050196
48121020317,0.006237
48121020318,0.026473
48121020319,0.070112
48121020320,0.01211
48121020321,0.005219
48121020322,0.020619
48121020402,0.181461
48121020403,0.023971
48121020404,0.128573
48121020405,0.083501
48121020504,0.036671
48121020505,0.095212
48121020506,0.16154
48121020507,0.011245
48121020508,0.185765
48121020601,0.068279
48121020603,0.143794
48121020604,0.008334
48121020605,0.078566
48121020700,0.009427
48121020800,0.04851
48121020900,0.012489
48121021000,0.007683
48121021100,0.037174
48121021202,0.022079
48121021203,0.232254
48121021204,0.033712
48121021301,0.23024
48121021304,0.010476
48121021305,0.05941
48121021306,0.059268
48121021307,0.006581
48121021410,0.029737
48121021411,0.127008
48121021412,0.112194
48121021413,0.189187
48121021414,0.177444
48121021415,0.02696
48121021416,0.010034
48121021417,0.017897
48121021418,0.013269
48121021419,0.014671
48121021420,0.024012
48121021421,0.029705
48121021422,0.010779
48121021423,0.014763
48121021502,0.064365
48121021505,0.014399
48121021512,0.015932
48121021513,0.063761
48121021514,0.007991
48121021516,0.007763
48121021517,0.22363
48121021518,0.027089
48121021520,0.009835
48121021521,0.074442
48121021522,0.016592
48121021526,0.009388
48121021528,0.009262
48121021529,0.005982
48121021530,0.00753
48121021531,0.016348
48121021532,0.011532
48121021533,0.00417
48121021534,0.009538
48121021535,0.029228
48121021536,0.052519
48121021537,0.041705
48121021538,0.007785
48121021539,0.017994
48121021540,0.004781
48121021611,0.017224
48121021612,0.012102
48121021613,0.00889
48121021614,0.011386
48121021615,0.015914
48121021616,0.007439
48121021618,0.027482
48121021619,0.013658
48121021620,0.032741
48121021621,0.019639
48121021622,0.015745
48121021626,0.02149
48121021630,0.00867
48121021631,0.023046
48121021632,0.006819
48121021633,0.010062
48121021634,0.030968
48121021635,0.009798
48121021637,0.0141
48121021638,0.006275
48121021639,0.014486
48121021640,0.005074
48121021641,0.044525
48121021642,0.051109
48121021643,0.011757
48121021644,0.016975
48121021645,0.077984
48121021646,0.021732
48121021647,0.025095
48121021648,0.002455
48121021649,0.073699
48121021650,0.016969
48121021651,0.010095
48121021652,0.007346
48121021653,0.0169
48121021654,0.055671
48121021655,0.018597
48121021715,0.012329
48121021716,0.032701
48121021717,0.008362
48121021719,0.025818
48121021720,0.013595
48121021721,0.005447
48121021722,0.013309
48121021723,0.016598
48121021724,0.007938
48121021725,0.039395
48121021726,0.008726
48121021727,0.008705
48121021728,0.095052
48121021729,0.01174
48121021730,0.006022
48121021731,0.006836
48121021732,0.321876
48121021733,0.037369
48121021734,0.084263
48121021735,0.020009
48121021736,0.014828
48121021737,0.037128
48121021738,0.046024
48121021739,0.108377
48121021740,0.011416
48121021741,0.002279
48121021742,0.025879
48121021743,0.083171
48121021744,0.028497
48121021745,0.01739
48121021746,0.021526
48121021748,0.02891
48121021749,0.006152
48121021750,0.02076
48121021751,0.011705
48121021752,0.003607
48121021754,0.016038
48121021755,0.008244
48121021756,0.066934
48121021757,0.035125
48121021758,0.009728
48121021759,0.040161
48121021800,0.017522
48121021900,0.007548
48123970100,0.050675
48123970201,0.256379
48123970202,0.09592
48123970300,0.084951
48123970400,0.067128
48123970500,0.063408
48125950300,0.09219
48127950201,0.131716
48127950202,0.108955
48127950400,0.1501
48131950100,0.032504
48131950200,0.049223
48131950500,0.029497
48133950100,0.044033
48133950201,0.023409
48133950202,0.035299
48133950301,0.122495
48133950302,0.060947
48133950400,0.020011
48133950500,0.023795
48137950300,0.111176
48139060103,0.04362
48139060104,0.00744
48139060105,0.013774
48139060106,0.011478
48139060206,0.090775
48139060207,0.043615
48139060209,0.011383
48139060211,0.00963
48139060212,0.013827
48139060215,0.016322
48139060216,0.102937
48139060217,0.01517
48139060218,0.008332
48139060219,0.02375
48139060220,0.007442
48139060221,0.008221
48139060300,0.002711
48139060400,0.101058
48139060500,0.021374
48139060601,0.087269
48139060602,0.014794
48139060702,0.045986
48139060704,0.068877
48139060801,0.021188
48139060802,0.040954
48139060803,0.031539
48139060900,0.018654
48139061000,0.104989
48139061100,0.022986
48139061200,0.086966
48139061300,0.058922
48139061401,0.063219
48139061402,0.02119
48139061500,0.079406
48139061600,0.046521
48139061700,0.042338
48143950100,0.072578
48143950201,0.083584
48143950203,0.055869
48143950204,0.022524
48143950301,0.083507
48143950302,0.11894
48143950401,0.242008
48143950402,0.104084
48143950501,0.111009
48143950502,0.15378
48143950600,0.158385
48143950700,0.12191
48145000200,0.126454
48145000300,0.177241
48145000400,0.160812
48145000500,0.024764
48145000700,0.018216
48145000800,0.034037
48147950100,0.03432
48147950300,0.06909
48147950401,0.243908
48147950402,0.115494
48147950500,0.172073
48147950600,0.252097
48147950701,0.031204
48147950702,0.084175
48147950800,0.047553
48149970100,0.029477
48149970200,0.119383
48149970301,0.14474
48149970302,0.059072
48149970400,0.076256
48149970500,0.027637
48149970601,0.051931
48149970602,0.067378
48149970700,0.060579
48151950300,0.034023
48151950400,0.153888
48155950100,0.025932
48157670101,0.008796
48157670102,0.025586
48157670201,0.006088
48157670202,0.005594
48157670300,0.058288
48157670400,0.006311
48157670500,0.091523
48157670602,0.008882
48157670603,0.007485
48157670604,0.006318
48157670700,0.072428
48157670801,0.159924
48157670802,0.005393
48157670803,0.014101
48157670804,0.211886
48157670902,0.207196
48157670903,0.160201
48157670904,0.00729
48157671001,0.007852
48157671002,0.01379
48157671101,0.056381
48157671102,0.009468
48157671200,0.007484
48157671300,0.017191
48157671401,0.02156
48157671402,0.025
48157671501,0.009125
48157671502,0.040545
48157671601,0.024898
48157671602,0.013421
48157671700,0.03715
48157671800,0.016718
48157671900,0.005929
48157672002,0.059051
48157672003,0.006378
48157672004,0.006195
48157672100,0.123577
48157672201,0.073473
48157672202,0.010427
48157672303,0.030688
48157672304,0.00929
48157672305,0.046642
48157672306,0.012842
48157672401,0.051446
48157672402,0.016014
48157672500,0.014105
48157672602,0.007636
48157672603,0.004833
48157672604,0.009924
48157672701,0.011972
48157672702,0.006705
48157672703,0.009036
48157672801,0.047494
48157672802,0.053697
48157672901,0.012564
48157672902,0.006275
48157672903,0.033959
48157672904,0.051921
48157672905,0.016956
48157672906,0.020377
48157672907,0.006185
48157673004,0.008105
48157673005,0.010353
48157673006,0.015046
48157673007,0.020599
48157673008,0.005752
48157673009,0.045541
48157673010,0.006294
48157673103,0.042957
48157673104,0.010172
48157673105,0.033373
48157673106,0.020999
48157673107,0.010845
48157673108,0.008736
48157673109,0.016982
48157673110,0.007923
48157673111,0.011116
48157673112,0.011236
48157673113,0.003375
48157673201,0.005339
48157673202,0.025655
48157673300,0.017747
48157673401,0.013864
48157673402,0.013114
48157673403,0.016591
48157673404,0.021472
48157673501,0.031022
48157673502,0.011702
48157673600,0.0327
48157673700,0.083266
48157673801,0.243067
48157673802,0.087262
48157673902,0.021368
48157673903,0.01842
48157673904,0.211254
48157674001,0.008091
48157674002,0.010244
48157674100,0.010228
48157674200,0.018194
48157674301,0.007868
48157674302,0.014585
48157674401,0.006343
48157674402,0.022707
48157674403,0.013875
48157674404,0.041722
48157674503,0.006846
48157674504,0.0059
48157674505,0.036852
48157674506,0.008104
48157674507,0.042338
48157674508,0.056014
48157674601,0.090379
48157674602,0.149844
48157674603,0.015003
48157674604,0.075753
48157674701,0.165477
48157674702,0.038777
48157674800,0.017936
48157674900,0.260551
48157675000,0.163924
48157675101,0.008505
48157675102,0.052173
48157675200,0.245513
48157675300,0.214464
48157675401,0.18092
48157675402,0.175644
48157675501,0.099793
48157675502,0.019467
48157675503,0.008301
48157675600,0.01352
48157675701,0.023962
48157675702,0.003688
48157675800,0.057448
48159950101,0.036845
48159950102,0.038549
48159950200,0.114669
48159950300,0.094648
48161000101,0.030766
48161000102,0.217323
48161000200,0.170674
48161000300,0.126026
48161000400,0.035996
48161000600,0.027128
48161000700,0.114382
48161000900,0.190178
48163950101,0.019931
48163950102,0.042539
48163950201,0.138423
48163950202,0.051046
48163950301,0.15482
48163950302,0.10006
48167720100,0.009454
48167720200,0.028978
48167720301,0.044535
48167720302,0.009246
48167720400,0.041933
48167720501,0.006079
48167720504,0.007568
48167720505,0.036049
48167720506,0.007991
48167720507,0.011943
48167720508,0.020123
48167720509,0.109187
48167720510,0.039396
48167720511,0.015502
48167720512,0.004716
48167720601,0.016791
48167720602,0.007651
48167720603,0.003853
48167720604,0.013881
48167720605,0.044759
48167720701,0.055608
48167720702,0.063623
48167720703,0.021658
48167720800,0.011875
48167720900,0.085495
48167721101,0.024965
48167721203,0.102915
48167721204,0.009408
48167721205,0.013513
48167721206,0.127293
48167721209,0.122797
48167721301,0.006952
48167721302,0.021023
48167721401,0.006523
48167721403,0.011088
48167721501,0.085951
48167721502,0.040676
48167721901,0.008023
48167723300,0.023587
48167723401,0.132216
48167723402,0.033551
48167723403,0.029993
48167723503,0.219062
48167723504,0.226497
48167723505,0.043263
48169950101,0.048243
48169950102,0.027407
48169980000,0.270465
48171950100,0.091242
48171950200,0.019386
48171950301,0.260475
48171950302,0.143735
48171950401,0.114285
48171950402,0.274362
48171950500,0.192751
48173950100,0.082767
48175960100,0.128647
48175960200,0.048813
48177000100,0.13423
48177000200,0.075859
48177000300,0.206005
48177000400,0.204502
48177000500,0.128812
48177000600,0.034127
48181000101,0.056712
48181000102,0.063885
48181000302,0.078124
48181000304,0.037964
48181000600,0.076901
48181000700,0.220487
48181000800,0.007711
48181000901,0.167097
48181000903,0.02852
48181000904,0.02045
48181001101,0.018836
48181001103,0.122206
48181001104,0.040519
48181001200,0.009787
48181001300,0.196819
48181001400,0.107228
48181001500,0.122406
48181001700,0.012632
48181001801,0.040438
48181001802,0.01419
48181001803,0.096989
48181001901,0.087475
48181001902,0.024909
48181002000,0.030289
48183010100,0.015652
48183010201,0.143846
48183010202,0.046783
48183010401,0.112202
48183010402,0.052047
48183010700,0.083033
48185180101,0.028694
48185180102,0.095547
48185180201,0.055915
48185180202,0.039721
48185180302,0.074294
48185180303,0.012119
48185180304,0.083845
48185180400,0.04018
48187210100,0.150573
48187210200,0.112196
48187210300,0.217079
48187210400,0.114626
48187210505,0.045186
48187210506,0.120462
48187210508,0.090612
48187210509,0.258784
48187210510,0.175238
48187210511,0.157858
48187210512,0.247655
48187210513,0.049863
48187210603,0.009817
48187210606,0.019277
48187210608,0.134597
48187210609,0.009209
48187210610,0.02819
48187210611,0.004028
48187210612,0.063802
48187210613,0.014132
48187210614,0.022626
48187210705,0.017191
48187210706,0.011387
48187210707,0.015338
48187210709,0.026085
48187210710,0.040999
48187210711,0.018825
48187210712,0.011841
48187210713,0.003282
48187210715,0.012303
48187210716,0.004392
48187210717,0.009762
48187210718,0.014718
48187210803,0.026722
48187210804,0.045096
48187210805,0.069271
48187210806,0.170081
48187210902,0.042044
48187210903,0.046177
48187210904,0.257814
48187210905,0.023935
48193950100,0.039621
48193950200,0.083962
48193950300,0.067314
48201100001,0.095126
48201210400,0.00625
48201210500,0.004997
48201210600,0.013986
48201210700,0.009304
48201210800,0.01984
48201210900,0.023675
48201211000,0.039544
48201211101,0.04989
48201211102,0.004519
48201211200,0.004165
48201211301,0.032605
48201211302,0.070494
48201211400,0.012107
48201211501,0.050749
48201211502,0.069044
48201211600,0.066475
48201211700,0.042472
48201211900,0.009559
48201212300,0.025424
48201212400,0.020751
48201212500,0.024983
48201220100,0.026283
48201220200,0.005791
48201220300,0.01765
48201220400,0.027822
48201220500,0.027913
48201220600,0.010886
48201220701,0.049593
48201220702,0.041091
48201220800,0.053978
48201220900,0.072444
48201221000,0.017657
48201221100,0.011269
48201221200,0.009127
48201221301,0.041461
48201221302,0.004231
48201221400,0.007465
48201221501,0.011023
48201221502,0.026154
48201221601,0.008701
48201221602,0.012862
48201221701,0.010477
48201221702,0.036486
48201221800,0.043029
48201221900,0.078446
48201222000,0.016869
48201222100,0.026847
48201222200,0.04494
48201222300,0.008801
48201222401,0.080624
48201222402,0.013154
48201222501,0.009215
48201222502,0.20986
48201222504,0.010308
48201222505,0.008823
48201222601,0.011053
48201222602,0.006523
48201222701,0.014359
48201222702,0.035782
48201222800,0.03131
48201222900,0.016432
48201223001,0.013249
48201223002,0.009599
48201223100,0.02865
48201230100,0.008174
48201230200,0.006546
48201230300,0.013197
48201230400,0.007997
48201230500,0.049517
48201230600,0.050848
48201230700,0.009662
48201230800,0.02867
48201230900,0.010002
48201231000,0.012121
48201231100,0.087694
48201231200,0.010104
48201231300,0.00252
48201231400,0.006472
48201231500,0.032206
48201231600,0.008361
48201231700,0.081083
48201231800,0.011749
48201231900,0.029957
48201232000,0.011188
48201232100,0.066291
48201232201,0.012689
48201232202,0.029906
48201232203,0.106784
48201232303,0.010222
48201232304,0.046189
48201232305,0.044289
48201232306,0.031507
48201232402,0.020341
48201232403,0.030698
48201232404,0.034513
48201232405,0.050947
48201232500,0.121753
48201232600,0.016917
48201232701,0.025901
48201232703,0.043875
48201232704,0.034193
48201232801,0.055829
48201232802,0.011653
48201232901,0.02664
48201232902,0.04907
48201233001,0.03391
48201233002,0.023001
48201233003,0.014754
48201233101,0.019885
48201233103,0.065533
48201233104,0.045475
48201233105,0.03548
48201233200,0.019644
48201233300,0.058003
48201233400,0.014363
48201233501,0.017596
48201233502,0.033543
48201233600,0.031473
48201233701,0.054173
48201233702,0.010168
48201233703,0.063116
48201240101,0.012524
48201240102,0.050916
48201240400,0.015181
48201240503,0.005069
48201240504,0.007949
48201240505,0.012602
48201240506,0.005175
48201240600,0.016547
48201240703,0.024768
48201240704,0.013349
48201240705,0.006262
48201240706,0.022851
48201240707,0.028721
48201240802,0.009078
48201240803,0.022622
48201240804,0.018168
48201240903,0.024302
48201240904,0.01519
48201240905,0.017468
48201240906,0.00548
48201241001,0.042239
48201241002,0.009725
48201241101,0.016071
48201241103,0.010281
48201241104,0.012451
48201241105,0.18709
48201241201,0.011053
48201241202,0.231851
48201241301,0.012759
48201241302,0.012449
48201241400,0.025945
48201241501,0.03734
48201241502,0.026983
48201241503,0.044215
48201250101,0.048187
48201250102,0.093747
48201250201,0.019272
48201250202,0.020877
48201250303,0.090763
48201250304,0.054496
48201250305,0.010601
48201250306,0.013187
48201250403,0.049838
48201250404,0.007956
48201250405,0.033939
48201250406,0.048253
48201250407,0.124007
48201250408,0.009801
48201250500,0.011488
48201250601,0.047254
48201250602,0.043227
48201250701,0.016175
48201250702,0.012157
48201250801,0.015409
48201250802,0.033829
48201250901,0.025452
48201250902,0.007551
48201251000,0.064414
48201251100,0.018772
48201251200,0.014266
48201251300,0.013045
48201251401,0.005824
48201251402,0.005321
48201251501,0.011393
48201251503,0.005534
48201251504,0.002625
48201251505,0.010817
48201251600,0.053105
48201251701,0.002569
48201251702,0.031717
48201251800,0.358724
48201251902,0.029767
48201251903,0.062431
48201251904,0.011092
48201252001,0.004922
48201252002,0.031589
48201252003,0.057564
48201252100,0.013588
48201252201,0.112129
48201252202,0.128615
48201252303,0.007021
48201252304,0.021653
48201252305,0.009211
48201252306,0.00665
48201252400,0.031268
48201252500,0.134369
48201252601,0.02809
48201252602,0.122786
48201252700,0.111155
48201252800,0.018094
48201252901,0.026571
48201252902,0.010955
48201253000,0.056075
48201253202,0.025652
48201253300,0.012167
48201253502,0.031153
48201310101,0.014736
48201310102,0.011535
48201310200,0.014151
48201310300,0.003134
48201310400,0.009957
48201310500,0.017949
48201310600,0.005156
48201310700,0.033225
48201310800,0.013662
48201310900,0.007772
48201311001,0.082677
48201311002,0.131542
48201311100,0.018413
48201311200,0.040988
48201311300,0.005238
48201311400,0.007454
48201311501,0.01216
48201311502,0.007512
48201311600,0.02475
48201311701,0.021017
48201311702,0.041177
48201311800,0.028865
48201311900,0.012721
48201312000,0.040914
48201312200,0.039621
48201312300,0.009192
48201312400,0.016011
48201312501,0.017033
48201312502,0.015192
48201312601,0.10124
48201312602,0.033794
48201312603,0.024996
48201312700,0.023874
48201312800,0.008017
48201312901,0.013859
48201312902,0.007701
48201313000,0.014996
48201313101,0.019377
48201313102,0.08601
48201313201,0.034739
48201313202,0.007334
48201313300,0.007518
48201313400,0.006775
48201313500,0.007957
48201313600,0.008343
48201313700,0.033973
48201313801,0.020308
48201313802,0.013157
48201313901,0.036049
48201313902,0.007813
48201314001,0.048127
48201314003,0.11211
48201314004,0.016602
48201314005,0.01541
48201314301,0.07899
48201314302,0.03363
48201314401,0.130915
48201314402,0.218093
48201320100,0.008014
48201320201,0.028277
48201320202,0.015182
48201320500,0.024235
48201320601,0.010604
48201320602,0.009739
48201320700,0.037016
48201320800,0.153433
48201320901,0.03598
48201320902,0.004858
48201321001,0.018132
48201321002,0.059161
48201321101,0.034569
48201321102,0.021734
48201321200,0.030714
48201321301,0.023156
48201321302,0.091196
48201321401,0.022547
48201321402,0.123606
48201321500,0.069742
48201321600,0.018678
48201321700,0.007978
48201321800,0.038335
48201321900,0.012481
48201322000,0.0652
48201322100,0.010767
48201322200,0.006925
48201322600,0.078609
48201322701,0.024829
48201322702,0.02456
48201322800,0.027136
48201322900,0.012073
48201323000,0.021044
48201323100,0.018127
48201323200,0.024299
48201323300,0.015233
48201323400,0.022484
48201323500,0.038508
48201323601,0.025665
48201323602,0.059955
48201323701,0.038032
48201323702,0.049758
48201323801,0.008993
48201323802,0.009369
48201323900,0.035634
48201324000,0.034776
48201324101,0.083184
48201324102,0.269709
48201324200,0.090751
48201330101,0.014547
48201330102,0.013007
48201330200,0.007897
48201330301,0.053034
48201330302,0.032882
48201330303,0.022746
48201330400,0.042137
48201330500,0.020369
48201330600,0.01607
48201330700,0.054666
48201330801,0.057719
48201330802,0.090196
48201330901,0.012483
48201330902,0.00734
48201331100,0.01703
48201331200,0.010433
48201331300,0.02954
48201331400,0.051095
48201331501,0.159153
48201331502,0.007378
48201331602,0.006991
48201331603,0.010883
48201331604,0.00455
48201331700,0.044332
48201331800,0.019642
48201331900,0.031791
48201332000,0.006845
48201332100,0.032851
48201332200,0.006934
48201332300,0.016564
48201332400,0.01024
48201332500,0.012478
48201332600,0.007132
48201332700,0.033818
48201332800,0.047039
48201332900,0.013925
48201333000,0.025985
48201333100,0.010915
48201333201,0.029559
48201333203,0.009953
48201333204,0.027015
48201333205,0.071053
48201333301,0.045777
48201333302,0.010918
48201333501,0.02924
48201333502,0.16217
48201333600,0.090772
48201333700,0.052588
48201333801,0.096155
48201333802,0.007899
48201333903,0.019436
48201333904,0.013492
48201333905,0.010024
48201333906,0.019708
48201334001,0.007338
48201334002,0.078943
48201334003,0.02975
48201334101,0.028076
48201334102,0.060034
48201340101,0.058048
48201340102,0.008761
48201340201,0.169052
48201340202,0.029345
48201340203,0.019388
48201340301,0.015674
48201340302,0.018692
48201340400,0.021659
48201340501,0.010789
48201340502,0.048047
48201340600,0.016766
48201340701,0.02199
48201340702,0.013556
48201340800,0.011901
48201340900,0.037104
48201341001,0.079336
48201341002,0.048926
48201341101,0.022361
48201341102,0.023865
48201341201,0.012336
48201341203,0.070986
48201341204,0.049384
48201341302,0.094253
48201341303,0.023868
48201341304,0.068149
48201341400,0.036185
48201341501,0.008
48201341502,0.054209
48201342001,0.012533
48201342002,0.034406
48201342100,0.016429
48201342200,0.055781
48201342300,0.011181
48201342400,0.070339
48201342500,0.092277
48201342700,0.028985
48201342801,0.03029
48201342802,0.109231
48201342900,0.013084
48201343000,0.040234
48201343100,0.059444
48201343200,0.027127
48201343301,0.025354
48201343302,0.02861
48201343601,0.269602
48201343700,0.108523
48201350101,0.036273
48201350102,0.012467
48201350103,0.003873
48201350104,0.038085
48201350201,0.012137
48201350202,0.049954
48201350300,0.015168
48201350400,0.009695
48201350500,0.012614
48201350601,0.015676
48201350603,0.006017
48201350604,0.011421
48201350700,0.006357
48201350801,0.010918
48201350803,0.013329
48201350804,0.007353
48201410101,0.014452
48201410102,0.050556
48201410201,0.068929
48201410202,0.035056
48201410300,0.028038
48201410401,0.1806
48201410402,0.036359
48201410501,0.080171
48201410502,0.10278
48201410601,0.038708
48201410602,0.021639
48201410703,0.016774
48201410704,0.098047
48201410705,0.028916
48201410706,0.006944
48201410801,0.033964
48201410802,0.01838
48201410900,0.211197
48201411001,0.100884
48201411002,0.048379
48201411003,0.023036
48201411100,0.042007
48201411200,0.115825
48201411301,0.068683
48201411302,0.141205
48201411400,0.02062
48201411503,0.024636
48201411504,0.064334
48201411505,0.020586
48201411506,0.066328
48201411507,0.077255
48201411600,0.023974
48201411700,0.018783
48201411801,0.030937
48201411802,0.026375
48201411901,0.116052
48201411902,0.027164
48201412000,0.05421
48201412201,0.016557
48201412202,0.016049
48201412300,0.079027
48201412400,0.007468
48201412500,0.035473
48201412600,0.04189
48201412700,0.006853
48201412800,0.024726
48201412901,0.111703
48201412902,0.026369
48201413000,0.010961
48201413100,0.033347
48201413203,0.018242
48201413204,0.10456
48201413205,0.060841
48201413206,0.040398
48201413301,0.014146
48201413302,0.005081
48201420100,0.010203
48201420200,0.005313
48201420300,0.006209
48201420400,0.027648
48201420500,0.025028
48201420600,0.051548
48201420700,0.005087
48201420800,0.0087
48201420900,0.0106
48201421000,0.089188
48201421101,0.010595
48201421103,0.005212
48201421104,0.025681
48201421203,0.04539
48201421204,0.011146
48201421205,0.019976
48201421206,0.003036
48201421301,0.002482
48201421302,0.008287
48201421401,0.028338
48201421402,0.011009
48201421403,0.029215
48201421501,0.008789
48201421502,0.009568
48201421601,0.012359
48201421602,0.065581
48201421700,0.006005
48201421801,0.028692
48201421802,0.014466
48201421900,0.018186
48201422000,0.007873
48201422100,0.098105
48201422200,0.014047
48201422302,0.014453
48201422303,0.014553
48201422304,0.021259
48201422403,0.007639
48201422404,0.012532
48201422405,0.027842
48201422406,0.004038
48201422501,0.015597
48201422502,0.008098
48201422601,0.011782
48201422602,0.006491
48201422701,0.00371
48201422702,0.004984
48201422800,0.010164
48201422900,0.009784
48201423001,0.019737
48201423002,0.034889
48201423100,0.046269
48201423201,0.022021
48201423203,0.006062
48201423204,0.037291
48201423301,0.023345
48201423303,0.006563
48201423304,0.008972
48201423401,0.025773
48201423402,0.005035
48201423500,0.032027
48201423600,0.02491
48201430101,0.019454
48201430102,0.016464
48201430200,0.015156
48201430300,0.013628
48201430400,0.008736
48201430500,0.124851
48201430600,0.005372
48201430700,0.074231
48201430800,0.049731
48201430900,0.045062
48201431001,0.007854
48201431002,0.02166
48201431101,0.04617
48201431102,0.024204
48201431203,0.021023
48201431204,0.028454
48201431205,0.015427
48201431206,0.022322
48201431302,0.014396
48201431303,0.01652
48201431304,0.053385
48201431401,0.016323
48201431403,0.077061
48201431404,0.018508
48201431503,0.041829
48201431504,0.020711
48201431505,0.057266
48201431506,0.015346
48201431600,0.018441
48201431701,0.030571
48201431702,0.041641
48201431801,0.019878
48201431803,0.007497
48201431804,0.069589
48201431901,0.025338
48201431902,0.024681
48201432003,0.017672
48201432004,0.014784
48201432005,0.137216
48201432006,0.004408
48201432101,0.063151
48201432102,0.065104
48201432200,0.009766
48201432301,0.052115
48201432302,0.028226
48201432303,0.040273
48201432401,0.004951
48201432402,0.009259
48201432501,0.007927
48201432502,0.012482
48201432600,0.011059
48201432703,0.017382
48201432704,0.014787
48201432705,0.009491
48201432706,0.007812
48201432803,0.007875
48201432804,0.017623
48201432805,0.015143
48201432806,0.085279
48201432901,0.053898
48201432903,0.028106
48201432904,0.034647
48201433003,0.024361
48201433004,0.017063
48201433005,0.030857
48201433006,0.010657
48201433007,0.00737
48201433100,0.056299
48201433201,0.026802
48201433202,0.010601
48201433300,0.006301
48201433400,0.00912
48201433503,0.051305
48201433504,0.041167
48201433505,0.02358
48201433506,0.014733
48201433507,0.034173
48201433601,0.020108
48201433602,0.004843
48201440101,0.005283
48201440102,0.02407
48201450100,0.024104
48201450200,0.028759
48201450301,0.006467
48201450302,0.025167
48201450401,0.045542
48201450402,0.042402
48201450500,0.035871
48201450600,0.013699
48201450700,0.020523
48201450801,0.02121
48201450803,0.027565
48201450804,0.080989
48201450900,0.06411
48201451003,0.023688
48201451004,0.037713
48201451005,0.012214
48201451006,0.047599
48201451100,0.020328
48201451200,0.018725
48201451301,0.006238
48201451302,0.008426
48201451401,0.010067
48201451404,0.031878
48201451405,0.019998
48201451406,0.010474
48201451407,0.016696
48201451501,0.033415
48201451502,0.179707
48201451603,0.008369
48201451604,0.067627
48201451605,0.014244
48201451606,0.035879
48201451700,0.059824
48201451800,0.009048
48201451902,0.010769
48201451903,0.065638
48201451904,0.008516
48201452001,0.009679
48201452002,0.012948
48201452101,0.011493
48201452102,0.014892
48201452103,0.017636
48201452202,0.029122
48201452203,0.043881
48201452204,0.054481
48201452300,0.047056
48201452401,0.027148
48201452402,0.010027
48201452501,0.008645
48201452502,0.04036
48201452601,0.011031
48201452602,0.004912
48201452701,0.005649
48201452702,0.003749
48201452703,0.025945
48201452801,0.035446
48201452802,0.030348
48201452900,0.054896
48201453001,0.044382
48201453002,0.02293
48201453100,0.01374
48201453201,0.011706
48201453202,0.011879
48201453300,0.013375
48201453401,0.024399
48201453403,0.006738
48201453404,0.023693
48201453405,0.005714
48201453501,0.024895
48201453502,0.005616
48201453601,0.030846
48201453603,0.061031
48201453604,0.005372
48201453701,0.009067
48201453702,0.017892
48201453800,0.041675
48201453901,0.007261
48201453902,0.028286
48201454000,0.011501
48201454100,0.00535
48201454200,0.021357
48201454302,0.006382
48201454303,0.018377
48201454304,0.014661
48201454305,0.010802
48201454400,0.09903
48201454502,0.009744
48201454503,0.026716
48201454504,0.00764
48201454505,0.064083
48201454600,0.013601
48201454700,0.151417
48201454801,0.060769
48201454802,0.012246
48201454901,0.017089
48201454902,0.011952
48201455000,0.020975
48201455102,0.01294
48201455103,0.241783
48201455104,0.032388
48201455200,0.034273
48201455300,0.054536
48201510100,0.055842
48201510201,0.048423
48201510202,0.011747
48201510301,0.065237
48201510302,0.018274
48201510400,0.021357
48201510500,0.017335
48201510601,0.064989
48201510602,0.044166
48201510701,0.014742
48201510702,0.028993
48201510801,0.11646
48201510802,0.015174
48201510803,0.0696
48201510901,0.008847
48201510902,0.067428
48201511001,0.017904
48201511003,0.012974
48201511004,0.01247
48201511100,0.020863
48201511201,0.041673
48201511202,0.013255
48201511301,0.023394
48201511302,0.13143
48201511400,0.062352
48201511501,0.020555
48201511502,0.010015
48201511600,0.016763
48201520100,0.012262
48201520200,0.015684
48201520301,0.005129
48201520302,0.010824
48201520400,0.028158
48201520501,0.01136
48201520502,0.006769
48201520601,0.011068
48201520603,0.023869
48201520604,0.013082
48201520700,0.01923
48201521000,0.062391
48201521100,0.004618
48201521201,0.02185
48201521202,0.021688
48201521300,0.00917
48201521401,0.029916
48201521402,0.015708
48201521501,0.025919
48201521502,0.049804
48201521600,0.262136
48201521701,0.04601
48201521702,0.07978
48201521800,0.010816
48201521900,0.006769
48201522001,0.023112
48201522002,0.005972
48201522101,0.00399
48201522102,0.005164
48201522201,0.007341
48201522202,0.009519
48201522301,0.058602
48201522302,0.009762
48201522401,0.006076
48201522402,0.019525
48201522500,0.014403
48201530101,0.041973
48201530102,0.017549
48201530200,0.014607
48201530300,0.008623
48201530400,0.034631
48201530501,0.05592
48201530502,0.004123
48201530600,0.012958
48201530701,0.096938
48201530702,0.022599
48201530800,0.007378
48201530900,0.009871
48201531000,0.008673
48201531100,0.011841
48201531200,0.001356
48201531300,0.005931
48201531400,0.005484
48201531500,0.016262
48201531600,0.005861
48201531700,0.05786
48201531800,0.036296
48201531900,0.020674
48201532003,0.006329
48201532004,0.015862
48201532101,0.015323
48201532102,0.045936
48201532200,0.015465
48201532301,0.035166
48201532302,0.0146
48201532400,0.019872
48201532502,0.017568
48201532503,0.037551
48201532504,0.038062
48201532600,0.02197
48201532700,0.042284
48201532800,0.007364
48201532900,0.058995
48201533000,0.001624
48201533100,0.005402
48201533200,0.003081
48201533301,0.009745
48201533302,0.037234
48201533401,0.021195
48201533402,0.004392
48201533500,0.016878
48201533600,0.02244
48201533701,0.013004
48201533702,0.013538
48201533802,0.007409
48201533803,0.349717
48201533804,0.042711
48201533902,0.029208
48201533903,0.0053
48201533904,0.063773
48201534001,0.073964
48201534002,0.009598
48201534003,0.047811
48201534101,0.014978
48201534102,0.024122
48201534201,0.050161
48201534203,0.013037
48201534204,0.040505
48201534205,0.009208
48201540101,0.021784
48201540102,0.020468
48201540200,0.060309
48201540502,0.017114
48201540503,0.157041
48201540504,0.09952
48201540601,0.014819
48201540602,0.013036
48201540700,0.086823
48201540800,0.013989
48201540901,0.012949
48201540903,0.045275
48201540904,0.106662
48201541004,0.057111
48201541005,0.015156
48201541006,0.020453
48201541007,0.015761
48201541008,0.049606
48201541009,0.034521
48201541100,0.006028
48201541203,0.019529
48201541204,0.054773
48201541205,0.027425
48201541206,0.009054
48201541207,0.037897
48201541301,0.01614
48201541302,0.015374
48201541401,0.082126
48201541402,0.025862
48201541403,0.017467
48201541404,0.013315
48201541500,0.011804
48201541603,0.011197
48201541604,0.020681
48201541701,0.074152
48201541702,0.01496
48201541703,0.148437
48201541801,0.071379
48201541802,0.062873
48201541901,0.005438
48201541902,0.026333
48201542001,0.05734
48201542002,0.009672
48201542003,0.045941
48201542004,0.009803
48201542103,0.0217
48201542104,0.022451
48201542105,0.021211
48201542106,0.007212
48201542107,0.049548
48201542108,0.05534
48201542201,0.011353
48201542202,0.044111
48201542203,0.023151
48201542302,0.010556
48201542303,0.010878
48201542304,0.013346
48201542305,0.004202
48201542401,0.078356
48201542402,0.010312
48201542500,0.046413
48201542600,0.015781
48201542700,0.014347
48201542800,0.011045
48201542901,0.016459
48201542902,0.015905
48201543004,0.018599
48201543005,0.013613
48201543006,0.010211
48201543007,0.02143
48201543008,0.048397
48201543009,0.040196
48201543010,0.062729
48201543011,0.008191
48201543100,0.095449
48201543201,0.00748
48201543202,0.04363
48201550101,0.014201
48201550102,0.022127
48201550201,0.015822
48201550202,0.007479
48201550303,0.007461
48201550304,0.048208
48201550305,0.012131
48201550306,0.034668
48201550307,0.006111
48201550308,0.004563
48201550403,0.078897
48201550404,0.446968
48201550405,0.011515
48201550406,0.015455
48201550407,0.021518
48201550500,0.007396
48201550601,0.011895
48201550602,0.035563
48201550603,0.073416
48201550700,0.057505
48201550800,0.02053
48201550901,0.010238
48201550902,0.003206
48201551000,0.422967
48201551101,0.025613
48201551102,0.051678
48201551201,0.010936
48201551202,0.155559
48201551300,0.017894
48201551400,0.125341
48201551501,0.004189
48201551502,0.02988
48201551601,0.059247
48201551602,0.023006
48201551702,0.027436
48201551703,0.048557
48201551704,0.015981
48201551705,0.073214
48201551800,0.019145
48201551901,0.010391
48201551902,0.035572
48201552002,0.017894
48201552003,0.036259
48201552004,0.085745
48201552101,0.041384
48201552102,0.021041
48201552103,0.045988
48201552200,0.012093
48201552301,0.011327
48201552303,0.02437
48201552304,0.025198
48201552401,0.033039
48201552402,0.01279
48201552501,0.059083
48201552502,0.015036
48201552602,0.065994
48201552603,0.038112
48201552604,0.063078
48201552701,0.042591
48201552702,0.009682
48201552801,0.160379
48201552802,0.071455
48201552901,0.034638
48201552902,0.015237
48201553001,0.014981
48201553002,0.007594
48201553101,0.044837
48201553102,0.003392
48201553201,0.014911
48201553202,0.048176
48201553300,0.036595
48201553401,0.006059
48201553403,0.013399
48201553404,0.010681
48201553405,0.022958
48201553500,0.175922
48201553601,0.021908
48201553602,0.005863
48201553700,0.021624
48201553801,0.00801
48201553803,0.015535
48201553804,0.006667
48201553901,0.010244
48201554001,0.008094
48201554002,0.011959
48201554103,0.008274
48201554104,0.049903
48201554201,0.062574
48201554202,0.015441
48201554301,0.008657
48201554302,0.105163
48201554404,0.104151
48201554405,0.040175
48201554406,0.004139
48201554407,0.010103
48201554408,0.091287
48201554409,0.142423
48201554410,0.049032
48201554501,0.015563
48201554502,0.011836
48201554600,0.03983
48201554701,0.044548
48201554702,0.013199
48201554803,0.012595
48201554804,0.00996
48201554805,0.005441
48201554806,0.030014
48201554807,0.093619
48201554808,0.100906
48201554809,0.022092
48201554902,0.043835
48201554904,0.077704
48201554905,0.014089
48201554906,0.01388
48201554907,0.018792
48201554908,0.023008
48201555001,0.014918
48201555002,0.008603
48201555101,0.027024
48201555102,0.027756
48201555200,0.01112
48201555301,0.028816
48201555303,0.017415
48201555304,0.013855
48201555305,0.011316
48201555401,0.017008
48201555403,0.049934
48201555404,0.022981
48201555501,0.069607
48201555503,0.029815
48201555504,0.003845
48201555505,0.019924
48201555600,0.088067
48201555701,0.050545
48201555703,0.017746
48201555704,0.00725
48201556000,0.069121
48201556100,0.064736
48201980000,0.269478
48201980100,0.242879
48201980200,0.107972
48201980300,0.090412
48201980400,0.140118
48201980700,0.074076
48207950300,0.065698
48207950400,0.0395
48209010100,0.104186
48209010200,0.092113
48209010302,0.129529
48209010305,0.099919
48209010306,0.089188
48209010307,0.093832
48209010308,0.185461
48209010309,0.090888
48209010401,0.02212
48209010402,0.010033
48209010500,0.03896
48209010601,0.011309
48209010602,0.177028
48209010603,0.068564
48209010702,0.043654
48209010703,0.200528
48209010704,0.246299
48209010806,0.070526
48209010807,0.042846
48209010809,0.249662
48209010810,0.088387
48209010811,0.035261
48209010812,0.202756
48209010813,0.006533
48209010814,0.027475
48209010815,0.308016
48209010816,0.274726
48209010817,0.274006
48209010818,0.053984
48209010905,0.0352
48209010909,0.026637
48209010911,0.022135
48209010912,0.03255
48209010913,0.020973
48209010914,0.022641
48209010915,0.010439
48209010916,0.01443
48209010917,0.0861
48209010918,0.011844
48209010919,0.01327
48209010920,0.092339
48209010921,0.021613
48209010922,0.018613
48209010923,0.011987
48209010924,0.013305
48209010925,0.023846
48213950101,0.026254
48213950102,0.010762
48213950201,0.007362
48213950202,0.08653
48213950301,0.16691
48213950302,0.244353
48213950303,0.148788
48213950400,0.268846
48213950500,0.071681
48213950601,0.189814
48213950603,0.182913
48213950604,0.319473
48213950700,0.145345
48213950801,0.255906
48213950802,0.150182
48213950902,0.064796
48213950903,0.257527
48213950904,0.10534
48213950905,0.192563
48213951000,0.114374
48213951101,0.019254
48213951102,0.070774
48213951201,0.180836
48213951202,0.219257
48213951300,0.156492
48213951401,0.040215
48213951402,0.057098
48213951403,0.007541
48215020103,0.112217
48215020104,0.088903
48215020105,0.099118
48215020106,0.06985
48215020107,0.319187
48215020108,0.009689
48215020205,0.227097
48215020206,0.093008
48215020207,0.033572
48215020208,0.189187
48215020209,0.148823
48215020210,0.127534
48215020211,0.339729
48215020303,0.004471
48215020304,0.143729
48215020305,0.053347
48215020306,0.200248
48215020307,0.252778
48215020403,0.185077
48215020405,0.035703
48215020406,0.006388
48215020407,0.104532
48215020408,0.148855
48215020409,0.064565
48215020505,0.279907
48215020506,0.080205
48215020507,0.058191
48215020508,0.323987
48215020509,0.006321
48215020510,0.121908
48215020511,0.055742
48215020512,0.030669
48215020513,0.177051
48215020600,0.076203
48215020724,0.096157
48215020725,0.010228
48215020727,0.006097
48215020728,0.012589
48215020729,0.126933
48215020730,0.211871
48215020731,0.005294
48215020732,0.051714
48215020733,0.013609
48215020734,0.009855
48215020735,0.005393
48215020736,0.010186
48215020804,0.027698
48215020805,0.122476
48215020806,0.177012
48215020807,0.021945
48215020808,0.035541
48215020905,0.029258
48215020906,0.079491
48215020907,0.036921
48215020908,0.067992
48215020909,0.135224
48215020910,0.032428
48215021001,0.06782
48215021002,0.117478
48215021003,0.167695
48215021100,0.081135
48215021201,0.077881
48215021203,0.078618
48215021204,0.032166
48215021306,0.049015
48215021307,0.022686
48215021308,0.115106
48215021309,0.253879
48215021310,0.269666
48215021311,0.026
48215021312,0.179809
48215021313,0.027881
48215021314,0.04726
48215021315,0.192191
48215021401,0.181811
48215021405,0.096147
48215021406,0.004427
48215021407,0.077333
48215021408,0.11944
48215021409,0.188334
48215021500,0.09923
48215021600,0.027096
48215021703,0.020639
48215021704,0.040888
48215021705,0.044082
48215021706,0.018194
48215021707,0.025079
48215021803,0.056638
48215021804,0.042815
48215021807,0.048789
48215021808,0.225916
48215021809,0.060506
48215021810,0.044892
48215021903,0.13069
48215021904,0.070159
48215021905,0.063046
48215021906,0.066119
48215022005,0.088749
48215022006,0.006565
48215022007,0.006494
48215022008,0.039517
48215022009,0.017741
48215022010,0.083682
48215022011,0.034727
48215022105,0.321118
48215022107,0.181332
48215022108,0.075631
48215022109,0.034726
48215022110,0.007429
48215022111,0.024977
48215022112,0.03418
48215022113,0.090855
48215022203,0.163397
48215022204,0.039714
48215022205,0.05661
48215022206,0.034872
48215022301,0.335892
48215022302,0.045898
48215022401,0.051336
48215022402,0.011519
48215022502,0.022615
48215022503,0.029232
48215022504,0.009834
48215022600,0.003745
48215022703,0.134624
48215022704,0.074719
48215022705,0.017497
48215022706,0.027061
48215022801,0.122527
48215022802,0.059131
48215022900,0.086715
48215023000,0.024626
48215023103,0.125788
48215023104,0.033104
48215023105,0.097376
48215023106,0.02946
48215023516,0.068148
48215023517,0.049567
48215023518,0.034703
48215023519,0.00396
48215023520,0.042739
48215023521,0.007474
48215023522,0.032919
48215023523,0.05127
48215023524,0.010165
48215023525,0.033368
48215023526,0.097815
48215023527,0.008938
48215023528,0.069984
48215023529,0.007125
48215023530,0.016548
48215023531,0.012958
48215023532,0.009721
48215023533,0.007274
48215023534,0.011417
48215023535,0.010675
48215023536,0.062614
48215023601,0.070153
48215023602,0.022699
48215023700,0.172555
48215023803,0.018868
48215023804,0.177348
48215023805,0.008985
48215023806,0.089516
48215023903,0.288294
48215023905,0.006143
48215023906,0.014019
48215023907,0.08415
48215023908,0.012833
48215024001,0.154541
48215024002,0.054544
48215024003,0.217768
48215024004,0.038574
48215024107,0.115374
48215024108,0.010732
48215024109,0.034055
48215024115,0.02596
48215024116,0.018244
48215024117,0.161427
48215024118,0.12171
48215024119,0.252775
48215024120,0.044146
48215024121,0.046009
48215024122,0.008702
48215024123,0.009497
48215024124,0.021113
48215024125,0.235766
48215024126,0.080542
48215024127,0.015899
48215024128,0.032412
48215024129,0.107567
48215024130,0.036128
48215024131,0.014242
48215024132,0.016487
48215024204,0.255157
48215024206,0.132948
48215024207,0.070911
48215024208,0.059209
48215024209,0.169842
48215024210,0.281688
48215024211,0.060128
48215024212,0.014567
48215024301,0.059094
48215024302,0.009511
48215024403,0.022899
48215024404,0.029622
48215024405,0.118136
48215024406,0.053436
48215024501,0.006601
48215024502,0.09136
48215024600,0.038566
48215980000,0.104722
48217960100,0.033386
48217960200,0.059206
48217960400,0.042155
48217960501,0.012499
48217960502,0.014407
48217960600,0.074748
48217960700,0.101622
48217960800,0.111259
48217960900,0.129785
48217961000,0.153563
48217961100,0.108015
48217961400,0.016764
48221160100,0.088498
48221160204,0.048961
48221160206,0.190277
48221160210,0.069926
48221160211,0.181161
48221160212,0.160972
48221160213,0.081979
48221160214,0.067344
48221160215,0.243426
48221160216,0.061286
48221160217,0.19734
48221160218,0.29306
48221160302,0.024993
48221160303,0.038049
48223950100,0.049644
48223950200,0.073592
48223950301,0.037235
48223950302,0.145388
48223950401,0.061541
48223950402,0.10688
48223950500,0.12875
48223950600,0.080161
48223950700,0.012705
48223950800,0.030977
48225950101,0.23373
48225950102,0.093853
48225950200,0.191163
48225950300,0.216138
48225950400,0.232312
48225950500,0.058996
48225950600,0.164831
48225950700,0.063789
48227950100,0.088204
48227950200,0.013621
48227950300,0.019814
48227950400,0.059729
48227950500,0.151414
48227950600,0.013894
48227950700,0.010899
48227950801,0.071523
48227950802,0.088378
48227950900,0.042297
48231960100,0.037575
48231960200,0.016149
48231960300,0.00833
48231960400,0.126274
48231960500,0.065542
48231960600,0.152913
48231960700,0.032925
48231960800,0.169473
48231960900,0.228395
48231961000,0.137836
48231961101,0.114981
48231961102,0.129308
48231961200,0.076547
48231961300,0.071074
48231961401,0.118367
48231961402,0.053472
48231961501,0.107362
48231961502,0.155289
48231961503,0.129721
48231961600,0.147457
48231961700,0.018215
48235950100,0.137798
48237950100,0.13545
48237950300,0.247619
48237950500,0.119468
48239950100,0.016011
48239950200,0.057035
48239950300,0.010904
48247950200,0.081129
48247950400,0.031972
48249950101,0.109998
48249950102,0.01727
48249950201,0.092991
48249950202,0.140688
48249950301,0.027196
48249950302,0.087918
48249950303,0.213176
48249950400,0.014074
48249950500,0.077508
48249950600,0.085048
48249950700,0.094681
48251130100,0.074035
48251130205,0.043534
48251130210,0.008811
48251130211,0.026639
48251130212,0.081789
48251130213,0.064611
48251130214,0.136666
48251130215,0.042475
48251130216,0.006525
48251130217,0.006754
48251130218,0.146447
48251130219,0.008962
48251130220,0.010786
48251130221,0.013085
48251130222,0.00673
48251130302,0.045976
48251130303,0.159487
48251130304,0.077238
48251130405,0.008472
48251130406,0.030641
48251130411,0.050135
48251130412,0.066262
48251130413,0.183421
48251130414,0.060343
48251130415,0.129411
48251130416,0.010492
48251130417,0.051182
48251130418,0.016312
48251130419,0.031354
48251130501,0.018409
48251130502,0.013362
48251130602,0.037575
48251130603,0.196536
48251130604,0.102537
48251130700,0.010189
48251130800,0.096177
48251130900,0.023591
48251131000,0.002916
48251131100,0.17555
48253020101,0.229763
48253020102,0.038316
48253020200,0.165715
48253020300,0.027191
48253020400,0.009905
48253020500,0.023848
48255970100,0.112818
48255970200,0.026211
48255970301,0.154046
48255970302,0.170159
48255970400,0.053056
48257050204,0.010083
48257050207,0.007026
48257050208,0.014355
48257050209,0.005181
48257050210,0.028478
48257050211,0.007861
48257050212,0.011948
48257050213,0.009262
48257050214,0.002214
48257050215,0.013322
48257050300,0.200441
48257050401,0.129528
48257050402,0.022245
48257050500,0.099025
48257050601,0.037966
48257050602,0.06078
48257050701,0.025376
48257050703,0.061587
48257050704,0.103104
48257050801,0.031094
48257050802,0.025222
48257051000,0.202563
48257051100,0.066491
48257051201,0.045428
48257051202,0.040375
48257051301,0.096709
48257051302,0.026413
48259970101,0.135572
48259970102,0.014168
48259970301,0.120364
48259970302,0.251757
48259970403,0.140886
48259970404,0.032738
48259970405,0.054533
48259970406,0.077126
48259970500,0.115056
48261950100,0.06804
48263950100,0.10476
48265960101,0.066613
48265960102,0.079274
48265960200,0.011782
48265960301,0.075151
48265960303,0.242602
48265960304,0.031622
48265960401,0.264071
48265960403,0.261347
48265960404,0.23256
48265960500,0.048359
48265960601,0.191947
48265960602,0.235264
48265960700,0.217268
48265960800,0.04179
48267950100,0.050222
48267950200,0.192426
48269950100,0.144416
48271950100,0.014017
48273020101,0.031541
48273020102,0.022058
48273020200,0.033837
48273020301,0.028648
48273020302,0.171349
48273020401,0.044926
48273020402,0.242637
48273020501,0.018571
48273020502,0.053798
48275950100,0.063653
48275950200,0.026968
48277000101,0.100944
48277000102,0.065585
48277000200,0.015159
48277000301,0.048793
48277000302,0.030256
48277000401,0.179068
48277000402,0.270249
48277000500,0.170312
48277000600,0.170484
48277000700,0.079297
48277000800,0.107618
48277000900,0.122577
48277001000,0.073037
48281950100,0.036658
48281950302,0.158621
48281950303,0.163128
48281950304,0.076382
48281950400,0.192458
48281950500,0.132661
48283950301,0.074788
48283950302,0.123668
48285000100,0.04021
48285000200,0.073248
48285000300,0.026945
48285000400,0.130006
48285000500,0.086624
48285000600,0.175509
48287000100,0.01559
48287000200,0.025325
48287000300,0.027158
48287000400,0.051883
48289950101,0.066163
48289950102,0.037039
48289950201,0.028678
48289950202,0.018062
48289950301,0.073975
48289950302,0.143606
48291700100,0.028051
48291700200,0.217509
48291700301,0.038749
48291700302,0.020345
48291700303,0.137002
48291700400,0.08938
48291700500,0.056832
48291700900,0.028476
48291701000,0.094653
48293970100,0.114038
48293970200,0.01766
48293970300,0.199702
48293970400,0.045509
48293970500,0.186211
48293970600,0.055525
48293970700,0.023352
48293970800,0.036671
48297950100,0.100363
48297950200,0.051094
48297950300,0.091158
48297950400,0.092752
48299970100,0.174833
48299970200,0.115748
48299970300,0.124919
48299970401,0.229218
48299970402,0.041055
48299970501,0.030441
48299970502,0.08107
48299970600,0.07233
48303000100,0.007801
48303000201,0.011838
48303000202,0.038827
48303000301,0.004781
48303000303,0.02195
48303000304,0.054481
48303000402,0.070368
48303000403,0.014954
48303000406,0.026072
48303000407,0.103013
48303000408,0.010327
48303000409,0.012451
48303000410,0.023507
48303000411,0.014356
48303000501,0.021956
48303000502,0.108289
48303000503,0.15121
48303000603,0.028325
48303000605,0.029566
48303000607,0.133414
48303000700,0.046175
48303000901,0.043723
48303000902,0.048546
48303001000,0.034179
48303001200,0.007377
48303001300,0.104995
48303001401,0.144675
48303001402,0.14961
48303001501,0.195081
48303001502,0.016195
48303001601,0.066367
48303001602,0.033906
48303001708,0.039895
48303001709,0.003935
48303001710,0.040115
48303001711,0.006151
48303001712,0.014049
48303001713,0.008227
48303001714,0.010825
48303001715,0.041493
48303001716,0.006513
48303001717,0.006171
48303001804,0.055003
48303001805,0.039555
48303001806,0.015887
48303001807,0.023338
48303001808,0.017252
48303001904,0.018581
48303001905,0.039166
48303001906,0.016774
48303001907,0.015256
48303001908,0.010334
48303002001,0.008965
48303002002,0.008887
48303002102,0.022952
48303002103,0.01062
48303002104,0.00472
48303002203,0.004476
48303002205,0.024089
48303002206,0.011632
48303002207,0.319623
48303002208,0.018408
48303002301,0.008616
48303002302,0.165011
48303002401,0.061922
48303002402,0.016494
48303002500,0.042293
48303010101,0.077655
48303010102,0.188663
48303010201,0.066831
48303010202,0.071094
48303010203,0.038312
48303010204,0.037062
48303010301,0.030832
48303010302,0.145309
48303010402,0.113044
48303010404,0.046346
48303010409,0.01862
48303010410,0.04046
48303010411,0.016038
48303010412,0.21532
48303010413,0.034011
48303010414,0.011157
48303010415,0.042167
48303010416,0.025876
48303010417,0.013932
48303010418,0.049768
48303010419,0.02907
48303010420,0.04937
48303010421,0.014171
48303010422,0.043294
48303010423,0.035501
48303010502,0.054459
48303010504,0.01678
48303010505,0.02142
48303010506,0.055546
48303010509,0.046921
48303010510,0.040966
48303010511,0.018214
48303010512,0.014274
48303010513,0.085504
48303010514,0.01264
48303010601,0.071234
48303010602,0.289964
48303010700,0.075219
48303980000,0.163936
48305950400,0.068341
48305950500,0.055895
48305950600,0.05045
48307950300,0.14916
48307950400,0.131364
48307950500,0.159334
48309000100,0.041584
48309000200,0.064402
48309000300,0.030473
48309000401,0.089771
48309000402,0.049641
48309000598,0.056767
48309000700,0.013763
48309000800,0.034569
48309000900,0.049563
48309001000,0.006386
48309001100,0.006306
48309001200,0.057387
48309001300,0.019429
48309001401,0.010295
48309001402,0.012418
48309001500,0.010567
48309001600,0.051973
48309001700,0.089552
48309001800,0.127587
48309001900,0.07194
48309002000,0.059618
48309002100,0.09073
48309002302,0.078655
48309002498,0.065594
48309002501,0.059999
48309002503,0.03993
48309002504,0.026597
48309002600,0.008288
48309002700,0.006545
48309002800,0.010342
48309002900,0.014893
48309003000,0.006806
48309003200,0.128296
48309003300,0.047325
48309003401,0.138895
48309003402,0.13086
48309003500,0.057779
48309003601,0.005551
48309003602,0.119229
48309003701,0.214762
48309003703,0.115574
48309003708,0.013267
48309003709,0.038312
48309003710,0.016654
48309003711,0.005638
48309003712,0.0346
48309003801,0.027965
48309003802,0.014343
48309003901,0.167367
48309003902,0.10114
48309004000,0.016309
48309004102,0.006026
48309004104,0.01652
48309004105,0.017834
48309004201,0.068533
48309004202,0.153029
48309004300,0.032097
48309980000,0.046828
48311950100,0.054145
48313000100,0.050355
48313000200,0.169948
48313000300,0.163035
48313000400,0.125789
48317950100,0.066178
48317950200,0.062719
48319950100,0.096704
48319950200,0.087981
48321730100,0.22699
48321730202,0.019854
48321730203,0.106816
48321730204,0.291632
48321730301,0.246418
48321730302,0.311029
48321730303,0.02386
48321730400,0.087158
48321730502,0.03805
48321730503,0.144925
48321730600,0.026691
48321730700,0.018038
48323950204,0.019326
48323950206,0.014231
48323950207,0.02404
48323950208,0.256292
48323950209,0.014002
48323950301,0.095037
48323950302,0.087644
48323950400,0.173605
48323950500,0.050337
48323950601,0.055895
48323950602,0.005455
48323950701,0.022644
48323950702,0.053724
48325000101,0.036032
48325000103,0.077535
48325000104,0.161182
48325000200,0.020088
48325000301,0.121053
48325000302,0.049092
48325000401,0.123448
48325000402,0.019813
48325000500,0.038242
48325000801,0.088718
48325000802,0.174399
48327950300,0.071655
48329010123,0.04839
48329010124,0.073844
48329010128,0.04479
48329010129,0.014249
48331950100,0.028302
48331950300,0.12806
48331950401,0.141393
48331950402,0.149878
48331950500,0.109622
48331950700,0.085844
48331950800,0.041603
48333950100,0.015637
48333950200,0.108898
48335950200,0.068536
48335950400,0.059199
48337950100,0.0262
48337950200,0.096961
48337950401,0.122854
48337950402,0.062093
48337950501,0.088404
48337950502,0.11056
48337950600,0.011576
48339690101,0.01562
48339690102,0.056601
48339690203,0.066569
48339690204,0.021111
48339690205,0.00931
48339690206,0.009854
48339690207,0.252648
48339690300,0.045662
48339690403,0.025452
48339690404,0.182052
48339690405,0.085355
48339690406,0.00995
48339690407,0.009572
48339690408,0.019504
48339690501,0.015422
48339690502,0.017253
48339690503,0.012078
48339690603,0.005583
48339690604,0.011666
48339690605,0.067103
48339690606,0.006889
48339690607,0.012352
48339690608,0.017198
48339690609,0.015348
48339690610,0.045916
48339690701,0.012519
48339690702,0.022393
48339690800,0.021813
48339690900,0.007951
48339691000,0.010548
48339691100,0.005774
48339691201,0.091056
48339691202,0.010899
48339691301,0.011648
48339691302,0.006457
48339691401,0.019375
48339691402,0.063537
48339691403,0.05567
48339691500,0.013507
48339691601,0.010701
48339691602,0.024053
48339691700,0.032512
48339691801,0.010229
48339691802,0.015598
48339691900,0.1205
48339692003,0.039754
48339692004,0.043753
48339692005,0.004322
48339692006,0.022498
48339692007,0.019149
48339692008,0.055493
48339692009,0.005942
48339692010,0.050842
48339692101,0.026373
48339692102,0.113611
48339692103,0.028956
48339692201,0.008873
48339692202,0.006061
48339692301,0.148268
48339692302,0.008952
48339692303,0.032874
48339692304,0.007186
48339692401,0.033621
48339692402,0.030225
48339692501,0.045265
48339692502,0.01237
48339692601,0.01591
48339692603,0.012444
48339692604,0.032004
48339692605,0.042402
48339692701,0.00588
48339692702,0.040848
48339692802,0.022351
48339692803,0.069839
48339692804,0.013238
48339692900,0.036957
48339693001,0.117004
48339693002,0.046585
48339693102,0.065773
48339693103,0.163922
48339693104,0.048771
48339693201,0.009374
48339693202,0.020727
48339693301,0.115833
48339693302,0.007084
48339693303,0.060403
48339693304,0.063356
48339693401,0.030174
48339693402,0.022987
48339693501,0.061981
48339693502,0.269322
48339693503,0.045627
48339693600,0.038956
48339693701,0.042427
48339693702,0.009679
48339693703,0.059116
48339693800,0.056124
48339693901,0.124764
48339693902,0.216567
48339693903,0.286928
48339693904,0.029154
48339694001,0.019138
48339694002,0.079853
48339694103,0.013751
48339694104,0.027045
48339694105,0.072459
48339694106,0.069985
48339694107,0.097567
48339694203,0.045573
48339694204,0.018759
48339694205,0.227064
48339694206,0.069791
48339694207,0.040202
48339694208,0.011126
48339694209,0.008371
48339694210,0.032383
48339694303,0.004949
48339694304,0.01248
48339694305,0.024149
48339694306,0.07253
48339694307,0.069693
48339694308,0.064396
48339694309,0.031934
48339694401,0.011294
48339694402,0.023178
48339694403,0.070791
48339694501,0.014486
48339694502,0.023978
48339694503,0.01811
48339694601,0.016244
48339694602,0.017555
48339694603,0.064277
48339694700,0.049038
48347950200,0.065542
48349970100,0.092494
48349970200,0.044135
48349970301,0.029575
48349970302,0.122712
48349970400,0.013738
48349970500,0.009314
48349970600,0.068934
48349970701,0.057977
48349970800,0.097554
48349970901,0.044917
48349970902,0.176185
48349971000,0.069459
48353950100,0.115382
48353950200,0.156178
48353950300,0.110476
48353950400,0.091476
48353950500,0.023962
48355000500,0.152741
48355000601,0.234099
48355000602,0.01976
48355000700,0.011181
48355000800,0.01542
48355000900,0.009165
48355001000,0.038958
48355001100,0.090958
48355001201,0.019509
48355001202,0.010806
48355001300,0.007993
48355001400,0.019562
48355001500,0.015646
48355001601,0.007186
48355001602,0.00565
48355001702,0.122359
48355001703,0.005264
48355001704,0.006024
48355001801,0.014103
48355001802,0.031697
48355001903,0.014309
48355001904,0.008709
48355001905,0.111972
48355001906,0.222973
48355002001,0.044827
48355002002,0.011037
48355002101,0.007772
48355002102,0.010658
48355002200,0.007801
48355002301,0.009559
48355002303,0.017136
48355002304,0.018828
48355002400,0.021542
48355002500,0.016614
48355002601,0.056053
48355002602,0.006693
48355002603,0.011562
48355002703,0.098128
48355002705,0.005988
48355002706,0.16987
48355002707,0.015758
48355002708,0.081084
48355002900,0.312878
48355003002,0.009437
48355003003,0.122063
48355003004,0.018933
48355003101,0.004674
48355003102,0.008905
48355003202,0.021559
48355003204,0.04177
48355003205,0.038933
48355003206,0.025343
48355003303,0.050562
48355003304,0.068876
48355003305,0.008402
48355003306,0.016673
48355003401,0.016423
48355003402,0.021837
48355003500,0.054833
48355003601,0.009634
48355003602,0.010038
48355003603,0.014557
48355003700,0.011508
48355005103,0.104936
48355005104,0.119572
48355005404,0.008165
48355005406,0.024664
48355005407,0.023019
48355005408,0.025175
48355005409,0.024438
48355005410,0.015628
48355005411,0.055337
48355005412,0.006892
48355005413,0.038044
48355005414,0.004896
48355005415,0.016962
48355005416,0.038096
48355005417,0.009779
48355005603,0.016316
48355005604,0.178427
48355005605,0.140299
48355005606,0.196769
48355005801,0.046585
48355005803,0.062099
48355005804,0.038388
48355005900,0.012224
48355006000,0.036815
48355006100,0.046678
48355006201,0.007243
48355006202,0.037466
48355006203,0.060917
48355006204,0.009387
48355006205,0.112905
48355006300,0.127939
48355006400,0.061274
48355980000,0.089093
48363000100,0.092195
48363000200,0.089028
48363000300,0.048531
48363000401,0.116401
48363000402,0.076838
48363000500,0.34479
48363000600,0.145402
48363000700,0.066031
48363000800,0.160278
48363000900,0.315601
48367140101,0.076738
48367140102,0.039085
48367140201,0.155064
48367140202,0.066806
48367140300,0.036203
48367140403,0.016944
48367140408,0.067138
48367140409,0.068416
48367140410,0.056754
48367140411,0.097684
48367140412,0.237879
48367140413,0.020508
48367140414,0.01123
48367140415,0.01768
48367140416,0.033701
48367140502,0.118659
48367140503,0.01991
48367140504,0.041094
48367140601,0.05615
48367140603,0.093518
48367140604,0.122058
48367140707,0.08207
48367140708,0.125395
48367140709,0.064657
48367140710,0.234397
48367140711,0.101641
48367140712,0.055469
48367140713,0.048024
48367140714,0.04055
48371950100,0.025607
48373210203,0.007989
48373210204,0.050123
48373210205,0.245878
48373210206,0.177735
48373210301,0.101055
48373210302,0.022064
48373210402,0.014067
48379950101,0.01272
48379950102,0.100574
48379950200,0.121592
48383950100,0.07087
48385950100,0.053284
48387950100,0.024934
48387950501,0.137674
48387950502,0.108554
48387950600,0.018541
48387950700,0.00765
48391950200,0.077418
48391950400,0.108105
48395960100,0.080793
48395960200,0.019036
48395960300,0.038329
48395960400,0.071204
48395960501,0.201856
48395960502,0.096395
48397040101,0.041085
48397040103,0.18045
48397040104,0.061757
48397040201,0.061933
48397040202,0.142329
48397040203,0.017433
48397040301,0.137902
48397040303,0.10321
48397040304,0.04619
48397040305,0.035279
48397040403,0.216147
48397040404,0.161861
48397040405,0.136011
48397040406,0.303013
48397040407,0.176984
48397040408,0.076318
48397040409,0.025654
48397040410,0.089384
48397040411,0.050072
48397040412,0.042762
48397040503,0.033238
48397040507,0.013375
48397040508,0.071506
48397040509,0.108812
48397040510,0.110746
48397040511,0.015121
48397040512,0.019359
48397040513,0.059329
48397040514,0.032227
48399950100,0.062294
48399950200,0.187904
48399950500,0.039654
48399950600,0.070464
48401950200,0.024376
48401950300,0.135471
48401950400,0.062202
48401950501,0.051478
48401950502,0.198424
48401951000,0.047335
48401951100,0.079569
48407200103,0.048254
48407200104,0.023983
48407200105,0.047104
48407200106,0.011674
48407200107,0.108281
48407200201,0.068997
48407200202,0.286595
48407200301,0.021543
48407200302,0.01007
48409010201,0.134719
48409010202,0.083423
48409010301,0.036377
48409010302,0.103999
48409010500,0.00994
48409010601,0.042133
48409010602,0.004873
48409010603,0.04123
48409010604,0.135326
48409010700,0.044082
48409010800,0.070323
48409010900,0.076624
48409011000,0.106679
48409011100,0.188742
48409011200,0.034003
48409011300,0.033842
48411950100,0.098008
48411950200,0.056556
48413950300,0.017119
48415950100,0.24421
48415950200,0.062136
48415950300,0.059678
48415950600,0.086966
48417950300,0.089706
48423000100,0.210386
48423000201,0.115298
48423000202,0.088441
48423000300,0.082625
48423000400,0.180819
48423000500,0.033672
48423000600,0.168791
48423000700,0.174209
48423000800,0.122999
48423000900,0.127119
48423001000,0.015211
48423001101,0.080457
48423001102,0.187191
48423001200,0.275755
48423001300,0.18493
48423001404,0.033962
48423001405,0.03188
48423001406,0.03271
48423001407,0.098107
48423001408,0.062379
48423001501,0.058911
48423001502,0.014621
48423001602,0.149339
48423001605,0.184227
48423001606,0.213786
48423001607,0.171709
48423001608,0.190521
48423001701,0.087989
48423001702,0.027468
48423001803,0.135657
48423001804,0.037967
48423001805,0.276978
48423001806,0.158399
48423001807,0.126345
48423001906,0.038453
48423001909,0.026685
48423001910,0.012599
48423001911,0.029622
48423001912,0.276322
48423001913,0.253569
48423001914,0.073205
48423001915,0.015314
48423001916,0.011985
48423001917,0.092812
48423002003,0.123901
48423002004,0.037109
48423002006,0.035776
48423002009,0.085548
48423002010,0.008518
48423002011,0.027781
48423002012,0.044639
48423002013,0.083442
48423002101,0.063047
48423002102,0.049234
48423002200,0.017875
48423980000,0.135826
48425000101,0.043187
48425000102,0.060272
48425000200,0.118263
48427950101,0.133967
48427950104,0.013536
48427950105,0.12775
48427950106,0.233137
48427950107,0.217728
48427950108,0.014703
48427950202,0.089802
48427950203,0.215821
48427950204,0.15623
48427950402,0.219757
48427950403,0.328465
48427950404,0.289058
48427950500,0.173879
48427950601,0.252354
48427950602,0.235466
48427950701,0.137109
48427950702,0.207663
48429950200,0.156928
48429950300,0.157042
48429950500,0.074786
48431950100,0.14913
48433950300,0.045789
48435950300,0.033747
48439100101,0.062534
48439100102,0.049655
48439100201,0.00394
48439100202,0.1195
48439100300,0.044665
48439100401,0.132153
48439100402,0.123175
48439100503,0.107529
48439100504,0.133705
48439100505,0.009469
48439100506,0.005534
48439100601,0.030365
48439100602,0.188101
48439100700,0.150576
48439100800,0.07902
48439100900,0.072636
48439101201,0.024334
48439101202,0.024952
48439101301,0.008716
48439101302,0.040832
48439101401,0.013459
48439101402,0.021619
48439101403,0.03233
48439101500,0.090423
48439101700,0.013704
48439102000,0.041725
48439102101,0.079047
48439102102,0.015381
48439102201,0.022477
48439102202,0.008852
48439102301,0.035977
48439102302,0.183626
48439102401,0.022538
48439102402,0.106929
48439102500,0.002984
48439102601,0.029375
48439102602,0.022092
48439102700,0.008789
48439103500,0.01393
48439103601,0.007446
48439103602,0.033496
48439103701,0.007763
48439103702,0.012329
48439103800,0.052176
48439104100,0.154934
48439104202,0.009598
48439104203,0.004557
48439104204,0.018311
48439104301,0.015326
48439104302,0.009304
48439104400,0.010969
48439104502,0.017756
48439104503,0.010145
48439104504,0.013526
48439104505,0.015333
48439104601,0.007266
48439104602,0.010281
48439104603,0.027205
48439104604,0.008379
48439104605,0.018103
48439104701,0.008626
48439104702,0.108166
48439104802,0.005957
48439104803,0.021566
48439104804,0.009587
48439104900,0.007604
48439105007,0.024129
48439105008,0.016725
48439105009,0.017487
48439105201,0.013353
48439105203,0.187438
48439105204,0.047832
48439105206,0.073185
48439105207,0.019419
48439105403,0.016567
48439105404,0.003699
48439105405,0.025495
48439105407,0.229438
48439105408,0.005882
48439105502,0.006611
48439105503,0.010023
48439105505,0.01172
48439105511,0.015945
48439105512,0.02242
48439105513,0.035869
48439105514,0.063199
48439105515,0.007313
48439105516,0.017904
48439105517,0.028877
48439105518,0.01707
48439105519,0.006707
48439105520,0.041113
48439105600,0.00938
48439105701,0.025172
48439105703,0.016656
48439105705,0.008382
48439105706,0.013143
48439105800,0.012924
48439105901,0.020211
48439105902,0.004623
48439106002,0.063456
48439106004,0.008478
48439106005,0.015442
48439106006,0.005583
48439106101,0.042948
48439106102,0.13208
48439106201,0.029622
48439106202,0.007655
48439106300,0.003092
48439106400,0.053657
48439106502,0.006492
48439106503,0.008768
48439106507,0.007342
48439106509,0.024556
48439106512,0.007534
48439106513,0.124988
48439106514,0.009965
48439106515,0.004636
48439106518,0.008664
48439106519,0.015826
48439106520,0.068725
48439106521,0.006925
48439106522,0.008816
48439106523,0.02181
48439106524,0.025852
48439106525,0.006836
48439106526,0.008599
48439106600,0.024628
48439106700,0.041992
48439110102,0.052772
48439110103,0.022247
48439110104,0.084645
48439110202,0.099187
48439110204,0.008675
48439110205,0.001893
48439110206,0.026767
48439110301,0.026983
48439110302,0.063251
48439110401,0.015967
48439110402,0.056459
48439110500,0.215086
48439110600,0.150942
48439110703,0.026244
48439110704,0.029482
48439110705,0.015528
48439110706,0.014099
48439110805,0.092428
48439110806,0.008219
48439110807,0.02506
48439110808,0.076575
48439110809,0.095737
48439110901,0.065097
48439110903,0.042301
48439110905,0.047171
48439110906,0.096432
48439110907,0.049733
48439111003,0.013618
48439111010,0.032646
48439111015,0.032029
48439111018,0.031157
48439111019,0.007773
48439111020,0.00883
48439111021,0.018229
48439111022,0.008108
48439111023,0.005154
48439111024,0.006999
48439111025,0.02832
48439111026,0.010335
48439111027,0.018232
48439111028,0.006293
48439111029,0.020586
48439111030,0.008576
48439111031,0.040174
48439111032,0.002127
48439111033,0.006848
48439111102,0.044991
48439111103,0.215667
48439111104,0.127186
48439111202,0.08068
48439111203,0.025639
48439111204,0.009306
48439111304,0.007491
48439111306,0.010297
48439111307,0.067125
48439111308,0.009392
48439111309,0.015898
48439111311,0.010487
48439111312,0.025928
48439111314,0.018817
48439111315,0.007952
48439111316,0.006052
48439111317,0.019238
48439111318,0.015353
48439111319,0.009775
48439111320,0.010234
48439111402,0.010842
48439111405,0.164677
48439111406,0.005329
48439111407,0.007908
48439111408,0.016905
48439111409,0.008344
48439111410,0.030616
48439111411,0.071294
48439111505,0.054203
48439111506,0.015905
48439111513,0.009622
48439111514,0.02067
48439111516,0.041487
48439111522,0.009494
48439111525,0.020162
48439111526,0.088855
48439111529,0.021368
48439111530,0.012714
48439111531,0.045713
48439111532,0.013773
48439111533,0.021849
48439111534,0.008916
48439111536,0.046514
48439111538,0.035867
48439111540,0.006734
48439111541,0.010005
48439111542,0.011518
48439111543,0.012652
48439111544,0.006673
48439111545,0.017959
48439111546,0.01386
48439111551,0.008261
48439111552,0.015083
48439111553,0.027152
48439111554,0.008271
48439111555,0.011726
48439111556,0.033866
48439111557,0.004801
48439111558,0.007225
48439111559,0.095488
48439111560,0.008446
48439111561,0.003379
48439111562,0.126472
48439111563,0.028484
48439111564,0.058703
48439111565,0.013641
48439111566,0.020381
48439111567,0.010215
48439111568,0.048001
48439111569,0.027997
48439111570,0.005146
48439111571,0.021469
48439111572,0.007907
48439113003,0.026688
48439113004,0.097923
48439113005,0.171119
48439113006,0.008528
48439113007,0.021593
48439113102,0.016107
48439113104,0.013999
48439113107,0.005613
48439113108,0.004362
48439113109,0.028079
48439113110,0.026038
48439113112,0.00755
48439113115,0.029621
48439113116,0.026326
48439113117,0.011179
48439113118,0.018413
48439113119,0.01922
48439113120,0.004763
48439113121,0.094699
48439113122,0.059834
48439113206,0.093066
48439113207,0.013603
48439113210,0.124977
48439113212,0.013051
48439113213,0.017566
48439113214,0.007283
48439113215,0.007681
48439113216,0.007136
48439113217,0.013663
48439113218,0.007282
48439113221,0.098426
48439113222,0.126695
48439113223,0.028166
48439113301,0.103963
48439113302,0.052079
48439113403,0.015738
48439113404,0.016608
48439113407,0.088711
48439113408,0.043699
48439113409,0.08951
48439113410,0.160596
48439113509,0.004708
48439113510,0.00644
48439113511,0.036227
48439113512,0.011467
48439113513,0.06961
48439113514,0.029825
48439113516,0.007363
48439113517,0.035152
48439113519,0.017287
48439113520,0.026492
48439113521,0.027035
48439113522,0.010914
48439113607,0.016518
48439113611,0.078427
48439113612,0.021236
48439113613,0.026447
48439113618,0.008571
48439113619,0.0336
48439113622,0.089291
48439113623,0.017661
48439113624,0.005056
48439113625,0.014549
48439113626,0.011335
48439113628,0.098766
48439113629,0.011305
48439113630,0.050086
48439113632,0.005974
48439113633,0.010755
48439113634,0.005853
48439113635,0.162724
48439113636,0.04909
48439113637,0.061479
48439113638,0.026492
48439113639,0.016023
48439113640,0.016836
48439113707,0.060558
48439113709,0.011346
48439113710,0.004941
48439113711,0.067888
48439113712,0.037472
48439113713,0.022219
48439113714,0.015904
48439113715,0.043365
48439113716,0.049542
48439113803,0.079363
48439113808,0.006941
48439113809,0.010386
48439113810,0.00671
48439113811,0.083265
48439113812,0.003971
48439113813,0.013718
48439113814,0.012152
48439113815,0.011239
48439113816,0.012096
48439113906,0.006943
48439113908,0.018947
48439113912,0.010956
48439113916,0.008477
48439113917,0.012548
48439113918,0.064616
48439113919,0.020151
48439113920,0.01475
48439113923,0.009091
48439113924,0.007134
48439113925,0.012004
48439113930,0.010806
48439113931,0.015216
48439113932,0.01091
48439113933,0.035156
48439113934,0.007812
48439113935,0.029287
48439113936,0.035949
48439113937,0.041612
48439113938,0.003988
48439113939,0.006243
48439113940,0.014668
48439113941,0.009985
48439113942,0.014395
48439113943,0.007358
48439113944,0.009115
48439113945,0.021914
48439113946,0.01092
48439113947,0.012502
48439113948,0.011096
48439113949,0.005482
48439113950,0.02695
48439113951,0.011248
48439113952,0.010201
48439113953,0.048051
48439113954,0.019348
48439113955,0.004074
48439113956,0.01972
48439113957,0.022961
48439113958,0.041718
48439114003,0.085913
48439114006,0.045121
48439114009,0.004883
48439114010,0.004028
48439114011,0.012017
48439114012,0.008659
48439114013,0.01271
48439114014,0.005946
48439114015,0.110576
48439114105,0.05999
48439114106,0.031252
48439114107,0.037482
48439114108,0.012736
48439114109,0.007262
48439114110,0.09109
48439114111,0.029729
48439114112,0.017379
48439114113,0.00607
48439114203,0.014183
48439114204,0.042185
48439114205,0.015718
48439114206,0.049557
48439114207,0.016222
48439121605,0.025265
48439121606,0.028748
48439121608,0.007293
48439121609,0.01771
48439121610,0.011685
48439121611,0.014813
48439121612,0.22849
48439121613,0.333233
48439121614,0.079782
48439121615,0.161586
48439121702,0.013083
48439121703,0.00773
48439121704,0.00911
48439121904,0.053497
48439121905,0.019645
48439121906,0.037815
48439121907,0.007232
48439121908,0.069639
48439122001,0.005321
48439122002,0.011482
48439122100,0.006857
48439122200,0.054364
48439122300,0.014422
48439122401,0.017663
48439122402,0.010603
48439122500,0.02238
48439122600,0.020944
48439122701,0.009101
48439122702,0.04485
48439122801,0.032691
48439122802,0.00822
48439122901,0.013746
48439122902,0.062135
48439123001,0.188057
48439123002,0.025809
48439123100,0.104786
48439123200,0.054806
48439123301,0.088352
48439123302,0.101718
48439123500,0.028229
48439123600,0.0547
48439123700,0.006378
48439980000,0.211471
48441010100,0.006704
48441010200,0.014399
48441010300,0.004704
48441010400,0.006814
48441010500,0.013584
48441010600,0.00945
48441010700,0.006006
48441010800,0.098834
48441010900,0.074867
48441011000,0.027583
48441011200,0.057995
48441011300,0.009852
48441011400,0.084564
48441011500,0.006482
48441011600,0.01432
48441011700,0.118858
48441011900,0.02299
48441012000,0.03352
48441012100,0.021047
48441012200,0.045098
48441012300,0.0034
48441012400,0.088823
48441012500,0.021429
48441012600,0.066113
48441012701,0.009506
48441012702,0.09812
48441012801,0.071772
48441012802,0.063501
48441012900,0.012695
48441013000,0.056411
48441013100,0.065283
48441013200,0.071654
48441013300,0.055921
48441013401,0.070921
48441013402,0.04067
48441013404,0.017401
48441013501,0.053923
48441013502,0.09564
48441013601,0.051948
48441013602,0.053479
48441980000,0.243529
48443950100,0.070395
48447950300,0.048522
48449950100,0.049784
48449950200,0.090894
48449950301,0.031116
48449950302,0.090591
48449950400,0.100423
48449950500,0.099995
48449950600,0.058142
48449950700,0.225011
48449950800,0.259505
48451000100,0.076952
48451000200,0.275549
48451000300,0.048661
48451000400,0.043167
48451000700,0.083889
48451000801,0.106676
48451000802,0.006399
48451000900,0.038778
48451001000,0.258886
48451001101,0.032615
48451001102,0.025774
48451001200,0.004874
48451001301,0.017851
48451001303,0.022137
48451001304,0.024462
48451001401,0.06379
48451001402,0.120539
48451001500,0.132534
48451001600,0.045197
48451001702,0.184836
48451001706,0.014736
48451001707,0.039944
48451001708,0.173981
48451001709,0.072294
48451001710,0.011801
48451001800,0.074908
48451980000,0.036802
48453000101,0.021318
48453000102,0.029015
48453000203,0.009679
48453000204,0.016241
48453000205,0.013045
48453000206,0.019145
48453000302,0.010539
48453000304,0.024749
48453000305,0.062337
48453000307,0.041872
48453000308,0.110867
48453000309,0.022269
48453000401,0.047306
48453000402,0.016285
48453000500,0.012488
48453000601,0.002959
48453000605,0.038628
48453000606,0.061474
48453000607,0.005859
48453000608,0.029102
48453000700,0.040524
48453000801,0.083849
48453000802,0.024344
48453000803,0.019191
48453000804,0.057891
48453000901,0.110354
48453000902,0.015168
48453001000,0.016347
48453001101,0.01841
48453001102,0.102974
48453001103,0.040334
48453001200,0.008006
48453001304,0.105874
48453001307,0.008898
48453001308,0.020888
48453001309,0.032357
48453001310,0.094102
48453001311,0.008373
48453001312,0.016412
48453001401,0.011153
48453001402,0.084946
48453001403,0.067119
48453001501,0.007419
48453001503,0.013553
48453001504,0.006331
48453001505,0.026367
48453001602,0.008955
48453001603,0.013456
48453001604,0.037515
48453001605,0.007512
48453001606,0.073689
48453001910,0.05806
48453001911,0.086044
48453001912,0.08563
48453001913,0.122394
48453001914,0.010454
48453001915,0.01631
48453001916,0.014996
48453001917,0.20046
48453001918,0.033896
48453001919,0.031371
48453001920,0.062872
48453001921,0.147716
48453001922,0.117355
48453001923,0.20384
48453002002,0.012895
48453002003,0.008119
48453002004,0.021381
48453002006,0.017588
48453002007,0.102107
48453002104,0.00651
48453002105,0.004166
48453002106,0.010724
48453002107,0.007433
48453002108,0.006189
48453002109,0.007258
48453002110,0.052635
48453002111,0.012268
48453002112,0.003267
48453002113,0.003299
48453002201,0.005945
48453002211,0.014676
48453002213,0.01359
48453002214,0.011536
48453002215,0.049271
48453002216,0.020577
48453002217,0.153601
48453002218,0.305395
48453002219,0.044442
48453002220,0.009396
48453002221,0.003392
48453002222,0.009928
48453002304,0.035942
48453002307,0.035785
48453002310,0.081741
48453002313,0.035957
48453002314,0.0067
48453002315,0.035245
48453002316,0.044356
48453002319,0.162847
48453002320,0.044074
48453002321,0.014308
48453002322,0.012716
48453002323,0.01461
48453002324,0.027716
48453002325,0.041667
48453002326,0.303449
48453002327,0.02201
48453002403,0.015271
48453002407,0.005578
48453002409,0.014323
48453002410,0.016086
48453002411,0.011903
48453002412,0.026855
48453002413,0.011389
48453002419,0.002711
48453002422,0.021258
48453002423,0.0177
48453002424,0.052897
48453002430,0.008735
48453002432,0.051048
48453002434,0.106649
48453002436,0.15416
48453002437,0.025994
48453002438,0.010742
48453002439,0.008844
48453002440,0.011637
48453002441,0.01256
48453002442,0.020345
48453002443,0.054608
48453002444,0.025668
48453002445,0.018515
48453002446,0.021814
48453002447,0.065437
48453002448,0.010005
48453002449,0.038801
48453002450,0.125787
48453002451,0.052007
48453002452,0.04036
48453002453,0.060971
48453002500,0.035982
48453030000,0.045651
48453030100,0.070963
48453030200,0.010915
48453030300,0.010164
48453030400,0.009277
48453030500,0.010858
48453030600,0.014761
48453030700,0.007218
48453030800,0.017757
48453030900,0.033732
48453031000,0.020711
48453031100,0.21183
48453031200,0.02709
48453031300,0.005697
48453031400,0.032362
48453031500,0.015019
48453031600,0.028236
48453031700,0.007308
48453031800,0.032389
48453031900,0.029427
48453032000,0.029429
48453032100,0.012238
48453032200,0.012316
48453032300,0.057148
48453032400,0.024297
48453032500,0.012539
48453032600,0.009344
48453032700,0.014296
48453032800,0.261549
48453032900,0.025436
48453033000,0.062244
48453033100,0.063117
48453033200,0.024821
48453033300,0.018032
48453033400,0.00945
48453033500,0.008874
48453033600,0.143127
48453033700,0.006631
48453033800,0.007105
48453033900,0.01182
48453034000,0.06505
48453034100,0.009523
48453034200,0.052155
48453034300,0.013368
48453034400,0.009169
48453034500,0.024336
48453034600,0.026212
48453034700,0.014447
48453034800,0.020744
48453034900,0.016542
48453035000,0.023731
48453035100,0.025254
48453035200,0.051799
48453035300,0.28827
48453035400,0.053444
48453035500,0.005156
48453035600,0.130778
48453035700,0.036399
48453035800,0.034302
48453035900,0.047607
48453036000,0.021871
48453036100,0.041423
48453036200,0.014743
48453036300,0.060059
48453036400,0.156603
48453036500,0.199907
48453036600,0.143141
48453036700,0.125063
48453036800,0.048391
48453036900,0.063337
48453037000,0.150732
48453037100,0.239265
48453037200,0.005675
48453037300,0.020644
48453037400,0.130514
48453037500,0.113905
48453037600,0.014298
48453040000,0.016053
48453040100,0.050568
48453040200,0.003533
48453040300,0.007075
48453040400,0.0212
48453040500,0.005776
48453040600,0.033994
48453040700,0.010118
48453040800,0.012724
48453040900,0.199668
48453041000,0.199526
48453041100,0.25139
48453041200,0.019497
48453041300,0.008511
48453041400,0.032632
48453041500,0.039431
48453041600,0.010803
48453041700,0.037598
48453041800,0.026367
48453041900,0.04184
48453042000,0.022985
48453042100,0.008721
48453042200,0.019673
48453042300,0.042155
48453042400,0.018309
48453042500,0.017773
48453042600,0.036151
48453042700,0.003038
48453042800,0.011085
48453042900,0.012674
48453043000,0.006949
48453043100,0.102162
48453043200,0.247255
48453043300,0.005758
48453043400,0.010152
48453043500,0.057088
48453043600,0.008626
48453043700,0.03655
48453043800,0.011693
48453043900,0.007506
48453044000,0.013536
48453044100,0.010308
48453044200,0.013113
48453044300,0.017904
48453044400,0.015706
48453044500,0.008746
48453044600,0.004915
48453044700,0.011719
48453044800,0.025631
48453044900,0.090332
48453045000,0.007568
48453045100,0.026655
48453045200,0.016602
48453045300,0.019911
48453045400,0.050564
48453045500,0.007883
48453045600,0.040054
48453045700,0.067868
48453045800,0.186731
48453045900,0.212679
48453046000,0.033757
48453046100,0.025184
48453046200,0.08138
48453046300,0.020766
48453046400,0.007983
48453046500,0.013826
48453046600,0.015528
48453046700,0.041543
48453046800,0.010612
48453046900,0.003259
48453047000,0.02969
48453980000,0.121138
48455950100,0.109935
48455950200,0.036202
48455950300,0.113233
48455950400,0.082053
48455950500,0.081471
48459950101,0.032503
48459950102,0.188637
48459950200,0.035302
48459950301,0.089374
48459950302,0.019616
48459950400,0.207684
48459950501,0.054344
48459950502,0.016283
48459950600,0.027454
48459950700,0.099887
48461950100,0.057897
48463950100,0.045153
48463950201,0.101728
48463950202,0.037257
48463950300,0.077226
48463950400,0.096344
48463950500,0.100179
48465950202,0.132195
48465950203,0.185788
48465950301,0.082882
48465950302,0.107709
48465950400,0.134153
48465950501,0.064865
48465950502,0.05168
48465950601,0.316031
48465950602,0.142699
48465950701,0.08401
48465950702,0.089355
48465950801,0.261813
48465950802,0.140908
48465980000,0.042575
48467950100,0.027285
48467950200,0.047231
48467950300,0.066177
48467950400,0.020404
48467950500,0.014015
48467950601,0.105807
48467950602,0.061682
48467950700,0.111458
48467950801,0.032888
48467950802,0.064481
48467950901,0.015967
48467950902,0.172596
48467951001,0.008714
48467951002,0.021992
48469000100,0.253862
48469000201,0.22113
48469000202,0.011607
48469000301,0.169763
48469000302,0.176606
48469000400,0.150468
48469000501,0.056474
48469000502,0.0104
48469000601,0.066395
48469000602,0.059032
48469000700,0.018365
48469000800,0.029737
48469001300,0.14538
48469001401,0.160016
48469001402,0.017928
48469001501,0.122781
48469001503,0.093185
48469001504,0.112272
48469001601,0.011319
48469001604,0.003723
48469001605,0.121294
48469001607,0.108085
48469001608,0.019257
48469001700,0.027245
48469980000,0.375373
48471790101,0.02843
48471790102,0.044053
48471790103,0.12197
48471790200,0.062992
48471790301,0.047114
48471790302,0.042943
48471790401,0.187549
48471790402,0.120398
48471790500,0.116374
48471790600,0.036843
48471790700,0.038773
48471790800,0.063815
48473680100,0.037201
48473680201,0.018022
48473680202,0.071822
48473680301,0.053209
48473680302,0.076239
48473680303,0.031235
48473680501,0.018072
48473680502,0.049338
48473680601,0.159574
48473680602,0.02494
48473980000,0.034559
48477170100,0.100685
48477170201,0.072891
48477170202,0.136091
48477170300,0.047777
48477170400,0.09742
48477170501,0.04679
48477170502,0.076691
48477170601,0.052574
48477170602,0.184304
48479000101,0.051597
48479000105,0.076816
48479000106,0.043738
48479000107,0.008267
48479000108,0.004983
48479000109,0.203783
48479000200,0.035007
48479000300,0.012895
48479000601,0.014079
48479000602,0.034506
48479000700,0.079522
48479000800,0.003677
48479000901,0.008057
48479000903,0.090845
48479000904,0.001137
48479001001,0.003418
48479001003,0.027316
48479001004,0.01445
48479001101,0.085781
48479001103,0.123536
48479001104,0.014486
48479001105,0.151875
48479001201,0.042003
48479001202,0.030111
48479001300,0.052786
48479001401,0.036057
48479001402,0.032064
48479001501,0.120303
48479001502,0.028186
48479001601,0.004756
48479001602,0.031334
48479001706,0.04031
48479001709,0.00743
48479001710,0.201155
48479001711,0.039768
48479001714,0.105066
48479001715,0.109955
48479001716,0.003451
48479001717,0.136951
48479001718,0.036452
48479001719,0.006037
48479001720,0.126779
48479001721,0.017415
48479001722,0.02121
48479001723,0.013984
48479001724,0.039714
48479001725,0.031877
48479001726,0.044146
48479001727,0.01131
48479001806,0.024814
48479001809,0.149027
48479001810,0.285704
48479001811,0.140652
48479001813,0.38011
48479001815,0.080889
48479001816,0.247043
48479001818,0.320276
48479001819,0.205072
48479001820,0.135672
48479001821,0.003065
48479001822,0.003255
48479001823,0.003508
48479001824,0.130951
48479001825,0.053933
48479001826,0.065175
48479001827,0.240757
48479001828,0.026058
48479001900,0.008932
48479980000,0.11703
48481740100,0.010595
48481740200,0.086125
48481740300,0.025452
48481740400,0.102754
48481740500,0.012786
48481740600,0.087432
48481740700,0.098514
48481740800,0.107421
48481740901,0.040065
48481740902,0.147112
48481741000,0.046215
48481741100,0.091551
48489950300,0.155312
48489950400,0.063644
48489950500,0.029853
48489950600,0.082407
48489950700,0.039479
48491020106,0.028076
48491020108,0.015634
48491020109,0.035238
48491020111,0.032959
48491020113,0.018495
48491020114,0.084349
48491020115,0.012637
48491020116,0.042393
48491020117,0.24904
48491020118,0.078035
48491020119,0.02201
48491020120,0.038133
48491020121,0.072247
48491020122,0.138436
48491020123,0.094183
48491020124,0.201653
48491020201,0.02521
48491020203,0.01123
48491020205,0.029193
48491020206,0.113314
48491020207,0.181769
48491020208,0.285988
48491020310,0.00654
48491020311,0.046837
48491020319,0.008228
48491020321,0.104876
48491020323,0.005592
48491020325,0.05999
48491020326,0.014606
48491020327,0.094774
48491020329,0.058449
48491020330,0.046892
48491020331,0.087522
48491020332,0.051138
48491020333,0.007753
48491020334,0.007699
48491020335,0.011203
48491020336,0.007284
48491020337,0.050537
48491020338,0.006917
48491020339,0.009983
48491020340,0.009516
48491020341,0.007614
48491020342,0.208823
48491020343,0.014526
48491020344,0.155437
48491020345,0.011383
48491020346,0.02299
48491020347,0.009589
48491020348,0.026088
48491020349,0.045076
48491020350,0.00523
48491020351,0.018898
48491020352,0.04255
48491020353,0.011759
48491020354,0.007975
48491020355,0.018868
48491020356,0.031773
48491020403,0.00867
48491020404,0.006673
48491020405,0.009738
48491020406,0.013664
48491020408,0.031906
48491020409,0.056054
48491020410,0.007346
48491020411,0.025228
48491020503,0.015397
48491020505,0.069336
48491020507,0.02271
48491020508,0.019665
48491020509,0.011373
48491020511,0.0523
48491020512,0.025018
48491020513,0.035826
48491020514,0.014933
48491020515,0.047201
48491020516,0.006078
48491020517,0.01817
48491020602,0.018275
48491020604,0.013485
48491020606,0.013794
48491020607,0.016491
48491020608,0.007039
48491020609,0.023275
48491020701,0.013505
48491020704,0.014445
48491020706,0.032471
48491020707,0.008952
48491020709,0.021334
48491020710,0.066845
48491020711,0.185374
48491020712,0.00818
48491020713,0.011731
48491020808,0.024793
48491020810,0.021279
48491020811,0.009633
48491020812,0.029972
48491020813,0.012806
48491020814,0.010636
48491020815,0.013672
48491020816,0.126513
48491020817,0.114391
48491020818,0.118419
48491020819,0.051687
48491020820,0.015293
48491020821,0.018295
48491020822,0.086445
48491020900,0.013806
48491021000,0.074481
48491021100,0.01027
48491021201,0.071533
48491021202,0.146603
48491021203,0.208678
48491021300,0.018406
48491021402,0.03432
48491021404,0.193727
48491021405,0.01587
48491021406,0.026773
48491021407,0.048503
48491021502,0.052327
48491021503,0.027071
48491021506,0.047526
48491021509,0.019735
48491021510,0.031783
48491021511,0.028982
48491021512,0.022886
48491021513,0.011692
48491021514,0.005213
48491021515,0.055751
48491021516,0.015706
48491021517,0.009102
48491021518,0.003656
48491021601,0.055088
48491021602,0.07313
48491021603,0.012361
48493000102,0.088033
48493000103,0.004344
48493000104,0.05017
48493000201,0.036111
48493000202,0.024277
48493000300,0.089644
48493000402,0.128119
48493000404,0.164946
48493000405,0.01869
48493000406,0.263082
48493000500,0.163861
48493000600,0.014371
48497150101,0.069959
48497150103,0.255941
48497150104,0.016554
48497150201,0.201557
48497150202,0.128422
48497150300,0.077522
48497150402,0.056343
48497150403,0.033849
48497150404,0.045273
48497150405,0.143704
48497150500,0.176372
48497150603,0.099734
48497150604,0.047894
48497150605,0.01899
48497150606,0.129367
48497150607,0.206681
48499950100,0.047432
48499950200,0.061894
48499950301,0.018776
48499950303,0.036841
48499950304,0.097883
48499950401,0.052582
48499950402,0.264657
48499950500,0.055843
48499950601,0.014179
48499950602,0.037426
48499950700,0.045972
48499950800,0.12948
48503950200,0.033263
48503950401,0.172317
48503950402,0.02905
48503950500,0.076901
48503950600,0.102243
48505950303,0.272662
48505950304,0.157997
48505950305,0.290999
48505950306,0.326353
48505950401,0.238257
48505950402,0.159611
48507950100,0.253194
48507950200,0.165754
48507950301,0.105703
48507950302,0.086602
53001950100,0.0967
53001950200,0.172766
53001950301,0.040681
53001950302,0.070401
53001950303,0.225816
53001950400,0.150065
53001950500,0.008513
53003960100,0.094356
53003960200,0.047096
53005010100,0.173993
53005010201,0.08149
53005010203,0.003019
53005010204,0.062501
53005010300,0.128594
53005010400,0.005576
53005010500,0.134077
53005010600,0.040877
53005010701,0.04041
53005010703,0.094288
53005010705,0.00923
53005010707,0.004658
53005010708,0.177249
53005010807,0.044926
53005010809,0.041406
53005010810,0.006962
53005010811,0.043139
53005010814,0.052392
53005010815,0.008954
53005010816,0.020567
53005010817,0.016261
53005010818,0.017691
53005010819,0.02275
53005010820,0.02857
53005010901,0.040855
53005010902,0.02028
53005011001,0.021344
53005011002,0.032862
53005011100,0.024915
53005011201,0.006104
53005011202,0.073357
53005011300,0.05965
53005011401,0.010701
53005011402,0.005168
53005011501,0.112786
53005011504,0.009614
53005011505,0.077725
53005011506,0.157976
53005011600,0.137823
53005011701,0.025152
53005011702,0.028473
53005011801,0.053553
53005011802,0.042586
53005011900,0.019916
53005012000,0.084143
53007960100,0.102001
53007960201,0.146386
53007960202,0.044087
53007960203,0.0899
53007960301,0.112205
53007960302,0.047122
53007960303,0.090411
53007960400,0.056143
53007960501,0.113894
53007960502,0.081435
53007960600,0.238035
53007960700,0.034711
53007960801,0.010986
53007960803,0.004356
53007960804,0.050983
53007961001,0.002808
53007961002,0.113488
53007961101,0.00677
53007961102,0.004036
53007961200,0.041545
53007961301,0.010381
53007961303,0.004827
53007961304,0.008876
53013960200,0.021928
53017950101,0.084218
53017950102,0.131931
53017950200,0.087337
53017950300,0.03234
53017950400,0.027151
53017950500,0.012654
53017950600,0.005232
53017950700,0.003277
53017950800,0.007639
53019940000,0.033123
53019970100,0.110785
53019970200,0.118267
53021020101,0.159071
53021020102,0.05779
53021020103,0.020781
53021020201,0.008219
53021020202,0.004987
53021020300,0.039439
53021020401,0.028001
53021020402,0.008332
53021020403,0.007254
53021020404,0.008562
53021020501,0.088661
53021020503,0.025503
53021020504,0.039713
53021020603,0.004097
53021020605,0.070284
53021020606,0.057914
53021020607,0.004493
53021020608,0.027419
53021020700,0.195239
53021020801,0.127297
53021020802,0.141918
53021980100,0.017106
53023970300,0.046591
53025010100,0.129268
53025010200,0.03016
53025010300,0.191219
53025010401,0.161653
53025010402,0.045351
53025010500,0.046109
53025010600,0.124084
53025010700,0.116183
53025010800,0.012335
53025010901,0.026234
53025010903,0.016057
53025010904,0.007522
53025011001,0.107331
53025011002,0.023566
53025011101,0.109797
53025011102,0.154032
53025011200,0.055076
53025011300,0.072566
53025011401,0.145346
53025011403,0.008596
53025011404,0.117221
53025011405,0.298121
53025011406,0.052253
53033031502,0.170473
53033032706,0.06959
53033032800,0.090295
53037975101,0.073591
53037975102,0.058689
53037975103,0.075475
53037975104,0.131799
53037975201,0.061937
53037975202,0.026021
53037975203,0.220174
53037975300,0.072942
53037975402,0.10536
53037975403,0.004117
53037975404,0.028347
53037975500,0.058534
53037975600,0.117392
53037975700,0.157806
53039950101,0.059213
53039950102,0.080132
53039950103,0.228474
53039950200,0.089232
53039950302,0.076531
53041972000,0.057247
53043960100,0.187166
53043960200,0.116284
53043960300,0.073351
53043960400,0.105469
53047940100,0.147147
53047940200,0.094961
53047970301,0.019457
53047970302,0.154691
53047970303,0.121412
53047970400,0.093342
53047970500,0.207822
53047970601,0.178749
53047970602,0.184964
53047970700,0.090721
53047970800,0.037381
53047970900,0.076283
53047971000,0.096992
53051970100,0.083045
53051970200,0.085417
53051970300,0.045958
53051970400,0.03924
53051970500,0.061383
53053070100,0.110644
53057951101,0.181205
53057951102,0.093698
53057951200,0.030985
53059950100,0.071343
53059950400,0.118439
53061053606,0.014386
53061053700,0.027696
53061053801,0.049502
53061053803,0.070381
53063000201,0.030821
53063000202,0.014058
53063000301,0.005536
53063000302,0.02238
53063000400,0.033925
53063000500,0.124176
53063000600,0.005119
53063000700,0.036221
53063000800,0.058318
53063000900,0.02521
53063001000,0.014636
53063001100,0.004945
53063001200,0.054688
53063001300,0.112819
53063001400,0.06763
53063001500,0.127437
53063001600,0.002585
53063001800,0.237606
53063001900,0.043053
53063002000,0.130085
53063002100,0.188737
53063002300,0.010125
53063002400,0.010433
53063002501,0.075734
53063002502,0.014041
53063002503,0.095684
53063002600,0.016724
53063002900,0.001704
53063003000,0.007497
53063003100,0.011241
53063003200,0.011305
53063003500,0.047513
53063003601,0.005919
53063003602,0.011219
53063003800,0.022632
53063003900,0.028015
53063004001,0.026498
53063004002,0.018997
53063004100,0.008582
53063004200,0.00906
53063004300,0.007405
53063004400,0.015759
53063004500,0.011222
53063004601,0.013372
53063004602,0.002723
53063004701,0.008237
53063004702,0.023785
53063004800,0.003929
53063004900,0.05957
53063005000,0.009325
53063010101,0.166399
53063010102,0.376842
53063010201,0.076172
53063010203,0.010527
53063010204,0.062234
53063010301,0.017433
53063010303,0.033857
53063010304,0.068419
53063010305,0.207635
53063010401,0.075652
53063010403,0.057598
53063010404,0.011898
53063010504,0.225466
53063010505,0.163734
53063010506,0.007225
53063010507,0.061442
53063010508,0.014343
53063010601,0.134953
53063010603,0.026164
53063010604,0.004988
53063010701,0.031936
53063010702,0.003047
53063010800,0.047263
53063010901,0.086391
53063010902,0.007287
53063011000,0.070938
53063011102,0.013878
53063011103,0.050678
53063011104,0.023286
53063011202,0.010727
53063011203,0.01218
53063011204,0.053417
53063011301,0.006216
53063011302,0.022789
53063011400,0.005724
53063011500,0.343703
53063011600,0.213284
53063011701,0.087568
53063011702,0.022424
53063011800,0.096538
53063011900,0.121631
53063012000,0.030423
53063012100,0.028108
53063012200,0.034435
53063012300,0.080824
53063012401,0.036053
53063012402,0.069381
53063012500,0.101837
53063012600,0.24811
53063012701,0.272913
53063012702,0.307344
53063012801,0.123781
53063012802,0.003783
53063012901,0.017215
53063012902,0.008258
53063013001,0.003025
53063013002,0.023099
53063013003,0.007487
53063013101,0.012576
53063013102,0.101241
53063013201,0.042779
53063013300,0.100287
53063013401,0.0212
53063013501,0.031901
53063013502,0.049071
53063013503,0.030954
53063013600,0.095542
53063013700,0.019594
53063013800,0.361293
53063013900,0.172345
53063014001,0.148855
53063014002,0.166449
53063014100,0.167358
53063014200,0.128074
53063014300,0.025386
53063014400,0.016345
53063014500,0.069873
53065941000,0.136011
53065950101,0.173602
53065950102,0.118941
53065950200,0.029147
53065950300,0.16226
53065950500,0.1065
53065950600,0.142844
53065950700,0.211522
53065950800,0.12881
53065950900,0.048582
53065951100,0.053293
53065951301,0.04874
53065951302,0.347804
53065951401,0.041175
53065951402,0.047713
53071920000,0.089895
53071920100,0.061596
53071920200,0.013819
53071920302,0.007414
53071920400,0.068917
53071920500,0.018576
53071920600,0.029159
53071920701,0.032247
53071920702,0.009603
53071920801,0.005382
53071920802,0.073893
53071920901,0.006895
53073010103,0.169967
53075000100,0.186392
53075000201,0.178302
53075000202,0.23015
53075000300,0.09432
53075000400,0.331902
53075000500,0.201205
53075000601,0.10303
53075000602,0.180241
53075000700,0.07295
53075000800,0.055604
53075000900,0.034974
53075001000,0.135497
53077000100,0.015559
53077000200,0.010284
53077000301,0.080002
53077000302,0.045257
53077000401,0.007434
53077000402,0.025238
53077000500,0.016165
53077000600,0.007967
53077000700,0.017131
53077000800,0.009412
53077000902,0.009557
53077000903,0.017985
53077000904,0.010111
53077001000,0.008805
53077001100,0.017097
53077001201,0.005859
53077001202,0.005583
53077001300,0.101517
53077001400,0.01017
53077001502,0.014242
53077001503,0.009286
53077001504,0.02155
53077001601,0.08428
53077001602,0.055996
53077001701,0.142969
53077001702,0.027093
53077001801,0.138736
53077001802,0.136434
53077001901,0.107596
53077001902,0.004232
53077002003,0.010525
53077002004,0.036703
53077002005,0.070154
53077002006,0.028531
53077002101,0.106293
53077002103,0.057911
53077002104,0.012588
53077002201,0.023272
53077002202,0.072966
53077002701,0.011723
53077002801,0.020101
53077002803,0.007229
53077002804,0.008165
53077002900,0.010947
53077003002,0.00524
53077003003,0.082532
53077003004,0.093149
53077003100,0.050839
53077003200,0.01438
53077003400,0.01819
53077940001,0.008621
53077940002,0.019482
53077940003,0.100255
53077940005,0.045821
53077940006,0.002162
53077940007,0.004188
53077940008,0.024414
