GEOID,coverage_gap_score
40001376600,0.070511
40001376700,0.059082
40001376800,0.150608
40001376900,0.205877
40001377000,0.157691
40003955600,0.167279
40003955700,0.195602
40003956000,0.144831
40005587600,0.083216
40005587700,0.171063
40005587800,0.206729
40005587900,0.015018
40009966100,0.186447
40009966200,0.221488
40009966800,0.138274
40011958600,0.224131
40011958700,0.217315
40011958800,0.1895
40011958900,0.2263
40011959000,0.241354
40013795600,0.119489
40013795700,0.078378
40013795900,0.036411
40013796002,0.099961
40013796003,0.107683
40013796004,0.341878
40013796101,0.156572
40013796102,0.137314
40013796200,0.139205
40013796300,0.115326
40013796400,0.121479
40013796500,0.093955
40013796600,0.122789
40015161601,0.171037
40015161602,0.187356
40015161700,0.107567
40015161800,0.095916
40015161900,0.041707
40015162000,0.238446
40015162101,0.279731
40015162102,0.259551
40015162200,0.112151
40015162300,0.132116
40017300100,0.258193
40017300201,0.140489
40017300202,0.199657
40017300300,0.324113
40017300400,0.43208
40017300500,0.31591
40017300600,0.258418
40017300701,0.198596
40017300702,0.156982
40017300802,0.337656
40017300803,0.210852
40017300804,0.325524
40017300805,0.201373
40017300806,0.183262
40017300901,0.203883
40017300902,0.24468
40017300904,0.115305
40017300905,0.087365
40017301001,0.128746
40017301003,0.265037
40017301006,0.070668
40017301010,0.268291
40017301011,0.157511
40017301012,0.045524
40017301013,0.036815
40017301014,0.115723
40017301015,0.083939
40017301100,0.1277
40017301201,0.309328
40017301202,0.301134
40017301301,0.160441
40017301302,0.226206
40017301406,0.117581
40017301407,0.211638
40017301408,0.148053
40017301409,0.322682
40017301410,0.288426
40019892100,0.119185
40019892200,0.206489
40019892301,0.189675
40019892302,0.160198
40019892400,0.107632
40019892501,0.248954
40019892502,0.112053
40019892601,0.297698
40019892602,0.146915
40019892700,0.174012
40019892801,0.016099
40019892802,0.190251
40019892900,0.058851
40019893001,0.192387
40019893002,0.075449
40019893100,0.079281
40021977600,0.21188
40021977701,0.213441
40021977702,0.244099
40021977801,0.175817
40021977802,0.128728
40021977901,0.310935
40021977902,0.093761
40021978000,0.067378
40021978100,0.240193
40021978201,0.155479
40021978202,0.162633
40021978301,0.212001
40021978302,0.30296
40023966900,0.083575
40023967000,0.103554
40023967100,0.130021
40023967200,0.183759
40023967300,0.136768
40027200100,0.027967
40027200200,0.108448
40027200300,0.011562
40027200400,0.013631
40027200500,0.020143
40027200602,0.094774
40027200603,0.019111
40027200604,0.246765
40027200700,0.272577
40027200800,0.134335
40027200900,0.016843
40027201000,0.028645
40027201102,0.019265
40027201103,0.046001
40027201104,0.145514
40027201201,0.008553
40027201202,0.028533
40027201204,0.00647
40027201205,0.067406
40027201302,0.146863
40027201303,0.042703
40027201403,0.111144
40027201404,0.091799
40027201405,0.038185
40027201505,0.134729
40027201508,0.029144
40027201509,0.024034
40027201511,0.002665
40027201512,0.07009
40027201513,0.180774
40027201514,0.020289
40027201602,0.265383
40027201603,0.162952
40027201604,0.161932
40027201607,0.011352
40027201609,0.028861
40027201610,0.165444
40027201611,0.023531
40027201612,0.156173
40027201700,0.210617
40027201801,0.009576
40027201802,0.017247
40027201902,0.007749
40027201903,0.090602
40027201904,0.063384
40027202002,0.013846
40027202004,0.056684
40027202005,0.020766
40027202006,0.032878
40027202007,0.241788
40027202008,0.004713
40027202102,0.118698
40027202104,0.113804
40027202105,0.2316
40027202106,0.107089
40027202107,0.28538
40027202201,0.217502
40027202203,0.191816
40027202205,0.005724
40027202207,0.160353
40027202208,0.141287
40027202301,0.30315
40027202302,0.029867
40027202403,0.16266
40027202404,0.1687
40027202405,0.056349
40027202406,0.063391
40027202407,0.305776
40027202501,0.164349
40027202502,0.147421
40027202600,0.088486
40029388100,0.119394
40029388200,0.09282
40031000100,0.113026
40031000200,0.094096
40031000300,0.024639
40031000402,0.054441
40031000403,0.004292
40031000404,0.013259
40031000405,0.041386
40031000503,0.002004
40031000504,0.025886
40031000505,0.012628
40031000506,0.054611
40031000600,0.020154
40031000700,0.00523
40031000800,0.021536
40031000900,0.007642
40031001000,0.012043
40031001100,0.005711
40031001400,0.024791
40031001500,0.008988
40031001600,0.010691
40031001700,0.009801
40031001901,0.178901
40031001902,0.209842
40031002001,0.032824
40031002003,0.187588
40031002004,0.153111
40031002005,0.038716
40031002101,0.133744
40031002102,0.139774
40031002201,0.202225
40031002202,0.164813
40031002301,0.108065
40031002302,0.047059
40031002401,0.282447
40031002403,0.258026
40031002405,0.155405
40031002406,0.067651
40031002500,0.038157
40033871100,0.117491
40033871200,0.244269
40035373100,0.104807
40035373200,0.139147
40035373300,0.157461
40035373400,0.233997
40035373500,0.161397
40037020101,0.284533
40037020102,0.213705
40037020103,0.157035
40037020602,0.166424
40037020603,0.213545
40037020604,0.164531
40037020702,0.181957
40037020704,0.185877
40037020705,0.322554
40037020706,0.197969
40037020707,0.227704
40037020800,0.111249
40037020900,0.249671
40037021000,0.143989
40037021101,0.173742
40037021102,0.130284
40037021201,0.15344
40037021202,0.222521
40037021300,0.287471
40037021401,0.205645
40037021402,0.239795
40037021500,0.125777
40037021600,0.416847
40039950800,0.189473
40039960401,0.199279
40039960402,0.155374
40039960600,0.148288
40039960701,0.125596
40039960702,0.313391
40039961000,0.082832
40041375601,0.242739
40041375602,0.386901
40041375701,0.227144
40041375702,0.190975
40041375803,0.133525
40041375804,0.300446
40041375805,0.435864
40041375806,0.184544
40041375901,0.264348
40041375902,0.150215
40041376000,0.231949
40041376100,0.200397
40041976200,0.227078
40043959100,0.212788
40043959200,0.203408
40043959300,0.145327
40045952600,0.141193
40045952800,0.233123
40047000101,0.073892
40047000102,0.150519
40047000200,0.311601
40047000601,0.265782
40047000602,0.326059
40047000701,0.011994
40047000702,0.126338
40047001100,0.212466
40047001200,0.091186
40047001301,0.192784
40047001302,0.196714
40047001401,0.299431
40047001402,0.324639
40047001500,0.258189
40047001602,0.116125
40047001603,0.246026
40047001604,0.275782
40049681100,0.154113
40049681200,0.120821
40049681300,0.133447
40049681400,0.147318
40049681500,0.133016
40049681600,0.04824
40049681700,0.092093
40049681800,0.141848
40049681900,0.151903
40051000100,0.27935
40051000400,0.182288
40051000501,0.009028
40051000502,0.153743
40051000600,0.184399
40051000701,0.052071
40051000702,0.134789
40051000801,0.207811
40051000802,0.208652
40051000901,0.162762
40051000902,0.197306
40051000904,0.355503
40051000905,0.151073
40051000906,0.131029
40051001000,0.276503
40053956400,0.307334
40053956500,0.09972
40055967100,0.205059
40055967200,0.150678
40059952100,0.078988
40059952200,0.14814
40061279100,0.060548
40061279200,0.197182
40061279300,0.086181
40061279400,0.114852
40063484600,0.058609
40063484700,0.128989
40063484800,0.164007
40063484900,0.14078
40063485000,0.207233
40065968100,0.077262
40065968200,0.223929
40065968300,0.168464
40065968400,0.200298
40065968500,0.09297
40065968600,0.22375
40065968700,0.335545
40065968800,0.336679
40067371600,0.068935
40067371700,0.105442
40067371800,0.098804
40069660198,0.10745
40069660201,0.212706
40069660202,0.347348
40069660300,0.182692
40071000100,0.021258
40071000201,0.125118
40071000202,0.06335
40071000300,0.047657
40071000400,0.233457
40071000500,0.080272
40071000600,0.168544
40071001100,0.221105
40071001200,0.190237
40071001301,0.331221
40071001302,0.163978
40073958100,0.13175
40073958200,0.123811
40073958300,0.185522
40073958400,0.151356
40075963600,0.081024
40075963700,0.090203
40075964200,0.089097
40077087100,0.08684
40077087200,0.182075
40077087300,0.204948
40079040102,0.199882
40079040198,0.175508
40079040299,0.11039
40079040301,0.129677
40079040302,0.05081
40079040303,0.146613
40079040401,0.178208
40079040402,0.23996
40079040500,0.152836
40079040601,0.198921
40079040602,0.208745
40079040700,0.143927
40081961100,0.167568
40081961200,0.092642
40081961300,0.124913
40081961401,0.140943
40081961402,0.055529
40081961500,0.262724
40081961600,0.133855
40081961700,0.166368
40083600101,0.142689
40083600200,0.234423
40083600300,0.196628
40083600401,0.209897
40083600402,0.027995
40083600501,0.174064
40083600502,0.28561
40083600600,0.182895
40083600700,0.220292
40083600801,0.118316
40083600802,0.157777
40083600903,0.138147
40083601000,0.22453
40085094100,0.234648
40085094200,0.148266
40085094300,0.208929
40087400103,0.158706
40087400104,0.185367
40087400105,0.186185
40087400106,0.218354
40087400201,0.091087
40087400203,0.100207
40087400204,0.165679
40087400300,0.210866
40087400400,0.126131
40089098200,0.067566
40089098300,0.134414
40089098400,0.081049
40089098501,0.20599
40089098502,0.121603
40089098600,0.162309
40089098700,0.086884
40089098800,0.19329
40089098900,0.144003
40091779601,0.217601
40091779602,0.228956
40091779700,0.111361
40091779900,0.179564
40091780100,0.208053
40091780200,0.132583
40091780301,0.065067
40091780302,0.147411
40093955100,0.207778
40093955200,0.093548
40093955300,0.20313
40095094698,0.154188
40095094700,0.198915
40095094803,0.154527
40095094804,0.480198
40095094805,0.226294
40095094806,0.349318
40097040100,0.186014
40097040200,0.154068
40097040300,0.084317
40097040400,0.12103
40097040501,0.163642
40097040502,0.195642
40097040600,0.17013
40097040700,0.13568
40097040801,0.167919
40097040802,0.086545
40099790600,0.057809
40099790701,0.091294
40099790702,0.098043
40099790801,0.238054
40099790802,0.172833
40101000100,0.235287
40101000200,0.231239
40101000300,0.217439
40101000400,0.206669
40101000600,0.129865
40101000700,0.172811
40101000801,0.009058
40101000802,0.13175
40101000901,0.126816
40101000902,0.016563
40101001000,0.188642
40101001100,0.069413
40101001200,0.30356
40101001301,0.157089
40101001302,0.206739
40101001401,0.238133
40101001402,0.10858
40101001501,0.152704
40101001502,0.045575
40101001600,0.215003
40103956600,0.134039
40103956900,0.248902
40103957000,0.243735
40103957100,0.20279
40105172100,0.060965
40105172200,0.084244
40105172300,0.0866
40105172400,0.091133
40107080600,0.113151
40107080700,0.091363
40107080900,0.155343
40107081000,0.139336
40109100100,0.00723
40109100201,0.00577
40109100202,0.213975
40109100203,0.011875
40109100300,0.081316
40109100400,0.007585
40109100500,0.132547
40109100800,0.073024
40109100900,0.017284
40109101000,0.049982
40109101100,0.254592
40109101200,0.181291
40109101300,0.089164
40109101400,0.017456
40109101500,0.033447
40109101800,0.287658
40109101900,0.04414
40109102000,0.048014
40109102100,0.045544
40109102200,0.041361
40109102300,0.010173
40109102400,0.028361
40109102500,0.155195
40109103200,0.087929
40109103300,0.010824
40109103900,0.005973
40109104100,0.006226
40109104200,0.078309
40109104300,0.056152
40109104400,0.014974
40109104500,0.007256
40109104600,0.003269
40109104700,0.040573
40109104800,0.15918
40109104900,0.020101
40109105000,0.013997
40109105101,0.044854
40109105201,0.008619
40109105202,0.035346
40109105300,0.213523
40109105400,0.044108
40109105500,0.015923
40109105600,0.04596
40109105903,0.204422
40109105904,0.088492
40109105905,0.041992
40109105906,0.012044
40109105907,0.042114
40109106000,0.072745
40109106100,0.088072
40109106200,0.092527
40109106301,0.017997
40109106302,0.028781
40109106303,0.008693
40109106401,0.057861
40109106402,0.058268
40109106403,0.007833
40109106501,0.012174
40109106502,0.100698
40109106503,0.031396
40109106601,0.145442
40109106602,0.172467
40109106606,0.044924
40109106607,0.018505
40109106608,0.087328
40109106609,0.116441
40109106610,0.008518
40109106611,0.050737
40109106702,0.008626
40109106704,0.176422
40109106705,0.179372
40109106706,0.015991
40109106708,0.01888
40109106709,0.021484
40109106710,0.015809
40109106801,0.20711
40109106802,0.20464
40109106803,0.224716
40109106804,0.070706
40109106902,0.040445
40109106903,0.131413
40109106906,0.038648
40109106907,0.00415
40109106909,0.032715
40109106910,0.004671
40109106911,0.000977
40109106912,0.008813
40109106913,0.081516
40109106914,0.019287
40109106916,0.041601
40109106917,0.016764
40109107001,0.066402
40109107002,0.121947
40109107101,0.224545
40109107103,0.022868
40109107104,0.170937
40109107206,0.095346
40109107207,0.053416
40109107212,0.155375
40109107213,0.125171
40109107214,0.194722
40109107215,0.028646
40109107216,0.005912
40109107217,0.007098
40109107218,0.007406
40109107219,0.005706
40109107220,0.016683
40109107221,0.034321
40109107222,0.034925
40109107223,0.01355
40109107224,0.075207
40109107225,0.006022
40109107226,0.023411
40109107302,0.092541
40109107303,0.029685
40109107305,0.00333
40109107306,0.028146
40109107401,0.052005
40109107404,0.034342
40109107405,0.087502
40109107406,0.066942
40109107407,0.135781
40109107601,0.086214
40109107604,0.009517
40109107605,0.002606
40109107608,0.0046
40109107703,0.007575
40109107704,0.016314
40109107705,0.015455
40109107706,0.004577
40109107707,0.005894
40109107801,0.008708
40109107804,0.020738
40109107805,0.14836
40109107806,0.057171
40109107807,0.003186
40109107808,0.023603
40109107809,0.00462
40109107810,0.011491
40109107900,0.277184
40109108003,0.019639
40109108005,0.096992
40109108006,0.006866
40109108007,0.011375
40109108008,0.03106
40109108009,0.035569
40109108010,0.020737
40109108011,0.026809
40109108101,0.37638
40109108106,0.204971
40109108107,0.192484
40109108109,0.178705
40109108110,0.221066
40109108113,0.186564
40109108114,0.196122
40109108201,0.132393
40109108203,0.006015
40109108204,0.061276
40109108207,0.139799
40109108208,0.008328
40109108215,0.048527
40109108216,0.032977
40109108217,0.012192
40109108222,0.016012
40109108223,0.022583
40109108224,0.03051
40109108225,0.042969
40109108226,0.012585
40109108227,0.001407
40109108228,0.041461
40109108229,0.016237
40109108230,0.007975
40109108231,0.004801
40109108232,0.010296
40109108233,0.010824
40109108234,0.015706
40109108235,0.012053
40109108236,0.021877
40109108237,0.060438
40109108238,0.034993
40109108301,0.010063
40109108302,0.041383
40109108304,0.10582
40109108307,0.008188
40109108309,0.018786
40109108310,0.003337
40109108314,0.020833
40109108317,0.01023
40109108318,0.013824
40109108319,0.06207
40109108320,0.008512
40109108321,0.033831
40109108322,0.033637
40109108323,0.047407
40109108324,0.007568
40109108325,0.022871
40109108326,0.017555
40109108402,0.041616
40109108403,0.019572
40109108404,0.002502
40109108506,0.100469
40109108507,0.143522
40109108508,0.210248
40109108513,0.030436
40109108514,0.098057
40109108515,0.045525
40109108520,0.055307
40109108521,0.243844
40109108523,0.034367
40109108524,0.017299
40109108525,0.015982
40109108526,0.0883
40109108527,0.046989
40109108528,0.003406
40109108529,0.004671
40109108530,0.015709
40109108531,0.030695
40109108532,0.24992
40109108533,0.253168
40109108534,0.046243
40109108535,0.011174
40109108536,0.016195
40109108537,0.016416
40109108538,0.076758
40109108603,0.129038
40109108604,0.037233
40109108701,0.203779
40109108706,0.048177
40109108707,0.010876
40109108708,0.1471
40109108709,0.219088
40109108710,0.034242
40109108711,0.025867
40109108712,0.228518
40109108713,0.272468
40109108802,0.189125
40109108803,0.030599
40109108804,0.062256
40109108805,0.167358
40109108806,0.006518
40109108807,0.019718
40109108900,0.407273
40109109001,0.206892
40109109003,0.147021
40109109004,0.140802
40109109202,0.244247
40109109203,0.30349
40109109204,0.277318
40109109205,0.186437
40109109300,0.166001
40109109400,0.021938
40109109500,0.031668
40109109600,0.022681
40109109700,0.039429
40109109800,0.088727
40109109900,0.024587
40109110000,0.017993
40109980001,0.040825
40109980002,0.186604
40109980003,0.058268
40109980004,0.045493
40109980005,0.013226
40109980006,0.049316
40109980007,0.192896
40109980008,0.033073
40109980009,0.36926
40111000100,0.151394
40111000200,0.185673
40111000300,0.216333
40111000400,0.166269
40111000500,0.239671
40111000601,0.136867
40111000602,0.10281
40111000700,0.058581
40111000800,0.163122
40111000901,0.242387
40111000902,0.256135
40113940001,0.157326
40113940003,0.218248
40113940004,0.163647
40113940005,0.1655
40113940006,0.004764
40113940007,0.269957
40113940008,0.173607
40113940009,0.225189
40113940011,0.193293
40113940012,0.204798
40113940013,0.315608
40113940014,0.420685
40113940015,0.170534
40115574100,0.170159
40115574200,0.308675
40115574300,0.223428
40115574400,0.296017
40115574500,0.341697
40115574600,0.192173
40115574700,0.220769
40115574800,0.164381
40115574900,0.179336
40117957100,0.204966
40117957200,0.192011
40117957300,0.164748
40117957400,0.198164
40117957500,0.175645
40119010101,0.127759
40119010102,0.06868
40119010201,0.023248
40119010202,0.044736
40119010300,0.095418
40119010400,0.145503
40119010501,0.172248
40119010502,0.062826
40119010503,0.135598
40119010600,0.208133
40119010700,0.069776
40119010800,0.269067
40119010901,0.085898
40119010902,0.212526
40119011001,0.166997
40119011002,0.206786
40119011101,0.234832
40119011103,0.255128
40119011104,0.241088
40119011200,0.190879
40119011301,0.153791
40119011302,0.030054
40119011400,0.194513
40121485601,0.371825
40121485602,0.320234
40121485700,0.159998
40121485800,0.1281
40121485900,0.2488
40121486000,0.186413
40121486100,0.08937
40121486200,0.247779
40121486300,0.270539
40121486400,0.180492
40121486500,0.129675
40121486600,0.184409
40121486700,0.131184
40121486800,0.196659
40123088600,0.203798
40123088700,0.173373
40123088801,0.2816
40123088802,0.137279
40123088900,0.242741
40123089000,0.24449
40123089100,0.083766
40123089200,0.05245
40123089300,0.116368
40123089598,0.1675
40123089600,0.22064
40125500200,0.175336
40125500301,0.222238
40125500302,0.309399
40125500400,0.393369
40125500500,0.267871
40125500600,0.384093
40125500700,0.224295
40125500800,0.273225
40125500901,0.161159
40125500902,0.220226
40125501003,0.090676
40125501004,0.241713
40125501005,0.201642
40125501006,0.260205
40125501101,0.154586
40125501103,0.13782
40125501104,0.301192
40125501105,0.287884
40125501201,0.237918
40125501300,0.198205
40127097600,0.141875
40127097701,0.134313
40127097702,0.150697
40127097800,0.115051
40129960000,0.086841
40131050101,0.247655
40131050103,0.35301
40131050104,0.261193
40131050105,0.169996
40131050201,0.261793
40131050202,0.204027
40131050203,0.220244
40131050301,0.192568
40131050302,0.278235
40131050303,0.26633
40131050304,0.20576
40131050403,0.285663
40131050404,0.234705
40131050405,0.215883
40131050406,0.130945
40131050407,0.194116
40131050408,0.25952
40131050409,0.220072
40131050501,0.149372
40131050502,0.157548
40131050601,0.2105
40131050602,0.266593
40131050603,0.275361
40131050604,0.160118
40131050701,0.259593
40131050702,0.210926
40131050801,0.124117
40131050802,0.071369
40133583100,0.138579
40133583200,0.246305
40133583300,0.310392
40133583400,0.202812
40133583500,0.079249
40133583600,0.165585
40133583700,0.205913
40133583800,0.195227
40133583900,0.163656
40135030101,0.087087
40135030103,0.229945
40135030105,0.139339
40135030106,0.243235
40135030201,0.152539
40135030202,0.14279
40135030301,0.184885
40135030303,0.379698
40135030304,0.164682
40135030401,0.19314
40135030403,0.190436
40135030404,0.193896
40137000101,0.025073
40137000102,0.070092
40137000200,0.208224
40137000300,0.200062
40137000400,0.300975
40137000600,0.060108
40137000800,0.142129
40137000901,0.142107
40137000902,0.160835
40137001000,0.047335
40137001100,0.160743
40141070100,0.199111
40141070200,0.129742
40141070300,0.099656
40141070400,0.346912
40141070500,0.126459
40143000200,0.12353
40143000300,0.01313
40143000400,0.006077
40143000500,0.12787
40143000800,0.003183
40143000900,0.00126
40143001000,0.089691
40143001200,0.072629
40143001300,0.02751
40143001400,0.095777
40143001500,0.017865
40143001600,0.117701
40143001700,0.183815
40143001800,0.18501
40143001900,0.226383
40143002000,0.159007
40143002100,0.076883
40143002301,0.134668
40143002500,0.064552
40143002700,0.151229
40143002900,0.213477
40143003000,0.192369
40143003100,0.069105
40143003200,0.037484
40143003300,0.01472
40143003400,0.194756
40143003500,0.188824
40143003600,0.111625
40143003700,0.025114
40143003800,0.041737
40143003900,0.084685
40143004000,0.031478
40143004101,0.024185
40143004200,0.079039
40143004301,0.01759
40143004302,0.012437
40143004400,0.058555
40143004500,0.024837
40143004600,0.097005
40143004700,0.143294
40143004800,0.101948
40143004900,0.163368
40143005001,0.042587
40143005002,0.154369
40143005100,0.053747
40143005200,0.037146
40143005300,0.003725
40143005401,0.074101
40143005403,0.148214
40143005404,0.137518
40143005500,0.201168
40143005600,0.228791
40143005700,0.234508
40143005801,0.022402
40143005805,0.029922
40143005808,0.036663
40143005809,0.023845
40143005810,0.154324
40143005811,0.109048
40143005812,0.004927
40143005813,0.018009
40143005900,0.101524
40143006000,0.086449
40143006200,0.005328
40143006506,0.207266
40143006507,0.234474
40143006600,0.162685
40143006701,0.125017
40143006703,0.020622
40143006708,0.056898
40143006709,0.080087
40143006710,0.065285
40143006711,0.017166
40143006712,0.109899
40143006713,0.079774
40143006801,0.017211
40143006803,0.092065
40143006804,0.0998
40143006901,0.018517
40143006902,0.008322
40143006903,0.019408
40143006905,0.010754
40143006906,0.070379
40143006907,0.026969
40143007000,0.050183
40143007101,0.014847
40143007102,0.022247
40143007200,0.191995
40143007304,0.062323
40143007306,0.039487
40143007308,0.211598
40143007309,0.156008
40143007310,0.064855
40143007311,0.035829
40143007312,0.044516
40143007313,0.112661
40143007314,0.058161
40143007402,0.009169
40143007408,0.026358
40143007409,0.005583
40143007410,0.043022
40143007411,0.028659
40143007412,0.006397
40143007413,0.009226
40143007414,0.020761
40143007415,0.103074
40143007416,0.009182
40143007417,0.125916
40143007503,0.008652
40143007507,0.008619
40143007510,0.028019
40143007511,0.007489
40143007512,0.018845
40143007518,0.005614
40143007519,0.004571
40143007520,0.004538
40143007522,0.034637
40143007523,0.052546
40143007525,0.017479
40143007526,0.029791
40143007527,0.016284
40143007528,0.063728
40143007529,0.011272
40143007530,0.057266
40143007531,0.041517
40143007532,0.008667
40143007533,0.0287
40143007534,0.021098
40143007535,0.090163
40143007536,0.003847
40143007608,0.023667
40143007611,0.03515
40143007612,0.003309
40143007613,0.025635
40143007614,0.066676
40143007615,0.007021
40143007616,0.033118
40143007617,0.011832
40143007619,0.008646
40143007629,0.076354
40143007630,0.150378
40143007631,0.006628
40143007632,0.023834
40143007633,0.037262
40143007634,0.028757
40143007636,0.114184
40143007638,0.052979
40143007639,0.018301
40143007641,0.027997
40143007642,0.038737
40143007643,0.031953
40143007644,0.005034
40143007645,0.009526
40143007646,0.244172
40143007647,0.029909
40143007648,0.053301
40143007649,0.042929
40143007650,0.157542
40143007651,0.27037
40143007652,0.150139
40143007653,0.032345
40143007654,0.018938
40143007655,0.164261
40143007656,0.06935
40143007703,0.153951
40143007704,0.160895
40143007705,0.128843
40143007706,0.009462
40143007707,0.144627
40143007801,0.213962
40143007803,0.186355
40143007804,0.341449
40143007900,0.115263
40143008001,0.261403
40143008002,0.011745
40143008200,0.052166
40143008300,0.18158
40143008400,0.00454
40143008501,0.029563
40143008502,0.059616
40143008600,0.022866
40143008700,0.027228
40143008800,0.038882
40143008900,0.099375
40143009006,0.009617
40143009008,0.06828
40143009010,0.004562
40143009011,0.071061
40143009012,0.033141
40143009013,0.020719
40143009014,0.019234
40143009015,0.036926
40143009016,0.023866
40143009017,0.007465
40143009018,0.013606
40143009019,0.025395
40143009020,0.002196
40143009021,0.037184
40143009101,0.299907
40143009104,0.248884
40143009200,0.189014
40143009300,0.219459
40143009401,0.153676
40143009403,0.072719
40143009404,0.147663
40143009500,0.177053
40143011300,0.018692
40143011400,0.007493
40145030101,0.12433
40145030102,0.157414
40145030201,0.343439
40145030202,0.092927
40145030300,0.117151
40145030402,0.066106
40145030403,0.256945
40145030406,0.02092
40145030407,0.025141
40145030408,0.162768
40145030502,0.059535
40145030505,0.022469
40145030506,0.084144
40145030507,0.00463
40145030508,0.156085
40145030509,0.013732
40145030510,0.143851
40145030511,0.093118
40145030512,0.161644
40145030601,0.018225
40145030603,0.158936
40145030604,0.248912
40145030605,0.07296
40145030798,0.126871
40145030800,0.150787
40147000100,0.034464
40147000200,0.153293
40147000300,0.057919
40147000400,0.187173
40147000500,0.007073
40147000601,0.294712
40147000602,0.31226
40147000700,0.205207
40147000800,0.229007
40147000900,0.015203
40147001000,0.101414
40147001100,0.118969
40147001200,0.140964
40147001300,0.11206
40149964900,0.188353
40149965000,0.204977
40149965100,0.162721
40149965400,0.134149
40151954201,0.119733
40151954202,0.15679
40151954300,0.301348
40151954400,0.159805
40153953100,0.064194
40153953200,0.262751
40153953300,0.215528
40153953400,0.237586
40153953500,0.329189
04001944902,0.018797
04001945100,0.089886
04001970201,0.200694
04001970202,0.065797
04001970300,0.22809
04001970501,0.170848
04001970502,0.199399
04003000101,0.070468
04003000102,0.168149
04003000201,0.060198
04003000202,0.087206
04003000203,0.128896
04003000301,0.125765
04003000303,0.113696
04003000304,0.137696
04003000305,0.333053
04003000400,0.06328
04003000501,0.091875
04003000502,0.118525
04003000503,0.295459
04003000600,0.083513
04003000700,0.306537
04003000800,0.067919
04003000901,0.017551
04003000902,0.202432
04003001000,0.176715
04003001100,0.117822
04003001200,0.098949
04003001301,0.043112
04003001302,0.072461
04003001401,0.021473
04003001402,0.036136
04003001501,0.022176
04003001502,0.020293
04003001601,0.018997
04003001602,0.037983
04003001701,0.13108
04003001702,0.010962
04003001703,0.282328
04003001801,0.012909
04003001802,0.004281
04003001900,0.179718
04003002001,0.107224
04003002002,0.015539
04003002100,0.028445
04005000200,0.026179
04005000601,0.023431
04005000602,0.098754
04005000700,0.248411
04005000800,0.034051
04005000901,0.055655
04005000902,0.001694
04005001000,0.041947
04005001101,0.012889
04005001103,0.197228
04005001104,0.200826
04005001201,0.200519
04005001302,0.13909
04005001500,0.168027
04005001601,0.149718
04005001602,0.175324
04005001700,0.161799
04005002201,0.1501
04005002202,0.046988
04005002302,0.13399
04005945100,0.031582
04005980100,0.513025
04005980200,0.069581
04007000100,0.176709
04007000200,0.189294
04007000301,0.201802
04007000302,0.17988
04007000400,0.165833
04007000500,0.22945
04007000600,0.318881
04007000700,0.211985
04007000800,0.345367
04007000900,0.107008
04007001000,0.169748
04007001100,0.13945
04007001200,0.217093
04007001300,0.131114
04007940200,0.085857
04007940400,0.032496
04009940500,0.048433
04009961100,0.272429
04009961201,0.057066
04009961202,0.347896
04009961300,0.114873
04009961400,0.276216
04009961500,0.122465
04009961600,0.226982
04009961700,0.23666
04011960100,0.110271
04011960200,0.124102
04011960300,0.098462
04012020101,0.076094
04012020102,0.07863
04013010102,0.127075
04013010103,0.251793
04013010104,0.057239
04013030401,0.135755
04013030402,0.027169
04013040502,0.064008
04013040506,0.021038
04013040507,0.042249
04013040512,0.038375
04013040513,0.162501
04013040514,0.019298
04013040515,0.054827
04013040516,0.010579
04013040522,0.050441
04013040523,0.082968
04013040524,0.082632
04013040525,0.058748
04013040526,0.025901
04013040527,0.17428
04013040528,0.056913
04013040529,0.206169
04013040530,0.005445
04013040531,0.086016
04013040532,0.01948
04013040533,0.007466
04013040534,0.013491
04013040535,0.018536
04013040536,0.003519
04013040537,0.037295
04013040538,0.021284
04013040539,0.041104
04013040540,0.087215
04013040541,0.058334
04013050603,0.293934
04013050604,0.298962
04013050609,0.062564
04013050611,0.003646
04013050612,0.001964
04013050613,0.146152
04013050614,0.02124
04013050615,0.003418
04013050616,0.008764
04013050617,0.022957
04013050618,0.004572
04013050619,0.013406
04013050620,0.007279
04013050621,0.038074
04013050701,0.088719
04013050702,0.07364
04013060801,0.069826
04013060802,0.008556
04013060901,0.010821
04013060902,0.032585
04013060903,0.117059
04013060904,0.330543
04013061010,0.128478
04013061011,0.036892
04013061013,0.010504
04013061014,0.019444
04013061015,0.012565
04013061017,0.019102
04013061018,0.009196
04013061020,0.005861
04013061021,0.007384
04013061024,0.055358
04013061026,0.001775
04013061027,0.016001
04013061028,0.021512
04013061029,0.002516
04013061031,0.005321
04013061032,0.0031
04013061033,0.004803
04013061034,0.014946
04013061035,0.048455
04013061036,0.001586
04013061037,0.005924
04013061038,0.004295
04013061039,0.020426
04013061040,0.017884
04013061041,0.001336
04013061042,0.019683
04013061043,0.004234
04013061044,0.004167
04013061045,0.010362
04013061046,0.049696
04013061047,0.012581
04013061048,0.00651
04013061049,0.002067
04013061050,0.028245
04013061051,0.004106
04013061052,0.003564
04013061053,0.004627
04013061054,0.067383
04013061055,0.003132
04013061056,0.002957
04013061057,0.001953
04013061058,0.002662
04013061059,0.007578
04013061060,0.007574
04013061061,0.001175
04013061062,0.004422
04013061063,0.02853
04013061064,0.003874
04013061100,0.264655
04013061200,0.008474
04013061300,0.04588
04013061401,0.08549
04013061402,0.243181
04013071503,0.043186
04013071504,0.016895
04013071505,0.038294
04013071506,0.037031
04013071509,0.01008
04013071510,0.010846
04013071511,0.065755
04013071512,0.007866
04013071513,0.042981
04013071514,0.01164
04013071515,0.046239
04013071516,0.016797
04013071517,0.008167
04013071600,0.264506
04013071701,0.019664
04013071702,0.017272
04013071801,0.006487
04013071802,0.03763
04013071903,0.008299
04013071906,0.041477
04013071909,0.011019
04013071910,0.00366
04013071911,0.013845
04013071912,0.022839
04013071913,0.004654
04013071914,0.005802
04013071915,0.039225
04013082002,0.002094
04013082007,0.007741
04013082008,0.03422
04013082009,0.008434
04013082010,0.028836
04013082012,0.008616
04013082016,0.017101
04013082017,0.012831
04013082018,0.002676
04013082019,0.005691
04013082020,0.009901
04013082021,0.030311
04013082022,0.001327
04013082023,0.094014
04013082024,0.008827
04013082025,0.114093
04013082026,0.005098
04013082027,0.047367
04013082028,0.004208
04013082204,0.012071
04013082205,0.01438
04013082206,0.004561
04013082207,0.003499
04013082208,0.011353
04013082209,0.183085
04013082210,0.009322
04013082211,0.106351
04013082212,0.005127
04013082213,0.002005
04013083000,0.01904
04013092305,0.006311
04013092306,0.021844
04013092307,0.052002
04013092308,0.003013
04013092309,0.004846
04013092311,0.028158
04013092312,0.017568
04013092401,0.011159
04013092402,0.004757
04013092500,0.011522
04013092600,0.015707
04013092705,0.022078
04013092708,0.005755
04013092709,0.004358
04013092710,0.011236
04013092711,0.003054
04013092712,0.026556
04013092713,0.001738
04013092715,0.016305
04013092716,0.001635
04013092717,0.024416
04013092718,0.023165
04013092719,0.011748
04013092720,0.011758
04013092721,0.002686
04013092723,0.004147
04013092724,0.039275
04013092801,0.004233
04013092802,0.049176
04013092900,0.004996
04013093001,0.004268
04013093002,0.003005
04013093101,0.010095
04013093104,0.023558
04013093105,0.002354
04013093106,0.040927
04013093200,0.032552
04013103205,0.019576
04013103206,0.00119
04013103207,0.006434
04013103208,0.072313
04013103209,0.015785
04013103210,0.008206
04013103211,0.045195
04013103212,0.002587
04013103214,0.003918
04013103215,0.013405
04013103216,0.011372
04013103217,0.008072
04013103219,0.101616
04013103220,0.041292
04013103302,0.004831
04013103303,0.00498
04013103304,0.007914
04013103305,0.046085
04013103306,0.014998
04013103400,0.025138
04013103501,0.00674
04013103502,0.006996
04013103604,0.104966
04013103605,0.003398
04013103606,0.005547
04013103607,0.05721
04013103608,0.012008
04013103609,0.004086
04013103611,0.00834
04013103612,0.029137
04013103614,0.005449
04013103615,0.03968
04013103701,0.019927
04013103702,0.04846
04013103900,0.009682
04013104000,0.003701
04013104100,0.003066
04013104202,0.003647
04013104203,0.004896
04013104204,0.0056
04013104205,0.004362
04013104206,0.004458
04013104207,0.003157
04013104212,0.006354
04013104214,0.005065
04013104215,0.006869
04013104216,0.003665
04013104217,0.04105
04013104218,0.005913
04013104219,0.003105
04013104221,0.009077
04013104222,0.004836
04013104223,0.005613
04013104224,0.00369
04013104225,0.007618
04013104226,0.01305
04013104227,0.027739
04013104301,0.011226
04013104302,0.024173
04013104401,0.01264
04013104402,0.013378
04013104501,0.028515
04013104502,0.036879
04013104600,0.023219
04013104701,0.034295
04013104702,0.02874
04013104801,0.016773
04013104802,0.002481
04013104900,0.0057
04013105002,0.005799
04013105003,0.009518
04013105004,0.017317
04013105101,0.004448
04013105102,0.009098
04013105103,0.061346
04013105200,0.008303
04013105300,0.008593
04013105400,0.014961
04013105501,0.003419
04013105502,0.004798
04013105503,0.005109
04013105601,0.026801
04013105602,0.002432
04013105701,0.013204
04013105702,0.005277
04013105800,0.004926
04013105900,0.025162
04013106001,0.004633
04013106002,0.006311
04013106003,0.006219
04013106100,0.006614
04013106200,0.028925
04013106300,0.009716
04013106400,0.003593
04013106501,0.005727
04013106502,0.00633
04013106600,0.004589
04013106701,0.035321
04013106702,0.025667
04013106703,0.046872
04013106801,0.033446
04013106802,0.003766
04013106900,0.003719
04013107001,0.003616
04013107002,0.002689
04013107101,0.033665
04013107102,0.007217
04013107201,0.232521
04013107202,0.001426
04013107300,0.01516
04013107401,0.013301
04013107402,0.035285
04013107403,0.024789
04013107404,0.018482
04013107500,0.00932
04013107601,0.040172
04013107602,0.030204
04013107700,0.010373
04013107800,0.085762
04013107900,0.072093
04013108000,0.003121
04013108100,0.033218
04013108200,0.054814
04013108301,0.137539
04013108302,0.051154
04013108400,0.017735
04013108501,0.016456
04013108502,0.185781
04013108601,0.005613
04013108602,0.00923
04013108802,0.016809
04013108901,0.015512
04013108902,0.004211
04013109001,0.027113
04013109002,0.002606
04013109003,0.00344
04013109101,0.004028
04013109102,0.026239
04013109200,0.008942
04013109300,0.00461
04013109401,0.003575
04013109402,0.047101
04013109500,0.002255
04013109601,0.035923
04013109602,0.006618
04013109603,0.003629
04013109604,0.019859
04013109702,0.010606
04013109703,0.001744
04013109704,0.012885
04013109705,0.025786
04013109706,0.003864
04013109707,0.004602
04013109801,0.022952
04013109802,0.004959
04013109900,0.004492
04013110001,0.011276
04013110002,0.142194
04013110100,0.023895
04013110400,0.004038
04013110501,0.01352
04013110502,0.023107
04013110600,0.009486
04013110701,0.0313
04013110702,0.005058
04013110801,0.040358
04013110802,0.00376
04013110901,0.03939
04013110902,0.053438
04013111000,0.015076
04013111100,0.003862
04013111201,0.006459
04013111202,0.002137
04013111203,0.083775
04013111204,0.022225
04013111300,0.002576
04013111401,0.048631
04013111402,0.004709
04013111501,0.004253
04013111502,0.002358
04013111601,0.004522
04013111602,0.026903
04013111700,0.005946
04013111800,0.035294
04013111900,0.042078
04013112100,0.004543
04013112201,0.005429
04013112202,0.003919
04013112301,0.004398
04013112302,0.01913
04013112401,0.009534
04013112402,0.009916
04013112502,0.005945
04013112504,0.004642
04013112507,0.009123
04013112508,0.06594
04013112510,0.004607
04013112512,0.036687
04013112514,0.007702
04013112515,0.00339
04013112516,0.010869
04013112517,0.012929
04013112518,0.007813
04013112519,0.003694
04013112520,0.048563
04013112521,0.012727
04013112522,0.011375
04013112523,0.031462
04013112524,0.003749
04013112601,0.055883
04013112602,0.004413
04013112700,0.01542
04013112900,0.02126
04013113000,0.00487
04013113100,0.020201
04013113201,0.203085
04013113202,0.294164
04013113204,0.032216
04013113301,0.019709
04013113502,0.031676
04013113503,0.005264
04013113601,0.003812
04013113602,0.187207
04013113701,0.003751
04013113702,0.009641
04013113800,0.059438
04013113900,0.052602
04013114000,0.033128
04013114100,0.064257
04013114200,0.012382
04013114301,0.037593
04013114302,0.01068
04013114401,0.039403
04013114402,0.027034
04013114500,0.007401
04013114600,0.012854
04013114704,0.227695
04013114705,0.439768
04013114800,0.12629
04013114900,0.00532
04013115200,0.02067
04013115300,0.057871
04013115400,0.01442
04013115500,0.00494
04013115600,0.002075
04013115700,0.004246
04013115801,0.02305
04013115802,0.002728
04013115900,0.003454
04013116000,0.004517
04013116100,0.005485
04013116202,0.009129
04013116203,0.013053
04013116204,0.021784
04013116205,0.02309
04013116300,0.003405
04013116400,0.002214
04013116500,0.006332
04013116605,0.013112
04013116606,0.066563
04013116607,0.010048
04013116610,0.125735
04013116611,0.002978
04013116612,0.003994
04013116614,0.006561
04013116615,0.003939
04013116616,0.006249
04013116617,0.130799
04013116618,0.011822
04013116619,0.002018
04013116620,0.007774
04013116621,0.006418
04013116703,0.011937
04013116707,0.014089
04013116708,0.067557
04013116709,0.021771
04013116710,0.00573
04013116711,0.010827
04013116712,0.00834
04013116713,0.012566
04013116714,0.00422
04013116715,0.019132
04013116717,0.035508
04013116718,0.054697
04013116719,0.022564
04013116720,0.011673
04013116721,0.014609
04013116725,0.005987
04013116727,0.019169
04013116728,0.002859
04013116729,0.064504
04013116730,0.053331
04013116731,0.014071
04013116732,0.027335
04013116733,0.074219
04013116734,0.011379
04013116735,0.003378
04013116736,0.003378
04013116737,0.007575
04013116738,0.00259
04013116800,0.007893
04013116900,0.033193
04013117000,0.004702
04013117100,0.00303
04013117200,0.043606
04013117300,0.093082
04013216806,0.027404
04013216807,0.004725
04013216809,0.006228
04013216810,0.034594
04013216813,0.029923
04013216816,0.010207
04013216819,0.00493
04013216820,0.008719
04013216821,0.010965
04013216822,0.014241
04013216826,0.013591
04013216829,0.04217
04013216830,0.013493
04013216831,0.015121
04013216832,0.004596
04013216833,0.102132
04013216834,0.064406
04013216835,0.016906
04013216836,0.019615
04013216837,0.008691
04013216838,0.002685
04013216839,0.003608
04013216840,0.039687
04013216841,0.016181
04013216842,0.006271
04013216843,0.027919
04013216844,0.010505
04013216845,0.067795
04013216849,0.027362
04013216850,0.061618
04013216851,0.089028
04013216852,0.005147
04013216853,0.012767
04013216854,0.036899
04013216855,0.030716
04013216856,0.041777
04013216857,0.042238
04013216858,0.013497
04013216859,0.003991
04013216860,0.082334
04013216861,0.006103
04013216901,0.011365
04013216902,0.004102
04013217001,0.063506
04013217002,0.006438
04013217101,0.03176
04013217102,0.036213
04013217201,0.073612
04013217203,0.046158
04013217204,0.022494
04013217300,0.043274
04013217400,0.055086
04013217501,0.004223
04013217502,0.017965
04013217600,0.014719
04013217700,0.163175
04013217800,0.011591
04013217900,0.026412
04013218000,0.015964
04013218100,0.051166
04013218200,0.004001
04013218300,0.041693
04013318400,0.092471
04013318501,0.011901
04013318700,0.064204
04013318800,0.005325
04013318900,0.004946
04013319001,0.020313
04013319002,0.00329
04013319101,0.098651
04013319103,0.007518
04013319104,0.164175
04013319201,0.004034
04013319202,0.040229
04013319300,0.007291
04013319401,0.005804
04013319402,0.005851
04013319403,0.004767
04013319404,0.032505
04013319500,0.035127
04013319600,0.007866
04013319705,0.090181
04013319706,0.060867
04013319707,0.034824
04013319708,0.005927
04013319709,0.029464
04013319710,0.020692
04013319801,0.007299
04013319802,0.005983
04013319902,0.01104
04013319903,0.025102
04013319904,0.088921
04013319905,0.004789
04013319906,0.062961
04013319907,0.008322
04013319908,0.028814
04013319909,0.016154
04013319910,0.014144
04013320001,0.061879
04013320002,0.130782
04013320007,0.002728
04013320100,0.019703
04013420104,0.081978
04013420105,0.009844
04013420107,0.004297
04013420108,0.015721
04013420109,0.008184
04013420110,0.005207
04013420111,0.004621
04013420112,0.014958
04013420113,0.007037
04013420114,0.026041
04013420115,0.0123
04013420116,0.094866
04013420202,0.052618
04013420206,0.03009
04013420207,0.008495
04013420208,0.005039
04013420209,0.012523
04013420210,0.017119
04013420211,0.015756
04013420212,0.040481
04013420213,0.012311
04013420214,0.130028
04013420215,0.012568
04013420216,0.007547
04013420301,0.050861
04013420302,0.012614
04013420303,0.002933
04013420304,0.053786
04013420401,0.037435
04013420402,0.005333
04013420503,0.035919
04013420504,0.031356
04013420505,0.004383
04013420506,0.108928
04013420602,0.004861
04013420603,0.007239
04013420604,0.005549
04013420704,0.027146
04013420705,0.010692
04013420706,0.013415
04013420707,0.024731
04013420708,0.030262
04013420709,0.027916
04013420710,0.02506
04013420800,0.007723
04013420901,0.006683
04013420902,0.00565
04013421001,0.184509
04013421002,0.019654
04013421101,0.013696
04013421102,0.020243
04013421201,0.020238
04013421202,0.20033
04013421302,0.037282
04013421303,0.011919
04013421304,0.016568
04013421400,0.009057
04013421501,0.00533
04013421502,0.003317
04013421601,0.045878
04013421602,0.007233
04013421701,0.008328
04013421702,0.026322
04013421801,0.003448
04013421802,0.012392
04013421901,0.008703
04013421902,0.041701
04013422001,0.008304
04013422002,0.019069
04013422102,0.01803
04013422103,0.046596
04013422104,0.005981
04013422105,0.007096
04013422106,0.067271
04013422107,0.093815
04013422203,0.038174
04013422209,0.00372
04013422210,0.008098
04013422211,0.004479
04013422212,0.046084
04013422213,0.010577
04013422215,0.004682
04013422216,0.015685
04013422217,0.112024
04013422218,0.002453
04013422219,0.003791
04013422220,0.005941
04013422221,0.042347
04013422222,0.005452
04013422223,0.023785
04013422224,0.051561
04013422225,0.010293
04013422226,0.127673
04013422227,0.005646
04013422301,0.006573
04013422302,0.006017
04013422304,0.104865
04013422305,0.009209
04013422307,0.041537
04013422308,0.011845
04013422309,0.017523
04013422401,0.02831
04013422402,0.003741
04013422403,0.004869
04013422404,0.010916
04013422501,0.004325
04013422502,0.013217
04013422503,0.004922
04013422504,0.048341
04013422506,0.066989
04013422507,0.023437
04013422508,0.007001
04013422509,0.162393
04013422510,0.011735
04013422511,0.009765
04013422512,0.003884
04013422513,0.037271
04013422514,0.075396
04013422607,0.041341
04013422609,0.052303
04013422610,0.019924
04013422615,0.019944
04013422617,0.00594
04013422618,0.01576
04013422620,0.005545
04013422621,0.049567
04013422622,0.010394
04013422623,0.00474
04013422624,0.0218
04013422625,0.031899
04013422626,0.028183
04013422627,0.006262
04013422628,0.010337
04013422629,0.031729
04013422630,0.006915
04013422632,0.021627
04013422633,0.019708
04013422634,0.019938
04013422636,0.017432
04013422637,0.011337
04013422638,0.00933
04013422639,0.034957
04013422640,0.036186
04013422642,0.017448
04013422643,0.010764
04013422647,0.007606
04013422648,0.004102
04013422649,0.007137
04013422650,0.025526
04013422651,0.00314
04013422652,0.022681
04013422653,0.007273
04013422654,0.003187
04013422655,0.03136
04013422656,0.058322
04013422657,0.010555
04013422658,0.005768
04013422659,0.018578
04013422660,0.008181
04013522801,0.48343
04013522802,0.004329
04013522901,0.005117
04013522903,0.125559
04013522904,0.005017
04013523002,0.00366
04013523005,0.005776
04013523006,0.1316
04013523007,0.061227
04013523008,0.002616
04013523102,0.012268
04013523103,0.035831
04013523104,0.01837
04013610001,0.313174
04013610002,0.094795
04013610100,0.008393
04013610201,0.033729
04013610202,0.020855
04013610301,0.067301
04013610302,0.026651
04013610400,0.011986
04013610500,0.025727
04013610600,0.009774
04013610700,0.069903
04013610800,0.010854
04013610901,0.014079
04013610902,0.014757
04013610903,0.028261
04013611000,0.012088
04013611100,0.003033
04013611200,0.003091
04013611300,0.008633
04013611400,0.045472
04013611500,0.002911
04013611600,0.00337
04013611700,0.010586
04013611800,0.017818
04013611900,0.003228
04013612000,0.02063
04013612200,0.042387
04013612301,0.018408
04013612302,0.020671
04013612401,0.003409
04013612402,0.039103
04013612500,0.066665
04013612600,0.00821
04013612700,0.0255
04013612800,0.05241
04013612900,0.006885
04013613000,0.00443
04013613100,0.003129
04013613200,0.010519
04013613300,0.007596
04013613400,0.006699
04013613500,0.11792
04013613601,0.011703
04013613602,0.00651
04013613700,0.051657
04013613800,0.003584
04013613900,0.007184
04013614000,0.003477
04013614100,0.003536
04013614200,0.014501
04013614300,0.037068
04013614400,0.014235
04013614500,0.008412
04013614601,0.035649
04013614602,0.090187
04013614700,0.030475
04013614800,0.002451
04013614900,0.161566
04013615001,0.003703
04013615002,0.026319
04013615100,0.088136
04013615201,0.028456
04013615202,0.058954
04013615300,0.02079
04013615400,0.03827
04013615500,0.030504
04013615600,0.044671
04013615700,0.028431
04013615800,0.00251
04013615900,0.022228
04013616000,0.007014
04013616100,0.003723
04013616200,0.02718
04013616300,0.002325
04013616400,0.05997
04013616500,0.006502
04013616600,0.012082
04013616700,0.029964
04013616800,0.004686
04013616900,0.009414
04013617001,0.020977
04013617002,0.027059
04013617100,0.046841
04013617200,0.005689
04013617300,0.010146
04013617400,0.083662
04013617500,0.020933
04013617600,0.016128
04013617700,0.024344
04013617800,0.045385
04013617900,0.011222
04013618000,0.003525
04013618100,0.00633
04013618200,0.002905
04013618300,0.00516
04013618400,0.002754
04013618500,0.009229
04013618600,0.019925
04013618700,0.004275
04013618800,0.017886
04013618900,0.02138
04013619000,0.020985
04013619100,0.030413
04013619200,0.028476
04013619300,0.000847
04013619400,0.045945
04013619500,0.010763
04013619601,0.021968
04013619602,0.00696
04013619700,0.003932
04013619800,0.008271
04013619900,0.014567
04013723304,0.06434
04013723305,0.107095
04013723306,0.075682
04013723307,0.041016
04013723309,0.001409
04013723310,0.012535
04013723311,0.01062
04013810000,0.03974
04013810100,0.005401
04013810200,0.038837
04013810300,0.003762
04013810400,0.010278
04013810500,0.007402
04013810600,0.027234
04013810700,0.010364
04013810800,0.016438
04013810900,0.004757
04013811000,0.038174
04013811100,0.063407
04013811200,0.050569
04013811300,0.01314
04013811400,0.003916
04013811500,0.004608
04013811600,0.003162
04013811700,0.003312
04013811800,0.026063
04013811900,0.00898
04013812000,0.033106
04013812100,0.024693
04013812200,0.007816
04013812300,0.004599
04013812400,0.007823
04013812500,0.012204
04013812600,0.025181
04013812700,0.003345
04013812801,0.005446
04013812802,0.052625
04013812900,0.006484
04013813000,0.004811
04013813100,0.002474
04013813200,0.005217
04013813300,0.036715
04013813400,0.004474
04013813500,0.028954
04013813600,0.005479
04013813700,0.017263
04013813800,0.020523
04013813900,0.024226
04013814000,0.01658
04013814100,0.002603
04013814200,0.035405
04013814300,0.023932
04013814400,0.025271
04013814500,0.05339
04013814600,0.013916
04013814700,0.002604
04013814801,0.018356
04013814802,0.005058
04013814900,0.006817
04013815000,0.007279
04013815100,0.001522
04013815201,0.019704
04013815202,0.004218
04013815203,0.018112
04013815300,0.051919
04013815401,0.006428
04013815402,0.013872
04013815501,0.003514
04013815502,0.044228
04013815601,0.010094
04013815602,0.004867
04013815700,0.013594
04013815800,0.011136
04013815901,0.054858
04013815902,0.004052
04013816001,0.029903
04013816002,0.008989
04013816003,0.033175
04013816004,0.010913
04013816005,0.008891
04013816100,0.003833
04013816200,0.00307
04013816301,0.027282
04013816302,0.01314
04013816401,0.022189
04013816402,0.003895
04013816501,0.016221
04013816502,0.008491
04013816600,0.009094
04013816700,0.006902
04013816800,0.009802
04013816901,0.002887
04013816902,0.011014
04013816903,0.002473
04013816904,0.004449
04013817000,0.027829
04013817101,0.019248
04013817102,0.032111
04013817103,0.00192
04013817200,0.008011
04013817300,0.026153
04013817400,0.024291
04013817500,0.021466
04013817600,0.009696
04013940700,0.029065
04013941000,0.014485
04013941100,0.104015
04013941200,0.034957
04013941300,0.0288
04013980100,0.09715
04013980400,0.27514
04013980500,0.019818
04013980700,0.042327
04013980900,0.021892
04013981000,0.52583
04015954801,0.185347
04015954802,0.137081
04017940014,0.008316
04017940015,0.007423
04017940100,0.202191
04017940301,0.064422
04017940302,0.323074
04017960100,0.17801
04017960200,0.11737
04017960400,0.061958
04017960500,0.233416
04017960600,0.077337
04017961300,0.076737
04017961701,0.134495
04017961702,0.282791
04017962501,0.214621
04017962502,0.388989
04017963300,0.13792
04017963400,0.132013
04017963700,0.010201
04017963800,0.016821
04017964201,0.095959
04017964202,0.067335
04017964801,0.009916
04017964802,0.216965
04017964901,0.227369
04017964902,0.0929
04017965201,0.277529
04017965202,0.239929
04017965301,0.145801
04017965302,0.035536
04019000100,0.238213
04019000200,0.029574
04019000300,0.002993
04019000401,0.003945
04019000402,0.004506
04019000501,0.006395
04019000502,0.00577
04019000600,0.035113
04019000700,0.002004
04019000800,0.020941
04019001100,0.005534
04019001200,0.015388
04019001302,0.005258
04019001303,0.019177
04019001304,0.037154
04019001400,0.005575
04019001500,0.009049
04019001600,0.022956
04019001700,0.047931
04019001801,0.021306
04019001802,0.007665
04019001900,0.008682
04019002000,0.083081
04019002100,0.005725
04019002201,0.025617
04019002202,0.007371
04019002300,0.007601
04019002400,0.011517
04019002503,0.021801
04019002504,0.00323
04019002505,0.009855
04019002507,0.01083
04019002508,0.001719
04019002509,0.004323
04019002602,0.023103
04019002603,0.029265
04019002604,0.010361
04019002702,0.010539
04019002703,0.004663
04019002704,0.004246
04019002801,0.051722
04019002802,0.011722
04019002803,0.024134
04019002901,0.006872
04019002904,0.038344
04019002905,0.015513
04019002906,0.003558
04019003002,0.008733
04019003003,0.006754
04019003004,0.052373
04019003102,0.003478
04019003103,0.111608
04019003104,0.043744
04019003201,0.007373
04019003202,0.005837
04019003302,0.00506
04019003303,0.009308
04019003304,0.007156
04019003400,0.010362
04019003502,0.011036
04019003503,0.046224
04019003504,0.006592
04019003505,0.03658
04019003506,0.007894
04019003601,0.145207
04019003702,0.008627
04019003704,0.024276
04019003705,0.00372
04019003706,0.005597
04019003707,0.006235
04019003801,0.039668
04019003802,0.006771
04019003901,0.016002
04019003902,0.001288
04019003903,0.006578
04019004008,0.003418
04019004010,0.007334
04019004026,0.002542
04019004029,0.018555
04019004030,0.012468
04019004031,0.052042
04019004032,0.004141
04019004033,0.004313
04019004034,0.002386
04019004035,0.004681
04019004036,0.00359
04019004037,0.006818
04019004038,0.001058
04019004039,0.005053
04019004042,0.033807
04019004043,0.041922
04019004044,0.143406
04019004046,0.003894
04019004047,0.005607
04019004048,0.009225
04019004049,0.002782
04019004050,0.002596
04019004051,0.003257
04019004052,0.233425
04019004053,0.004307
04019004054,0.007058
04019004055,0.021854
04019004056,0.00765
04019004057,0.005641
04019004058,0.002441
04019004061,0.193949
04019004062,0.004915
04019004063,0.023101
04019004065,0.032224
04019004066,0.027239
04019004067,0.082334
04019004068,0.01994
04019004069,0.010724
04019004070,0.045097
04019004071,0.004024
04019004072,0.003256
04019004073,0.007749
04019004074,0.010488
04019004075,0.01141
04019004076,0.005385
04019004077,0.006795
04019004078,0.13175
04019004079,0.012384
04019004080,0.006878
04019004081,0.006851
04019004082,0.005778
04019004109,0.164915
04019004110,0.003171
04019004112,0.02366
04019004114,0.014069
04019004115,0.027264
04019004116,0.005509
04019004117,0.014843
04019004118,0.012293
04019004122,0.002817
04019004126,0.026598
04019004127,0.032093
04019004128,0.037688
04019004129,0.01444
04019004130,0.020451
04019004131,0.038262
04019004132,0.030597
04019004133,0.085142
04019004307,0.137931
04019004310,0.009141
04019004311,0.027199
04019004312,0.005247
04019004313,0.303461
04019004316,0.03104
04019004317,0.029608
04019004320,0.123438
04019004321,0.003988
04019004322,0.002541
04019004323,0.179047
04019004324,0.100644
04019004325,0.352477
04019004326,0.019629
04019004327,0.026432
04019004328,0.033132
04019004330,0.016927
04019004332,0.015951
04019004333,0.001798
04019004335,0.033213
04019004336,0.107882
04019004337,0.035826
04019004338,0.016602
04019004339,0.002517
04019004340,0.043981
04019004404,0.123666
04019004407,0.00182
04019004412,0.012352
04019004413,0.011289
04019004414,0.002368
04019004415,0.052924
04019004418,0.006615
04019004419,0.012436
04019004422,0.004062
04019004423,0.0372
04019004424,0.178608
04019004425,0.079405
04019004426,0.107613
04019004428,0.037812
04019004430,0.015533
04019004431,0.008911
04019004432,0.006181
04019004433,0.00224
04019004434,0.009821
04019004435,0.003502
04019004436,0.021697
04019004437,0.025191
04019004438,0.012183
04019004439,0.004681
04019004440,0.010998
04019004505,0.006699
04019004506,0.007977
04019004508,0.047174
04019004510,0.011336
04019004511,0.002229
04019004512,0.007197
04019004513,0.01014
04019004514,0.006804
04019004515,0.062042
04019004610,0.004313
04019004613,0.005826
04019004614,0.018634
04019004615,0.017407
04019004616,0.029747
04019004617,0.051558
04019004618,0.019293
04019004619,0.035253
04019004620,0.065229
04019004621,0.006052
04019004622,0.174373
04019004623,0.029086
04019004624,0.002915
04019004625,0.244466
04019004626,0.01834
04019004627,0.033859
04019004628,0.01683
04019004630,0.018966
04019004631,0.212764
04019004632,0.251486
04019004633,0.033255
04019004634,0.002326
04019004635,0.059848
04019004636,0.015026
04019004639,0.040422
04019004640,0.009219
04019004641,0.002931
04019004642,0.013576
04019004643,0.035557
04019004644,0.006697
04019004645,0.009854
04019004646,0.013089
04019004647,0.015677
04019004648,0.197733
04019004649,0.023013
04019004650,0.028722
04019004710,0.05096
04019004711,0.028656
04019004712,0.004121
04019004713,0.246323
04019004714,0.02213
04019004715,0.213904
04019004717,0.027467
04019004718,0.011249
04019004720,0.012661
04019004721,0.011981
04019004722,0.03294
04019004723,0.021967
04019004724,0.021344
04019004725,0.066212
04019004726,0.02268
04019004727,0.2046
04019004728,0.3448
04019004729,0.005666
04019004730,0.005143
04019005200,0.144896
04019005300,0.003811
04019005400,0.01635
04019940800,0.043323
04019940900,0.007746
04019941000,0.064079
04019941100,0.00804
04019980001,0.4996
04019980002,0.09705
04019980100,0.036258
04019980200,0.053635
04019980300,0.079001
04019980400,0.207509
04021000201,0.251551
04021000204,0.00502
04021000206,0.038751
04021000208,0.010924
04021000211,0.048823
04021000212,0.060923
04021000215,0.011559
04021000216,0.007419
04021000217,0.12283
04021000218,0.003264
04021000219,0.03298
04021000220,0.012052
04021000221,0.040996
04021000222,0.003316
04021000223,0.004657
04021000224,0.012376
04021000225,0.00588
04021000226,0.004388
04021000227,0.003646
04021000228,0.010649
04021000229,0.056495
04021000307,0.07139
04021000309,0.04137
04021000310,0.016048
04021000311,0.174072
04021000312,0.085743
04021000313,0.010306
04021000315,0.07388
04021000316,0.035516
04021000317,0.003147
04021000319,0.059674
04021000320,0.042539
04021000321,0.029474
04021000322,0.02375
04021000323,0.081869
04021000324,0.015665
04021000325,0.019238
04021000400,0.165669
04021000603,0.099939
04021000604,0.245185
04021000700,0.102809
04021000802,0.094556
04021000804,0.019149
04021000805,0.006822
04021000806,0.001862
04021000807,0.33638
04021000808,0.331091
04021000902,0.082475
04021000903,0.378816
04021000904,0.204032
04021001000,0.189673
04021001100,0.114383
04021001200,0.118909
04021001303,0.082475
04021001305,0.002955
04021001306,0.004443
04021001307,0.153443
04021001308,0.088125
04021001309,0.025663
04021001310,0.020232
04021001403,0.013768
04021001404,0.019704
04021001405,0.04051
04021001406,0.04587
04021001407,0.17477
04021001408,0.180595
04021001500,0.0494
04021001600,0.027013
04021001701,0.23454
04021001704,0.050478
04021001705,0.171744
04021001706,0.102095
04021001707,0.003051
04021001709,0.026774
04021001712,0.145861
04021001713,0.012126
04021001714,0.004382
04021001715,0.038292
04021001716,0.003593
04021001717,0.020182
04021001900,0.01939
04021002001,0.251547
04021002004,0.103946
04021002005,0.134694
04021002104,0.032796
04021002105,0.014665
04021002106,0.129651
04021002107,0.197306
04021002200,0.109406
04021002300,0.274289
04021002400,0.451992
04021941200,0.03357
04021941300,0.025073
04021941401,0.066129
04021941402,0.058505
04023966000,0.072339
04023966101,0.178195
04023966103,0.090003
04023966106,0.192435
04023966107,0.027344
04023966108,0.127251
04023966109,0.056883
04023966110,0.008596
04023966111,0.142094
04023966200,0.049042
04023966301,0.180544
04023966302,0.218269
04023966401,0.043593
04023966402,0.096976
04025000205,0.027995
04025000206,0.029315
04025000207,0.33981
04025000208,0.331756
04025000209,0.315141
04025000210,0.032552
04025000211,0.078077
04025000301,0.031399
04025000302,0.027624
04025000403,0.01107
04025000404,0.003448
04025000405,0.00529
04025000406,0.299639
04025000407,0.001547
04025000501,0.043498
04025000502,0.032705
04025000604,0.006307
04025000608,0.005845
04025000609,0.00966
04025000611,0.094141
04025000612,0.090149
04025000613,0.002116
04025000614,0.003588
04025000615,0.03767
04025000616,0.015208
04025000617,0.12887
04025000618,0.016764
04025000619,0.058472
04025000701,0.124356
04025000702,0.054753
04025000802,0.098171
04025000803,0.021849
04025000804,0.331419
04025000901,0.121574
04025000902,0.002195
04025001002,0.034492
04025001003,0.007811
04025001004,0.06301
04025001103,0.032878
04025001104,0.009045
04025001105,0.122037
04025001106,0.046522
04025001201,0.242676
04025001202,0.021285
04025001300,0.189545
04025001401,0.043077
04025001402,0.329957
04025001403,0.122124
04025001501,0.117634
04025001502,0.090677
04025001601,0.032614
04025001602,0.091935
04025001604,0.100234
04025001605,0.179527
04025001701,0.123697
04025001703,0.298812
04025001704,0.214285
04025001705,0.118864
04025001801,0.127398
04025001803,0.106395
04025001804,0.177451
04025001901,0.067858
04025001902,0.156673
04025001903,0.063456
04025001904,0.055444
04025002001,0.08475
04025002002,0.094318
04025002003,0.150609
04025002005,0.021118
04025002006,0.022786
04025002007,0.080781
04025002100,0.097503
04027012100,0.134174
04027980003,0.042969
04027980004,0.081421
35023970000,0.04249
06007000102,0.017248
06007000103,0.020066
06007000104,0.003917
06007000201,0.229491
06007000202,0.122667
06007000300,0.087034
06007000401,0.035002
06007000403,0.018454
06007000404,0.060834
06007000501,0.192604
06007000502,0.275823
06007000601,0.032851
06007000603,0.034131
06007000604,0.034619
06007000700,0.020311
06007000800,0.064053
06007000901,0.022584
06007000903,0.018242
06007000904,0.165907
06007001000,0.055336
06007001100,0.164088
06007001200,0.006175
06007001300,0.016827
06007001400,0.083141
06007001500,0.018478
06007001601,0.169144
06007001602,0.199815
06007001702,0.156779
06007001703,0.010254
06007001704,0.02573
06007001800,0.149811
06007001900,0.114064
06007002000,0.223056
06007002100,0.163036
06007002200,0.068428
06007002300,0.228653
06007002401,0.067718
06007002402,0.106719
06007002500,0.061134
06007002601,0.306732
06007002602,0.169192
06007002700,0.044684
06007002800,0.021382
06007002900,0.010191
06007003001,0.22972
06007003002,0.014427
06007003100,0.317305
06007003200,0.00906
06007003300,0.014135
06007003400,0.108716
06007003501,0.014401
06007003502,0.154139
06007003600,0.123051
06007003700,0.178305
06011000100,0.117901
06011000200,0.121075
06011000301,0.15899
06011000302,0.177139
06011000400,0.04617
06011000500,0.261811
06015000202,0.203749
06017030601,0.232028
06017030603,0.298889
06017030604,0.026906
06017030605,0.234935
06017030606,0.241319
06017030701,0.028894
06017030706,0.005784
06017030709,0.003151
06017030710,0.002066
06017030801,0.050777
06017030901,0.064779
06017030902,0.028612
06017031000,0.126735
06017031100,0.076565
06017031700,0.039598
06021010101,0.19421
06021010102,0.230966
06021010200,0.161034
06021010300,0.093899
06021010401,0.148
06021010402,0.249211
06021010501,0.060874
06021010502,0.153562
06023001200,0.01598
06023010102,0.168371
06023010902,0.027973
06023011600,0.119264
06023940000,0.23762
06033000100,0.089096
06033000300,0.035906
06033000401,0.003381
06033000402,0.034663
06033000501,0.078891
06033000502,0.039793
06033000601,0.061034
06033000602,0.134126
06033000702,0.10742
06033000703,0.015093
06033000704,0.042286
06033000801,0.007372
06033000802,0.008802
06033000901,0.017398
06033000902,0.048786
06033001000,0.152755
06033001101,0.041193
06033001102,0.055071
06033001200,0.012689
06033001301,0.056137
06033001302,0.113133
06035040100,0.106473
06035040200,0.047933
06035040302,0.171638
06035040303,0.087837
06035040304,0.275069
06035040305,0.034174
06035040400,0.219077
06035040500,0.113711
06035040600,0.125887
06045010100,0.146489
06045010200,0.151071
06045010601,0.258613
06045010602,0.202287
06045010801,0.125294
06045010802,0.003475
06045011700,0.053874
06045011800,0.162874
06049000100,0.237453
06049000200,0.037903
06049000300,0.182161
06055201800,0.192552
06057000102,0.04471
06057000104,0.041043
06057000105,0.131769
06057000106,0.214584
06057000107,0.155291
06057000200,0.023709
06057000300,0.157308
06057000401,0.016711
06057000403,0.315297
06057000404,0.018445
06057000502,0.031341
06057000503,0.012583
06057000504,0.125265
06057000601,0.069965
06057000602,0.078507
06057000701,0.312401
06057000702,0.224482
06057000801,0.268423
06057000802,0.203572
06057000900,0.179768
06061020200,0.033032
06061020300,0.194955
06061020401,0.051998
06061020402,0.259566
06061020501,0.19822
06061020502,0.037236
06061020601,0.014375
06061020604,0.033741
06061020605,0.126796
06061020606,0.011332
06061020607,0.008804
06061020608,0.029498
06061020710,0.002347
06061020711,0.017382
06061020712,0.008143
06061020713,0.068529
06061020714,0.015161
06061020715,0.001859
06061020717,0.032585
06061020805,0.024854
06061020806,0.025456
06061020901,0.02939
06061020908,0.141475
06061021003,0.018095
06061021034,0.009287
06061021037,0.033822
06061021038,0.005206
06061021039,0.007384
06061021040,0.031305
06061021043,0.023275
06061021044,0.005684
06061021045,0.006663
06061021046,0.009306
06061021047,0.002009
06061021048,0.015652
06061021103,0.011496
06061021106,0.014052
06061021108,0.144605
06061021109,0.027831
06061021122,0.015778
06061021123,0.023577
06061021128,0.040114
06061021129,0.029558
06061021130,0.068233
06061021131,0.01016
06061021203,0.028815
06061021204,0.170526
06061021304,0.073234
06061021323,0.002164
06061021324,0.009603
06061021325,0.001631
06061021326,0.001872
06061021327,0.009738
06061021328,0.005477
06061021401,0.005982
06061021403,0.004406
06061021501,0.192981
06061021502,0.171843
06061021603,0.155682
06061021604,0.199808
06061021801,0.29491
06061021802,0.144911
06061021901,0.085644
06061021902,0.025908
06061022002,0.131645
06061022013,0.259946
06061022014,0.255194
06061022400,0.033995
06061022500,0.005539
06061022600,0.0221
06061022800,0.040994
06061022900,0.029472
06061023000,0.005169
06061023100,0.039877
06061023200,0.004671
06061023300,0.005712
06061023400,0.014147
06061023501,0.012208
06061023502,0.002376
06061023600,0.016173
06061023700,0.067246
06061023800,0.005504
06061023900,0.122467
06063000100,0.19351
06063000201,0.090851
06063000202,0.100208
06063000300,0.11911
06063000400,0.180387
06063000501,0.230291
06063000502,0.159016
06067000100,0.045801
06067000200,0.056899
06067000300,0.009413
06067000400,0.026003
06067000501,0.166283
06067000502,0.35397
06067000600,0.006053
06067000700,0.037549
06067000800,0.052129
06067001102,0.154693
06067001103,0.075756
06067001201,0.030078
06067001202,0.007407
06067001300,0.006987
06067001400,0.017235
06067001500,0.022885
06067001601,0.006451
06067001602,0.052116
06067001702,0.074279
06067001800,0.003957
06067001900,0.057952
06067002000,0.014076
06067002100,0.080014
06067002200,0.037454
06067002300,0.06901
06067002400,0.004476
06067002500,0.003337
06067002600,0.011081
06067002700,0.078843
06067005301,0.03363
06067005402,0.009344
06067005403,0.124603
06067005404,0.016781
06067005502,0.005832
06067005505,0.009841
06067005506,0.00663
06067005508,0.07685
06067005509,0.020008
06067005510,0.010938
06067005601,0.020932
06067005605,0.007374
06067005606,0.004909
06067005701,0.016819
06067005702,0.008037
06067005801,0.004401
06067005803,0.003188
06067005901,0.006306
06067005903,0.009752
06067005904,0.004524
06067006002,0.009786
06067006003,0.155126
06067006004,0.004209
06067006101,0.128648
06067006102,0.011755
06067006202,0.032652
06067006203,0.048484
06067006204,0.00556
06067006300,0.002457
06067006400,0.020136
06067006501,0.043393
06067006502,0.051825
06067006600,0.007239
06067006703,0.004522
06067006704,0.007238
06067006705,0.020694
06067006706,0.013389
06067006801,0.008399
06067006802,0.01227
06067006803,0.01474
06067006901,0.08083
06067006902,0.070944
06067007001,0.017818
06067007007,0.003949
06067007010,0.058718
06067007011,0.024424
06067007012,0.005287
06067007013,0.012255
06067007016,0.007799
06067007017,0.046745
06067007019,0.06492
06067007020,0.050512
06067007021,0.02703
06067007022,0.085987
06067007023,0.007089
06067007024,0.043357
06067007025,0.009141
06067007026,0.001587
06067007027,0.003027
06067007028,0.016207
06067007101,0.07848
06067007103,0.00788
06067007105,0.011025
06067007106,0.005778
06067007107,0.072807
06067007108,0.003867
06067007109,0.028976
06067007110,0.008012
06067007111,0.014739
06067007202,0.006739
06067007204,0.005473
06067007206,0.001931
06067007207,0.033337
06067007208,0.030097
06067007209,0.005132
06067007301,0.00646
06067007402,0.00723
06067007403,0.124918
06067007413,0.024973
06067007414,0.002543
06067007415,0.017332
06067007416,0.018717
06067007417,0.005398
06067007422,0.047525
06067007423,0.098377
06067007424,0.005279
06067007426,0.010242
06067007427,0.007499
06067007428,0.018825
06067007429,0.010569
06067007430,0.021213
06067007431,0.002527
06067007432,0.003765
06067007434,0.004656
06067007435,0.031575
06067007436,0.027649
06067007437,0.005035
06067007438,0.019235
06067007439,0.020295
06067007501,0.082659
06067007503,0.078967
06067007504,0.085413
06067007602,0.01513
06067007603,0.004838
06067007604,0.034487
06067007701,0.006574
06067007702,0.007487
06067007801,0.029245
06067007802,0.006906
06067007903,0.005089
06067007904,0.003995
06067007905,0.013701
06067007906,0.021486
06067008005,0.015383
06067008006,0.015017
06067008007,0.060278
06067008008,0.062859
06067008009,0.006014
06067008010,0.009658
06067008111,0.028247
06067008113,0.072799
06067008117,0.007865
06067008119,0.010894
06067008120,0.006787
06067008122,0.010795
06067008124,0.050068
06067008125,0.003019
06067008127,0.055289
06067008128,0.131927
06067008129,0.048923
06067008130,0.01898
06067008131,0.102081
06067008132,0.117713
06067008133,0.037499
06067008134,0.05921
06067008135,0.158827
06067008136,0.089355
06067008137,0.004515
06067008138,0.025775
06067008139,0.104723
06067008140,0.004377
06067008141,0.011777
06067008142,0.014489
06067008143,0.016267
06067008144,0.011515
06067008145,0.040897
06067008203,0.003292
06067008204,0.036146
06067008206,0.012906
06067008207,0.003056
06067008208,0.026851
06067008209,0.015012
06067008210,0.018388
06067008211,0.002768
06067008402,0.005224
06067008403,0.035198
06067008404,0.013288
06067008501,0.009255
06067008504,0.089269
06067008505,0.027655
06067008506,0.073867
06067008507,0.008335
06067008508,0.017242
06067008509,0.006737
06067008510,0.024165
06067008512,0.004576
06067008702,0.004834
06067008703,0.035029
06067008909,0.037084
06067008912,0.040313
06067008913,0.003682
06067988300,0.0059
06089010100,0.168951
06089010200,0.014291
06089010300,0.090921
06089010400,0.094852
06089010500,0.033957
06089010601,0.028693
06089010602,0.138314
06089010603,0.114289
06089010702,0.157586
06089010703,0.091951
06089010704,0.057578
06089010803,0.015672
06089010804,0.003538
06089010805,0.00639
06089010806,0.126231
06089010807,0.060079
06089010900,0.057724
06089011001,0.004801
06089011002,0.203678
06089011100,0.01873
06089011209,0.037152
06089011300,0.006274
06089011401,0.028735
06089011402,0.004904
06089011403,0.007449
06089011501,0.038288
06089011502,0.023288
06089011600,0.114823
06089011701,0.08186
06089011702,0.28115
06089011703,0.136509
06089011801,0.041238
06089011802,0.052709
06089011803,0.066942
06089011900,0.015695
06089012000,0.144436
06089012101,0.047075
06089012102,0.033959
06089012200,0.069771
06089012301,0.229446
06089012302,0.02879
06089012303,0.004002
06089012400,0.042543
06089012500,0.172874
06089012603,0.16791
06089012604,0.028757
06089012605,0.018223
06089012606,0.069853
06089012701,0.17238
06089012702,0.106662
06091010000,0.077079
06093000300,0.054579
06093000701,0.189598
06093000800,0.164324
06093000901,0.16335
06093000902,0.170418
06093001001,0.193415
06093001002,0.278057
06093001003,0.10658
06093001100,0.145326
06093001200,0.166445
06093001300,0.122638
06097154100,0.098334
06101050101,0.004696
06101050102,0.036567
06101050201,0.043977
06101050202,0.03464
06101050301,0.042705
06101050302,0.004479
06101050401,0.008524
06101050402,0.01826
06101050403,0.063332
06101050501,0.188813
06101050503,0.276051
06101050504,0.337477
06101050601,0.082691
06101050603,0.009812
06101050604,0.170902
06101050701,0.194354
06101050702,0.075269
06101050800,0.059907
06101050900,0.10251
06101051000,0.084034
06101051100,0.064075
06103000100,0.24053
06103000201,0.225215
06103000202,0.048232
06103000300,0.107226
06103000400,0.187951
06103000500,0.232762
06103000600,0.159484
06103000701,0.203989
06103000702,0.137801
06103000800,0.152788
06103000900,0.08204
06103001000,0.053581
06103001101,0.168905
06103001102,0.198562
06105000101,0.201923
06105000102,0.144463
06105000200,0.112538
06105000500,0.075756
06113010102,0.058991
06113010103,0.002366
06113010104,0.027724
06113010105,0.018561
06113010201,0.032477
06113010203,0.088829
06113010204,0.096789
06113010313,0.015195
06113010315,0.038087
06113010401,0.134244
06113010505,0.130441
06113010800,0.209645
06113010901,0.143877
06113010902,0.29918
06113011001,0.103756
06113011002,0.044428
06113011101,0.014559
06113011102,0.080262
06113011103,0.047489
06113011203,0.002017
06113011204,0.0199
06113011207,0.21109
06113011208,0.074904
06113011209,0.051979
06113011210,0.004985
06113011211,0.015942
06113011400,0.139736
06113011500,0.105909
06115040100,0.09921
06115040201,0.30797
06115040202,0.156674
06115040301,0.007913
06115040302,0.040334
06115040304,0.010592
06115040305,0.007243
06115040400,0.005886
06115040500,0.014002
06115040600,0.015567
06115040701,0.014033
06115040702,0.089134
06115040800,0.003997
06115040901,0.008939
06115040902,0.007126
06115041001,0.06725
06115041002,0.004166
06115041101,0.11556
06115041102,0.187012
48001950100,0.01714
48001950401,0.032901
48001950402,0.163523
48001950500,0.112661
48001950600,0.124176
48001950700,0.143527
48001950800,0.116134
48001950901,0.060119
48001950902,0.04089
48001951001,0.028624
48001951002,0.152033
48001951100,0.086145
48005000102,0.089454
48005000104,0.090293
48007950101,0.235367
48007950102,0.169226
48007950103,0.073442
48007950200,0.32184
48007950301,0.080015
48007950302,0.145816
48007950400,0.201922
48007950501,0.075994
48007950502,0.187835
48007950503,0.189688
48009020200,0.07856
48009020300,0.109404
48013960101,0.035813
48013960102,0.138699
48013960203,0.067558
48013960204,0.00896
48013960205,0.099129
48013960206,0.052029
48013960300,0.112327
48013960401,0.420637
48013960403,0.224884
48013960404,0.287079
48013960500,0.031349
48013960601,0.123686
48013960602,0.030421
48015760100,0.003208
48015760201,0.061828
48015760202,0.076707
48015760301,0.01481
48015760302,0.050049
48015760400,0.038663
48015760501,0.03606
48015760502,0.077035
48019000101,0.120673
48019000103,0.128723
48019000104,0.183851
48019000200,0.118797
48019000301,0.08497
48019000302,0.094551
48019000400,0.064304
48021950101,0.018609
48021950102,0.084671
48021950201,0.091034
48021950202,0.097151
48021950301,0.037899
48021950302,0.008885
48021950303,0.030978
48021950401,0.076415
48021950402,0.117328
48021950403,0.076549
48021950503,0.064041
48021950504,0.026255
48021950505,0.017684
48021950506,0.053704
48021950601,0.017782
48021950602,0.021996
48021950700,0.071767
48021950803,0.04362
48021950804,0.005027
48021950805,0.16276
48021950806,0.17199
48023950301,0.12028
48023950302,0.225052
48025950100,0.014231
48025950201,0.172457
48025950203,0.06007
48025950204,0.113937
48025950300,0.03031
48025950400,0.160951
48025950501,0.226064
48025950502,0.200347
48025950600,0.133131
48027020101,0.13848
48027020102,0.011249
48027020201,0.06285
48027020203,0.168645
48027020204,0.100543
48027020301,0.109243
48027020302,0.078155
48027020401,0.013682
48027020402,0.047836
48027020500,0.147778
48027020600,0.101356
48027020701,0.102042
48027020702,0.013987
48027020800,0.100495
48027020900,0.137088
48027021000,0.08038
48027021101,0.115418
48027021102,0.008936
48027021201,0.107224
48027021202,0.037632
48027021203,0.090906
48027021301,0.040915
48027021302,0.13202
48027021304,0.09249
48027021305,0.016971
48027021400,0.053117
48027021501,0.012514
48027021502,0.056468
48027021601,0.08018
48027021602,0.14519
48027021701,0.035135
48027021702,0.160443
48027021801,0.11978
48027021802,0.048401
48027021901,0.096908
48027021905,0.075428
48027021906,0.003702
48027021907,0.016873
48027021908,0.032396
48027022001,0.122009
48027022002,0.008001
48027022101,0.007498
48027022103,0.016562
48027022104,0.029524
48027022105,0.016702
48027022200,0.025615
48027022300,0.041341
48027022401,0.042176
48027022402,0.00592
48027022403,0.0082
48027022405,0.115716
48027022406,0.105674
48027022407,0.001013
48027022501,0.123653
48027022503,0.019984
48027022504,0.005062
48027022600,0.150256
48027022801,0.003752
48027022900,0.17485
48027023001,0.01318
48027023002,0.008994
48027023103,0.156985
48027023104,0.084784
48027023109,0.038925
48027023110,0.021964
48027023111,0.046328
48027023112,0.032209
48027023113,0.011986
48027023114,0.003848
48027023115,0.013384
48027023116,0.040274
48027023117,0.090728
48027023118,0.136439
48027023201,0.097751
48027023202,0.041974
48027023203,0.138826
48027023204,0.02565
48027023301,0.035424
48027023302,0.083561
48027023402,0.008563
48027023404,0.021609
48027023405,0.016284
48027023406,0.020558
48027023500,0.21407
48027980001,0.149997
48027980002,0.345651
48027980003,0.03862
48029110100,0.048167
48029110300,0.009452
48029110500,0.00896
48029110600,0.027567
48029110700,0.04509
48029111000,0.017509
48029111100,0.015171
48029120100,0.015521
48029120301,0.07959
48029120302,0.019038
48029120401,0.033338
48029120402,0.103026
48029120502,0.103891
48029120503,0.006368
48029120504,0.026274
48029120601,0.053079
48029120602,0.128715
48029120701,0.02438
48029120702,0.120969
48029120800,0.006525
48029120901,0.019594
48029120902,0.032933
48029121000,0.018842
48029121110,0.024281
48029121111,0.045994
48029121112,0.056459
48029121115,0.017331
48029121116,0.024916
48029121117,0.012695
48029121118,0.029674
48029121119,0.009861
48029121120,0.01941
48029121121,0.007483
48029121122,0.020403
48029121123,0.039028
48029121124,0.022802
48029121203,0.094305
48029121204,0.035916
48029121205,0.035256
48029121206,0.017787
48029121300,0.003972
48029121402,0.010328
48029121403,0.005
48029121404,0.055544
48029121501,0.026384
48029121504,0.016887
48029121505,0.04051
48029121506,0.045183
48029121507,0.007239
48029121508,0.006382
48029121601,0.081948
48029121604,0.021031
48029121605,0.004973
48029121606,0.024754
48029121701,0.249317
48029121702,0.022039
48029121802,0.025413
48029121803,0.013506
48029121804,0.011405
48029121808,0.004228
48029121809,0.015178
48029121810,0.023765
48029121811,0.002214
48029121812,0.011438
48029121813,0.045354
48029121903,0.004091
48029121904,0.03849
48029121905,0.08928
48029121906,0.008118
48029121908,0.029232
48029121909,0.009036
48029121910,0.006142
48029121911,0.008022
48029121912,0.021023
48029130200,0.024305
48029130300,0.010587
48029130401,0.064406
48029130402,0.071489
48029130500,0.019324
48029130600,0.006116
48029130700,0.011629
48029130800,0.034809
48029130900,0.019598
48029131000,0.039824
48029131100,0.004924
48029131200,0.198374
48029131300,0.14362
48029131401,0.112049
48029131402,0.096853
48029131503,0.037818
48029131504,0.052852
48029131505,0.008503
48029131506,0.037656
48029131507,0.013514
48029131601,0.131624
48029131606,0.115375
48029131608,0.032449
48029131609,0.024885
48029131610,0.047512
48029131612,0.06447
48029131614,0.012696
48029131615,0.034835
48029131616,0.167045
48029131700,0.053895
48029131801,0.050103
48029131802,0.088928
48029140100,0.047071
48029140200,0.076604
48029140300,0.051356
48029140400,0.035664
48029140500,0.030919
48029140600,0.023445
48029140700,0.007442
48029140800,0.007236
48029140900,0.039669
48029141000,0.022209
48029141101,0.014751
48029141102,0.043753
48029141200,0.005095
48029141300,0.043953
48029141402,0.132887
48029141403,0.104334
48029141404,0.007817
48029141600,0.105474
48029141700,0.051386
48029141800,0.107563
48029141900,0.20685
48029150100,0.056525
48029150300,0.012151
48029150400,0.045901
48029150501,0.039997
48029150502,0.002057
48029150600,0.04124
48029150700,0.011559
48029150800,0.281687
48029150900,0.035471
48029151000,0.043139
48029151100,0.03758
48029151200,0.02993
48029151301,0.02216
48029151302,0.088317
48029151400,0.074542
48029151500,0.11068
48029151600,0.013066
48029151700,0.078919
48029151900,0.067881
48029152000,0.036577
48029152100,0.256639
48029152201,0.035468
48029152202,0.067565
48029160100,0.044826
48029160200,0.052931
48029160300,0.135821
48029160400,0.005145
48029160501,0.007818
48029160502,0.060004
48029160600,0.004106
48029160701,0.02909
48029160702,0.003977
48029160901,0.117721
48029160902,0.013442
48029161000,0.112515
48029161100,0.035356
48029161200,0.047879
48029161302,0.073603
48029161303,0.01332
48029161304,0.00923
48029161400,0.201847
48029161501,0.039274
48029161503,0.166578
48029161504,0.003389
48029161600,0.010887
48029161801,0.056284
48029161802,0.064738
48029161901,0.052736
48029161902,0.050173
48029162001,0.147938
48029162003,0.169034
48029162004,0.086409
48029170101,0.225713
48029170102,0.007763
48029170200,0.006556
48029170300,0.010916
48029170401,0.0184
48029170402,0.008614
48029170500,0.207825
48029170600,0.011486
48029170700,0.006085
48029170800,0.005607
48029170900,0.008489
48029171000,0.003506
48029171100,0.004719
48029171200,0.03756
48029171301,0.005848
48029171302,0.007522
48029171401,0.001593
48029171402,0.052185
48029171501,0.007951
48029171502,0.005235
48029171601,0.006029
48029171602,0.039804
48029171700,0.025346
48029171801,0.022842
48029171802,0.016899
48029171903,0.025601
48029171912,0.009391
48029171913,0.143391
48029171914,0.009568
48029171915,0.026463
48029171916,0.017306
48029171917,0.013754
48029171918,0.005445
48029171919,0.016202
48029171920,0.002596
48029171921,0.077771
48029171922,0.008058
48029171923,0.073182
48029171924,0.008846
48029171926,0.012947
48029171927,0.019779
48029171928,0.005432
48029171929,0.004348
48029172002,0.101205
48029172003,0.030662
48029172004,0.00721
48029172005,0.01072
48029172006,0.008031
48029172008,0.011217
48029172009,0.017833
48029180101,0.005591
48029180102,0.005423
48029180201,0.028032
48029180202,0.008152
48029180300,0.063012
48029180400,0.259299
48029180501,0.136309
48029180503,0.009506
48029180504,0.005017
48029180602,0.02157
48029180603,0.034376
48029180604,0.121116
48029180701,0.042498
48029180702,0.006396
48029180800,0.031728
48029180901,0.031447
48029180902,0.030374
48029181001,0.029641
48029181003,0.155883
48029181004,0.110448
48029181005,0.034654
48029181100,0.008283
48029181200,0.009226
48029181301,0.046298
48029181302,0.064732
48029181303,0.121621
48029181402,0.068189
48029181403,0.296074
48029181404,0.139879
48029181503,0.026292
48029181504,0.014298
48029181505,0.009974
48029181506,0.034785
48029181601,0.036004
48029181602,0.019052
48029181703,0.027314
48029181704,0.071215
48029181705,0.058532
48029181711,0.006906
48029181712,0.049797
48029181713,0.005908
48029181715,0.003064
48029181716,0.031983
48029181718,0.004301
48029181720,0.030613
48029181721,0.027293
48029181722,0.002782
48029181723,0.010104
48029181724,0.124239
48029181725,0.048677
48029181726,0.005665
48029181727,0.013043
48029181729,0.00517
48029181730,0.020891
48029181731,0.004941
48029181732,0.022671
48029181733,0.003054
48029181808,0.008137
48029181809,0.015605
48029181811,0.089074
48029181813,0.011573
48029181814,0.019167
48029181815,0.113128
48029181816,0.008139
48029181817,0.007516
48029181818,0.006189
48029181819,0.013411
48029181820,0.016976
48029181821,0.02457
48029181822,0.029236
48029181823,0.035194
48029181824,0.002323
48029181825,0.02977
48029181826,0.009446
48029181901,0.018376
48029181902,0.00961
48029182001,0.026448
48029182002,0.121535
48029182003,0.013605
48029182101,0.053745
48029182102,0.031207
48029182103,0.131481
48029182105,0.035557
48029182106,0.07759
48029190100,0.035921
48029190200,0.00712
48029190400,0.009498
48029190501,0.040877
48029190503,0.011696
48029190504,0.079121
48029190601,0.099494
48029190603,0.007261
48029190604,0.020729
48029190700,0.011619
48029190800,0.033044
48029190901,0.012028
48029190902,0.056584
48029191003,0.004823
48029191004,0.00771
48029191005,0.053725
48029191006,0.017321
48029191101,0.014813
48029191102,0.010602
48029191201,0.00393
48029191202,0.013246
48029191303,0.013463
48029191304,0.009878
48029191405,0.005207
48029191406,0.03274
48029191408,0.020561
48029191409,0.027774
48029191410,0.055211
48029191411,0.011326
48029191412,0.005998
48029191413,0.016853
48029191503,0.015469
48029191504,0.055975
48029191505,0.014944
48029191506,0.038653
48029191701,0.187419
48029191702,0.011511
48029191804,0.004635
48029191806,0.013572
48029191807,0.01054
48029191808,0.029752
48029191809,0.057064
48029191810,0.016128
48029191811,0.010675
48029191812,0.006552
48029191813,0.011203
48029191814,0.016722
48029191815,0.040827
48029191816,0.048167
48029191818,0.024811
48029191819,0.005915
48029191900,0.029348
48029192000,0.03426
48029192100,0.036715
48029192200,0.150257
48029192300,0.020514
48029980001,0.081436
48029980002,0.235898
48029980003,0.026861
48029980004,0.127576
48029980005,0.015816
48029980100,0.022171
48031950101,0.133777
48031950102,0.072313
48031950201,0.123954
48031950202,0.084067
48033950100,0.25215
48035950100,0.042908
48035950200,0.136666
48035950300,0.199433
48035950400,0.122118
48035950500,0.022817
48035950600,0.204016
48035950700,0.052438
48039660100,0.065888
48039660200,0.093696
48039660301,0.058877
48039660302,0.003358
48039660303,0.034015
48039660401,0.023245
48039660402,0.004804
48039660403,0.083875
48039660501,0.244027
48039660502,0.009359
48039660503,0.059284
48039660504,0.013383
48039660603,0.007454
48039660604,0.003387
48039660605,0.004378
48039660606,0.030059
48039660607,0.016131
48039660608,0.028915
48039660609,0.0039
48039660610,0.056298
48039660611,0.029995
48039660612,0.017811
48039660613,0.004503
48039660614,0.229436
48039660615,0.007832
48039660616,0.003689
48039660703,0.015127
48039660704,0.02933
48039660705,0.009253
48039660706,0.036556
48039660707,0.010799
48039660708,0.04425
48039660803,0.003361
48039660804,0.122578
48039660805,0.005889
48039660806,0.033362
48039660901,0.1322
48039660902,0.052758
48039661000,0.134085
48039661100,0.142608
48039661200,0.159118
48039661300,0.165458
48039661400,0.027582
48039661501,0.060663
48039661502,0.086625
48039661601,0.27269
48039661602,0.104209
48039661700,0.12314
48039661800,0.107404
48039661901,0.037563
48039661902,0.015257
48039662000,0.012777
48039662100,0.095613
48039662200,0.132236
48039662300,0.22722
48039662400,0.184147
48039662500,0.060865
48039662600,0.193177
48039662700,0.037925
48039662800,0.011818
48039662900,0.110631
48039663000,0.169277
48039663100,0.095344
48039663200,0.005954
48039663300,0.037122
48039663400,0.070322
48039663500,0.02826
48039663600,0.018481
48039663700,0.074329
48039663800,0.065442
48039663900,0.087302
48039664000,0.083872
48039664100,0.02856
48039664200,0.067554
48039664300,0.046485
48039664400,0.028732
48039664501,0.020041
48039990000,0.029297
48041000103,0.314744
48041000104,0.208294
48041000105,0.004015
48041000106,0.229906
48041000107,0.010867
48041000108,0.291777
48041000203,0.043283
48041000204,0.026303
48041000205,0.100963
48041000206,0.013444
48041000207,0.057658
48041000301,0.101692
48041000302,0.086407
48041000401,0.071805
48041000402,0.040367
48041000501,0.156798
48041000502,0.028116
48041000603,0.009582
48041000605,0.006986
48041000606,0.014285
48041000700,0.009102
48041000800,0.060071
48041000900,0.015402
48041001001,0.018489
48041001002,0.022767
48041001101,0.007979
48041001102,0.031989
48041001301,0.014783
48041001302,0.052804
48041001303,0.095463
48041001401,0.043228
48041001604,0.004718
48041001605,0.024121
48041001606,0.02701
48041001607,0.122302
48041001608,0.003524
48041001702,0.081183
48041001703,0.094892
48041001704,0.076092
48041001801,0.018429
48041001803,0.004572
48041001804,0.026876
48041001901,0.035974
48041001902,0.016306
48041002001,0.048592
48041002006,0.041303
48041002009,0.02874
48041002010,0.042681
48041002011,0.009936
48041002014,0.022676
48041002016,0.032876
48041002017,0.02699
48041002018,0.013339
48041002019,0.001993
48041002020,0.029913
48041002021,0.007723
48041002022,0.017906
48041002023,0.016508
48041002024,0.018083
48041002025,0.038776
48041002026,0.248948
48041002100,0.008575
48041980000,0.004557
48047950100,0.113743
48047950200,0.144357
48049950100,0.032292
48049950201,0.015814
48049950202,0.181816
48049950300,0.209138
48049950500,0.024105
48049950600,0.151351
48049950700,0.059823
48049950800,0.082171
48049950900,0.008322
48049951000,0.019602
48049951100,0.037358
48049951200,0.18899
48049951300,0.028884
48051970100,0.08949
48051970201,0.049224
48051970202,0.041891
48051970300,0.174142
48051970400,0.070524
48051970501,0.174028
48051970502,0.012189
48053960101,0.020541
48053960102,0.043876
48053960200,0.164057
48053960301,0.188605
48053960302,0.174506
48053960401,0.083176
48053960402,0.048442
48053960501,0.061949
48053960502,0.043469
48053960600,0.026303
48053960701,0.073958
48053960702,0.047303
48053960801,0.11303
48053960802,0.201451
48053960803,0.019259
48055960102,0.029746
48055960103,0.121743
48055960104,0.169801
48055960200,0.038652
48055960300,0.183512
48055960400,0.062149
48055960501,0.04648
48055960502,0.124491
48055960600,0.13093
48055960701,0.065707
48055960702,0.124034
48057000100,0.08438
48057000200,0.182552
48057000300,0.261878
48057000401,0.095889
48057000402,0.150938
48057000501,0.17179
48057000502,0.17702
48057990000,0.033203
48059030101,0.008272
48059030102,0.00988
48059030200,0.04299
48061010101,0.015504
48061010102,0.295286
48061010103,0.059295
48061010201,0.047002
48061010204,0.086166
48061010205,0.1462
48061010301,0.042942
48061010303,0.008977
48061010304,0.03666
48061010403,0.258429
48061010404,0.00866
48061010405,0.058796
48061010406,0.01544
48061010500,0.121999
48061010602,0.345337
48061010603,0.098768
48061010604,0.132074
48061010700,0.057368
48061010801,0.049171
48061010802,0.037857
48061010900,0.202996
48061011000,0.112342
48061011100,0.090666
48061011200,0.163202
48061011301,0.13961
48061011302,0.338423
48061011401,0.106175
48061011402,0.248551
48061011500,0.161885
48061011601,0.076533
48061011602,0.085217
48061011701,0.184612
48061011702,0.190953
48061011801,0.161091
48061011802,0.036318
48061011903,0.012865
48061011904,0.080894
48061011905,0.209717
48061011906,0.030134
48061011907,0.080976
48061011908,0.015691
48061012002,0.030416
48061012003,0.024153
48061012004,0.049212
48061012103,0.114528
48061012104,0.011631
48061012105,0.005826
48061012106,0.002975
48061012201,0.094848
48061012202,0.011158
48061012203,0.006755
48061012301,0.02401
48061012304,0.04119
48061012305,0.090253
48061012402,0.132005
48061012403,0.104038
48061012404,0.066885
48061012506,0.095289
48061012508,0.043107
48061012509,0.069571
48061012510,0.066882
48061012511,0.195118
48061012512,0.351156
48061012513,0.124469
48061012514,0.003011
48061012515,0.023763
48061012516,0.003524
48061012517,0.003255
48061012607,0.018618
48061012608,0.135758
48061012613,0.126252
48061012614,0.038411
48061012615,0.011963
48061012616,0.002279
48061012617,0.032996
48061012700,0.160666
48061012800,0.017899
48061012900,0.296613
48061013002,0.102236
48061013003,0.096668
48061013004,0.20258
48061013102,0.044248
48061013104,0.005981
48061013106,0.089147
48061013203,0.161233
48061013204,0.018593
48061013205,0.132589
48061013206,0.167354
48061013207,0.051939
48061013303,0.268793
48061013305,0.015259
48061013306,0.017822
48061013307,0.033712
48061013308,0.036296
48061013309,0.009603
48061013401,0.216993
48061013402,0.114471
48061013500,0.137107
48061013600,0.334763
48061013700,0.085237
48061013801,0.006461
48061013802,0.010543
48061013901,0.00369
48061013902,0.219781
48061013903,0.036119
48061014001,0.017617
48061014002,0.02874
48061014101,0.003255
48061014102,0.010866
48061014103,0.013692
48061014201,0.158778
48061014202,0.079199
48061014300,0.278371
48061014401,0.122682
48061014402,0.072379
48061014403,0.011504
48061014404,0.002057
48061014501,0.006731
48061014502,0.000977
48061980001,0.112798
48061980100,0.516602
48063950101,0.033044
48063950102,0.182877
48063950200,0.142121
48073950100,0.170697
48073950201,0.063737
48073950202,0.286632
48073950301,0.110784
48073950302,0.147968
48073950400,0.222264
48073950500,0.238789
48073950600,0.187539
48073950700,0.243219
48073950801,0.118709
48073950802,0.181231
48073950900,0.178389
48073951000,0.126193
48073951100,0.197405
48077030302,0.047489
48081950100,0.020834
48081950200,0.154836
48083950300,0.134172
48083950600,0.115078
48083950700,0.027772
48085030101,0.014348
48085030102,0.07639
48085030201,0.041496
48085030202,0.030178
48085030204,0.193408
48085030205,0.137576
48085030206,0.125602
48085030207,0.098753
48085030301,0.010207
48085030302,0.002984
48085030303,0.035125
48085030304,0.013023
48085030306,0.027801
48085030307,0.022106
48085030403,0.040444
48085030404,0.011295
48085030405,0.008159
48085030406,0.006507
48085030407,0.041868
48085030409,0.009673
48085030410,0.022924
48085030504,0.03055
48085030505,0.018546
48085030506,0.009913
48085030507,0.035134
48085030509,0.002855
48085030510,0.004983
48085030511,0.015877
48085030512,0.007795
48085030515,0.007891
48085030516,0.004088
48085030517,0.023706
48085030518,0.004999
48085030519,0.018879
48085030520,0.003958
48085030521,0.003496
48085030524,0.00835
48085030525,0.004789
48085030529,0.033818
48085030531,0.016787
48085030532,0.013609
48085030533,0.002446
48085030534,0.00769
48085030535,0.013182
48085030536,0.002211
48085030537,0.004312
48085030538,0.025153
48085030539,0.0092
48085030540,0.017267
48085030541,0.005596
48085030542,0.01034
48085030543,0.007305
48085030544,0.01578
48085030545,0.03914
48085030546,0.008106
48085030547,0.025367
48085030548,0.008087
48085030549,0.038456
48085030550,0.003169
48085030604,0.033683
48085030605,0.063272
48085030606,0.018065
48085030607,0.015003
48085030608,0.036109
48085030609,0.004603
48085030701,0.106049
48085030702,0.053699
48085030801,0.024984
48085030802,0.008103
48085030901,0.153527
48085030902,0.031141
48085030903,0.006187
48085031003,0.028154
48085031005,0.010403
48085031006,0.077104
48085031007,0.017282
48085031008,0.002869
48085031101,0.15222
48085031102,0.111179
48085031201,0.022017
48085031202,0.024423
48085031308,0.019678
48085031314,0.005615
48085031318,0.006215
48085031319,0.013284
48085031320,0.008904
48085031321,0.003485
48085031322,0.021563
48085031323,0.001068
48085031324,0.002782
48085031325,0.023112
48085031326,0.009229
48085031327,0.038874
48085031328,0.007174
48085031329,0.003795
48085031330,0.004535
48085031331,0.002964
48085031332,0.046102
48085031333,0.008876
48085031334,0.028835
48085031335,0.062533
48085031336,0.008925
48085031408,0.031395
48085031411,0.006168
48085031412,0.020288
48085031413,0.007458
48085031414,0.003415
48085031415,0.075443
48085031416,0.049401
48085031417,0.005425
48085031418,0.011325
48085031419,0.002513
48085031420,0.004391
48085031421,0.003662
48085031422,0.004154
48085031423,0.021683
48085031424,0.004061
48085031425,0.006542
48085031504,0.002046
48085031507,0.033168
48085031508,0.011255
48085031509,0.005771
48085031510,0.028457
48085031511,0.016535
48085031512,0.005314
48085031611,0.023101
48085031613,0.006166
48085031621,0.025467
48085031622,0.014773
48085031623,0.006429
48085031624,0.031711
48085031625,0.005257
48085031626,0.00944
48085031627,0.005615
48085031628,0.004736
48085031629,0.013645
48085031630,0.003581
48085031631,0.012573
48085031632,0.00526
48085031633,0.017578
48085031634,0.004314
48085031635,0.016491
48085031636,0.009342
48085031639,0.00448
48085031641,0.001471
48085031642,0.003369
48085031643,0.004453
48085031645,0.054375
48085031646,0.004024
48085031647,0.027071
48085031649,0.012102
48085031654,0.010475
48085031655,0.020806
48085031657,0.014715
48085031659,0.01323
48085031660,0.006606
48085031661,0.024178
48085031662,0.023587
48085031663,0.02183
48085031664,0.005455
48085031665,0.020082
48085031666,0.015193
48085031667,0.044671
48085031668,0.021082
48085031669,0.00472
48085031670,0.019135
48085031671,0.042951
48085031672,0.006586
48085031673,0.011309
48085031674,0.007315
48085031675,0.003139
48085031676,0.001698
48085031677,0.007812
48085031678,0.011475
48085031679,0.022354
48085031680,0.013777
48085031681,0.005208
48085031682,0.007189
48085031704,0.016174
48085031706,0.042822
48085031708,0.038018
48085031709,0.016896
48085031711,0.033995
48085031713,0.089697
48085031715,0.066584
48085031716,0.084787
48085031717,0.142728
48085031718,0.013109
48085031719,0.005798
48085031720,0.10256
48085031721,0.018403
48085031722,0.162913
48085031723,0.085898
48085031724,0.055493
48085031806,0.026315
48085031807,0.015728
48085031808,0.009725
48085031809,0.010528
48085031810,0.04361
48085031811,0.052081
48085031812,0.013027
48085031813,0.005046
48085031814,0.003352
48085031815,0.004613
48085031816,0.037988
48085031901,0.008146
48085031902,0.048681
48085031903,0.01905
48085031904,0.022669
48085032003,0.009489
48085032008,0.007644
48085032010,0.009928
48085032012,0.005094
48085032013,0.022814
48085032014,0.003377
48085032015,0.008301
48085032016,0.009877
48085032017,0.007356
48085032018,0.071872
48085032019,0.014226
48089750100,0.093031
48089750200,0.103565
48089750300,0.025557
48089750400,0.041608
48089750500,0.053958
48091310100,0.068483
48091310200,0.002974
48091310301,0.281141
48091310302,0.175579
48091310401,0.025577
48091310404,0.006598
48091310405,0.103551
48091310406,0.041237
48091310501,0.114909
48091310502,0.016707
48091310503,0.161439
48091310603,0.025751
48091310604,0.067378
48091310608,0.022746
48091310609,0.010933
48091310610,0.198374
48091310611,0.026964
48091310612,0.060856
48091310613,0.020601
48091310614,0.01557
48091310702,0.095867
48091310703,0.04859
48091310705,0.164082
48091310706,0.025537
48091310707,0.072267
48091310708,0.028344
48091310801,0.058758
48091310803,0.024839
48091310804,0.025935
48091310901,0.081253
48091310903,0.080288
48091310904,0.036949
48091310905,0.013694
48093950101,0.171933
48093950102,0.093231
48093950200,0.028852
48093950300,0.164013
48093950400,0.137574
48095950300,0.10132
48097000100,0.182217
48097000200,0.089837
48097000400,0.094734
48097000500,0.033178
48097000600,0.170291
48097000701,0.020295
48097000702,0.026896
48097000900,0.042621
48097001100,0.055374
48099010101,0.053301
48099010102,0.023092
48099010201,0.059276
48099010202,0.102581
48099010300,0.17357
48099010400,0.044455
48099010501,0.008966
48099010502,0.013242
48099010503,0.047994
48099010504,0.066196
48099010601,0.006249
48099010603,0.005764
48099010604,0.008896
48099010701,0.017255
48099010702,0.292876
48099010802,0.061952
48099010803,0.050059
48099010804,0.078593
48099980000,0.022427
48105950100,0.053219
48107950100,0.019425
48107950200,0.051499
48107950300,0.046675
48113000100,0.185702
48113000201,0.098292
48113000202,0.071792
48113000300,0.090696
48113000401,0.013402
48113000405,0.073861
48113000407,0.02932
48113000408,0.019702
48113000409,0.065411
48113000410,0.008587
48113000501,0.007096
48113000502,0.017832
48113000503,0.069619
48113000605,0.012004
48113000606,0.086949
48113000607,0.008764
48113000608,0.023969
48113000609,0.007256
48113000610,0.005503
48113000611,0.016905
48113000703,0.12014
48113000704,0.01933
48113000705,0.020427
48113000706,0.081359
48113000801,0.003967
48113000802,0.02656
48113000901,0.03728
48113000902,0.091421
48113001001,0.027779
48113001002,0.030098
48113001101,0.055971
48113001102,0.059398
48113001202,0.070169
48113001203,0.27816
48113001204,0.20918
48113001301,0.016395
48113001302,0.027252
48113001400,0.087711
48113001502,0.025165
48113001503,0.004073
48113001504,0.005171
48113001601,0.004959
48113001602,0.007993
48113001703,0.045685
48113001705,0.012714
48113001801,0.055489
48113001802,0.040369
48113001901,0.057205
48113001902,0.04508
48113002001,0.069259
48113002002,0.008631
48113002100,0.039023
48113002200,0.022905
48113002400,0.097177
48113002500,0.045299
48113002703,0.133821
48113003102,0.032072
48113003103,0.158677
48113003700,0.121095
48113004201,0.025683
48113004202,0.003397
48113004300,0.010276
48113004400,0.021434
48113004500,0.007246
48113004600,0.00904
48113004700,0.019115
48113004800,0.022506
48113005000,0.014446
48113005100,0.011132
48113005200,0.00826
48113005300,0.004487
48113005400,0.004989
48113005500,0.02626
48113005600,0.059208
48113005700,0.017394
48113005901,0.019023
48113005902,0.019033
48113006001,0.009708
48113006002,0.046571
48113006100,0.008263
48113006200,0.170531
48113006301,0.011962
48113006302,0.014555
48113006401,0.00224
48113006402,0.049045
48113006501,0.003114
48113006502,0.017352
48113006701,0.003737
48113006702,0.041546
48113006800,0.020024
48113006900,0.011542
48113007101,0.030731
48113007102,0.022519
48113007203,0.024603
48113007204,0.172437
48113007205,0.019674
48113007206,0.053653
48113007301,0.054902
48113007302,0.043324
48113007601,0.02375
48113007604,0.026714
48113007605,0.026812
48113007701,0.035774
48113007702,0.035703
48113007801,0.032471
48113007805,0.017602
48113007809,0.075074
48113007810,0.011742
48113007812,0.005992
48113007815,0.020921
48113007819,0.091355
48113007821,0.02882
48113007822,0.031381
48113007823,0.029501
48113007824,0.009352
48113007825,0.014406
48113007826,0.017578
48113007827,0.048613
48113007828,0.110566
48113007829,0.008067
48113007830,0.104994
48113007831,0.051634
48113007832,0.201441
48113007833,0.011467
48113007834,0.023779
48113007835,0.145355
48113007902,0.05842
48113007903,0.058519
48113007906,0.029892
48113007909,0.058891
48113007910,0.081373
48113007912,0.066224
48113007913,0.043945
48113007914,0.045038
48113007915,0.125581
48113007916,0.05373
48113008000,0.0405
48113008101,0.249217
48113008102,0.161098
48113008200,0.164945
48113008401,0.028656
48113008402,0.005733
48113008500,0.028365
48113008604,0.0398
48113008701,0.035457
48113008703,0.026099
48113008704,0.053691
48113008705,0.043222
48113008801,0.003776
48113008802,0.015767
48113009001,0.04362
48113009002,0.029346
48113009101,0.063868
48113009103,0.003836
48113009104,0.037474
48113009105,0.128007
48113009202,0.006532
48113009203,0.095397
48113009204,0.004867
48113009301,0.025029
48113009303,0.031423
48113009304,0.014103
48113009401,0.007968
48113009402,0.017942
48113009500,0.021112
48113009603,0.017259
48113009604,0.063976
48113009605,0.029264
48113009607,0.010294
48113009608,0.011825
48113009609,0.01527
48113009610,0.063774
48113009611,0.015844
48113009701,0.011513
48113009702,0.003411
48113009802,0.012913
48113009803,0.013367
48113009804,0.012997
48113009900,0.081208
48113010001,0.082851
48113010002,0.17251
48113010003,0.027305
48113010101,0.014381
48113010102,0.010834
48113010500,0.007641
48113010601,0.007968
48113010602,0.049515
48113010701,0.010375
48113010704,0.002532
48113010804,0.006246
48113010805,0.017851
48113010806,0.011176
48113010807,0.004053
48113010808,0.009533
48113010809,0.018467
48113010903,0.012882
48113010904,0.013177
48113010905,0.017251
48113010906,0.016769
48113011002,0.013276
48113011003,0.002662
48113011004,0.023682
48113011101,0.002965
48113011103,0.005587
48113011104,0.00274
48113011105,0.025535
48113011201,0.00833
48113011202,0.028533
48113011300,0.020441
48113011401,0.006032
48113011500,0.046023
48113011601,0.163817
48113011603,0.036381
48113011604,0.013512
48113011701,0.002994
48113011702,0.011082
48113011801,0.010054
48113011802,0.003903
48113011901,0.002422
48113011902,0.059907
48113012000,0.088147
48113012101,0.017777
48113012102,0.006956
48113012206,0.024429
48113012207,0.007444
48113012208,0.162999
48113012209,0.065451
48113012210,0.021667
48113012211,0.032492
48113012212,0.046437
48113012213,0.007983
48113012301,0.09297
48113012302,0.065843
48113012400,0.055288
48113012501,0.156862
48113012502,0.15795
48113012601,0.129233
48113012603,0.108973
48113012604,0.081299
48113012701,0.082105
48113012702,0.170109
48113012801,0.263607
48113012802,0.092076
48113012900,0.095187
48113013005,0.026259
48113013007,0.04784
48113013008,0.002233
48113013009,0.014474
48113013010,0.042663
48113013011,0.022601
48113013012,0.03386
48113013013,0.051841
48113013101,0.010774
48113013102,0.003147
48113013104,0.026327
48113013106,0.00797
48113013107,0.068559
48113013201,0.022057
48113013202,0.051284
48113013300,0.013754
48113013400,0.034198
48113013500,0.003058
48113013605,0.032787
48113013606,0.009636
48113013607,0.006202
48113013608,0.011023
48113013609,0.016618
48113013610,0.005671
48113013611,0.034035
48113013615,0.118274
48113013617,0.054726
48113013618,0.045533
48113013619,0.004597
48113013620,0.070744
48113013621,0.250559
48113013622,0.119983
48113013624,0.044961
48113013625,0.089077
48113013626,0.14689
48113013627,0.207104
48113013628,0.018382
48113013629,0.056257
48113013630,0.394749
48113013631,0.123761
48113013715,0.004394
48113013716,0.017694
48113013717,0.002439
48113013718,0.005069
48113013719,0.057485
48113013720,0.030444
48113013721,0.009541
48113013722,0.017714
48113013725,0.25118
48113013726,0.00728
48113013727,0.013316
48113013728,0.003187
48113013729,0.017326
48113013804,0.025472
48113013805,0.007986
48113013806,0.019495
48113013807,0.022567
48113013808,0.02395
48113013901,0.021478
48113013902,0.003556
48113014001,0.029024
48113014002,0.018189
48113014119,0.012663
48113014120,0.006787
48113014121,0.028056
48113014123,0.015402
48113014124,0.034399
48113014126,0.017986
48113014128,0.005388
48113014130,0.01669
48113014132,0.001962
48113014134,0.029795
48113014135,0.020484
48113014138,0.004715
48113014139,0.007821
48113014140,0.01071
48113014141,0.008976
48113014142,0.003309
48113014143,0.052569
48113014144,0.025091
48113014145,0.034481
48113014146,0.018072
48113014147,0.027183
48113014148,0.021269
48113014149,0.005406
48113014150,0.070572
48113014151,0.016377
48113014152,0.123927
48113014153,0.022429
48113014154,0.0062
48113014155,0.010526
48113014156,0.005445
48113014157,0.007774
48113014158,0.00345
48113014159,0.022932
48113014160,0.009209
48113014161,0.02191
48113014203,0.008316
48113014204,0.00444
48113014205,0.056538
48113014207,0.036437
48113014208,0.041905
48113014209,0.038119
48113014306,0.007975
48113014308,0.019328
48113014309,0.057865
48113014310,0.006233
48113014313,0.05728
48113014314,0.004895
48113014315,0.012334
48113014316,0.157194
48113014317,0.019976
48113014318,0.00472
48113014319,0.089133
48113014320,0.057526
48113014405,0.008892
48113014406,0.031206
48113014407,0.015859
48113014408,0.019927
48113014409,0.03539
48113014410,0.009545
48113014501,0.011802
48113014502,0.012628
48113014601,0.00503
48113014602,0.012198
48113014603,0.003886
48113014701,0.01309
48113014704,0.006497
48113014903,0.068859
48113015001,0.022502
48113015002,0.022835
48113015101,0.005363
48113015102,0.003555
48113015202,0.086049
48113015205,0.028059
48113015206,0.00331
48113015207,0.15664
48113015208,0.003243
48113015303,0.024593
48113015304,0.050659
48113015305,0.009086
48113015306,0.003911
48113015403,0.028677
48113015404,0.067828
48113015405,0.024591
48113015406,0.02778
48113015500,0.039189
48113015600,0.020437
48113015700,0.037373
48113015900,0.052076
48113016001,0.040811
48113016002,0.003894
48113016100,0.033898
48113016201,0.005621
48113016203,0.082767
48113016204,0.004678
48113016301,0.149851
48113016302,0.026359
48113016406,0.010199
48113016407,0.012809
48113016409,0.01151
48113016410,0.015325
48113016412,0.012183
48113016414,0.016054
48113016415,0.003184
48113016416,0.004913
48113016417,0.003419
48113016418,0.130867
48113016419,0.019069
48113016420,0.004109
48113016421,0.175909
48113016511,0.006679
48113016513,0.011336
48113016516,0.002077
48113016517,0.020394
48113016518,0.009916
48113016519,0.007893
48113016521,0.095053
48113016522,0.089577
48113016524,0.019991
48113016525,0.006492
48113016526,0.034286
48113016527,0.006279
48113016528,0.001924
48113016529,0.003288
48113016530,0.018386
48113016531,0.024979
48113016532,0.009785
48113016533,0.038413
48113016534,0.019537
48113016535,0.029733
48113016536,0.008449
48113016607,0.027093
48113016610,0.006149
48113016615,0.002807
48113016616,0.013854
48113016617,0.003051
48113016618,0.007525
48113016619,0.009615
48113016620,0.005578
48113016621,0.007326
48113016622,0.020762
48113016623,0.004478
48113016624,0.035667
48113016626,0.00488
48113016627,0.004306
48113016628,0.036775
48113016629,0.052561
48113016630,0.004509
48113016631,0.009773
48113016632,0.139891
48113016633,0.009679
48113016634,0.060513
48113016635,0.061997
48113016636,0.012282
48113016637,0.018511
48113016638,0.012068
48113016704,0.134257
48113016706,0.015267
48113016707,0.016246
48113016708,0.025548
48113016709,0.021783
48113016710,0.009642
48113016711,0.033905
48113016802,0.043409
48113016803,0.004922
48113016805,0.005569
48113016806,0.006511
48113016902,0.016069
48113016903,0.019113
48113017005,0.035757
48113017006,0.005831
48113017007,0.004985
48113017008,0.041498
48113017009,0.037598
48113017010,0.002076
48113017101,0.024281
48113017102,0.080913
48113017201,0.00901
48113017203,0.054779
48113017204,0.036374
48113017307,0.030525
48113017308,0.002736
48113017309,0.004425
48113017310,0.004186
48113017311,0.010568
48113017312,0.003589
48113017313,0.02025
48113017314,0.00246
48113017315,0.008493
48113017400,0.003946
48113017500,0.075485
48113017602,0.007664
48113017604,0.073108
48113017605,0.004319
48113017606,0.017811
48113017703,0.00867
48113017704,0.020362
48113017705,0.033285
48113017706,0.009643
48113017805,0.019061
48113017806,0.03067
48113017808,0.040114
48113017811,0.073657
48113017812,0.085503
48113017814,0.05074
48113017815,0.004456
48113017816,0.025802
48113017817,0.051609
48113017818,0.006131
48113017819,0.048138
48113017820,0.045502
48113017900,0.070458
48113018001,0.067688
48113018002,0.0771
48113018105,0.009086
48113018110,0.008847
48113018111,0.117671
48113018120,0.004843
48113018121,0.007205
48113018126,0.121591
48113018127,0.093899
48113018128,0.115003
48113018129,0.051101
48113018130,0.055872
48113018132,0.020823
48113018133,0.144141
48113018134,0.03851
48113018135,0.011496
48113018137,0.018038
48113018138,0.004993
48113018140,0.070764
48113018141,0.041491
48113018142,0.026919
48113018143,0.037858
48113018144,0.014833
48113018145,0.042121
48113018146,0.006478
48113018147,0.002795
48113018148,0.025393
48113018149,0.014722
48113018150,0.001567
48113018151,0.013214
48113018152,0.028448
48113018153,0.002076
48113018154,0.038854
48113018155,0.003343
48113018156,0.035792
48113018157,0.00904
48113018158,0.164162
48113018159,0.019942
48113018203,0.035212
48113018204,0.008008
48113018205,0.002086
48113018206,0.003651
48113018300,0.008458
48113018401,0.034633
48113018402,0.047462
48113018403,0.118682
48113018501,0.065448
48113018505,0.047333
48113018506,0.015382
48113018507,0.009943
48113018508,0.021484
48113018600,0.005603
48113018700,0.172319
48113018801,0.004548
48113018802,0.023478
48113018900,0.019961
48113019013,0.006928
48113019016,0.134764
48113019018,0.002142
48113019019,0.051973
48113019020,0.028748
48113019023,0.00463
48113019024,0.005277
48113019025,0.312184
48113019026,0.009484
48113019027,0.008784
48113019028,0.006295
48113019029,0.026361
48113019031,0.014885
48113019032,0.018705
48113019033,0.01934
48113019034,0.008717
48113019035,0.006397
48113019036,0.244588
48113019037,0.008524
48113019039,0.014987
48113019040,0.011851
48113019041,0.008787
48113019042,0.011709
48113019044,0.030363
48113019045,0.027128
48113019046,0.004622
48113019047,0.001232
48113019048,0.007133
48113019049,0.047156
48113019050,0.050383
48113019051,0.031855
48113019052,0.013114
48113019053,0.125169
48113019101,0.045848
48113019102,0.071083
48113019202,0.009869
48113019203,0.006474
48113019205,0.008659
48113019208,0.013073
48113019210,0.01313
48113019211,0.009907
48113019212,0.008074
48113019213,0.100406
48113019214,0.004505
48113019215,0.023973
48113019216,0.009623
48113019301,0.015715
48113019302,0.033556
48113019400,0.004969
48113019501,0.184137
48113019502,0.018417
48113019600,0.020135
48113019700,0.006928
48113019800,0.025708
48113019900,0.035366
48113020000,0.010951
48113020100,0.065503
48113020200,0.081508
48113020300,0.0201
48113020401,0.054261
48113020402,0.02767
48113020500,0.003582
48113020600,0.017526
48113020700,0.013414
48113020800,0.011124
48113020900,0.012823
48113021000,0.005102
48113021100,0.093345
48113021200,0.031708
48113980000,0.103298
48113980100,0.145624
48113980200,0.00236
48115950401,0.140343
48115950402,0.147357
48115950500,0.226716
48115950600,0.093063
48119950100,0.046773
48119950200,0.102456
48121020109,0.006246
48121020110,0.013738
48121020111,0.014623
48121020112,0.082283
48121020115,0.004964
48121020116,0.007921
48121020117,0.075346
48121020118,0.137772
48121020119,0.004276
48121020120,0.022015
48121020121,0.054342
48121020122,0.026255
48121020123,0.072134
48121020124,0.005059
48121020125,0.055557
48121020126,0.004612
48121020127,0.023065
48121020128,0.060527
48121020129,0.015854
48121020130,0.026891
48121020131,0.034136
48121020132,0.039165
48121020133,0.004474
48121020134,0.012689
48121020135,0.11127
48121020136,0.163164
48121020137,0.079222
48121020203,0.008064
48121020204,0.054987
48121020205,0.042502
48121020206,0.109856
48121020207,0.095624
48121020208,0.007094
48121020305,0.025934
48121020310,0.020382
48121020311,0.020323
48121020312,0.017071
48121020313,0.013285
48121020314,0.051022
48121020315,0.039503
48121020316,0.061075
48121020317,0.003966
48121020318,0.02222
48121020319,0.05979
48121020320,0.019803
48121020321,0.004269
48121020322,0.01403
48121020402,0.181751
48121020403,0.014344
48121020404,0.122805
48121020405,0.077809
48121020504,0.029291
48121020505,0.101606
48121020506,0.148329
48121020507,0.006845
48121020508,0.192991
48121020601,0.069831
48121020603,0.149989
48121020604,0.005811
48121020605,0.07443
48121020700,0.008152
48121020800,0.043267
48121020900,0.011748
48121021000,0.007053
48121021100,0.040259
48121021202,0.01735
48121021203,0.235128
48121021204,0.030474
48121021301,0.229764
48121021304,0.008717
48121021305,0.077412
48121021306,0.057571
48121021307,0.004821
48121021410,0.021835
48121021411,0.125677
48121021412,0.120781
48121021413,0.196485
48121021414,0.168258
48121021415,0.025701
48121021416,0.003769
48121021417,0.015789
48121021418,0.009658
48121021419,0.009568
48121021420,0.020817
48121021421,0.028244
48121021422,0.007688
48121021423,0.01228
48121021502,0.069849
48121021505,0.025189
48121021512,0.009863
48121021513,0.058457
48121021514,0.005734
48121021516,0.005761
48121021517,0.250623
48121021518,0.025462
48121021520,0.006501
48121021521,0.076761
48121021522,0.011496
48121021526,0.015373
48121021528,0.010502
48121021529,0.004608
48121021530,0.028039
48121021531,0.01317
48121021532,0.009145
48121021533,0.002359
48121021534,0.005306
48121021535,0.021948
48121021536,0.045467
48121021537,0.040755
48121021538,0.003369
48121021539,0.010731
48121021540,0.003075
48121021611,0.015195
48121021612,0.010973
48121021613,0.007837
48121021614,0.007392
48121021615,0.016134
48121021616,0.006236
48121021618,0.020808
48121021619,0.011609
48121021620,0.032546
48121021621,0.016082
48121021622,0.007093
48121021626,0.017866
48121021630,0.004493
48121021631,0.014135
48121021632,0.005703
48121021633,0.007573
48121021634,0.028771
48121021635,0.009912
48121021637,0.012193
48121021638,0.004295
48121021639,0.010568
48121021640,0.002962
48121021641,0.04729
48121021642,0.052887
48121021643,0.008582
48121021644,0.015356
48121021645,0.072401
48121021646,0.019491
48121021647,0.024943
48121021648,0.001784
48121021649,0.070184
48121021650,0.014126
48121021651,0.009245
48121021652,0.008365
48121021653,0.010086
48121021654,0.051852
48121021655,0.020094
48121021715,0.010824
48121021716,0.033397
48121021717,0.003967
48121021719,0.01749
48121021720,0.017996
48121021721,0.002071
48121021722,0.011279
48121021723,0.015694
48121021724,0.004171
48121021725,0.036057
48121021726,0.006798
48121021727,0.006216
48121021728,0.095866
48121021729,0.012851
48121021730,0.00236
48121021731,0.004061
48121021732,0.322179
48121021733,0.046822
48121021734,0.077552
48121021735,0.012875
48121021736,0.018098
48121021737,0.036434
48121021738,0.043522
48121021739,0.103513
48121021740,0.011093
48121021741,0.001709
48121021742,0.023112
48121021743,0.070801
48121021744,0.024193
48121021745,0.012627
48121021746,0.018071
48121021748,0.027846
48121021749,0.023028
48121021750,0.011881
48121021751,0.006465
48121021752,0.003025
48121021754,0.037017
48121021755,0.008428
48121021756,0.069718
48121021757,0.054521
48121021758,0.008226
48121021759,0.036621
48121021800,0.011639
48121021900,0.004925
48123970100,0.033325
48123970201,0.251954
48123970202,0.096327
48123970300,0.085108
48123970400,0.059429
48123970500,0.073097
48125950300,0.100048
48127950201,0.139584
48127950202,0.101317
48127950400,0.160092
48131950100,0.02918
48131950200,0.05009
48131950500,0.020795
48133950100,0.045145
48133950201,0.028148
48133950202,0.035891
48133950301,0.120835
48133950302,0.050221
48133950400,0.023596
48133950500,0.013062
48137950300,0.11432
48139060103,0.035809
48139060104,0.025679
48139060105,0.012073
48139060106,0.008185
48139060206,0.096881
48139060207,0.051579
48139060209,0.006642
48139060211,0.018699
48139060212,0.021906
48139060215,0.011368
48139060216,0.102195
48139060217,0.009299
48139060218,0.003294
48139060219,0.018138
48139060220,0.005781
48139060221,0.006033
48139060300,0.001874
48139060400,0.104586
48139060500,0.028525
48139060601,0.087275
48139060602,0.030671
48139060702,0.044082
48139060704,0.061899
48139060801,0.011466
48139060802,0.046376
48139060803,0.027629
48139060900,0.009661
48139061000,0.103485
48139061100,0.017677
48139061200,0.08531
48139061300,0.049688
48139061401,0.061324
48139061402,0.015268
48139061500,0.071946
48139061600,0.04375
48139061700,0.058882
48143950100,0.069977
48143950201,0.068597
48143950203,0.045691
48143950204,0.032578
48143950301,0.070257
48143950302,0.118975
48143950401,0.238321
48143950402,0.109681
48143950501,0.10427
48143950502,0.144654
48143950600,0.170245
48143950700,0.125299
48145000200,0.124523
48145000300,0.180099
48145000400,0.148397
48145000500,0.031348
48145000700,0.02492
48145000800,0.041443
48147950100,0.028773
48147950300,0.065305
48147950401,0.243123
48147950402,0.12319
48147950500,0.171014
48147950600,0.24862
48147950701,0.040198
48147950702,0.085285
48147950800,0.058557
48149970100,0.037762
48149970200,0.116745
48149970301,0.134532
48149970302,0.049936
48149970400,0.065511
48149970500,0.02714
48149970601,0.034516
48149970602,0.067082
48149970700,0.068095
48151950300,0.03142
48151950400,0.157295
48155950100,0.016377
48157670101,0.007653
48157670102,0.025795
48157670201,0.001946
48157670202,0.01661
48157670300,0.05898
48157670400,0.004235
48157670500,0.097196
48157670602,0.005667
48157670603,0.003366
48157670604,0.003626
48157670700,0.067871
48157670801,0.165087
48157670802,0.002914
48157670803,0.032498
48157670804,0.212625
48157670902,0.204201
48157670903,0.162806
48157670904,0.003532
48157671001,0.005198
48157671002,0.008364
48157671101,0.063423
48157671102,0.005738
48157671200,0.006074
48157671300,0.015752
48157671401,0.01803
48157671402,0.016962
48157671501,0.007306
48157671502,0.053608
48157671601,0.020213
48157671602,0.024614
48157671700,0.028919
48157671800,0.022728
48157671900,0.017302
48157672002,0.05677
48157672003,0.006685
48157672004,0.004873
48157672100,0.123903
48157672201,0.064759
48157672202,0.006862
48157672303,0.025257
48157672304,0.004681
48157672305,0.04015
48157672306,0.008775
48157672401,0.048228
48157672402,0.04648
48157672500,0.017094
48157672602,0.002221
48157672603,0.003264
48157672604,0.00523
48157672701,0.011875
48157672702,0.005655
48157672703,0.017614
48157672801,0.046977
48157672802,0.050219
48157672901,0.010256
48157672902,0.003456
48157672903,0.031364
48157672904,0.052409
48157672905,0.038941
48157672906,0.015229
48157672907,0.003678
48157673004,0.006447
48157673005,0.008961
48157673006,0.009633
48157673007,0.022819
48157673008,0.004868
48157673009,0.046413
48157673010,0.004926
48157673103,0.047634
48157673104,0.009544
48157673105,0.030665
48157673106,0.017653
48157673107,0.005308
48157673108,0.005079
48157673109,0.016345
48157673110,0.005928
48157673111,0.00602
48157673112,0.022208
48157673113,0.003867
48157673201,0.002859
48157673202,0.01829
48157673300,0.031834
48157673401,0.008051
48157673402,0.03029
48157673403,0.028163
48157673404,0.017809
48157673501,0.027531
48157673502,0.008761
48157673600,0.028851
48157673700,0.076286
48157673801,0.240424
48157673802,0.081106
48157673902,0.020419
48157673903,0.018897
48157673904,0.21457
48157674001,0.004794
48157674002,0.013824
48157674100,0.00684
48157674200,0.012285
48157674301,0.007117
48157674302,0.009068
48157674401,0.004369
48157674402,0.023546
48157674403,0.013428
48157674404,0.04031
48157674503,0.00458
48157674504,0.025255
48157674505,0.031679
48157674506,0.005412
48157674507,0.041577
48157674508,0.051152
48157674601,0.095123
48157674602,0.144173
48157674603,0.012499
48157674604,0.071985
48157674701,0.180783
48157674702,0.051681
48157674800,0.029045
48157674900,0.262024
48157675000,0.160687
48157675101,0.019921
48157675102,0.049471
48157675200,0.256733
48157675300,0.221675
48157675401,0.178586
48157675402,0.184705
48157675501,0.092715
48157675502,0.029736
48157675503,0.004598
48157675600,0.019301
48157675701,0.013136
48157675702,0.002324
48157675800,0.058674
48159950101,0.043735
48159950102,0.034159
48159950200,0.107909
48159950300,0.100244
48161000101,0.02782
48161000102,0.228198
48161000200,0.177141
48161000300,0.119942
48161000400,0.032801
48161000600,0.021114
48161000700,0.115671
48161000900,0.191271
48163950101,0.016118
48163950102,0.04835
48163950201,0.145282
48163950202,0.041223
48163950301,0.144466
48163950302,0.093335
48167720100,0.006253
48167720200,0.019205
48167720301,0.043241
48167720302,0.002878
48167720400,0.054576
48167720501,0.017381
48167720504,0.003743
48167720505,0.034948
48167720506,0.003421
48167720507,0.006443
48167720508,0.015259
48167720509,0.11577
48167720510,0.038809
48167720511,0.032719
48167720512,0.002819
48167720601,0.017128
48167720602,0.0066
48167720603,0.002594
48167720604,0.010048
48167720605,0.036784
48167720701,0.048843
48167720702,0.064865
48167720703,0.025782
48167720800,0.011344
48167720900,0.085187
48167721101,0.022066
48167721203,0.095333
48167721204,0.004674
48167721205,0.013502
48167721206,0.11931
48167721209,0.123027
48167721301,0.00608
48167721302,0.018042
48167721401,0.005369
48167721403,0.006467
48167721501,0.076911
48167721502,0.040222
48167721901,0.005301
48167723300,0.01874
48167723401,0.127703
48167723402,0.032759
48167723403,0.03924
48167723503,0.214993
48167723504,0.227318
48167723505,0.035792
48169950101,0.04111
48169950102,0.022691
48169980000,0.271441
48171950100,0.093408
48171950200,0.033534
48171950301,0.269207
48171950302,0.149184
48171950401,0.114197
48171950402,0.277247
48171950500,0.191488
48173950100,0.068586
48175960100,0.133309
48175960200,0.055056
48177000100,0.137866
48177000200,0.076427
48177000300,0.202749
48177000400,0.207471
48177000500,0.130281
48177000600,0.017376
48181000101,0.063769
48181000102,0.065088
48181000302,0.066269
48181000304,0.046428
48181000600,0.06694
48181000700,0.217827
48181000800,0.007117
48181000901,0.169439
48181000903,0.033463
48181000904,0.032007
48181001101,0.02405
48181001103,0.122209
48181001104,0.03283
48181001200,0.004801
48181001300,0.212374
48181001400,0.101612
48181001500,0.110156
48181001700,0.010992
48181001801,0.040875
48181001802,0.021738
48181001803,0.095326
48181001901,0.093165
48181001902,0.017113
48181002000,0.03724
48183010100,0.014877
48183010201,0.151513
48183010202,0.042803
48183010401,0.101123
48183010402,0.049752
48183010700,0.076527
48185180101,0.023638
48185180102,0.098564
48185180201,0.052703
48185180202,0.03358
48185180302,0.077343
48185180303,0.007341
48185180304,0.08374
48185180400,0.040243
48187210100,0.145737
48187210200,0.101828
48187210300,0.22147
48187210400,0.115957
48187210505,0.045243
48187210506,0.105822
48187210508,0.093527
48187210509,0.260253
48187210510,0.192005
48187210511,0.16645
48187210512,0.241816
48187210513,0.041861
48187210603,0.02486
48187210606,0.011498
48187210608,0.148588
48187210609,0.00882
48187210610,0.030971
48187210611,0.00293
48187210612,0.059408
48187210613,0.011215
48187210614,0.01742
48187210705,0.045559
48187210706,0.019352
48187210707,0.024218
48187210709,0.022384
48187210710,0.038431
48187210711,0.015737
48187210712,0.004517
48187210713,0.00179
48187210715,0.007908
48187210716,0.003106
48187210717,0.007775
48187210718,0.013965
48187210803,0.023126
48187210804,0.101935
48187210805,0.076975
48187210806,0.163719
48187210902,0.035049
48187210903,0.054207
48187210904,0.256259
48187210905,0.020953
48193950100,0.046455
48193950200,0.091785
48193950300,0.06123
48201100001,0.098346
48201210400,0.004864
48201210500,0.00518
48201210600,0.009128
48201210700,0.006267
48201210800,0.018477
48201210900,0.020596
48201211000,0.039308
48201211101,0.051075
48201211102,0.003433
48201211200,0.002027
48201211301,0.043171
48201211302,0.073517
48201211400,0.011571
48201211501,0.055497
48201211502,0.062154
48201211600,0.067151
48201211700,0.034911
48201211900,0.00487
48201212300,0.036452
48201212400,0.018949
48201212500,0.042078
48201220100,0.022108
48201220200,0.004035
48201220300,0.018118
48201220400,0.026621
48201220500,0.024841
48201220600,0.011186
48201220701,0.045603
48201220702,0.039801
48201220800,0.072588
48201220900,0.068419
48201221000,0.013657
48201221100,0.008188
48201221200,0.007629
48201221301,0.042579
48201221302,0.005056
48201221400,0.006552
48201221501,0.006497
48201221502,0.022992
48201221601,0.00619
48201221602,0.023355
48201221701,0.005956
48201221702,0.036833
48201221800,0.039425
48201221900,0.070065
48201222000,0.016694
48201222100,0.039183
48201222200,0.04226
48201222300,0.008189
48201222401,0.076449
48201222402,0.014079
48201222501,0.009337
48201222502,0.216259
48201222504,0.009825
48201222505,0.018621
48201222601,0.011805
48201222602,0.005682
48201222701,0.011469
48201222702,0.04548
48201222800,0.030277
48201222900,0.044779
48201223001,0.009767
48201223002,0.010196
48201223100,0.028684
48201230100,0.007017
48201230200,0.005421
48201230300,0.007666
48201230400,0.00541
48201230500,0.044876
48201230600,0.048914
48201230700,0.003074
48201230800,0.028087
48201230900,0.007587
48201231000,0.011396
48201231100,0.098969
48201231200,0.009536
48201231300,0.00219
48201231400,0.002405
48201231500,0.028665
48201231600,0.006994
48201231700,0.076318
48201231800,0.02539
48201231900,0.025012
48201232000,0.00919
48201232100,0.06734
48201232201,0.012492
48201232202,0.028022
48201232203,0.100057
48201232303,0.006113
48201232304,0.062628
48201232305,0.039046
48201232306,0.030619
48201232402,0.017507
48201232403,0.027867
48201232404,0.029797
48201232405,0.045463
48201232500,0.118447
48201232600,0.01582
48201232701,0.022653
48201232703,0.042323
48201232704,0.032166
48201232801,0.057324
48201232802,0.012566
48201232901,0.025643
48201232902,0.050305
48201233001,0.030835
48201233002,0.019176
48201233003,0.011807
48201233101,0.017162
48201233103,0.084578
48201233104,0.049078
48201233105,0.035787
48201233200,0.018309
48201233300,0.053707
48201233400,0.012602
48201233501,0.01268
48201233502,0.031089
48201233600,0.028814
48201233701,0.052812
48201233702,0.025713
48201233703,0.066602
48201240101,0.013886
48201240102,0.041146
48201240400,0.022567
48201240503,0.005521
48201240504,0.006151
48201240505,0.017603
48201240506,0.004064
48201240600,0.015586
48201240703,0.020826
48201240704,0.011304
48201240705,0.005144
48201240706,0.045845
48201240707,0.027062
48201240802,0.007139
48201240803,0.018048
48201240804,0.013643
48201240903,0.027606
48201240904,0.010707
48201240905,0.011454
48201240906,0.005203
48201241001,0.038855
48201241002,0.004557
48201241101,0.011637
48201241103,0.005018
48201241104,0.009082
48201241105,0.187482
48201241201,0.014589
48201241202,0.241861
48201241301,0.027614
48201241302,0.011982
48201241400,0.022006
48201241501,0.033451
48201241502,0.026286
48201241503,0.047445
48201250101,0.043298
48201250102,0.093947
48201250201,0.016265
48201250202,0.018346
48201250303,0.108971
48201250304,0.045692
48201250305,0.0276
48201250306,0.010311
48201250403,0.048875
48201250404,0.004973
48201250405,0.030638
48201250406,0.047643
48201250407,0.120926
48201250408,0.003965
48201250500,0.025793
48201250601,0.065565
48201250602,0.04133
48201250701,0.010693
48201250702,0.008359
48201250801,0.006478
48201250802,0.027883
48201250901,0.02495
48201250902,0.026582
48201251000,0.06476
48201251100,0.026988
48201251200,0.026933
48201251300,0.007576
48201251401,0.008935
48201251402,0.002405
48201251501,0.007617
48201251503,0.004557
48201251504,0.001302
48201251505,0.00904
48201251600,0.049018
48201251701,0.00651
48201251702,0.019086
48201251800,0.35612
48201251902,0.039853
48201251903,0.053379
48201251904,0.009114
48201252001,0.001835
48201252002,0.045463
48201252003,0.048975
48201252100,0.012294
48201252201,0.115718
48201252202,0.126049
48201252303,0.003977
48201252304,0.022784
48201252305,0.009032
48201252306,0.021496
48201252400,0.027755
48201252500,0.140489
48201252601,0.040686
48201252602,0.118663
48201252700,0.099374
48201252800,0.01537
48201252901,0.037877
48201252902,0.007456
48201253000,0.078908
48201253202,0.014872
48201253300,0.009124
48201253502,0.028595
48201310101,0.012103
48201310102,0.011308
48201310200,0.013462
48201310300,0.001989
48201310400,0.005503
48201310500,0.013351
48201310600,0.004858
48201310700,0.035031
48201310800,0.012764
48201310900,0.005171
48201311001,0.082228
48201311002,0.129397
48201311100,0.014228
48201311200,0.038729
48201311300,0.003216
48201311400,0.004668
48201311501,0.009422
48201311502,0.025238
48201311600,0.025693
48201311701,0.02442
48201311702,0.037858
48201311800,0.041466
48201311900,0.00933
48201312000,0.038128
48201312200,0.038669
48201312300,0.008865
48201312400,0.015107
48201312501,0.014823
48201312502,0.018142
48201312601,0.104332
48201312602,0.029886
48201312603,0.020962
48201312700,0.018989
48201312800,0.025345
48201312901,0.012414
48201312902,0.007425
48201313000,0.011697
48201313101,0.019411
48201313102,0.086388
48201313201,0.034032
48201313202,0.008146
48201313300,0.003749
48201313400,0.005181
48201313500,0.005849
48201313600,0.018461
48201313700,0.029797
48201313801,0.022601
48201313802,0.009623
48201313901,0.036536
48201313902,0.00606
48201314001,0.05534
48201314003,0.110376
48201314004,0.015788
48201314005,0.021364
48201314301,0.090908
48201314302,0.034607
48201314401,0.130006
48201314402,0.218631
48201320100,0.008178
48201320201,0.028855
48201320202,0.014338
48201320500,0.023508
48201320601,0.008935
48201320602,0.009275
48201320700,0.040274
48201320800,0.159186
48201320901,0.032901
48201320902,0.003746
48201321001,0.028587
48201321002,0.057011
48201321101,0.050821
48201321102,0.021457
48201321200,0.030253
48201321301,0.021704
48201321302,0.095198
48201321401,0.013259
48201321402,0.12902
48201321500,0.068707
48201321600,0.036803
48201321700,0.008952
48201321800,0.031343
48201321900,0.011773
48201322000,0.060902
48201322100,0.011337
48201322200,0.007328
48201322600,0.070836
48201322701,0.018021
48201322702,0.026589
48201322800,0.021182
48201322900,0.010366
48201323000,0.018193
48201323100,0.017778
48201323200,0.023157
48201323300,0.013825
48201323400,0.016924
48201323500,0.031733
48201323601,0.022223
48201323602,0.054316
48201323701,0.033464
48201323702,0.047615
48201323801,0.009064
48201323802,0.008819
48201323900,0.034094
48201324000,0.027625
48201324101,0.089455
48201324102,0.247385
48201324200,0.093313
48201330101,0.014758
48201330102,0.013924
48201330200,0.006113
48201330301,0.066401
48201330302,0.028538
48201330303,0.016962
48201330400,0.041968
48201330500,0.014613
48201330600,0.012399
48201330700,0.047194
48201330801,0.047153
48201330802,0.092065
48201330901,0.011291
48201330902,0.005063
48201331100,0.016388
48201331200,0.00744
48201331300,0.025231
48201331400,0.047413
48201331501,0.167456
48201331502,0.004286
48201331602,0.003183
48201331603,0.009234
48201331604,0.005399
48201331700,0.041337
48201331800,0.021527
48201331900,0.024912
48201332000,0.023032
48201332100,0.027812
48201332200,0.004798
48201332300,0.019699
48201332400,0.008268
48201332500,0.009445
48201332600,0.004019
48201332700,0.0301
48201332800,0.041423
48201332900,0.012554
48201333000,0.02712
48201333100,0.009454
48201333201,0.026317
48201333203,0.007157
48201333204,0.022576
48201333205,0.078406
48201333301,0.052567
48201333302,0.008285
48201333501,0.030573
48201333502,0.168809
48201333600,0.08235
48201333700,0.052495
48201333801,0.090246
48201333802,0.006897
48201333903,0.016373
48201333904,0.025361
48201333905,0.011104
48201333906,0.014485
48201334001,0.006026
48201334002,0.077052
48201334003,0.037441
48201334101,0.032515
48201334102,0.065345
48201340101,0.075168
48201340102,0.01382
48201340201,0.159115
48201340202,0.023931
48201340203,0.015609
48201340301,0.01503
48201340302,0.015958
48201340400,0.01886
48201340501,0.011212
48201340502,0.052977
48201340600,0.013908
48201340701,0.015084
48201340702,0.012245
48201340800,0.011994
48201340900,0.054345
48201341001,0.077225
48201341002,0.049344
48201341101,0.018377
48201341102,0.040076
48201341201,0.037746
48201341203,0.064738
48201341204,0.061093
48201341302,0.09628
48201341303,0.026493
48201341304,0.086474
48201341400,0.053323
48201341501,0.019314
48201341502,0.049109
48201342001,0.010409
48201342002,0.035187
48201342100,0.013962
48201342200,0.054308
48201342300,0.010873
48201342400,0.064103
48201342500,0.091202
48201342700,0.028561
48201342801,0.027738
48201342802,0.114689
48201342900,0.00582
48201343000,0.030891
48201343100,0.05768
48201343200,0.018188
48201343301,0.021412
48201343302,0.023449
48201343601,0.241999
48201343700,0.118518
48201350101,0.061065
48201350102,0.011084
48201350103,0.001587
48201350104,0.034979
48201350201,0.012889
48201350202,0.0422
48201350300,0.013113
48201350400,0.007781
48201350500,0.010155
48201350601,0.020861
48201350603,0.005297
48201350604,0.007189
48201350700,0.004084
48201350801,0.012387
48201350803,0.023722
48201350804,0.005245
48201410101,0.014854
48201410102,0.051729
48201410201,0.062609
48201410202,0.034864
48201410300,0.028438
48201410401,0.182357
48201410402,0.034082
48201410501,0.085578
48201410502,0.096185
48201410601,0.03685
48201410602,0.021594
48201410703,0.011002
48201410704,0.097554
48201410705,0.020333
48201410706,0.005329
48201410801,0.054074
48201410802,0.010867
48201410900,0.216887
48201411001,0.099254
48201411002,0.049871
48201411003,0.023777
48201411100,0.040669
48201411200,0.105326
48201411301,0.071417
48201411302,0.143053
48201411400,0.016626
48201411503,0.022922
48201411504,0.056754
48201411505,0.018552
48201411506,0.065914
48201411507,0.12196
48201411600,0.018613
48201411700,0.019566
48201411801,0.029245
48201411802,0.023812
48201411901,0.107542
48201411902,0.025722
48201412000,0.048941
48201412201,0.037452
48201412202,0.00953
48201412300,0.075621
48201412400,0.020619
48201412500,0.039942
48201412600,0.045002
48201412700,0.004971
48201412800,0.022845
48201412901,0.109673
48201412902,0.022498
48201413000,0.028228
48201413100,0.034085
48201413203,0.019455
48201413204,0.108544
48201413205,0.063401
48201413206,0.041381
48201413301,0.011998
48201413302,0.004951
48201420100,0.009839
48201420200,0.010375
48201420300,0.005844
48201420400,0.027117
48201420500,0.024879
48201420600,0.057904
48201420700,0.004258
48201420800,0.004457
48201420900,0.019455
48201421000,0.081721
48201421101,0.007516
48201421103,0.004421
48201421104,0.022441
48201421203,0.100426
48201421204,0.009986
48201421205,0.019136
48201421206,0.003409
48201421301,0.001004
48201421302,0.009824
48201421401,0.030617
48201421402,0.005149
48201421403,0.016805
48201421501,0.007595
48201421502,0.008852
48201421601,0.013411
48201421602,0.068202
48201421700,0.003642
48201421801,0.024469
48201421802,0.016119
48201421900,0.015431
48201422000,0.002518
48201422100,0.096733
48201422200,0.016441
48201422302,0.013825
48201422303,0.016352
48201422304,0.023416
48201422403,0.005011
48201422404,0.012933
48201422405,0.024749
48201422406,0.002457
48201422501,0.030734
48201422502,0.004589
48201422601,0.011229
48201422602,0.005316
48201422701,0.004385
48201422702,0.005064
48201422800,0.006957
48201422900,0.011205
48201423001,0.018014
48201423002,0.041456
48201423100,0.0429
48201423201,0.02228
48201423203,0.00198
48201423204,0.032749
48201423301,0.015946
48201423303,0.005815
48201423304,0.008984
48201423401,0.023521
48201423402,0.003968
48201423500,0.027922
48201423600,0.020581
48201430101,0.017613
48201430102,0.010835
48201430200,0.017092
48201430300,0.012456
48201430400,0.004852
48201430500,0.121491
48201430600,0.001821
48201430700,0.076765
48201430800,0.055855
48201430900,0.046582
48201431001,0.007207
48201431002,0.016637
48201431101,0.047175
48201431102,0.018978
48201431203,0.020428
48201431204,0.025056
48201431205,0.016404
48201431206,0.022177
48201431302,0.014794
48201431303,0.011882
48201431304,0.073893
48201431401,0.0128
48201431403,0.110967
48201431404,0.047327
48201431503,0.045573
48201431504,0.018731
48201431505,0.052754
48201431506,0.008427
48201431600,0.01271
48201431701,0.02756
48201431702,0.042343
48201431801,0.012813
48201431803,0.005452
48201431804,0.06664
48201431901,0.02447
48201431902,0.02329
48201432003,0.014213
48201432004,0.027788
48201432005,0.138341
48201432006,0.003513
48201432101,0.054525
48201432102,0.103678
48201432200,0.013563
48201432301,0.056225
48201432302,0.033729
48201432303,0.039772
48201432401,0.003816
48201432402,0.008262
48201432501,0.016118
48201432502,0.01292
48201432600,0.006423
48201432703,0.011865
48201432704,0.016872
48201432705,0.008325
48201432706,0.005046
48201432803,0.008181
48201432804,0.021068
48201432805,0.017798
48201432806,0.082376
48201432901,0.05523
48201432903,0.028958
48201432904,0.03645
48201433003,0.022534
48201433004,0.015251
48201433005,0.056725
48201433006,0.01349
48201433007,0.003545
48201433100,0.053466
48201433201,0.066369
48201433202,0.008007
48201433300,0.004804
48201433400,0.008094
48201433503,0.04756
48201433504,0.047322
48201433505,0.02426
48201433506,0.014342
48201433507,0.029165
48201433601,0.019051
48201433602,0.005103
48201440101,0.004073
48201440102,0.035068
48201450100,0.020244
48201450200,0.030333
48201450301,0.005408
48201450302,0.02184
48201450401,0.041749
48201450402,0.05883
48201450500,0.029807
48201450600,0.011049
48201450700,0.018153
48201450801,0.022804
48201450803,0.025624
48201450804,0.087947
48201450900,0.081748
48201451003,0.02032
48201451004,0.037393
48201451005,0.015069
48201451006,0.042758
48201451100,0.020862
48201451200,0.012572
48201451301,0.005995
48201451302,0.00625
48201451401,0.009157
48201451404,0.032583
48201451405,0.018626
48201451406,0.008371
48201451407,0.012683
48201451501,0.030481
48201451502,0.185291
48201451603,0.02728
48201451604,0.058409
48201451605,0.010912
48201451606,0.031224
48201451700,0.0566
48201451800,0.007279
48201451902,0.016613
48201451903,0.061821
48201451904,0.006277
48201452001,0.007909
48201452002,0.012859
48201452101,0.020957
48201452102,0.012872
48201452103,0.01485
48201452202,0.027231
48201452203,0.059019
48201452204,0.045574
48201452300,0.040791
48201452401,0.025839
48201452402,0.00647
48201452501,0.003983
48201452502,0.033557
48201452601,0.008233
48201452602,0.00499
48201452701,0.003356
48201452702,0.002933
48201452703,0.026129
48201452801,0.035665
48201452802,0.030135
48201452900,0.050041
48201453001,0.04296
48201453002,0.016215
48201453100,0.010645
48201453201,0.009503
48201453202,0.032357
48201453300,0.012905
48201453401,0.024756
48201453403,0.008297
48201453404,0.056339
48201453405,0.005563
48201453501,0.023612
48201453502,0.003803
48201453601,0.031854
48201453603,0.068709
48201453604,0.004774
48201453701,0.007456
48201453702,0.016294
48201453800,0.034209
48201453901,0.004227
48201453902,0.027996
48201454000,0.009277
48201454100,0.005142
48201454200,0.032628
48201454302,0.003414
48201454303,0.017714
48201454304,0.010657
48201454305,0.00736
48201454400,0.096513
48201454502,0.005678
48201454503,0.01961
48201454504,0.007767
48201454505,0.058981
48201454600,0.009271
48201454700,0.149621
48201454801,0.053181
48201454802,0.007148
48201454901,0.016902
48201454902,0.006747
48201455000,0.023126
48201455102,0.011859
48201455103,0.243785
48201455104,0.048738
48201455200,0.027143
48201455300,0.050118
48201510100,0.057778
48201510201,0.045429
48201510202,0.011412
48201510301,0.068104
48201510302,0.014045
48201510400,0.020273
48201510500,0.015017
48201510601,0.063806
48201510602,0.056879
48201510701,0.011232
48201510702,0.024438
48201510801,0.110119
48201510802,0.011102
48201510803,0.072222
48201510901,0.021213
48201510902,0.067882
48201511001,0.01671
48201511003,0.033415
48201511004,0.00873
48201511100,0.017955
48201511201,0.035018
48201511202,0.006709
48201511301,0.018474
48201511302,0.127645
48201511400,0.073705
48201511501,0.016362
48201511502,0.007115
48201511600,0.013128
48201520100,0.010675
48201520200,0.030724
48201520301,0.004715
48201520302,0.006185
48201520400,0.031589
48201520501,0.015064
48201520502,0.006785
48201520601,0.003662
48201520603,0.023256
48201520604,0.007839
48201520700,0.012623
48201521000,0.100818
48201521100,0.0035
48201521201,0.020927
48201521202,0.017293
48201521300,0.007002
48201521401,0.034281
48201521402,0.01584
48201521501,0.023171
48201521502,0.042518
48201521600,0.26319
48201521701,0.043332
48201521702,0.093534
48201521800,0.007107
48201521900,0.003396
48201522001,0.022624
48201522002,0.002151
48201522101,0.003907
48201522102,0.004491
48201522201,0.006511
48201522202,0.006975
48201522301,0.050032
48201522302,0.009955
48201522401,0.006095
48201522402,0.017203
48201522500,0.010599
48201530101,0.03926
48201530102,0.016638
48201530200,0.010159
48201530300,0.006931
48201530400,0.036039
48201530501,0.053847
48201530502,0.001949
48201530600,0.024244
48201530701,0.103133
48201530702,0.023356
48201530800,0.002627
48201530900,0.009648
48201531000,0.006041
48201531100,0.006643
48201531200,0.001318
48201531300,0.003851
48201531400,0.005592
48201531500,0.014774
48201531600,0.002853
48201531700,0.063235
48201531800,0.029297
48201531900,0.01616
48201532003,0.003267
48201532004,0.014819
48201532101,0.013861
48201532102,0.043581
48201532200,0.012228
48201532301,0.03423
48201532302,0.009244
48201532400,0.039094
48201532502,0.010407
48201532503,0.03091
48201532504,0.033042
48201532600,0.02259
48201532700,0.046686
48201532800,0.005017
48201532900,0.065223
48201533000,0.0013
48201533100,0.002494
48201533200,0.002694
48201533301,0.009238
48201533302,0.033179
48201533401,0.021557
48201533402,0.003735
48201533500,0.014286
48201533600,0.020357
48201533701,0.009066
48201533702,0.009917
48201533802,0.005242
48201533803,0.362742
48201533804,0.055244
48201533902,0.028047
48201533903,0.003987
48201533904,0.05416
48201534001,0.066775
48201534002,0.00583
48201534003,0.044627
48201534101,0.038284
48201534102,0.016981
48201534201,0.042119
48201534203,0.01066
48201534204,0.038851
48201534205,0.007619
48201540101,0.016975
48201540102,0.016894
48201540200,0.063814
48201540502,0.011538
48201540503,0.143466
48201540504,0.091343
48201540601,0.013233
48201540602,0.03085
48201540700,0.076478
48201540800,0.010583
48201540901,0.010952
48201540903,0.045391
48201540904,0.103803
48201541004,0.071343
48201541005,0.014938
48201541006,0.012511
48201541007,0.015445
48201541008,0.046692
48201541009,0.022823
48201541100,0.002545
48201541203,0.014208
48201541204,0.059192
48201541205,0.029871
48201541206,0.004891
48201541207,0.04149
48201541301,0.02941
48201541302,0.009879
48201541401,0.074687
48201541402,0.023607
48201541403,0.017025
48201541404,0.010182
48201541500,0.00777
48201541603,0.020763
48201541604,0.018555
48201541701,0.073348
48201541702,0.024383
48201541703,0.135339
48201541801,0.064258
48201541802,0.079813
48201541901,0.003843
48201541902,0.026789
48201542001,0.057069
48201542002,0.005868
48201542003,0.035705
48201542004,0.027773
48201542103,0.01685
48201542104,0.023825
48201542105,0.035233
48201542106,0.003419
48201542107,0.045383
48201542108,0.048243
48201542201,0.009106
48201542202,0.039572
48201542203,0.021604
48201542302,0.006817
48201542303,0.031011
48201542304,0.007837
48201542305,0.001462
48201542401,0.073041
48201542402,0.007102
48201542500,0.045921
48201542600,0.023775
48201542700,0.009146
48201542800,0.004452
48201542901,0.010579
48201542902,0.021973
48201543004,0.030418
48201543005,0.007895
48201543006,0.026904
48201543007,0.013099
48201543008,0.039434
48201543009,0.043328
48201543010,0.061305
48201543011,0.005114
48201543100,0.093993
48201543201,0.005642
48201543202,0.07426
48201550101,0.015571
48201550102,0.019979
48201550201,0.012703
48201550202,0.008684
48201550303,0.004967
48201550304,0.045134
48201550305,0.010016
48201550306,0.030273
48201550307,0.006892
48201550308,0.002143
48201550403,0.074545
48201550404,0.446224
48201550405,0.009239
48201550406,0.01699
48201550407,0.021264
48201550500,0.005056
48201550601,0.036829
48201550602,0.033591
48201550603,0.067264
48201550700,0.052327
48201550800,0.021057
48201550901,0.007462
48201550902,0.00272
48201551000,0.421535
48201551101,0.064809
48201551102,0.048849
48201551201,0.006866
48201551202,0.162697
48201551300,0.047074
48201551400,0.123725
48201551501,0.003366
48201551502,0.022175
48201551601,0.056975
48201551602,0.022571
48201551702,0.022837
48201551703,0.041617
48201551704,0.013313
48201551705,0.076172
48201551800,0.031527
48201551901,0.00921
48201551902,0.062575
48201552002,0.013792
48201552003,0.025279
48201552004,0.085601
48201552101,0.050387
48201552102,0.013455
48201552103,0.039016
48201552200,0.019568
48201552301,0.010555
48201552303,0.024157
48201552304,0.046562
48201552401,0.02923
48201552402,0.010932
48201552501,0.068952
48201552502,0.009374
48201552602,0.064595
48201552603,0.067416
48201552604,0.064459
48201552701,0.049252
48201552702,0.009037
48201552801,0.161657
48201552802,0.066425
48201552901,0.021065
48201552902,0.012108
48201553001,0.027509
48201553002,0.005381
48201553101,0.040459
48201553102,0.002984
48201553201,0.011018
48201553202,0.044276
48201553300,0.037913
48201553401,0.004299
48201553403,0.021145
48201553404,0.029057
48201553405,0.015862
48201553500,0.179883
48201553601,0.018908
48201553602,0.004261
48201553700,0.016844
48201553801,0.005242
48201553803,0.044623
48201553804,0.016321
48201553901,0.008702
48201554001,0.021275
48201554002,0.008514
48201554103,0.00548
48201554104,0.045568
48201554201,0.06372
48201554202,0.009184
48201554301,0.018252
48201554302,0.103289
48201554404,0.093942
48201554405,0.036618
48201554406,0.003671
48201554407,0.005525
48201554408,0.089986
48201554409,0.155135
48201554410,0.049216
48201554501,0.014891
48201554502,0.007767
48201554600,0.033266
48201554701,0.045394
48201554702,0.01236
48201554803,0.010129
48201554804,0.018768
48201554805,0.005531
48201554806,0.024498
48201554807,0.112268
48201554808,0.108207
48201554809,0.016663
48201554902,0.049869
48201554904,0.106372
48201554905,0.007201
48201554906,0.013826
48201554907,0.020256
48201554908,0.031289
48201555001,0.012183
48201555002,0.025756
48201555101,0.020217
48201555102,0.044025
48201555200,0.010335
48201555301,0.02236
48201555303,0.009711
48201555304,0.01094
48201555305,0.023939
48201555401,0.011475
48201555403,0.051352
48201555404,0.017888
48201555501,0.059119
48201555503,0.036889
48201555504,0.002674
48201555505,0.014948
48201555600,0.08735
48201555701,0.06075
48201555703,0.015654
48201555704,0.006062
48201556000,0.063711
48201556100,0.059088
48201980000,0.287245
48201980100,0.279664
48201980200,0.109235
48201980300,0.094364
48201980400,0.139812
48201980700,0.072552
48207950300,0.07111
48207950400,0.038261
48209010100,0.118252
48209010200,0.086327
48209010302,0.125658
48209010305,0.096628
48209010306,0.094881
48209010307,0.086983
48209010308,0.184845
48209010309,0.096934
48209010401,0.031401
48209010402,0.011977
48209010500,0.033027
48209010601,0.007258
48209010602,0.186861
48209010603,0.064946
48209010702,0.044991
48209010703,0.198369
48209010704,0.243624
48209010806,0.06372
48209010807,0.044105
48209010809,0.255603
48209010810,0.097452
48209010811,0.052373
48209010812,0.190425
48209010813,0.006418
48209010814,0.020227
48209010815,0.315668
48209010816,0.282988
48209010817,0.284712
48209010818,0.041781
48209010905,0.029274
48209010909,0.027188
48209010911,0.017619
48209010912,0.038215
48209010913,0.026967
48209010914,0.018773
48209010915,0.00681
48209010916,0.010965
48209010917,0.087799
48209010918,0.012102
48209010919,0.007715
48209010920,0.113631
48209010921,0.016747
48209010922,0.018245
48209010923,0.022529
48209010924,0.012084
48209010925,0.038517
48213950101,0.022215
48213950102,0.020141
48213950201,0.003486
48213950202,0.08745
48213950301,0.153772
48213950302,0.241235
48213950303,0.156894
48213950400,0.269825
48213950500,0.06181
48213950601,0.180991
48213950603,0.171025
48213950604,0.320992
48213950700,0.149976
48213950801,0.251781
48213950802,0.133398
48213950902,0.060926
48213950903,0.245674
48213950904,0.099716
48213950905,0.201694
48213951000,0.116509
48213951101,0.010414
48213951102,0.075603
48213951201,0.181566
48213951202,0.224346
48213951300,0.183838
48213951401,0.040126
48213951402,0.061963
48213951403,0.004883
48215020103,0.113204
48215020104,0.080474
48215020105,0.090831
48215020106,0.08064
48215020107,0.317212
48215020108,0.004408
48215020205,0.224738
48215020206,0.086675
48215020207,0.0273
48215020208,0.189914
48215020209,0.143321
48215020210,0.118636
48215020211,0.340823
48215020303,0.002071
48215020304,0.135582
48215020305,0.052149
48215020306,0.208767
48215020307,0.264785
48215020403,0.202268
48215020405,0.039261
48215020406,0.005141
48215020407,0.100132
48215020408,0.139358
48215020409,0.082338
48215020505,0.284584
48215020506,0.069267
48215020507,0.050529
48215020508,0.324962
48215020509,0.00293
48215020510,0.123436
48215020511,0.056591
48215020512,0.036108
48215020513,0.176538
48215020600,0.075519
48215020724,0.106076
48215020725,0.008896
48215020727,0.002423
48215020728,0.012757
48215020729,0.158203
48215020730,0.21071
48215020731,0.00557
48215020732,0.053874
48215020733,0.02881
48215020734,0.008779
48215020735,0.003511
48215020736,0.00862
48215020804,0.02555
48215020805,0.119023
48215020806,0.186186
48215020807,0.024259
48215020808,0.038953
48215020905,0.021249
48215020906,0.076754
48215020907,0.037086
48215020908,0.069945
48215020909,0.150042
48215020910,0.026183
48215021001,0.06444
48215021002,0.143534
48215021003,0.163128
48215021100,0.074455
48215021201,0.085202
48215021203,0.068372
48215021204,0.032487
48215021306,0.041952
48215021307,0.017034
48215021308,0.113674
48215021309,0.254511
48215021310,0.268166
48215021311,0.019889
48215021312,0.168815
48215021313,0.02299
48215021314,0.041688
48215021315,0.213437
48215021401,0.181599
48215021405,0.091972
48215021406,0.002783
48215021407,0.081434
48215021408,0.121331
48215021409,0.18392
48215021500,0.087406
48215021600,0.023976
48215021703,0.021993
48215021704,0.037343
48215021705,0.049886
48215021706,0.016884
48215021707,0.038748
48215021803,0.046633
48215021804,0.04288
48215021807,0.048072
48215021808,0.242834
48215021809,0.052954
48215021810,0.041605
48215021903,0.130783
48215021904,0.063587
48215021905,0.06005
48215021906,0.066499
48215022005,0.114905
48215022006,0.006239
48215022007,0.005249
48215022008,0.053312
48215022009,0.011637
48215022010,0.078626
48215022011,0.027566
48215022105,0.331331
48215022107,0.181012
48215022108,0.069186
48215022109,0.03214
48215022110,0.004245
48215022111,0.019706
48215022112,0.026855
48215022113,0.083847
48215022203,0.171118
48215022204,0.033885
48215022205,0.047643
48215022206,0.031637
48215022301,0.334988
48215022302,0.047363
48215022401,0.042174
48215022402,0.005583
48215022502,0.02307
48215022503,0.025344
48215022504,0.027385
48215022600,0.000952
48215022703,0.161157
48215022704,0.08193
48215022705,0.016846
48215022706,0.019085
48215022801,0.120859
48215022802,0.050825
48215022900,0.09272
48215023000,0.017316
48215023103,0.123521
48215023104,0.027109
48215023105,0.091281
48215023106,0.025228
48215023516,0.076548
48215023517,0.050913
48215023518,0.030424
48215023519,0.002389
48215023520,0.034599
48215023521,0.005677
48215023522,0.032901
48215023523,0.042969
48215023524,0.006097
48215023525,0.03337
48215023526,0.096805
48215023527,0.003645
48215023528,0.070713
48215023529,0.005413
48215023530,0.010558
48215023531,0.012854
48215023532,0.005703
48215023533,0.007448
48215023534,0.021616
48215023535,0.008396
48215023536,0.052756
48215023601,0.073133
48215023602,0.018871
48215023700,0.171888
48215023803,0.018451
48215023804,0.177737
48215023805,0.006349
48215023806,0.089445
48215023903,0.288584
48215023905,0.008554
48215023906,0.024683
48215023907,0.079596
48215023908,0.017714
48215024001,0.162594
48215024002,0.050361
48215024003,0.221205
48215024004,0.036947
48215024107,0.116741
48215024108,0.003761
48215024109,0.028649
48215024115,0.021484
48215024116,0.014233
48215024117,0.157506
48215024118,0.124671
48215024119,0.255592
48215024120,0.035215
48215024121,0.03856
48215024122,0.006647
48215024123,0.005657
48215024124,0.018526
48215024125,0.234558
48215024126,0.077556
48215024127,0.009266
48215024128,0.047404
48215024129,0.112048
48215024130,0.035615
48215024131,0.003743
48215024132,0.013576
48215024204,0.272768
48215024206,0.115706
48215024207,0.063976
48215024208,0.061387
48215024209,0.1638
48215024210,0.280181
48215024211,0.056752
48215024212,0.007202
48215024301,0.043033
48215024302,0.005193
48215024403,0.029572
48215024404,0.023437
48215024405,0.12193
48215024406,0.043838
48215024501,0.007341
48215024502,0.095469
48215024600,0.038503
48215980000,0.109784
48217960100,0.027982
48217960200,0.065746
48217960400,0.035156
48217960501,0.009835
48217960502,0.020012
48217960600,0.096498
48217960700,0.11348
48217960800,0.101256
48217960900,0.124662
48217961000,0.141428
48217961100,0.108035
48217961400,0.030943
48221160100,0.093648
48221160204,0.064801
48221160206,0.187813
48221160210,0.0846
48221160211,0.173968
48221160212,0.145033
48221160213,0.074668
48221160214,0.064938
48221160215,0.245034
48221160216,0.054162
48221160217,0.195062
48221160218,0.291049
48221160302,0.02975
48221160303,0.037834
48223950100,0.060146
48223950200,0.082176
48223950301,0.029433
48223950302,0.147321
48223950401,0.066513
48223950402,0.106846
48223950500,0.132064
48223950600,0.076851
48223950700,0.007778
48223950800,0.041412
48225950101,0.219661
48225950102,0.099869
48225950200,0.199067
48225950300,0.219172
48225950400,0.229356
48225950500,0.045152
48225950600,0.17518
48225950700,0.070317
48227950100,0.067855
48227950200,0.016561
48227950300,0.015142
48227950400,0.055239
48227950500,0.13946
48227950600,0.009325
48227950700,0.007609
48227950801,0.061179
48227950802,0.097726
48227950900,0.02944
48231960100,0.025114
48231960200,0.022113
48231960300,0.017626
48231960400,0.113756
48231960500,0.055707
48231960600,0.152488
48231960700,0.035416
48231960800,0.168175
48231960900,0.225687
48231961000,0.129524
48231961101,0.13014
48231961102,0.115707
48231961200,0.077806
48231961300,0.065319
48231961401,0.110302
48231961402,0.062726
48231961501,0.099101
48231961502,0.157647
48231961503,0.121888
48231961600,0.159008
48231961700,0.030118
48235950100,0.130657
48237950100,0.13556
48237950300,0.273058
48237950500,0.123703
48239950100,0.020375
48239950200,0.060845
48239950300,0.011395
48247950200,0.074936
48247950400,0.030467
48249950101,0.093428
48249950102,0.033348
48249950201,0.079486
48249950202,0.141613
48249950301,0.022022
48249950302,0.078654
48249950303,0.204652
48249950400,0.023877
48249950500,0.07024
48249950600,0.094697
48249950700,0.075501
48251130100,0.084174
48251130205,0.040502
48251130210,0.004771
48251130211,0.020623
48251130212,0.103864
48251130213,0.060283
48251130214,0.14263
48251130215,0.040343
48251130216,0.006309
48251130217,0.005387
48251130218,0.14492
48251130219,0.024067
48251130220,0.018935
48251130221,0.011065
48251130222,0.006622
48251130302,0.039657
48251130303,0.155225
48251130304,0.084203
48251130405,0.006707
48251130406,0.039866
48251130411,0.044624
48251130412,0.060978
48251130413,0.181959
48251130414,0.076164
48251130415,0.129902
48251130416,0.007098
48251130417,0.041286
48251130418,0.012207
48251130419,0.030769
48251130501,0.010618
48251130502,0.009072
48251130602,0.036994
48251130603,0.204982
48251130604,0.116334
48251130700,0.007973
48251130800,0.137237
48251130900,0.017519
48251131000,0.002217
48251131100,0.169654
48253020101,0.224337
48253020102,0.042594
48253020200,0.168711
48253020300,0.023617
48253020400,0.011451
48253020500,0.027285
48255970100,0.114136
48255970200,0.020739
48255970301,0.13962
48255970302,0.169932
48255970400,0.045622
48257050204,0.016259
48257050207,0.006478
48257050208,0.007981
48257050209,0.002976
48257050210,0.013961
48257050211,0.005135
48257050212,0.007662
48257050213,0.004639
48257050214,0.001747
48257050215,0.021514
48257050300,0.212729
48257050401,0.138929
48257050402,0.018514
48257050500,0.093406
48257050601,0.0329
48257050602,0.069219
48257050701,0.019576
48257050703,0.052607
48257050704,0.092653
48257050801,0.043814
48257050802,0.038408
48257051000,0.198293
48257051100,0.068767
48257051201,0.031118
48257051202,0.035902
48257051301,0.096797
48257051302,0.025599
48259970101,0.131376
48259970102,0.009251
48259970301,0.127983
48259970302,0.236666
48259970403,0.136723
48259970404,0.029938
48259970405,0.051695
48259970406,0.082364
48259970500,0.11192
48261950100,0.060861
48263950100,0.083674
48265960101,0.05959
48265960102,0.072837
48265960200,0.016062
48265960301,0.083465
48265960303,0.240357
48265960304,0.044744
48265960401,0.259058
48265960403,0.253002
48265960404,0.229205
48265960500,0.037844
48265960601,0.186777
48265960602,0.235196
48265960700,0.202503
48265960800,0.049179
48267950100,0.052766
48267950200,0.18724
48269950100,0.121609
48271950100,0.008389
48273020101,0.018386
48273020102,0.028843
48273020200,0.039325
48273020301,0.021163
48273020302,0.177984
48273020401,0.041887
48273020402,0.242347
48273020501,0.029493
48273020502,0.060813
48275950100,0.058447
48275950200,0.01751
48277000101,0.101855
48277000102,0.065745
48277000200,0.010104
48277000301,0.054823
48277000302,0.044101
48277000401,0.177245
48277000402,0.267108
48277000500,0.172529
48277000600,0.161245
48277000700,0.080306
48277000800,0.098285
48277000900,0.116243
48277001000,0.065101
48281950100,0.033417
48281950302,0.129426
48281950303,0.164553
48281950304,0.083807
48281950400,0.218453
48281950500,0.134275
48283950301,0.08338
48283950302,0.118857
48285000100,0.031362
48285000200,0.064897
48285000300,0.016768
48285000400,0.117368
48285000500,0.065655
48285000600,0.182344
48287000100,0.035643
48287000200,0.018515
48287000300,0.022143
48287000400,0.04885
48289950101,0.06053
48289950102,0.040079
48289950201,0.032457
48289950202,0.015482
48289950301,0.055292
48289950302,0.143694
48291700100,0.018987
48291700200,0.228293
48291700301,0.03517
48291700302,0.010831
48291700303,0.130875
48291700400,0.085372
48291700500,0.055539
48291700900,0.023189
48291701000,0.078687
48293970100,0.112277
48293970200,0.011254
48293970300,0.197291
48293970400,0.043397
48293970500,0.182885
48293970600,0.06089
48293970700,0.015939
48293970800,0.026376
48297950100,0.098611
48297950200,0.048658
48297950300,0.066446
48297950400,0.092409
48299970100,0.173567
48299970200,0.120243
48299970300,0.125451
48299970401,0.230573
48299970402,0.035799
48299970501,0.023075
48299970502,0.070981
48299970600,0.063832
48303000100,0.019007
48303000201,0.005767
48303000202,0.033017
48303000301,0.006234
48303000303,0.020948
48303000304,0.046612
48303000402,0.07165
48303000403,0.011774
48303000406,0.022601
48303000407,0.094022
48303000408,0.010128
48303000409,0.007568
48303000410,0.025433
48303000411,0.026636
48303000501,0.038477
48303000502,0.102589
48303000503,0.143896
48303000603,0.028368
48303000605,0.021734
48303000607,0.120001
48303000700,0.044924
48303000901,0.044033
48303000902,0.057607
48303001000,0.032362
48303001200,0.004012
48303001300,0.115324
48303001401,0.150285
48303001402,0.146923
48303001501,0.200124
48303001502,0.011841
48303001601,0.061139
48303001602,0.02814
48303001708,0.036343
48303001709,0.003558
48303001710,0.037757
48303001711,0.008446
48303001712,0.009557
48303001713,0.023604
48303001714,0.008295
48303001715,0.035224
48303001716,0.005531
48303001717,0.004272
48303001804,0.06056
48303001805,0.034891
48303001806,0.032881
48303001807,0.015956
48303001808,0.013484
48303001904,0.009303
48303001905,0.032844
48303001906,0.014799
48303001907,0.014677
48303001908,0.029408
48303002001,0.027345
48303002002,0.007715
48303002102,0.015441
48303002103,0.008563
48303002104,0.002197
48303002203,0.004801
48303002205,0.02181
48303002206,0.008292
48303002207,0.318586
48303002208,0.019253
48303002301,0.028392
48303002302,0.160321
48303002401,0.05221
48303002402,0.012251
48303002500,0.037304
48303010101,0.070953
48303010102,0.231697
48303010201,0.053744
48303010202,0.080818
48303010203,0.044288
48303010204,0.030436
48303010301,0.023086
48303010302,0.147416
48303010402,0.108063
48303010404,0.050738
48303010409,0.01743
48303010410,0.041939
48303010411,0.012297
48303010412,0.220233
48303010413,0.04607
48303010414,0.008079
48303010415,0.033054
48303010416,0.043137
48303010417,0.026676
48303010418,0.054161
48303010419,0.02368
48303010420,0.092367
48303010421,0.009467
48303010422,0.038086
48303010423,0.027759
48303010502,0.051247
48303010504,0.01341
48303010505,0.016731
48303010506,0.066413
48303010509,0.042279
48303010510,0.040244
48303010511,0.020724
48303010512,0.008302
48303010513,0.077631
48303010514,0.00654
48303010601,0.063626
48303010602,0.301223
48303010700,0.083464
48303980000,0.198078
48305950400,0.08334
48305950500,0.047683
48305950600,0.052648
48307950300,0.168185
48307950400,0.107784
48307950500,0.162995
48309000100,0.040062
48309000200,0.063625
48309000300,0.031696
48309000401,0.080478
48309000402,0.049845
48309000598,0.063083
48309000700,0.01141
48309000800,0.030033
48309000900,0.045496
48309001000,0.006152
48309001100,0.002148
48309001200,0.053118
48309001300,0.017396
48309001401,0.006814
48309001402,0.009954
48309001500,0.008247
48309001600,0.04946
48309001700,0.079902
48309001800,0.137334
48309001900,0.061624
48309002000,0.063362
48309002100,0.085619
48309002302,0.07055
48309002498,0.073498
48309002501,0.059556
48309002503,0.034519
48309002504,0.021243
48309002600,0.006084
48309002700,0.023177
48309002800,0.005355
48309002900,0.022629
48309003000,0.004652
48309003200,0.124421
48309003300,0.050164
48309003401,0.140801
48309003402,0.130885
48309003500,0.064864
48309003601,0.00858
48309003602,0.118256
48309003701,0.210834
48309003703,0.115872
48309003708,0.026001
48309003709,0.031818
48309003710,0.011549
48309003711,0.004694
48309003712,0.036897
48309003801,0.040308
48309003802,0.009315
48309003901,0.166587
48309003902,0.109477
48309004000,0.021397
48309004102,0.006038
48309004104,0.009603
48309004105,0.006356
48309004201,0.077847
48309004202,0.148675
48309004300,0.027239
48309980000,0.04934
48311950100,0.028107
48313000100,0.043187
48313000200,0.15325
48313000300,0.16883
48313000400,0.131725
48317950100,0.055479
48317950200,0.056965
48319950100,0.099599
48319950200,0.062003
48321730100,0.225029
48321730202,0.01522
48321730203,0.116513
48321730204,0.289755
48321730301,0.260457
48321730302,0.311403
48321730303,0.01228
48321730400,0.073088
48321730502,0.043215
48321730503,0.147339
48321730600,0.027603
48321730700,0.028339
48323950204,0.014771
48323950206,0.013271
48323950207,0.011182
48323950208,0.257631
48323950209,0.008643
48323950301,0.093414
48323950302,0.087245
48323950400,0.172225
48323950500,0.048771
48323950601,0.047553
48323950602,0.009057
48323950701,0.015314
48323950702,0.03948
48325000101,0.032482
48325000103,0.089097
48325000104,0.163789
48325000200,0.011393
48325000301,0.100607
48325000302,0.047158
48325000401,0.12584
48325000402,0.015523
48325000500,0.026908
48325000801,0.092862
48325000802,0.168514
48327950300,0.072412
48329010123,0.054961
48329010124,0.056836
48329010128,0.039215
48329010129,0.023619
48331950100,0.012295
48331950300,0.127386
48331950401,0.164314
48331950402,0.16989
48331950500,0.112152
48331950700,0.084199
48331950800,0.041047
48333950100,0.008952
48333950200,0.109187
48335950200,0.075916
48335950400,0.072006
48337950100,0.031753
48337950200,0.089987
48337950401,0.121092
48337950402,0.050731
48337950501,0.093271
48337950502,0.110103
48337950600,0.018541
48339690101,0.011567
48339690102,0.057596
48339690203,0.051432
48339690204,0.010389
48339690205,0.007929
48339690206,0.006376
48339690207,0.250665
48339690300,0.047749
48339690403,0.018227
48339690404,0.178522
48339690405,0.097953
48339690406,0.008416
48339690407,0.007954
48339690408,0.015028
48339690501,0.008856
48339690502,0.009359
48339690503,0.022755
48339690603,0.003156
48339690604,0.007788
48339690605,0.059892
48339690606,0.005156
48339690607,0.011815
48339690608,0.019025
48339690609,0.008343
48339690610,0.038789
48339690701,0.007972
48339690702,0.012526
48339690800,0.018186
48339690900,0.004095
48339691000,0.008278
48339691100,0.003212
48339691201,0.12677
48339691202,0.009913
48339691301,0.006284
48339691302,0.005807
48339691401,0.018576
48339691402,0.051499
48339691403,0.057835
48339691500,0.010473
48339691601,0.007214
48339691602,0.038346
48339691700,0.040193
48339691801,0.007324
48339691802,0.009616
48339691900,0.120487
48339692003,0.054538
48339692004,0.038575
48339692005,0.004466
48339692006,0.020289
48339692007,0.019155
48339692008,0.058841
48339692009,0.00467
48339692010,0.039503
48339692101,0.020512
48339692102,0.11636
48339692103,0.039291
48339692201,0.00471
48339692202,0.011432
48339692301,0.144967
48339692302,0.004584
48339692303,0.025915
48339692304,0.004634
48339692401,0.027202
48339692402,0.025682
48339692501,0.038139
48339692502,0.012593
48339692601,0.011567
48339692603,0.008586
48339692604,0.023382
48339692605,0.034481
48339692701,0.013054
48339692702,0.049162
48339692802,0.01714
48339692803,0.072185
48339692804,0.009903
48339692900,0.031481
48339693001,0.111794
48339693002,0.045027
48339693102,0.061369
48339693103,0.157725
48339693104,0.045891
48339693201,0.006832
48339693202,0.018774
48339693301,0.110255
48339693302,0.006746
48339693303,0.051357
48339693304,0.06
48339693401,0.026397
48339693402,0.018389
48339693501,0.061514
48339693502,0.264958
48339693503,0.042239
48339693600,0.035956
48339693701,0.050067
48339693702,0.006923
48339693703,0.047538
48339693800,0.046942
48339693901,0.132005
48339693902,0.214009
48339693903,0.284135
48339693904,0.029123
48339694001,0.01039
48339694002,0.078644
48339694103,0.008096
48339694104,0.021066
48339694105,0.077737
48339694106,0.061564
48339694107,0.082525
48339694203,0.042643
48339694204,0.012614
48339694205,0.224949
48339694206,0.055801
48339694207,0.043945
48339694208,0.004991
48339694209,0.005145
48339694210,0.027878
48339694303,0.008147
48339694304,0.030589
48339694305,0.03975
48339694306,0.062302
48339694307,0.064595
48339694308,0.055622
48339694309,0.026662
48339694401,0.017998
48339694402,0.02797
48339694403,0.058986
48339694501,0.006923
48339694502,0.040263
48339694503,0.02836
48339694601,0.009722
48339694602,0.011693
48339694603,0.053794
48339694700,0.036684
48347950200,0.067438
48349970100,0.091193
48349970200,0.051001
48349970301,0.02861
48349970302,0.123997
48349970400,0.022096
48349970500,0.007797
48349970600,0.067867
48349970701,0.066619
48349970800,0.10197
48349970901,0.041019
48349970902,0.175269
48349971000,0.07839
48353950100,0.098335
48353950200,0.159871
48353950300,0.102554
48353950400,0.116061
48353950500,0.037415
48355000500,0.17861
48355000601,0.236266
48355000602,0.01874
48355000700,0.02161
48355000800,0.019885
48355000900,0.006529
48355001000,0.048751
48355001100,0.094256
48355001201,0.015254
48355001202,0.019755
48355001300,0.006055
48355001400,0.009228
48355001500,0.011948
48355001601,0.006194
48355001602,0.004322
48355001702,0.121185
48355001703,0.003768
48355001704,0.002077
48355001801,0.007612
48355001802,0.044059
48355001903,0.034833
48355001904,0.016394
48355001905,0.109838
48355001906,0.226026
48355002001,0.047512
48355002002,0.006218
48355002101,0.006322
48355002102,0.007637
48355002200,0.004813
48355002301,0.006412
48355002303,0.014516
48355002304,0.016615
48355002400,0.031188
48355002500,0.00987
48355002601,0.047692
48355002602,0.005735
48355002603,0.004604
48355002703,0.096478
48355002705,0.004036
48355002706,0.164453
48355002707,0.0149
48355002708,0.071652
48355002900,0.306998
48355003002,0.008675
48355003003,0.123153
48355003004,0.013924
48355003101,0.00243
48355003102,0.004869
48355003202,0.03373
48355003204,0.038442
48355003205,0.03837
48355003206,0.018102
48355003303,0.03334
48355003304,0.076295
48355003305,0.006996
48355003306,0.011093
48355003401,0.026968
48355003402,0.021045
48355003500,0.055367
48355003601,0.006341
48355003602,0.008536
48355003603,0.012688
48355003700,0.023116
48355005103,0.096552
48355005104,0.149254
48355005404,0.005616
48355005406,0.03176
48355005407,0.022228
48355005408,0.019856
48355005409,0.01763
48355005410,0.008811
48355005411,0.049695
48355005412,0.004456
48355005413,0.033773
48355005414,0.003763
48355005415,0.011525
48355005416,0.037969
48355005417,0.025347
48355005603,0.013549
48355005604,0.19303
48355005605,0.133387
48355005606,0.198821
48355005801,0.053522
48355005803,0.062339
48355005804,0.031098
48355005900,0.010101
48355006000,0.031309
48355006100,0.055324
48355006201,0.002474
48355006202,0.033724
48355006203,0.053597
48355006204,0.005316
48355006205,0.097745
48355006300,0.131163
48355006400,0.069054
48355980000,0.080851
48363000100,0.091905
48363000200,0.093041
48363000300,0.057151
48363000401,0.103716
48363000402,0.066862
48363000500,0.343097
48363000600,0.145774
48363000700,0.070481
48363000800,0.153325
48363000900,0.320404
48367140101,0.079595
48367140102,0.03725
48367140201,0.155066
48367140202,0.077853
48367140300,0.027985
48367140403,0.012693
48367140408,0.07087
48367140409,0.057324
48367140410,0.052941
48367140411,0.101456
48367140412,0.235648
48367140413,0.017741
48367140414,0.007194
48367140415,0.036265
48367140416,0.031953
48367140502,0.130764
48367140503,0.016474
48367140504,0.060635
48367140601,0.05759
48367140603,0.093617
48367140604,0.130369
48367140707,0.08973
48367140708,0.123542
48367140709,0.074586
48367140710,0.228103
48367140711,0.116382
48367140712,0.051933
48367140713,0.04225
48367140714,0.03955
48371950100,0.021888
48373210203,0.004349
48373210204,0.055618
48373210205,0.251843
48373210206,0.170351
48373210301,0.111137
48373210302,0.017721
48373210402,0.012969
48379950101,0.014348
48379950102,0.090967
48379950200,0.129145
48383950100,0.074413
48385950100,0.040843
48387950100,0.020102
48387950501,0.137871
48387950502,0.089453
48387950600,0.022658
48387950700,0.004756
48391950200,0.065371
48391950400,0.115658
48395960100,0.077712
48395960200,0.01132
48395960300,0.047413
48395960400,0.075271
48395960501,0.208768
48395960502,0.088988
48397040101,0.038465
48397040103,0.180145
48397040104,0.056436
48397040201,0.068749
48397040202,0.147942
48397040203,0.013005
48397040301,0.138089
48397040303,0.095821
48397040304,0.040273
48397040305,0.03999
48397040403,0.218999
48397040404,0.169105
48397040405,0.135009
48397040406,0.304275
48397040407,0.17764
48397040408,0.065285
48397040409,0.020562
48397040410,0.07872
48397040411,0.040886
48397040412,0.040818
48397040503,0.028594
48397040507,0.010082
48397040508,0.086111
48397040509,0.109584
48397040510,0.094397
48397040511,0.009996
48397040512,0.017249
48397040513,0.056131
48397040514,0.021484
48399950100,0.079761
48399950200,0.179951
48399950500,0.037324
48399950600,0.062932
48401950200,0.023023
48401950300,0.135596
48401950400,0.053171
48401950501,0.041957
48401950502,0.201413
48401951000,0.040931
48401951100,0.079511
48407200103,0.042987
48407200104,0.030957
48407200105,0.041803
48407200106,0.006684
48407200107,0.094675
48407200201,0.073922
48407200202,0.283589
48407200301,0.021017
48407200302,0.016089
48409010201,0.119998
48409010202,0.076441
48409010301,0.035263
48409010302,0.134307
48409010500,0.019731
48409010601,0.035711
48409010602,0.004436
48409010603,0.041266
48409010604,0.140234
48409010700,0.03085
48409010800,0.062969
48409010900,0.056139
48409011000,0.123359
48409011100,0.189368
48409011200,0.021768
48409011300,0.029094
48411950100,0.094473
48411950200,0.052958
48413950300,0.011248
48415950100,0.224662
48415950200,0.055321
48415950300,0.061822
48415950600,0.077198
48417950300,0.088677
48423000100,0.215267
48423000201,0.116834
48423000202,0.080523
48423000300,0.069248
48423000400,0.209725
48423000500,0.033964
48423000600,0.170869
48423000700,0.183783
48423000800,0.175659
48423000900,0.129878
48423001000,0.013152
48423001101,0.076374
48423001102,0.171865
48423001200,0.274815
48423001300,0.177933
48423001404,0.036943
48423001405,0.024974
48423001406,0.025045
48423001407,0.098125
48423001408,0.053651
48423001501,0.049026
48423001502,0.028495
48423001602,0.137102
48423001605,0.17116
48423001606,0.201525
48423001607,0.164201
48423001608,0.192258
48423001701,0.08177
48423001702,0.020238
48423001803,0.124306
48423001804,0.029707
48423001805,0.288366
48423001806,0.164911
48423001807,0.118718
48423001906,0.053567
48423001909,0.026802
48423001910,0.009656
48423001911,0.028646
48423001912,0.27574
48423001913,0.239131
48423001914,0.068517
48423001915,0.0219
48423001916,0.006907
48423001917,0.075837
48423002003,0.111047
48423002004,0.030407
48423002006,0.02892
48423002009,0.094837
48423002010,0.008344
48423002011,0.020977
48423002012,0.037317
48423002013,0.075727
48423002101,0.064678
48423002102,0.052059
48423002200,0.037973
48423980000,0.141204
48425000101,0.033179
48425000102,0.052041
48425000200,0.124282
48427950101,0.132556
48427950104,0.02384
48427950105,0.180861
48427950106,0.257134
48427950107,0.243411
48427950108,0.009161
48427950202,0.117102
48427950203,0.23958
48427950204,0.192178
48427950402,0.239832
48427950403,0.330108
48427950404,0.299831
48427950500,0.22833
48427950601,0.296144
48427950602,0.272042
48427950701,0.152395
48427950702,0.220548
48429950200,0.152613
48429950300,0.152188
48429950500,0.068656
48431950100,0.13317
48433950300,0.03075
48435950300,0.031173
48439100101,0.082209
48439100102,0.047145
48439100201,0.002183
48439100202,0.114924
48439100300,0.047795
48439100401,0.12209
48439100402,0.112323
48439100503,0.094661
48439100504,0.13894
48439100505,0.009309
48439100506,0.004937
48439100601,0.024424
48439100602,0.198886
48439100700,0.14982
48439100800,0.070064
48439100900,0.066111
48439101201,0.016553
48439101202,0.016324
48439101301,0.004647
48439101302,0.0464
48439101401,0.011133
48439101402,0.019991
48439101403,0.026957
48439101500,0.09217
48439101700,0.010226
48439102000,0.040715
48439102101,0.068309
48439102102,0.017456
48439102201,0.024756
48439102202,0.019495
48439102301,0.029437
48439102302,0.181958
48439102401,0.014093
48439102402,0.102178
48439102500,0.003185
48439102601,0.029966
48439102602,0.014544
48439102700,0.008278
48439103500,0.008643
48439103601,0.002454
48439103602,0.029786
48439103701,0.005701
48439103702,0.007731
48439103800,0.043598
48439104100,0.157042
48439104202,0.022517
48439104203,0.003337
48439104204,0.012086
48439104301,0.013252
48439104302,0.008403
48439104400,0.004871
48439104502,0.016561
48439104503,0.005854
48439104504,0.012811
48439104505,0.010787
48439104601,0.003141
48439104602,0.005235
48439104603,0.023269
48439104604,0.005441
48439104605,0.014519
48439104701,0.006131
48439104702,0.109402
48439104802,0.001986
48439104803,0.015028
48439104804,0.005062
48439104900,0.007917
48439105007,0.019436
48439105008,0.015809
48439105009,0.0146
48439105201,0.010458
48439105203,0.18573
48439105204,0.052549
48439105206,0.086167
48439105207,0.017
48439105403,0.013508
48439105404,0.002741
48439105405,0.031487
48439105407,0.229432
48439105408,0.005603
48439105502,0.003375
48439105503,0.029392
48439105505,0.008654
48439105511,0.010173
48439105512,0.016235
48439105513,0.030343
48439105514,0.059327
48439105515,0.004948
48439105516,0.018229
48439105517,0.023032
48439105518,0.031311
48439105519,0.005653
48439105520,0.030214
48439105600,0.006638
48439105701,0.027632
48439105703,0.032679
48439105705,0.006104
48439105706,0.008843
48439105800,0.011312
48439105901,0.0154
48439105902,0.002666
48439106002,0.057553
48439106004,0.004591
48439106005,0.014673
48439106006,0.00166
48439106101,0.036185
48439106102,0.12641
48439106201,0.029948
48439106202,0.027837
48439106300,0.002031
48439106400,0.042314
48439106502,0.005587
48439106503,0.005843
48439106507,0.007276
48439106509,0.035928
48439106512,0.00733
48439106513,0.132183
48439106514,0.004268
48439106515,0.003285
48439106518,0.008917
48439106519,0.01467
48439106520,0.06991
48439106521,0.015376
48439106522,0.005914
48439106523,0.028656
48439106524,0.0271
48439106525,0.005208
48439106526,0.008708
48439106600,0.021825
48439106700,0.034342
48439110102,0.047863
48439110103,0.017196
48439110104,0.083492
48439110202,0.102453
48439110204,0.004771
48439110205,0.001711
48439110206,0.025149
48439110301,0.038961
48439110302,0.055254
48439110401,0.013519
48439110402,0.049876
48439110500,0.215827
48439110600,0.15054
48439110703,0.042436
48439110704,0.02634
48439110705,0.008572
48439110706,0.012465
48439110805,0.094338
48439110806,0.024916
48439110807,0.019414
48439110808,0.060969
48439110809,0.092279
48439110901,0.054602
48439110903,0.036028
48439110905,0.047837
48439110906,0.102892
48439110907,0.042008
48439111003,0.030375
48439111010,0.024096
48439111015,0.029842
48439111018,0.02272
48439111019,0.004749
48439111020,0.005697
48439111021,0.01359
48439111022,0.02033
48439111023,0.00415
48439111024,0.002794
48439111025,0.023437
48439111026,0.005005
48439111027,0.014158
48439111028,0.005018
48439111029,0.017729
48439111030,0.006297
48439111031,0.034297
48439111032,0.001134
48439111033,0.003402
48439111102,0.046992
48439111103,0.217427
48439111104,0.125415
48439111202,0.080502
48439111203,0.039315
48439111204,0.005604
48439111304,0.01506
48439111306,0.01961
48439111307,0.067079
48439111308,0.018921
48439111309,0.013398
48439111311,0.008726
48439111312,0.019128
48439111314,0.016238
48439111315,0.009166
48439111316,0.004399
48439111317,0.010034
48439111318,0.00704
48439111319,0.012843
48439111320,0.009074
48439111402,0.007126
48439111405,0.158318
48439111406,0.005748
48439111407,0.006665
48439111408,0.015039
48439111409,0.008487
48439111410,0.032702
48439111411,0.09484
48439111505,0.05015
48439111506,0.025478
48439111513,0.022593
48439111514,0.016659
48439111516,0.039747
48439111522,0.007266
48439111525,0.015875
48439111526,0.087417
48439111529,0.020059
48439111530,0.009021
48439111531,0.049796
48439111532,0.004927
48439111533,0.01967
48439111534,0.007002
48439111536,0.045894
48439111538,0.03818
48439111540,0.004862
48439111541,0.005747
48439111542,0.010767
48439111543,0.006832
48439111544,0.004551
48439111545,0.016647
48439111546,0.009662
48439111551,0.007835
48439111552,0.008464
48439111553,0.022737
48439111554,0.006509
48439111555,0.007814
48439111556,0.033651
48439111557,0.002952
48439111558,0.007042
48439111559,0.098906
48439111560,0.006644
48439111561,0.004866
48439111562,0.133036
48439111563,0.025878
48439111564,0.052397
48439111565,0.013961
48439111566,0.018374
48439111567,0.006569
48439111568,0.044467
48439111569,0.027952
48439111570,0.004217
48439111571,0.018682
48439111572,0.007343
48439113003,0.020327
48439113004,0.095416
48439113005,0.171949
48439113006,0.007402
48439113007,0.0168
48439113102,0.010703
48439113104,0.009422
48439113107,0.003879
48439113108,0.003684
48439113109,0.022193
48439113110,0.022519
48439113112,0.006032
48439113115,0.029132
48439113116,0.024775
48439113117,0.01173
48439113118,0.01931
48439113119,0.011068
48439113120,0.00434
48439113121,0.096948
48439113122,0.05862
48439113206,0.088963
48439113207,0.010044
48439113210,0.125261
48439113212,0.009711
48439113213,0.013859
48439113214,0.004817
48439113215,0.002624
48439113216,0.006182
48439113217,0.013143
48439113218,0.007146
48439113221,0.096269
48439113222,0.132289
48439113223,0.027278
48439113301,0.091069
48439113302,0.063464
48439113403,0.011926
48439113404,0.012945
48439113407,0.08058
48439113408,0.036921
48439113409,0.084242
48439113410,0.176037
48439113509,0.004895
48439113510,0.003588
48439113511,0.032151
48439113512,0.008888
48439113513,0.069162
48439113514,0.036769
48439113516,0.005231
48439113517,0.025997
48439113519,0.012368
48439113520,0.022351
48439113521,0.029129
48439113522,0.010366
48439113607,0.026184
48439113611,0.082554
48439113612,0.032424
48439113613,0.02374
48439113618,0.005179
48439113619,0.030287
48439113622,0.082169
48439113623,0.01632
48439113624,0.003674
48439113625,0.010614
48439113626,0.008851
48439113628,0.098918
48439113629,0.00884
48439113630,0.049053
48439113632,0.003994
48439113633,0.007842
48439113634,0.004958
48439113635,0.160165
48439113636,0.051749
48439113637,0.059518
48439113638,0.023577
48439113639,0.010619
48439113640,0.014141
48439113707,0.06127
48439113709,0.022642
48439113710,0.003411
48439113711,0.068764
48439113712,0.028503
48439113713,0.018401
48439113714,0.011092
48439113715,0.040087
48439113716,0.050162
48439113803,0.07128
48439113808,0.016921
48439113809,0.007789
48439113810,0.005165
48439113811,0.083904
48439113812,0.004558
48439113813,0.009455
48439113814,0.008534
48439113815,0.026049
48439113816,0.00879
48439113906,0.009886
48439113908,0.012094
48439113912,0.008551
48439113916,0.027898
48439113917,0.009051
48439113918,0.063151
48439113919,0.018769
48439113920,0.014355
48439113923,0.006127
48439113924,0.002755
48439113925,0.009603
48439113930,0.00512
48439113931,0.026033
48439113932,0.018736
48439113933,0.038411
48439113934,0.003662
48439113935,0.026655
48439113936,0.026433
48439113937,0.035156
48439113938,0.003635
48439113939,0.004127
48439113940,0.011654
48439113941,0.006481
48439113942,0.012283
48439113943,0.006781
48439113944,0.009684
48439113945,0.014481
48439113946,0.012226
48439113947,0.01097
48439113948,0.007153
48439113949,0.003032
48439113950,0.021175
48439113951,0.015777
48439113952,0.007949
48439113953,0.040563
48439113954,0.01625
48439113955,0.003631
48439113956,0.022861
48439113957,0.014068
48439113958,0.037147
48439114003,0.089072
48439114006,0.045683
48439114009,0.002255
48439114010,0.002035
48439114011,0.025486
48439114012,0.005005
48439114013,0.02702
48439114014,0.003469
48439114015,0.099638
48439114105,0.059221
48439114106,0.025556
48439114107,0.025765
48439114108,0.027851
48439114109,0.004154
48439114110,0.083529
48439114111,0.027595
48439114112,0.026905
48439114113,0.003716
48439114203,0.010053
48439114204,0.054263
48439114205,0.017676
48439114206,0.0463
48439114207,0.010579
48439121605,0.018618
48439121606,0.025785
48439121608,0.003545
48439121609,0.016256
48439121610,0.012223
48439121611,0.012026
48439121612,0.23283
48439121613,0.332505
48439121614,0.073723
48439121615,0.162911
48439121702,0.01051
48439121703,0.006863
48439121704,0.00583
48439121904,0.053416
48439121905,0.01863
48439121906,0.040264
48439121907,0.006901
48439121908,0.066733
48439122001,0.005129
48439122002,0.011604
48439122100,0.00446
48439122200,0.057499
48439122300,0.013249
48439122401,0.016693
48439122402,0.007556
48439122500,0.017878
48439122600,0.01895
48439122701,0.007059
48439122702,0.044813
48439122801,0.031439
48439122802,0.006311
48439122901,0.013872
48439122902,0.056447
48439123001,0.185641
48439123002,0.024806
48439123100,0.104803
48439123200,0.063908
48439123301,0.093741
48439123302,0.103816
48439123500,0.02607
48439123600,0.044832
48439123700,0.009465
48439980000,0.20378
48441010100,0.006589
48441010200,0.012236
48441010300,0.004544
48441010400,0.006018
48441010500,0.012605
48441010600,0.006913
48441010700,0.000488
48441010800,0.100387
48441010900,0.062982
48441011000,0.042411
48441011200,0.070663
48441011300,0.018781
48441011400,0.101716
48441011500,0.005085
48441011600,0.012991
48441011700,0.116542
48441011900,0.020671
48441012000,0.046713
48441012100,0.023868
48441012200,0.038068
48441012300,0.003472
48441012400,0.089857
48441012500,0.013292
48441012600,0.067027
48441012701,0.006175
48441012702,0.091026
48441012801,0.08453
48441012802,0.059401
48441012900,0.009603
48441013000,0.133193
48441013100,0.054623
48441013200,0.071153
48441013300,0.061064
48441013401,0.062427
48441013402,0.031346
48441013404,0.023428
48441013501,0.058198
48441013502,0.097411
48441013601,0.052826
48441013602,0.06608
48441980000,0.259646
48443950100,0.038107
48447950300,0.040355
48449950100,0.050023
48449950200,0.098098
48449950301,0.027374
48449950302,0.079584
48449950400,0.106236
48449950500,0.110545
48449950600,0.045864
48449950700,0.216846
48449950800,0.262229
48451000100,0.06985
48451000200,0.275512
48451000300,0.039533
48451000400,0.037172
48451000700,0.076491
48451000801,0.098364
48451000802,0.00367
48451000900,0.032778
48451001000,0.255764
48451001101,0.026642
48451001102,0.021551
48451001200,0.004994
48451001301,0.01312
48451001303,0.021428
48451001304,0.047441
48451001401,0.055165
48451001402,0.111383
48451001500,0.134387
48451001600,0.052642
48451001702,0.184215
48451001706,0.012596
48451001707,0.037484
48451001708,0.181215
48451001709,0.067452
48451001710,0.009343
48451001800,0.093239
48451980000,0.085635
48453000101,0.034302
48453000102,0.029706
48453000203,0.012675
48453000204,0.011901
48453000205,0.008382
48453000206,0.013062
48453000302,0.022707
48453000304,0.030544
48453000305,0.063639
48453000307,0.036137
48453000308,0.123142
48453000309,0.042802
48453000401,0.039759
48453000402,0.013883
48453000500,0.01034
48453000601,0.002438
48453000605,0.033918
48453000606,0.05646
48453000607,0.005205
48453000608,0.05662
48453000700,0.044201
48453000801,0.080365
48453000802,0.020061
48453000803,0.014918
48453000804,0.050918
48453000901,0.105548
48453000902,0.028066
48453001000,0.019256
48453001101,0.034316
48453001102,0.104581
48453001103,0.05793
48453001200,0.005148
48453001304,0.092392
48453001307,0.005425
48453001308,0.016547
48453001309,0.047024
48453001310,0.100281
48453001311,0.008377
48453001312,0.011149
48453001401,0.022111
48453001402,0.089126
48453001403,0.060608
48453001501,0.005037
48453001503,0.010275
48453001504,0.005355
48453001505,0.020983
48453001602,0.008811
48453001603,0.030061
48453001604,0.060786
48453001605,0.016285
48453001606,0.072396
48453001910,0.049774
48453001911,0.088092
48453001912,0.073798
48453001913,0.111886
48453001914,0.008183
48453001915,0.012903
48453001916,0.009847
48453001917,0.199671
48453001918,0.029254
48453001919,0.021391
48453001920,0.060134
48453001921,0.164188
48453001922,0.114296
48453001923,0.19925
48453002002,0.009396
48453002003,0.005503
48453002004,0.018152
48453002006,0.015131
48453002007,0.105347
48453002104,0.007433
48453002105,0.003364
48453002106,0.00528
48453002107,0.007731
48453002108,0.004716
48453002109,0.006019
48453002110,0.059662
48453002111,0.010348
48453002112,0.013655
48453002113,0.00115
48453002201,0.009019
48453002211,0.007514
48453002213,0.011759
48453002214,0.032417
48453002215,0.045607
48453002216,0.02195
48453002217,0.156703
48453002218,0.300299
48453002219,0.031828
48453002220,0.007783
48453002221,0.001271
48453002222,0.029121
48453002304,0.035973
48453002307,0.035367
48453002310,0.093645
48453002313,0.029279
48453002314,0.006186
48453002315,0.030702
48453002316,0.041923
48453002319,0.165294
48453002320,0.035884
48453002321,0.01393
48453002322,0.010299
48453002323,0.012283
48453002324,0.031811
48453002325,0.036296
48453002326,0.313745
48453002327,0.021386
48453002403,0.010096
48453002407,0.010649
48453002409,0.006361
48453002410,0.015218
48453002411,0.023078
48453002412,0.026693
48453002413,0.011064
48453002419,0.002313
48453002422,0.02421
48453002423,0.011882
48453002424,0.052083
48453002430,0.004927
48453002432,0.0507
48453002434,0.093682
48453002436,0.140057
48453002437,0.023135
48453002438,0.008735
48453002439,0.006118
48453002440,0.006293
48453002441,0.008735
48453002442,0.016276
48453002443,0.055131
48453002444,0.022153
48453002445,0.013856
48453002446,0.021122
48453002447,0.059582
48453002448,0.025282
48453002449,0.026836
48453002450,0.147909
48453002451,0.048234
48453002452,0.036024
48453002453,0.054629
48453002500,0.046989
48453030000,0.03557
48453030100,0.064677
48453030200,0.005732
48453030300,0.007516
48453030400,0.025222
48453030500,0.009169
48453030600,0.010335
48453030700,0.005728
48453030800,0.011917
48453030900,0.030558
48453031000,0.017415
48453031100,0.204478
48453031200,0.020991
48453031300,0.003961
48453031400,0.021398
48453031500,0.009243
48453031600,0.047024
48453031700,0.00459
48453031800,0.030352
48453031900,0.028045
48453032000,0.025419
48453032100,0.008701
48453032200,0.028271
48453032300,0.054242
48453032400,0.017062
48453032500,0.009668
48453032600,0.005391
48453032700,0.013156
48453032800,0.265207
48453032900,0.035105
48453033000,0.058791
48453033100,0.085784
48453033200,0.042312
48453033300,0.019654
48453033400,0.007459
48453033500,0.00667
48453033600,0.145887
48453033700,0.004202
48453033800,0.025299
48453033900,0.023009
48453034000,0.0635
48453034100,0.007074
48453034200,0.044734
48453034300,0.008379
48453034400,0.003658
48453034500,0.022404
48453034600,0.06041
48453034700,0.011183
48453034800,0.019014
48453034900,0.039795
48453035000,0.016357
48453035100,0.019647
48453035200,0.069973
48453035300,0.287891
48453035400,0.05805
48453035500,0.002973
48453035600,0.140055
48453035700,0.035439
48453035800,0.024794
48453035900,0.061361
48453036000,0.020738
48453036100,0.05424
48453036200,0.010105
48453036300,0.042643
48453036400,0.16749
48453036500,0.192762
48453036600,0.150938
48453036700,0.122516
48453036800,0.042967
48453036900,0.060594
48453037000,0.165857
48453037100,0.241056
48453037200,0.003202
48453037300,0.014296
48453037400,0.14719
48453037500,0.113148
48453037600,0.008275
48453040000,0.025671
48453040100,0.047104
48453040200,0.001658
48453040300,0.004902
48453040400,0.030385
48453040500,0.003817
48453040600,0.03319
48453040700,0.029369
48453040800,0.009566
48453040900,0.189698
48453041000,0.203352
48453041100,0.252184
48453041200,0.022013
48453041300,0.003825
48453041400,0.026717
48453041500,0.034446
48453041600,0.010199
48453041700,0.035156
48453041800,0.030762
48453041900,0.045362
48453042000,0.021269
48453042100,0.007446
48453042200,0.013893
48453042300,0.043294
48453042400,0.021035
48453042500,0.006868
48453042600,0.023415
48453042700,0.003174
48453042800,0.005371
48453042900,0.008918
48453043000,0.007406
48453043100,0.112407
48453043200,0.248735
48453043300,0.006771
48453043400,0.008423
48453043500,0.076335
48453043600,0.005321
48453043700,0.032967
48453043800,0.009699
48453043900,0.003375
48453044000,0.011312
48453044100,0.007194
48453044200,0.008167
48453044300,0.011922
48453044400,0.013672
48453044500,0.02098
48453044600,0.002604
48453044700,0.009359
48453044800,0.021115
48453044900,0.08431
48453045000,0.004883
48453045100,0.023343
48453045200,0.013997
48453045300,0.014505
48453045400,0.049805
48453045500,0.006419
48453045600,0.062598
48453045700,0.063745
48453045800,0.183226
48453045900,0.216022
48453046000,0.030701
48453046100,0.023114
48453046200,0.094889
48453046300,0.022909
48453046400,0.006608
48453046500,0.009631
48453046600,0.01366
48453046700,0.035523
48453046800,0.007249
48453046900,0.003474
48453047000,0.027099
48453980000,0.094941
48455950100,0.109546
48455950200,0.0403
48455950300,0.109513
48455950400,0.08068
48455950500,0.078686
48459950101,0.027387
48459950102,0.185847
48459950200,0.039822
48459950301,0.079956
48459950302,0.029779
48459950400,0.211826
48459950501,0.066128
48459950502,0.033428
48459950600,0.023266
48459950700,0.097963
48461950100,0.062025
48463950100,0.040258
48463950201,0.094196
48463950202,0.040141
48463950300,0.069355
48463950400,0.094179
48463950500,0.103742
48465950202,0.171501
48465950203,0.212683
48465950301,0.134474
48465950302,0.115708
48465950400,0.139191
48465950501,0.056336
48465950502,0.048183
48465950601,0.315528
48465950602,0.13219
48465950701,0.079032
48465950702,0.076025
48465950801,0.263479
48465950802,0.117275
48465980000,0.046395
48467950100,0.020806
48467950200,0.036817
48467950300,0.070738
48467950400,0.025919
48467950500,0.012677
48467950601,0.107526
48467950602,0.051645
48467950700,0.110977
48467950801,0.035194
48467950802,0.056337
48467950901,0.032752
48467950902,0.173222
48467951001,0.006253
48467951002,0.017782
48469000100,0.268893
48469000201,0.216311
48469000202,0.010074
48469000301,0.164996
48469000302,0.175775
48469000400,0.140578
48469000501,0.075371
48469000502,0.004608
48469000601,0.068559
48469000602,0.061967
48469000700,0.011986
48469000800,0.037026
48469001300,0.126238
48469001401,0.154322
48469001402,0.02754
48469001501,0.131476
48469001503,0.083258
48469001504,0.121928
48469001601,0.009371
48469001604,0.002132
48469001605,0.131302
48469001607,0.10933
48469001608,0.019825
48469001700,0.021737
48469980000,0.371317
48471790101,0.015762
48471790102,0.041671
48471790103,0.136243
48471790200,0.051163
48471790301,0.041083
48471790302,0.050687
48471790401,0.187559
48471790402,0.107703
48471790500,0.117203
48471790600,0.052099
48471790700,0.035859
48471790800,0.079806
48473680100,0.044414
48473680201,0.014665
48473680202,0.06638
48473680301,0.049507
48473680302,0.072497
48473680303,0.039758
48473680501,0.024361
48473680502,0.040327
48473680601,0.157756
48473680602,0.019745
48473980000,0.039642
48477170100,0.107731
48477170201,0.064257
48477170202,0.127837
48477170300,0.038429
48477170400,0.096474
48477170501,0.04112
48477170502,0.072195
48477170601,0.055109
48477170602,0.182401
48479000101,0.048101
48479000105,0.064943
48479000106,0.037988
48479000107,0.038845
48479000108,0.002677
48479000109,0.176676
48479000200,0.038782
48479000300,0.009898
48479000601,0.008708
48479000602,0.029786
48479000700,0.078786
48479000800,0.001607
48479000901,0.004954
48479000903,0.099742
48479000904,0.000456
48479001001,0.00086
48479001003,0.029495
48479001004,0.016493
48479001101,0.09006
48479001103,0.109582
48479001104,0.013808
48479001105,0.13876
48479001201,0.046571
48479001202,0.02474
48479001300,0.053564
48479001401,0.02661
48479001402,0.026042
48479001501,0.113954
48479001502,0.022529
48479001601,0.011507
48479001602,0.02812
48479001706,0.039469
48479001709,0.004159
48479001710,0.169836
48479001711,0.032112
48479001714,0.09425
48479001715,0.119417
48479001716,0.001465
48479001717,0.133994
48479001718,0.03642
48479001719,0.006316
48479001720,0.135232
48479001721,0.012858
48479001722,0.016883
48479001723,0.017348
48479001724,0.037435
48479001725,0.028523
48479001726,0.041068
48479001727,0.008754
48479001806,0.021221
48479001809,0.158678
48479001810,0.282709
48479001811,0.143429
48479001813,0.380799
48479001815,0.078118
48479001816,0.243218
48479001818,0.356842
48479001819,0.194326
48479001820,0.127944
48479001821,0.000551
48479001822,0.001393
48479001823,0.001067
48479001824,0.121848
48479001825,0.048359
48479001826,0.051978
48479001827,0.262617
48479001828,0.053809
48479001900,0.005907
48479980000,0.106612
48481740100,0.009349
48481740200,0.078178
48481740300,0.021267
48481740400,0.100624
48481740500,0.01571
48481740600,0.087744
48481740700,0.100634
48481740800,0.111793
48481740901,0.026503
48481740902,0.136747
48481741000,0.040005
48481741100,0.099702
48489950300,0.148399
48489950400,0.057732
48489950500,0.033367
48489950600,0.088536
48489950700,0.030562
48491020106,0.024836
48491020108,0.01326
48491020109,0.01888
48491020111,0.031521
48491020113,0.013349
48491020114,0.086527
48491020115,0.009004
48491020116,0.038208
48491020117,0.247874
48491020118,0.067146
48491020119,0.01257
48491020120,0.03525
48491020121,0.063966
48491020122,0.128004
48491020123,0.09204
48491020124,0.198375
48491020201,0.02283
48491020203,0.006999
48491020205,0.023955
48491020206,0.11581
48491020207,0.172246
48491020208,0.283103
48491020310,0.013094
48491020311,0.040145
48491020319,0.005912
48491020321,0.100131
48491020323,0.003934
48491020325,0.054933
48491020326,0.00814
48491020327,0.091501
48491020329,0.0625
48491020330,0.032159
48491020331,0.088292
48491020332,0.0436
48491020333,0.002992
48491020334,0.006023
48491020335,0.00963
48491020336,0.004128
48491020337,0.067607
48491020338,0.007324
48491020339,0.005371
48491020340,0.005038
48491020341,0.016664
48491020342,0.20436
48491020343,0.005764
48491020344,0.1562
48491020345,0.008659
48491020346,0.012208
48491020347,0.007053
48491020348,0.025982
48491020349,0.05262
48491020350,0.00366
48491020351,0.017904
48491020352,0.044375
48491020353,0.032172
48491020354,0.006185
48491020355,0.030267
48491020356,0.026674
48491020403,0.003512
48491020404,0.003946
48491020405,0.017537
48491020406,0.009497
48491020408,0.057495
48491020409,0.056683
48491020410,0.004763
48491020411,0.017293
48491020503,0.022692
48491020505,0.072103
48491020507,0.020637
48491020508,0.019676
48491020509,0.008054
48491020511,0.058737
48491020512,0.023115
48491020513,0.027669
48491020514,0.013306
48491020515,0.048503
48491020516,0.005351
48491020517,0.014056
48491020602,0.016047
48491020604,0.009996
48491020606,0.011353
48491020607,0.016603
48491020608,0.004761
48491020609,0.018555
48491020701,0.010561
48491020704,0.010623
48491020706,0.053792
48491020707,0.007509
48491020709,0.017124
48491020710,0.056678
48491020711,0.181757
48491020712,0.004707
48491020713,0.011191
48491020808,0.013297
48491020810,0.020632
48491020811,0.010976
48491020812,0.023443
48491020813,0.018557
48491020814,0.005965
48491020815,0.010091
48491020816,0.116425
48491020817,0.104582
48491020818,0.106658
48491020819,0.046724
48491020820,0.012285
48491020821,0.01637
48491020822,0.078772
48491020900,0.018216
48491021000,0.071425
48491021100,0.019759
48491021201,0.086141
48491021202,0.146713
48491021203,0.21233
48491021300,0.028798
48491021402,0.042374
48491021404,0.195439
48491021405,0.013781
48491021406,0.024343
48491021407,0.041667
48491021502,0.067301
48491021503,0.021493
48491021506,0.039551
48491021509,0.015422
48491021510,0.027967
48491021511,0.026046
48491021512,0.020821
48491021513,0.013029
48491021514,0.004948
48491021515,0.056411
48491021516,0.00529
48491021517,0.007743
48491021518,0.00279
48491021601,0.05831
48491021602,0.08117
48491021603,0.021163
48493000102,0.084713
48493000103,0.003005
48493000104,0.046298
48493000201,0.03467
48493000202,0.00685
48493000300,0.084425
48493000402,0.121132
48493000404,0.155813
48493000405,0.012513
48493000406,0.272149
48493000500,0.163226
48493000600,0.019841
48497150101,0.064746
48497150103,0.239621
48497150104,0.009514
48497150201,0.211167
48497150202,0.118353
48497150300,0.066954
48497150402,0.054335
48497150403,0.036308
48497150404,0.035183
48497150405,0.146685
48497150500,0.174091
48497150603,0.105026
48497150604,0.039108
48497150605,0.026712
48497150606,0.138952
48497150607,0.214171
48499950100,0.038639
48499950200,0.062527
48499950301,0.025784
48499950303,0.028277
48499950304,0.098799
48499950401,0.047155
48499950402,0.266556
48499950500,0.059611
48499950601,0.018892
48499950602,0.045193
48499950700,0.039033
48499950800,0.125107
48503950200,0.029588
48503950401,0.154038
48503950402,0.042644
48503950500,0.077235
48503950600,0.09788
48505950303,0.277106
48505950304,0.15098
48505950305,0.317028
48505950306,0.327539
48505950401,0.251939
48505950402,0.174744
48507950100,0.252744
48507950200,0.152576
48507950301,0.0949
48507950302,0.081413
53001950100,0.099237
53001950200,0.167701
53001950301,0.027415
53001950302,0.065507
53001950303,0.227683
53001950400,0.154392
53001950500,0.005879
53003960100,0.098541
53003960200,0.041514
53005010100,0.191423
53005010201,0.082113
53005010203,0.003194
53005010204,0.060494
53005010300,0.122457
53005010400,0.002348
53005010500,0.143455
53005010600,0.039203
53005010701,0.041087
53005010703,0.086861
53005010705,0.029175
53005010707,0.002115
53005010708,0.18024
53005010807,0.031917
53005010809,0.032473
53005010810,0.003983
53005010811,0.038641
53005010814,0.045442
53005010815,0.004727
53005010816,0.032786
53005010817,0.014445
53005010818,0.029294
53005010819,0.019645
53005010820,0.03353
53005010901,0.039747
53005010902,0.010989
53005011001,0.03255
53005011002,0.024435
53005011100,0.036765
53005011201,0.001872
53005011202,0.073602
53005011300,0.080742
53005011401,0.007812
53005011402,0.004647
53005011501,0.1032
53005011504,0.006523
53005011505,0.075041
53005011506,0.164237
53005011600,0.125283
53005011701,0.03648
53005011702,0.024458
53005011801,0.042196
53005011802,0.02843
53005011900,0.025485
53005012000,0.037686
53007960100,0.103943
53007960201,0.152524
53007960202,0.055674
53007960203,0.10716
53007960301,0.099346
53007960302,0.034432
53007960303,0.086497
53007960400,0.057742
53007960501,0.098461
53007960502,0.06444
53007960600,0.235573
53007960700,0.031373
53007960801,0.004476
53007960803,0.00308
53007960804,0.045149
53007961001,0.002075
53007961002,0.115578
53007961101,0.004065
53007961102,0.00306
53007961200,0.023437
53007961301,0.009879
53007961303,0.003287
53007961304,0.005159
53013960200,0.017764
53017950101,0.090315
53017950102,0.129508
53017950200,0.075191
53017950300,0.021547
53017950400,0.021861
53017950500,0.009671
53017950600,0.003962
53017950700,0.00237
53017950800,0.005609
53019940000,0.028031
53019970100,0.116868
53019970200,0.118633
53021020101,0.161991
53021020102,0.062404
53021020103,0.022387
53021020201,0.004639
53021020202,0.002425
53021020300,0.06165
53021020401,0.029323
53021020402,0.007858
53021020403,0.005707
53021020404,0.006987
53021020501,0.090495
53021020503,0.020903
53021020504,0.033882
53021020603,0.00306
53021020605,0.069278
53021020606,0.05645
53021020607,0.00246
53021020608,0.022741
53021020700,0.182394
53021020801,0.134574
53021020802,0.136466
53021980100,0.010827
53023970300,0.060251
53025010100,0.134429
53025010200,0.015861
53025010300,0.195845
53025010401,0.154116
53025010402,0.059252
53025010500,0.036592
53025010600,0.121645
53025010700,0.102763
53025010800,0.011294
53025010901,0.022162
53025010903,0.01711
53025010904,0.00319
53025011001,0.118112
53025011002,0.034503
53025011101,0.109228
53025011102,0.190472
53025011200,0.04107
53025011300,0.067524
53025011401,0.130154
53025011403,0.015592
53025011404,0.110503
53025011405,0.302489
53025011406,0.048346
53033031502,0.149212
53033032706,0.069266
53033032800,0.092426
53037975101,0.083242
53037975102,0.05496
53037975103,0.093213
53037975104,0.135011
53037975201,0.073933
53037975202,0.015422
53037975203,0.213847
53037975300,0.061743
53037975402,0.11065
53037975403,0.005019
53037975404,0.030304
53037975500,0.052833
53037975600,0.106867
53037975700,0.156111
53039950101,0.060131
53039950102,0.068197
53039950103,0.237944
53039950200,0.093786
53039950302,0.090206
53041972000,0.061653
53043960100,0.197463
53043960200,0.102009
53043960300,0.072115
53043960400,0.108674
53047940100,0.131145
53047940200,0.095542
53047970301,0.010441
53047970302,0.149191
53047970303,0.122429
53047970400,0.094293
53047970500,0.196015
53047970601,0.170641
53047970602,0.182552
53047970700,0.097188
53047970800,0.042617
53047970900,0.064947
53047971000,0.089218
53051970100,0.093322
53051970200,0.089072
53051970300,0.038821
53051970400,0.033725
53051970500,0.075795
53053070100,0.110474
53057951101,0.172766
53057951102,0.092257
53057951200,0.04053
53059950100,0.063621
53059950400,0.124045
53061053606,0.007062
53061053700,0.027459
53061053801,0.038733
53061053803,0.066293
53063000201,0.028225
53063000202,0.010214
53063000301,0.003422
53063000302,0.023522
53063000400,0.026957
53063000500,0.112772
53063000600,0.017131
53063000700,0.044699
53063000800,0.055626
53063000900,0.02758
53063001000,0.013665
53063001100,0.003493
53063001200,0.048503
53063001300,0.106096
53063001400,0.062971
53063001500,0.126086
53063001600,0.004121
53063001800,0.238599
53063001900,0.039726
53063002000,0.129183
53063002100,0.187073
53063002300,0.009313
53063002400,0.014195
53063002501,0.075167
53063002502,0.040062
53063002503,0.092581
53063002600,0.010986
53063002900,0.001177
53063003000,0.005597
53063003100,0.008394
53063003200,0.010917
53063003500,0.053074
53063003601,0.003812
53063003602,0.027843
53063003800,0.031574
53063003900,0.033483
53063004001,0.02945
53063004002,0.040117
53063004100,0.004002
53063004200,0.006104
53063004300,0.003113
53063004400,0.013506
53063004500,0.010225
53063004601,0.007384
53063004602,0.00242
53063004701,0.007655
53063004702,0.016911
53063004800,0.004295
53063004900,0.053385
53063005000,0.025081
53063010101,0.16948
53063010102,0.384142
53063010201,0.060384
53063010203,0.006215
53063010204,0.063474
53063010301,0.016434
53063010303,0.02865
53063010304,0.078033
53063010305,0.207609
53063010401,0.082717
53063010403,0.050704
53063010404,0.006429
53063010504,0.224412
53063010505,0.162049
53063010506,0.018462
53063010507,0.055905
53063010508,0.013919
53063010601,0.130405
53063010603,0.049479
53063010604,0.006943
53063010701,0.022661
53063010702,0.00167
53063010800,0.043586
53063010901,0.086362
53063010902,0.006656
53063011000,0.073139
53063011102,0.012503
53063011103,0.045829
53063011104,0.017688
53063011202,0.01916
53063011203,0.018976
53063011204,0.058893
53063011301,0.002578
53063011302,0.041183
53063011400,0.004049
53063011500,0.343654
53063011600,0.219097
53063011701,0.083309
53063011702,0.036632
53063011800,0.093222
53063011900,0.118408
53063012000,0.030231
53063012100,0.024499
53063012200,0.030744
53063012300,0.088244
53063012401,0.032582
53063012402,0.067685
53063012500,0.107764
53063012600,0.247201
53063012701,0.273584
53063012702,0.306916
53063012801,0.124531
53063012802,0.0023
53063012901,0.010967
53063012902,0.011353
53063013001,0.003597
53063013002,0.018881
53063013003,0.003722
53063013101,0.007073
53063013102,0.102535
53063013201,0.041145
53063013300,0.098989
53063013401,0.017546
53063013501,0.025391
53063013502,0.044102
53063013503,0.029352
53063013600,0.126731
53063013700,0.01347
53063013800,0.366508
53063013900,0.168087
53063014001,0.152535
53063014002,0.176668
53063014100,0.154786
53063014200,0.120598
53063014300,0.018038
53063014400,0.009776
53063014500,0.086101
53065941000,0.123263
53065950101,0.178519
53065950102,0.121632
53065950200,0.021516
53065950300,0.163457
53065950500,0.105903
53065950600,0.137091
53065950700,0.224027
53065950800,0.127531
53065950900,0.036927
53065951100,0.058704
53065951301,0.041896
53065951302,0.337113
53065951401,0.036638
53065951402,0.047603
53071920000,0.095877
53071920100,0.066196
53071920200,0.008146
53071920302,0.005659
53071920400,0.074061
53071920500,0.012744
53071920600,0.032628
53071920701,0.026347
53071920702,0.006234
53071920801,0.016637
53071920802,0.072917
53071920901,0.003696
53073010103,0.167569
53075000100,0.200781
53075000201,0.18264
53075000202,0.228861
53075000300,0.090708
53075000400,0.331241
53075000500,0.207088
53075000601,0.113092
53075000602,0.186206
53075000700,0.069522
53075000800,0.050817
53075000900,0.050079
53075001000,0.122847
53077000100,0.025852
53077000200,0.026794
53077000301,0.07932
53077000302,0.04212
53077000401,0.004176
53077000402,0.020032
53077000500,0.008228
53077000600,0.005225
53077000700,0.036832
53077000800,0.007507
53077000902,0.006405
53077000903,0.008464
53077000904,0.005615
53077001000,0.00638
53077001100,0.008209
53077001201,0.003011
53077001202,0.006212
53077001300,0.103785
53077001400,0.026815
53077001502,0.025094
53077001503,0.040647
53077001504,0.023666
53077001601,0.081529
53077001602,0.093115
53077001701,0.120487
53077001702,0.025556
53077001801,0.132042
53077001802,0.12524
53077001901,0.108997
53077001902,0.00293
53077002003,0.005697
53077002004,0.032309
53077002005,0.066681
53077002006,0.02498
53077002101,0.09798
53077002103,0.048483
53077002104,0.011453
53077002201,0.030369
53077002202,0.061463
53077002701,0.008101
53077002801,0.011013
53077002803,0.024441
53077002804,0.003743
53077002900,0.027072
53077003002,0.003269
53077003003,0.058448
53077003004,0.094687
53077003100,0.047263
53077003200,0.022259
53077003400,0.013625
53077940001,0.019944
53077940002,0.015059
53077940003,0.096035
53077940005,0.054842
53077940006,0.000788
53077940007,0.015082
53077940008,0.023763
