GEOID,coverage_gap_score
40001376600,0.107927
40001376700,0.103385
40001376800,0.185782
40001376900,0.217446
40001377000,0.193113
40003955600,0.144892
40003955700,0.137868
40003956000,0.157749
40005587600,0.110424
40005587700,0.173014
40005587800,0.157792
40005587900,0.033132
40009966100,0.182664
40009966200,0.225573
40009966800,0.160721
40011958600,0.250788
40011958700,0.235891
40011958800,0.104989
40011958900,0.168498
40011959000,0.144536
40013795600,0.145539
40013795700,0.068166
40013795900,0.0647
40013796002,0.103426
40013796003,0.129884
40013796004,0.342979
40013796101,0.120741
40013796102,0.110033
40013796200,0.176197
40013796300,0.129304
40013796400,0.135721
40013796500,0.137347
40013796600,0.07869
40015161601,0.16521
40015161602,0.163708
40015161700,0.140056
40015161800,0.111564
40015161900,0.07881
40015162000,0.16647
40015162101,0.232308
40015162102,0.210294
40015162200,0.093918
40015162300,0.141357
40017300100,0.264311
40017300201,0.177067
40017300202,0.199251
40017300300,0.309661
40017300400,0.403416
40017300500,0.299576
40017300600,0.211466
40017300701,0.160673
40017300702,0.128549
40017300802,0.339581
40017300803,0.231411
40017300804,0.328558
40017300805,0.227333
40017300806,0.215293
40017300901,0.200492
40017300902,0.230716
40017300904,0.11491
40017300905,0.101775
40017301001,0.121047
40017301003,0.243957
40017301006,0.050641
40017301010,0.285006
40017301011,0.188823
40017301012,0.07771
40017301013,0.04684
40017301014,0.146441
40017301015,0.100953
40017301100,0.12958
40017301201,0.308643
40017301202,0.288772
40017301301,0.193395
40017301302,0.208881
40017301406,0.146983
40017301407,0.241028
40017301408,0.189706
40017301409,0.324913
40017301410,0.290924
40019892100,0.13553
40019892200,0.211396
40019892301,0.207189
40019892302,0.19053
40019892400,0.125728
40019892501,0.266772
40019892502,0.143751
40019892601,0.303823
40019892602,0.189506
40019892700,0.203113
40019892801,0.017912
40019892802,0.21833
40019892900,0.081884
40019893001,0.199691
40019893002,0.108509
40019893100,0.101612
40021977600,0.24028
40021977701,0.250772
40021977702,0.258194
40021977801,0.0987
40021977802,0.141636
40021977901,0.322065
40021977902,0.108484
40021978000,0.104312
40021978100,0.172268
40021978201,0.148764
40021978202,0.111655
40021978301,0.224945
40021978302,0.291593
40023966900,0.114888
40023967000,0.121033
40023967100,0.162404
40023967200,0.17395
40023967300,0.164522
40027200100,0.031912
40027200200,0.104571
40027200300,0.015216
40027200400,0.014558
40027200500,0.026441
40027200602,0.115588
40027200603,0.021752
40027200604,0.26085
40027200700,0.282426
40027200800,0.166555
40027200900,0.025656
40027201000,0.054051
40027201102,0.023147
40027201103,0.064721
40027201104,0.139622
40027201201,0.009587
40027201202,0.032349
40027201204,0.008568
40027201205,0.093011
40027201302,0.183662
40027201303,0.069814
40027201403,0.148732
40027201404,0.129622
40027201405,0.066371
40027201505,0.157275
40027201508,0.032353
40027201509,0.042547
40027201511,0.006786
40027201512,0.076747
40027201513,0.169357
40027201514,0.034353
40027201602,0.273325
40027201603,0.144817
40027201604,0.15141
40027201607,0.022643
40027201609,0.053451
40027201610,0.127752
40027201611,0.043336
40027201612,0.173052
40027201700,0.156767
40027201801,0.012205
40027201802,0.021724
40027201902,0.013149
40027201903,0.069216
40027201904,0.072395
40027202002,0.013935
40027202004,0.032427
40027202005,0.016977
40027202006,0.043529
40027202007,0.254018
40027202008,0.006644
40027202102,0.109346
40027202104,0.080987
40027202105,0.240639
40027202106,0.147574
40027202107,0.294834
40027202201,0.236964
40027202203,0.161855
40027202205,0.010377
40027202207,0.100036
40027202208,0.105293
40027202301,0.308892
40027202302,0.033495
40027202403,0.192116
40027202404,0.208137
40027202405,0.090382
40027202406,0.101148
40027202407,0.313804
40027202501,0.192506
40027202502,0.188769
40027202600,0.122814
40029388100,0.120496
40029388200,0.133006
40031000100,0.098656
40031000200,0.129799
40031000300,0.037803
40031000402,0.077786
40031000403,0.006442
40031000404,0.015722
40031000405,0.072117
40031000503,0.005016
40031000504,0.017628
40031000505,0.01922
40031000506,0.053738
40031000600,0.023338
40031000700,0.006545
40031000800,0.014864
40031000900,0.007398
40031001000,0.00998
40031001100,0.007995
40031001400,0.019927
40031001500,0.013815
40031001600,0.012319
40031001700,0.019467
40031001901,0.121624
40031001902,0.150866
40031002001,0.02179
40031002003,0.224568
40031002004,0.192036
40031002005,0.065634
40031002101,0.171748
40031002102,0.172143
40031002201,0.147749
40031002202,0.197579
40031002301,0.124166
40031002302,0.060271
40031002401,0.29949
40031002403,0.199412
40031002405,0.112363
40031002406,0.026067
40031002500,0.038342
40033871100,0.129306
40033871200,0.234157
40035373100,0.099994
40035373200,0.160719
40035373300,0.194089
40035373400,0.168285
40035373500,0.144498
40037020101,0.292733
40037020102,0.239203
40037020103,0.191083
40037020602,0.158824
40037020603,0.231345
40037020604,0.048179
40037020702,0.198945
40037020704,0.220532
40037020705,0.334768
40037020706,0.215896
40037020707,0.253238
40037020800,0.13045
40037020900,0.242438
40037021000,0.183686
40037021101,0.172894
40037021102,0.14572
40037021201,0.186786
40037021202,0.247101
40037021300,0.282053
40037021401,0.228288
40037021402,0.253474
40037021500,0.16086
40037021600,0.418492
40039950800,0.208146
40039960401,0.222492
40039960402,0.180826
40039960600,0.183549
40039960701,0.151293
40039960702,0.334737
40039961000,0.108224
40041375601,0.197003
40041375602,0.399078
40041375701,0.233408
40041375702,0.210924
40041375803,0.089293
40041375804,0.31311
40041375805,0.457494
40041375806,0.214909
40041375901,0.269742
40041375902,0.165705
40041376000,0.224383
40041376100,0.216199
40041976200,0.205225
40043959100,0.136975
40043959200,0.178839
40043959300,0.177734
40045952600,0.152925
40045952800,0.192971
40047000101,0.044239
40047000102,0.170166
40047000200,0.310144
40047000601,0.247713
40047000602,0.324658
40047000701,0.014528
40047000702,0.088743
40047001100,0.175918
40047001200,0.114999
40047001301,0.165531
40047001302,0.175623
40047001401,0.252001
40047001402,0.307535
40047001500,0.236937
40047001602,0.161091
40047001603,0.191891
40047001604,0.240161
40049681100,0.188471
40049681200,0.165871
40049681300,0.162377
40049681400,0.18792
40049681500,0.138909
40049681600,0.08457
40049681700,0.135058
40049681800,0.158835
40049681900,0.176333
40051000100,0.244125
40051000400,0.041788
40051000501,0.022945
40051000502,0.149625
40051000600,0.161562
40051000701,0.084377
40051000702,0.137112
40051000801,0.201316
40051000802,0.206128
40051000901,0.132012
40051000902,0.207053
40051000904,0.362338
40051000905,0.196142
40051000906,0.16174
40051001000,0.252492
40053956400,0.248176
40053956500,0.117517
40055967100,0.205848
40055967200,0.166617
40059952100,0.109279
40059952200,0.110635
40061279100,0.097694
40061279200,0.235369
40061279300,0.114341
40061279400,0.141186
40063484600,0.095411
40063484700,0.130007
40063484800,0.183615
40063484900,0.165223
40063485000,0.208279
40065968100,0.112275
40065968200,0.177483
40065968300,0.194958
40065968400,0.162727
40065968500,0.12611
40065968600,0.201748
40065968700,0.339119
40065968800,0.338326
40067371600,0.098995
40067371700,0.131448
40067371800,0.130057
40069660198,0.147273
40069660201,0.184647
40069660202,0.328658
40069660300,0.171359
40071000100,0.028129
40071000201,0.147228
40071000202,0.081393
40071000300,0.055005
40071000400,0.187282
40071000500,0.080157
40071000600,0.127115
40071001100,0.235793
40071001200,0.216845
40071001301,0.343726
40071001302,0.201371
40073958100,0.174033
40073958200,0.101023
40073958300,0.161858
40073958400,0.111024
40075963600,0.104771
40075963700,0.10596
40075964200,0.112974
40077087100,0.123349
40077087200,0.189913
40077087300,0.151879
40079040102,0.16582
40079040198,0.20977
40079040299,0.105535
40079040301,0.113226
40079040302,0.08294
40079040303,0.08494
40079040401,0.138625
40079040402,0.189544
40079040500,0.151141
40079040601,0.183578
40079040602,0.196277
40079040700,0.16016
40081961100,0.177991
40081961200,0.117726
40081961300,0.140935
40081961401,0.178794
40081961402,0.080638
40081961500,0.248683
40081961600,0.146523
40081961700,0.174815
40083600101,0.177787
40083600200,0.25011
40083600300,0.227834
40083600401,0.183891
40083600402,0.037869
40083600501,0.197607
40083600502,0.290703
40083600600,0.215793
40083600700,0.21405
40083600801,0.084867
40083600802,0.198724
40083600903,0.165032
40083601000,0.236179
40085094100,0.258552
40085094200,0.172871
40085094300,0.231129
40087400103,0.153642
40087400104,0.177304
40087400105,0.194435
40087400106,0.225421
40087400201,0.127662
40087400203,0.133443
40087400204,0.202523
40087400300,0.211603
40087400400,0.135708
40089098200,0.095798
40089098300,0.17715
40089098400,0.112235
40089098501,0.187694
40089098502,0.157014
40089098600,0.138217
40089098700,0.123659
40089098800,0.182096
40089098900,0.188373
40091779601,0.237321
40091779602,0.265722
40091779700,0.144052
40091779900,0.216191
40091780100,0.253168
40091780200,0.164393
40091780301,0.107912
40091780302,0.184513
40093955100,0.177335
40093955200,0.103199
40093955300,0.185031
40095094698,0.161151
40095094700,0.174801
40095094803,0.14782
40095094804,0.450014
40095094805,0.254206
40095094806,0.350829
40097040100,0.22045
40097040200,0.191453
40097040300,0.12415
40097040400,0.152313
40097040501,0.207801
40097040502,0.22336
40097040600,0.123447
40097040700,0.146087
40097040801,0.213189
40097040802,0.123597
40099790600,0.083211
40099790701,0.131527
40099790702,0.147411
40099790801,0.248774
40099790802,0.205855
40101000100,0.195186
40101000200,0.204831
40101000300,0.196741
40101000400,0.204547
40101000600,0.158639
40101000700,0.155224
40101000801,0.012716
40101000802,0.168743
40101000901,0.166213
40101000902,0.021282
40101001000,0.186118
40101001100,0.100851
40101001200,0.244843
40101001301,0.146367
40101001302,0.233666
40101001401,0.231825
40101001402,0.099881
40101001501,0.175817
40101001502,0.084468
40101001600,0.194873
40103956600,0.160782
40103956900,0.263141
40103957000,0.250275
40103957100,0.212093
40105172100,0.095712
40105172200,0.092394
40105172300,0.126961
40105172400,0.131448
40107080600,0.142704
40107080700,0.125004
40107080900,0.167508
40107081000,0.129206
40109100100,0.008479
40109100201,0.006842
40109100202,0.23377
40109100203,0.013949
40109100300,0.076525
40109100400,0.00865
40109100500,0.158053
40109100800,0.110652
40109100900,0.008546
40109101000,0.08892
40109101100,0.267371
40109101200,0.156997
40109101300,0.078461
40109101400,0.017644
40109101500,0.030292
40109101800,0.290096
40109101900,0.04639
40109102000,0.052228
40109102100,0.029273
40109102200,0.033624
40109102300,0.012836
40109102400,0.021507
40109102500,0.146748
40109103200,0.084171
40109103300,0.011931
40109103900,0.010355
40109104100,0.008598
40109104200,0.061634
40109104300,0.058268
40109104400,0.016975
40109104500,0.012056
40109104600,0.005853
40109104700,0.021333
40109104800,0.163
40109104900,0.019846
40109105000,0.019486
40109105101,0.052166
40109105201,0.010012
40109105202,0.017587
40109105300,0.130825
40109105400,0.049371
40109105500,0.017164
40109105600,0.029178
40109105903,0.162116
40109105904,0.074728
40109105905,0.046793
40109105906,0.01182
40109105907,0.03989
40109106000,0.095471
40109106100,0.087286
40109106200,0.087504
40109106301,0.013661
40109106302,0.038681
40109106303,0.012202
40109106401,0.050973
40109106402,0.064053
40109106403,0.013586
40109106501,0.017978
40109106502,0.08486
40109106503,0.025306
40109106601,0.122128
40109106602,0.144835
40109106606,0.074922
40109106607,0.025549
40109106608,0.120876
40109106609,0.158045
40109106610,0.011575
40109106611,0.039419
40109106702,0.013488
40109106704,0.129368
40109106705,0.202445
40109106706,0.017791
40109106708,0.018975
40109106709,0.020754
40109106710,0.032367
40109106801,0.186186
40109106802,0.175226
40109106803,0.18361
40109106804,0.04624
40109106902,0.040843
40109106903,0.135371
40109106906,0.042708
40109106907,0.005829
40109106909,0.032823
40109106910,0.006582
40109106911,0.004096
40109106912,0.010667
40109106913,0.073954
40109106914,0.021636
40109106916,0.028176
40109106917,0.019689
40109107001,0.073954
40109107002,0.11536
40109107101,0.211649
40109107103,0.026827
40109107104,0.108999
40109107206,0.029367
40109107207,0.029532
40109107212,0.106592
40109107213,0.091868
40109107214,0.104019
40109107215,0.029175
40109107216,0.006175
40109107217,0.010736
40109107218,0.008614
40109107219,0.00698
40109107220,0.018922
40109107221,0.053079
40109107222,0.01551
40109107223,0.02021
40109107224,0.023832
40109107225,0.007022
40109107226,0.006311
40109107302,0.037768
40109107303,0.021141
40109107305,0.004791
40109107306,0.012012
40109107401,0.054659
40109107404,0.040156
40109107405,0.065521
40109107406,0.049486
40109107407,0.092278
40109107601,0.056383
40109107604,0.011961
40109107605,0.004412
40109107608,0.006443
40109107703,0.014296
40109107704,0.016956
40109107705,0.015938
40109107706,0.008256
40109107707,0.011152
40109107801,0.012027
40109107804,0.012446
40109107805,0.113128
40109107806,0.032756
40109107807,0.005369
40109107808,0.023591
40109107809,0.006178
40109107810,0.010963
40109107900,0.281059
40109108003,0.034378
40109108005,0.099187
40109108006,0.009237
40109108007,0.012794
40109108008,0.031935
40109108009,0.034845
40109108010,0.037749
40109108011,0.040011
40109108101,0.329652
40109108106,0.178779
40109108107,0.164942
40109108109,0.148484
40109108110,0.163641
40109108113,0.173207
40109108114,0.175635
40109108201,0.089252
40109108203,0.007951
40109108204,0.050463
40109108207,0.093701
40109108208,0.015094
40109108215,0.053958
40109108216,0.033389
40109108217,0.013733
40109108222,0.012677
40109108223,0.025838
40109108224,0.02957
40109108225,0.037055
40109108226,0.019831
40109108227,0.00277
40109108228,0.03551
40109108229,0.020201
40109108230,0.009307
40109108231,0.006957
40109108232,0.011862
40109108233,0.015447
40109108234,0.017933
40109108235,0.013999
40109108236,0.022466
40109108237,0.037983
40109108238,0.038638
40109108301,0.024773
40109108302,0.076343
40109108304,0.077489
40109108307,0.01176
40109108309,0.019803
40109108310,0.007964
40109108314,0.029334
40109108317,0.01351
40109108318,0.021364
40109108319,0.074933
40109108320,0.009667
40109108321,0.029482
40109108322,0.035708
40109108323,0.053253
40109108324,0.010168
40109108325,0.024572
40109108326,0.02499
40109108402,0.038278
40109108403,0.023069
40109108404,0.005515
40109108506,0.140304
40109108507,0.174583
40109108508,0.228677
40109108513,0.030212
40109108514,0.138146
40109108515,0.076471
40109108520,0.087493
40109108521,0.252597
40109108523,0.05672
40109108524,0.026467
40109108525,0.017059
40109108526,0.110107
40109108527,0.059768
40109108528,0.006855
40109108529,0.005336
40109108530,0.019437
40109108531,0.05833
40109108532,0.26701
40109108533,0.283816
40109108534,0.067253
40109108535,0.022979
40109108536,0.018963
40109108537,0.026812
40109108538,0.079691
40109108603,0.180172
40109108604,0.03622
40109108701,0.166776
40109108706,0.033532
40109108707,0.016923
40109108708,0.19489
40109108709,0.159615
40109108710,0.036811
40109108711,0.028396
40109108712,0.174801
40109108713,0.250587
40109108802,0.225028
40109108803,0.027936
40109108804,0.046285
40109108805,0.195663
40109108806,0.008094
40109108807,0.015827
40109108900,0.408289
40109109001,0.227284
40109109003,0.175256
40109109004,0.181782
40109109202,0.260042
40109109203,0.293508
40109109204,0.256282
40109109205,0.211395
40109109300,0.133461
40109109400,0.021528
40109109500,0.016559
40109109600,0.021206
40109109700,0.021024
40109109800,0.080483
40109109900,0.016746
40109110000,0.011523
40109980001,0.028622
40109980002,0.224193
40109980003,0.044175
40109980004,0.052154
40109980005,0.021665
40109980006,0.046115
40109980007,0.162904
40109980008,0.029175
40109980009,0.365751
40111000100,0.191206
40111000200,0.21744
40111000300,0.232555
40111000400,0.159787
40111000500,0.263417
40111000601,0.178442
40111000602,0.134644
40111000700,0.097529
40111000800,0.160081
40111000901,0.210003
40111000902,0.213104
40113940001,0.192485
40113940003,0.239347
40113940004,0.196795
40113940005,0.176779
40113940006,0.007608
40113940007,0.250651
40113940008,0.202276
40113940009,0.251334
40113940011,0.175572
40113940012,0.196309
40113940013,0.282575
40113940014,0.424942
40113940015,0.207653
40115574100,0.17716
40115574200,0.291727
40115574300,0.199357
40115574400,0.266616
40115574500,0.311606
40115574600,0.223038
40115574700,0.223269
40115574800,0.151065
40115574900,0.202836
40117957100,0.194596
40117957200,0.171886
40117957300,0.19074
40117957400,0.234868
40117957500,0.176861
40119010101,0.159666
40119010102,0.089491
40119010201,0.029126
40119010202,0.037682
40119010300,0.135999
40119010400,0.150104
40119010501,0.206012
40119010502,0.048865
40119010503,0.152833
40119010600,0.231828
40119010700,0.091382
40119010800,0.275231
40119010901,0.124413
40119010902,0.246317
40119011001,0.202692
40119011002,0.231807
40119011101,0.261442
40119011103,0.274989
40119011104,0.260059
40119011200,0.229367
40119011301,0.177386
40119011302,0.037375
40119011400,0.196959
40121485601,0.377697
40121485602,0.333623
40121485700,0.195816
40121485800,0.161739
40121485900,0.244585
40121486000,0.186306
40121486100,0.116721
40121486200,0.234016
40121486300,0.231902
40121486400,0.164009
40121486500,0.137052
40121486600,0.213722
40121486700,0.140284
40121486800,0.222002
40123088600,0.196065
40123088700,0.181624
40123088801,0.265259
40123088802,0.090059
40123088900,0.255506
40123089000,0.216614
40123089100,0.056791
40123089200,0.031382
40123089300,0.140111
40123089598,0.155045
40123089600,0.209869
40125500200,0.134493
40125500301,0.223554
40125500302,0.313724
40125500400,0.392239
40125500500,0.259317
40125500600,0.360923
40125500700,0.24398
40125500800,0.27621
40125500901,0.191219
40125500902,0.209548
40125501003,0.132214
40125501004,0.156641
40125501005,0.164804
40125501006,0.272424
40125501101,0.097337
40125501103,0.16226
40125501104,0.289145
40125501105,0.283621
40125501201,0.245214
40125501300,0.187065
40127097600,0.173005
40127097701,0.168103
40127097702,0.181235
40127097800,0.148693
40129960000,0.096121
40131050101,0.194676
40131050103,0.355748
40131050104,0.277041
40131050105,0.20325
40131050201,0.270645
40131050202,0.203198
40131050203,0.238029
40131050301,0.176042
40131050302,0.276466
40131050303,0.280637
40131050304,0.187824
40131050403,0.299751
40131050404,0.264189
40131050405,0.23106
40131050406,0.16108
40131050407,0.148752
40131050408,0.221926
40131050409,0.247332
40131050501,0.190704
40131050502,0.19259
40131050601,0.2152
40131050602,0.242175
40131050603,0.319822
40131050604,0.189706
40131050701,0.232362
40131050702,0.196161
40131050801,0.156451
40131050802,0.117303
40133583100,0.17379
40133583200,0.264035
40133583300,0.285657
40133583400,0.167313
40133583500,0.025537
40133583600,0.183131
40133583700,0.153315
40133583800,0.173129
40133583900,0.188979
40135030101,0.1208
40135030103,0.272916
40135030105,0.167182
40135030106,0.256757
40135030201,0.162791
40135030202,0.168344
40135030301,0.207853
40135030303,0.357656
40135030304,0.188082
40135030401,0.226
40135030403,0.212331
40135030404,0.214158
40137000101,0.04932
40137000102,0.108361
40137000200,0.220207
40137000300,0.216461
40137000400,0.308872
40137000600,0.096901
40137000800,0.165465
40137000901,0.177591
40137000902,0.181094
40137001000,0.081742
40137001100,0.145655
40141070100,0.18188
40141070200,0.167935
40141070300,0.139222
40141070400,0.351569
40141070500,0.115428
40143000200,0.123296
40143000300,0.01632
40143000400,0.007645
40143000500,0.142881
40143000800,0.005539
40143000900,0.003404
40143001000,0.043693
40143001200,0.088086
40143001300,0.040471
40143001400,0.110872
40143001500,0.03417
40143001600,0.116145
40143001700,0.179656
40143001800,0.166742
40143001900,0.209434
40143002000,0.16
40143002100,0.115239
40143002301,0.133054
40143002500,0.05563
40143002700,0.073573
40143002900,0.126054
40143003000,0.200982
40143003100,0.057508
40143003200,0.024051
40143003300,0.019471
40143003400,0.16154
40143003500,0.141557
40143003600,0.086592
40143003700,0.034696
40143003800,0.060866
40143003900,0.055038
40143004000,0.022074
40143004101,0.024627
40143004200,0.068283
40143004301,0.018597
40143004302,0.014668
40143004400,0.056084
40143004500,0.02881
40143004600,0.094804
40143004700,0.180516
40143004800,0.130087
40143004900,0.182166
40143005001,0.021375
40143005002,0.102713
40143005100,0.03544
40143005200,0.026385
40143005300,0.005682
40143005401,0.115838
40143005403,0.182901
40143005404,0.146212
40143005500,0.224062
40143005600,0.244935
40143005700,0.246202
40143005801,0.049841
40143005805,0.051413
40143005808,0.070022
40143005809,0.025082
40143005810,0.144563
40143005811,0.147263
40143005812,0.005715
40143005813,0.017803
40143005900,0.116172
40143006000,0.073847
40143006200,0.005254
40143006506,0.218855
40143006507,0.250805
40143006600,0.190574
40143006701,0.104599
40143006703,0.03928
40143006708,0.062533
40143006709,0.120042
40143006710,0.099123
40143006711,0.033094
40143006712,0.1366
40143006713,0.105305
40143006801,0.013939
40143006803,0.06699
40143006804,0.069743
40143006901,0.01909
40143006902,0.011379
40143006903,0.02057
40143006905,0.014765
40143006906,0.071117
40143006907,0.028014
40143007000,0.032383
40143007101,0.027708
40143007102,0.045362
40143007200,0.208684
40143007304,0.066907
40143007306,0.027948
40143007308,0.174711
40143007309,0.141309
40143007310,0.051896
40143007311,0.031472
40143007312,0.046974
40143007313,0.130841
40143007314,0.084056
40143007402,0.012834
40143007408,0.045069
40143007409,0.009382
40143007410,0.027131
40143007411,0.017426
40143007412,0.00945
40143007413,0.011615
40143007414,0.039563
40143007415,0.099977
40143007416,0.019193
40143007417,0.131449
40143007503,0.011387
40143007507,0.010258
40143007510,0.026994
40143007511,0.008715
40143007512,0.019953
40143007518,0.010034
40143007519,0.00516
40143007520,0.008428
40143007522,0.051714
40143007523,0.035373
40143007525,0.022568
40143007526,0.040059
40143007527,0.023868
40143007528,0.042298
40143007529,0.012223
40143007530,0.071984
40143007531,0.073944
40143007532,0.011072
40143007533,0.033514
40143007534,0.028352
40143007535,0.126762
40143007536,0.006583
40143007608,0.02905
40143007611,0.041103
40143007612,0.004536
40143007613,0.028212
40143007614,0.063927
40143007615,0.010136
40143007616,0.038253
40143007617,0.014288
40143007619,0.009328
40143007629,0.112842
40143007630,0.134239
40143007631,0.012354
40143007632,0.026937
40143007633,0.066161
40143007634,0.035896
40143007636,0.150884
40143007638,0.037523
40143007639,0.022494
40143007641,0.024789
40143007642,0.03327
40143007643,0.032027
40143007644,0.009294
40143007645,0.011651
40143007646,0.247892
40143007647,0.033812
40143007648,0.054985
40143007649,0.043198
40143007650,0.156839
40143007651,0.283306
40143007652,0.190485
40143007653,0.028582
40143007654,0.020317
40143007655,0.195834
40143007656,0.100894
40143007703,0.189974
40143007704,0.189162
40143007705,0.168922
40143007706,0.015864
40143007707,0.184392
40143007801,0.226696
40143007803,0.221676
40143007804,0.352518
40143007900,0.150428
40143008001,0.268688
40143008002,0.02627
40143008200,0.04975
40143008300,0.205868
40143008400,0.00487
40143008501,0.018266
40143008502,0.046449
40143008600,0.020042
40143008700,0.018363
40143008800,0.065027
40143008900,0.139769
40143009006,0.011733
40143009008,0.064548
40143009010,0.005407
40143009011,0.107381
40143009012,0.046757
40143009013,0.027465
40143009014,0.026377
40143009015,0.03865
40143009016,0.023167
40143009017,0.009458
40143009018,0.016103
40143009019,0.024152
40143009020,0.004079
40143009021,0.030638
40143009101,0.309553
40143009104,0.261163
40143009200,0.133592
40143009300,0.189714
40143009401,0.187935
40143009403,0.110784
40143009404,0.188658
40143009500,0.177172
40143011300,0.024776
40143011400,0.008734
40145030101,0.160866
40145030102,0.183183
40145030201,0.332372
40145030202,0.133223
40145030300,0.15747
40145030402,0.107831
40145030403,0.274459
40145030406,0.024292
40145030407,0.031708
40145030408,0.196173
40145030502,0.0948
40145030505,0.033181
40145030506,0.123441
40145030507,0.007193
40145030508,0.186368
40145030509,0.013246
40145030510,0.183482
40145030511,0.136691
40145030512,0.200644
40145030601,0.031741
40145030603,0.191878
40145030604,0.269177
40145030605,0.104042
40145030798,0.156858
40145030800,0.18612
40147000100,0.038162
40147000200,0.181831
40147000300,0.087965
40147000400,0.211344
40147000500,0.010965
40147000601,0.305334
40147000602,0.316678
40147000700,0.2085
40147000800,0.246669
40147000900,0.017953
40147001000,0.121584
40147001100,0.157603
40147001200,0.189426
40147001300,0.150769
40149964900,0.220639
40149965000,0.216212
40149965100,0.182771
40149965400,0.165062
40151954201,0.125235
40151954202,0.179641
40151954300,0.289648
40151954400,0.183647
40153953100,0.103279
40153953200,0.165966
40153953300,0.132469
40153953400,0.155752
40153953500,0.323459
04001944902,0.028326
04001945100,0.057043
04001970201,0.190382
04001970202,0.063482
04001970300,0.186348
04001970501,0.128987
04001970502,0.139732
04003000101,0.069732
04003000102,0.188686
04003000201,0.051948
04003000202,0.09573
04003000203,0.138894
04003000301,0.096596
04003000303,0.113304
04003000304,0.126085
04003000305,0.312986
04003000400,0.029921
04003000501,0.069533
04003000502,0.093888
04003000503,0.294052
04003000600,0.049499
04003000700,0.279745
04003000800,0.014817
04003000901,0.021563
04003000902,0.211381
04003001000,0.114751
04003001100,0.093896
04003001200,0.070212
04003001301,0.047384
04003001302,0.091574
04003001401,0.028387
04003001402,0.040188
04003001501,0.025905
04003001502,0.026147
04003001601,0.013679
04003001602,0.041082
04003001701,0.134604
04003001702,0.014796
04003001703,0.272596
04003001801,0.016104
04003001802,0.004685
04003001900,0.187902
04003002001,0.114703
04003002002,0.02116
04003002100,0.01968
04005000200,0.027101
04005000601,0.024459
04005000602,0.059379
04005000700,0.248627
04005000800,0.036891
04005000901,0.037609
04005000902,0.005766
04005001000,0.039902
04005001101,0.015228
04005001103,0.109387
04005001104,0.150061
04005001201,0.143837
04005001302,0.102542
04005001500,0.140875
04005001601,0.127685
04005001602,0.117292
04005001700,0.135649
04005002201,0.15795
04005002202,0.058325
04005002302,0.100619
04005945100,0.041804
04005980100,0.516528
04005980200,0.077238
04007000100,0.119114
04007000200,0.186377
04007000301,0.175728
04007000302,0.18225
04007000400,0.175503
04007000500,0.235966
04007000600,0.303155
04007000700,0.193732
04007000800,0.319877
04007000900,0.119218
04007001000,0.133046
04007001100,0.124865
04007001200,0.181659
04007001300,0.075507
04007940200,0.0742
04007940400,0.02892
04009940500,0.071367
04009961100,0.2507
04009961201,0.078669
04009961202,0.351795
04009961300,0.097814
04009961400,0.279045
04009961500,0.135762
04009961600,0.213489
04009961700,0.23652
04011960100,0.060601
04011960200,0.115991
04011960300,0.110167
04012020101,0.103171
04012020102,0.098268
04013010102,0.124291
04013010103,0.256829
04013010104,0.040801
04013030401,0.138218
04013030402,0.020591
04013040502,0.041841
04013040506,0.02273
04013040507,0.047134
04013040512,0.097425
04013040513,0.165685
04013040514,0.026479
04013040515,0.067724
04013040516,0.012845
04013040522,0.08294
04013040523,0.087561
04013040524,0.089222
04013040525,0.077402
04013040526,0.023563
04013040527,0.172788
04013040528,0.046832
04013040529,0.195136
04013040530,0.008877
04013040531,0.081596
04013040532,0.023963
04013040533,0.007733
04013040534,0.014559
04013040535,0.026651
04013040536,0.005679
04013040537,0.045897
04013040538,0.016887
04013040539,0.053074
04013040540,0.095755
04013040541,0.076322
04013050603,0.294167
04013050604,0.310273
04013050609,0.067566
04013050611,0.006241
04013050612,0.005335
04013050613,0.150721
04013050614,0.020098
04013050615,0.006187
04013050616,0.014108
04013050617,0.027352
04013050618,0.006984
04013050619,0.012188
04013050620,0.011975
04013050621,0.036866
04013050701,0.091514
04013050702,0.033374
04013060801,0.074505
04013060802,0.014445
04013060901,0.01026
04013060902,0.034645
04013060903,0.120585
04013060904,0.332116
04013061010,0.133088
04013061011,0.039445
04013061013,0.017313
04013061014,0.024353
04013061015,0.016258
04013061017,0.040919
04013061018,0.009919
04013061020,0.00704
04013061021,0.009082
04013061024,0.057828
04013061026,0.004997
04013061027,0.015481
04013061028,0.017261
04013061029,0.004882
04013061031,0.010244
04013061032,0.004607
04013061033,0.004814
04013061034,0.016995
04013061035,0.05248
04013061036,0.002692
04013061037,0.006957
04013061038,0.006447
04013061039,0.031349
04013061040,0.020949
04013061041,0.003752
04013061042,0.018276
04013061043,0.007289
04013061044,0.007093
04013061045,0.01433
04013061046,0.053644
04013061047,0.016752
04013061048,0.009634
04013061049,0.002151
04013061050,0.033909
04013061051,0.007374
04013061052,0.006323
04013061053,0.008414
04013061054,0.067437
04013061055,0.003752
04013061056,0.003912
04013061057,0.003826
04013061058,0.00636
04013061059,0.008888
04013061060,0.009302
04013061061,0.002069
04013061062,0.007109
04013061063,0.029365
04013061064,0.006066
04013061100,0.271447
04013061200,0.01102
04013061300,0.042515
04013061401,0.043439
04013061402,0.190355
04013071503,0.053295
04013071504,0.021524
04013071505,0.038959
04013071506,0.039682
04013071509,0.01458
04013071510,0.014946
04013071511,0.064026
04013071512,0.01019
04013071513,0.041461
04013071514,0.013677
04013071515,0.047444
04013071516,0.020592
04013071517,0.009328
04013071600,0.265856
04013071701,0.019818
04013071702,0.020441
04013071801,0.0098
04013071802,0.041601
04013071903,0.010033
04013071906,0.044055
04013071909,0.013887
04013071910,0.004773
04013071911,0.008381
04013071912,0.025587
04013071913,0.00854
04013071914,0.007762
04013071915,0.036829
04013082002,0.006073
04013082007,0.009266
04013082008,0.033839
04013082009,0.009238
04013082010,0.018496
04013082012,0.009953
04013082016,0.011507
04013082017,0.018377
04013082018,0.006091
04013082019,0.007134
04013082020,0.012011
04013082021,0.037621
04013082022,0.003104
04013082023,0.090996
04013082024,0.008412
04013082025,0.054975
04013082026,0.005189
04013082027,0.047711
04013082028,0.006999
04013082204,0.015093
04013082205,0.010465
04013082206,0.009545
04013082207,0.00543
04013082208,0.010512
04013082209,0.114429
04013082210,0.011678
04013082211,0.039723
04013082212,0.008479
04013082213,0.004456
04013083000,0.01352
04013092305,0.006359
04013092306,0.021765
04013092307,0.038071
04013092308,0.006014
04013092309,0.007331
04013092311,0.033921
04013092312,0.019866
04013092401,0.014589
04013092402,0.005016
04013092500,0.007688
04013092600,0.018272
04013092705,0.023538
04013092708,0.008075
04013092709,0.00579
04013092710,0.011116
04013092711,0.004322
04013092712,0.014406
04013092713,0.003825
04013092715,0.017151
04013092716,0.004442
04013092717,0.027404
04013092718,0.014669
04013092719,0.013554
04013092720,0.016526
04013092721,0.003533
04013092723,0.005546
04013092724,0.038694
04013092801,0.007137
04013092802,0.052618
04013092900,0.006823
04013093001,0.005954
04013093002,0.003858
04013093101,0.015872
04013093104,0.028089
04013093105,0.004572
04013093106,0.041598
04013093200,0.036133
04013103205,0.024465
04013103206,0.002513
04013103207,0.009433
04013103208,0.076163
04013103209,0.0231
04013103210,0.011841
04013103211,0.031007
04013103212,0.007382
04013103214,0.004383
04013103215,0.015795
04013103216,0.014655
04013103217,0.010634
04013103219,0.096455
04013103220,0.04073
04013103302,0.007852
04013103303,0.006782
04013103304,0.009135
04013103305,0.049239
04013103306,0.01458
04013103400,0.019409
04013103501,0.007437
04013103502,0.012586
04013103604,0.08697
04013103605,0.005445
04013103606,0.009584
04013103607,0.061744
04013103608,0.012661
04013103609,0.006365
04013103611,0.01154
04013103612,0.017418
04013103614,0.00804
04013103615,0.028434
04013103701,0.021786
04013103702,0.052254
04013103900,0.010288
04013104000,0.007135
04013104100,0.005307
04013104202,0.005296
04013104203,0.007316
04013104204,0.00523
04013104205,0.005203
04013104206,0.007258
04013104207,0.004133
04013104212,0.007338
04013104214,0.00779
04013104215,0.009229
04013104216,0.005099
04013104217,0.025303
04013104218,0.007428
04013104219,0.005002
04013104221,0.011576
04013104222,0.006055
04013104223,0.006757
04013104224,0.006483
04013104225,0.009223
04013104226,0.017006
04013104227,0.03671
04013104301,0.009649
04013104302,0.018843
04013104401,0.013042
04013104402,0.014295
04013104501,0.0335
04013104502,0.025535
04013104600,0.018054
04013104701,0.038724
04013104702,0.023363
04013104801,0.020688
04013104802,0.007271
04013104900,0.006308
04013105002,0.007298
04013105003,0.010822
04013105004,0.019292
04013105101,0.007042
04013105102,0.015333
04013105103,0.062695
04013105200,0.009023
04013105300,0.009663
04013105400,0.015477
04013105501,0.003549
04013105502,0.006731
04013105503,0.009301
04013105601,0.025876
04013105602,0.005466
04013105701,0.012376
04013105702,0.007974
04013105800,0.007428
04013105900,0.015386
04013106001,0.007087
04013106002,0.008224
04013106003,0.005632
04013106100,0.008742
04013106200,0.030807
04013106300,0.015856
04013106400,0.005876
04013106501,0.00696
04013106502,0.0083
04013106600,0.008811
04013106701,0.034814
04013106702,0.027428
04013106703,0.046128
04013106801,0.027489
04013106802,0.005769
04013106900,0.004667
04013107001,0.005664
04013107002,0.004102
04013107101,0.031656
04013107102,0.008322
04013107201,0.230111
04013107202,0.003454
04013107300,0.010947
04013107401,0.012413
04013107402,0.035132
04013107403,0.023098
04013107404,0.021166
04013107500,0.014431
04013107601,0.027785
04013107602,0.033857
04013107700,0.014085
04013107800,0.090727
04013107900,0.071673
04013108000,0.004294
04013108100,0.039449
04013108200,0.063138
04013108301,0.145702
04013108302,0.040357
04013108400,0.021479
04013108501,0.018162
04013108502,0.191578
04013108601,0.010018
04013108602,0.012645
04013108802,0.018551
04013108901,0.014879
04013108902,0.005928
04013109001,0.025816
04013109002,0.005786
04013109003,0.005741
04013109101,0.005673
04013109102,0.02324
04013109200,0.011795
04013109300,0.005016
04013109401,0.003244
04013109402,0.041253
04013109500,0.003874
04013109601,0.042083
04013109602,0.008698
04013109603,0.00522
04013109604,0.019808
04013109702,0.012035
04013109703,0.004513
04013109704,0.016424
04013109705,0.023524
04013109706,0.0057
04013109707,0.006384
04013109801,0.013389
04013109802,0.00489
04013109900,0.006343
04013110001,0.013026
04013110002,0.146751
04013110100,0.01716
04013110400,0.006172
04013110501,0.016135
04013110502,0.017681
04013110600,0.011137
04013110701,0.037613
04013110702,0.006487
04013110801,0.023464
04013110802,0.006376
04013110901,0.026596
04013110902,0.05265
04013111000,0.016476
04013111100,0.005352
04013111201,0.008064
04013111202,0.003846
04013111203,0.092304
04013111204,0.023291
04013111300,0.003042
04013111401,0.054784
04013111402,0.00696
04013111501,0.006254
04013111502,0.004615
04013111601,0.007973
04013111602,0.026417
04013111700,0.009281
04013111800,0.025436
04013111900,0.045769
04013112100,0.006256
04013112201,0.006933
04013112202,0.005924
04013112301,0.005164
04013112302,0.019266
04013112401,0.011493
04013112402,0.011726
04013112502,0.004999
04013112504,0.00949
04013112507,0.013699
04013112508,0.056892
04013112510,0.006423
04013112512,0.042105
04013112514,0.010293
04013112515,0.004876
04013112516,0.014003
04013112517,0.010219
04013112518,0.01086
04013112519,0.004475
04013112520,0.055046
04013112521,0.013985
04013112522,0.01347
04013112523,0.029262
04013112524,0.004327
04013112601,0.067646
04013112602,0.006534
04013112700,0.010207
04013112900,0.016391
04013113000,0.006126
04013113100,0.016137
04013113201,0.201343
04013113202,0.293386
04013113204,0.032733
04013113301,0.025091
04013113502,0.031247
04013113503,0.005764
04013113601,0.004541
04013113602,0.185807
04013113701,0.004672
04013113702,0.012613
04013113800,0.057564
04013113900,0.051428
04013114000,0.030824
04013114100,0.063523
04013114200,0.012648
04013114301,0.024246
04013114302,0.010996
04013114401,0.029874
04013114402,0.028435
04013114500,0.010177
04013114600,0.016063
04013114704,0.229367
04013114705,0.45055
04013114800,0.128975
04013114900,0.00585
04013115200,0.023689
04013115300,0.062515
04013115400,0.014633
04013115500,0.007192
04013115600,0.002654
04013115700,0.008382
04013115801,0.016596
04013115802,0.007401
04013115900,0.005719
04013116000,0.005538
04013116100,0.006427
04013116202,0.011004
04013116203,0.016604
04013116204,0.025966
04013116205,0.024576
04013116300,0.003654
04013116400,0.004414
04013116500,0.008579
04013116605,0.016117
04013116606,0.057728
04013116607,0.013432
04013116610,0.127827
04013116611,0.008477
04013116612,0.005773
04013116614,0.009293
04013116615,0.00585
04013116616,0.008008
04013116617,0.131954
04013116618,0.015121
04013116619,0.005752
04013116620,0.011229
04013116621,0.012573
04013116703,0.012347
04013116707,0.016371
04013116708,0.055939
04013116709,0.020315
04013116710,0.007689
04013116711,0.012244
04013116712,0.010551
04013116713,0.013284
04013116714,0.005292
04013116715,0.01768
04013116717,0.033562
04013116718,0.061564
04013116719,0.016582
04013116720,0.013577
04013116721,0.014982
04013116725,0.010355
04013116727,0.024696
04013116728,0.00448
04013116729,0.048601
04013116730,0.068222
04013116731,0.018011
04013116732,0.015205
04013116733,0.093035
04013116734,0.011902
04013116735,0.004712
04013116736,0.004193
04013116737,0.011078
04013116738,0.005955
04013116800,0.008927
04013116900,0.032925
04013117000,0.008136
04013117100,0.006285
04013117200,0.031851
04013117300,0.087591
04013216806,0.03051
04013216807,0.008576
04013216809,0.009441
04013216810,0.029233
04013216813,0.021558
04013216816,0.009067
04013216819,0.007023
04013216820,0.012223
04013216821,0.012198
04013216822,0.018342
04013216826,0.019602
04013216829,0.053631
04013216830,0.015132
04013216831,0.018054
04013216832,0.00822
04013216833,0.079548
04013216834,0.060962
04013216835,0.018724
04013216836,0.020164
04013216837,0.010275
04013216838,0.003509
04013216839,0.005058
04013216840,0.044546
04013216841,0.023205
04013216842,0.011772
04013216843,0.036334
04013216844,0.015611
04013216845,0.058508
04013216849,0.028571
04013216850,0.060322
04013216851,0.093843
04013216852,0.005379
04013216853,0.016506
04013216854,0.040024
04013216855,0.023315
04013216856,0.03894
04013216857,0.033305
04013216858,0.015197
04013216859,0.006511
04013216860,0.071527
04013216861,0.008541
04013216901,0.012329
04013216902,0.004251
04013217001,0.068271
04013217002,0.007747
04013217101,0.031314
04013217102,0.007327
04013217201,0.069357
04013217203,0.047917
04013217204,0.025532
04013217300,0.046255
04013217400,0.049182
04013217501,0.006145
04013217502,0.020551
04013217600,0.019468
04013217700,0.163343
04013217800,0.012054
04013217900,0.017124
04013218000,0.020894
04013218100,0.029912
04013218200,0.007432
04013218300,0.046365
04013318400,0.09585
04013318501,0.011498
04013318700,0.063719
04013318800,0.005755
04013318900,0.009822
04013319001,0.021236
04013319002,0.006644
04013319101,0.114205
04013319103,0.007691
04013319104,0.169348
04013319201,0.006426
04013319202,0.042916
04013319300,0.009738
04013319401,0.007809
04013319402,0.008476
04013319403,0.007534
04013319404,0.036213
04013319500,0.022663
04013319600,0.011028
04013319705,0.089579
04013319706,0.068732
04013319707,0.036644
04013319708,0.006558
04013319709,0.030323
04013319710,0.016156
04013319801,0.009045
04013319802,0.007221
04013319902,0.01643
04013319903,0.013576
04013319904,0.090384
04013319905,0.007962
04013319906,0.055892
04013319907,0.010198
04013319908,0.03138
04013319909,0.016995
04013319910,0.018741
04013320001,0.06128
04013320002,0.138403
04013320007,0.005381
04013320100,0.022586
04013420104,0.084493
04013420105,0.014247
04013420107,0.005954
04013420108,0.015469
04013420109,0.009453
04013420110,0.008197
04013420111,0.00685
04013420112,0.017093
04013420113,0.009643
04013420114,0.029502
04013420115,0.015707
04013420116,0.097933
04013420202,0.057105
04013420206,0.018437
04013420207,0.012717
04013420208,0.00748
04013420209,0.014739
04013420210,0.021955
04013420211,0.018423
04013420212,0.043503
04013420213,0.012208
04013420214,0.130679
04013420215,0.011211
04013420216,0.010627
04013420301,0.050465
04013420302,0.011202
04013420303,0.005997
04013420304,0.047141
04013420401,0.049243
04013420402,0.009539
04013420503,0.033214
04013420504,0.033804
04013420505,0.005416
04013420506,0.120998
04013420602,0.006698
04013420603,0.01065
04013420604,0.007311
04013420704,0.01425
04013420705,0.014959
04013420706,0.016432
04013420707,0.025351
04013420708,0.031854
04013420709,0.028774
04013420710,0.024754
04013420800,0.008441
04013420901,0.007746
04013420902,0.00736
04013421001,0.188244
04013421002,0.02067
04013421101,0.021549
04013421102,0.020801
04013421201,0.019174
04013421202,0.207281
04013421302,0.031008
04013421303,0.015741
04013421304,0.010711
04013421400,0.010145
04013421501,0.007019
04013421502,0.005568
04013421601,0.045424
04013421602,0.011423
04013421701,0.008805
04013421702,0.024719
04013421801,0.006219
04013421802,0.013954
04013421901,0.011641
04013421902,0.041483
04013422001,0.008053
04013422002,0.026805
04013422102,0.020671
04013422103,0.039703
04013422104,0.009146
04013422105,0.009497
04013422106,0.073283
04013422107,0.096428
04013422203,0.043878
04013422209,0.006138
04013422210,0.010482
04013422211,0.010515
04013422212,0.05165
04013422213,0.011151
04013422215,0.008294
04013422216,0.020775
04013422217,0.121823
04013422218,0.004103
04013422219,0.005367
04013422220,0.010971
04013422221,0.03048
04013422222,0.006757
04013422223,0.02697
04013422224,0.042901
04013422225,0.012197
04013422226,0.129884
04013422227,0.007528
04013422301,0.009407
04013422302,0.007348
04013422304,0.104155
04013422305,0.012911
04013422307,0.03367
04013422308,0.016395
04013422309,0.020187
04013422401,0.032025
04013422402,0.005202
04013422403,0.00714
04013422404,0.013462
04013422501,0.005247
04013422502,0.015901
04013422503,0.005743
04013422504,0.047601
04013422506,0.0723
04013422507,0.024151
04013422508,0.00904
04013422509,0.164423
04013422510,0.017011
04013422511,0.013183
04013422512,0.005624
04013422513,0.022437
04013422514,0.076352
04013422607,0.053671
04013422609,0.061836
04013422610,0.018883
04013422615,0.012565
04013422617,0.009566
04013422618,0.018428
04013422620,0.007243
04013422621,0.047421
04013422622,0.013652
04013422623,0.007128
04013422624,0.022057
04013422625,0.034962
04013422626,0.022821
04013422627,0.011324
04013422628,0.014386
04013422629,0.036503
04013422630,0.006706
04013422632,0.021698
04013422633,0.016015
04013422634,0.02145
04013422636,0.019945
04013422637,0.014802
04013422638,0.011801
04013422639,0.037924
04013422640,0.028191
04013422642,0.021396
04013422643,0.011439
04013422647,0.008659
04013422648,0.005668
04013422649,0.010278
04013422650,0.01765
04013422651,0.004781
04013422652,0.023783
04013422653,0.009389
04013422654,0.005569
04013422655,0.021858
04013422656,0.060592
04013422657,0.011041
04013422658,0.00797
04013422659,0.016222
04013422660,0.012355
04013522801,0.492149
04013522802,0.005792
04013522901,0.008583
04013522903,0.126181
04013522904,0.006316
04013523002,0.005845
04013523005,0.008906
04013523006,0.135466
04013523007,0.066057
04013523008,0.004319
04013523102,0.009189
04013523103,0.025299
04013523104,0.013127
04013610001,0.312998
04013610002,0.112381
04013610100,0.009247
04013610201,0.033304
04013610202,0.022212
04013610301,0.072178
04013610302,0.016474
04013610400,0.013012
04013610500,0.017387
04013610600,0.011117
04013610700,0.086756
04013610800,0.016431
04013610901,0.019403
04013610902,0.018248
04013610903,0.025781
04013611000,0.020661
04013611100,0.005947
04013611200,0.006249
04013611300,0.012011
04013611400,0.042863
04013611500,0.004299
04013611600,0.00808
04013611700,0.015044
04013611800,0.01878
04013611900,0.00738
04013612000,0.022469
04013612200,0.040123
04013612301,0.023596
04013612302,0.012323
04013612401,0.003962
04013612402,0.035468
04013612500,0.070619
04013612600,0.011572
04013612700,0.035378
04013612800,0.051938
04013612900,0.011442
04013613000,0.007536
04013613100,0.006063
04013613200,0.015798
04013613300,0.009858
04013613400,0.009047
04013613500,0.122421
04013613601,0.010377
04013613602,0.009101
04013613700,0.052733
04013613800,0.006237
04013613900,0.012675
04013614000,0.004317
04013614100,0.004037
04013614200,0.016453
04013614300,0.043166
04013614400,0.019664
04013614500,0.009587
04013614601,0.029553
04013614602,0.095001
04013614700,0.033083
04013614800,0.005083
04013614900,0.167179
04013615001,0.006542
04013615002,0.016854
04013615100,0.084238
04013615201,0.030294
04013615202,0.059217
04013615300,0.028695
04013615400,0.02498
04013615500,0.033839
04013615600,0.046829
04013615700,0.027409
04013615800,0.004034
04013615900,0.018397
04013616000,0.005889
04013616100,0.005469
04013616200,0.033435
04013616300,0.00371
04013616400,0.055965
04013616500,0.009912
04013616600,0.017638
04013616700,0.031748
04013616800,0.007414
04013616900,0.011412
04013617001,0.034168
04013617002,0.031265
04013617100,0.054486
04013617200,0.009676
04013617300,0.012359
04013617400,0.082145
04013617500,0.024721
04013617600,0.017043
04013617700,0.028345
04013617800,0.049158
04013617900,0.013094
04013618000,0.010693
04013618100,0.008773
04013618200,0.004563
04013618300,0.007886
04013618400,0.004069
04013618500,0.009211
04013618600,0.013186
04013618700,0.003578
04013618800,0.015676
04013618900,0.022206
04013619000,0.027424
04013619100,0.029144
04013619200,0.030833
04013619300,0.003416
04013619400,0.043139
04013619500,0.013116
04013619601,0.028876
04013619602,0.008384
04013619700,0.006321
04013619800,0.009751
04013619900,0.01432
04013723304,0.072356
04013723305,0.083461
04013723306,0.088578
04013723307,0.042453
04013723309,0.002204
04013723310,0.01615
04013723311,0.015469
04013810000,0.030563
04013810100,0.008381
04013810200,0.043839
04013810300,0.005542
04013810400,0.012526
04013810500,0.008356
04013810600,0.017517
04013810700,0.01064
04013810800,0.016595
04013810900,0.007039
04013811000,0.036263
04013811100,0.066718
04013811200,0.040899
04013811300,0.01803
04013811400,0.006623
04013811500,0.003494
04013811600,0.004634
04013811700,0.004791
04013811800,0.02641
04013811900,0.011656
04013812000,0.037009
04013812100,0.025378
04013812200,0.008421
04013812300,0.007218
04013812400,0.010557
04013812500,0.015263
04013812600,0.02002
04013812700,0.005894
04013812801,0.005045
04013812802,0.053469
04013812900,0.007823
04013813000,0.007908
04013813100,0.004561
04013813200,0.00838
04013813300,0.026362
04013813400,0.006584
04013813500,0.028723
04013813600,0.007216
04013813700,0.017312
04013813800,0.021809
04013813900,0.015623
04013814000,0.019107
04013814100,0.00765
04013814200,0.033268
04013814300,0.017093
04013814400,0.015025
04013814500,0.062223
04013814600,0.01683
04013814700,0.004622
04013814801,0.022357
04013814802,0.009793
04013814900,0.008694
04013815000,0.007458
04013815100,0.00233
04013815201,0.02026
04013815202,0.003857
04013815203,0.019905
04013815300,0.058996
04013815401,0.009277
04013815402,0.017019
04013815501,0.005102
04013815502,0.045273
04013815601,0.013384
04013815602,0.00579
04013815700,0.018436
04013815800,0.013066
04013815901,0.051562
04013815902,0.006791
04013816001,0.032981
04013816002,0.009796
04013816003,0.031696
04013816004,0.01081
04013816005,0.009838
04013816100,0.005906
04013816200,0.005248
04013816301,0.029558
04013816302,0.011569
04013816401,0.023631
04013816402,0.006955
04013816501,0.019679
04013816502,0.011003
04013816600,0.009502
04013816700,0.008514
04013816800,0.014905
04013816901,0.00593
04013816902,0.01303
04013816903,0.003254
04013816904,0.008816
04013817000,0.017848
04013817101,0.020966
04013817102,0.031937
04013817103,0.003889
04013817200,0.011255
04013817300,0.024888
04013817400,0.019662
04013817500,0.023216
04013817600,0.0156
04013940700,0.034738
04013941000,0.019832
04013941100,0.09715
04013941200,0.047952
04013941300,0.027705
04013980100,0.137582
04013980400,0.277718
04013980500,0.022753
04013980700,0.042983
04013980900,0.028711
04013981000,0.482517
04015954801,0.138361
04015954802,0.109282
04017940014,0.013022
04017940015,0.015927
04017940100,0.160264
04017940301,0.081611
04017940302,0.324131
04017960100,0.141127
04017960200,0.106209
04017960400,0.045053
04017960500,0.172201
04017960600,0.025536
04017961300,0.084787
04017961701,0.108499
04017961702,0.267729
04017962501,0.219144
04017962502,0.385005
04017963300,0.155811
04017963400,0.14537
04017963700,0.015713
04017963800,0.01422
04017964201,0.098944
04017964202,0.078098
04017964801,0.019778
04017964802,0.192826
04017964901,0.21889
04017964902,0.105344
04017965201,0.268229
04017965202,0.188851
04017965301,0.149962
04017965302,0.044063
04019000100,0.224824
04019000200,0.020501
04019000300,0.00461
04019000401,0.005529
04019000402,0.005465
04019000501,0.009217
04019000502,0.007785
04019000600,0.024095
04019000700,0.002847
04019000800,0.017985
04019001100,0.007771
04019001200,0.010963
04019001302,0.009458
04019001303,0.026386
04019001304,0.043274
04019001400,0.012782
04019001500,0.009615
04019001600,0.026148
04019001700,0.045598
04019001801,0.015339
04019001802,0.008012
04019001900,0.014721
04019002000,0.086808
04019002100,0.007889
04019002201,0.016924
04019002202,0.009397
04019002300,0.012468
04019002400,0.010117
04019002503,0.025266
04019002504,0.005597
04019002505,0.01168
04019002507,0.01146
04019002508,0.004515
04019002509,0.007746
04019002602,0.025136
04019002603,0.027606
04019002604,0.005801
04019002702,0.011395
04019002703,0.006295
04019002704,0.0086
04019002801,0.050833
04019002802,0.017776
04019002803,0.022578
04019002901,0.01153
04019002904,0.028529
04019002905,0.0203
04019002906,0.009098
04019003002,0.012116
04019003003,0.010686
04019003004,0.056216
04019003102,0.004532
04019003103,0.087655
04019003104,0.027228
04019003201,0.011168
04019003202,0.008228
04019003302,0.008502
04019003303,0.013521
04019003304,0.009768
04019003400,0.010508
04019003502,0.013293
04019003503,0.053848
04019003504,0.009264
04019003505,0.019442
04019003506,0.010478
04019003601,0.141704
04019003702,0.008805
04019003704,0.031665
04019003705,0.003801
04019003706,0.007291
04019003707,0.008106
04019003801,0.042487
04019003802,0.007365
04019003901,0.023249
04019003902,0.003796
04019003903,0.009531
04019004008,0.005779
04019004010,0.011704
04019004026,0.0099
04019004029,0.022216
04019004030,0.015023
04019004031,0.066517
04019004032,0.004308
04019004033,0.007037
04019004034,0.002913
04019004035,0.005021
04019004036,0.005305
04019004037,0.007591
04019004038,0.002432
04019004039,0.008424
04019004042,0.035125
04019004043,0.044497
04019004044,0.146127
04019004046,0.005078
04019004047,0.006864
04019004048,0.012902
04019004049,0.003601
04019004050,0.004436
04019004051,0.004291
04019004052,0.182829
04019004053,0.007248
04019004054,0.013974
04019004055,0.026612
04019004056,0.012448
04019004057,0.007534
04019004058,0.0056
04019004061,0.209447
04019004062,0.008975
04019004063,0.014855
04019004065,0.016644
04019004066,0.030102
04019004067,0.081371
04019004068,0.022257
04019004069,0.011573
04019004070,0.047265
04019004071,0.003619
04019004072,0.004749
04019004073,0.010449
04019004074,0.009611
04019004075,0.015046
04019004076,0.005432
04019004077,0.009506
04019004078,0.136637
04019004079,0.017288
04019004080,0.010349
04019004081,0.009447
04019004082,0.00746
04019004109,0.123499
04019004110,0.003558
04019004112,0.034453
04019004114,0.019177
04019004115,0.022418
04019004116,0.009099
04019004117,0.020961
04019004118,0.012851
04019004122,0.005387
04019004126,0.017021
04019004127,0.046381
04019004128,0.039355
04019004129,0.025765
04019004130,0.026306
04019004131,0.032132
04019004132,0.020252
04019004133,0.046278
04019004307,0.147934
04019004310,0.01298
04019004311,0.018919
04019004312,0.005421
04019004313,0.297274
04019004316,0.028893
04019004317,0.039906
04019004320,0.13004
04019004321,0.004412
04019004322,0.004581
04019004323,0.179833
04019004324,0.112753
04019004325,0.354351
04019004326,0.023263
04019004327,0.037684
04019004328,0.029526
04019004330,0.016168
04019004332,0.017225
04019004333,0.004616
04019004335,0.035087
04019004336,0.119915
04019004337,0.035332
04019004338,0.019498
04019004339,0.005266
04019004340,0.045745
04019004404,0.12196
04019004407,0.002129
04019004412,0.015437
04019004413,0.015965
04019004414,0.004621
04019004415,0.050401
04019004418,0.006992
04019004419,0.017231
04019004422,0.007039
04019004423,0.044035
04019004424,0.189843
04019004425,0.074807
04019004426,0.111023
04019004428,0.044249
04019004430,0.010384
04019004431,0.011178
04019004432,0.005045
04019004433,0.00543
04019004434,0.011511
04019004435,0.007819
04019004436,0.024432
04019004437,0.029766
04019004438,0.01267
04019004439,0.007873
04019004440,0.012178
04019004505,0.009067
04019004506,0.013147
04019004508,0.024506
04019004510,0.013186
04019004511,0.005186
04019004512,0.006372
04019004513,0.010149
04019004514,0.008186
04019004515,0.059604
04019004610,0.00667
04019004613,0.007834
04019004614,0.012262
04019004615,0.015114
04019004616,0.035247
04019004617,0.032235
04019004618,0.015802
04019004619,0.023984
04019004620,0.03042
04019004621,0.005533
04019004622,0.16864
04019004623,0.029283
04019004624,0.007723
04019004625,0.251328
04019004626,0.019099
04019004627,0.033424
04019004628,0.016013
04019004630,0.022753
04019004631,0.215064
04019004632,0.258175
04019004633,0.034074
04019004634,0.004015
04019004635,0.055417
04019004636,0.015381
04019004639,0.049724
04019004640,0.015635
04019004641,0.004014
04019004642,0.013849
04019004643,0.035092
04019004644,0.008484
04019004645,0.01045
04019004646,0.016797
04019004647,0.020234
04019004648,0.194746
04019004649,0.024129
04019004650,0.033151
04019004710,0.046688
04019004711,0.034205
04019004712,0.006354
04019004713,0.198098
04019004714,0.014464
04019004715,0.188223
04019004717,0.031983
04019004718,0.013583
04019004720,0.011904
04019004721,0.014089
04019004722,0.039445
04019004723,0.023623
04019004724,0.020603
04019004725,0.052177
04019004726,0.027691
04019004727,0.155293
04019004728,0.339172
04019004729,0.006625
04019004730,0.007108
04019005200,0.120762
04019005300,0.00627
04019005400,0.011523
04019940800,0.05589
04019940900,0.011756
04019941000,0.063799
04019941100,0.015067
04019980001,0.511869
04019980002,0.086857
04019980100,0.043742
04019980200,0.118695
04019980300,0.083066
04019980400,0.198082
04021000201,0.204122
04021000204,0.009487
04021000206,0.026559
04021000208,0.01587
04021000211,0.040019
04021000212,0.060805
04021000215,0.01818
04021000216,0.00956
04021000217,0.084285
04021000218,0.005806
04021000219,0.027328
04021000220,0.016255
04021000221,0.037483
04021000222,0.005615
04021000223,0.005692
04021000224,0.013294
04021000225,0.004932
04021000226,0.007805
04021000227,0.005783
04021000228,0.021402
04021000229,0.05791
04021000307,0.085912
04021000309,0.034791
04021000310,0.021601
04021000311,0.177732
04021000312,0.08475
04021000313,0.012902
04021000315,0.083776
04021000316,0.018665
04021000317,0.005263
04021000319,0.035479
04021000320,0.047533
04021000321,0.029548
04021000322,0.025578
04021000323,0.098026
04021000324,0.018732
04021000325,0.021956
04021000400,0.123655
04021000603,0.048992
04021000604,0.246743
04021000700,0.102837
04021000802,0.075956
04021000804,0.026142
04021000805,0.011048
04021000806,0.004101
04021000807,0.338003
04021000808,0.33577
04021000902,0.072088
04021000903,0.383071
04021000904,0.141024
04021001000,0.183534
04021001100,0.090324
04021001200,0.120906
04021001303,0.094457
04021001305,0.005914
04021001306,0.005412
04021001307,0.154844
04021001308,0.10547
04021001309,0.029244
04021001310,0.032355
04021001403,0.018306
04021001404,0.016811
04021001405,0.051695
04021001406,0.054362
04021001407,0.183275
04021001408,0.193252
04021001500,0.066942
04021001600,0.037125
04021001701,0.23631
04021001704,0.061781
04021001705,0.177851
04021001706,0.112189
04021001707,0.005933
04021001709,0.032385
04021001712,0.150396
04021001713,0.015148
04021001714,0.008634
04021001715,0.053623
04021001716,0.006171
04021001717,0.024101
04021001900,0.023635
04021002001,0.251885
04021002004,0.115038
04021002005,0.152954
04021002104,0.038754
04021002105,0.017355
04021002106,0.09569
04021002107,0.198468
04021002200,0.099198
04021002300,0.237867
04021002400,0.438091
04021941200,0.047215
04021941300,0.042679
04021941401,0.08829
04021941402,0.075639
04023966000,0.0775
04023966101,0.18849
04023966103,0.043008
04023966106,0.206187
04023966107,0.034017
04023966108,0.141552
04023966109,0.068986
04023966110,0.012628
04023966111,0.155483
04023966200,0.051349
04023966301,0.199427
04023966302,0.223806
04023966401,0.053742
04023966402,0.080417
04025000205,0.025363
04025000206,0.043785
04025000207,0.345736
04025000208,0.332421
04025000209,0.319589
04025000210,0.038601
04025000211,0.099681
04025000301,0.022602
04025000302,0.018933
04025000403,0.009422
04025000404,0.004449
04025000405,0.007089
04025000406,0.302884
04025000407,0.002809
04025000501,0.052222
04025000502,0.041064
04025000604,0.006837
04025000608,0.011822
04025000609,0.013505
04025000611,0.110631
04025000612,0.105496
04025000613,0.004024
04025000614,0.006005
04025000615,0.0319
04025000616,0.01433
04025000617,0.146535
04025000618,0.024593
04025000619,0.0715
04025000701,0.119227
04025000702,0.075053
04025000802,0.105208
04025000803,0.023272
04025000804,0.334864
04025000901,0.1168
04025000902,0.004897
04025001002,0.041006
04025001003,0.010234
04025001004,0.065205
04025001103,0.037842
04025001104,0.009444
04025001105,0.133952
04025001106,0.06454
04025001201,0.24726
04025001202,0.018417
04025001300,0.187647
04025001401,0.058014
04025001402,0.32239
04025001403,0.105427
04025001501,0.139455
04025001502,0.103599
04025001601,0.049985
04025001602,0.118307
04025001604,0.099323
04025001605,0.192722
04025001701,0.132211
04025001703,0.273646
04025001704,0.147957
04025001705,0.070682
04025001801,0.091398
04025001803,0.078323
04025001804,0.191519
04025001901,0.081003
04025001902,0.12314
04025001903,0.078183
04025001904,0.080641
04025002001,0.095069
04025002002,0.114146
04025002003,0.161427
04025002005,0.023939
04025002006,0.020863
04025002007,0.099108
04025002100,0.1028
04027012100,0.124341
04027980003,0.047797
04027980004,0.135862
35023970000,0.040483
06007000102,0.010059
06007000103,0.026089
06007000104,0.00875
06007000201,0.216986
06007000202,0.12068
06007000300,0.092103
06007000401,0.034562
06007000403,0.024568
06007000404,0.071016
06007000501,0.206446
06007000502,0.279506
06007000601,0.039112
06007000603,0.019563
06007000604,0.033671
06007000700,0.019026
06007000800,0.059076
06007000901,0.026544
06007000903,0.014607
06007000904,0.167719
06007001000,0.062003
06007001100,0.170057
06007001200,0.009435
06007001300,0.012888
06007001400,0.088704
06007001500,0.018548
06007001601,0.175185
06007001602,0.21861
06007001702,0.16496
06007001703,0.011535
06007001704,0.016245
06007001800,0.151122
06007001900,0.11633
06007002000,0.198411
06007002100,0.147899
06007002200,0.076189
06007002300,0.233616
06007002401,0.064932
06007002402,0.108035
06007002500,0.065118
06007002601,0.307003
06007002602,0.16684
06007002700,0.043556
06007002800,0.024728
06007002900,0.01534
06007003001,0.222476
06007003002,0.02094
06007003100,0.319436
06007003200,0.015773
06007003300,0.018665
06007003400,0.1142
06007003501,0.018034
06007003502,0.155043
06007003600,0.114936
06007003700,0.179516
06011000100,0.122519
06011000200,0.094337
06011000301,0.166679
06011000302,0.172821
06011000400,0.0491
06011000500,0.227243
06015000202,0.214161
06017030601,0.236396
06017030603,0.295698
06017030604,0.0322
06017030605,0.232865
06017030606,0.237283
06017030701,0.022597
06017030706,0.009571
06017030709,0.008217
06017030710,0.003737
06017030801,0.037921
06017030901,0.068433
06017030902,0.038685
06017031000,0.136832
06017031100,0.084704
06017031700,0.022169
06021010101,0.185422
06021010102,0.203872
06021010200,0.157233
06021010300,0.091125
06021010401,0.141713
06021010402,0.215341
06021010501,0.070649
06021010502,0.143452
06023001200,0.027927
06023010102,0.178527
06023010902,0.043791
06023011600,0.121197
06023940000,0.253891
06033000100,0.08548
06033000300,0.046047
06033000401,0.005915
06033000402,0.029731
06033000501,0.08026
06033000502,0.047606
06033000601,0.069705
06033000602,0.140806
06033000702,0.104634
06033000703,0.021322
06033000704,0.046156
06033000801,0.010498
06033000802,0.010493
06033000901,0.02153
06033000902,0.038539
06033001000,0.095701
06033001101,0.04205
06033001102,0.056505
06033001200,0.016498
06033001301,0.06282
06033001302,0.119774
06035040100,0.127803
06035040200,0.048762
06035040302,0.176898
06035040303,0.096227
06035040304,0.275085
06035040305,0.037726
06035040400,0.227132
06035040500,0.116169
06035040600,0.141432
06045010100,0.153748
06045010200,0.145316
06045010601,0.246483
06045010602,0.219814
06045010801,0.069179
06045010802,0.007802
06045011700,0.061977
06045011800,0.172138
06049000100,0.221809
06049000200,0.033993
06049000300,0.174077
06055201800,0.197372
06057000102,0.039011
06057000104,0.043687
06057000105,0.143604
06057000106,0.205718
06057000107,0.145273
06057000200,0.029329
06057000300,0.164454
06057000401,0.02073
06057000403,0.303314
06057000404,0.023
06057000502,0.033352
06057000503,0.015999
06057000504,0.050674
06057000601,0.032576
06057000602,0.062211
06057000701,0.308815
06057000702,0.231678
06057000801,0.269493
06057000802,0.155273
06057000900,0.178838
06061020200,0.02953
06061020300,0.192996
06061020401,0.058132
06061020402,0.258455
06061020501,0.197028
06061020502,0.042865
06061020601,0.024367
06061020604,0.039869
06061020605,0.126958
06061020606,0.01511
06061020607,0.013951
06061020608,0.036629
06061020710,0.00701
06061020711,0.020355
06061020712,0.01222
06061020713,0.07182
06061020714,0.015844
06061020715,0.005083
06061020717,0.025446
06061020805,0.027326
06061020806,0.032613
06061020901,0.019322
06061020908,0.140658
06061021003,0.016055
06061021034,0.013593
06061021037,0.032032
06061021038,0.005757
06061021039,0.022267
06061021040,0.028599
06061021043,0.029218
06061021044,0.007774
06061021045,0.008348
06061021046,0.014861
06061021047,0.002813
06061021048,0.026228
06061021103,0.017014
06061021106,0.015219
06061021108,0.145197
06061021109,0.032545
06061021122,0.016671
06061021123,0.015537
06061021128,0.042259
06061021129,0.029776
06061021130,0.068785
06061021131,0.014603
06061021203,0.021878
06061021204,0.172944
06061021304,0.056872
06061021323,0.003594
06061021324,0.013112
06061021325,0.004845
06061021326,0.002956
06061021327,0.020229
06061021328,0.007706
06061021401,0.007708
06061021403,0.004909
06061021501,0.193932
06061021502,0.179794
06061021603,0.165215
06061021604,0.214823
06061021801,0.293391
06061021802,0.151234
06061021901,0.093448
06061021902,0.028021
06061022002,0.134262
06061022013,0.264396
06061022014,0.252787
06061022400,0.025701
06061022500,0.006953
06061022600,0.017468
06061022800,0.031592
06061022900,0.030634
06061023000,0.007735
06061023100,0.027556
06061023200,0.00762
06061023300,0.008423
06061023400,0.017334
06061023501,0.01329
06061023502,0.005536
06061023600,0.028143
06061023700,0.072162
06061023800,0.006531
06061023900,0.13379
06063000100,0.117665
06063000201,0.082904
06063000202,0.084447
06063000300,0.118915
06063000400,0.191753
06063000501,0.207276
06063000502,0.142469
06067000100,0.0568
06067000200,0.064997
06067000300,0.011666
06067000400,0.033539
06067000501,0.163915
06067000502,0.346604
06067000600,0.007526
06067000700,0.031972
06067000800,0.053043
06067001102,0.144686
06067001103,0.073678
06067001201,0.037102
06067001202,0.010834
06067001300,0.011501
06067001400,0.022916
06067001500,0.016286
06067001601,0.008976
06067001602,0.058133
06067001702,0.080272
06067001800,0.007017
06067001900,0.072193
06067002000,0.014463
06067002100,0.059936
06067002200,0.043531
06067002300,0.069274
06067002400,0.009801
06067002500,0.007026
06067002600,0.018375
06067002700,0.086576
06067005301,0.036288
06067005402,0.013545
06067005403,0.11112
06067005404,0.027961
06067005502,0.01038
06067005505,0.014975
06067005506,0.009793
06067005508,0.07457
06067005509,0.022559
06067005510,0.0131
06067005601,0.022526
06067005605,0.012667
06067005606,0.00804
06067005701,0.018294
06067005702,0.010255
06067005801,0.00692
06067005803,0.004159
06067005901,0.007923
06067005903,0.009708
06067005904,0.006636
06067006002,0.015662
06067006003,0.135816
06067006004,0.0067
06067006101,0.111477
06067006102,0.015103
06067006202,0.040227
06067006203,0.042485
06067006204,0.00742
06067006300,0.004753
06067006400,0.026434
06067006501,0.051088
06067006502,0.04136
06067006600,0.01053
06067006703,0.009791
06067006704,0.007273
06067006705,0.026552
06067006706,0.017757
06067006801,0.008509
06067006802,0.013088
06067006803,0.01881
06067006901,0.084079
06067006902,0.067383
06067007001,0.022094
06067007007,0.010278
06067007010,0.061609
06067007011,0.030702
06067007012,0.009181
06067007013,0.025164
06067007016,0.009927
06067007017,0.050449
06067007019,0.056778
06067007020,0.056212
06067007021,0.029184
06067007022,0.087911
06067007023,0.007581
06067007024,0.041303
06067007025,0.012436
06067007026,0.002958
06067007027,0.00547
06067007028,0.020874
06067007101,0.087486
06067007103,0.007799
06067007105,0.015317
06067007106,0.009486
06067007107,0.080073
06067007108,0.006873
06067007109,0.031898
06067007110,0.009819
06067007111,0.017135
06067007202,0.011192
06067007204,0.010231
06067007206,0.004585
06067007207,0.038748
06067007208,0.02236
06067007209,0.006794
06067007301,0.006203
06067007402,0.008379
06067007403,0.130127
06067007413,0.032615
06067007414,0.003828
06067007415,0.022401
06067007416,0.021987
06067007417,0.006787
06067007422,0.048591
06067007423,0.100922
06067007424,0.007384
06067007426,0.016355
06067007427,0.012564
06067007428,0.020673
06067007429,0.013493
06067007430,0.022429
06067007431,0.003366
06067007432,0.007898
06067007434,0.006814
06067007435,0.032324
06067007436,0.02664
06067007437,0.00766
06067007438,0.01893
06067007439,0.013158
06067007501,0.088588
06067007503,0.08337
06067007504,0.091432
06067007602,0.017823
06067007603,0.00507
06067007604,0.03464
06067007701,0.008869
06067007702,0.011056
06067007801,0.031452
06067007802,0.012814
06067007903,0.009309
06067007904,0.004462
06067007905,0.014441
06067007906,0.024086
06067008005,0.021113
06067008006,0.018459
06067008007,0.066542
06067008008,0.047358
06067008009,0.007969
06067008010,0.012417
06067008111,0.034336
06067008113,0.07978
06067008117,0.011359
06067008119,0.013328
06067008120,0.009506
06067008122,0.015981
06067008124,0.051814
06067008125,0.005031
06067008127,0.060166
06067008128,0.134836
06067008129,0.047218
06067008130,0.020781
06067008131,0.109207
06067008132,0.115855
06067008133,0.036561
06067008134,0.058786
06067008135,0.151122
06067008136,0.083113
06067008137,0.008729
06067008138,0.025066
06067008139,0.107805
06067008140,0.006302
06067008141,0.013386
06067008142,0.015988
06067008143,0.020405
06067008144,0.011813
06067008145,0.040807
06067008203,0.006033
06067008204,0.022231
06067008206,0.018698
06067008207,0.00717
06067008208,0.016168
06067008209,0.015045
06067008210,0.025369
06067008211,0.006113
06067008402,0.00879
06067008403,0.02894
06067008404,0.016699
06067008501,0.014675
06067008504,0.092297
06067008505,0.029764
06067008506,0.075348
06067008507,0.010399
06067008508,0.021286
06067008509,0.009858
06067008510,0.027574
06067008512,0.005846
06067008702,0.007888
06067008703,0.03942
06067008909,0.03575
06067008912,0.037822
06067008913,0.005765
06067988300,0.007143
06089010100,0.10918
06089010200,0.012024
06089010300,0.090573
06089010400,0.051891
06089010500,0.030504
06089010601,0.026104
06089010602,0.130158
06089010603,0.095036
06089010702,0.051558
06089010703,0.074047
06089010704,0.016188
06089010803,0.018421
06089010804,0.005918
06089010805,0.009488
06089010806,0.107806
06089010807,0.072558
06089010900,0.061214
06089011001,0.008596
06089011002,0.148922
06089011100,0.018518
06089011209,0.032361
06089011300,0.010563
06089011401,0.032112
06089011402,0.006678
06089011403,0.011193
06089011501,0.045405
06089011502,0.015192
06089011600,0.130101
06089011701,0.089134
06089011702,0.279577
06089011703,0.146845
06089011801,0.042519
06089011802,0.061331
06089011803,0.074554
06089011900,0.014014
06089012000,0.092238
06089012101,0.031587
06089012102,0.039335
06089012200,0.068465
06089012301,0.141173
06089012302,0.018134
06089012303,0.004413
06089012400,0.040394
06089012500,0.178122
06089012603,0.169316
06089012604,0.01825
06089012605,0.021912
06089012606,0.067838
06089012701,0.156947
06089012702,0.106906
06091010000,0.07276
06093000300,0.052593
06093000701,0.190287
06093000800,0.167023
06093000901,0.166457
06093000902,0.176754
06093001001,0.191008
06093001002,0.274327
06093001003,0.078993
06093001100,0.144305
06093001200,0.16884
06093001300,0.1244
06097154100,0.080107
06101050101,0.007953
06101050102,0.042177
06101050201,0.041731
06101050202,0.028574
06101050301,0.044591
06101050302,0.00612
06101050401,0.008838
06101050402,0.023646
06101050403,0.059775
06101050501,0.185403
06101050503,0.272591
06101050504,0.339795
06101050601,0.093188
06101050603,0.011281
06101050604,0.165667
06101050701,0.20012
06101050702,0.078731
06101050800,0.062121
06101050900,0.107518
06101051000,0.093178
06101051100,0.064408
06103000100,0.224636
06103000201,0.235243
06103000202,0.046674
06103000300,0.109811
06103000400,0.20514
06103000500,0.197205
06103000600,0.162146
06103000701,0.121408
06103000702,0.098703
06103000800,0.144174
06103000900,0.083946
06103001000,0.052957
06103001101,0.181987
06103001102,0.199496
06105000101,0.178395
06105000102,0.150391
06105000200,0.113344
06105000500,0.073705
06113010102,0.0654
06113010103,0.004498
06113010104,0.020145
06113010105,0.026753
06113010201,0.01877
06113010203,0.0774
06113010204,0.064662
06113010313,0.017168
06113010315,0.021015
06113010401,0.14525
06113010505,0.130633
06113010800,0.203628
06113010901,0.124269
06113010902,0.298085
06113011001,0.111478
06113011002,0.050473
06113011101,0.020264
06113011102,0.08431
06113011103,0.045279
06113011203,0.003501
06113011204,0.012712
06113011207,0.130891
06113011208,0.081609
06113011209,0.053665
06113011210,0.005573
06113011211,0.013615
06113011400,0.113889
06113011500,0.101737
06115040100,0.093566
06115040201,0.306218
06115040202,0.163241
06115040301,0.010913
06115040302,0.031492
06115040304,0.013374
06115040305,0.007434
06115040400,0.008376
06115040500,0.013307
06115040600,0.011689
06115040701,0.010389
06115040702,0.093535
06115040800,0.006885
06115040901,0.013201
06115040902,0.014196
06115041001,0.078701
06115041002,0.007151
06115041101,0.111815
06115041102,0.183702
48001950100,0.018155
48001950401,0.069254
48001950402,0.197581
48001950500,0.13354
48001950600,0.109775
48001950700,0.11971
48001950800,0.10471
48001950901,0.038978
48001950902,0.046493
48001951001,0.022096
48001951002,0.119419
48001951100,0.112878
48005000102,0.099868
48005000104,0.118751
48007950101,0.254986
48007950102,0.1885
48007950103,0.07157
48007950200,0.320125
48007950301,0.102816
48007950302,0.155551
48007950400,0.232511
48007950501,0.103506
48007950502,0.206673
48007950503,0.219143
48009020200,0.065758
48009020300,0.139621
48013960101,0.050892
48013960102,0.122882
48013960203,0.082686
48013960204,0.013597
48013960205,0.108435
48013960206,0.077417
48013960300,0.1184
48013960401,0.426852
48013960403,0.22665
48013960404,0.288508
48013960500,0.030808
48013960601,0.141153
48013960602,0.033675
48015760100,0.007853
48015760201,0.040483
48015760202,0.077116
48015760301,0.025153
48015760302,0.040781
48015760400,0.032211
48015760501,0.055454
48015760502,0.08519
48019000101,0.144643
48019000103,0.15662
48019000104,0.198679
48019000200,0.116917
48019000301,0.099802
48019000302,0.108294
48019000400,0.051741
48021950101,0.023886
48021950102,0.109695
48021950201,0.093836
48021950202,0.109046
48021950301,0.037734
48021950302,0.010449
48021950303,0.026592
48021950401,0.068218
48021950402,0.068929
48021950403,0.061061
48021950503,0.045658
48021950504,0.039085
48021950505,0.023358
48021950506,0.059538
48021950601,0.02715
48021950602,0.019906
48021950700,0.052005
48021950803,0.04343
48021950804,0.009292
48021950805,0.166641
48021950806,0.167423
48023950301,0.026121
48023950302,0.184252
48025950100,0.018155
48025950201,0.192668
48025950203,0.073174
48025950204,0.146848
48025950300,0.04696
48025950400,0.175059
48025950501,0.230354
48025950502,0.204491
48025950600,0.151153
48027020101,0.159043
48027020102,0.019199
48027020201,0.066559
48027020203,0.188305
48027020204,0.134653
48027020301,0.075003
48027020302,0.083417
48027020401,0.028576
48027020402,0.068678
48027020500,0.1669
48027020600,0.12257
48027020701,0.113828
48027020702,0.021305
48027020800,0.113042
48027020900,0.088307
48027021000,0.037792
48027021101,0.076564
48027021102,0.013184
48027021201,0.129391
48027021202,0.038048
48027021203,0.083664
48027021301,0.04842
48027021302,0.036221
48027021304,0.040967
48027021305,0.019031
48027021400,0.050293
48027021501,0.015147
48027021502,0.04875
48027021601,0.054421
48027021602,0.16703
48027021701,0.032379
48027021702,0.175733
48027021801,0.08362
48027021802,0.027353
48027021901,0.078472
48027021905,0.034653
48027021906,0.006596
48027021907,0.019337
48027021908,0.024426
48027022001,0.106003
48027022002,0.015425
48027022101,0.008226
48027022103,0.013082
48027022104,0.032686
48027022105,0.017739
48027022200,0.016559
48027022300,0.039623
48027022401,0.024963
48027022402,0.007245
48027022403,0.009709
48027022405,0.064731
48027022406,0.056406
48027022407,0.003076
48027022501,0.110089
48027022503,0.014479
48027022504,0.00681
48027022600,0.172085
48027022801,0.007595
48027022900,0.161756
48027023001,0.020449
48027023002,0.008308
48027023103,0.152923
48027023104,0.055597
48027023109,0.040632
48027023110,0.036418
48027023111,0.074377
48027023112,0.037862
48027023113,0.011503
48027023114,0.007239
48027023115,0.014371
48027023116,0.060334
48027023117,0.118641
48027023118,0.16493
48027023201,0.12811
48027023202,0.03005
48027023203,0.126074
48027023204,0.029688
48027023301,0.046748
48027023302,0.096638
48027023402,0.010152
48027023404,0.018743
48027023405,0.022613
48027023406,0.019728
48027023500,0.212662
48027980001,0.181999
48027980002,0.365177
48027980003,0.057665
48029110100,0.047967
48029110300,0.006209
48029110500,0.005818
48029110600,0.020976
48029110700,0.032748
48029111000,0.020639
48029111100,0.022568
48029120100,0.012655
48029120301,0.111239
48029120302,0.034269
48029120401,0.036623
48029120402,0.132102
48029120502,0.096549
48029120503,0.007409
48029120504,0.032062
48029120601,0.079053
48029120602,0.159063
48029120701,0.027518
48029120702,0.12059
48029120800,0.009772
48029120901,0.026439
48029120902,0.038088
48029121000,0.016667
48029121110,0.028163
48029121111,0.030569
48029121112,0.06651
48029121115,0.021683
48029121116,0.034874
48029121117,0.021029
48029121118,0.02709
48029121119,0.013018
48029121120,0.022686
48029121121,0.010366
48029121122,0.02135
48029121123,0.046657
48029121124,0.022739
48029121203,0.095584
48029121204,0.026278
48029121205,0.041726
48029121206,0.020974
48029121300,0.00492
48029121402,0.012661
48029121403,0.007301
48029121404,0.031188
48029121501,0.032926
48029121504,0.020228
48029121505,0.037681
48029121506,0.030461
48029121507,0.008342
48029121508,0.009601
48029121601,0.104714
48029121604,0.017437
48029121605,0.007665
48029121606,0.027579
48029121701,0.252368
48029121702,0.034495
48029121802,0.031888
48029121803,0.02313
48029121804,0.014932
48029121808,0.006922
48029121809,0.016393
48029121810,0.026766
48029121811,0.004051
48029121812,0.014672
48029121813,0.065657
48029121903,0.006952
48029121904,0.037674
48029121905,0.088487
48029121906,0.012379
48029121908,0.041936
48029121909,0.015836
48029121910,0.013577
48029121911,0.012594
48029121912,0.025656
48029130200,0.031096
48029130300,0.008455
48029130401,0.069321
48029130402,0.044489
48029130500,0.022202
48029130600,0.007859
48029130700,0.013889
48029130800,0.027951
48029130900,0.021547
48029131000,0.026977
48029131100,0.009607
48029131200,0.217408
48029131300,0.116079
48029131401,0.108695
48029131402,0.089525
48029131503,0.023405
48029131504,0.055339
48029131505,0.009179
48029131506,0.023988
48029131507,0.016074
48029131601,0.08069
48029131606,0.099678
48029131608,0.029873
48029131609,0.028528
48029131610,0.055974
48029131612,0.022589
48029131614,0.013299
48029131615,0.018244
48029131616,0.166144
48029131700,0.050442
48029131801,0.034306
48029131802,0.050163
48029140100,0.03847
48029140200,0.030131
48029140300,0.050223
48029140400,0.012601
48029140500,0.007083
48029140600,0.023139
48029140700,0.007089
48029140800,0.006039
48029140900,0.037763
48029141000,0.010162
48029141101,0.028167
48029141102,0.021258
48029141200,0.00847
48029141300,0.044999
48029141402,0.108809
48029141403,0.078365
48029141404,0.009182
48029141600,0.065731
48029141700,0.052208
48029141800,0.134686
48029141900,0.235216
48029150100,0.043995
48029150300,0.010303
48029150400,0.065778
48029150501,0.044294
48029150502,0.003881
48029150600,0.042079
48029150700,0.013766
48029150800,0.308882
48029150900,0.054225
48029151000,0.049664
48029151100,0.055125
48029151200,0.042969
48029151301,0.030115
48029151302,0.052447
48029151400,0.101585
48029151500,0.136361
48029151600,0.012056
48029151700,0.047427
48029151900,0.068859
48029152000,0.034394
48029152100,0.287265
48029152201,0.061157
48029152202,0.09424
48029160100,0.01444
48029160200,0.055434
48029160300,0.155271
48029160400,0.008167
48029160501,0.008801
48029160502,0.078637
48029160600,0.005277
48029160701,0.031064
48029160702,0.006987
48029160901,0.131346
48029160902,0.021892
48029161000,0.137449
48029161100,0.034799
48029161200,0.03759
48029161302,0.078552
48029161303,0.014796
48029161304,0.014845
48029161400,0.212701
48029161501,0.06032
48029161503,0.102976
48029161504,0.00539
48029161600,0.022261
48029161801,0.03563
48029161802,0.039311
48029161901,0.079286
48029161902,0.079938
48029162001,0.165269
48029162003,0.194082
48029162004,0.114221
48029170101,0.204829
48029170102,0.008008
48029170200,0.009738
48029170300,0.0145
48029170401,0.032013
48029170402,0.010416
48029170500,0.196008
48029170600,0.020673
48029170700,0.007612
48029170800,0.006132
48029170900,0.009407
48029171000,0.008404
48029171100,0.007645
48029171200,0.023681
48029171301,0.007487
48029171302,0.011615
48029171401,0.003172
48029171402,0.042706
48029171501,0.00832
48029171502,0.006946
48029171601,0.009313
48029171602,0.043895
48029171700,0.019822
48029171801,0.01
48029171802,0.028712
48029171903,0.017273
48029171912,0.011757
48029171913,0.143222
48029171914,0.012223
48029171915,0.026524
48029171916,0.025793
48029171917,0.014739
48029171918,0.008224
48029171919,0.034698
48029171920,0.004979
48029171921,0.094122
48029171922,0.009825
48029171923,0.073367
48029171924,0.011107
48029171926,0.014341
48029171927,0.012003
48029171928,0.007857
48029171929,0.005295
48029172002,0.122092
48029172003,0.049962
48029172004,0.00753
48029172005,0.01435
48029172006,0.013606
48029172008,0.018797
48029172009,0.021065
48029180101,0.008894
48029180102,0.007513
48029180201,0.018697
48029180202,0.011436
48029180300,0.070217
48029180400,0.261994
48029180501,0.157085
48029180503,0.010345
48029180504,0.008173
48029180602,0.027066
48029180603,0.031739
48029180604,0.133735
48029180701,0.062149
48029180702,0.011872
48029180800,0.022403
48029180901,0.015247
48029180902,0.018758
48029181001,0.02555
48029181003,0.1032
48029181004,0.076415
48029181005,0.038712
48029181100,0.010686
48029181200,0.011333
48029181301,0.055041
48029181302,0.030326
48029181303,0.113872
48029181402,0.0603
48029181403,0.303861
48029181404,0.137082
48029181503,0.027518
48029181504,0.019143
48029181505,0.012271
48029181506,0.0466
48029181601,0.030169
48029181602,0.01137
48029181703,0.042165
48029181704,0.103606
48029181705,0.052848
48029181711,0.008358
48029181712,0.046037
48029181713,0.010067
48029181715,0.005803
48029181716,0.049411
48029181718,0.006345
48029181720,0.040993
48029181721,0.044392
48029181722,0.004689
48029181723,0.011806
48029181724,0.142132
48029181725,0.028455
48029181726,0.009385
48029181727,0.014705
48029181729,0.00805
48029181730,0.02248
48029181731,0.004855
48029181732,0.027386
48029181733,0.003259
48029181808,0.009466
48029181809,0.016521
48029181811,0.125535
48029181813,0.011059
48029181814,0.013239
48029181815,0.087809
48029181816,0.009217
48029181817,0.013696
48029181818,0.008079
48029181819,0.014045
48029181820,0.01811
48029181821,0.029541
48029181822,0.042716
48029181823,0.036754
48029181824,0.002653
48029181825,0.047158
48029181826,0.011954
48029181901,0.019996
48029181902,0.00974
48029182001,0.033988
48029182002,0.094179
48029182003,0.021036
48029182101,0.053624
48029182102,0.01767
48029182103,0.154726
48029182105,0.039358
48029182106,0.09564
48029190100,0.019803
48029190200,0.009215
48029190400,0.01291
48029190501,0.02213
48029190503,0.011549
48029190504,0.047859
48029190601,0.054171
48029190603,0.011334
48029190604,0.01279
48029190700,0.016304
48029190800,0.038127
48029190901,0.016299
48029190902,0.058857
48029191003,0.006826
48029191004,0.009169
48029191005,0.058613
48029191006,0.010223
48029191101,0.018736
48029191102,0.016254
48029191201,0.004084
48029191202,0.017322
48029191303,0.014948
48029191304,0.014088
48029191405,0.0065
48029191406,0.037618
48029191408,0.02327
48029191409,0.025268
48029191410,0.056748
48029191411,0.012108
48029191412,0.007831
48029191413,0.020689
48029191503,0.018949
48029191504,0.057318
48029191505,0.020208
48029191506,0.039019
48029191701,0.188206
48029191702,0.019359
48029191804,0.008952
48029191806,0.015327
48029191807,0.011799
48029191808,0.032462
48029191809,0.057185
48029191810,0.011298
48029191811,0.011992
48029191812,0.009543
48029191813,0.011783
48029191814,0.010592
48029191815,0.050174
48029191816,0.054993
48029191818,0.027505
48029191819,0.008714
48029191900,0.030828
48029192000,0.055799
48029192100,0.023799
48029192200,0.163159
48029192300,0.026383
48029980001,0.106799
48029980002,0.252817
48029980003,0.042584
48029980004,0.113874
48029980005,0.023033
48029980100,0.030853
48031950101,0.134813
48031950102,0.099421
48031950201,0.131637
48031950202,0.1006
48033950100,0.23055
48035950100,0.048908
48035950200,0.158832
48035950300,0.205922
48035950400,0.130174
48035950500,0.042577
48035950600,0.187228
48035950700,0.0507
48039660100,0.050828
48039660200,0.11076
48039660301,0.071111
48039660302,0.006306
48039660303,0.040122
48039660401,0.02882
48039660402,0.006713
48039660403,0.079699
48039660501,0.249559
48039660502,0.013456
48039660503,0.063514
48039660504,0.012424
48039660603,0.00791
48039660604,0.005146
48039660605,0.00745
48039660606,0.03386
48039660607,0.020754
48039660608,0.034644
48039660609,0.005346
48039660610,0.054988
48039660611,0.034259
48039660612,0.01248
48039660613,0.007597
48039660614,0.242539
48039660615,0.012695
48039660616,0.005615
48039660703,0.025
48039660704,0.029929
48039660705,0.012906
48039660706,0.049058
48039660707,0.009656
48039660708,0.056148
48039660803,0.005132
48039660804,0.133135
48039660805,0.007082
48039660806,0.049846
48039660901,0.152362
48039660902,0.068123
48039661000,0.158475
48039661100,0.167891
48039661200,0.176877
48039661300,0.190029
48039661400,0.044706
48039661501,0.063392
48039661502,0.11753
48039661601,0.283561
48039661602,0.112243
48039661700,0.128799
48039661800,0.132564
48039661901,0.049343
48039661902,0.026727
48039662000,0.025323
48039662100,0.119564
48039662200,0.158101
48039662300,0.231849
48039662400,0.198221
48039662500,0.082129
48039662600,0.207135
48039662700,0.044529
48039662800,0.012796
48039662900,0.112786
48039663000,0.172704
48039663100,0.121529
48039663200,0.012644
48039663300,0.023687
48039663400,0.048425
48039663500,0.016982
48039663600,0.021852
48039663700,0.102835
48039663800,0.062603
48039663900,0.071933
48039664000,0.102039
48039664100,0.038324
48039664200,0.062167
48039664300,0.048772
48039664400,0.026541
48039664501,0.01485
48039990000,0.034831
48041000103,0.307896
48041000104,0.180067
48041000105,0.005309
48041000106,0.197501
48041000107,0.015184
48041000108,0.232349
48041000203,0.042698
48041000204,0.025462
48041000205,0.088923
48041000206,0.028508
48041000207,0.063657
48041000301,0.080676
48041000302,0.087121
48041000401,0.094032
48041000402,0.058303
48041000501,0.172604
48041000502,0.042629
48041000603,0.012755
48041000605,0.00915
48041000606,0.013862
48041000700,0.01065
48041000800,0.036233
48041000900,0.017116
48041001001,0.024693
48041001002,0.033268
48041001101,0.010938
48041001102,0.02741
48041001301,0.017286
48041001302,0.06783
48041001303,0.117678
48041001401,0.045246
48041001604,0.006479
48041001605,0.030487
48041001606,0.038818
48041001607,0.150687
48041001608,0.005176
48041001702,0.100827
48041001703,0.117896
48041001704,0.097401
48041001801,0.024457
48041001803,0.005669
48041001804,0.016209
48041001901,0.049458
48041001902,0.032196
48041002001,0.061188
48041002006,0.042856
48041002009,0.031074
48041002010,0.055032
48041002011,0.014488
48041002014,0.020737
48041002016,0.042543
48041002017,0.029298
48041002018,0.020843
48041002019,0.002448
48041002020,0.02341
48041002021,0.009775
48041002022,0.014692
48041002023,0.016508
48041002024,0.018816
48041002025,0.055273
48041002026,0.255045
48041002100,0.013955
48041980000,0.008406
48047950100,0.084945
48047950200,0.124317
48049950100,0.037627
48049950201,0.025392
48049950202,0.183955
48049950300,0.171479
48049950500,0.014403
48049950600,0.132375
48049950700,0.047254
48049950800,0.106235
48049950900,0.014598
48049951000,0.016777
48049951100,0.056639
48049951200,0.146219
48049951300,0.026533
48051970100,0.100958
48051970201,0.060199
48051970202,0.039663
48051970300,0.189876
48051970400,0.069172
48051970501,0.174364
48051970502,0.018977
48053960101,0.014865
48053960102,0.043027
48053960200,0.185518
48053960301,0.207067
48053960302,0.191045
48053960401,0.075976
48053960402,0.069497
48053960501,0.058524
48053960502,0.047388
48053960600,0.022122
48053960701,0.068909
48053960702,0.076989
48053960801,0.103679
48053960802,0.228813
48053960803,0.02572
48055960102,0.022254
48055960103,0.143643
48055960104,0.191593
48055960200,0.056578
48055960300,0.200882
48055960400,0.091369
48055960501,0.070057
48055960502,0.14916
48055960600,0.137735
48055960701,0.093329
48055960702,0.117857
48057000100,0.106389
48057000200,0.200075
48057000300,0.271133
48057000401,0.110897
48057000402,0.176626
48057000501,0.191841
48057000502,0.212363
48057990000,0.041992
48059030101,0.008154
48059030102,0.016016
48059030200,0.040048
48061010101,0.0125
48061010102,0.29103
48061010103,0.071795
48061010201,0.022953
48061010204,0.114088
48061010205,0.098064
48061010301,0.04157
48061010303,0.011401
48061010304,0.025433
48061010403,0.255247
48061010404,0.007563
48061010405,0.029608
48061010406,0.011328
48061010500,0.078239
48061010602,0.342118
48061010603,0.122619
48061010604,0.160592
48061010700,0.08883
48061010801,0.074226
48061010802,0.030248
48061010900,0.214568
48061011000,0.062803
48061011100,0.10732
48061011200,0.176756
48061011301,0.17046
48061011302,0.340698
48061011401,0.123228
48061011402,0.244073
48061011500,0.179794
48061011601,0.018302
48061011602,0.041545
48061011701,0.154973
48061011702,0.157272
48061011801,0.11508
48061011802,0.00702
48061011903,0.023191
48061011904,0.0483
48061011905,0.21812
48061011906,0.019789
48061011907,0.047719
48061011908,0.01275
48061012002,0.036407
48061012003,0.016156
48061012004,0.030977
48061012103,0.029026
48061012104,0.016406
48061012105,0.013589
48061012106,0.004228
48061012201,0.037371
48061012202,0.013818
48061012203,0.009729
48061012301,0.023856
48061012304,0.054351
48061012305,0.090124
48061012402,0.157374
48061012403,0.040701
48061012404,0.091437
48061012506,0.055816
48061012508,0.068063
48061012509,0.020215
48061012510,0.089587
48061012511,0.171382
48061012512,0.345215
48061012513,0.140101
48061012514,0.006212
48061012515,0.023837
48061012516,0.009485
48061012517,0.00588
48061012607,0.030183
48061012608,0.136634
48061012613,0.077835
48061012614,0.035918
48061012615,0.010404
48061012616,0.004523
48061012617,0.014031
48061012700,0.187331
48061012800,0.03928
48061012900,0.301438
48061013002,0.030328
48061013003,0.067868
48061013004,0.200038
48061013102,0.063882
48061013104,0.008738
48061013106,0.123308
48061013203,0.169765
48061013204,0.024769
48061013205,0.159654
48061013206,0.177949
48061013207,0.079112
48061013303,0.274494
48061013305,0.016725
48061013306,0.016168
48061013307,0.02817
48061013308,0.039985
48061013309,0.013024
48061013401,0.125417
48061013402,0.106267
48061013500,0.103146
48061013600,0.336494
48061013700,0.089162
48061013801,0.004985
48061013802,0.012852
48061013901,0.007978
48061013902,0.137184
48061013903,0.023862
48061014001,0.013311
48061014002,0.03629
48061014101,0.004658
48061014102,0.016585
48061014103,0.020461
48061014201,0.183057
48061014202,0.096514
48061014300,0.296389
48061014401,0.04511
48061014402,0.023115
48061014403,0.009945
48061014404,0.005098
48061014501,0.010171
48061014502,0.003558
48061980001,0.100505
48061980100,0.510471
48063950101,0.043715
48063950102,0.196403
48063950200,0.160034
48073950100,0.191766
48073950201,0.092429
48073950202,0.279211
48073950301,0.139692
48073950302,0.173646
48073950400,0.23492
48073950500,0.246802
48073950600,0.20433
48073950700,0.256665
48073950801,0.147471
48073950802,0.201128
48073950900,0.196834
48073951000,0.160158
48073951100,0.211416
48077030302,0.058166
48081950100,0.037944
48081950200,0.150427
48083950300,0.10948
48083950600,0.140425
48083950700,0.027472
48085030101,0.027832
48085030102,0.093179
48085030201,0.06315
48085030202,0.031358
48085030204,0.203755
48085030205,0.162166
48085030206,0.143395
48085030207,0.112949
48085030301,0.015627
48085030302,0.005957
48085030303,0.041667
48085030304,0.017923
48085030306,0.035921
48085030307,0.03797
48085030403,0.045413
48085030404,0.012741
48085030405,0.013993
48085030406,0.00931
48085030407,0.042956
48085030409,0.019038
48085030410,0.022854
48085030504,0.032258
48085030505,0.026526
48085030506,0.012344
48085030507,0.040604
48085030509,0.00493
48085030510,0.006513
48085030511,0.011336
48085030512,0.010676
48085030515,0.006739
48085030516,0.006182
48085030517,0.023822
48085030518,0.007281
48085030519,0.0185
48085030520,0.005312
48085030521,0.005049
48085030524,0.014895
48085030525,0.005209
48085030529,0.029068
48085030531,0.01921
48085030532,0.01536
48085030533,0.004077
48085030534,0.009635
48085030535,0.013943
48085030536,0.003699
48085030537,0.005934
48085030538,0.025621
48085030539,0.01023
48085030540,0.026002
48085030541,0.008222
48085030542,0.011848
48085030543,0.013122
48085030544,0.01549
48085030545,0.040655
48085030546,0.009242
48085030547,0.040502
48085030548,0.008861
48085030549,0.031324
48085030550,0.004519
48085030604,0.013899
48085030605,0.052518
48085030606,0.023658
48085030607,0.017594
48085030608,0.038434
48085030609,0.006279
48085030701,0.096679
48085030702,0.052455
48085030801,0.026733
48085030802,0.014541
48085030901,0.175212
48085030902,0.023003
48085030903,0.011332
48085031003,0.049342
48085031005,0.022777
48085031006,0.103447
48085031007,0.034745
48085031008,0.005552
48085031101,0.178948
48085031102,0.14811
48085031201,0.022078
48085031202,0.026147
48085031308,0.023948
48085031314,0.010751
48085031318,0.009607
48085031319,0.019203
48085031320,0.020026
48085031321,0.006369
48085031322,0.029156
48085031323,0.001656
48085031324,0.002764
48085031325,0.033885
48085031326,0.013565
48085031327,0.030517
48085031328,0.010439
48085031329,0.006846
48085031330,0.007328
48085031331,0.004236
48085031332,0.037784
48085031333,0.009836
48085031334,0.018787
48085031335,0.063166
48085031336,0.012235
48085031408,0.022676
48085031411,0.006362
48085031412,0.01775
48085031413,0.007723
48085031414,0.006135
48085031415,0.075119
48085031416,0.053279
48085031417,0.006277
48085031418,0.017099
48085031419,0.004684
48085031420,0.008442
48085031421,0.005183
48085031422,0.004772
48085031423,0.022756
48085031424,0.005598
48085031425,0.009475
48085031504,0.002453
48085031507,0.033143
48085031508,0.015663
48085031509,0.006105
48085031510,0.023925
48085031511,0.012147
48085031512,0.007498
48085031611,0.032247
48085031613,0.008303
48085031621,0.029346
48085031622,0.01569
48085031623,0.007164
48085031624,0.030342
48085031625,0.008561
48085031626,0.011317
48085031627,0.009748
48085031628,0.004668
48085031629,0.012013
48085031630,0.007535
48085031631,0.014148
48085031632,0.007378
48085031633,0.020975
48085031634,0.006446
48085031635,0.01051
48085031636,0.010371
48085031639,0.007223
48085031641,0.006269
48085031642,0.008156
48085031643,0.005666
48085031645,0.053372
48085031646,0.007783
48085031647,0.022745
48085031649,0.014505
48085031654,0.015048
48085031655,0.023462
48085031657,0.019038
48085031659,0.020064
48085031660,0.007594
48085031661,0.032754
48085031662,0.014529
48085031663,0.026913
48085031664,0.008314
48085031665,0.029822
48085031666,0.014293
48085031667,0.055132
48085031668,0.027966
48085031669,0.007155
48085031670,0.020015
48085031671,0.046918
48085031672,0.008408
48085031673,0.017438
48085031674,0.009769
48085031675,0.007795
48085031676,0.002746
48085031677,0.005982
48085031678,0.014025
48085031679,0.013536
48085031680,0.014807
48085031681,0.008
48085031682,0.010943
48085031704,0.019119
48085031706,0.038996
48085031708,0.057515
48085031709,0.022282
48085031711,0.031664
48085031713,0.101772
48085031715,0.09547
48085031716,0.102368
48085031717,0.167258
48085031718,0.011309
48085031719,0.004924
48085031720,0.105362
48085031721,0.01863
48085031722,0.165885
48085031723,0.099316
48085031724,0.053891
48085031806,0.03519
48085031807,0.011677
48085031808,0.011076
48085031809,0.016872
48085031810,0.040145
48085031811,0.056191
48085031812,0.023639
48085031813,0.005023
48085031814,0.006798
48085031815,0.005107
48085031816,0.027562
48085031901,0.008832
48085031902,0.050671
48085031903,0.030637
48085031904,0.031399
48085032003,0.011896
48085032008,0.008527
48085032010,0.012491
48085032012,0.007514
48085032013,0.026506
48085032014,0.004423
48085032015,0.012364
48085032016,0.012645
48085032017,0.009871
48085032018,0.095627
48085032019,0.024329
48089750100,0.094405
48089750200,0.114546
48089750300,0.025283
48089750400,0.040952
48089750500,0.059343
48091310100,0.08216
48091310200,0.004521
48091310301,0.284659
48091310302,0.149798
48091310401,0.038732
48091310404,0.008073
48091310405,0.10804
48091310406,0.051809
48091310501,0.078951
48091310502,0.026634
48091310503,0.145475
48091310603,0.026734
48091310604,0.074567
48091310608,0.031028
48091310609,0.017908
48091310610,0.198834
48091310611,0.035671
48091310612,0.053933
48091310613,0.028083
48091310614,0.023725
48091310702,0.117808
48091310703,0.060839
48091310705,0.187053
48091310706,0.042019
48091310707,0.091649
48091310708,0.036022
48091310801,0.051147
48091310803,0.032587
48091310804,0.027633
48091310901,0.073509
48091310903,0.097229
48091310904,0.06211
48091310905,0.017517
48093950101,0.169482
48093950102,0.092628
48093950200,0.03511
48093950300,0.124597
48093950400,0.138162
48095950300,0.109226
48097000100,0.187287
48097000200,0.100399
48097000400,0.088198
48097000500,0.027387
48097000600,0.203146
48097000701,0.018012
48097000702,0.033366
48097000900,0.033117
48097001100,0.056655
48099010101,0.044014
48099010102,0.027643
48099010201,0.083497
48099010202,0.117759
48099010300,0.197415
48099010400,0.04373
48099010501,0.012788
48099010502,0.019005
48099010503,0.045573
48099010504,0.054255
48099010601,0.006759
48099010603,0.00809
48099010604,0.012996
48099010701,0.02106
48099010702,0.292344
48099010802,0.078411
48099010803,0.072921
48099010804,0.099008
48099980000,0.039543
48105950100,0.068869
48107950100,0.028063
48107950200,0.018566
48107950300,0.041949
48113000100,0.206025
48113000201,0.098157
48113000202,0.076804
48113000300,0.07689
48113000401,0.014153
48113000405,0.095189
48113000407,0.026689
48113000408,0.01879
48113000409,0.067623
48113000410,0.015915
48113000501,0.009449
48113000502,0.021741
48113000503,0.091505
48113000605,0.010806
48113000606,0.085877
48113000607,0.006043
48113000608,0.026345
48113000609,0.008269
48113000610,0.006864
48113000611,0.02424
48113000703,0.130128
48113000704,0.02343
48113000705,0.021467
48113000706,0.080463
48113000801,0.005801
48113000802,0.045082
48113000901,0.058651
48113000902,0.090515
48113001001,0.028213
48113001002,0.037386
48113001101,0.051151
48113001102,0.065734
48113001202,0.078216
48113001203,0.28329
48113001204,0.221076
48113001301,0.017428
48113001302,0.034445
48113001400,0.089986
48113001502,0.023255
48113001503,0.005344
48113001504,0.008587
48113001601,0.009295
48113001602,0.01049
48113001703,0.052074
48113001705,0.016592
48113001801,0.057036
48113001802,0.0516
48113001901,0.053163
48113001902,0.038149
48113002001,0.068998
48113002002,0.006669
48113002100,0.035586
48113002200,0.018706
48113002400,0.065471
48113002500,0.046922
48113002703,0.14981
48113003102,0.033714
48113003103,0.162806
48113003700,0.149303
48113004201,0.027335
48113004202,0.00369
48113004300,0.009634
48113004400,0.034485
48113004500,0.012621
48113004600,0.009784
48113004700,0.021366
48113004800,0.006015
48113005000,0.006488
48113005100,0.012848
48113005200,0.010543
48113005300,0.006024
48113005400,0.004354
48113005500,0.017253
48113005600,0.016653
48113005700,0.020316
48113005901,0.028122
48113005902,0.009502
48113006001,0.009511
48113006002,0.034927
48113006100,0.0095
48113006200,0.117222
48113006301,0.012863
48113006302,0.0155
48113006401,0.008153
48113006402,0.042504
48113006501,0.003768
48113006502,0.021286
48113006701,0.003964
48113006702,0.030511
48113006800,0.020979
48113006900,0.019156
48113007101,0.043272
48113007102,0.029071
48113007203,0.023809
48113007204,0.183463
48113007205,0.019684
48113007206,0.079421
48113007301,0.069323
48113007302,0.050168
48113007601,0.021374
48113007604,0.035041
48113007605,0.039982
48113007701,0.049465
48113007702,0.053981
48113007801,0.035901
48113007805,0.010368
48113007809,0.095173
48113007810,0.013552
48113007812,0.008406
48113007815,0.021584
48113007819,0.107255
48113007821,0.030008
48113007822,0.029736
48113007823,0.040419
48113007824,0.010134
48113007825,0.01771
48113007826,0.017578
48113007827,0.049024
48113007828,0.111661
48113007829,0.011617
48113007830,0.103578
48113007831,0.050482
48113007832,0.206306
48113007833,0.014227
48113007834,0.035412
48113007835,0.14358
48113007902,0.05874
48113007903,0.057949
48113007906,0.042177
48113007909,0.056824
48113007910,0.079094
48113007912,0.074227
48113007913,0.053652
48113007914,0.04958
48113007915,0.17183
48113007916,0.07605
48113008000,0.045644
48113008101,0.263285
48113008102,0.195297
48113008200,0.190858
48113008401,0.050921
48113008402,0.007063
48113008500,0.030004
48113008604,0.035054
48113008701,0.05849
48113008703,0.016436
48113008704,0.07606
48113008705,0.066284
48113008801,0.005845
48113008802,0.01952
48113009001,0.065658
48113009002,0.03783
48113009101,0.084291
48113009103,0.003419
48113009104,0.038752
48113009105,0.157773
48113009202,0.009832
48113009203,0.111932
48113009204,0.006513
48113009301,0.018966
48113009303,0.052127
48113009304,0.029484
48113009401,0.008711
48113009402,0.025911
48113009500,0.015181
48113009603,0.027756
48113009604,0.077816
48113009605,0.048297
48113009607,0.012547
48113009608,0.022871
48113009609,0.015117
48113009610,0.075309
48113009611,0.018833
48113009701,0.012827
48113009702,0.007533
48113009802,0.01269
48113009803,0.014446
48113009804,0.015384
48113009900,0.092009
48113010001,0.066791
48113010002,0.166974
48113010003,0.027864
48113010101,0.017993
48113010102,0.012244
48113010500,0.011517
48113010601,0.010319
48113010602,0.068308
48113010701,0.017167
48113010704,0.0074
48113010804,0.005786
48113010805,0.01918
48113010806,0.019707
48113010807,0.005878
48113010808,0.014159
48113010809,0.021035
48113010903,0.015563
48113010904,0.018613
48113010905,0.023903
48113010906,0.013536
48113011002,0.015198
48113011003,0.003372
48113011004,0.033844
48113011101,0.004934
48113011103,0.004654
48113011104,0.003619
48113011105,0.022036
48113011201,0.006508
48113011202,0.018215
48113011300,0.031638
48113011401,0.012474
48113011500,0.062539
48113011601,0.178584
48113011603,0.040314
48113011604,0.027177
48113011701,0.004202
48113011702,0.014474
48113011801,0.012119
48113011802,0.00501
48113011901,0.003783
48113011902,0.043086
48113012000,0.098193
48113012101,0.03673
48113012102,0.010269
48113012206,0.016165
48113012207,0.010147
48113012208,0.104318
48113012209,0.07783
48113012210,0.022347
48113012211,0.02277
48113012212,0.025012
48113012213,0.007609
48113012301,0.09621
48113012302,0.067732
48113012400,0.061858
48113012501,0.157746
48113012502,0.157698
48113012601,0.131001
48113012603,0.10813
48113012604,0.079941
48113012701,0.089131
48113012702,0.169446
48113012801,0.283222
48113012802,0.100603
48113012900,0.099381
48113013005,0.03847
48113013007,0.057934
48113013008,0.005817
48113013009,0.022053
48113013010,0.055639
48113013011,0.028448
48113013012,0.044592
48113013013,0.063024
48113013101,0.012765
48113013102,0.004305
48113013104,0.036157
48113013106,0.008192
48113013107,0.079049
48113013201,0.037881
48113013202,0.041204
48113013300,0.015659
48113013400,0.046887
48113013500,0.003535
48113013605,0.026031
48113013606,0.013747
48113013607,0.008284
48113013608,0.017793
48113013609,0.016714
48113013610,0.006832
48113013611,0.048099
48113013615,0.133613
48113013617,0.07336
48113013618,0.044501
48113013619,0.008293
48113013620,0.065344
48113013621,0.254028
48113013622,0.129056
48113013624,0.047069
48113013625,0.103067
48113013626,0.114348
48113013627,0.220426
48113013628,0.021679
48113013629,0.059081
48113013630,0.393928
48113013631,0.138164
48113013715,0.008322
48113013716,0.012431
48113013717,0.003108
48113013718,0.007599
48113013719,0.065176
48113013720,0.049044
48113013721,0.012536
48113013722,0.017982
48113013725,0.255317
48113013726,0.011501
48113013727,0.009857
48113013728,0.006233
48113013729,0.011859
48113013804,0.018511
48113013805,0.009734
48113013806,0.016992
48113013807,0.018357
48113013808,0.028372
48113013901,0.008237
48113013902,0.006147
48113014001,0.022149
48113014002,0.020857
48113014119,0.015266
48113014120,0.007759
48113014121,0.017779
48113014123,0.016968
48113014124,0.030096
48113014126,0.013042
48113014128,0.005838
48113014130,0.017402
48113014132,0.002727
48113014134,0.043298
48113014135,0.011434
48113014138,0.007113
48113014139,0.008488
48113014140,0.013093
48113014141,0.00832
48113014142,0.003835
48113014143,0.05313
48113014144,0.026632
48113014145,0.036092
48113014146,0.018629
48113014147,0.024762
48113014148,0.016414
48113014149,0.006539
48113014150,0.076387
48113014151,0.018179
48113014152,0.143704
48113014153,0.026205
48113014154,0.006857
48113014155,0.011666
48113014156,0.007099
48113014157,0.014573
48113014158,0.00413
48113014159,0.030581
48113014160,0.012684
48113014161,0.018684
48113014203,0.013765
48113014204,0.006698
48113014205,0.0574
48113014207,0.039798
48113014208,0.04191
48113014209,0.03828
48113014306,0.008135
48113014308,0.012273
48113014309,0.061608
48113014310,0.006912
48113014313,0.057218
48113014314,0.006148
48113014315,0.020568
48113014316,0.165072
48113014317,0.016663
48113014318,0.006189
48113014319,0.082427
48113014320,0.052498
48113014405,0.013361
48113014406,0.020979
48113014407,0.017992
48113014408,0.024533
48113014409,0.035449
48113014410,0.013711
48113014501,0.015945
48113014502,0.016826
48113014601,0.00832
48113014602,0.014714
48113014603,0.005453
48113014701,0.017206
48113014704,0.012252
48113014903,0.086885
48113015001,0.017729
48113015002,0.032276
48113015101,0.005776
48113015102,0.005036
48113015202,0.116262
48113015205,0.031009
48113015206,0.004784
48113015207,0.164605
48113015208,0.004543
48113015303,0.02541
48113015304,0.053467
48113015305,0.011268
48113015306,0.005348
48113015403,0.037096
48113015404,0.096171
48113015405,0.036152
48113015406,0.042135
48113015500,0.050536
48113015600,0.034794
48113015700,0.060402
48113015900,0.05628
48113016001,0.052909
48113016002,0.008218
48113016100,0.057103
48113016201,0.007494
48113016203,0.115402
48113016204,0.007483
48113016301,0.176085
48113016302,0.026122
48113016406,0.013716
48113016407,0.02256
48113016409,0.013745
48113016410,0.016587
48113016412,0.019246
48113016414,0.021375
48113016415,0.003819
48113016416,0.005506
48113016417,0.00566
48113016418,0.143472
48113016419,0.034151
48113016420,0.004674
48113016421,0.188682
48113016511,0.008909
48113016513,0.010584
48113016516,0.002789
48113016517,0.012963
48113016518,0.010014
48113016519,0.010544
48113016521,0.104706
48113016522,0.0895
48113016524,0.018925
48113016525,0.010441
48113016526,0.017853
48113016527,0.010679
48113016528,0.006621
48113016529,0.002469
48113016530,0.023441
48113016531,0.022526
48113016532,0.015211
48113016533,0.062414
48113016534,0.025814
48113016535,0.034901
48113016536,0.010707
48113016607,0.029736
48113016610,0.006515
48113016615,0.005284
48113016616,0.024499
48113016617,0.006969
48113016618,0.008413
48113016619,0.010362
48113016620,0.008739
48113016621,0.00578
48113016622,0.013185
48113016623,0.008398
48113016624,0.036476
48113016626,0.008205
48113016627,0.004772
48113016628,0.024948
48113016629,0.054139
48113016630,0.005995
48113016631,0.011567
48113016632,0.148633
48113016633,0.011838
48113016634,0.063072
48113016635,0.059537
48113016636,0.01562
48113016637,0.017425
48113016638,0.01257
48113016704,0.15611
48113016706,0.024772
48113016707,0.016673
48113016708,0.015673
48113016709,0.024259
48113016710,0.01777
48113016711,0.043765
48113016802,0.056219
48113016803,0.007655
48113016805,0.007869
48113016806,0.008039
48113016902,0.024439
48113016903,0.017965
48113017005,0.04199
48113017006,0.008993
48113017007,0.007619
48113017008,0.052434
48113017009,0.044376
48113017010,0.003158
48113017101,0.031878
48113017102,0.088984
48113017201,0.0123
48113017203,0.067829
48113017204,0.04184
48113017307,0.039241
48113017308,0.003848
48113017309,0.00858
48113017310,0.004996
48113017311,0.012639
48113017312,0.00664
48113017313,0.041043
48113017314,0.004939
48113017315,0.014242
48113017400,0.005114
48113017500,0.104022
48113017602,0.010787
48113017604,0.095827
48113017605,0.006206
48113017606,0.026227
48113017703,0.009303
48113017704,0.021567
48113017705,0.035248
48113017706,0.009924
48113017805,0.023075
48113017806,0.020045
48113017808,0.042567
48113017811,0.07251
48113017812,0.085143
48113017814,0.052888
48113017815,0.005925
48113017816,0.030892
48113017817,0.051913
48113017818,0.00977
48113017819,0.049774
48113017820,0.048647
48113017900,0.072735
48113018001,0.066209
48113018002,0.078675
48113018105,0.01585
48113018110,0.011386
48113018111,0.118795
48113018120,0.005573
48113018121,0.0083
48113018126,0.112965
48113018127,0.109152
48113018128,0.116085
48113018129,0.054675
48113018130,0.059032
48113018132,0.019325
48113018133,0.162264
48113018134,0.03683
48113018135,0.008786
48113018137,0.015766
48113018138,0.004941
48113018140,0.097922
48113018141,0.029312
48113018142,0.028774
48113018143,0.06341
48113018144,0.014492
48113018145,0.06299
48113018146,0.008778
48113018147,0.003932
48113018148,0.022769
48113018149,0.027481
48113018150,0.004367
48113018151,0.02059
48113018152,0.041155
48113018153,0.004263
48113018154,0.030881
48113018155,0.008495
48113018156,0.057324
48113018157,0.014967
48113018158,0.167895
48113018159,0.013587
48113018203,0.022531
48113018204,0.012046
48113018205,0.002437
48113018206,0.006385
48113018300,0.014928
48113018401,0.041965
48113018402,0.047904
48113018403,0.125397
48113018501,0.066653
48113018505,0.053699
48113018506,0.019181
48113018507,0.011639
48113018508,0.026511
48113018600,0.008188
48113018700,0.195178
48113018801,0.008368
48113018802,0.034635
48113018900,0.023333
48113019013,0.009415
48113019016,0.138431
48113019018,0.004043
48113019019,0.048219
48113019020,0.038888
48113019023,0.004565
48113019024,0.008553
48113019025,0.317718
48113019026,0.011444
48113019027,0.012373
48113019028,0.005232
48113019029,0.027732
48113019031,0.015308
48113019032,0.017046
48113019033,0.022858
48113019034,0.009824
48113019035,0.008206
48113019036,0.247801
48113019037,0.011027
48113019039,0.016797
48113019040,0.010585
48113019041,0.012688
48113019042,0.015928
48113019044,0.017583
48113019045,0.031034
48113019046,0.006679
48113019047,0.00377
48113019048,0.008172
48113019049,0.035036
48113019050,0.053297
48113019051,0.044495
48113019052,0.015196
48113019053,0.12413
48113019101,0.023821
48113019102,0.074807
48113019202,0.012625
48113019203,0.009765
48113019205,0.011278
48113019208,0.016445
48113019210,0.015596
48113019211,0.013113
48113019212,0.012177
48113019213,0.110527
48113019214,0.005755
48113019215,0.015023
48113019216,0.00845
48113019301,0.020116
48113019302,0.045204
48113019400,0.006919
48113019501,0.197563
48113019502,0.025967
48113019600,0.024227
48113019700,0.012499
48113019800,0.037657
48113019900,0.022779
48113020000,0.012822
48113020100,0.073166
48113020200,0.089496
48113020300,0.022249
48113020401,0.047334
48113020402,0.021638
48113020500,0.004499
48113020600,0.025333
48113020700,0.016798
48113020800,0.018485
48113020900,0.020576
48113021000,0.005494
48113021100,0.103777
48113021200,0.044561
48113980000,0.105796
48113980100,0.147941
48113980200,0.002648
48115950401,0.167412
48115950402,0.172674
48115950500,0.223201
48115950600,0.102644
48119950100,0.052861
48119950200,0.133387
48121020109,0.011236
48121020110,0.017132
48121020111,0.022702
48121020112,0.086959
48121020115,0.007549
48121020116,0.013482
48121020117,0.078071
48121020118,0.13626
48121020119,0.006273
48121020120,0.021604
48121020121,0.057489
48121020122,0.04286
48121020123,0.072568
48121020124,0.005657
48121020125,0.089349
48121020126,0.007558
48121020127,0.015129
48121020128,0.07837
48121020129,0.022691
48121020130,0.040626
48121020131,0.038041
48121020132,0.04406
48121020133,0.005733
48121020134,0.021984
48121020135,0.138917
48121020136,0.187734
48121020137,0.10177
48121020203,0.007758
48121020204,0.066852
48121020205,0.044515
48121020206,0.143504
48121020207,0.088989
48121020208,0.00724
48121020305,0.018883
48121020310,0.018267
48121020311,0.034602
48121020312,0.013707
48121020313,0.020416
48121020314,0.048179
48121020315,0.042413
48121020316,0.072974
48121020317,0.007949
48121020318,0.038018
48121020319,0.067895
48121020320,0.019129
48121020321,0.005257
48121020322,0.020375
48121020402,0.175714
48121020403,0.026684
48121020404,0.108013
48121020405,0.048146
48121020504,0.012793
48121020505,0.096029
48121020506,0.113068
48121020507,0.010419
48121020508,0.197364
48121020601,0.085895
48121020603,0.15062
48121020604,0.006995
48121020605,0.057374
48121020700,0.008295
48121020800,0.049504
48121020900,0.011293
48121021000,0.003646
48121021100,0.037288
48121021202,0.025426
48121021203,0.180114
48121021204,0.012119
48121021301,0.24216
48121021304,0.010085
48121021305,0.042283
48121021306,0.051179
48121021307,0.007808
48121021410,0.016122
48121021411,0.141944
48121021412,0.131163
48121021413,0.134682
48121021414,0.111611
48121021415,0.033593
48121021416,0.006341
48121021417,0.02067
48121021418,0.004673
48121021419,0.009226
48121021420,0.022271
48121021421,0.028801
48121021422,0.008576
48121021423,0.013445
48121021502,0.066069
48121021505,0.016499
48121021512,0.017884
48121021513,0.043057
48121021514,0.007168
48121021516,0.008343
48121021517,0.249106
48121021518,0.026059
48121021520,0.006426
48121021521,0.075319
48121021522,0.016999
48121021526,0.012435
48121021528,0.010254
48121021529,0.005325
48121021530,0.016687
48121021531,0.015136
48121021532,0.010095
48121021533,0.003748
48121021534,0.009885
48121021535,0.02288
48121021536,0.048375
48121021537,0.038279
48121021538,0.005474
48121021539,0.014709
48121021540,0.00501
48121021611,0.019579
48121021612,0.012544
48121021613,0.007658
48121021614,0.008397
48121021615,0.015926
48121021616,0.006641
48121021618,0.021131
48121021619,0.014463
48121021620,0.031971
48121021621,0.019003
48121021622,0.010815
48121021626,0.021351
48121021630,0.006127
48121021631,0.018379
48121021632,0.006454
48121021633,0.007625
48121021634,0.036814
48121021635,0.009753
48121021637,0.016971
48121021638,0.005589
48121021639,0.013017
48121021640,0.003941
48121021641,0.042859
48121021642,0.055452
48121021643,0.009965
48121021644,0.015863
48121021645,0.102565
48121021646,0.020173
48121021647,0.028448
48121021648,0.002604
48121021649,0.033467
48121021650,0.025502
48121021651,0.011011
48121021652,0.009985
48121021653,0.019347
48121021654,0.069688
48121021655,0.02045
48121021715,0.010914
48121021716,0.033439
48121021717,0.006677
48121021719,0.023664
48121021720,0.018986
48121021721,0.003945
48121021722,0.012649
48121021723,0.013706
48121021724,0.007845
48121021725,0.039934
48121021726,0.009091
48121021727,0.009187
48121021728,0.099335
48121021729,0.013037
48121021730,0.00645
48121021731,0.005581
48121021732,0.336322
48121021733,0.048379
48121021734,0.102638
48121021735,0.015715
48121021736,0.018974
48121021737,0.045198
48121021738,0.049282
48121021739,0.101738
48121021740,0.017093
48121021741,0.00217
48121021742,0.024517
48121021743,0.073052
48121021744,0.019546
48121021745,0.013366
48121021746,0.024524
48121021748,0.02781
48121021749,0.012921
48121021750,0.017491
48121021751,0.009672
48121021752,0.003521
48121021754,0.025755
48121021755,0.0089
48121021756,0.066133
48121021757,0.043549
48121021758,0.013659
48121021759,0.037415
48121021800,0.01223
48121021900,0.005636
48123970100,0.061865
48123970201,0.245807
48123970202,0.100739
48123970300,0.091746
48123970400,0.055114
48123970500,0.073342
48125950300,0.085782
48127950201,0.158775
48127950202,0.114176
48127950400,0.155695
48131950100,0.04115
48131950200,0.06442
48131950500,0.030702
48133950100,0.061349
48133950201,0.033833
48133950202,0.045828
48133950301,0.143282
48133950302,0.070196
48133950400,0.02963
48133950500,0.0245
48137950300,0.123487
48139060103,0.035527
48139060104,0.016584
48139060105,0.017934
48139060106,0.010467
48139060206,0.093035
48139060207,0.063963
48139060209,0.011111
48139060211,0.013246
48139060212,0.017891
48139060215,0.014459
48139060216,0.106215
48139060217,0.013349
48139060218,0.005824
48139060219,0.032449
48139060220,0.008855
48139060221,0.007519
48139060300,0.002817
48139060400,0.12597
48139060500,0.033863
48139060601,0.094899
48139060602,0.023529
48139060702,0.048044
48139060704,0.089366
48139060801,0.018818
48139060802,0.046406
48139060803,0.043571
48139060900,0.01545
48139061000,0.106533
48139061100,0.028994
48139061200,0.099583
48139061300,0.071428
48139061401,0.076987
48139061402,0.019573
48139061500,0.09429
48139061600,0.053784
48139061700,0.050465
48143950100,0.077012
48143950201,0.09076
48143950203,0.035577
48143950204,0.031257
48143950301,0.073597
48143950302,0.106109
48143950401,0.214428
48143950402,0.075803
48143950501,0.128229
48143950502,0.169853
48143950600,0.166545
48143950700,0.132312
48145000200,0.141869
48145000300,0.201806
48145000400,0.175576
48145000500,0.036263
48145000700,0.028254
48145000800,0.048873
48147950100,0.046175
48147950300,0.092147
48147950401,0.251799
48147950402,0.142767
48147950500,0.187582
48147950600,0.27535
48147950701,0.048491
48147950702,0.104873
48147950800,0.054314
48149970100,0.04463
48149970200,0.129549
48149970301,0.164677
48149970302,0.079821
48149970400,0.08386
48149970500,0.032851
48149970601,0.041492
48149970602,0.091414
48149970700,0.067083
48151950300,0.038954
48151950400,0.170176
48155950100,0.023899
48157670101,0.007329
48157670102,0.027392
48157670201,0.003655
48157670202,0.010809
48157670300,0.058746
48157670400,0.008162
48157670500,0.095307
48157670602,0.00622
48157670603,0.006888
48157670604,0.004195
48157670700,0.073515
48157670801,0.169158
48157670802,0.004806
48157670803,0.023282
48157670804,0.216416
48157670902,0.207757
48157670903,0.166548
48157670904,0.007153
48157671001,0.007381
48157671002,0.010547
48157671101,0.060313
48157671102,0.011349
48157671200,0.008131
48157671300,0.024545
48157671401,0.028728
48157671402,0.023508
48157671501,0.009061
48157671502,0.042587
48157671601,0.023002
48157671602,0.018972
48157671700,0.021408
48157671800,0.019345
48157671900,0.009401
48157672002,0.06005
48157672003,0.00679
48157672004,0.005331
48157672100,0.10373
48157672201,0.098417
48157672202,0.013488
48157672303,0.040176
48157672304,0.006564
48157672305,0.041379
48157672306,0.010727
48157672401,0.059188
48157672402,0.0271
48157672500,0.014108
48157672602,0.006335
48157672603,0.00479
48157672604,0.008761
48157672701,0.009287
48157672702,0.006619
48157672703,0.013001
48157672801,0.06703
48157672802,0.073978
48157672901,0.015312
48157672902,0.005571
48157672903,0.047299
48157672904,0.047546
48157672905,0.023827
48157672906,0.019536
48157672907,0.004606
48157673004,0.008968
48157673005,0.01559
48157673006,0.013276
48157673007,0.022629
48157673008,0.005785
48157673009,0.046065
48157673010,0.009251
48157673103,0.046619
48157673104,0.009764
48157673105,0.029357
48157673106,0.022076
48157673107,0.008896
48157673108,0.009967
48157673109,0.016812
48157673110,0.007542
48157673111,0.009468
48157673112,0.01515
48157673113,0.004034
48157673201,0.004741
48157673202,0.024471
48157673300,0.02417
48157673401,0.012191
48157673402,0.01887
48157673403,0.024106
48157673404,0.031159
48157673501,0.046729
48157673502,0.010743
48157673600,0.045085
48157673700,0.099645
48157673801,0.251248
48157673802,0.09962
48157673902,0.02529
48157673903,0.016641
48157673904,0.221446
48157674001,0.007522
48157674002,0.011068
48157674100,0.011168
48157674200,0.00976
48157674301,0.007433
48157674302,0.013236
48157674401,0.004826
48157674402,0.026894
48157674403,0.014974
48157674404,0.042904
48157674503,0.006958
48157674504,0.014372
48157674505,0.035786
48157674506,0.009085
48157674507,0.044107
48157674508,0.054942
48157674601,0.050757
48157674602,0.09542
48157674603,0.017981
48157674604,0.033516
48157674701,0.186735
48157674702,0.025712
48157674800,0.027854
48157674900,0.280778
48157675000,0.150261
48157675101,0.012897
48157675102,0.049784
48157675200,0.212195
48157675300,0.203254
48157675401,0.180853
48157675402,0.19271
48157675501,0.057667
48157675502,0.014961
48157675503,0.008201
48157675600,0.01584
48157675701,0.021021
48157675702,0.004694
48157675800,0.081417
48159950101,0.052111
48159950102,0.047075
48159950200,0.126456
48159950300,0.122101
48161000101,0.033397
48161000102,0.244293
48161000200,0.190674
48161000300,0.14382
48161000400,0.040859
48161000600,0.028057
48161000700,0.084493
48161000900,0.186291
48163950101,0.027683
48163950102,0.045748
48163950201,0.14863
48163950202,0.056897
48163950301,0.15653
48163950302,0.098791
48167720100,0.010107
48167720200,0.023726
48167720301,0.045455
48167720302,0.008146
48167720400,0.048854
48167720501,0.011197
48167720504,0.005815
48167720505,0.034535
48167720506,0.006777
48167720507,0.010111
48167720508,0.017003
48167720509,0.123228
48167720510,0.036862
48167720511,0.02584
48167720512,0.004167
48167720601,0.02434
48167720602,0.00939
48167720603,0.004115
48167720604,0.017415
48167720605,0.038222
48167720701,0.071829
48167720702,0.076543
48167720703,0.033915
48167720800,0.016925
48167720900,0.092578
48167721101,0.024649
48167721203,0.125216
48167721204,0.008414
48167721205,0.014841
48167721206,0.147619
48167721209,0.146041
48167721301,0.005778
48167721302,0.015734
48167721401,0.006644
48167721403,0.009566
48167721501,0.08618
48167721502,0.040361
48167721901,0.010384
48167723300,0.025876
48167723401,0.146962
48167723402,0.033356
48167723403,0.038457
48167723503,0.238108
48167723504,0.236228
48167723505,0.037156
48169950101,0.062967
48169950102,0.032875
48169980000,0.277168
48171950100,0.117068
48171950200,0.031693
48171950301,0.257342
48171950302,0.162556
48171950401,0.138434
48171950402,0.293042
48171950500,0.21305
48173950100,0.074982
48175960100,0.122893
48175960200,0.047279
48177000100,0.152477
48177000200,0.094939
48177000300,0.21446
48177000400,0.200474
48177000500,0.135248
48177000600,0.032702
48181000101,0.076398
48181000102,0.080893
48181000302,0.092317
48181000304,0.041942
48181000600,0.098606
48181000700,0.23157
48181000800,0.01126
48181000901,0.179064
48181000903,0.041867
48181000904,0.028564
48181001101,0.029025
48181001103,0.145743
48181001104,0.04359
48181001200,0.008285
48181001300,0.211028
48181001400,0.128126
48181001500,0.142565
48181001700,0.018093
48181001801,0.050073
48181001802,0.018925
48181001803,0.110557
48181001901,0.090322
48181001902,0.026333
48181002000,0.048709
48183010100,0.025494
48183010201,0.170825
48183010202,0.058563
48183010401,0.110869
48183010402,0.066363
48183010700,0.085868
48185180101,0.036547
48185180102,0.114336
48185180201,0.074715
48185180202,0.049507
48185180302,0.078763
48185180303,0.009734
48185180304,0.086934
48185180400,0.058359
48187210100,0.136024
48187210200,0.089608
48187210300,0.231233
48187210400,0.139417
48187210505,0.051478
48187210506,0.136304
48187210508,0.108388
48187210509,0.265525
48187210510,0.210392
48187210511,0.175348
48187210512,0.225676
48187210513,0.043383
48187210603,0.014851
48187210606,0.016822
48187210608,0.145203
48187210609,0.007367
48187210610,0.028064
48187210611,0.005791
48187210612,0.073595
48187210613,0.009592
48187210614,0.030682
48187210705,0.028452
48187210706,0.013793
48187210707,0.018823
48187210709,0.027458
48187210710,0.042341
48187210711,0.017714
48187210712,0.009484
48187210713,0.00262
48187210715,0.011465
48187210716,0.004161
48187210717,0.007954
48187210718,0.012173
48187210803,0.026021
48187210804,0.026725
48187210805,0.074515
48187210806,0.187226
48187210902,0.024967
48187210903,0.063617
48187210904,0.263369
48187210905,0.02215
48193950100,0.04858
48193950200,0.096418
48193950300,0.088343
48201100001,0.09747
48201210400,0.008326
48201210500,0.005256
48201210600,0.010247
48201210700,0.007876
48201210800,0.0177
48201210900,0.020663
48201211000,0.024746
48201211101,0.036755
48201211102,0.005253
48201211200,0.00365
48201211301,0.018601
48201211302,0.033776
48201211400,0.007334
48201211501,0.064632
48201211502,0.038376
48201211600,0.045381
48201211700,0.040579
48201211900,0.006351
48201212300,0.02036
48201212400,0.018308
48201212500,0.032359
48201220100,0.023284
48201220200,0.008844
48201220300,0.022502
48201220400,0.029193
48201220500,0.029547
48201220600,0.012125
48201220701,0.051141
48201220702,0.040907
48201220800,0.031727
48201220900,0.055339
48201221000,0.014774
48201221100,0.013153
48201221200,0.009365
48201221301,0.03905
48201221302,0.005547
48201221400,0.012412
48201221501,0.009063
48201221502,0.026165
48201221601,0.009203
48201221602,0.018541
48201221701,0.010224
48201221702,0.038472
48201221800,0.054901
48201221900,0.074688
48201222000,0.014142
48201222100,0.015515
48201222200,0.019313
48201222300,0.016513
48201222401,0.075994
48201222402,0.019964
48201222501,0.009657
48201222502,0.238534
48201222504,0.017509
48201222505,0.013579
48201222601,0.015916
48201222602,0.008453
48201222701,0.010001
48201222702,0.040255
48201222800,0.035808
48201222900,0.028958
48201223001,0.009507
48201223002,0.007673
48201223100,0.029124
48201230100,0.007094
48201230200,0.006109
48201230300,0.01159
48201230400,0.007058
48201230500,0.028415
48201230600,0.053233
48201230700,0.008838
48201230800,0.02851
48201230900,0.009568
48201231000,0.010669
48201231100,0.094863
48201231200,0.01098
48201231300,0.002837
48201231400,0.005039
48201231500,0.0336
48201231600,0.009835
48201231700,0.05906
48201231800,0.016956
48201231900,0.025138
48201232000,0.011691
48201232100,0.032906
48201232201,0.011206
48201232202,0.029339
48201232203,0.129365
48201232303,0.011006
48201232304,0.054397
48201232305,0.057258
48201232306,0.035103
48201232402,0.019293
48201232403,0.028235
48201232404,0.049831
48201232405,0.063855
48201232500,0.125856
48201232600,0.022482
48201232701,0.032771
48201232703,0.054883
48201232704,0.034792
48201232801,0.055823
48201232802,0.015082
48201232901,0.028207
48201232902,0.046009
48201233001,0.033604
48201233002,0.032495
48201233003,0.022565
48201233101,0.018033
48201233103,0.084849
48201233104,0.057225
48201233105,0.040851
48201233200,0.021567
48201233300,0.055963
48201233400,0.014907
48201233501,0.015965
48201233502,0.031747
48201233600,0.037962
48201233701,0.050479
48201233702,0.017617
48201233703,0.056194
48201240101,0.021559
48201240102,0.046138
48201240400,0.019389
48201240503,0.020136
48201240504,0.006776
48201240505,0.013828
48201240506,0.005961
48201240600,0.01481
48201240703,0.024142
48201240704,0.018697
48201240705,0.008796
48201240706,0.041936
48201240707,0.031214
48201240802,0.009451
48201240803,0.021385
48201240804,0.019711
48201240903,0.037535
48201240904,0.013993
48201240905,0.018009
48201240906,0.008525
48201241001,0.038195
48201241002,0.007353
48201241101,0.015105
48201241103,0.010036
48201241104,0.011889
48201241105,0.19388
48201241201,0.0132
48201241202,0.255322
48201241301,0.020145
48201241302,0.017407
48201241400,0.033795
48201241501,0.030695
48201241502,0.023298
48201241503,0.047654
48201250101,0.029853
48201250102,0.092608
48201250201,0.02836
48201250202,0.028013
48201250303,0.119363
48201250304,0.063185
48201250305,0.017724
48201250306,0.054331
48201250403,0.052335
48201250404,0.007853
48201250405,0.032501
48201250406,0.055743
48201250407,0.124383
48201250408,0.00753
48201250500,0.01606
48201250601,0.05531
48201250602,0.042427
48201250701,0.016107
48201250702,0.00914
48201250801,0.012553
48201250802,0.031906
48201250901,0.024984
48201250902,0.017469
48201251000,0.064739
48201251100,0.015488
48201251200,0.018918
48201251300,0.009192
48201251401,0.018959
48201251402,0.005348
48201251501,0.010471
48201251503,0.005134
48201251504,0.003142
48201251505,0.009812
48201251600,0.048413
48201251701,0.004511
48201251702,0.023927
48201251800,0.360786
48201251902,0.034802
48201251903,0.057532
48201251904,0.01024
48201252001,0.004968
48201252002,0.04994
48201252003,0.053662
48201252100,0.011706
48201252201,0.129061
48201252202,0.142613
48201252303,0.004483
48201252304,0.032932
48201252305,0.011877
48201252306,0.014479
48201252400,0.030133
48201252500,0.145277
48201252601,0.036656
48201252602,0.137626
48201252700,0.127898
48201252800,0.026536
48201252901,0.030363
48201252902,0.014294
48201253000,0.080096
48201253202,0.023056
48201253300,0.010899
48201253502,0.034841
48201310101,0.014898
48201310102,0.012059
48201310200,0.013518
48201310300,0.003074
48201310400,0.009216
48201310500,0.017661
48201310600,0.006553
48201310700,0.050557
48201310800,0.020225
48201310900,0.008162
48201311001,0.104196
48201311002,0.15229
48201311100,0.015988
48201311200,0.042421
48201311300,0.008109
48201311400,0.007678
48201311501,0.009335
48201311502,0.014947
48201311600,0.027915
48201311701,0.028694
48201311702,0.043737
48201311800,0.03249
48201311900,0.01796
48201312000,0.044837
48201312200,0.041283
48201312300,0.012648
48201312400,0.015252
48201312501,0.01951
48201312502,0.010179
48201312601,0.100256
48201312602,0.033619
48201312603,0.019294
48201312700,0.020473
48201312800,0.013922
48201312901,0.014838
48201312902,0.008044
48201313000,0.01919
48201313101,0.022067
48201313102,0.086221
48201313201,0.045375
48201313202,0.013603
48201313300,0.004943
48201313400,0.006766
48201313500,0.01289
48201313600,0.01437
48201313700,0.049185
48201313801,0.029482
48201313802,0.016112
48201313901,0.050075
48201313902,0.009232
48201314001,0.059004
48201314003,0.123904
48201314004,0.021062
48201314005,0.019817
48201314301,0.094607
48201314302,0.047363
48201314401,0.129483
48201314402,0.214092
48201320100,0.01054
48201320201,0.034542
48201320202,0.013568
48201320500,0.031692
48201320601,0.010157
48201320602,0.013797
48201320700,0.047399
48201320800,0.168053
48201320901,0.036938
48201320902,0.008573
48201321001,0.030644
48201321002,0.073669
48201321101,0.045084
48201321102,0.034523
48201321200,0.036198
48201321301,0.036015
48201321302,0.103697
48201321401,0.02098
48201321402,0.143821
48201321500,0.068049
48201321600,0.023762
48201321700,0.010851
48201321800,0.036101
48201321900,0.011647
48201322000,0.063216
48201322100,0.013065
48201322200,0.008593
48201322600,0.102049
48201322701,0.02454
48201322702,0.030353
48201322800,0.030098
48201322900,0.010672
48201323000,0.020162
48201323100,0.017719
48201323200,0.026523
48201323300,0.013575
48201323400,0.020543
48201323500,0.036134
48201323601,0.024473
48201323602,0.060434
48201323701,0.037275
48201323702,0.045219
48201323801,0.009589
48201323802,0.010922
48201323900,0.049703
48201324000,0.042205
48201324101,0.08791
48201324102,0.27412
48201324200,0.087749
48201330101,0.031029
48201330102,0.012736
48201330200,0.010537
48201330301,0.057375
48201330302,0.048515
48201330303,0.031175
48201330400,0.043828
48201330500,0.017607
48201330600,0.017302
48201330700,0.071654
48201330801,0.07899
48201330802,0.096201
48201330901,0.012142
48201330902,0.009724
48201331100,0.015222
48201331200,0.011845
48201331300,0.032815
48201331400,0.047228
48201331501,0.168525
48201331502,0.005594
48201331602,0.00577
48201331603,0.012499
48201331604,0.007652
48201331700,0.044213
48201331800,0.019418
48201331900,0.029273
48201332000,0.015903
48201332100,0.042416
48201332200,0.006395
48201332300,0.021403
48201332400,0.010361
48201332500,0.010403
48201332600,0.00651
48201332700,0.030626
48201332800,0.047664
48201332900,0.022521
48201333000,0.036292
48201333100,0.010382
48201333201,0.029156
48201333203,0.009965
48201333204,0.019616
48201333205,0.071908
48201333301,0.062323
48201333302,0.01135
48201333501,0.031856
48201333502,0.17763
48201333600,0.119373
48201333700,0.058631
48201333801,0.114767
48201333802,0.0081
48201333903,0.0215
48201333904,0.018993
48201333905,0.010215
48201333906,0.023887
48201334001,0.009726
48201334002,0.082644
48201334003,0.045374
48201334101,0.032572
48201334102,0.06245
48201340101,0.077393
48201340102,0.01342
48201340201,0.196665
48201340202,0.03182
48201340203,0.020575
48201340301,0.016223
48201340302,0.018318
48201340400,0.020081
48201340501,0.014538
48201340502,0.055028
48201340600,0.015423
48201340701,0.022318
48201340702,0.018303
48201340800,0.010744
48201340900,0.054826
48201341001,0.094116
48201341002,0.047039
48201341101,0.022866
48201341102,0.032059
48201341201,0.024138
48201341203,0.073337
48201341204,0.053115
48201341302,0.095875
48201341303,0.027074
48201341304,0.078311
48201341400,0.039285
48201341501,0.010929
48201341502,0.056464
48201342001,0.011976
48201342002,0.039663
48201342100,0.016534
48201342200,0.060837
48201342300,0.009998
48201342400,0.090347
48201342500,0.093101
48201342700,0.029879
48201342801,0.032305
48201342802,0.113444
48201342900,0.012807
48201343000,0.030768
48201343100,0.061801
48201343200,0.020761
48201343301,0.030559
48201343302,0.027649
48201343601,0.268445
48201343700,0.115018
48201350101,0.043859
48201350102,0.010132
48201350103,0.00392
48201350104,0.054255
48201350201,0.012976
48201350202,0.059664
48201350300,0.015268
48201350400,0.011882
48201350500,0.012317
48201350601,0.017867
48201350603,0.006149
48201350604,0.010895
48201350700,0.006158
48201350801,0.012073
48201350803,0.017957
48201350804,0.007736
48201410101,0.015182
48201410102,0.056138
48201410201,0.06516
48201410202,0.037792
48201410300,0.032079
48201410401,0.189293
48201410402,0.031416
48201410501,0.087095
48201410502,0.093186
48201410601,0.040827
48201410602,0.021072
48201410703,0.015749
48201410704,0.115979
48201410705,0.021963
48201410706,0.006224
48201410801,0.041749
48201410802,0.015354
48201410900,0.158838
48201411001,0.098628
48201411002,0.046143
48201411003,0.024745
48201411100,0.037033
48201411200,0.112246
48201411301,0.075146
48201411302,0.137054
48201411400,0.019107
48201411503,0.024417
48201411504,0.061373
48201411505,0.018811
48201411506,0.06388
48201411507,0.097941
48201411600,0.028929
48201411700,0.017085
48201411801,0.025801
48201411802,0.021227
48201411901,0.060203
48201411902,0.02376
48201412000,0.04876
48201412201,0.023379
48201412202,0.012628
48201412300,0.075177
48201412400,0.012698
48201412500,0.035557
48201412600,0.040266
48201412700,0.008328
48201412800,0.023739
48201412901,0.107489
48201412902,0.028007
48201413000,0.016579
48201413100,0.031107
48201413203,0.017203
48201413204,0.097457
48201413205,0.058289
48201413206,0.042886
48201413301,0.013656
48201413302,0.006793
48201420100,0.018043
48201420200,0.010404
48201420300,0.006097
48201420400,0.031329
48201420500,0.029222
48201420600,0.059269
48201420700,0.005075
48201420800,0.005921
48201420900,0.013108
48201421000,0.078854
48201421101,0.007532
48201421103,0.004485
48201421104,0.018377
48201421203,0.055591
48201421204,0.010967
48201421205,0.007718
48201421206,0.003411
48201421301,0.001835
48201421302,0.005655
48201421401,0.028253
48201421402,0.033317
48201421403,0.025152
48201421501,0.009483
48201421502,0.008441
48201421601,0.01194
48201421602,0.069074
48201421700,0.007105
48201421801,0.029148
48201421802,0.014352
48201421900,0.016224
48201422000,0.004588
48201422100,0.096226
48201422200,0.025037
48201422302,0.016255
48201422303,0.019549
48201422304,0.025422
48201422403,0.007359
48201422404,0.018821
48201422405,0.025834
48201422406,0.003087
48201422501,0.018119
48201422502,0.007096
48201422601,0.01095
48201422602,0.008161
48201422701,0.006021
48201422702,0.005293
48201422800,0.007434
48201422900,0.005803
48201423001,0.018889
48201423002,0.032628
48201423100,0.04537
48201423201,0.02441
48201423203,0.004606
48201423204,0.029656
48201423301,0.018841
48201423303,0.007408
48201423304,0.009833
48201423401,0.021783
48201423402,0.005127
48201423500,0.046462
48201423600,0.032275
48201430101,0.017586
48201430102,0.015922
48201430200,0.017006
48201430300,0.013242
48201430400,0.008754
48201430500,0.120922
48201430600,0.004701
48201430700,0.079221
48201430800,0.053647
48201430900,0.054347
48201431001,0.010765
48201431002,0.025577
48201431101,0.04796
48201431102,0.021292
48201431203,0.016394
48201431204,0.022279
48201431205,0.01472
48201431206,0.024804
48201431302,0.015117
48201431303,0.012827
48201431304,0.066761
48201431401,0.013612
48201431403,0.082187
48201431404,0.029581
48201431503,0.045568
48201431504,0.020007
48201431505,0.054349
48201431506,0.015407
48201431600,0.018022
48201431701,0.030704
48201431702,0.043229
48201431801,0.017629
48201431803,0.005863
48201431804,0.066915
48201431901,0.023927
48201431902,0.027128
48201432003,0.016463
48201432004,0.019209
48201432005,0.142485
48201432006,0.004497
48201432101,0.064317
48201432102,0.081827
48201432200,0.011686
48201432301,0.051236
48201432302,0.029674
48201432303,0.054337
48201432401,0.005227
48201432402,0.015767
48201432501,0.0115
48201432502,0.014077
48201432600,0.008656
48201432703,0.016663
48201432704,0.008753
48201432705,0.008771
48201432706,0.006088
48201432803,0.007589
48201432804,0.018517
48201432805,0.014402
48201432806,0.043634
48201432901,0.05583
48201432903,0.026436
48201432904,0.044226
48201433003,0.03557
48201433004,0.018155
48201433005,0.052539
48201433006,0.013773
48201433007,0.004872
48201433100,0.078501
48201433201,0.039754
48201433202,0.008651
48201433300,0.00491
48201433400,0.00675
48201433503,0.059563
48201433504,0.017459
48201433505,0.023326
48201433506,0.019961
48201433507,0.04987
48201433601,0.016531
48201433602,0.004845
48201440101,0.00488
48201440102,0.037737
48201450100,0.033783
48201450200,0.023692
48201450301,0.006385
48201450302,0.024867
48201450401,0.052625
48201450402,0.048358
48201450500,0.03206
48201450600,0.013645
48201450700,0.019974
48201450801,0.028444
48201450803,0.026176
48201450804,0.107108
48201450900,0.076631
48201451003,0.019687
48201451004,0.03253
48201451005,0.01495
48201451006,0.048
48201451100,0.020427
48201451200,0.017578
48201451301,0.007143
48201451302,0.008521
48201451401,0.008676
48201451404,0.035128
48201451405,0.021177
48201451406,0.011212
48201451407,0.012608
48201451501,0.033862
48201451502,0.196145
48201451603,0.015707
48201451604,0.085742
48201451605,0.012703
48201451606,0.049579
48201451700,0.052718
48201451800,0.015608
48201451902,0.012756
48201451903,0.083028
48201451904,0.009323
48201452001,0.010179
48201452002,0.01477
48201452101,0.016737
48201452102,0.016705
48201452103,0.019334
48201452202,0.035761
48201452203,0.066997
48201452204,0.051906
48201452300,0.051498
48201452401,0.028853
48201452402,0.009878
48201452501,0.00794
48201452502,0.034669
48201452601,0.013387
48201452602,0.006566
48201452701,0.006931
48201452702,0.003398
48201452703,0.037662
48201452801,0.038203
48201452802,0.031608
48201452900,0.048836
48201453001,0.044211
48201453002,0.020501
48201453100,0.018314
48201453201,0.015664
48201453202,0.020411
48201453300,0.013
48201453401,0.027504
48201453403,0.006507
48201453404,0.034693
48201453405,0.005429
48201453501,0.023078
48201453502,0.005364
48201453601,0.036675
48201453603,0.054027
48201453604,0.006961
48201453701,0.008833
48201453702,0.017409
48201453800,0.037299
48201453901,0.006743
48201453902,0.034161
48201454000,0.012979
48201454100,0.00777
48201454200,0.025699
48201454302,0.005666
48201454303,0.032001
48201454304,0.009224
48201454305,0.012072
48201454400,0.08405
48201454502,0.009301
48201454503,0.024838
48201454504,0.009853
48201454505,0.061546
48201454600,0.010044
48201454700,0.156297
48201454801,0.059695
48201454802,0.00903
48201454901,0.018677
48201454902,0.008312
48201455000,0.018909
48201455102,0.015841
48201455103,0.248083
48201455104,0.037591
48201455200,0.025535
48201455300,0.05058
48201510100,0.056679
48201510201,0.050057
48201510202,0.009036
48201510301,0.062854
48201510302,0.019267
48201510400,0.016897
48201510500,0.014361
48201510601,0.051854
48201510602,0.030061
48201510701,0.013411
48201510702,0.026147
48201510801,0.106538
48201510802,0.016032
48201510803,0.081214
48201510901,0.01529
48201510902,0.069819
48201511001,0.017244
48201511003,0.020132
48201511004,0.010445
48201511100,0.025843
48201511201,0.038118
48201511202,0.010608
48201511301,0.022125
48201511302,0.129967
48201511400,0.068073
48201511501,0.020168
48201511502,0.010927
48201511600,0.018449
48201520100,0.011969
48201520200,0.020011
48201520301,0.005044
48201520302,0.008531
48201520400,0.031011
48201520501,0.013604
48201520502,0.0075
48201520601,0.008312
48201520603,0.027352
48201520604,0.008659
48201520700,0.01883
48201521000,0.071742
48201521100,0.006106
48201521201,0.022075
48201521202,0.018295
48201521300,0.009241
48201521401,0.036345
48201521402,0.016543
48201521501,0.028641
48201521502,0.045266
48201521600,0.268572
48201521701,0.046558
48201521702,0.088978
48201521800,0.012986
48201521900,0.006354
48201522001,0.021756
48201522002,0.004301
48201522101,0.003717
48201522102,0.006194
48201522201,0.009258
48201522202,0.0109
48201522301,0.051056
48201522302,0.009408
48201522401,0.007883
48201522402,0.032909
48201522500,0.011216
48201530101,0.040795
48201530102,0.019073
48201530200,0.017442
48201530300,0.010498
48201530400,0.039978
48201530501,0.070286
48201530502,0.003046
48201530600,0.024904
48201530701,0.114482
48201530702,0.029083
48201530800,0.006037
48201530900,0.01292
48201531000,0.009181
48201531100,0.009309
48201531200,0.001558
48201531300,0.006106
48201531400,0.005657
48201531500,0.016986
48201531600,0.005805
48201531700,0.062757
48201531800,0.036838
48201531900,0.018317
48201532003,0.005618
48201532004,0.015245
48201532101,0.01481
48201532102,0.045373
48201532200,0.012451
48201532301,0.038552
48201532302,0.01202
48201532400,0.027489
48201532502,0.016399
48201532503,0.036454
48201532504,0.042504
48201532600,0.020714
48201532700,0.045246
48201532800,0.006788
48201532900,0.05144
48201533000,0.002061
48201533100,0.004022
48201533200,0.002839
48201533301,0.012036
48201533302,0.030593
48201533401,0.02193
48201533402,0.0053
48201533500,0.02314
48201533600,0.027062
48201533701,0.013876
48201533702,0.015107
48201533802,0.008908
48201533803,0.353183
48201533804,0.048637
48201533902,0.041502
48201533903,0.006558
48201533904,0.080978
48201534001,0.073029
48201534002,0.007593
48201534003,0.062288
48201534101,0.027275
48201534102,0.020111
48201534201,0.058883
48201534203,0.016064
48201534204,0.045635
48201534205,0.017083
48201540101,0.021763
48201540102,0.023873
48201540200,0.068747
48201540502,0.015127
48201540503,0.170902
48201540504,0.124296
48201540601,0.018341
48201540602,0.010388
48201540700,0.083389
48201540800,0.012684
48201540901,0.011795
48201540903,0.05579
48201540904,0.127421
48201541004,0.049524
48201541005,0.015548
48201541006,0.017396
48201541007,0.016081
48201541008,0.050523
48201541009,0.03062
48201541100,0.005212
48201541203,0.018576
48201541204,0.052333
48201541205,0.02779
48201541206,0.007818
48201541207,0.044805
48201541301,0.020288
48201541302,0.015073
48201541401,0.103418
48201541402,0.027001
48201541403,0.019154
48201541404,0.013256
48201541500,0.011053
48201541603,0.021514
48201541604,0.016394
48201541701,0.077645
48201541702,0.015197
48201541703,0.164055
48201541801,0.06152
48201541802,0.074113
48201541901,0.00434
48201541902,0.02567
48201542001,0.053444
48201542002,0.009912
48201542003,0.039782
48201542004,0.016576
48201542103,0.018411
48201542104,0.02514
48201542105,0.028408
48201542106,0.005917
48201542107,0.045622
48201542108,0.045352
48201542201,0.014139
48201542202,0.056179
48201542203,0.027275
48201542302,0.009442
48201542303,0.018456
48201542304,0.011951
48201542305,0.004142
48201542401,0.074593
48201542402,0.010169
48201542500,0.048623
48201542600,0.016925
48201542700,0.014746
48201542800,0.007587
48201542901,0.015893
48201542902,0.017198
48201543004,0.016107
48201543005,0.013019
48201543006,0.018374
48201543007,0.020225
48201543008,0.041451
48201543009,0.044118
48201543010,0.049707
48201543011,0.007259
48201543100,0.105637
48201543201,0.009194
48201543202,0.052634
48201550101,0.016136
48201550102,0.031255
48201550201,0.018707
48201550202,0.008737
48201550303,0.008282
48201550304,0.050324
48201550305,0.012619
48201550306,0.033691
48201550307,0.008572
48201550308,0.005963
48201550403,0.070723
48201550404,0.44697
48201550405,0.011403
48201550406,0.018797
48201550407,0.024097
48201550500,0.006095
48201550601,0.020901
48201550602,0.034373
48201550603,0.059573
48201550700,0.064528
48201550800,0.022643
48201550901,0.008314
48201550902,0.004354
48201551000,0.426046
48201551101,0.038771
48201551102,0.054162
48201551201,0.010816
48201551202,0.158422
48201551300,0.030232
48201551400,0.125329
48201551501,0.005158
48201551502,0.034401
48201551601,0.078465
48201551602,0.023236
48201551702,0.038217
48201551703,0.064507
48201551704,0.016
48201551705,0.075441
48201551800,0.033005
48201551901,0.009741
48201551902,0.047569
48201552002,0.014669
48201552003,0.037456
48201552004,0.086539
48201552101,0.049817
48201552102,0.018304
48201552103,0.040745
48201552200,0.015943
48201552301,0.010819
48201552303,0.027274
48201552304,0.034463
48201552401,0.034884
48201552402,0.012121
48201552501,0.065157
48201552502,0.01407
48201552602,0.066954
48201552603,0.053629
48201552604,0.065454
48201552701,0.046394
48201552702,0.009477
48201552801,0.165246
48201552802,0.071329
48201552901,0.027585
48201552902,0.014493
48201553001,0.018905
48201553002,0.009197
48201553101,0.039286
48201553102,0.003891
48201553201,0.013742
48201553202,0.070499
48201553300,0.044142
48201553401,0.005544
48201553403,0.016965
48201553404,0.018757
48201553405,0.021908
48201553500,0.18759
48201553601,0.022386
48201553602,0.006384
48201553700,0.021341
48201553801,0.006274
48201553803,0.027476
48201553804,0.009855
48201553901,0.009457
48201554001,0.01472
48201554002,0.011367
48201554103,0.00692
48201554104,0.04659
48201554201,0.066532
48201554202,0.012294
48201554301,0.013823
48201554302,0.106383
48201554404,0.094571
48201554405,0.040294
48201554406,0.003792
48201554407,0.008115
48201554408,0.092719
48201554409,0.147804
48201554410,0.050577
48201554501,0.01519
48201554502,0.01118
48201554600,0.035795
48201554701,0.044686
48201554702,0.014132
48201554803,0.01196
48201554804,0.015322
48201554805,0.005824
48201554806,0.042075
48201554807,0.110561
48201554808,0.119323
48201554809,0.024202
48201554902,0.048623
48201554904,0.086891
48201554905,0.012187
48201554906,0.011178
48201554907,0.027362
48201554908,0.036229
48201555001,0.012881
48201555002,0.015985
48201555101,0.02533
48201555102,0.031476
48201555200,0.011833
48201555301,0.024645
48201555303,0.015305
48201555304,0.012773
48201555305,0.016602
48201555401,0.015494
48201555403,0.071817
48201555404,0.027809
48201555501,0.085815
48201555503,0.046949
48201555504,0.004574
48201555505,0.022599
48201555600,0.093227
48201555701,0.053653
48201555703,0.018659
48201555704,0.007802
48201556000,0.049225
48201556100,0.06237
48201980000,0.295091
48201980100,0.258895
48201980200,0.095806
48201980300,0.095055
48201980400,0.137059
48201980700,0.073507
48207950300,0.06948
48207950400,0.040695
48209010100,0.130372
48209010200,0.118855
48209010302,0.147255
48209010305,0.116583
48209010306,0.110354
48209010307,0.108788
48209010308,0.197084
48209010309,0.110045
48209010401,0.031649
48209010402,0.015216
48209010500,0.05105
48209010601,0.009229
48209010602,0.203956
48209010603,0.087717
48209010702,0.051285
48209010703,0.210115
48209010704,0.252746
48209010806,0.086071
48209010807,0.057852
48209010809,0.258698
48209010810,0.093526
48209010811,0.043613
48209010812,0.215565
48209010813,0.008326
48209010814,0.024314
48209010815,0.308056
48209010816,0.282371
48209010817,0.283395
48209010818,0.047328
48209010905,0.046512
48209010909,0.030999
48209010911,0.020558
48209010912,0.048257
48209010913,0.028205
48209010914,0.030252
48209010915,0.009593
48209010916,0.023204
48209010917,0.101279
48209010918,0.013823
48209010919,0.013278
48209010920,0.120468
48209010921,0.025924
48209010922,0.02657
48209010923,0.017284
48209010924,0.016473
48209010925,0.036772
48213950101,0.036828
48213950102,0.013787
48213950201,0.006571
48213950202,0.097736
48213950301,0.17494
48213950302,0.245466
48213950303,0.145889
48213950400,0.285287
48213950500,0.092757
48213950601,0.218416
48213950603,0.20552
48213950604,0.323701
48213950700,0.155542
48213950801,0.273999
48213950802,0.164774
48213950902,0.08182
48213950903,0.26568
48213950904,0.124281
48213950905,0.215031
48213951000,0.13907
48213951101,0.01903
48213951102,0.086348
48213951201,0.192253
48213951202,0.206313
48213951300,0.165582
48213951401,0.041634
48213951402,0.082687
48213951403,0.007873
48215020103,0.064836
48215020104,0.052547
48215020105,0.089142
48215020106,0.080277
48215020107,0.321421
48215020108,0.006925
48215020205,0.237276
48215020206,0.080876
48215020207,0.014356
48215020208,0.17739
48215020209,0.137151
48215020210,0.151042
48215020211,0.340933
48215020303,0.004123
48215020304,0.163563
48215020305,0.072578
48215020306,0.217714
48215020307,0.263521
48215020403,0.157279
48215020405,0.020973
48215020406,0.005927
48215020407,0.059105
48215020408,0.097871
48215020409,0.057132
48215020505,0.285519
48215020506,0.039799
48215020507,0.081024
48215020508,0.327178
48215020509,0.005577
48215020510,0.127843
48215020511,0.024729
48215020512,0.04121
48215020513,0.179595
48215020600,0.064135
48215020724,0.121592
48215020725,0.01597
48215020727,0.005685
48215020728,0.012256
48215020729,0.157648
48215020730,0.223224
48215020731,0.009374
48215020732,0.065186
48215020733,0.021627
48215020734,0.013231
48215020735,0.007846
48215020736,0.009231
48215020804,0.031857
48215020805,0.145012
48215020806,0.191676
48215020807,0.029822
48215020808,0.048472
48215020905,0.026599
48215020906,0.096562
48215020907,0.050203
48215020908,0.087457
48215020909,0.157758
48215020910,0.027804
48215021001,0.054364
48215021002,0.142293
48215021003,0.185914
48215021100,0.067362
48215021201,0.04786
48215021203,0.09419
48215021204,0.033843
48215021306,0.067324
48215021307,0.03811
48215021308,0.139146
48215021309,0.278101
48215021310,0.274915
48215021311,0.036229
48215021312,0.189625
48215021313,0.041631
48215021314,0.066055
48215021315,0.207001
48215021401,0.151753
48215021405,0.122607
48215021406,0.005411
48215021407,0.096323
48215021408,0.138458
48215021409,0.200758
48215021500,0.121723
48215021600,0.038517
48215021703,0.021146
48215021704,0.035645
48215021705,0.046344
48215021706,0.015876
48215021707,0.026042
48215021803,0.036313
48215021804,0.059867
48215021807,0.055344
48215021808,0.24187
48215021809,0.052727
48215021810,0.04209
48215021903,0.109724
48215021904,0.040091
48215021905,0.073781
48215021906,0.059954
48215022005,0.115361
48215022006,0.006552
48215022007,0.00578
48215022008,0.05108
48215022009,0.018168
48215022010,0.098105
48215022011,0.030027
48215022105,0.326014
48215022107,0.146679
48215022108,0.075007
48215022109,0.017133
48215022110,0.00795
48215022111,0.020293
48215022112,0.034288
48215022113,0.051895
48215022203,0.175789
48215022204,0.036532
48215022205,0.032997
48215022206,0.033296
48215022301,0.335744
48215022302,0.040872
48215022401,0.029314
48215022402,0.006671
48215022502,0.012195
48215022503,0.028197
48215022504,0.016082
48215022600,0.004566
48215022703,0.157249
48215022704,0.09269
48215022705,0.018311
48215022706,0.022703
48215022801,0.130103
48215022802,0.07038
48215022900,0.086979
48215023000,0.024963
48215023103,0.112442
48215023104,0.013539
48215023105,0.05225
48215023106,0.025016
48215023516,0.081084
48215023517,0.018805
48215023518,0.049676
48215023519,0.002708
48215023520,0.038214
48215023521,0.009838
48215023522,0.033242
48215023523,0.050962
48215023524,0.00768
48215023525,0.031396
48215023526,0.090329
48215023527,0.006044
48215023528,0.087369
48215023529,0.006411
48215023530,0.011414
48215023531,0.016173
48215023532,0.007417
48215023533,0.007802
48215023534,0.020743
48215023535,0.014633
48215023536,0.081196
48215023601,0.065015
48215023602,0.015323
48215023700,0.147333
48215023803,0.019287
48215023804,0.175778
48215023805,0.005515
48215023806,0.091909
48215023903,0.286903
48215023905,0.008995
48215023906,0.018819
48215023907,0.100675
48215023908,0.022796
48215024001,0.156119
48215024002,0.054874
48215024003,0.228475
48215024004,0.03418
48215024107,0.135336
48215024108,0.010284
48215024109,0.047101
48215024115,0.022418
48215024116,0.019324
48215024117,0.176138
48215024118,0.142062
48215024119,0.258891
48215024120,0.040283
48215024121,0.043604
48215024122,0.00919
48215024123,0.009073
48215024124,0.028701
48215024125,0.244877
48215024126,0.09416
48215024127,0.010521
48215024128,0.052688
48215024129,0.125204
48215024130,0.036799
48215024131,0.007501
48215024132,0.021341
48215024204,0.271721
48215024206,0.091461
48215024207,0.044908
48215024208,0.048913
48215024209,0.156121
48215024210,0.286693
48215024211,0.054713
48215024212,0.012959
48215024301,0.026098
48215024302,0.009389
48215024403,0.041533
48215024404,0.029206
48215024405,0.135085
48215024406,0.051614
48215024501,0.013391
48215024502,0.096433
48215024600,0.040528
48215980000,0.123908
48217960100,0.03511
48217960200,0.063917
48217960400,0.035857
48217960501,0.010715
48217960502,0.020456
48217960600,0.099017
48217960700,0.075939
48217960800,0.077483
48217960900,0.130823
48217961000,0.096223
48217961100,0.11073
48217961400,0.030143
48221160100,0.097441
48221160204,0.058432
48221160206,0.182541
48221160210,0.077899
48221160211,0.195854
48221160212,0.178026
48221160213,0.082257
48221160214,0.065209
48221160215,0.250538
48221160216,0.058078
48221160217,0.213284
48221160218,0.273024
48221160302,0.03427
48221160303,0.051917
48223950100,0.056467
48223950200,0.063452
48223950301,0.039432
48223950302,0.12242
48223950401,0.053044
48223950402,0.094372
48223950500,0.103822
48223950600,0.025128
48223950700,0.011615
48223950800,0.037382
48225950101,0.166818
48225950102,0.095976
48225950200,0.200418
48225950300,0.204016
48225950400,0.239918
48225950500,0.05274
48225950600,0.15838
48225950700,0.071369
48227950100,0.094553
48227950200,0.023125
48227950300,0.02732
48227950400,0.078531
48227950500,0.165955
48227950600,0.017157
48227950700,0.011063
48227950801,0.093037
48227950802,0.117357
48227950900,0.047692
48231960100,0.041006
48231960200,0.026453
48231960300,0.013034
48231960400,0.130248
48231960500,0.064049
48231960600,0.135434
48231960700,0.021287
48231960800,0.184207
48231960900,0.213137
48231961000,0.110165
48231961101,0.13701
48231961102,0.094684
48231961200,0.058293
48231961300,0.045418
48231961401,0.047265
48231961402,0.056875
48231961501,0.12745
48231961502,0.173429
48231961503,0.14748
48231961600,0.176502
48231961700,0.025331
48235950100,0.13578
48237950100,0.136213
48237950300,0.235272
48237950500,0.122941
48239950100,0.021937
48239950200,0.062997
48239950300,0.014433
48247950200,0.102068
48247950400,0.030615
48249950101,0.046271
48249950102,0.027364
48249950201,0.058327
48249950202,0.10176
48249950301,0.02905
48249950302,0.102104
48249950303,0.155676
48249950400,0.018068
48249950500,0.037669
48249950600,0.107118
48249950700,0.031978
48251130100,0.096001
48251130205,0.055666
48251130210,0.010693
48251130211,0.029779
48251130212,0.113833
48251130213,0.081831
48251130214,0.162852
48251130215,0.056555
48251130216,0.007284
48251130217,0.007973
48251130218,0.16213
48251130219,0.013917
48251130220,0.01672
48251130221,0.018431
48251130222,0.011661
48251130302,0.062339
48251130303,0.176661
48251130304,0.096047
48251130405,0.008068
48251130406,0.037358
48251130411,0.046563
48251130412,0.070514
48251130413,0.200945
48251130414,0.082285
48251130415,0.146858
48251130416,0.010226
48251130417,0.064822
48251130418,0.012757
48251130419,0.034436
48251130501,0.020267
48251130502,0.011964
48251130602,0.050314
48251130603,0.212877
48251130604,0.127299
48251130700,0.008687
48251130800,0.08597
48251130900,0.03308
48251131000,0.00457
48251131100,0.196264
48253020101,0.195565
48253020102,0.102172
48253020200,0.148021
48253020300,0.037155
48253020400,0.012728
48253020500,0.027463
48255970100,0.115667
48255970200,0.026785
48255970301,0.16345
48255970302,0.180123
48255970400,0.043882
48257050204,0.011875
48257050207,0.007777
48257050208,0.014626
48257050209,0.005228
48257050210,0.017411
48257050211,0.006898
48257050212,0.012147
48257050213,0.008572
48257050214,0.002147
48257050215,0.018802
48257050300,0.219577
48257050401,0.157325
48257050402,0.019828
48257050500,0.12095
48257050601,0.042636
48257050602,0.072106
48257050701,0.030792
48257050703,0.076016
48257050704,0.124891
48257050801,0.037328
48257050802,0.035156
48257051000,0.215464
48257051100,0.083685
48257051201,0.04605
48257051202,0.04867
48257051301,0.121419
48257051302,0.029306
48259970101,0.101456
48259970102,0.012402
48259970301,0.055025
48259970302,0.233504
48259970403,0.156669
48259970404,0.041982
48259970405,0.02431
48259970406,0.065996
48259970500,0.109837
48261950100,0.07069
48263950100,0.089365
48265960101,0.076232
48265960102,0.106132
48265960200,0.024353
48265960301,0.091183
48265960303,0.249721
48265960304,0.051208
48265960401,0.268166
48265960403,0.26673
48265960404,0.241098
48265960500,0.059031
48265960601,0.208094
48265960602,0.243723
48265960700,0.233203
48265960800,0.063774
48267950100,0.06037
48267950200,0.189731
48269950100,0.100541
48271950100,0.012546
48273020101,0.033963
48273020102,0.033906
48273020200,0.053513
48273020301,0.026445
48273020302,0.188844
48273020401,0.049225
48273020402,0.251476
48273020501,0.026969
48273020502,0.077412
48275950100,0.046822
48275950200,0.023968
48277000101,0.119999
48277000102,0.068195
48277000200,0.011995
48277000301,0.055359
48277000302,0.044702
48277000401,0.138348
48277000402,0.264343
48277000500,0.167366
48277000600,0.186664
48277000700,0.101682
48277000800,0.079741
48277000900,0.146775
48277001000,0.072724
48281950100,0.039531
48281950302,0.141052
48281950303,0.176023
48281950304,0.103152
48281950400,0.189532
48281950500,0.144777
48283950301,0.09739
48283950302,0.141896
48285000100,0.050547
48285000200,0.081146
48285000300,0.024422
48285000400,0.152211
48285000500,0.094844
48285000600,0.196057
48287000100,0.027927
48287000200,0.02977
48287000300,0.031579
48287000400,0.068195
48289950101,0.0808
48289950102,0.044407
48289950201,0.04407
48289950202,0.023444
48289950301,0.077039
48289950302,0.168826
48291700100,0.028321
48291700200,0.174061
48291700301,0.033901
48291700302,0.019145
48291700303,0.104073
48291700400,0.091286
48291700500,0.05786
48291700900,0.041375
48291701000,0.107365
48293970100,0.115326
48293970200,0.024507
48293970300,0.213287
48293970400,0.055746
48293970500,0.202868
48293970600,0.063256
48293970700,0.021025
48293970800,0.034053
48297950100,0.09907
48297950200,0.064575
48297950300,0.075031
48297950400,0.095953
48299970100,0.181422
48299970200,0.105304
48299970300,0.127697
48299970401,0.249052
48299970402,0.052988
48299970501,0.024833
48299970502,0.070066
48299970600,0.08943
48303000100,0.010326
48303000201,0.007426
48303000202,0.052018
48303000301,0.007949
48303000303,0.022543
48303000304,0.078691
48303000402,0.090527
48303000403,0.024626
48303000406,0.0429
48303000407,0.123956
48303000408,0.01266
48303000409,0.010609
48303000410,0.030727
48303000411,0.019124
48303000501,0.02794
48303000502,0.10153
48303000503,0.102287
48303000603,0.034012
48303000605,0.029808
48303000607,0.101771
48303000700,0.038982
48303000901,0.029998
48303000902,0.045118
48303001000,0.019407
48303001200,0.005492
48303001300,0.057829
48303001401,0.087056
48303001402,0.173473
48303001501,0.150575
48303001502,0.016625
48303001601,0.034705
48303001602,0.035033
48303001708,0.04434
48303001709,0.003753
48303001710,0.023605
48303001711,0.010566
48303001712,0.011762
48303001713,0.015296
48303001714,0.011789
48303001715,0.039377
48303001716,0.006811
48303001717,0.006308
48303001804,0.063207
48303001805,0.036843
48303001806,0.025733
48303001807,0.019057
48303001808,0.015258
48303001904,0.011567
48303001905,0.040753
48303001906,0.016164
48303001907,0.019454
48303001908,0.017285
48303002001,0.016386
48303002002,0.009411
48303002102,0.018487
48303002103,0.009555
48303002104,0.004056
48303002203,0.004865
48303002205,0.023771
48303002206,0.008476
48303002207,0.320726
48303002208,0.019062
48303002301,0.015879
48303002302,0.17761
48303002401,0.044412
48303002402,0.006739
48303002500,0.040262
48303010101,0.071879
48303010102,0.103427
48303010201,0.040282
48303010202,0.055001
48303010203,0.016497
48303010204,0.030162
48303010301,0.032816
48303010302,0.145227
48303010402,0.128955
48303010404,0.035038
48303010409,0.016062
48303010410,0.040227
48303010411,0.013805
48303010412,0.160995
48303010413,0.031869
48303010414,0.011047
48303010415,0.038501
48303010416,0.032348
48303010417,0.019
48303010418,0.034289
48303010419,0.017948
48303010420,0.030522
48303010421,0.014059
48303010422,0.045876
48303010423,0.028331
48303010502,0.051617
48303010504,0.016923
48303010505,0.022185
48303010506,0.042043
48303010509,0.038
48303010510,0.034879
48303010511,0.010747
48303010512,0.014279
48303010513,0.07926
48303010514,0.010377
48303010601,0.070439
48303010602,0.285514
48303010700,0.084984
48303980000,0.113055
48305950400,0.074293
48305950500,0.074
48305950600,0.048819
48307950300,0.142194
48307950400,0.118826
48307950500,0.148442
48309000100,0.040999
48309000200,0.085123
48309000300,0.04068
48309000401,0.065766
48309000402,0.059693
48309000598,0.084031
48309000700,0.018305
48309000800,0.04995
48309000900,0.046006
48309001000,0.005797
48309001100,0.005499
48309001200,0.071977
48309001300,0.018021
48309001401,0.008208
48309001402,0.015416
48309001500,0.008914
48309001600,0.042359
48309001700,0.115573
48309001800,0.144667
48309001900,0.030076
48309002000,0.040021
48309002100,0.094514
48309002302,0.091175
48309002498,0.087609
48309002501,0.073792
48309002503,0.041683
48309002504,0.040282
48309002600,0.008948
48309002700,0.01436
48309002800,0.008171
48309002900,0.021864
48309003000,0.005731
48309003200,0.12426
48309003300,0.037866
48309003401,0.078732
48309003402,0.109893
48309003500,0.064865
48309003601,0.007225
48309003602,0.140233
48309003701,0.223311
48309003703,0.110423
48309003708,0.016297
48309003709,0.040676
48309003710,0.02496
48309003711,0.00481
48309003712,0.04757
48309003801,0.046532
48309003802,0.018597
48309003901,0.188795
48309003902,0.125874
48309004000,0.025902
48309004102,0.008447
48309004104,0.013039
48309004105,0.011496
48309004201,0.037372
48309004202,0.138086
48309004300,0.034087
48309980000,0.046239
48311950100,0.041538
48313000100,0.064028
48313000200,0.153138
48313000300,0.137443
48313000400,0.121749
48317950100,0.06304
48317950200,0.08045
48319950100,0.081539
48319950200,0.07644
48321730100,0.240712
48321730202,0.026743
48321730203,0.132021
48321730204,0.293249
48321730301,0.257768
48321730302,0.312961
48321730303,0.017595
48321730400,0.104069
48321730502,0.037772
48321730503,0.144723
48321730600,0.041593
48321730700,0.023873
48323950204,0.030547
48323950206,0.021855
48323950207,0.021244
48323950208,0.225163
48323950209,0.014111
48323950301,0.112804
48323950302,0.10799
48323950400,0.193723
48323950500,0.067769
48323950601,0.067251
48323950602,0.007538
48323950701,0.026698
48323950702,0.062952
48325000101,0.045327
48325000103,0.091418
48325000104,0.166777
48325000200,0.021392
48325000301,0.138381
48325000302,0.063147
48325000401,0.144334
48325000402,0.024013
48325000500,0.046915
48325000801,0.116268
48325000802,0.18481
48327950300,0.090885
48329010123,0.0617
48329010124,0.078354
48329010128,0.053711
48329010129,0.019718
48331950100,0.021615
48331950300,0.128809
48331950401,0.09335
48331950402,0.077943
48331950500,0.075402
48331950700,0.100157
48331950800,0.044579
48333950100,0.013627
48333950200,0.112886
48335950200,0.089529
48335950400,0.069211
48337950100,0.037072
48337950200,0.113805
48337950401,0.130887
48337950402,0.044393
48337950501,0.110049
48337950502,0.129614
48337950600,0.014076
48339690101,0.012971
48339690102,0.06617
48339690203,0.057381
48339690204,0.015248
48339690205,0.012295
48339690206,0.009035
48339690207,0.274074
48339690300,0.050697
48339690403,0.019835
48339690404,0.189026
48339690405,0.092665
48339690406,0.010316
48339690407,0.010978
48339690408,0.017881
48339690501,0.011988
48339690502,0.013674
48339690503,0.017276
48339690603,0.004607
48339690604,0.009977
48339690605,0.070894
48339690606,0.00652
48339690607,0.012123
48339690608,0.016671
48339690609,0.012435
48339690610,0.057715
48339690701,0.016311
48339690702,0.017174
48339690800,0.020821
48339690900,0.006885
48339691000,0.011532
48339691100,0.005867
48339691201,0.106784
48339691202,0.011348
48339691301,0.010342
48339691302,0.008359
48339691401,0.018919
48339691402,0.065501
48339691403,0.061105
48339691500,0.010697
48339691601,0.008753
48339691602,0.029262
48339691700,0.035681
48339691801,0.010945
48339691802,0.014265
48339691900,0.124849
48339692003,0.043539
48339692004,0.041715
48339692005,0.006469
48339692006,0.020839
48339692007,0.020576
48339692008,0.071486
48339692009,0.007322
48339692010,0.06657
48339692101,0.027697
48339692102,0.129632
48339692103,0.043275
48339692201,0.008136
48339692202,0.008359
48339692301,0.168373
48339692302,0.00954
48339692303,0.020433
48339692304,0.005351
48339692401,0.024151
48339692402,0.029088
48339692501,0.047549
48339692502,0.014487
48339692601,0.014386
48339692603,0.011036
48339692604,0.030163
48339692605,0.033696
48339692701,0.010327
48339692702,0.025735
48339692802,0.030717
48339692803,0.05883
48339692804,0.011108
48339692900,0.018504
48339693001,0.130665
48339693002,0.062402
48339693102,0.087133
48339693103,0.180841
48339693104,0.057311
48339693201,0.011379
48339693202,0.024694
48339693301,0.139027
48339693302,0.009118
48339693303,0.074094
48339693304,0.083978
48339693401,0.040126
48339693402,0.034169
48339693501,0.0706
48339693502,0.27476
48339693503,0.061616
48339693600,0.053688
48339693701,0.060743
48339693702,0.009178
48339693703,0.069166
48339693800,0.073608
48339693901,0.142165
48339693902,0.227096
48339693903,0.288112
48339693904,0.030568
48339694001,0.015948
48339694002,0.100934
48339694103,0.01095
48339694104,0.024683
48339694105,0.090192
48339694106,0.080103
48339694107,0.110814
48339694203,0.044288
48339694204,0.016283
48339694205,0.22939
48339694206,0.062345
48339694207,0.038291
48339694208,0.007671
48339694209,0.009201
48339694210,0.029081
48339694303,0.007337
48339694304,0.020322
48339694305,0.032421
48339694306,0.065497
48339694307,0.0774
48339694308,0.06454
48339694309,0.036744
48339694401,0.01414
48339694402,0.037229
48339694403,0.080048
48339694501,0.011654
48339694502,0.032574
48339694503,0.021365
48339694601,0.016958
48339694602,0.012689
48339694603,0.070385
48339694700,0.048522
48347950200,0.0758
48349970100,0.093992
48349970200,0.033776
48349970301,0.04058
48349970302,0.141014
48349970400,0.020329
48349970500,0.006914
48349970600,0.080988
48349970701,0.069585
48349970800,0.122187
48349970901,0.058453
48349970902,0.190239
48349971000,0.0758
48353950100,0.07025
48353950200,0.166706
48353950300,0.122653
48353950400,0.041743
48353950500,0.029289
48355000500,0.165643
48355000601,0.241547
48355000602,0.024199
48355000700,0.017678
48355000800,0.02072
48355000900,0.013462
48355001000,0.057936
48355001100,0.095139
48355001201,0.017119
48355001202,0.016917
48355001300,0.009034
48355001400,0.014851
48355001500,0.01479
48355001601,0.006205
48355001602,0.00679
48355001702,0.143355
48355001703,0.008768
48355001704,0.004066
48355001801,0.010947
48355001802,0.040362
48355001903,0.023005
48355001904,0.012794
48355001905,0.122291
48355001906,0.232549
48355002001,0.044213
48355002002,0.009527
48355002101,0.006717
48355002102,0.009705
48355002200,0.007074
48355002301,0.00938
48355002303,0.019972
48355002304,0.028033
48355002400,0.02942
48355002500,0.01624
48355002601,0.051911
48355002602,0.007021
48355002603,0.007344
48355002703,0.104289
48355002705,0.006928
48355002706,0.192911
48355002707,0.019602
48355002708,0.103526
48355002900,0.272777
48355003002,0.009195
48355003003,0.13849
48355003004,0.020858
48355003101,0.004582
48355003102,0.011242
48355003202,0.036453
48355003204,0.051756
48355003205,0.052765
48355003206,0.031051
48355003303,0.044235
48355003304,0.084106
48355003305,0.012046
48355003306,0.014958
48355003401,0.026376
48355003402,0.033544
48355003500,0.062769
48355003601,0.009993
48355003602,0.01235
48355003603,0.02072
48355003700,0.012011
48355005103,0.12369
48355005104,0.144178
48355005404,0.005392
48355005406,0.030136
48355005407,0.031747
48355005408,0.037476
48355005409,0.021852
48355005410,0.01193
48355005411,0.075499
48355005412,0.005925
48355005413,0.050767
48355005414,0.004117
48355005415,0.014248
48355005416,0.033366
48355005417,0.017046
48355005603,0.023312
48355005604,0.173993
48355005605,0.100381
48355005606,0.120591
48355005801,0.052005
48355005803,0.063074
48355005804,0.038924
48355005900,0.01721
48355006000,0.038289
48355006100,0.05698
48355006201,0.005555
48355006202,0.032877
48355006203,0.052461
48355006204,0.007264
48355006205,0.1234
48355006300,0.128881
48355006400,0.064486
48355980000,0.094087
48363000100,0.11345
48363000200,0.100632
48363000300,0.057022
48363000401,0.13724
48363000402,0.079525
48363000500,0.333599
48363000600,0.141497
48363000700,0.076202
48363000800,0.187264
48363000900,0.332118
48367140101,0.091154
48367140102,0.021587
48367140201,0.106708
48367140202,0.044594
48367140300,0.035944
48367140403,0.022077
48367140408,0.089141
48367140409,0.082945
48367140410,0.063077
48367140411,0.102888
48367140412,0.242416
48367140413,0.023479
48367140414,0.011203
48367140415,0.027663
48367140416,0.034195
48367140502,0.145523
48367140503,0.019971
48367140504,0.052177
48367140601,0.069891
48367140603,0.094449
48367140604,0.134029
48367140707,0.085926
48367140708,0.128488
48367140709,0.071955
48367140710,0.244578
48367140711,0.126356
48367140712,0.056272
48367140713,0.058193
48367140714,0.041209
48371950100,0.026613
48373210203,0.007873
48373210204,0.053871
48373210205,0.254604
48373210206,0.191957
48373210301,0.122592
48373210302,0.026323
48373210402,0.01439
48379950101,0.015659
48379950102,0.119202
48379950200,0.131657
48383950100,0.076365
48385950100,0.065626
48387950100,0.023963
48387950501,0.131503
48387950502,0.115946
48387950600,0.027485
48387950700,0.007924
48391950200,0.082293
48391950400,0.127044
48395960100,0.102839
48395960200,0.02281
48395960300,0.044835
48395960400,0.06085
48395960501,0.187389
48395960502,0.094913
48397040101,0.05587
48397040103,0.198825
48397040104,0.071335
48397040201,0.081432
48397040202,0.156554
48397040203,0.016933
48397040301,0.134223
48397040303,0.101801
48397040304,0.03841
48397040305,0.032802
48397040403,0.224739
48397040404,0.137424
48397040405,0.141426
48397040406,0.306811
48397040407,0.189948
48397040408,0.041036
48397040409,0.014342
48397040410,0.044904
48397040411,0.01914
48397040412,0.056136
48397040503,0.031059
48397040507,0.011839
48397040508,0.086966
48397040509,0.114478
48397040510,0.057184
48397040511,0.01513
48397040512,0.030192
48397040513,0.076565
48397040514,0.03048
48399950100,0.071916
48399950200,0.200527
48399950500,0.047146
48399950600,0.085884
48401950200,0.02373
48401950300,0.136864
48401950400,0.074288
48401950501,0.066397
48401950502,0.216695
48401951000,0.061465
48401951100,0.083673
48407200103,0.05766
48407200104,0.04466
48407200105,0.048665
48407200106,0.009922
48407200107,0.130959
48407200201,0.0918
48407200202,0.279072
48407200301,0.030194
48407200302,0.013594
48409010201,0.153473
48409010202,0.102104
48409010301,0.052798
48409010302,0.130265
48409010500,0.015639
48409010601,0.010653
48409010602,0.004244
48409010603,0.009287
48409010604,0.034535
48409010700,0.045925
48409010800,0.049535
48409010900,0.07645
48409011000,0.111265
48409011100,0.214059
48409011200,0.037761
48409011300,0.047445
48411950100,0.116491
48411950200,0.058588
48413950300,0.014393
48415950100,0.249699
48415950200,0.057949
48415950300,0.083912
48415950600,0.103576
48417950300,0.090063
48423000100,0.217099
48423000201,0.1296
48423000202,0.104716
48423000300,0.075668
48423000400,0.171401
48423000500,0.042025
48423000600,0.166123
48423000700,0.178817
48423000800,0.082793
48423000900,0.14143
48423001000,0.020952
48423001101,0.096799
48423001102,0.202378
48423001200,0.28022
48423001300,0.20007
48423001404,0.052009
48423001405,0.031741
48423001406,0.046173
48423001407,0.109119
48423001408,0.071197
48423001501,0.075141
48423001502,0.020865
48423001602,0.169746
48423001605,0.20025
48423001606,0.231377
48423001607,0.18882
48423001608,0.205596
48423001701,0.079635
48423001702,0.023013
48423001803,0.153686
48423001804,0.05639
48423001805,0.286675
48423001806,0.177331
48423001807,0.141805
48423001906,0.059827
48423001909,0.034456
48423001910,0.014685
48423001911,0.029351
48423001912,0.281707
48423001913,0.263571
48423001914,0.088282
48423001915,0.021698
48423001916,0.010512
48423001917,0.111498
48423002003,0.135048
48423002004,0.050563
48423002006,0.039414
48423002009,0.115518
48423002010,0.008485
48423002011,0.035906
48423002012,0.05265
48423002013,0.093721
48423002101,0.0878
48423002102,0.069644
48423002200,0.032839
48423980000,0.159147
48425000101,0.046657
48425000102,0.060505
48425000200,0.119687
48427950101,0.122756
48427950104,0.013321
48427950105,0.083939
48427950106,0.192839
48427950107,0.177361
48427950108,0.012681
48427950202,0.052962
48427950203,0.164698
48427950204,0.10248
48427950402,0.171638
48427950403,0.322794
48427950404,0.272104
48427950500,0.122941
48427950601,0.222403
48427950602,0.204427
48427950701,0.088095
48427950702,0.161303
48429950200,0.168126
48429950300,0.174665
48429950500,0.079985
48431950100,0.148867
48433950300,0.045743
48435950300,0.037631
48439100101,0.082269
48439100102,0.038864
48439100201,0.00482
48439100202,0.115783
48439100300,0.064479
48439100401,0.151963
48439100402,0.14019
48439100503,0.127715
48439100504,0.148051
48439100505,0.016751
48439100506,0.006299
48439100601,0.044794
48439100602,0.203385
48439100700,0.169194
48439100800,0.098651
48439100900,0.097336
48439101201,0.020039
48439101202,0.02546
48439101301,0.006771
48439101302,0.061058
48439101401,0.017239
48439101402,0.033882
48439101403,0.048937
48439101500,0.116035
48439101700,0.016416
48439102000,0.043979
48439102101,0.07439
48439102102,0.014456
48439102201,0.022369
48439102202,0.013758
48439102301,0.049129
48439102302,0.195238
48439102401,0.023465
48439102402,0.129805
48439102500,0.002878
48439102601,0.03309
48439102602,0.018158
48439102700,0.008646
48439103500,0.012261
48439103601,0.004963
48439103602,0.05123
48439103701,0.006356
48439103702,0.011164
48439103800,0.066928
48439104100,0.161559
48439104202,0.014919
48439104203,0.004169
48439104204,0.018285
48439104301,0.014447
48439104302,0.011472
48439104400,0.007627
48439104502,0.019039
48439104503,0.01014
48439104504,0.01437
48439104505,0.019709
48439104601,0.010224
48439104602,0.00718
48439104603,0.042835
48439104604,0.007724
48439104605,0.024716
48439104701,0.01012
48439104702,0.110322
48439104802,0.004115
48439104803,0.018148
48439104804,0.008488
48439104900,0.013177
48439105007,0.02153
48439105008,0.021939
48439105009,0.016398
48439105201,0.02065
48439105203,0.201302
48439105204,0.061816
48439105206,0.10046
48439105207,0.01941
48439105403,0.016921
48439105404,0.006121
48439105405,0.030589
48439105407,0.234694
48439105408,0.006904
48439105502,0.006156
48439105503,0.01832
48439105505,0.009615
48439105511,0.013601
48439105512,0.017363
48439105513,0.031861
48439105514,0.062265
48439105515,0.005669
48439105516,0.019532
48439105517,0.040612
48439105518,0.029962
48439105519,0.0104
48439105520,0.035182
48439105600,0.013647
48439105701,0.031536
48439105703,0.025276
48439105705,0.008474
48439105706,0.012148
48439105800,0.015312
48439105901,0.018785
48439105902,0.005391
48439106002,0.061873
48439106004,0.008323
48439106005,0.018901
48439106006,0.00364
48439106101,0.043121
48439106102,0.129391
48439106201,0.032715
48439106202,0.018203
48439106300,0.003377
48439106400,0.051134
48439106502,0.011218
48439106503,0.009671
48439106507,0.011196
48439106509,0.03922
48439106512,0.009925
48439106513,0.141087
48439106514,0.009974
48439106515,0.003697
48439106518,0.01017
48439106519,0.013521
48439106520,0.08932
48439106521,0.010824
48439106522,0.007716
48439106523,0.025177
48439106524,0.02658
48439106525,0.014796
48439106526,0.010897
48439106600,0.024565
48439106700,0.033474
48439110102,0.058513
48439110103,0.034275
48439110104,0.10447
48439110202,0.124523
48439110204,0.007308
48439110205,0.004896
48439110206,0.038247
48439110301,0.040003
48439110302,0.078321
48439110401,0.021056
48439110402,0.076723
48439110500,0.238908
48439110600,0.172673
48439110703,0.035692
48439110704,0.045249
48439110705,0.012193
48439110706,0.014798
48439110805,0.099166
48439110806,0.015133
48439110807,0.032476
48439110808,0.080026
48439110809,0.119111
48439110901,0.082994
48439110903,0.057522
48439110905,0.055485
48439110906,0.122532
48439110907,0.066859
48439111003,0.01899
48439111010,0.036937
48439111015,0.029642
48439111018,0.04014
48439111019,0.007544
48439111020,0.008666
48439111021,0.014982
48439111022,0.013181
48439111023,0.006217
48439111024,0.004701
48439111025,0.026359
48439111026,0.009083
48439111027,0.02861
48439111028,0.005372
48439111029,0.018993
48439111030,0.008722
48439111031,0.055789
48439111032,0.002209
48439111033,0.006378
48439111102,0.05447
48439111103,0.22736
48439111104,0.144823
48439111202,0.08209
48439111203,0.037571
48439111204,0.009005
48439111304,0.010713
48439111306,0.013133
48439111307,0.064477
48439111308,0.012988
48439111309,0.011973
48439111311,0.011336
48439111312,0.022467
48439111314,0.029836
48439111315,0.01269
48439111316,0.004879
48439111317,0.018808
48439111318,0.012762
48439111319,0.018323
48439111320,0.012281
48439111402,0.010726
48439111405,0.171335
48439111406,0.008078
48439111407,0.008461
48439111408,0.022328
48439111409,0.010283
48439111410,0.033209
48439111411,0.092436
48439111505,0.066521
48439111506,0.025634
48439111513,0.018522
48439111514,0.017014
48439111516,0.045591
48439111522,0.007261
48439111525,0.024607
48439111526,0.085921
48439111529,0.017581
48439111530,0.012317
48439111531,0.058032
48439111532,0.008898
48439111533,0.023097
48439111534,0.00729
48439111536,0.047902
48439111538,0.041271
48439111540,0.005906
48439111541,0.006957
48439111542,0.009353
48439111543,0.008857
48439111544,0.00698
48439111545,0.019497
48439111546,0.018401
48439111551,0.010048
48439111552,0.013929
48439111553,0.03047
48439111554,0.008782
48439111555,0.009339
48439111556,0.041651
48439111557,0.003389
48439111558,0.007061
48439111559,0.10184
48439111560,0.006425
48439111561,0.005433
48439111562,0.143254
48439111563,0.035382
48439111564,0.079395
48439111565,0.01706
48439111566,0.019849
48439111567,0.010407
48439111568,0.048571
48439111569,0.031064
48439111570,0.007694
48439111571,0.024962
48439111572,0.008647
48439113003,0.027786
48439113004,0.113352
48439113005,0.174793
48439113006,0.00915
48439113007,0.021312
48439113102,0.014768
48439113104,0.014615
48439113107,0.005541
48439113108,0.0047
48439113109,0.026912
48439113110,0.029381
48439113112,0.00728
48439113115,0.033126
48439113116,0.029918
48439113117,0.013042
48439113118,0.019189
48439113119,0.016696
48439113120,0.004628
48439113121,0.097255
48439113122,0.060049
48439113206,0.113158
48439113207,0.012146
48439113210,0.132378
48439113212,0.015729
48439113213,0.019544
48439113214,0.005518
48439113215,0.006523
48439113216,0.007027
48439113217,0.019872
48439113218,0.009568
48439113221,0.116524
48439113222,0.09339
48439113223,0.032251
48439113301,0.124297
48439113302,0.074725
48439113403,0.015924
48439113404,0.013146
48439113407,0.108903
48439113408,0.058929
48439113409,0.110783
48439113410,0.150261
48439113509,0.009028
48439113510,0.005574
48439113511,0.051526
48439113512,0.010258
48439113513,0.089271
48439113514,0.049775
48439113516,0.008614
48439113517,0.025454
48439113519,0.014306
48439113520,0.024138
48439113521,0.025568
48439113522,0.011827
48439113607,0.020245
48439113611,0.096569
48439113612,0.037633
48439113613,0.020378
48439113618,0.008041
48439113619,0.052599
48439113622,0.082127
48439113623,0.019705
48439113624,0.005482
48439113625,0.014659
48439113626,0.010883
48439113628,0.102389
48439113629,0.008462
48439113630,0.055452
48439113632,0.007056
48439113633,0.010254
48439113634,0.010049
48439113635,0.168373
48439113636,0.044648
48439113637,0.059969
48439113638,0.022453
48439113639,0.013902
48439113640,0.014838
48439113707,0.062499
48439113709,0.017374
48439113710,0.005862
48439113711,0.067037
48439113712,0.030504
48439113713,0.020954
48439113714,0.014482
48439113715,0.041837
48439113716,0.052269
48439113803,0.091042
48439113808,0.011173
48439113809,0.017497
48439113810,0.009694
48439113811,0.086393
48439113812,0.005137
48439113813,0.011961
48439113814,0.010604
48439113815,0.015288
48439113816,0.01176
48439113906,0.008551
48439113908,0.018186
48439113912,0.011154
48439113916,0.016586
48439113917,0.010255
48439113918,0.059987
48439113919,0.020067
48439113920,0.019793
48439113923,0.008237
48439113924,0.004435
48439113925,0.010315
48439113930,0.008115
48439113931,0.021144
48439113932,0.012914
48439113933,0.032725
48439113934,0.008468
48439113935,0.027371
48439113936,0.029283
48439113937,0.038777
48439113938,0.005077
48439113939,0.004991
48439113940,0.016138
48439113941,0.01332
48439113942,0.013696
48439113943,0.007737
48439113944,0.010231
48439113945,0.017952
48439113946,0.013512
48439113947,0.010409
48439113948,0.009985
48439113949,0.004751
48439113950,0.026252
48439113951,0.011683
48439113952,0.00878
48439113953,0.062984
48439113954,0.017517
48439113955,0.005975
48439113956,0.021395
48439113957,0.019956
48439113958,0.040492
48439114003,0.095269
48439114006,0.048298
48439114009,0.004972
48439114010,0.00358
48439114011,0.017944
48439114012,0.010251
48439114013,0.02532
48439114014,0.007265
48439114015,0.129174
48439114105,0.057732
48439114106,0.043819
48439114107,0.031501
48439114108,0.016676
48439114109,0.005384
48439114110,0.057657
48439114111,0.010164
48439114112,0.011708
48439114113,0.004971
48439114203,0.015564
48439114204,0.052683
48439114205,0.030583
48439114206,0.04493
48439114207,0.016031
48439121605,0.026657
48439121606,0.039231
48439121608,0.006989
48439121609,0.020949
48439121610,0.01456
48439121611,0.018554
48439121612,0.237718
48439121613,0.333535
48439121614,0.101532
48439121615,0.169608
48439121702,0.013144
48439121703,0.008172
48439121704,0.01039
48439121904,0.062812
48439121905,0.022958
48439121906,0.055302
48439121907,0.007375
48439121908,0.087998
48439122001,0.010083
48439122002,0.015471
48439122100,0.007026
48439122200,0.038482
48439122300,0.012845
48439122401,0.01773
48439122402,0.009686
48439122500,0.020479
48439122600,0.026954
48439122701,0.014016
48439122702,0.053942
48439122801,0.030301
48439122802,0.009163
48439122901,0.011588
48439122902,0.070742
48439123001,0.208935
48439123002,0.040646
48439123100,0.116426
48439123200,0.060475
48439123301,0.089283
48439123302,0.103071
48439123500,0.042394
48439123600,0.034774
48439123700,0.00819
48439980000,0.208499
48441010100,0.010311
48441010200,0.019011
48441010300,0.0043
48441010400,0.006412
48441010500,0.007839
48441010600,0.004845
48441010700,0.004522
48441010800,0.12066
48441010900,0.088397
48441011000,0.032189
48441011200,0.066276
48441011300,0.013103
48441011400,0.077372
48441011500,0.006474
48441011600,0.016009
48441011700,0.132449
48441011900,0.037192
48441012000,0.049412
48441012100,0.017286
48441012200,0.06073
48441012300,0.004059
48441012400,0.059503
48441012500,0.014012
48441012600,0.030805
48441012701,0.007621
48441012702,0.067072
48441012801,0.049406
48441012802,0.032344
48441012900,0.013662
48441013000,0.081193
48441013100,0.040351
48441013200,0.06951
48441013300,0.059054
48441013401,0.074874
48441013402,0.027785
48441013404,0.024172
48441013501,0.06534
48441013502,0.083186
48441013601,0.019494
48441013602,0.054528
48441980000,0.263942
48443950100,0.067841
48447950300,0.045268
48449950100,0.054316
48449950200,0.101816
48449950301,0.030152
48449950302,0.110797
48449950400,0.122795
48449950500,0.122868
48449950600,0.06818
48449950700,0.226641
48449950800,0.279222
48451000100,0.096174
48451000200,0.279133
48451000300,0.033031
48451000400,0.0379
48451000700,0.10281
48451000801,0.08777
48451000802,0.004855
48451000900,0.02771
48451001000,0.224673
48451001101,0.043951
48451001102,0.036532
48451001200,0.006515
48451001301,0.023449
48451001303,0.026612
48451001304,0.034098
48451001401,0.03571
48451001402,0.066698
48451001500,0.132457
48451001600,0.058276
48451001702,0.219557
48451001706,0.016094
48451001707,0.053084
48451001708,0.178165
48451001709,0.091755
48451001710,0.016553
48451001800,0.082018
48451980000,0.057985
48453000101,0.03247
48453000102,0.038421
48453000203,0.011808
48453000204,0.015176
48453000205,0.012107
48453000206,0.01638
48453000302,0.011688
48453000304,0.01306
48453000305,0.060136
48453000307,0.017157
48453000308,0.119366
48453000309,0.029255
48453000401,0.019323
48453000402,0.010799
48453000500,0.011852
48453000601,0.003026
48453000605,0.045592
48453000606,0.053028
48453000607,0.006413
48453000608,0.043205
48453000700,0.041775
48453000801,0.107617
48453000802,0.035153
48453000803,0.016423
48453000804,0.025973
48453000901,0.081494
48453000902,0.020291
48453001000,0.009001
48453001101,0.026351
48453001102,0.107646
48453001103,0.044223
48453001200,0.007616
48453001304,0.125644
48453001307,0.008545
48453001308,0.016281
48453001309,0.043718
48453001310,0.1227
48453001311,0.008661
48453001312,0.013991
48453001401,0.017784
48453001402,0.040618
48453001403,0.039892
48453001501,0.007664
48453001503,0.015531
48453001504,0.006205
48453001505,0.020435
48453001602,0.015322
48453001603,0.017259
48453001604,0.050545
48453001605,0.011447
48453001606,0.09408
48453001910,0.072959
48453001911,0.099799
48453001912,0.105268
48453001913,0.13785
48453001914,0.012302
48453001915,0.015657
48453001916,0.014556
48453001917,0.211391
48453001918,0.045805
48453001919,0.029349
48453001920,0.057937
48453001921,0.169871
48453001922,0.13485
48453001923,0.215798
48453002002,0.009537
48453002003,0.00624
48453002004,0.015456
48453002006,0.009161
48453002007,0.038579
48453002104,0.007025
48453002105,0.004017
48453002106,0.007105
48453002107,0.009234
48453002108,0.007412
48453002109,0.013383
48453002110,0.072349
48453002111,0.015632
48453002112,0.009202
48453002113,0.002847
48453002201,0.00779
48453002211,0.010798
48453002213,0.012896
48453002214,0.022331
48453002215,0.024952
48453002216,0.011354
48453002217,0.178694
48453002218,0.287839
48453002219,0.031017
48453002220,0.013903
48453002221,0.003648
48453002222,0.01693
48453002304,0.04005
48453002307,0.028666
48453002310,0.105854
48453002313,0.032638
48453002314,0.006615
48453002315,0.030639
48453002316,0.040155
48453002319,0.161114
48453002320,0.043678
48453002321,0.023678
48453002322,0.01171
48453002323,0.007406
48453002324,0.031249
48453002325,0.036741
48453002326,0.28643
48453002327,0.029597
48453002403,0.01495
48453002407,0.010044
48453002409,0.012076
48453002410,0.014242
48453002411,0.016542
48453002412,0.023445
48453002413,0.01209
48453002419,0.00332
48453002422,0.034454
48453002423,0.015794
48453002424,0.055284
48453002430,0.008933
48453002432,0.059488
48453002434,0.125457
48453002436,0.149961
48453002437,0.027442
48453002438,0.013169
48453002439,0.008128
48453002440,0.009989
48453002441,0.011633
48453002442,0.020325
48453002443,0.066647
48453002444,0.035642
48453002445,0.01781
48453002446,0.026207
48453002447,0.064023
48453002448,0.016124
48453002449,0.024271
48453002450,0.137941
48453002451,0.050922
48453002452,0.028671
48453002453,0.065339
48453002500,0.038845
48453030000,0.06214
48453030100,0.070941
48453030200,0.009648
48453030300,0.009298
48453030400,0.01628
48453030500,0.012258
48453030600,0.015578
48453030700,0.00766
48453030800,0.015518
48453030900,0.032355
48453031000,0.021388
48453031100,0.222671
48453031200,0.021055
48453031300,0.006937
48453031400,0.026383
48453031500,0.012661
48453031600,0.03279
48453031700,0.008617
48453031800,0.030613
48453031900,0.03425
48453032000,0.015542
48453032100,0.010375
48453032200,0.019161
48453032300,0.059042
48453032400,0.022314
48453032500,0.01191
48453032600,0.007051
48453032700,0.012705
48453032800,0.266026
48453032900,0.030916
48453033000,0.080629
48453033100,0.070341
48453033200,0.037166
48453033300,0.026358
48453033400,0.012563
48453033500,0.015386
48453033600,0.144321
48453033700,0.006893
48453033800,0.014722
48453033900,0.016926
48453034000,0.085299
48453034100,0.009694
48453034200,0.045838
48453034300,0.010412
48453034400,0.007173
48453034500,0.022049
48453034600,0.041272
48453034700,0.018871
48453034800,0.020795
48453034900,0.024349
48453035000,0.022455
48453035100,0.021859
48453035200,0.055765
48453035300,0.293185
48453035400,0.069575
48453035500,0.003803
48453035600,0.136629
48453035700,0.037502
48453035800,0.034595
48453035900,0.054773
48453036000,0.0233
48453036100,0.045796
48453036200,0.010157
48453036300,0.051297
48453036400,0.166557
48453036500,0.208282
48453036600,0.168192
48453036700,0.144483
48453036800,0.066668
48453036900,0.067001
48453037000,0.175258
48453037100,0.24795
48453037200,0.006382
48453037300,0.015152
48453037400,0.140236
48453037500,0.110382
48453037600,0.012701
48453040000,0.022526
48453040100,0.063787
48453040200,0.003529
48453040300,0.009057
48453040400,0.024879
48453040500,0.006618
48453040600,0.038262
48453040700,0.018355
48453040800,0.012981
48453040900,0.221514
48453041000,0.207733
48453041100,0.252624
48453041200,0.028688
48453041300,0.00711
48453041400,0.034162
48453041500,0.045322
48453041600,0.01709
48453041700,0.029595
48453041800,0.029963
48453041900,0.052967
48453042000,0.02601
48453042100,0.015051
48453042200,0.020974
48453042300,0.037285
48453042400,0.013761
48453042500,0.013367
48453042600,0.029892
48453042700,0.00412
48453042800,0.009657
48453042900,0.010059
48453043000,0.009685
48453043100,0.116363
48453043200,0.257319
48453043300,0.009919
48453043400,0.012263
48453043500,0.06049
48453043600,0.008053
48453043700,0.057659
48453043800,0.011154
48453043900,0.005389
48453044000,0.012634
48453044100,0.008691
48453044200,0.011126
48453044300,0.017248
48453044400,0.015964
48453044500,0.013995
48453044600,0.00402
48453044700,0.010623
48453044800,0.011767
48453044900,0.090983
48453045000,0.006722
48453045100,0.033735
48453045200,0.018121
48453045300,0.017067
48453045400,0.051084
48453045500,0.005812
48453045600,0.065587
48453045700,0.078256
48453045800,0.202065
48453045900,0.224147
48453046000,0.049287
48453046100,0.038351
48453046200,0.082805
48453046300,0.024073
48453046400,0.007736
48453046500,0.018397
48453046600,0.023069
48453046700,0.043195
48453046800,0.009942
48453046900,0.002881
48453047000,0.021406
48453980000,0.120944
48455950100,0.113633
48455950200,0.039512
48455950300,0.118098
48455950400,0.094812
48455950500,0.106672
48459950101,0.048829
48459950102,0.2012
48459950200,0.037421
48459950301,0.108823
48459950302,0.033604
48459950400,0.209069
48459950501,0.072816
48459950502,0.025832
48459950600,0.038131
48459950700,0.118159
48461950100,0.059523
48463950100,0.059054
48463950201,0.12093
48463950202,0.040136
48463950300,0.091641
48463950400,0.108677
48463950500,0.123989
48465950202,0.081237
48465950203,0.152809
48465950301,0.037173
48465950302,0.101956
48465950400,0.117589
48465950501,0.085482
48465950502,0.066583
48465950601,0.317467
48465950602,0.158306
48465950701,0.105813
48465950702,0.113572
48465950801,0.283956
48465950802,0.135898
48465980000,0.053671
48467950100,0.026922
48467950200,0.051465
48467950300,0.07995
48467950400,0.024703
48467950500,0.023101
48467950601,0.115922
48467950602,0.079354
48467950700,0.133523
48467950801,0.037437
48467950802,0.06299
48467950901,0.022336
48467950902,0.181545
48467951001,0.01159
48467951002,0.024163
48469000100,0.259418
48469000201,0.233989
48469000202,0.019085
48469000301,0.186684
48469000302,0.191328
48469000400,0.147163
48469000501,0.074163
48469000502,0.009158
48469000601,0.075132
48469000602,0.07584
48469000700,0.02282
48469000800,0.033881
48469001300,0.146089
48469001401,0.175724
48469001402,0.022097
48469001501,0.142984
48469001503,0.108439
48469001504,0.138519
48469001601,0.013318
48469001604,0.002755
48469001605,0.140692
48469001607,0.120234
48469001608,0.025681
48469001700,0.033672
48469980000,0.397823
48471790101,0.020471
48471790102,0.046541
48471790103,0.152859
48471790200,0.077492
48471790301,0.05677
48471790302,0.048746
48471790401,0.203334
48471790402,0.057911
48471790500,0.103879
48471790600,0.049286
48471790700,0.053692
48471790800,0.080143
48473680100,0.053672
48473680201,0.020001
48473680202,0.084124
48473680301,0.018129
48473680302,0.095363
48473680303,0.034898
48473680501,0.026345
48473680502,0.053507
48473680601,0.164547
48473680602,0.022568
48473980000,0.039599
48477170100,0.114189
48477170201,0.090552
48477170202,0.168781
48477170300,0.058726
48477170400,0.093305
48477170501,0.051972
48477170502,0.079128
48477170601,0.072668
48477170602,0.190756
48479000101,0.068739
48479000105,0.093377
48479000106,0.062451
48479000107,0.00988
48479000108,0.003801
48479000109,0.226492
48479000200,0.058199
48479000300,0.015382
48479000601,0.013321
48479000602,0.032197
48479000700,0.058287
48479000800,0.002796
48479000901,0.0079
48479000903,0.107792
48479000904,0.001365
48479001001,0.002511
48479001003,0.042073
48479001004,0.023631
48479001101,0.100643
48479001103,0.13995
48479001104,0.014902
48479001105,0.166828
48479001201,0.062198
48479001202,0.023524
48479001300,0.051612
48479001401,0.019702
48479001402,0.02475
48479001501,0.142353
48479001502,0.039924
48479001601,0.008381
48479001602,0.013285
48479001706,0.038317
48479001709,0.005761
48479001710,0.201716
48479001711,0.036044
48479001714,0.078626
48479001715,0.107779
48479001716,0.004486
48479001717,0.126118
48479001718,0.016217
48479001719,0.006825
48479001720,0.108712
48479001721,0.01489
48479001722,0.007982
48479001723,0.008061
48479001724,0.036521
48479001725,0.011127
48479001726,0.044815
48479001727,0.006684
48479001806,0.02649
48479001809,0.141942
48479001810,0.275064
48479001811,0.153749
48479001813,0.32356
48479001815,0.089333
48479001816,0.227184
48479001818,0.282767
48479001819,0.176885
48479001820,0.152731
48479001821,0.002192
48479001822,0.002554
48479001823,0.002808
48479001824,0.086824
48479001825,0.024504
48479001826,0.079326
48479001827,0.172199
48479001828,0.009331
48479001900,0.008112
48479980000,0.096965
48481740100,0.014428
48481740200,0.072235
48481740300,0.025759
48481740400,0.122202
48481740500,0.014894
48481740600,0.092388
48481740700,0.116186
48481740800,0.119638
48481740901,0.034361
48481740902,0.161155
48481741000,0.050885
48481741100,0.098951
48489950300,0.168644
48489950400,0.030392
48489950500,0.033578
48489950600,0.086242
48489950700,0.036462
48491020106,0.044572
48491020108,0.021257
48491020109,0.033113
48491020111,0.032077
48491020113,0.026487
48491020114,0.089136
48491020115,0.011167
48491020116,0.053114
48491020117,0.257945
48491020118,0.080005
48491020119,0.02081
48491020120,0.055746
48491020121,0.082522
48491020122,0.155223
48491020123,0.105797
48491020124,0.211019
48491020201,0.03479
48491020203,0.011884
48491020205,0.034563
48491020206,0.13039
48491020207,0.19308
48491020208,0.297061
48491020310,0.008784
48491020311,0.044906
48491020319,0.006213
48491020321,0.122765
48491020323,0.004555
48491020325,0.077579
48491020326,0.008831
48491020327,0.104131
48491020329,0.08101
48491020330,0.055695
48491020331,0.091596
48491020332,0.066422
48491020333,0.008296
48491020334,0.007175
48491020335,0.008785
48491020336,0.007805
48491020337,0.048718
48491020338,0.008892
48491020339,0.009091
48491020340,0.009452
48491020341,0.013973
48491020342,0.220464
48491020343,0.011469
48491020344,0.177276
48491020345,0.009324
48491020346,0.016279
48491020347,0.009996
48491020348,0.022353
48491020349,0.053424
48491020350,0.006183
48491020351,0.019844
48491020352,0.046555
48491020353,0.019467
48491020354,0.00733
48491020355,0.036278
48491020356,0.033231
48491020403,0.006431
48491020404,0.005018
48491020405,0.012864
48491020406,0.011882
48491020408,0.039067
48491020409,0.066956
48491020410,0.007325
48491020411,0.017819
48491020503,0.02232
48491020505,0.075363
48491020507,0.025253
48491020508,0.02142
48491020509,0.010082
48491020511,0.063639
48491020512,0.038057
48491020513,0.041285
48491020514,0.014547
48491020515,0.045519
48491020516,0.006976
48491020517,0.016199
48491020602,0.02218
48491020604,0.017427
48491020606,0.013563
48491020607,0.024739
48491020608,0.006738
48491020609,0.024956
48491020701,0.020199
48491020704,0.013588
48491020706,0.039002
48491020707,0.009987
48491020709,0.026625
48491020710,0.092917
48491020711,0.193
48491020712,0.008519
48491020713,0.015352
48491020808,0.023747
48491020810,0.028062
48491020811,0.013682
48491020812,0.029337
48491020813,0.016935
48491020814,0.009738
48491020815,0.014076
48491020816,0.146441
48491020817,0.135698
48491020818,0.13912
48491020819,0.06213
48491020820,0.015046
48491020821,0.028122
48491020822,0.110334
48491020900,0.017445
48491021000,0.09484
48491021100,0.01453
48491021201,0.082997
48491021202,0.162586
48491021203,0.225531
48491021300,0.020975
48491021402,0.052594
48491021404,0.203911
48491021405,0.024743
48491021406,0.03681
48491021407,0.04324
48491021502,0.055926
48491021503,0.03589
48491021506,0.046712
48491021509,0.016418
48491021510,0.028093
48491021511,0.037751
48491021512,0.028259
48491021513,0.013008
48491021514,0.005288
48491021515,0.052653
48491021516,0.011333
48491021517,0.016765
48491021518,0.002966
48491021601,0.067932
48491021602,0.094132
48491021603,0.019495
48493000102,0.100055
48493000103,0.00479
48493000104,0.057395
48493000201,0.042525
48493000202,0.016545
48493000300,0.110101
48493000402,0.141849
48493000404,0.180404
48493000405,0.014654
48493000406,0.274577
48493000500,0.15771
48493000600,0.019318
48497150101,0.065458
48497150103,0.224532
48497150104,0.016791
48497150201,0.164427
48497150202,0.114094
48497150300,0.033785
48497150402,0.055541
48497150403,0.047259
48497150404,0.045224
48497150405,0.144258
48497150500,0.192734
48497150603,0.080246
48497150604,0.044327
48497150605,0.026052
48497150606,0.100051
48497150607,0.173783
48499950100,0.049761
48499950200,0.067807
48499950301,0.022293
48499950303,0.037885
48499950304,0.118678
48499950401,0.065449
48499950402,0.288006
48499950500,0.074454
48499950601,0.018876
48499950602,0.03859
48499950700,0.05664
48499950800,0.15351
48503950200,0.049839
48503950401,0.184017
48503950402,0.040645
48503950500,0.100524
48503950600,0.128137
48505950303,0.264141
48505950304,0.18146
48505950305,0.266817
48505950306,0.318435
48505950401,0.195
48505950402,0.122675
48507950100,0.227289
48507950200,0.18398
48507950301,0.108965
48507950302,0.106044
53001950100,0.086796
53001950200,0.192272
53001950301,0.041228
53001950302,0.079362
53001950303,0.232106
53001950400,0.160248
53001950500,0.012418
53003960100,0.104922
53003960200,0.051928
53005010100,0.191678
53005010201,0.100425
53005010203,0.003925
53005010204,0.082298
53005010300,0.142276
53005010400,0.003731
53005010500,0.157402
53005010600,0.023956
53005010701,0.055134
53005010703,0.106416
53005010705,0.015923
53005010707,0.005058
53005010708,0.185185
53005010807,0.024233
53005010809,0.030675
53005010810,0.005561
53005010811,0.035816
53005010814,0.051082
53005010815,0.008865
53005010816,0.025839
53005010817,0.005415
53005010818,0.012702
53005010819,0.018845
53005010820,0.030186
53005010901,0.043139
53005010902,0.016589
53005011001,0.036656
53005011002,0.036852
53005011100,0.038492
53005011201,0.004458
53005011202,0.075387
53005011300,0.081038
53005011401,0.012863
53005011402,0.005956
53005011501,0.126629
53005011504,0.008949
53005011505,0.095203
53005011506,0.1825
53005011600,0.106687
53005011701,0.017661
53005011702,0.019233
53005011801,0.026787
53005011802,0.036295
53005011900,0.026688
53005012000,0.070164
53007960100,0.110613
53007960201,0.164889
53007960202,0.056951
53007960203,0.109866
53007960301,0.126845
53007960302,0.049533
53007960303,0.109742
53007960400,0.070313
53007960501,0.031259
53007960502,0.085226
53007960600,0.179359
53007960700,0.022895
53007960801,0.007732
53007960803,0.006336
53007960804,0.069319
53007961001,0.003593
53007961002,0.119505
53007961101,0.006642
53007961102,0.005351
53007961200,0.033299
53007961301,0.009694
53007961303,0.003014
53007961304,0.008526
53013960200,0.027212
53017950101,0.084937
53017950102,0.156698
53017950200,0.10704
53017950300,0.028306
53017950400,0.026922
53017950500,0.011762
53017950600,0.00457
53017950700,0.003371
53017950800,0.009397
53019940000,0.041063
53019970100,0.127898
53019970200,0.128801
53021020101,0.182183
53021020102,0.054121
53021020103,0.037535
53021020201,0.007055
53021020202,0.005284
53021020300,0.015751
53021020401,0.032988
53021020402,0.007354
53021020403,0.007196
53021020404,0.011926
53021020501,0.092135
53021020503,0.024814
53021020504,0.011746
53021020603,0.003132
53021020605,0.026168
53021020606,0.015999
53021020607,0.005177
53021020608,0.039171
53021020700,0.198908
53021020801,0.148254
53021020802,0.161374
53021980100,0.013991
53023970300,0.064856
53025010100,0.150292
53025010200,0.028019
53025010300,0.213062
53025010401,0.177862
53025010402,0.065403
53025010500,0.05705
53025010600,0.144098
53025010700,0.133055
53025010800,0.018724
53025010901,0.034632
53025010903,0.019065
53025010904,0.006048
53025011001,0.091269
53025011002,0.030635
53025011101,0.110519
53025011102,0.103514
53025011200,0.062483
53025011300,0.094076
53025011401,0.164232
53025011403,0.015616
53025011404,0.128023
53025011405,0.314532
53025011406,0.056019
53033031502,0.182043
53033032706,0.081678
53033032800,0.11085
53037975101,0.08741
53037975102,0.062712
53037975103,0.093395
53037975104,0.154036
53037975201,0.072913
53037975202,0.024093
53037975203,0.213359
53037975300,0.078564
53037975402,0.096488
53037975403,0.005349
53037975404,0.033413
53037975500,0.058615
53037975600,0.066349
53037975700,0.13879
53039950101,0.076074
53039950102,0.091309
53039950103,0.243694
53039950200,0.109431
53039950302,0.095729
53041972000,0.064745
53043960100,0.204879
53043960200,0.126378
53043960300,0.091639
53043960400,0.103719
53047940100,0.161051
53047940200,0.105147
53047970301,0.015937
53047970302,0.163028
53047970303,0.135259
53047970400,0.078372
53047970500,0.143617
53047970601,0.101594
53047970602,0.194027
53047970700,0.097337
53047970800,0.046571
53047970900,0.083974
53047971000,0.113958
53051970100,0.105127
53051970200,0.103725
53051970300,0.053001
53051970400,0.050436
53051970500,0.08168
53053070100,0.133174
53057951101,0.192169
53057951102,0.112514
53057951200,0.049198
53059950100,0.070031
53059950400,0.141079
53061053606,0.010932
53061053700,0.033528
53061053801,0.06154
53061053803,0.085442
53063000201,0.031832
53063000202,0.013853
53063000301,0.005369
53063000302,0.025054
53063000400,0.019156
53063000500,0.09368
53063000600,0.011219
53063000700,0.044267
53063000800,0.074089
53063000900,0.03379
53063001000,0.014565
53063001100,0.005841
53063001200,0.053943
53063001300,0.063384
53063001400,0.035386
53063001500,0.132421
53063001600,0.00402
53063001800,0.247572
53063001900,0.019133
53063002000,0.136588
53063002100,0.192068
53063002300,0.008462
53063002400,0.008012
53063002501,0.036968
53063002502,0.024374
53063002503,0.054848
53063002600,0.015043
53063002900,0.0015
53063003000,0.008096
53063003100,0.013474
53063003200,0.005868
53063003500,0.049901
53063003601,0.006758
53063003602,0.013619
53063003800,0.016405
53063003900,0.031656
53063004001,0.024785
53063004002,0.017169
53063004100,0.008546
53063004200,0.006618
53063004300,0.004803
53063004400,0.015687
53063004500,0.009699
53063004601,0.011344
53063004602,0.002814
53063004701,0.010137
53063004702,0.022494
53063004800,0.00444
53063004900,0.057172
53063005000,0.015871
53063010101,0.178808
53063010102,0.385172
53063010201,0.072019
53063010203,0.014017
53063010204,0.070877
53063010301,0.018056
53063010303,0.033584
53063010304,0.088252
53063010305,0.217204
53063010401,0.089596
53063010403,0.079513
53063010404,0.010705
53063010504,0.235788
53063010505,0.1805
53063010506,0.011948
53063010507,0.076575
53063010508,0.02124
53063010601,0.147038
53063010603,0.03473
53063010604,0.006328
53063010701,0.028187
53063010702,0.00215
53063010800,0.060714
53063010901,0.068993
53063010902,0.006358
53063011000,0.064242
53063011102,0.013857
53063011103,0.019168
53063011104,0.022707
53063011202,0.019711
53063011203,0.01563
53063011204,0.046272
53063011301,0.006278
53063011302,0.031835
53063011400,0.008354
53063011500,0.339536
53063011600,0.22306
53063011701,0.103159
53063011702,0.040043
53063011800,0.11409
53063011900,0.136527
53063012000,0.038352
53063012100,0.041916
53063012200,0.043469
53063012300,0.101901
53063012401,0.043716
53063012402,0.087604
53063012500,0.121288
53063012600,0.254539
53063012701,0.276478
53063012702,0.308125
53063012801,0.144667
53063012802,0.003924
53063012901,0.01913
53063012902,0.014978
53063013001,0.003615
53063013002,0.031436
53063013003,0.00539
53063013101,0.011256
53063013102,0.110956
53063013201,0.061875
53063013300,0.113253
53063013401,0.021585
53063013501,0.028297
53063013502,0.05352
53063013503,0.034121
53063013600,0.032233
53063013700,0.019347
53063013800,0.373883
53063013900,0.119414
53063014001,0.100935
53063014002,0.130754
53063014100,0.09863
53063014200,0.086604
53063014300,0.033577
53063014400,0.015978
53063014500,0.077933
53065941000,0.153326
53065950101,0.187862
53065950102,0.122338
53065950200,0.029549
53065950300,0.140661
53065950500,0.123694
53065950600,0.158858
53065950700,0.22906
53065950800,0.133412
53065950900,0.063262
53065951100,0.065868
53065951301,0.071044
53065951302,0.337412
53065951401,0.054498
53065951402,0.052995
53071920000,0.098817
53071920100,0.064716
53071920200,0.012007
53071920302,0.005946
53071920400,0.106045
53071920500,0.023557
53071920600,0.031203
53071920701,0.031969
53071920702,0.007667
53071920801,0.012029
53071920802,0.068885
53071920901,0.008866
53073010103,0.199003
53075000100,0.206912
53075000201,0.189018
53075000202,0.241439
53075000300,0.111554
53075000400,0.333257
53075000500,0.214062
53075000601,0.124746
53075000602,0.195099
53075000700,0.086355
53075000800,0.072107
53075000900,0.050201
53075001000,0.150397
53077000100,0.018824
53077000200,0.007072
53077000301,0.081062
53077000302,0.038641
53077000401,0.007414
53077000402,0.020762
53077000500,0.012946
53077000600,0.005237
53077000700,0.028323
53077000800,0.009309
53077000902,0.008646
53077000903,0.012471
53077000904,0.006439
53077001000,0.007469
53077001100,0.01254
53077001201,0.004116
53077001202,0.006866
53077001300,0.108278
53077001400,0.012804
53077001502,0.012813
53077001503,0.010639
53077001504,0.021848
53077001601,0.025128
53077001602,0.052802
53077001701,0.10664
53077001702,0.00896
53077001801,0.091868
53077001802,0.149766
53077001901,0.107424
53077001902,0.005525
53077002003,0.010867
53077002004,0.035347
53077002005,0.029711
53077002006,0.030116
53077002101,0.115588
53077002103,0.018183
53077002104,0.007172
53077002201,0.014232
53077002202,0.038667
53077002701,0.017666
53077002801,0.017684
53077002803,0.013475
53077002804,0.006402
53077002900,0.017052
53077003002,0.00734
53077003003,0.082383
53077003004,0.096421
53077003100,0.056283
53077003200,0.017948
53077003400,0.017044
53077940001,0.01317
53077940002,0.024026
53077940003,0.116342
53077940005,0.0669
53077940006,0.003607
53077940007,0.009286
53077940008,0.023564
