GEOID,coverage_gap_score
40001376600,0.099213
40001376700,0.083837
40001376800,0.17366
40001376900,0.208909
40001377000,0.180126
40003955600,0.13013
40003955700,0.121852
40003956000,0.145805
40005587600,0.094868
40005587700,0.143771
40005587800,0.15641
40005587900,0.021433
40009966100,0.173208
40009966200,0.196914
40009966800,0.139707
40011958600,0.247787
40011958700,0.223655
40011958800,0.095967
40011958900,0.158489
40011959000,0.135284
40013795600,0.130938
40013795700,0.055062
40013795900,0.050809
40013796002,0.092151
40013796003,0.106749
40013796004,0.402793
40013796101,0.109556
40013796102,0.103327
40013796200,0.169397
40013796300,0.122412
40013796400,0.130648
40013796500,0.125224
40013796600,0.064515
40015161601,0.15476
40015161602,0.146923
40015161700,0.134436
40015161800,0.085321
40015161900,0.059358
40015162000,0.152087
40015162101,0.227369
40015162102,0.212833
40015162200,0.077848
40015162300,0.128486
40017300100,0.256636
40017300201,0.16589
40017300202,0.202179
40017300300,0.3331
40017300400,0.386644
40017300500,0.298832
40017300600,0.242803
40017300701,0.152525
40017300702,0.114596
40017300802,0.34071
40017300803,0.22627
40017300804,0.326492
40017300805,0.222258
40017300806,0.207218
40017300901,0.203069
40017300902,0.245203
40017300904,0.106416
40017300905,0.097535
40017301001,0.121571
40017301003,0.256067
40017301006,0.040116
40017301010,0.305161
40017301011,0.189601
40017301012,0.069667
40017301013,0.050787
40017301014,0.180149
40017301015,0.090731
40017301100,0.118779
40017301201,0.306864
40017301202,0.286336
40017301301,0.184975
40017301302,0.197414
40017301406,0.137737
40017301407,0.231545
40017301408,0.180755
40017301409,0.352974
40017301410,0.253541
40019892100,0.105912
40019892200,0.218157
40019892301,0.189303
40019892302,0.196068
40019892400,0.128501
40019892501,0.279128
40019892502,0.128647
40019892601,0.302356
40019892602,0.175203
40019892700,0.195374
40019892801,0.014916
40019892802,0.208827
40019892900,0.071053
40019893001,0.191211
40019893002,0.127947
40019893100,0.107694
40021977600,0.226359
40021977701,0.241946
40021977702,0.253901
40021977801,0.089962
40021977802,0.129979
40021977901,0.318296
40021977902,0.107143
40021978000,0.095193
40021978100,0.164704
40021978201,0.135602
40021978202,0.085306
40021978301,0.211901
40021978302,0.277034
40023966900,0.109879
40023967000,0.108035
40023967100,0.154339
40023967200,0.169529
40023967300,0.157391
40027200100,0.073758
40027200200,0.079987
40027200300,0.013172
40027200400,0.015122
40027200500,0.018497
40027200602,0.11226
40027200603,0.020476
40027200604,0.258465
40027200700,0.294549
40027200800,0.162518
40027200900,0.0194
40027201000,0.043923
40027201102,0.020499
40027201103,0.071885
40027201104,0.130538
40027201201,0.060787
40027201202,0.025976
40027201204,0.006171
40027201205,0.087748
40027201302,0.176756
40027201303,0.064051
40027201403,0.14019
40027201404,0.129642
40027201405,0.059379
40027201505,0.157704
40027201508,0.02265
40027201509,0.03304
40027201511,0.003219
40027201512,0.128389
40027201513,0.166026
40027201514,0.025572
40027201602,0.273376
40027201603,0.192966
40027201604,0.138613
40027201607,0.013864
40027201609,0.082188
40027201610,0.119796
40027201611,0.041148
40027201612,0.170171
40027201700,0.143846
40027201801,0.010361
40027201802,0.011773
40027201902,0.06156
40027201903,0.055674
40027201904,0.093983
40027202002,0.010293
40027202004,0.026033
40027202005,0.009574
40027202006,0.052572
40027202007,0.250396
40027202008,0.004292
40027202102,0.088527
40027202104,0.070018
40027202105,0.277342
40027202106,0.14594
40027202107,0.295521
40027202201,0.233137
40027202203,0.150945
40027202205,0.004639
40027202207,0.079523
40027202208,0.104107
40027202301,0.297885
40027202302,0.029297
40027202403,0.176938
40027202404,0.195676
40027202405,0.073127
40027202406,0.084855
40027202407,0.310295
40027202501,0.179092
40027202502,0.188349
40027202600,0.105943
40029388100,0.106314
40029388200,0.120733
40031000100,0.089162
40031000200,0.119201
40031000300,0.028157
40031000402,0.068136
40031000403,0.002621
40031000404,0.011267
40031000405,0.064225
40031000503,0.041746
40031000504,0.009086
40031000505,0.039391
40031000506,0.039934
40031000600,0.023616
40031000700,0.004828
40031000800,0.010533
40031000900,0.004313
40031001000,0.006633
40031001100,0.004312
40031001400,0.021252
40031001500,0.028335
40031001600,0.038089
40031001700,0.011922
40031001901,0.118089
40031001902,0.164347
40031002001,0.00487
40031002003,0.195324
40031002004,0.180119
40031002005,0.055298
40031002101,0.165571
40031002102,0.150592
40031002201,0.116646
40031002202,0.180053
40031002301,0.108931
40031002302,0.039592
40031002401,0.306895
40031002403,0.195091
40031002405,0.14308
40031002406,0.018337
40031002500,0.024459
40033871100,0.122106
40033871200,0.221913
40035373100,0.077666
40035373200,0.147984
40035373300,0.183699
40035373400,0.140315
40035373500,0.131212
40037020101,0.30094
40037020102,0.29246
40037020103,0.175719
40037020602,0.166678
40037020603,0.228235
40037020604,0.034383
40037020702,0.171626
40037020704,0.212428
40037020705,0.322018
40037020706,0.198267
40037020707,0.244879
40037020800,0.11407
40037020900,0.216898
40037021000,0.199466
40037021101,0.152854
40037021102,0.134008
40037021201,0.179614
40037021202,0.299421
40037021300,0.267199
40037021401,0.226928
40037021402,0.251463
40037021500,0.140928
40037021600,0.401222
40039950800,0.200058
40039960401,0.225127
40039960402,0.168376
40039960600,0.168423
40039960701,0.138851
40039960702,0.324089
40039961000,0.084667
40041375601,0.187193
40041375602,0.388119
40041375701,0.220129
40041375702,0.198291
40041375803,0.079297
40041375804,0.331857
40041375805,0.457162
40041375806,0.211224
40041375901,0.25536
40041375902,0.143306
40041376000,0.214566
40041376100,0.198091
40041976200,0.211502
40043959100,0.120778
40043959200,0.16074
40043959300,0.168967
40045952600,0.136945
40045952800,0.167282
40047000101,0.033552
40047000102,0.166631
40047000200,0.301271
40047000601,0.245888
40047000602,0.347145
40047000701,0.011624
40047000702,0.082541
40047001100,0.161457
40047001200,0.097312
40047001301,0.180925
40047001302,0.150681
40047001401,0.269767
40047001402,0.302272
40047001500,0.22453
40047001602,0.143925
40047001603,0.182292
40047001604,0.250582
40049681100,0.144596
40049681200,0.180006
40049681300,0.156184
40049681400,0.166031
40049681500,0.126522
40049681600,0.069107
40049681700,0.140423
40049681800,0.150023
40049681900,0.172883
40051000100,0.334167
40051000400,0.030837
40051000501,0.016252
40051000502,0.177011
40051000600,0.149366
40051000701,0.067991
40051000702,0.121265
40051000801,0.189868
40051000802,0.186863
40051000901,0.115929
40051000902,0.19865
40051000904,0.360692
40051000905,0.180555
40051000906,0.165499
40051001000,0.243916
40053956400,0.240653
40053956500,0.099989
40055967100,0.20214
40055967200,0.158034
40059952100,0.093365
40059952200,0.082155
40061279100,0.082488
40061279200,0.226244
40061279300,0.093176
40061279400,0.124394
40063484600,0.082174
40063484700,0.114917
40063484800,0.169698
40063484900,0.159827
40063485000,0.193775
40065968100,0.098209
40065968200,0.157647
40065968300,0.186713
40065968400,0.153088
40065968500,0.107667
40065968600,0.199452
40065968700,0.340719
40065968800,0.336472
40067371600,0.077737
40067371700,0.129534
40067371800,0.116573
40069660198,0.138444
40069660201,0.168939
40069660202,0.326878
40069660300,0.162933
40071000100,0.018229
40071000201,0.144206
40071000202,0.056599
40071000300,0.047787
40071000400,0.179176
40071000500,0.069584
40071000600,0.108627
40071001100,0.229228
40071001200,0.209331
40071001301,0.341341
40071001302,0.188204
40073958100,0.15708
40073958200,0.07202
40073958300,0.148712
40073958400,0.101225
40075963600,0.079537
40075963700,0.088689
40075964200,0.087433
40077087100,0.107269
40077087200,0.178231
40077087300,0.125337
40079040102,0.14706
40079040198,0.207426
40079040299,0.083009
40079040301,0.09931
40079040302,0.065562
40079040303,0.075077
40079040401,0.121292
40079040402,0.168006
40079040500,0.135198
40079040601,0.177581
40079040602,0.186295
40079040700,0.13904
40081961100,0.166717
40081961200,0.097512
40081961300,0.117513
40081961401,0.171045
40081961402,0.063696
40081961500,0.238893
40081961600,0.132931
40081961700,0.157091
40083600101,0.171066
40083600200,0.245721
40083600300,0.240034
40083600401,0.210747
40083600402,0.073079
40083600501,0.177271
40083600502,0.289696
40083600600,0.206779
40083600700,0.191451
40083600801,0.065319
40083600802,0.198099
40083600903,0.154249
40083601000,0.226704
40085094100,0.252719
40085094200,0.153954
40085094300,0.217336
40087400103,0.144175
40087400104,0.164868
40087400105,0.181264
40087400106,0.241661
40087400201,0.115418
40087400203,0.114993
40087400204,0.194812
40087400300,0.204895
40087400400,0.124256
40089098200,0.080812
40089098300,0.161734
40089098400,0.098115
40089098501,0.177189
40089098502,0.146418
40089098600,0.123694
40089098700,0.103843
40089098800,0.16816
40089098900,0.170635
40091779601,0.232858
40091779602,0.258118
40091779700,0.128657
40091779900,0.203682
40091780100,0.241681
40091780200,0.146913
40091780301,0.093615
40091780302,0.159985
40093955100,0.161649
40093955200,0.075184
40093955300,0.173001
40095094698,0.152225
40095094700,0.165138
40095094803,0.142687
40095094804,0.46633
40095094805,0.250335
40095094806,0.349092
40097040100,0.180301
40097040200,0.216658
40097040300,0.11118
40097040400,0.133601
40097040501,0.195875
40097040502,0.213322
40097040600,0.110365
40097040700,0.126038
40097040801,0.194709
40097040802,0.111232
40099790600,0.070783
40099790701,0.114702
40099790702,0.121306
40099790801,0.242305
40099790802,0.222038
40101000100,0.18019
40101000200,0.196662
40101000300,0.198625
40101000400,0.175864
40101000600,0.186907
40101000700,0.15506
40101000801,0.009705
40101000802,0.157861
40101000901,0.154881
40101000902,0.018881
40101001000,0.177501
40101001100,0.083149
40101001200,0.230116
40101001301,0.133201
40101001302,0.217313
40101001401,0.231794
40101001402,0.082361
40101001501,0.151334
40101001502,0.064691
40101001600,0.187304
40103956600,0.13614
40103956900,0.256335
40103957000,0.235282
40103957100,0.193274
40105172100,0.085795
40105172200,0.074204
40105172300,0.100869
40105172400,0.121903
40107080600,0.130482
40107080700,0.10305
40107080900,0.156488
40107081000,0.11431
40109100100,0.011362
40109100201,0.004712
40109100202,0.232077
40109100203,0.011647
40109100300,0.064223
40109100400,0.005924
40109100500,0.14591
40109100800,0.099699
40109100900,0.005851
40109101000,0.076377
40109101100,0.281126
40109101200,0.179925
40109101300,0.070128
40109101400,0.0118
40109101500,0.054805
40109101800,0.29434
40109101900,0.00864
40109102000,0.156576
40109102100,0.064428
40109102200,0.045271
40109102300,0.076782
40109102400,0.086757
40109102500,0.160188
40109103200,0.087511
40109103300,0.005452
40109103900,0.03776
40109104100,0.013257
40109104200,0.024698
40109104300,0.122721
40109104400,0.028497
40109104500,0.006497
40109104600,0.006958
40109104700,0.052105
40109104800,0.104289
40109104900,0.013753
40109105000,0.025262
40109105101,0.06958
40109105201,0.080226
40109105202,0.002631
40109105300,0.126018
40109105400,0.104004
40109105500,0.025187
40109105600,0.081087
40109105903,0.156236
40109105904,0.06349
40109105905,0.066406
40109105906,0.018473
40109105907,0.0641
40109106000,0.087289
40109106100,0.076332
40109106200,0.107873
40109106301,0.003402
40109106302,0.04457
40109106303,0.005036
40109106401,0.076253
40109106402,0.055013
40109106403,0.057186
40109106501,0.011393
40109106502,0.065406
40109106503,0.039619
40109106601,0.113436
40109106602,0.129682
40109106606,0.06634
40109106607,0.026173
40109106608,0.146133
40109106609,0.154038
40109106610,0.009657
40109106611,0.026297
40109106702,0.014079
40109106704,0.118652
40109106705,0.201374
40109106706,0.019002
40109106708,0.01241
40109106709,0.032878
40109106710,0.025489
40109106801,0.1784
40109106802,0.177163
40109106803,0.245893
40109106804,0.0343
40109106902,0.056883
40109106903,0.084659
40109106906,0.075106
40109106907,0.004346
40109106909,0.0389
40109106910,0.002726
40109106911,0.000651
40109106912,0.006596
40109106913,0.063273
40109106914,0.019545
40109106916,0.047759
40109106917,0.027059
40109107001,0.08933
40109107002,0.114121
40109107101,0.232417
40109107103,0.027751
40109107104,0.107194
40109107206,0.016077
40109107207,0.013402
40109107212,0.096435
40109107213,0.107475
40109107214,0.127751
40109107215,0.053426
40109107216,0.004883
40109107217,0.010489
40109107218,0.054753
40109107219,0.005909
40109107220,0.010864
40109107221,0.042207
40109107222,0.010918
40109107223,0.020532
40109107224,0.025273
40109107225,0.003906
40109107226,0.002439
40109107302,0.029535
40109107303,0.012544
40109107305,0.003437
40109107306,0.005347
40109107401,0.050444
40109107404,0.122233
40109107405,0.045507
40109107406,0.035218
40109107407,0.087404
40109107601,0.049904
40109107604,0.007443
40109107605,0.001992
40109107608,0.00653
40109107703,0.073594
40109107704,0.015775
40109107705,0.008479
40109107706,0.003823
40109107707,0.006727
40109107801,0.028035
40109107804,0.009128
40109107805,0.101314
40109107806,0.023338
40109107807,0.062227
40109107808,0.035648
40109107809,0.006699
40109107810,0.015907
40109107900,0.281819
40109108003,0.060869
40109108005,0.079032
40109108006,0.052239
40109108007,0.026274
40109108008,0.040325
40109108009,0.029752
40109108010,0.029587
40109108011,0.033838
40109108101,0.32913
40109108106,0.16832
40109108107,0.160557
40109108109,0.137846
40109108110,0.161309
40109108113,0.159703
40109108114,0.186038
40109108201,0.117461
40109108203,0.006675
40109108204,0.05743
40109108207,0.087823
40109108208,0.016987
40109108215,0.061704
40109108216,0.032579
40109108217,0.010842
40109108222,0.016398
40109108223,0.018921
40109108224,0.025824
40109108225,0.035156
40109108226,0.025931
40109108227,0.000919
40109108228,0.080849
40109108229,0.018638
40109108230,0.005888
40109108231,0.003391
40109108232,0.00565
40109108233,0.009562
40109108234,0.014499
40109108235,0.074666
40109108236,0.051663
40109108237,0.028402
40109108238,0.03597
40109108301,0.017049
40109108302,0.061657
40109108304,0.062064
40109108307,0.051417
40109108309,0.052477
40109108310,0.003223
40109108314,0.018107
40109108317,0.011831
40109108318,0.027265
40109108319,0.058979
40109108320,0.005391
40109108321,0.016665
40109108322,0.040961
40109108323,0.060184
40109108324,0.006131
40109108325,0.018015
40109108326,0.019723
40109108402,0.053728
40109108403,0.030192
40109108404,0.004031
40109108506,0.133747
40109108507,0.179344
40109108508,0.225548
40109108513,0.046549
40109108514,0.130167
40109108515,0.070114
40109108520,0.078433
40109108521,0.300049
40109108523,0.051054
40109108524,0.020597
40109108525,0.040396
40109108526,0.093673
40109108527,0.053974
40109108528,0.002347
40109108529,0.002767
40109108530,0.015555
40109108531,0.050784
40109108532,0.26448
40109108533,0.27668
40109108534,0.043143
40109108535,0.011363
40109108536,0.082079
40109108537,0.019161
40109108538,0.068285
40109108603,0.189532
40109108604,0.024604
40109108701,0.154823
40109108706,0.019834
40109108707,0.022997
40109108708,0.175095
40109108709,0.143463
40109108710,0.029509
40109108711,0.022717
40109108712,0.218784
40109108713,0.237341
40109108802,0.217995
40109108803,0.02832
40109108804,0.023885
40109108805,0.180832
40109108806,0.005686
40109108807,0.013472
40109108900,0.405063
40109109001,0.222886
40109109003,0.164071
40109109004,0.165451
40109109202,0.25103
40109109203,0.30447
40109109204,0.24059
40109109205,0.203299
40109109300,0.124428
40109109400,0.025225
40109109500,0.007553
40109109600,0.036401
40109109700,0.015287
40109109800,0.082883
40109109900,0.00803
40109110000,0.004894
40109980001,0.017133
40109980002,0.204115
40109980003,0.151042
40109980004,0.090139
40109980005,0.096462
40109980006,0.067871
40109980007,0.196897
40109980008,0.007813
40109980009,0.361661
40111000100,0.178483
40111000200,0.235151
40111000300,0.224982
40111000400,0.152006
40111000500,0.248981
40111000601,0.163392
40111000602,0.115608
40111000700,0.084979
40111000800,0.170103
40111000901,0.195151
40111000902,0.198084
40113940001,0.183054
40113940003,0.228867
40113940004,0.177319
40113940005,0.167248
40113940006,0.028702
40113940007,0.243201
40113940008,0.184545
40113940009,0.237809
40113940011,0.173519
40113940012,0.178046
40113940013,0.270375
40113940014,0.425504
40113940015,0.205327
40115574100,0.166859
40115574200,0.274568
40115574300,0.222954
40115574400,0.286488
40115574500,0.309358
40115574600,0.212701
40115574700,0.206125
40115574800,0.132011
40115574900,0.186442
40117957100,0.174844
40117957200,0.157905
40117957300,0.183515
40117957400,0.230924
40117957500,0.162331
40119010101,0.152673
40119010102,0.13523
40119010201,0.022243
40119010202,0.019226
40119010300,0.117105
40119010400,0.09419
40119010501,0.198078
40119010502,0.064352
40119010503,0.217019
40119010600,0.222599
40119010700,0.075345
40119010800,0.285795
40119010901,0.11774
40119010902,0.244711
40119011001,0.178162
40119011002,0.203452
40119011101,0.245013
40119011103,0.262557
40119011104,0.252574
40119011200,0.220646
40119011301,0.163809
40119011302,0.031442
40119011400,0.175482
40121485601,0.408084
40121485602,0.334809
40121485700,0.186443
40121485800,0.137032
40121485900,0.246055
40121486000,0.17287
40121486100,0.136381
40121486200,0.230614
40121486300,0.227353
40121486400,0.164743
40121486500,0.122956
40121486600,0.186664
40121486700,0.125913
40121486800,0.20664
40123088600,0.178489
40123088700,0.168383
40123088801,0.257859
40123088802,0.071704
40123088900,0.253427
40123089000,0.194005
40123089100,0.046585
40123089200,0.020153
40123089300,0.157528
40123089598,0.133522
40123089600,0.204538
40125500200,0.125857
40125500301,0.258777
40125500302,0.313458
40125500400,0.390381
40125500500,0.253366
40125500600,0.391897
40125500700,0.247356
40125500800,0.283401
40125500901,0.175455
40125500902,0.197129
40125501003,0.115459
40125501004,0.148509
40125501005,0.15489
40125501006,0.250856
40125501101,0.080944
40125501103,0.15894
40125501104,0.276856
40125501105,0.282228
40125501201,0.243284
40125501300,0.178371
40127097600,0.165896
40127097701,0.151406
40127097702,0.16324
40127097800,0.132263
40129960000,0.079876
40131050101,0.195816
40131050103,0.374095
40131050104,0.299359
40131050105,0.191858
40131050201,0.257517
40131050202,0.217826
40131050203,0.242768
40131050301,0.181854
40131050302,0.272617
40131050303,0.274004
40131050304,0.182091
40131050403,0.351306
40131050404,0.324328
40131050405,0.224409
40131050406,0.153083
40131050407,0.138038
40131050408,0.215393
40131050409,0.242093
40131050501,0.184233
40131050502,0.184127
40131050601,0.228767
40131050602,0.23578
40131050603,0.310476
40131050604,0.183807
40131050701,0.219298
40131050702,0.173517
40131050801,0.154799
40131050802,0.096922
40133583100,0.150193
40133583200,0.255824
40133583300,0.282974
40133583400,0.150661
40133583500,0.017565
40133583600,0.166119
40133583700,0.147747
40133583800,0.163477
40133583900,0.172609
40135030101,0.114131
40135030103,0.261972
40135030105,0.155734
40135030106,0.253216
40135030201,0.158527
40135030202,0.149266
40135030301,0.197505
40135030303,0.345922
40135030304,0.178666
40135030401,0.212687
40135030403,0.193322
40135030404,0.205689
40137000101,0.05827
40137000102,0.119426
40137000200,0.219864
40137000300,0.206381
40137000400,0.304257
40137000600,0.093491
40137000800,0.15859
40137000901,0.173065
40137000902,0.170487
40137001000,0.066305
40137001100,0.123206
40141070100,0.176191
40141070200,0.155807
40141070300,0.129416
40141070400,0.358353
40141070500,0.105076
40143000200,0.131313
40143000300,0.013448
40143000400,0.004842
40143000500,0.143543
40143000800,0.005474
40143000900,0.02008
40143001000,0.047477
40143001200,0.105494
40143001300,0.041341
40143001400,0.112048
40143001500,0.063231
40143001600,0.102972
40143001700,0.172854
40143001800,0.17297
40143001900,0.206565
40143002000,0.148524
40143002100,0.103245
40143002301,0.134339
40143002500,0.0771
40143002700,0.055712
40143002900,0.106708
40143003000,0.210919
40143003100,0.038327
40143003200,0.018042
40143003300,0.016986
40143003400,0.149532
40143003500,0.141151
40143003600,0.142784
40143003700,0.024487
40143003800,0.044624
40143003900,0.077062
40143004000,0.012812
40143004101,0.126928
40143004200,0.076335
40143004301,0.01283
40143004302,0.01599
40143004400,0.054182
40143004500,0.060754
40143004600,0.084956
40143004700,0.169973
40143004800,0.122498
40143004900,0.171585
40143005001,0.012733
40143005002,0.139406
40143005100,0.027231
40143005200,0.054714
40143005300,0.019296
40143005401,0.102617
40143005403,0.176015
40143005404,0.16535
40143005500,0.215052
40143005600,0.240103
40143005700,0.242357
40143005801,0.043644
40143005805,0.067993
40143005808,0.058198
40143005809,0.020394
40143005810,0.128657
40143005811,0.137609
40143005812,0.002851
40143005813,0.022857
40143005900,0.136181
40143006000,0.061105
40143006200,0.006984
40143006506,0.216765
40143006507,0.272836
40143006600,0.177037
40143006701,0.09914
40143006703,0.029428
40143006708,0.072004
40143006709,0.107487
40143006710,0.088556
40143006711,0.029717
40143006712,0.128638
40143006713,0.08804
40143006801,0.011435
40143006803,0.063279
40143006804,0.058468
40143006901,0.025492
40143006902,0.012755
40143006903,0.015423
40143006905,0.008795
40143006906,0.087981
40143006907,0.08306
40143007000,0.021596
40143007101,0.020341
40143007102,0.034855
40143007200,0.20725
40143007304,0.054075
40143007306,0.032085
40143007308,0.180587
40143007309,0.156046
40143007310,0.049014
40143007311,0.015251
40143007312,0.070049
40143007313,0.125368
40143007314,0.072676
40143007402,0.058038
40143007408,0.046305
40143007409,0.004331
40143007410,0.020754
40143007411,0.010195
40143007412,0.006719
40143007413,0.055793
40143007414,0.037005
40143007415,0.108339
40143007416,0.015121
40143007417,0.087925
40143007503,0.007919
40143007507,0.007195
40143007510,0.040937
40143007511,0.004976
40143007512,0.016802
40143007518,0.004142
40143007519,0.00239
40143007520,0.003446
40143007522,0.050972
40143007523,0.027277
40143007525,0.018203
40143007526,0.062134
40143007527,0.021158
40143007528,0.03197
40143007529,0.008468
40143007530,0.059853
40143007531,0.063224
40143007532,0.012166
40143007533,0.043099
40143007534,0.023472
40143007535,0.122417
40143007536,0.063932
40143007608,0.028026
40143007611,0.028013
40143007612,0.004129
40143007613,0.091063
40143007614,0.06155
40143007615,0.004173
40143007616,0.080652
40143007617,0.023252
40143007619,0.005305
40143007629,0.102493
40143007630,0.123123
40143007631,0.008976
40143007632,0.060976
40143007633,0.060836
40143007634,0.029506
40143007636,0.161163
40143007638,0.081658
40143007639,0.025671
40143007641,0.079733
40143007642,0.034668
40143007643,0.031256
40143007644,0.004661
40143007645,0.012108
40143007646,0.224987
40143007647,0.023449
40143007648,0.054075
40143007649,0.054192
40143007650,0.149706
40143007651,0.355768
40143007652,0.18029
40143007653,0.046505
40143007654,0.023798
40143007655,0.190221
40143007656,0.10598
40143007703,0.179065
40143007704,0.182015
40143007705,0.161366
40143007706,0.008788
40143007707,0.172003
40143007801,0.216395
40143007803,0.216756
40143007804,0.349868
40143007900,0.16955
40143008001,0.281437
40143008002,0.028886
40143008200,0.041313
40143008300,0.206995
40143008400,0.004322
40143008501,0.011322
40143008502,0.060953
40143008600,0.013094
40143008700,0.011862
40143008800,0.070079
40143008900,0.128987
40143009006,0.062409
40143009008,0.046035
40143009010,0.003562
40143009011,0.102954
40143009012,0.038062
40143009013,0.018924
40143009014,0.013299
40143009015,0.03632
40143009016,0.034805
40143009017,0.008561
40143009018,0.018552
40143009019,0.016224
40143009020,0.061593
40143009021,0.064424
40143009101,0.268029
40143009104,0.298909
40143009200,0.122783
40143009300,0.176722
40143009401,0.175002
40143009403,0.100356
40143009404,0.176727
40143009500,0.162532
40143011300,0.014734
40143011400,0.073227
40145030101,0.170021
40145030102,0.175223
40145030201,0.314657
40145030202,0.122461
40145030300,0.138077
40145030402,0.095079
40145030403,0.274066
40145030406,0.017022
40145030407,0.021381
40145030408,0.190523
40145030502,0.081271
40145030505,0.045637
40145030506,0.109135
40145030507,0.0047
40145030508,0.184664
40145030509,0.012505
40145030510,0.172929
40145030511,0.148158
40145030512,0.188563
40145030601,0.021957
40145030603,0.188218
40145030604,0.26908
40145030605,0.105736
40145030798,0.139973
40145030800,0.15724
40147000100,0.038572
40147000200,0.178093
40147000300,0.082083
40147000400,0.224498
40147000500,0.011031
40147000601,0.282535
40147000602,0.313933
40147000700,0.198239
40147000800,0.251712
40147000900,0.012654
40147001000,0.098549
40147001100,0.1464
40147001200,0.201901
40147001300,0.14075
40149964900,0.213856
40149965000,0.207857
40149965100,0.158998
40149965400,0.14401
40151954201,0.117256
40151954202,0.152085
40151954300,0.290379
40151954400,0.180064
40153953100,0.080418
40153953200,0.152708
40153953300,0.121067
40153953400,0.140074
40153953500,0.34151
04001944902,0.019254
04001945100,0.057483
04001970201,0.184998
04001970202,0.063315
04001970300,0.197313
04001970501,0.126484
04001970502,0.142353
04003000101,0.060589
04003000102,0.195337
04003000201,0.048799
04003000202,0.096625
04003000203,0.144116
04003000301,0.090118
04003000303,0.112747
04003000304,0.149831
04003000305,0.329005
04003000400,0.018978
04003000501,0.064473
04003000502,0.105093
04003000503,0.297793
04003000600,0.03564
04003000700,0.287704
04003000800,0.0058
04003000901,0.026258
04003000902,0.220187
04003001000,0.111897
04003001100,0.092706
04003001200,0.074362
04003001301,0.033962
04003001302,0.103031
04003001401,0.027439
04003001402,0.104699
04003001501,0.019239
04003001502,0.02559
04003001601,0.004514
04003001602,0.048825
04003001701,0.148722
04003001702,0.015778
04003001703,0.268929
04003001801,0.021073
04003001802,0.00275
04003001900,0.189225
04003002001,0.118138
04003002002,0.013226
04003002100,0.006348
04005000200,0.023503
04005000601,0.025025
04005000602,0.056412
04005000700,0.252185
04005000800,0.042065
04005000901,0.022126
04005000902,0.002941
04005001000,0.041081
04005001101,0.020344
04005001103,0.127264
04005001104,0.162665
04005001201,0.139864
04005001302,0.089743
04005001500,0.132579
04005001601,0.130084
04005001602,0.109175
04005001700,0.131436
04005002201,0.153092
04005002202,0.063748
04005002302,0.094338
04005945100,0.03532
04005980100,0.51149
04005980200,0.068128
04007000100,0.113738
04007000200,0.187154
04007000301,0.186531
04007000302,0.189088
04007000400,0.184976
04007000500,0.241128
04007000600,0.304921
04007000700,0.187255
04007000800,0.355108
04007000900,0.117438
04007001000,0.111924
04007001100,0.134532
04007001200,0.193297
04007001300,0.068045
04007940200,0.070715
04007940400,0.017223
04009940500,0.068222
04009961100,0.257788
04009961201,0.080584
04009961202,0.347072
04009961300,0.100332
04009961400,0.279404
04009961500,0.133002
04009961600,0.211851
04009961700,0.237149
04011960100,0.054599
04011960200,0.115045
04011960300,0.108687
04012020101,0.087849
04012020102,0.095359
04013010102,0.121688
04013010103,0.25922
04013010104,0.030584
04013030401,0.14038
04013030402,0.010973
04013040502,0.040431
04013040506,0.03992
04013040507,0.07249
04013040512,0.048536
04013040513,0.165791
04013040514,0.115221
04013040515,0.063687
04013040516,0.005697
04013040522,0.119287
04013040523,0.099192
04013040524,0.098745
04013040525,0.07944
04013040526,0.030397
04013040527,0.186731
04013040528,0.063972
04013040529,0.209472
04013040530,0.028839
04013040531,0.085028
04013040532,0.02486
04013040533,0.004596
04013040534,0.013034
04013040535,0.017115
04013040536,0.00347
04013040537,0.065261
04013040538,0.006156
04013040539,0.045831
04013040540,0.058052
04013040541,0.1402
04013050603,0.285711
04013050604,0.303507
04013050609,0.076782
04013050611,0.00191
04013050612,0.00599
04013050613,0.143392
04013050614,0.022217
04013050615,0.001989
04013050616,0.013412
04013050617,0.025178
04013050618,0.050426
04013050619,0.00325
04013050620,0.007858
04013050621,0.031561
04013050701,0.091677
04013050702,0.033318
04013060801,0.055991
04013060802,0.015081
04013060901,0.007808
04013060902,0.065972
04013060903,0.088712
04013060904,0.33228
04013061010,0.092967
04013061011,0.037082
04013061013,0.012339
04013061014,0.024243
04013061015,0.013014
04013061017,0.020858
04013061018,0.010498
04013061020,0.015417
04013061021,0.033855
04013061024,0.11739
04013061026,0.014997
04013061027,0.016076
04013061028,0.004706
04013061029,0.020356
04013061031,0.039015
04013061032,0.001966
04013061033,0.047243
04013061034,0.014378
04013061035,0.08399
04013061036,0.001764
04013061037,0.005171
04013061038,0.005614
04013061039,0.032349
04013061040,0.015005
04013061041,0.078994
04013061042,0.032188
04013061043,0.004142
04013061044,0.003038
04013061045,0.00651
04013061046,0.054022
04013061047,0.030891
04013061048,0.005359
04013061049,0.001464
04013061050,0.032579
04013061051,0.004997
04013061052,0.025358
04013061053,0.003848
04013061054,0.077474
04013061055,0.002001
04013061056,0.004856
04013061057,0.001139
04013061058,0.002848
04013061059,0.009942
04013061060,0.04788
04013061061,0.00151
04013061062,0.006212
04013061063,0.028311
04013061064,0.00306
04013061100,0.27171
04013061200,0.019632
04013061300,0.033623
04013061401,0.042112
04013061402,0.197556
04013071503,0.048886
04013071504,0.034661
04013071505,0.033576
04013071506,0.055925
04013071509,0.010143
04013071510,0.019504
04013071511,0.073242
04013071512,0.049829
04013071513,0.056434
04013071514,0.00917
04013071515,0.068561
04013071516,0.016449
04013071517,0.006304
04013071600,0.301487
04013071701,0.02206
04013071702,0.031468
04013071801,0.007033
04013071802,0.069562
04013071903,0.009958
04013071906,0.033822
04013071909,0.028451
04013071910,0.039101
04013071911,0.003523
04013071912,0.036919
04013071913,0.00708
04013071914,0.006313
04013071915,0.046712
04013082002,0.009023
04013082007,0.006398
04013082008,0.024684
04013082009,0.009225
04013082010,0.009785
04013082012,0.006704
04013082016,0.002339
04013082017,0.014784
04013082018,0.003472
04013082019,0.005996
04013082020,0.011019
04013082021,0.052976
04013082022,0.0013
04013082023,0.040684
04013082024,0.075212
04013082025,0.062841
04013082026,0.003519
04013082027,0.046551
04013082028,0.004871
04013082204,0.009549
04013082205,0.006258
04013082206,0.012101
04013082207,0.002143
04013082208,0.010661
04013082209,0.12839
04013082210,0.041833
04013082211,0.034136
04013082212,0.004761
04013082213,0.003328
04013083000,0.004744
04013092305,0.00635
04013092306,0.049621
04013092307,0.019165
04013092308,0.005916
04013092309,0.002749
04013092311,0.031576
04013092312,0.018802
04013092401,0.017036
04013092402,0.004052
04013092500,0.003557
04013092600,0.023777
04013092705,0.017116
04013092708,0.017968
04013092709,0.005151
04013092710,0.072755
04013092711,0.003523
04013092712,0.005339
04013092713,0.001647
04013092715,0.105568
04013092716,0.00206
04013092717,0.082976
04013092718,0.039115
04013092719,0.01475
04013092720,0.011622
04013092721,0.001099
04013092723,0.003706
04013092724,0.068183
04013092801,0.007271
04013092802,0.079243
04013092900,0.013359
04013093001,0.007503
04013093002,0.002629
04013093101,0.01357
04013093104,0.034744
04013093105,0.007159
04013093106,0.080049
04013093200,0.033895
04013103205,0.022787
04013103206,0.033684
04013103207,0.003679
04013103208,0.093202
04013103209,0.013118
04013103210,0.005628
04013103211,0.00936
04013103212,0.005027
04013103214,0.003836
04013103215,0.075
04013103216,0.010059
04013103217,0.007018
04013103219,0.130358
04013103220,0.035763
04013103302,0.016666
04013103303,0.008455
04013103304,0.008182
04013103305,0.068434
04013103306,0.030849
04013103400,0.011048
04013103501,0.002901
04013103502,0.063059
04013103604,0.084218
04013103605,0.00219
04013103606,0.006614
04013103607,0.113615
04013103608,0.012779
04013103609,0.002733
04013103611,0.052435
04013103612,0.003693
04013103614,0.043252
04013103615,0.009789
04013103701,0.022226
04013103702,0.056362
04013103900,0.051177
04013104000,0.005332
04013104100,0.03398
04013104202,0.004026
04013104203,0.005815
04013104204,0.00717
04013104205,0.002251
04013104206,0.005851
04013104207,0.003382
04013104212,0.00422
04013104214,0.004399
04013104215,0.007912
04013104216,0.051877
04013104217,0.016133
04013104218,0.005891
04013104219,0.002353
04013104221,0.005566
04013104222,0.003109
04013104223,0.004205
04013104224,0.003647
04013104225,0.006612
04013104226,0.014789
04013104227,0.100714
04013104301,0.065383
04013104302,0.009045
04013104401,0.015696
04013104402,0.011862
04013104501,0.038514
04013104502,0.005916
04013104600,0.004681
04013104701,0.043356
04013104702,0.023398
04013104801,0.02423
04013104802,0.002456
04013104900,0.009978
04013105002,0.003882
04013105003,0.021945
04013105004,0.0983
04013105101,0.037914
04013105102,0.010009
04013105103,0.025133
04013105200,0.00523
04013105300,0.006989
04013105400,0.025007
04013105501,0.00321
04013105502,0.006055
04013105503,0.027407
04013105601,0.102593
04013105602,0.004591
04013105701,0.01015
04013105702,0.006767
04013105800,0.00564
04013105900,0.016885
04013106001,0.026006
04013106002,0.007969
04013106003,0.004108
04013106100,0.006315
04013106200,0.087302
04013106300,0.014259
04013106400,0.007759
04013106501,0.00493
04013106502,0.006013
04013106600,0.017889
04013106701,0.036706
04013106702,0.112438
04013106703,0.051473
04013106801,0.057398
04013106802,0.004697
04013106900,0.003336
04013107001,0.006609
04013107002,0.002489
04013107101,0.099815
04013107102,0.007502
04013107201,0.227081
04013107202,0.002218
04013107300,0.00267
04013107401,0.024878
04013107402,0.071626
04013107403,0.024169
04013107404,0.019095
04013107500,0.006188
04013107601,0.008422
04013107602,0.064747
04013107700,0.035728
04013107800,0.145734
04013107900,0.06684
04013108000,0.002515
04013108100,0.034103
04013108200,0.057267
04013108301,0.117236
04013108302,0.029883
04013108400,0.100413
04013108501,0.050116
04013108502,0.143696
04013108601,0.008152
04013108602,0.013162
04013108802,0.025593
04013108901,0.026657
04013108902,0.003329
04013109001,0.026598
04013109002,0.024507
04013109003,0.003157
04013109101,0.002699
04013109102,0.085082
04013109200,0.047466
04013109300,0.005647
04013109401,0.021653
04013109402,0.044657
04013109500,0.019274
04013109601,0.038287
04013109602,0.009084
04013109603,0.003183
04013109604,0.047394
04013109702,0.087001
04013109703,0.002157
04013109704,0.0872
04013109705,0.053463
04013109706,0.014404
04013109707,0.005999
04013109801,0.001766
04013109802,0.034421
04013109900,0.068576
04013110001,0.017779
04013110002,0.09798
04013110100,0.004251
04013110400,0.004939
04013110501,0.014463
04013110502,0.007697
04013110600,0.00755
04013110701,0.036617
04013110702,0.007293
04013110801,0.009973
04013110802,0.002878
04013110901,0.014375
04013110902,0.075543
04013111000,0.049596
04013111100,0.017942
04013111201,0.02399
04013111202,0.010465
04013111203,0.113944
04013111204,0.036536
04013111300,0.002816
04013111401,0.104519
04013111402,0.002064
04013111501,0.022319
04013111502,0.00114
04013111601,0.009932
04013111602,0.035051
04013111700,0.048633
04013111800,0.010719
04013111900,0.162353
04013112100,0.005592
04013112201,0.003808
04013112202,0.060015
04013112301,0.001422
04013112302,0.036735
04013112401,0.008419
04013112402,0.014723
04013112502,0.003515
04013112504,0.015366
04013112507,0.015952
04013112508,0.081936
04013112510,0.00266
04013112512,0.03658
04013112514,0.005642
04013112515,0.004605
04013112516,0.035713
04013112517,0.009616
04013112518,0.013482
04013112519,0.002591
04013112520,0.085435
04013112521,0.01413
04013112522,0.018406
04013112523,0.026763
04013112524,0.015737
04013112601,0.069618
04013112602,0.005006
04013112700,0.003415
04013112900,0.006336
04013113000,0.037797
04013113100,0.007472
04013113201,0.210907
04013113202,0.297027
04013113204,0.05132
04013113301,0.02207
04013113502,0.035927
04013113503,0.031091
04013113601,0.004934
04013113602,0.198419
04013113701,0.006665
04013113702,0.032348
04013113800,0.051935
04013113900,0.049735
04013114000,0.026125
04013114100,0.066627
04013114200,0.013846
04013114301,0.007138
04013114302,0.011582
04013114401,0.051765
04013114402,0.028838
04013114500,0.017617
04013114600,0.010084
04013114704,0.272579
04013114705,0.364138
04013114800,0.102162
04013114900,0.00405
04013115200,0.025638
04013115300,0.07992
04013115400,0.009858
04013115500,0.003624
04013115600,0.001872
04013115700,0.009791
04013115801,0.004569
04013115802,0.005243
04013115900,0.002955
04013116000,0.003788
04013116100,0.007559
04013116202,0.01668
04013116203,0.051679
04013116204,0.057302
04013116205,0.054239
04013116300,0.002801
04013116400,0.043944
04013116500,0.004681
04013116605,0.016352
04013116606,0.082875
04013116607,0.014578
04013116610,0.0919
04013116611,0.03349
04013116612,0.00242
04013116614,0.012701
04013116615,0.009091
04013116616,0.058082
04013116617,0.143834
04013116618,0.014248
04013116619,0.002295
04013116620,0.00716
04013116621,0.008143
04013116703,0.017294
04013116707,0.021445
04013116708,0.054774
04013116709,0.018608
04013116710,0.005434
04013116711,0.010886
04013116712,0.034277
04013116713,0.015091
04013116714,0.003662
04013116715,0.012521
04013116717,0.089418
04013116718,0.048138
04013116719,0.008153
04013116720,0.018916
04013116721,0.009387
04013116725,0.013876
04013116727,0.037482
04013116728,0.002722
04013116729,0.047466
04013116730,0.074269
04013116731,0.013127
04013116732,0.003801
04013116733,0.092399
04013116734,0.01063
04013116735,0.003072
04013116736,0.003976
04013116737,0.035135
04013116738,0.004751
04013116800,0.006294
04013116900,0.025127
04013117000,0.012302
04013117100,0.006812
04013117200,0.025172
04013117300,0.094163
04013216806,0.081798
04013216807,0.006605
04013216809,0.005418
04013216810,0.018628
04013216813,0.010667
04013216816,0.005135
04013216819,0.00305
04013216820,0.009061
04013216821,0.014734
04013216822,0.024925
04013216826,0.03112
04013216829,0.073384
04013216830,0.012396
04013216831,0.098817
04013216832,0.007562
04013216833,0.051909
04013216834,0.093525
04013216835,0.017731
04013216836,0.044733
04013216837,0.007295
04013216838,0.002968
04013216839,0.035266
04013216840,0.043268
04013216841,0.015617
04013216842,0.00701
04013216843,0.025616
04013216844,0.044327
04013216845,0.04489
04013216849,0.032058
04013216850,0.070561
04013216851,0.086729
04013216852,0.003749
04013216853,0.012223
04013216854,0.042691
04013216855,0.015841
04013216856,0.111351
04013216857,0.018019
04013216858,0.03684
04013216859,0.003795
04013216860,0.056787
04013216861,0.005321
04013216901,0.008578
04013216902,0.003864
04013217001,0.110942
04013217002,0.005163
04013217101,0.148771
04013217102,0.040171
04013217201,0.054278
04013217203,0.042698
04013217204,0.03739
04013217300,0.035226
04013217400,0.04845
04013217501,0.003814
04013217502,0.017644
04013217600,0.024491
04013217700,0.136103
04013217800,0.010707
04013217900,0.005012
04013218000,0.016277
04013218100,0.009979
04013218200,0.003729
04013218300,0.054134
04013318400,0.072215
04013318501,0.01931
04013318700,0.042105
04013318800,0.027135
04013318900,0.009964
04013319001,0.019458
04013319002,0.00962
04013319101,0.119161
04013319103,0.031524
04013319104,0.137669
04013319201,0.007348
04013319202,0.076017
04013319300,0.00998
04013319401,0.005891
04013319402,0.022447
04013319403,0.004039
04013319404,0.054399
04013319500,0.006545
04013319600,0.034247
04013319705,0.083015
04013319706,0.072484
04013319707,0.05226
04013319708,0.003716
04013319709,0.025095
04013319710,0.004604
04013319801,0.007258
04013319802,0.007936
04013319902,0.013143
04013319903,0.003266
04013319904,0.081243
04013319905,0.005245
04013319906,0.06926
04013319907,0.006606
04013319908,0.058067
04013319909,0.018281
04013319910,0.043261
04013320001,0.0929
04013320002,0.122736
04013320007,0.00481
04013320100,0.027774
04013420104,0.055758
04013420105,0.023224
04013420107,0.004126
04013420108,0.01675
04013420109,0.043015
04013420110,0.006336
04013420111,0.004367
04013420112,0.012887
04013420113,0.042891
04013420114,0.114796
04013420115,0.026487
04013420116,0.098383
04013420202,0.112137
04013420206,0.008302
04013420207,0.009743
04013420208,0.003241
04013420209,0.012007
04013420210,0.013216
04013420211,0.063024
04013420212,0.039705
04013420213,0.007759
04013420214,0.078081
04013420215,0.035069
04013420216,0.011995
04013420301,0.064672
04013420302,0.008179
04013420303,0.004712
04013420304,0.089535
04013420401,0.071534
04013420402,0.012998
04013420503,0.042536
04013420504,0.032418
04013420505,0.003147
04013420506,0.125841
04013420602,0.080594
04013420603,0.009006
04013420604,0.003109
04013420704,0.004714
04013420705,0.012403
04013420706,0.013164
04013420707,0.054749
04013420708,0.023629
04013420709,0.023264
04013420710,0.020715
04013420800,0.005695
04013420901,0.005846
04013420902,0.009156
04013421001,0.195877
04013421002,0.019417
04013421101,0.018045
04013421102,0.009565
04013421201,0.016341
04013421202,0.164945
04013421302,0.039954
04013421303,0.052487
04013421304,0.004181
04013421400,0.008806
04013421501,0.019091
04013421502,0.047177
04013421601,0.056673
04013421602,0.009429
04013421701,0.0069
04013421702,0.047589
04013421801,0.030468
04013421802,0.047946
04013421901,0.012776
04013421902,0.080188
04013422001,0.034843
04013422002,0.025731
04013422102,0.033505
04013422103,0.05044
04013422104,0.004336
04013422105,0.009868
04013422106,0.083726
04013422107,0.093763
04013422203,0.044627
04013422209,0.025955
04013422210,0.008092
04013422211,0.008168
04013422212,0.089624
04013422213,0.013199
04013422215,0.005243
04013422216,0.026532
04013422217,0.104827
04013422218,0.002511
04013422219,0.004457
04013422220,0.009749
04013422221,0.018313
04013422222,0.004397
04013422223,0.022564
04013422224,0.0851
04013422225,0.006284
04013422226,0.123901
04013422227,0.003011
04013422301,0.00646
04013422302,0.005541
04013422304,0.136453
04013422305,0.010656
04013422307,0.014607
04013422308,0.010529
04013422309,0.014226
04013422401,0.076178
04013422402,0.004765
04013422403,0.037141
04013422404,0.01625
04013422501,0.002074
04013422502,0.015624
04013422503,0.004065
04013422504,0.076712
04013422506,0.143752
04013422507,0.036308
04013422508,0.003785
04013422509,0.109683
04013422510,0.024639
04013422511,0.009359
04013422512,0.005359
04013422513,0.012292
04013422514,0.06979
04013422607,0.130572
04013422609,0.137465
04013422610,0.014315
04013422615,0.005448
04013422617,0.008983
04013422618,0.020394
04013422620,0.100161
04013422621,0.103682
04013422622,0.009618
04013422623,0.007043
04013422624,0.025966
04013422625,0.038837
04013422626,0.019364
04013422627,0.007388
04013422628,0.008587
04013422629,0.043001
04013422630,0.006718
04013422632,0.027979
04013422633,0.008019
04013422634,0.019134
04013422636,0.018999
04013422637,0.012068
04013422638,0.007978
04013422639,0.031017
04013422640,0.024453
04013422642,0.043351
04013422643,0.052242
04013422647,0.003817
04013422648,0.004619
04013422649,0.013058
04013422650,0.00448
04013422651,0.040601
04013422652,0.027814
04013422653,0.006338
04013422654,0.002347
04013422655,0.004371
04013422656,0.02075
04013422657,0.013604
04013422658,0.036457
04013422659,0.013905
04013422660,0.008455
04013522801,0.460121
04013522802,0.025134
04013522901,0.028234
04013522903,0.14341
04013522904,0.005026
04013523002,0.020952
04013523005,0.005205
04013523006,0.110282
04013523007,0.093863
04013523008,0.002403
04013523102,0.002985
04013523103,0.006432
04013523104,0.004599
04013610001,0.320985
04013610002,0.114927
04013610100,0.005946
04013610201,0.0298
04013610202,0.021119
04013610301,0.076671
04013610302,0.008989
04013610400,0.088627
04013610500,0.009883
04013610600,0.008029
04013610700,0.134499
04013610800,0.016881
04013610901,0.072559
04013610902,0.013477
04013610903,0.023258
04013611000,0.013969
04013611100,0.00466
04013611200,0.004648
04013611300,0.007449
04013611400,0.041479
04013611500,0.002721
04013611600,0.004172
04013611700,0.065667
04013611800,0.01647
04013611900,0.00692
04013612000,0.01454
04013612200,0.03582
04013612301,0.040943
04013612302,0.002984
04013612401,0.002353
04013612402,0.029659
04013612500,0.118923
04013612600,0.007952
04013612700,0.038138
04013612800,0.053101
04013612900,0.014102
04013613000,0.005621
04013613100,0.003632
04013613200,0.012272
04013613300,0.00404
04013613400,0.005779
04013613500,0.091919
04013613601,0.005462
04013613602,0.052694
04013613700,0.046839
04013613800,0.003015
04013613900,0.008823
04013614000,0.035616
04013614100,0.003284
04013614200,0.017283
04013614300,0.037027
04013614400,0.067276
04013614500,0.005763
04013614601,0.039257
04013614602,0.097349
04013614700,0.032763
04013614800,0.00342
04013614900,0.150573
04013615001,0.002197
04013615002,0.003671
04013615100,0.035335
04013615201,0.026503
04013615202,0.114552
04013615300,0.025616
04013615400,0.027823
04013615500,0.036739
04013615600,0.090564
04013615700,0.032489
04013615800,0.00221
04013615900,0.030974
04013616000,0.01468
04013616100,0.002651
04013616200,0.043346
04013616300,0.006803
04013616400,0.102222
04013616500,0.004715
04013616600,0.017407
04013616700,0.031554
04013616800,0.00528
04013616900,0.008976
04013617001,0.026599
04013617002,0.036806
04013617100,0.078069
04013617200,0.007737
04013617300,0.013659
04013617400,0.14682
04013617500,0.034389
04013617600,0.016224
04013617700,0.020198
04013617800,0.065988
04013617900,0.019438
04013618000,0.007
04013618100,0.00568
04013618200,0.001566
04013618300,0.005693
04013618400,0.010147
04013618500,0.010426
04013618600,0.006342
04013618700,0.002353
04013618800,0.014864
04013618900,0.036461
04013619000,0.026279
04013619100,0.035046
04013619200,0.051384
04013619300,0.001956
04013619400,0.061329
04013619500,0.0119
04013619601,0.024687
04013619602,0.006674
04013619700,0.003784
04013619800,0.005491
04013619900,0.025187
04013723304,0.069378
04013723305,0.082386
04013723306,0.092471
04013723307,0.050781
04013723309,0.001355
04013723310,0.024662
04013723311,0.017931
04013810000,0.018152
04013810100,0.004225
04013810200,0.042605
04013810300,0.003367
04013810400,0.008595
04013810500,0.005834
04013810600,0.005908
04013810700,0.007109
04013810800,0.013263
04013810900,0.007216
04013811000,0.061228
04013811100,0.070584
04013811200,0.029573
04013811300,0.013865
04013811400,0.004117
04013811500,0.003178
04013811600,0.030578
04013811700,0.002998
04013811800,0.043555
04013811900,0.007478
04013812000,0.034686
04013812100,0.029726
04013812200,0.045272
04013812300,0.004001
04013812400,0.00577
04013812500,0.040277
04013812600,0.005639
04013812700,0.002704
04013812801,0.002782
04013812802,0.058392
04013812900,0.005385
04013813000,0.02675
04013813100,0.00274
04013813200,0.004994
04013813300,0.004593
04013813400,0.040394
04013813500,0.039053
04013813600,0.004215
04013813700,0.031803
04013813800,0.014368
04013813900,0.002048
04013814000,0.061911
04013814100,0.00305
04013814200,0.06528
04013814300,0.00973
04013814400,0.004669
04013814500,0.13714
04013814600,0.011336
04013814700,0.002126
04013814801,0.022535
04013814802,0.004878
04013814900,0.00736
04013815000,0.012012
04013815100,0.002266
04013815201,0.014135
04013815202,0.002581
04013815203,0.019296
04013815300,0.048901
04013815401,0.029705
04013815402,0.011277
04013815501,0.027524
04013815502,0.051361
04013815601,0.020865
04013815602,0.004099
04013815700,0.01692
04013815800,0.012241
04013815901,0.032563
04013815902,0.003083
04013816001,0.032228
04013816002,0.004944
04013816003,0.039731
04013816004,0.059683
04013816005,0.011087
04013816100,0.065722
04013816200,0.002991
04013816301,0.023005
04013816302,0.066563
04013816401,0.026932
04013816402,0.004004
04013816501,0.023405
04013816502,0.006611
04013816600,0.060561
04013816700,0.010445
04013816800,0.026178
04013816901,0.001251
04013816902,0.03295
04013816903,0.001569
04013816904,0.003011
04013817000,0.009726
04013817101,0.025472
04013817102,0.048874
04013817103,0.002686
04013817200,0.006136
04013817300,0.062309
04013817400,0.020111
04013817500,0.039622
04013817600,0.00805
04013940700,0.032879
04013941000,0.009273
04013941100,0.068734
04013941200,0.051495
04013941300,0.02072
04013980100,0.122747
04013980400,0.274503
04013980500,0.043527
04013980700,0.026367
04013980900,0.012013
04013981000,0.520992
04015954801,0.13373
04015954802,0.119699
04017940014,0.005809
04017940015,0.010073
04017940100,0.164694
04017940301,0.11294
04017940302,0.345109
04017960100,0.143688
04017960200,0.102252
04017960400,0.045037
04017960500,0.173413
04017960600,0.018321
04017961300,0.087508
04017961701,0.114934
04017961702,0.275849
04017962501,0.234133
04017962502,0.382678
04017963300,0.16342
04017963400,0.146637
04017963700,0.03637
04017963800,0.004469
04017964201,0.102239
04017964202,0.073412
04017964801,0.014628
04017964802,0.210308
04017964901,0.276813
04017964902,0.119164
04017965201,0.274154
04017965202,0.199792
04017965301,0.151874
04017965302,0.059619
04019000100,0.219183
04019000200,0.015411
04019000300,0.030876
04019000401,0.006396
04019000402,0.036621
04019000501,0.017668
04019000502,0.00554
04019000600,0.006198
04019000700,0.001386
04019000800,0.038794
04019001100,0.005697
04019001200,0.002866
04019001302,0.006515
04019001303,0.029419
04019001304,0.043531
04019001400,0.007307
04019001500,0.005566
04019001600,0.045796
04019001700,0.072164
04019001801,0.003064
04019001802,0.010246
04019001900,0.029814
04019002000,0.078534
04019002100,0.003445
04019002201,0.003082
04019002202,0.008052
04019002300,0.010499
04019002400,0.018975
04019002503,0.045185
04019002504,0.003709
04019002505,0.090181
04019002507,0.01057
04019002508,0.001329
04019002509,0.005083
04019002602,0.04939
04019002603,0.06797
04019002604,0.003492
04019002702,0.012447
04019002703,0.005029
04019002704,0.04711
04019002801,0.049316
04019002802,0.013228
04019002803,0.017285
04019002901,0.006374
04019002904,0.052408
04019002905,0.016393
04019002906,0.006824
04019003002,0.008224
04019003003,0.005251
04019003004,0.055143
04019003102,0.002425
04019003103,0.091733
04019003104,0.01201
04019003201,0.015614
04019003202,0.006235
04019003302,0.040821
04019003303,0.014638
04019003304,0.006519
04019003400,0.007745
04019003502,0.010692
04019003503,0.073568
04019003504,0.009928
04019003505,0.003174
04019003506,0.015456
04019003601,0.081552
04019003702,0.007103
04019003704,0.04324
04019003705,0.001968
04019003706,0.004908
04019003707,0.013368
04019003801,0.093193
04019003802,0.004557
04019003901,0.017837
04019003902,0.001758
04019003903,0.013636
04019004008,0.002222
04019004010,0.010235
04019004026,0.004406
04019004029,0.035645
04019004030,0.009254
04019004031,0.060769
04019004032,0.002099
04019004033,0.009277
04019004034,0.00047
04019004035,0.002646
04019004036,0.064349
04019004037,0.024145
04019004038,0.008219
04019004039,0.01491
04019004042,0.060125
04019004043,0.122055
04019004044,0.145379
04019004046,0.006258
04019004047,0.00803
04019004048,0.023714
04019004049,0.002786
04019004050,0.059874
04019004051,0.002328
04019004052,0.14512
04019004053,0.034265
04019004054,0.007817
04019004055,0.03496
04019004056,0.012451
04019004057,0.003006
04019004058,0.001587
04019004061,0.226037
04019004062,0.00287
04019004063,0.002238
04019004065,0.005525
04019004066,0.061944
04019004067,0.08011
04019004068,0.016798
04019004069,0.012582
04019004070,0.128183
04019004071,0.002486
04019004072,0.002909
04019004073,0.024042
04019004074,0.006127
04019004075,0.014453
04019004076,0.001888
04019004077,0.013957
04019004078,0.136038
04019004079,0.01343
04019004080,0.007061
04019004081,0.009789
04019004082,0.003506
04019004109,0.135586
04019004110,0.004311
04019004112,0.035314
04019004114,0.012153
04019004115,0.006795
04019004116,0.034436
04019004117,0.04264
04019004118,0.009651
04019004122,0.00182
04019004126,0.004805
04019004127,0.043011
04019004128,0.051824
04019004129,0.014595
04019004130,0.024022
04019004131,0.087285
04019004132,0.019452
04019004133,0.053353
04019004307,0.161749
04019004310,0.010542
04019004311,0.018326
04019004312,0.045026
04019004313,0.3048
04019004316,0.015443
04019004317,0.040655
04019004320,0.131867
04019004321,0.004628
04019004322,0.00273
04019004323,0.216162
04019004324,0.133038
04019004325,0.352745
04019004326,0.044348
04019004327,0.073698
04019004328,0.018694
04019004330,0.048014
04019004332,0.06901
04019004333,0.006922
04019004335,0.029685
04019004336,0.124009
04019004337,0.034737
04019004338,0.015951
04019004339,0.002352
04019004340,0.057662
04019004404,0.079453
04019004407,0.001963
04019004412,0.013413
04019004413,0.013971
04019004414,0.002513
04019004415,0.134601
04019004418,0.005317
04019004419,0.027733
04019004422,0.002964
04019004423,0.110079
04019004424,0.206823
04019004425,0.043915
04019004426,0.108913
04019004428,0.032513
04019004430,0.003439
04019004431,0.005634
04019004432,0.008772
04019004433,0.003703
04019004434,0.029705
04019004435,0.083178
04019004436,0.038368
04019004437,0.028894
04019004438,0.009744
04019004439,0.007397
04019004440,0.010293
04019004505,0.008053
04019004506,0.007986
04019004508,0.022967
04019004510,0.010409
04019004511,0.003606
04019004512,0.004269
04019004513,0.021547
04019004514,0.015322
04019004515,0.051722
04019004610,0.004358
04019004613,0.003745
04019004614,0.008518
04019004615,0.00534
04019004616,0.068119
04019004617,0.035419
04019004618,0.011997
04019004619,0.044911
04019004620,0.062819
04019004621,0.002687
04019004622,0.150055
04019004623,0.024875
04019004624,0.00714
04019004625,0.185384
04019004626,0.111827
04019004627,0.113571
04019004628,0.057838
04019004630,0.026295
04019004631,0.263867
04019004632,0.19214
04019004633,0.035524
04019004634,0.001875
04019004635,0.048319
04019004636,0.0155
04019004639,0.040424
04019004640,0.009202
04019004641,0.002082
04019004642,0.011332
04019004643,0.031234
04019004644,0.006106
04019004645,0.008779
04019004646,0.021258
04019004647,0.018513
04019004648,0.21104
04019004649,0.076584
04019004650,0.042973
04019004710,0.064278
04019004711,0.029407
04019004712,0.002862
04019004713,0.212332
04019004714,0.004999
04019004715,0.151357
04019004717,0.020699
04019004718,0.073592
04019004720,0.009976
04019004721,0.014235
04019004722,0.110013
04019004723,0.02849
04019004724,0.029998
04019004725,0.036298
04019004726,0.046194
04019004727,0.185804
04019004728,0.358101
04019004729,0.003685
04019004730,0.00462
04019005200,0.121565
04019005300,0.002755
04019005400,0.003112
04019940800,0.036896
04019940900,0.00962
04019941000,0.051915
04019941100,0.006981
04019980001,0.509766
04019980002,0.054589
04019980100,0.030457
04019980200,0.115792
04019980300,0.138053
04019980400,0.205655
04021000201,0.209128
04021000204,0.003462
04021000206,0.006519
04021000208,0.011918
04021000211,0.051611
04021000212,0.055558
04021000215,0.010039
04021000216,0.005944
04021000217,0.094224
04021000218,0.002384
04021000219,0.04381
04021000220,0.010344
04021000221,0.055441
04021000222,0.001635
04021000223,0.006026
04021000224,0.017924
04021000225,0.002752
04021000226,0.002499
04021000227,0.053126
04021000228,0.006658
04021000229,0.058203
04021000307,0.0819
04021000309,0.029073
04021000310,0.048342
04021000311,0.180351
04021000312,0.097121
04021000313,0.029867
04021000315,0.093417
04021000316,0.025519
04021000317,0.003678
04021000319,0.035628
04021000320,0.052277
04021000321,0.025725
04021000322,0.072687
04021000323,0.125712
04021000324,0.01974
04021000325,0.024049
04021000400,0.124767
04021000603,0.045167
04021000604,0.253213
04021000700,0.096607
04021000802,0.076399
04021000804,0.016175
04021000805,0.012364
04021000806,0.020029
04021000807,0.33624
04021000808,0.327768
04021000902,0.076241
04021000903,0.385612
04021000904,0.1536
04021001000,0.193709
04021001100,0.093633
04021001200,0.083491
04021001303,0.18671
04021001305,0.002894
04021001306,0.003878
04021001307,0.191671
04021001308,0.109608
04021001309,0.036205
04021001310,0.047335
04021001403,0.043849
04021001404,0.009276
04021001405,0.071366
04021001406,0.053466
04021001407,0.187425
04021001408,0.197044
04021001500,0.071591
04021001600,0.029358
04021001701,0.260983
04021001704,0.071994
04021001705,0.185905
04021001706,0.124929
04021001707,0.009018
04021001709,0.038005
04021001712,0.154546
04021001713,0.013749
04021001714,0.003407
04021001715,0.069727
04021001716,0.005886
04021001717,0.111816
04021001900,0.032558
04021002001,0.260649
04021002004,0.124184
04021002005,0.152872
04021002104,0.094528
04021002105,0.01389
04021002106,0.110869
04021002107,0.198905
04021002200,0.088068
04021002300,0.252328
04021002400,0.449266
04021941200,0.045874
04021941300,0.035449
04021941401,0.08759
04021941402,0.067239
04023966000,0.067544
04023966101,0.192055
04023966103,0.047346
04023966106,0.21022
04023966107,0.028483
04023966108,0.149394
04023966109,0.08382
04023966110,0.089432
04023966111,0.142167
04023966200,0.051631
04023966301,0.181388
04023966302,0.259364
04023966401,0.055135
04023966402,0.068363
04025000205,0.027507
04025000206,0.040536
04025000207,0.363823
04025000208,0.33393
04025000209,0.315852
04025000210,0.033691
04025000211,0.099385
04025000301,0.008192
04025000302,0.026727
04025000403,0.022585
04025000404,0.002666
04025000405,0.007351
04025000406,0.326139
04025000407,0.001616
04025000501,0.049216
04025000502,0.044951
04025000604,0.009928
04025000608,0.012537
04025000609,0.074235
04025000611,0.122603
04025000612,0.125885
04025000613,0.003608
04025000614,0.005789
04025000615,0.02488
04025000616,0.009185
04025000617,0.153056
04025000618,0.013672
04025000619,0.069591
04025000701,0.118969
04025000702,0.076881
04025000802,0.126616
04025000803,0.026631
04025000804,0.32805
04025000901,0.113227
04025000902,0.013331
04025001002,0.036675
04025001003,0.006862
04025001004,0.072319
04025001103,0.038086
04025001104,0.007997
04025001105,0.148138
04025001106,0.069314
04025001201,0.248372
04025001202,0.006158
04025001300,0.191515
04025001401,0.087459
04025001402,0.313897
04025001403,0.107055
04025001501,0.140867
04025001502,0.094092
04025001601,0.044273
04025001602,0.168257
04025001604,0.069721
04025001605,0.202055
04025001701,0.133203
04025001703,0.281972
04025001704,0.161335
04025001705,0.074598
04025001801,0.09954
04025001803,0.073198
04025001804,0.197663
04025001901,0.094508
04025001902,0.115052
04025001903,0.080411
04025001904,0.128199
04025002001,0.104549
04025002002,0.143678
04025002003,0.180049
04025002005,0.01766
04025002006,0.027507
04025002007,0.105036
04025002100,0.094131
04027012100,0.116866
04027980003,0.034505
04027980004,0.116211
35023970000,0.019297
06007000102,0.001687
06007000103,0.085415
06007000104,0.069319
06007000201,0.237096
06007000202,0.107314
06007000300,0.077476
06007000401,0.054045
06007000403,0.05039
06007000404,0.063412
06007000501,0.204364
06007000502,0.279705
06007000601,0.027917
06007000603,0.027666
06007000604,0.081266
06007000700,0.011672
06007000800,0.057473
06007000901,0.043074
06007000903,0.004705
06007000904,0.166888
06007001000,0.058998
06007001100,0.170395
06007001200,0.026157
06007001300,0.003211
06007001400,0.079554
06007001500,0.007696
06007001601,0.173939
06007001602,0.212083
06007001702,0.153483
06007001703,0.008626
06007001704,0.00685
06007001800,0.162674
06007001900,0.114655
06007002000,0.218548
06007002100,0.131421
06007002200,0.073282
06007002300,0.228809
06007002401,0.07001
06007002402,0.108092
06007002500,0.060115
06007002601,0.305416
06007002602,0.166551
06007002700,0.044543
06007002800,0.016741
06007002900,0.009735
06007003001,0.225801
06007003002,0.014772
06007003100,0.342898
06007003200,0.007243
06007003300,0.014195
06007003400,0.11043
06007003501,0.015957
06007003502,0.157749
06007003600,0.108896
06007003700,0.178144
06011000100,0.114169
06011000200,0.08749
06011000301,0.215463
06011000302,0.148314
06011000400,0.041053
06011000500,0.223674
06015000202,0.205404
06017030601,0.241601
06017030603,0.300404
06017030604,0.186537
06017030605,0.239913
06017030606,0.238201
06017030701,0.008051
06017030706,0.027328
06017030709,0.003634
06017030710,0.001268
06017030801,0.033456
06017030901,0.064266
06017030902,0.027719
06017031000,0.13152
06017031100,0.076048
06017031700,0.002496
06021010101,0.185068
06021010102,0.211187
06021010200,0.144377
06021010300,0.080667
06021010401,0.162711
06021010402,0.209891
06021010501,0.066489
06021010502,0.144905
06023001200,0.013436
06023010102,0.163859
06023010902,0.026537
06023011600,0.108848
06023940000,0.24984
06033000100,0.07521
06033000300,0.032072
06033000401,0.00216
06033000402,0.021274
06033000501,0.064505
06033000502,0.039825
06033000601,0.063148
06033000602,0.149932
06033000702,0.105225
06033000703,0.051611
06033000704,0.038995
06033000801,0.006672
06033000802,0.010946
06033000901,0.015239
06033000902,0.031068
06033001000,0.091198
06033001101,0.034683
06033001102,0.052737
06033001200,0.012004
06033001301,0.060072
06033001302,0.108313
06035040100,0.104928
06035040200,0.036059
06035040302,0.200805
06035040303,0.072846
06035040304,0.304343
06035040305,0.021788
06035040400,0.233095
06035040500,0.106667
06035040600,0.132932
06045010100,0.154857
06045010200,0.126291
06045010601,0.268313
06045010602,0.214445
06045010801,0.062069
06045010802,0.004443
06045011700,0.057043
06045011800,0.166043
06049000100,0.223561
06049000200,0.019641
06049000300,0.167066
06055201800,0.169725
06057000102,0.036832
06057000104,0.036048
06057000105,0.14659
06057000106,0.234584
06057000107,0.143144
06057000200,0.025024
06057000300,0.164099
06057000401,0.016705
06057000403,0.302509
06057000404,0.033368
06057000502,0.029932
06057000503,0.030468
06057000504,0.041286
06057000601,0.024707
06057000602,0.054503
06057000701,0.30064
06057000702,0.260826
06057000801,0.270638
06057000802,0.148402
06057000900,0.174554
06061020200,0.017211
06061020300,0.168648
06061020401,0.066772
06061020402,0.270902
06061020501,0.199965
06061020502,0.096586
06061020601,0.040741
06061020604,0.035358
06061020605,0.125952
06061020606,0.071884
06061020607,0.007428
06061020608,0.029264
06061020710,0.007941
06061020711,0.016635
06061020712,0.00797
06061020713,0.113606
06061020714,0.01619
06061020715,0.002189
06061020717,0.011371
06061020805,0.019026
06061020806,0.071674
06061020901,0.011009
06061020908,0.138317
06061021003,0.016418
06061021034,0.011806
06061021037,0.054232
06061021038,0.004078
06061021039,0.006314
06061021040,0.024081
06061021043,0.017293
06061021044,0.009846
06061021045,0.004175
06061021046,0.011118
06061021047,0.002269
06061021048,0.020831
06061021103,0.038326
06061021106,0.016341
06061021108,0.155442
06061021109,0.030068
06061021122,0.017035
06061021123,0.002786
06061021128,0.03909
06061021129,0.026129
06061021130,0.07123
06061021131,0.055071
06061021203,0.012133
06061021204,0.171082
06061021304,0.039043
06061021323,0.002393
06061021324,0.019206
06061021325,0.001586
06061021326,0.001587
06061021327,0.011502
06061021328,0.014422
06061021401,0.00465
06061021403,0.019438
06061021501,0.200697
06061021502,0.172852
06061021603,0.161371
06061021604,0.205258
06061021801,0.292832
06061021802,0.168777
06061021901,0.105488
06061021902,0.01397
06061022002,0.132174
06061022013,0.265262
06061022014,0.248809
06061022400,0.049579
06061022500,0.017748
06061022600,0.012429
06061022800,0.015471
06061022900,0.029856
06061023000,0.004099
06061023100,0.006417
06061023200,0.006107
06061023300,0.006837
06061023400,0.012071
06061023501,0.007965
06061023502,0.002151
06061023600,0.046018
06061023700,0.096009
06061023800,0.003474
06061023900,0.093747
06063000100,0.109446
06063000201,0.070957
06063000202,0.072609
06063000300,0.101857
06063000400,0.188346
06063000501,0.202522
06063000502,0.137016
06067000100,0.049665
06067000200,0.063879
06067000300,0.009172
06067000400,0.025382
06067000501,0.203541
06067000502,0.360366
06067000600,0.018977
06067000700,0.017579
06067000800,0.052295
06067001102,0.156132
06067001103,0.077448
06067001201,0.079862
06067001202,0.060676
06067001300,0.009069
06067001400,0.043317
06067001500,0.004177
06067001601,0.004921
06067001602,0.051781
06067001702,0.071534
06067001800,0.003353
06067001900,0.060729
06067002000,0.026019
06067002100,0.032837
06067002200,0.065729
06067002300,0.088216
06067002400,0.003557
06067002500,0.003608
06067002600,0.013681
06067002700,0.119494
06067005301,0.036322
06067005402,0.028807
06067005403,0.079105
06067005404,0.018323
06067005502,0.005638
06067005505,0.006753
06067005506,0.006233
06067005508,0.075549
06067005509,0.060516
06067005510,0.019181
06067005601,0.024127
06067005605,0.01383
06067005606,0.006663
06067005701,0.022236
06067005702,0.055087
06067005801,0.002503
06067005803,0.001997
06067005901,0.005339
06067005903,0.007642
06067005904,0.004898
06067006002,0.012918
06067006003,0.135592
06067006004,0.003432
06067006101,0.13908
06067006102,0.012708
06067006202,0.031021
06067006203,0.078041
06067006204,0.007096
06067006300,0.003123
06067006400,0.02116
06067006501,0.046992
06067006502,0.034865
06067006600,0.016585
06067006703,0.004796
06067006704,0.01136
06067006705,0.021444
06067006706,0.013794
06067006801,0.006762
06067006802,0.011262
06067006803,0.060587
06067006901,0.084448
06067006902,0.070832
06067007001,0.020703
06067007007,0.003379
06067007010,0.054804
06067007011,0.037525
06067007012,0.056122
06067007013,0.075993
06067007016,0.006186
06067007017,0.04892
06067007019,0.045922
06067007020,0.061542
06067007021,0.029446
06067007022,0.087862
06067007023,0.00923
06067007024,0.04838
06067007025,0.047277
06067007026,0.002189
06067007027,0.004461
06067007028,0.018254
06067007101,0.054358
06067007103,0.010209
06067007105,0.020529
06067007106,0.004126
06067007107,0.114227
06067007108,0.002432
06067007109,0.025553
06067007110,0.007856
06067007111,0.012698
06067007202,0.004605
06067007204,0.004885
06067007206,0.001356
06067007207,0.071565
06067007208,0.012606
06067007209,0.03934
06067007301,0.005844
06067007402,0.067466
06067007403,0.109255
06067007413,0.039016
06067007414,0.002617
06067007415,0.018177
06067007416,0.039095
06067007417,0.005208
06067007422,0.087421
06067007423,0.104041
06067007424,0.005838
06067007426,0.02296
06067007427,0.008551
06067007428,0.043782
06067007429,0.011359
06067007430,0.016589
06067007431,0.001829
06067007432,0.002858
06067007434,0.003909
06067007435,0.048678
06067007436,0.040361
06067007437,0.006534
06067007438,0.03848
06067007439,0.001205
06067007501,0.086812
06067007503,0.070938
06067007504,0.091227
06067007602,0.011404
06067007603,0.003328
06067007604,0.039855
06067007701,0.008881
06067007702,0.008167
06067007801,0.025907
06067007802,0.007807
06067007903,0.04638
06067007904,0.003046
06067007905,0.052625
06067007906,0.015447
06067008005,0.062363
06067008006,0.021008
06067008007,0.061151
06067008008,0.027372
06067008009,0.005599
06067008010,0.022837
06067008111,0.028636
06067008113,0.07476
06067008117,0.003494
06067008119,0.017442
06067008120,0.00516
06067008122,0.010763
06067008124,0.049181
06067008125,0.003005
06067008127,0.083643
06067008128,0.134997
06067008129,0.047151
06067008130,0.018102
06067008131,0.107329
06067008132,0.127837
06067008133,0.033919
06067008134,0.103225
06067008135,0.154115
06067008136,0.101859
06067008137,0.022884
06067008138,0.080909
06067008139,0.097721
06067008140,0.005923
06067008141,0.016172
06067008142,0.013682
06067008143,0.032648
06067008144,0.005454
06067008145,0.149389
06067008203,0.003801
06067008204,0.049836
06067008206,0.020977
06067008207,0.004121
06067008208,0.003767
06067008209,0.016446
06067008210,0.096828
06067008211,0.001779
06067008402,0.007657
06067008403,0.025177
06067008404,0.009903
06067008501,0.015399
06067008504,0.080963
06067008505,0.032503
06067008506,0.17288
06067008507,0.00759
06067008508,0.015486
06067008509,0.052682
06067008510,0.022798
06067008512,0.002333
06067008702,0.003296
06067008703,0.037085
06067008909,0.028553
06067008912,0.039107
06067008913,0.002121
06067988300,0.003296
06089010100,0.106158
06089010200,0.026376
06089010300,0.097138
06089010400,0.028859
06089010500,0.040926
06089010601,0.047951
06089010602,0.160763
06089010603,0.086031
06089010702,0.04748
06089010703,0.074953
06089010704,0.011851
06089010803,0.015934
06089010804,0.011579
06089010805,0.003852
06089010806,0.106541
06089010807,0.067952
06089010900,0.059966
06089011001,0.071167
06089011002,0.143507
06089011100,0.011506
06089011209,0.025982
06089011300,0.02891
06089011401,0.06467
06089011402,0.004149
06089011403,0.006068
06089011501,0.042514
06089011502,0.003891
06089011600,0.122565
06089011701,0.081164
06089011702,0.258466
06089011703,0.195283
06089011801,0.072368
06089011802,0.053246
06089011803,0.070596
06089011900,0.003576
06089012000,0.086137
06089012101,0.0443
06089012102,0.069102
06089012200,0.062571
06089012301,0.117808
06089012302,0.001986
06089012303,0.002691
06089012400,0.030282
06089012500,0.166689
06089012603,0.168037
06089012604,0.007095
06089012605,0.094882
06089012606,0.052304
06089012701,0.150315
06089012702,0.098891
06091010000,0.058573
06093000300,0.031298
06093000701,0.184576
06093000800,0.162499
06093000901,0.15883
06093000902,0.175387
06093001001,0.191419
06093001002,0.279783
06093001003,0.077237
06093001100,0.143739
06093001200,0.157428
06093001300,0.121009
06097154100,0.076126
06101050101,0.004624
06101050102,0.040057
06101050201,0.025679
06101050202,0.016523
06101050301,0.070256
06101050302,0.00595
06101050401,0.029008
06101050402,0.019969
06101050403,0.04817
06101050501,0.214415
06101050503,0.273919
06101050504,0.36227
06101050601,0.107331
06101050603,0.014755
06101050604,0.168006
06101050701,0.199959
06101050702,0.078828
06101050800,0.049673
06101050900,0.110502
06101051000,0.08654
06101051100,0.059569
06103000100,0.220019
06103000201,0.233159
06103000202,0.044332
06103000300,0.101813
06103000400,0.193018
06103000500,0.19666
06103000600,0.162284
06103000701,0.123512
06103000702,0.096445
06103000800,0.132119
06103000900,0.083799
06103001000,0.028922
06103001101,0.177862
06103001102,0.210081
06105000101,0.166333
06105000102,0.143207
06105000200,0.109574
06105000500,0.069186
06113010102,0.077775
06113010103,0.005048
06113010104,0.02281
06113010105,0.041628
06113010201,0.011044
06113010203,0.075465
06113010204,0.060126
06113010313,0.018586
06113010315,0.006484
06113010401,0.139978
06113010505,0.128063
06113010800,0.196393
06113010901,0.143512
06113010902,0.298157
06113011001,0.112099
06113011002,0.084113
06113011101,0.01314
06113011102,0.08392
06113011103,0.032148
06113011203,0.049425
06113011204,0.003388
06113011207,0.12914
06113011208,0.067293
06113011209,0.060486
06113011210,0.017431
06113011211,0.012594
06113011400,0.100785
06113011500,0.086606
06115040100,0.088704
06115040201,0.305933
06115040202,0.163774
06115040301,0.016865
06115040302,0.018314
06115040304,0.009724
06115040305,0.004517
06115040400,0.004197
06115040500,0.052816
06115040600,0.006894
06115040701,0.002669
06115040702,0.088281
06115040800,0.003828
06115040901,0.007546
06115040902,0.0075
06115041001,0.071565
06115041002,0.002702
06115041101,0.110207
06115041102,0.188517
48001950100,0.006944
48001950401,0.028065
48001950402,0.15952
48001950500,0.130477
48001950600,0.100554
48001950700,0.110851
48001950800,0.099185
48001950901,0.045238
48001950902,0.032687
48001951001,0.008922
48001951002,0.112892
48001951100,0.093964
48005000102,0.092666
48005000104,0.09835
48007950101,0.255415
48007950102,0.176236
48007950103,0.070996
48007950200,0.336726
48007950301,0.103031
48007950302,0.151671
48007950400,0.194447
48007950501,0.110801
48007950502,0.201889
48007950503,0.208917
48009020200,0.057343
48009020300,0.115646
48013960101,0.037298
48013960102,0.117346
48013960203,0.073151
48013960204,0.006462
48013960205,0.107728
48013960206,0.066475
48013960300,0.108276
48013960401,0.427728
48013960403,0.227187
48013960404,0.281053
48013960500,0.016447
48013960601,0.144961
48013960602,0.026081
48015760100,0.002832
48015760201,0.032584
48015760202,0.063565
48015760301,0.063392
48015760302,0.025029
48015760400,0.014637
48015760501,0.061803
48015760502,0.065272
48019000101,0.138886
48019000103,0.126361
48019000104,0.197506
48019000200,0.111022
48019000301,0.088257
48019000302,0.077526
48019000400,0.01945
48021950101,0.01633
48021950102,0.096161
48021950201,0.117809
48021950202,0.098811
48021950301,0.026887
48021950302,0.004015
48021950303,0.026051
48021950401,0.057755
48021950402,0.055143
48021950403,0.046215
48021950503,0.033575
48021950504,0.026686
48021950505,0.015621
48021950506,0.043059
48021950601,0.016294
48021950602,0.010426
48021950700,0.042722
48021950803,0.033366
48021950804,0.036183
48021950805,0.136765
48021950806,0.131066
48023950301,0.05159
48023950302,0.154704
48025950100,0.011253
48025950201,0.183559
48025950203,0.058257
48025950204,0.138263
48025950300,0.038281
48025950400,0.178786
48025950501,0.245639
48025950502,0.200029
48025950600,0.142333
48027020101,0.152562
48027020102,0.011937
48027020201,0.062477
48027020203,0.175471
48027020204,0.119806
48027020301,0.063284
48027020302,0.059702
48027020401,0.035992
48027020402,0.057538
48027020500,0.180674
48027020600,0.144312
48027020701,0.108038
48027020702,0.013823
48027020800,0.11051
48027020900,0.067727
48027021000,0.032366
48027021101,0.064227
48027021102,0.043448
48027021201,0.124439
48027021202,0.028653
48027021203,0.072369
48027021301,0.042015
48027021302,0.049464
48027021304,0.027921
48027021305,0.013292
48027021400,0.046687
48027021501,0.012107
48027021502,0.064351
48027021601,0.038998
48027021602,0.159438
48027021701,0.028361
48027021702,0.163151
48027021801,0.071876
48027021802,0.021313
48027021901,0.070925
48027021905,0.029568
48027021906,0.065989
48027021907,0.013424
48027021908,0.011978
48027022001,0.088631
48027022002,0.056918
48027022101,0.009119
48027022103,0.018395
48027022104,0.063598
48027022105,0.017549
48027022200,0.00499
48027022300,0.032374
48027022401,0.016967
48027022402,0.018209
48027022403,0.006949
48027022405,0.056668
48027022406,0.046788
48027022407,0.001653
48027022501,0.114636
48027022503,0.005824
48027022504,0.003437
48027022600,0.159513
48027022801,0.004365
48027022900,0.158464
48027023001,0.02422
48027023002,0.003922
48027023103,0.144055
48027023104,0.046897
48027023109,0.04808
48027023110,0.028294
48027023111,0.065646
48027023112,0.041343
48027023113,0.010677
48027023114,0.002121
48027023115,0.009562
48027023116,0.083161
48027023117,0.11325
48027023118,0.157545
48027023201,0.13394
48027023202,0.047089
48027023203,0.118805
48027023204,0.061259
48027023301,0.036011
48027023302,0.08978
48027023402,0.005314
48027023404,0.006968
48027023405,0.01505
48027023406,0.008242
48027023500,0.18565
48027980001,0.179895
48027980002,0.361333
48027980003,0.119508
48029110100,0.042422
48029110300,0.009777
48029110500,0.005012
48029110600,0.010798
48029110700,0.025435
48029111000,0.016854
48029111100,0.015027
48029120100,0.007184
48029120301,0.102991
48029120302,0.026284
48029120401,0.043662
48029120402,0.125959
48029120502,0.072632
48029120503,0.006572
48029120504,0.028782
48029120601,0.094073
48029120602,0.151176
48029120701,0.056045
48029120702,0.121594
48029120800,0.005341
48029120901,0.024359
48029120902,0.068547
48029121000,0.015454
48029121110,0.022534
48029121111,0.013323
48029121112,0.070957
48029121115,0.075656
48029121116,0.059046
48029121117,0.039142
48029121118,0.025375
48029121119,0.006984
48029121120,0.023834
48029121121,0.005481
48029121122,0.021279
48029121123,0.042753
48029121124,0.01925
48029121203,0.090704
48029121204,0.011664
48029121205,0.048947
48029121206,0.014914
48029121300,0.005377
48029121402,0.011984
48029121403,0.006806
48029121404,0.025934
48029121501,0.027673
48029121504,0.018135
48029121505,0.131362
48029121506,0.043794
48029121507,0.003382
48029121508,0.006439
48029121601,0.094563
48029121604,0.012504
48029121605,0.023849
48029121606,0.014482
48029121701,0.252912
48029121702,0.074374
48029121802,0.031619
48029121803,0.015647
48029121804,0.011896
48029121808,0.004927
48029121809,0.071472
48029121810,0.042228
48029121811,0.001379
48029121812,0.009806
48029121813,0.066731
48029121903,0.034517
48029121904,0.050844
48029121905,0.08605
48029121906,0.008014
48029121908,0.035239
48029121909,0.00994
48029121910,0.00925
48029121911,0.008449
48029121912,0.024061
48029130200,0.100649
48029130300,0.004387
48029130401,0.067145
48029130402,0.035855
48029130500,0.021495
48029130600,0.006241
48029130700,0.034716
48029130800,0.013694
48029130900,0.015551
48029131000,0.045232
48029131100,0.005338
48029131200,0.230843
48029131300,0.115378
48029131401,0.107263
48029131402,0.079146
48029131503,0.00633
48029131504,0.051324
48029131505,0.007513
48029131506,0.054238
48029131507,0.011662
48029131601,0.071749
48029131606,0.095063
48029131608,0.01497
48029131609,0.088439
48029131610,0.052273
48029131612,0.0574
48029131614,0.01287
48029131615,0.012644
48029131616,0.122843
48029131700,0.05727
48029131801,0.021281
48029131802,0.036086
48029140100,0.099341
48029140200,0.017022
48029140300,0.074196
48029140400,0.013224
48029140500,0.003232
48029140600,0.065169
48029140700,0.004665
48029140800,0.004212
48029140900,0.035813
48029141000,0.006256
48029141101,0.023321
48029141102,0.024041
48029141200,0.0075
48029141300,0.040275
48029141402,0.097202
48029141403,0.077046
48029141404,0.006706
48029141600,0.059989
48029141700,0.042531
48029141800,0.121522
48029141900,0.224716
48029150100,0.035381
48029150300,0.006904
48029150400,0.063882
48029150501,0.060663
48029150502,0.002056
48029150600,0.052252
48029150700,0.011549
48029150800,0.307975
48029150900,0.044598
48029151000,0.031205
48029151100,0.064153
48029151200,0.052955
48029151301,0.023545
48029151302,0.028534
48029151400,0.089855
48029151500,0.14618
48029151600,0.028413
48029151700,0.088653
48029151900,0.058437
48029152000,0.027833
48029152100,0.281036
48029152201,0.049486
48029152202,0.083803
48029160100,0.008736
48029160200,0.044067
48029160300,0.198458
48029160400,0.012873
48029160501,0.008996
48029160502,0.107088
48029160600,0.002703
48029160701,0.023458
48029160702,0.025924
48029160901,0.118284
48029160902,0.017333
48029161000,0.127343
48029161100,0.034118
48029161200,0.027343
48029161302,0.079593
48029161303,0.017517
48029161304,0.013423
48029161400,0.204857
48029161501,0.05344
48029161503,0.101379
48029161504,0.005032
48029161600,0.035623
48029161801,0.026147
48029161802,0.035547
48029161901,0.070926
48029161902,0.069211
48029162001,0.192469
48029162003,0.182762
48029162004,0.09507
48029170101,0.242837
48029170102,0.005084
48029170200,0.005357
48029170300,0.040005
48029170401,0.055703
48029170402,0.010664
48029170500,0.197255
48029170600,0.014811
48029170700,0.027002
48029170800,0.00633
48029170900,0.006032
48029171000,0.006336
48029171100,0.006551
48029171200,0.039421
48029171301,0.008531
48029171302,0.008657
48029171401,0.001914
48029171402,0.071669
48029171501,0.009454
48029171502,0.003184
48029171601,0.006378
48029171602,0.041314
48029171700,0.012636
48029171801,0.006832
48029171802,0.026344
48029171903,0.01236
48029171912,0.009102
48029171913,0.144937
48029171914,0.008367
48029171915,0.026214
48029171916,0.019635
48029171917,0.011482
48029171918,0.00521
48029171919,0.026951
48029171920,0.00396
48029171921,0.092177
48029171922,0.022585
48029171923,0.110419
48029171924,0.011603
48029171926,0.019437
48029171927,0.002623
48029171928,0.005173
48029171929,0.004626
48029172002,0.118445
48029172003,0.043019
48029172004,0.027686
48029172005,0.01178
48029172006,0.04426
48029172008,0.013029
48029172009,0.004993
48029180101,0.006209
48029180102,0.005296
48029180201,0.008475
48029180202,0.016488
48029180300,0.068668
48029180400,0.26615
48029180501,0.181835
48029180503,0.008843
48029180504,0.059504
48029180602,0.123992
48029180603,0.017055
48029180604,0.135801
48029180701,0.066434
48029180702,0.007048
48029180800,0.024869
48029180901,0.01111
48029180902,0.035316
48029181001,0.011264
48029181003,0.097397
48029181004,0.102287
48029181005,0.033692
48029181100,0.005764
48029181200,0.008673
48029181301,0.13007
48029181302,0.019434
48029181303,0.110423
48029181402,0.049987
48029181403,0.323824
48029181404,0.117322
48029181503,0.025833
48029181504,0.020043
48029181505,0.018637
48029181506,0.041301
48029181601,0.015418
48029181602,0.026683
48029181703,0.034326
48029181704,0.09109
48029181705,0.053045
48029181711,0.017867
48029181712,0.08827
48029181713,0.008678
48029181715,0.00736
48029181716,0.047037
48029181718,0.003325
48029181720,0.039201
48029181721,0.03145
48029181722,0.059495
48029181723,0.013145
48029181724,0.089182
48029181725,0.032207
48029181726,0.005496
48029181727,0.035681
48029181729,0.023836
48029181730,0.01643
48029181731,0.004153
48029181732,0.023648
48029181733,0.001747
48029181808,0.007803
48029181809,0.018719
48029181811,0.113264
48029181813,0.007856
48029181814,0.005781
48029181815,0.108398
48029181816,0.006911
48029181817,0.007714
48029181818,0.011194
48029181819,0.011001
48029181820,0.01846
48029181821,0.129039
48029181822,0.033684
48029181823,0.080906
48029181824,0.001744
48029181825,0.044112
48029181826,0.008561
48029181901,0.017632
48029181902,0.006762
48029182001,0.035446
48029182002,0.155971
48029182003,0.016193
48029182101,0.04972
48029182102,0.010305
48029182103,0.153148
48029182105,0.027846
48029182106,0.074533
48029190100,0.030813
48029190200,0.00758
48029190400,0.008364
48029190501,0.02579
48029190503,0.013026
48029190504,0.065666
48029190601,0.081615
48029190603,0.006204
48029190604,0.009159
48029190700,0.01869
48029190800,0.04379
48029190901,0.011217
48029190902,0.085229
48029191003,0.005623
48029191004,0.007217
48029191005,0.098179
48029191006,0.001762
48029191101,0.012428
48029191102,0.021567
48029191201,0.003613
48029191202,0.015855
48029191303,0.012314
48029191304,0.0139
48029191405,0.004174
48029191406,0.033902
48029191408,0.019816
48029191409,0.0247
48029191410,0.130571
48029191411,0.007996
48029191412,0.007004
48029191413,0.014951
48029191503,0.011939
48029191504,0.11415
48029191505,0.015869
48029191506,0.052599
48029191701,0.124647
48029191702,0.035419
48029191804,0.036203
48029191806,0.011638
48029191807,0.00771
48029191808,0.049274
48029191809,0.11951
48029191810,0.003961
48029191811,0.006029
48029191812,0.005333
48029191813,0.011271
48029191814,0.00412
48029191815,0.061919
48029191816,0.06068
48029191818,0.020914
48029191819,0.006266
48029191900,0.019144
48029192000,0.047679
48029192100,0.046544
48029192200,0.147132
48029192300,0.022
48029980001,0.130669
48029980002,0.261051
48029980003,0.041536
48029980004,0.095394
48029980005,0.029916
48029980100,0.021977
48031950101,0.118929
48031950102,0.0801
48031950201,0.103407
48031950202,0.091622
48033950100,0.259576
48035950100,0.044909
48035950200,0.146179
48035950300,0.2102
48035950400,0.125641
48035950500,0.033441
48035950600,0.193536
48035950700,0.051107
48039660100,0.041298
48039660200,0.101036
48039660301,0.066645
48039660302,0.017722
48039660303,0.036841
48039660401,0.018718
48039660402,0.066288
48039660403,0.109514
48039660501,0.233035
48039660502,0.025915
48039660503,0.056545
48039660504,0.012024
48039660603,0.006508
48039660604,0.004396
48039660605,0.00453
48039660606,0.044613
48039660607,0.029588
48039660608,0.034939
48039660609,0.002985
48039660610,0.050435
48039660611,0.043246
48039660612,0.004948
48039660613,0.004558
48039660614,0.251097
48039660615,0.008078
48039660616,0.003689
48039660703,0.020894
48039660704,0.036628
48039660705,0.008358
48039660706,0.048699
48039660707,0.007756
48039660708,0.041999
48039660803,0.00478
48039660804,0.137797
48039660805,0.00453
48039660806,0.04297
48039660901,0.134821
48039660902,0.069006
48039661000,0.188284
48039661100,0.15952
48039661200,0.16591
48039661300,0.190505
48039661400,0.038537
48039661501,0.065721
48039661502,0.102187
48039661601,0.280708
48039661602,0.113559
48039661700,0.129432
48039661800,0.121902
48039661901,0.043732
48039661902,0.016231
48039662000,0.020836
48039662100,0.084201
48039662200,0.177958
48039662300,0.230659
48039662400,0.196295
48039662500,0.073885
48039662600,0.194748
48039662700,0.04076
48039662800,0.00408
48039662900,0.098342
48039663000,0.153191
48039663100,0.117328
48039663200,0.007165
48039663300,0.011863
48039663400,0.0496
48039663500,0.024267
48039663600,0.057619
48039663700,0.09497
48039663800,0.036778
48039663900,0.071888
48039664000,0.097751
48039664100,0.030194
48039664200,0.065284
48039664300,0.032739
48039664400,0.026836
48039664501,0.005239
48039990000,0.027344
48041000103,0.262659
48041000104,0.205128
48041000105,0.03852
48041000106,0.221702
48041000107,0.014106
48041000108,0.243068
48041000203,0.052356
48041000204,0.024575
48041000205,0.0646
48041000206,0.019802
48041000207,0.073664
48041000301,0.073003
48041000302,0.077999
48041000401,0.089324
48041000402,0.064061
48041000501,0.172843
48041000502,0.04369
48041000603,0.019989
48041000605,0.007437
48041000606,0.013975
48041000700,0.015779
48041000800,0.021011
48041000900,0.024517
48041001001,0.020623
48041001002,0.030326
48041001101,0.006773
48041001102,0.023914
48041001301,0.045092
48041001302,0.103301
48041001303,0.107686
48041001401,0.056593
48041001604,0.015392
48041001605,0.042191
48041001606,0.03567
48041001607,0.148857
48041001608,0.003571
48041001702,0.094604
48041001703,0.117581
48041001704,0.099099
48041001801,0.063132
48041001803,0.006283
48041001804,0.016253
48041001901,0.054244
48041001902,0.022871
48041002001,0.055479
48041002006,0.095454
48041002009,0.030152
48041002010,0.051506
48041002011,0.00666
48041002014,0.026967
48041002016,0.046214
48041002017,0.033385
48041002018,0.013737
48041002019,0.001149
48041002020,0.015988
48041002021,0.004468
48041002022,0.005997
48041002023,0.016463
48041002024,0.017294
48041002025,0.086078
48041002026,0.282654
48041002100,0.009511
48041980000,0.033366
48047950100,0.077794
48047950200,0.10357
48049950100,0.021044
48049950201,0.019712
48049950202,0.181034
48049950300,0.164393
48049950500,0.007268
48049950600,0.12245
48049950700,0.033725
48049950800,0.111757
48049950900,0.048709
48049951000,0.02261
48049951100,0.049256
48049951200,0.129821
48049951300,0.010844
48051970100,0.094425
48051970201,0.050225
48051970202,0.023718
48051970300,0.180302
48051970400,0.061641
48051970501,0.173677
48051970502,0.011508
48053960101,0.008466
48053960102,0.031601
48053960200,0.176796
48053960301,0.191272
48053960302,0.200499
48053960401,0.064767
48053960402,0.073702
48053960501,0.051844
48053960502,0.094408
48053960600,0.012725
48053960701,0.056108
48053960702,0.061924
48053960801,0.087321
48053960802,0.224519
48053960803,0.0178
48055960102,0.00385
48055960103,0.120094
48055960104,0.184556
48055960200,0.044438
48055960300,0.192523
48055960400,0.120652
48055960501,0.060662
48055960502,0.128065
48055960600,0.129299
48055960701,0.087216
48055960702,0.104836
48057000100,0.090501
48057000200,0.187076
48057000300,0.287762
48057000401,0.103908
48057000402,0.160423
48057000501,0.175187
48057000502,0.198255
48057990000,0.033203
48059030101,0.003291
48059030102,0.018574
48059030200,0.021534
48061010101,0.003293
48061010102,0.309995
48061010103,0.068606
48061010201,0.014239
48061010204,0.110223
48061010205,0.104457
48061010301,0.026207
48061010303,0.02284
48061010304,0.019018
48061010403,0.272183
48061010404,0.010238
48061010405,0.024685
48061010406,0.007119
48061010500,0.073588
48061010602,0.347579
48061010603,0.117954
48061010604,0.153406
48061010700,0.113282
48061010801,0.067981
48061010802,0.027511
48061010900,0.220014
48061011000,0.056738
48061011100,0.104702
48061011200,0.188431
48061011301,0.179195
48061011302,0.338009
48061011401,0.115447
48061011402,0.239321
48061011500,0.172724
48061011601,0.009144
48061011602,0.063696
48061011701,0.147546
48061011702,0.153933
48061011801,0.109245
48061011802,0.003675
48061011903,0.018256
48061011904,0.053841
48061011905,0.236963
48061011906,0.043244
48061011907,0.044904
48061011908,0.007609
48061012002,0.053661
48061012003,0.013315
48061012004,0.024633
48061012103,0.02393
48061012104,0.029634
48061012105,0.007427
48061012106,0.001819
48061012201,0.03281
48061012202,0.009403
48061012203,0.003988
48061012301,0.011007
48061012304,0.046556
48061012305,0.086293
48061012402,0.147764
48061012403,0.032182
48061012404,0.080938
48061012506,0.047151
48061012508,0.059613
48061012509,0.020549
48061012510,0.122316
48061012511,0.163431
48061012512,0.338921
48061012513,0.139163
48061012514,0.00179
48061012515,0.076823
48061012516,0.044179
48061012517,0.003174
48061012607,0.021748
48061012608,0.143593
48061012613,0.096236
48061012614,0.037109
48061012615,0.005908
48061012616,0.00293
48061012617,0.007151
48061012700,0.203379
48061012800,0.029389
48061012900,0.303138
48061013002,0.025347
48061013003,0.060786
48061013004,0.193094
48061013102,0.060303
48061013104,0.050663
48061013106,0.116891
48061013203,0.179208
48061013204,0.020504
48061013205,0.154923
48061013206,0.159161
48061013207,0.076557
48061013303,0.274495
48061013305,0.017782
48061013306,0.015734
48061013307,0.033663
48061013308,0.080078
48061013309,0.008138
48061013401,0.123387
48061013402,0.140925
48061013500,0.09797
48061013600,0.337219
48061013700,0.08849
48061013801,0.003947
48061013802,0.02003
48061013901,0.00451
48061013902,0.157218
48061013903,0.012207
48061014001,0.003844
48061014002,0.043731
48061014101,0.005046
48061014102,0.008879
48061014103,0.013955
48061014201,0.196346
48061014202,0.085351
48061014300,0.244005
48061014401,0.042099
48061014402,0.060592
48061014403,0.013579
48061014404,0.003766
48061014501,0.007382
48061014502,0.001709
48061980001,0.111617
48061980100,0.587565
48063950101,0.034577
48063950102,0.191194
48063950200,0.13848
48073950100,0.189829
48073950201,0.085899
48073950202,0.271339
48073950301,0.123993
48073950302,0.186336
48073950400,0.234073
48073950500,0.243725
48073950600,0.203202
48073950700,0.262442
48073950801,0.134896
48073950802,0.183346
48073950900,0.196067
48073951000,0.149991
48073951100,0.19772
48077030302,0.050022
48081950100,0.023561
48081950200,0.152352
48083950300,0.098481
48083950600,0.130936
48083950700,0.009565
48085030101,0.019599
48085030102,0.075039
48085030201,0.049356
48085030202,0.018259
48085030204,0.215736
48085030205,0.151304
48085030206,0.14853
48085030207,0.101188
48085030301,0.024099
48085030302,0.002851
48085030303,0.02828
48085030304,0.009617
48085030306,0.027537
48085030307,0.039039
48085030403,0.063028
48085030404,0.007113
48085030405,0.014926
48085030406,0.005519
48085030407,0.042799
48085030409,0.014694
48085030410,0.014119
48085030504,0.032294
48085030505,0.020457
48085030506,0.008858
48085030507,0.038338
48085030509,0.004547
48085030510,0.003935
48085030511,0.003466
48085030512,0.032007
48085030515,0.009733
48085030516,0.002975
48085030517,0.062902
48085030518,0.029791
48085030519,0.008609
48085030520,0.003005
48085030521,0.005264
48085030524,0.007894
48085030525,0.003166
48085030529,0.048209
48085030531,0.04404
48085030532,0.027462
48085030533,0.003236
48085030534,0.006604
48085030535,0.013562
48085030536,0.002061
48085030537,0.046839
48085030538,0.01937
48085030539,0.011702
48085030540,0.040134
48085030541,0.006028
48085030542,0.010389
48085030543,0.006434
48085030544,0.057906
48085030545,0.034812
48085030546,0.010307
48085030547,0.037308
48085030548,0.005949
48085030549,0.021613
48085030550,0.004133
48085030604,0.010917
48085030605,0.031895
48085030606,0.018003
48085030607,0.015006
48085030608,0.056649
48085030609,0.008062
48085030701,0.080374
48085030702,0.038659
48085030801,0.013568
48085030802,0.010573
48085030901,0.202566
48085030902,0.008301
48085030903,0.006233
48085031003,0.036044
48085031005,0.01596
48085031006,0.09774
48085031007,0.023787
48085031008,0.002096
48085031101,0.167402
48085031102,0.133615
48085031201,0.018598
48085031202,0.013932
48085031308,0.010619
48085031314,0.009497
48085031318,0.056209
48085031319,0.010899
48085031320,0.014409
48085031321,0.003909
48085031322,0.057887
48085031323,0.001402
48085031324,0.001872
48085031325,0.029622
48085031326,0.029984
48085031327,0.025922
48085031328,0.057528
48085031329,0.023111
48085031330,0.003756
48085031331,0.002918
48085031332,0.023697
48085031333,0.043443
48085031334,0.005777
48085031335,0.062105
48085031336,0.013095
48085031408,0.019478
48085031411,0.003074
48085031412,0.008472
48085031413,0.044047
48085031414,0.004064
48085031415,0.02511
48085031416,0.033181
48085031417,0.005892
48085031418,0.009964
48085031419,0.017096
48085031420,0.041219
48085031421,0.031352
48085031422,0.004145
48085031423,0.109689
48085031424,0.022592
48085031425,0.024487
48085031504,0.002497
48085031507,0.088869
48085031508,0.009879
48085031509,0.047912
48085031510,0.010971
48085031511,0.00466
48085031512,0.010326
48085031611,0.031135
48085031613,0.007989
48085031621,0.021267
48085031622,0.016797
48085031623,0.005221
48085031624,0.034207
48085031625,0.006543
48085031626,0.04895
48085031627,0.005371
48085031628,0.003174
48085031629,0.01416
48085031630,0.007324
48085031631,0.009861
48085031632,0.005277
48085031633,0.026693
48085031634,0.002096
48085031635,0.004422
48085031636,0.008057
48085031639,0.023971
48085031641,0.00345
48085031642,0.004297
48085031643,0.03068
48085031645,0.050792
48085031646,0.005165
48085031647,0.009655
48085031649,0.033395
48085031654,0.046041
48085031655,0.024023
48085031657,0.017512
48085031659,0.015768
48085031660,0.029003
48085031661,0.028126
48085031662,0.004774
48085031663,0.082372
48085031664,0.011312
48085031665,0.040441
48085031666,0.024914
48085031667,0.042687
48085031668,0.029811
48085031669,0.005675
48085031670,0.018153
48085031671,0.04756
48085031672,0.006506
48085031673,0.023033
48085031674,0.008957
48085031675,0.004728
48085031676,0.002395
48085031677,0.002889
48085031678,0.016317
48085031679,0.003116
48085031680,0.073866
48085031681,0.009521
48085031682,0.007921
48085031704,0.050722
48085031706,0.038541
48085031708,0.049554
48085031709,0.033744
48085031711,0.020321
48085031713,0.092487
48085031715,0.125822
48085031716,0.092913
48085031717,0.178232
48085031718,0.012286
48085031719,0.003077
48085031720,0.105737
48085031721,0.020886
48085031722,0.160535
48085031723,0.091534
48085031724,0.053264
48085031806,0.035305
48085031807,0.003751
48085031808,0.009302
48085031809,0.017476
48085031810,0.040202
48085031811,0.066723
48085031812,0.018255
48085031813,0.005914
48085031814,0.007466
48085031815,0.035164
48085031816,0.027894
48085031901,0.005509
48085031902,0.037926
48085031903,0.022801
48085031904,0.029161
48085032003,0.025781
48085032008,0.01014
48085032010,0.057924
48085032012,0.005078
48085032013,0.022963
48085032014,0.016195
48085032015,0.047567
48085032016,0.00948
48085032017,0.008851
48085032018,0.0904
48085032019,0.018806
48089750100,0.092312
48089750200,0.100036
48089750300,0.017228
48089750400,0.034297
48089750500,0.047043
48091310100,0.06879
48091310200,0.00347
48091310301,0.280577
48091310302,0.144647
48091310401,0.032516
48091310404,0.005419
48091310405,0.068036
48091310406,0.046018
48091310501,0.072021
48091310502,0.045361
48091310503,0.132731
48091310603,0.019278
48091310604,0.063105
48091310608,0.024102
48091310609,0.009864
48091310610,0.190819
48091310611,0.047056
48091310612,0.056307
48091310613,0.022326
48091310614,0.01682
48091310702,0.123417
48091310703,0.044966
48091310705,0.181979
48091310706,0.025689
48091310707,0.083206
48091310708,0.030234
48091310801,0.037335
48091310803,0.05953
48091310804,0.010354
48091310901,0.05449
48091310903,0.085708
48091310904,0.045746
48091310905,0.011979
48093950101,0.165186
48093950102,0.085533
48093950200,0.022911
48093950300,0.118969
48093950400,0.146175
48095950300,0.102727
48097000100,0.182738
48097000200,0.076202
48097000400,0.084729
48097000500,0.028412
48097000600,0.186354
48097000701,0.009386
48097000702,0.030762
48097000900,0.019352
48097001100,0.050561
48099010101,0.031078
48099010102,0.013673
48099010201,0.073735
48099010202,0.095668
48099010300,0.193744
48099010400,0.063426
48099010501,0.008802
48099010502,0.015404
48099010503,0.04587
48099010504,0.045918
48099010601,0.005116
48099010603,0.004797
48099010604,0.004813
48099010701,0.044375
48099010702,0.291902
48099010802,0.090588
48099010803,0.067313
48099010804,0.086975
48099980000,0.015217
48105950100,0.054846
48107950100,0.016697
48107950200,0.006564
48107950300,0.036199
48113000100,0.200361
48113000201,0.089105
48113000202,0.06943
48113000300,0.058791
48113000401,0.01324
48113000405,0.087724
48113000407,0.045244
48113000408,0.015594
48113000409,0.112016
48113000410,0.011419
48113000501,0.094561
48113000502,0.040576
48113000503,0.107962
48113000605,0.004113
48113000606,0.074601
48113000607,0.002357
48113000608,0.056458
48113000609,0.003384
48113000610,0.002476
48113000611,0.016641
48113000703,0.128834
48113000704,0.023192
48113000705,0.019708
48113000706,0.080661
48113000801,0.006738
48113000802,0.0402
48113000901,0.050969
48113000902,0.080956
48113001001,0.036111
48113001002,0.04793
48113001101,0.035866
48113001102,0.116389
48113001202,0.07097
48113001203,0.29439
48113001204,0.297019
48113001301,0.016609
48113001302,0.030481
48113001400,0.112302
48113001502,0.025658
48113001503,0.005549
48113001504,0.005927
48113001601,0.007732
48113001602,0.007626
48113001703,0.077667
48113001705,0.01724
48113001801,0.063
48113001802,0.047454
48113001901,0.055733
48113001902,0.04574
48113002001,0.067608
48113002002,0.018729
48113002100,0.032379
48113002200,0.010864
48113002400,0.090195
48113002500,0.048311
48113002703,0.142921
48113003102,0.030438
48113003103,0.156453
48113003700,0.145789
48113004201,0.039338
48113004202,0.002822
48113004300,0.007886
48113004400,0.029247
48113004500,0.047805
48113004600,0.01055
48113004700,0.062536
48113004800,0.003762
48113005000,0.006975
48113005100,0.009412
48113005200,0.01243
48113005300,0.002293
48113005400,0.002194
48113005500,0.00597
48113005600,0.009697
48113005700,0.018162
48113005901,0.022106
48113005902,0.008163
48113006001,0.005491
48113006002,0.029546
48113006100,0.011324
48113006200,0.112706
48113006301,0.038958
48113006302,0.022758
48113006401,0.002401
48113006402,0.097858
48113006501,0.04183
48113006502,0.019472
48113006701,0.001678
48113006702,0.022946
48113006800,0.01945
48113006900,0.014327
48113007101,0.039434
48113007102,0.022561
48113007203,0.021678
48113007204,0.183287
48113007205,0.024696
48113007206,0.072281
48113007301,0.056665
48113007302,0.065849
48113007601,0.060459
48113007604,0.031862
48113007605,0.037236
48113007701,0.038189
48113007702,0.066234
48113007801,0.028252
48113007805,0.00372
48113007809,0.085664
48113007810,0.008587
48113007812,0.063897
48113007815,0.02013
48113007819,0.110756
48113007821,0.029117
48113007822,0.052892
48113007823,0.043729
48113007824,0.009321
48113007825,0.017106
48113007826,0.019368
48113007827,0.073191
48113007828,0.117054
48113007829,0.017009
48113007830,0.111973
48113007831,0.081468
48113007832,0.230296
48113007833,0.011088
48113007834,0.084831
48113007835,0.062516
48113007902,0.05485
48113007903,0.069539
48113007906,0.034407
48113007909,0.061625
48113007910,0.076689
48113007912,0.080866
48113007913,0.058915
48113007914,0.045029
48113007915,0.150401
48113007916,0.066339
48113008000,0.041786
48113008101,0.269022
48113008102,0.220351
48113008200,0.188528
48113008401,0.050308
48113008402,0.038546
48113008500,0.028414
48113008604,0.078707
48113008701,0.053701
48113008703,0.003932
48113008704,0.066302
48113008705,0.089496
48113008801,0.003767
48113008802,0.034075
48113009001,0.058066
48113009002,0.032664
48113009101,0.076673
48113009103,0.00207
48113009104,0.079372
48113009105,0.185896
48113009202,0.007039
48113009203,0.105676
48113009204,0.006182
48113009301,0.009719
48113009303,0.047487
48113009304,0.021887
48113009401,0.033058
48113009402,0.020155
48113009500,0.004138
48113009603,0.020249
48113009604,0.066247
48113009605,0.041665
48113009607,0.010393
48113009608,0.015455
48113009609,0.067727
48113009610,0.10924
48113009611,0.027628
48113009701,0.019556
48113009702,0.001986
48113009802,0.012188
48113009803,0.05244
48113009804,0.020011
48113009900,0.082497
48113010001,0.049963
48113010002,0.161764
48113010003,0.023834
48113010101,0.077555
48113010102,0.009394
48113010500,0.008553
48113010601,0.005401
48113010602,0.100274
48113010701,0.009081
48113010704,0.013534
48113010804,0.003061
48113010805,0.017729
48113010806,0.015361
48113010807,0.003653
48113010808,0.011301
48113010809,0.025463
48113010903,0.011931
48113010904,0.014179
48113010905,0.047084
48113010906,0.004083
48113011002,0.010158
48113011003,0.002091
48113011004,0.095864
48113011101,0.025994
48113011103,0.003216
48113011104,0.001327
48113011105,0.024855
48113011201,0.041527
48113011202,0.00801
48113011300,0.040511
48113011401,0.00877
48113011500,0.065485
48113011601,0.17795
48113011603,0.044198
48113011604,0.019564
48113011701,0.002706
48113011702,0.010883
48113011801,0.010436
48113011802,0.003587
48113011901,0.002311
48113011902,0.054336
48113012000,0.127364
48113012101,0.026001
48113012102,0.01314
48113012206,0.003682
48113012207,0.005477
48113012208,0.100891
48113012209,0.088853
48113012210,0.020952
48113012211,0.041717
48113012212,0.030047
48113012213,0.016072
48113012301,0.093742
48113012302,0.063394
48113012400,0.054372
48113012501,0.155711
48113012502,0.154689
48113012601,0.202297
48113012603,0.106271
48113012604,0.075998
48113012701,0.07918
48113012702,0.168723
48113012801,0.278449
48113012802,0.09135
48113012900,0.084369
48113013005,0.067711
48113013007,0.052197
48113013008,0.038145
48113013009,0.059863
48113013010,0.047916
48113013011,0.024234
48113013012,0.038055
48113013013,0.056432
48113013101,0.010202
48113013102,0.003586
48113013104,0.049567
48113013106,0.009251
48113013107,0.075957
48113013201,0.029327
48113013202,0.035701
48113013300,0.014322
48113013400,0.074484
48113013500,0.002191
48113013605,0.006721
48113013606,0.013297
48113013607,0.051762
48113013608,0.013304
48113013609,0.019633
48113013610,0.004307
48113013611,0.069674
48113013615,0.12665
48113013617,0.079503
48113013618,0.036677
48113013619,0.004752
48113013620,0.063489
48113013621,0.268039
48113013622,0.139308
48113013624,0.041534
48113013625,0.097696
48113013626,0.071311
48113013627,0.278758
48113013628,0.026804
48113013629,0.054596
48113013630,0.393357
48113013631,0.131014
48113013715,0.018521
48113013716,0.006678
48113013717,0.013263
48113013718,0.006803
48113013719,0.058696
48113013720,0.061895
48113013721,0.014861
48113013722,0.050152
48113013725,0.25738
48113013726,0.094441
48113013727,0.006738
48113013728,0.005494
48113013729,0.01146
48113013804,0.005165
48113013805,0.053414
48113013806,0.013428
48113013807,0.079041
48113013808,0.033479
48113013901,0.005332
48113013902,0.004736
48113014001,0.039607
48113014002,0.018248
48113014119,0.010891
48113014120,0.037323
48113014121,0.006917
48113014123,0.037547
48113014124,0.017565
48113014126,0.00514
48113014128,0.008786
48113014130,0.019225
48113014132,0.002294
48113014134,0.089241
48113014135,0.002317
48113014138,0.004126
48113014139,0.007939
48113014140,0.00875
48113014141,0.027192
48113014142,0.004296
48113014143,0.049935
48113014144,0.026841
48113014145,0.03164
48113014146,0.023187
48113014147,0.020209
48113014148,0.006118
48113014149,0.0047
48113014150,0.100372
48113014151,0.013987
48113014152,0.149706
48113014153,0.02799
48113014154,0.046975
48113014155,0.016463
48113014156,0.006317
48113014157,0.011111
48113014158,0.003844
48113014159,0.0229
48113014160,0.019319
48113014161,0.019816
48113014203,0.009702
48113014204,0.004571
48113014205,0.052869
48113014207,0.037041
48113014208,0.077509
48113014209,0.038552
48113014306,0.006599
48113014308,0.004368
48113014309,0.13657
48113014310,0.027178
48113014313,0.059842
48113014314,0.003856
48113014315,0.017892
48113014316,0.134988
48113014317,0.018301
48113014318,0.030704
48113014319,0.059935
48113014320,0.053314
48113014405,0.019553
48113014406,0.037486
48113014407,0.013045
48113014408,0.02888
48113014409,0.02594
48113014410,0.010104
48113014501,0.025758
48113014502,0.063645
48113014601,0.004584
48113014602,0.016532
48113014603,0.00493
48113014701,0.019028
48113014704,0.048534
48113014903,0.059286
48113015001,0.007112
48113015002,0.028791
48113015101,0.00694
48113015102,0.004914
48113015202,0.124677
48113015205,0.040704
48113015206,0.00694
48113015207,0.174052
48113015208,0.001934
48113015303,0.024172
48113015304,0.050205
48113015305,0.014452
48113015306,0.005364
48113015403,0.053921
48113015404,0.088563
48113015405,0.027324
48113015406,0.051941
48113015500,0.03602
48113015600,0.027725
48113015700,0.055231
48113015900,0.0611
48113016001,0.099126
48113016002,0.004056
48113016100,0.047602
48113016201,0.006105
48113016203,0.104157
48113016204,0.003433
48113016301,0.1704
48113016302,0.032622
48113016406,0.017049
48113016407,0.018457
48113016409,0.012553
48113016410,0.011385
48113016412,0.018105
48113016414,0.016543
48113016415,0.00249
48113016416,0.004464
48113016417,0.002879
48113016418,0.136401
48113016419,0.024141
48113016420,0.003213
48113016421,0.2019
48113016511,0.032063
48113016513,0.004903
48113016516,0.001643
48113016517,0.012849
48113016518,0.029515
48113016519,0.007983
48113016521,0.103438
48113016522,0.087053
48113016524,0.008908
48113016525,0.005753
48113016526,0.011198
48113016527,0.010697
48113016528,0.038832
48113016529,0.002352
48113016530,0.020448
48113016531,0.038001
48113016532,0.039315
48113016533,0.052606
48113016534,0.02145
48113016535,0.079659
48113016536,0.007882
48113016607,0.027003
48113016610,0.003681
48113016615,0.04639
48113016616,0.020655
48113016617,0.00713
48113016618,0.027478
48113016619,0.043949
48113016620,0.019623
48113016621,0.007446
48113016622,0.004036
48113016623,0.016215
48113016624,0.041137
48113016626,0.005343
48113016627,0.002747
48113016628,0.029012
48113016629,0.048593
48113016630,0.003368
48113016631,0.054417
48113016632,0.093004
48113016633,0.04945
48113016634,0.048911
48113016635,0.06142
48113016636,0.0112
48113016637,0.018124
48113016638,0.008232
48113016704,0.152931
48113016706,0.0286
48113016707,0.031297
48113016708,0.003742
48113016709,0.031013
48113016710,0.017204
48113016711,0.077863
48113016802,0.049817
48113016803,0.004206
48113016805,0.004829
48113016806,0.061104
48113016902,0.022433
48113016903,0.006638
48113017005,0.062754
48113017006,0.005493
48113017007,0.023117
48113017008,0.048016
48113017009,0.045247
48113017010,0.001494
48113017101,0.032407
48113017102,0.066867
48113017201,0.007374
48113017203,0.072151
48113017204,0.038677
48113017307,0.050278
48113017308,0.002088
48113017309,0.008459
48113017310,0.015665
48113017311,0.012772
48113017312,0.004342
48113017313,0.031293
48113017314,0.001968
48113017315,0.008624
48113017400,0.002961
48113017500,0.132283
48113017602,0.006889
48113017604,0.09072
48113017605,0.003617
48113017606,0.023129
48113017703,0.012047
48113017704,0.019687
48113017705,0.044623
48113017706,0.01262
48113017805,0.020898
48113017806,0.008667
48113017808,0.081597
48113017811,0.073337
48113017812,0.085164
48113017814,0.077261
48113017815,0.003951
48113017816,0.05801
48113017817,0.061284
48113017818,0.006566
48113017819,0.047858
48113017820,0.045913
48113017900,0.068286
48113018001,0.06996
48113018002,0.111353
48113018105,0.009794
48113018110,0.009463
48113018111,0.120802
48113018120,0.003864
48113018121,0.044171
48113018126,0.097704
48113018127,0.107778
48113018128,0.110762
48113018129,0.050695
48113018130,0.055464
48113018132,0.061039
48113018133,0.163698
48113018134,0.03131
48113018135,0.00326
48113018137,0.010536
48113018138,0.002126
48113018140,0.092821
48113018141,0.031019
48113018142,0.032132
48113018143,0.054743
48113018144,0.022513
48113018145,0.059596
48113018146,0.006506
48113018147,0.002126
48113018148,0.030897
48113018149,0.021455
48113018150,0.022075
48113018151,0.015921
48113018152,0.03228
48113018153,0.002268
48113018154,0.024902
48113018155,0.004325
48113018156,0.077699
48113018157,0.023338
48113018158,0.167073
48113018159,0.003011
48113018203,0.024316
48113018204,0.008433
48113018205,0.002818
48113018206,0.003413
48113018300,0.010854
48113018401,0.038978
48113018402,0.044596
48113018403,0.125064
48113018501,0.06662
48113018505,0.07757
48113018506,0.021862
48113018507,0.010288
48113018508,0.022672
48113018600,0.004297
48113018700,0.192029
48113018801,0.009187
48113018802,0.030384
48113018900,0.019488
48113019013,0.009218
48113019016,0.154939
48113019018,0.001687
48113019019,0.027857
48113019020,0.051923
48113019023,0.003318
48113019024,0.004201
48113019025,0.313582
48113019026,0.008935
48113019027,0.031568
48113019028,0.002601
48113019029,0.065917
48113019031,0.013479
48113019032,0.023779
48113019033,0.056574
48113019034,0.034463
48113019035,0.022055
48113019036,0.194395
48113019037,0.054764
48113019039,0.010477
48113019040,0.002713
48113019041,0.012045
48113019042,0.016497
48113019044,0.008105
48113019045,0.075516
48113019046,0.009739
48113019047,0.071377
48113019048,0.005749
48113019049,0.028193
48113019050,0.043448
48113019051,0.039953
48113019052,0.015897
48113019053,0.129013
48113019101,0.102419
48113019102,0.030948
48113019202,0.01022
48113019203,0.027244
48113019205,0.018148
48113019208,0.012443
48113019210,0.014544
48113019211,0.011136
48113019212,0.008609
48113019213,0.111026
48113019214,0.004322
48113019215,0.006874
48113019216,0.047322
48113019301,0.020542
48113019302,0.03848
48113019400,0.004405
48113019501,0.203181
48113019502,0.022451
48113019600,0.06045
48113019700,0.013251
48113019800,0.036903
48113019900,0.038175
48113020000,0.043458
48113020100,0.065848
48113020200,0.090696
48113020300,0.017455
48113020401,0.039211
48113020402,0.013303
48113020500,0.002725
48113020600,0.045549
48113020700,0.009029
48113020800,0.01401
48113020900,0.022973
48113021000,0.004063
48113021100,0.10255
48113021200,0.040205
48113980000,0.143832
48113980100,0.148847
48113980200,0.001221
48115950401,0.160105
48115950402,0.158219
48115950500,0.220316
48115950600,0.088233
48119950100,0.037562
48119950200,0.120228
48121020109,0.033315
48121020110,0.010936
48121020111,0.046392
48121020112,0.085094
48121020115,0.002465
48121020116,0.038661
48121020117,0.065292
48121020118,0.125898
48121020119,0.008464
48121020120,0.039804
48121020121,0.046864
48121020122,0.032507
48121020123,0.044444
48121020124,0.002161
48121020125,0.103759
48121020126,0.055769
48121020127,0.004592
48121020128,0.070499
48121020129,0.016578
48121020130,0.044639
48121020131,0.02682
48121020132,0.130071
48121020133,0.00239
48121020134,0.01801
48121020135,0.152323
48121020136,0.180227
48121020137,0.120128
48121020203,0.005266
48121020204,0.079102
48121020205,0.038103
48121020206,0.184706
48121020207,0.054734
48121020208,0.0261
48121020305,0.01141
48121020310,0.007661
48121020311,0.026916
48121020312,0.005124
48121020313,0.026871
48121020314,0.040564
48121020315,0.030502
48121020316,0.065714
48121020317,0.025536
48121020318,0.033988
48121020319,0.082862
48121020320,0.007562
48121020321,0.002008
48121020322,0.01215
48121020402,0.172639
48121020403,0.019446
48121020404,0.097892
48121020405,0.034103
48121020504,0.007552
48121020505,0.081439
48121020506,0.104368
48121020507,0.059413
48121020508,0.198376
48121020601,0.082932
48121020603,0.090751
48121020604,0.083204
48121020605,0.065499
48121020700,0.006157
48121020800,0.044919
48121020900,0.007537
48121021000,0.002332
48121021100,0.039645
48121021202,0.034875
48121021203,0.251903
48121021204,0.008732
48121021301,0.232765
48121021304,0.006199
48121021305,0.061324
48121021306,0.050237
48121021307,0.008629
48121021410,0.041502
48121021411,0.138884
48121021412,0.093837
48121021413,0.150982
48121021414,0.108883
48121021415,0.068391
48121021416,0.003302
48121021417,0.03335
48121021418,0.001929
48121021419,0.010037
48121021420,0.020036
48121021421,0.018257
48121021422,0.005975
48121021423,0.011355
48121021502,0.060472
48121021505,0.006953
48121021512,0.021238
48121021513,0.113783
48121021514,0.008833
48121021516,0.057433
48121021517,0.226099
48121021518,0.04328
48121021520,0.038525
48121021521,0.116388
48121021522,0.012284
48121021526,0.003864
48121021528,0.011349
48121021529,0.002913
48121021530,0.004482
48121021531,0.079674
48121021532,0.00841
48121021533,0.001956
48121021534,0.003174
48121021535,0.040733
48121021536,0.057358
48121021537,0.035669
48121021538,0.00303
48121021539,0.010925
48121021540,0.003324
48121021611,0.015649
48121021612,0.021892
48121021613,0.005376
48121021614,0.048865
48121021615,0.022397
48121021616,0.040319
48121021618,0.033385
48121021619,0.010788
48121021620,0.023769
48121021621,0.023132
48121021622,0.007844
48121021626,0.014364
48121021630,0.002447
48121021631,0.048877
48121021632,0.011456
48121021633,0.008902
48121021634,0.038439
48121021635,0.006606
48121021637,0.023876
48121021638,0.006503
48121021639,0.046922
48121021640,0.004082
48121021641,0.086268
48121021642,0.04702
48121021643,0.009828
48121021644,0.033078
48121021645,0.09227
48121021646,0.015704
48121021647,0.024107
48121021648,0.001652
48121021649,0.029596
48121021650,0.031846
48121021651,0.037118
48121021652,0.014749
48121021653,0.014635
48121021654,0.063436
48121021655,0.018013
48121021715,0.013997
48121021716,0.030759
48121021717,0.004395
48121021719,0.062596
48121021720,0.027496
48121021721,0.002295
48121021722,0.018414
48121021723,0.013826
48121021724,0.003633
48121021725,0.041305
48121021726,0.00784
48121021727,0.006279
48121021728,0.065945
48121021729,0.021036
48121021730,0.006022
48121021731,0.005819
48121021732,0.281398
48121021733,0.150235
48121021734,0.141409
48121021735,0.013631
48121021736,0.012531
48121021737,0.061876
48121021738,0.053591
48121021739,0.116889
48121021740,0.013351
48121021741,0.000977
48121021742,0.039076
48121021743,0.111654
48121021744,0.017721
48121021745,0.009823
48121021746,0.059187
48121021748,0.081953
48121021749,0.00186
48121021750,0.04098
48121021751,0.011054
48121021752,0.022083
48121021754,0.00758
48121021755,0.018802
48121021756,0.068056
48121021757,0.034142
48121021758,0.00917
48121021759,0.033122
48121021800,0.015045
48121021900,0.020743
48123970100,0.065208
48123970201,0.242155
48123970202,0.10332
48123970300,0.077663
48123970400,0.074784
48123970500,0.039101
48125950300,0.074432
48127950201,0.142392
48127950202,0.101053
48127950400,0.136314
48131950100,0.032427
48131950200,0.043436
48131950500,0.014835
48133950100,0.043841
48133950201,0.022557
48133950202,0.028172
48133950301,0.134298
48133950302,0.072386
48133950400,0.01459
48133950500,0.012129
48137950300,0.113069
48139060103,0.087891
48139060104,0.002802
48139060105,0.014337
48139060106,0.026072
48139060206,0.089378
48139060207,0.052374
48139060209,0.007549
48139060211,0.004629
48139060212,0.011128
48139060215,0.014022
48139060216,0.110768
48139060217,0.008403
48139060218,0.002875
48139060219,0.023309
48139060220,0.006162
48139060221,0.004503
48139060300,0.001899
48139060400,0.110841
48139060500,0.030362
48139060601,0.090169
48139060602,0.009108
48139060702,0.035155
48139060704,0.079745
48139060801,0.039552
48139060802,0.030717
48139060803,0.046325
48139060900,0.009372
48139061000,0.10691
48139061100,0.022885
48139061200,0.094432
48139061300,0.060148
48139061401,0.076189
48139061402,0.033688
48139061500,0.089748
48139061600,0.046614
48139061700,0.0311
48143950100,0.081062
48143950201,0.093726
48143950203,0.026304
48143950204,0.020788
48143950301,0.083719
48143950302,0.093526
48143950401,0.207809
48143950402,0.06184
48143950501,0.135117
48143950502,0.173359
48143950600,0.153957
48143950700,0.114141
48145000200,0.137144
48145000300,0.186188
48145000400,0.217188
48145000500,0.022591
48145000700,0.013766
48145000800,0.03955
48147950100,0.03282
48147950300,0.081884
48147950401,0.26272
48147950402,0.123648
48147950500,0.177503
48147950600,0.271366
48147950701,0.032687
48147950702,0.092763
48147950800,0.043229
48149970100,0.022017
48149970200,0.12965
48149970301,0.153729
48149970302,0.068756
48149970400,0.065335
48149970500,0.016372
48149970601,0.033808
48149970602,0.073555
48149970700,0.061676
48151950300,0.030686
48151950400,0.167469
48155950100,0.010937
48157670101,0.004342
48157670102,0.028625
48157670201,0.015635
48157670202,0.003366
48157670300,0.098739
48157670400,0.006006
48157670500,0.06041
48157670602,0.00802
48157670603,0.059917
48157670604,0.057349
48157670700,0.136068
48157670801,0.113918
48157670802,0.063528
48157670803,0.007857
48157670804,0.235539
48157670902,0.203414
48157670903,0.126671
48157670904,0.003438
48157671001,0.00898
48157671002,0.009457
48157671101,0.030416
48157671102,0.013155
48157671200,0.051701
48157671300,0.045683
48157671401,0.023334
48157671402,0.017099
48157671501,0.045769
48157671502,0.06362
48157671601,0.052663
48157671602,0.016034
48157671700,0.013355
48157671800,0.010654
48157671900,0.001518
48157672002,0.084863
48157672003,0.002507
48157672004,0.002317
48157672100,0.105291
48157672201,0.08479
48157672202,0.016196
48157672303,0.031861
48157672304,0.002577
48157672305,0.085358
48157672306,0.01335
48157672401,0.053964
48157672402,0.007617
48157672500,0.022014
48157672602,0.003658
48157672603,0.003545
48157672604,0.033109
48157672701,0.007992
48157672702,0.005318
48157672703,0.003917
48157672801,0.062579
48157672802,0.074578
48157672901,0.041427
48157672902,0.00273
48157672903,0.036583
48157672904,0.059082
48157672905,0.011319
48157672906,0.054836
48157672907,0.00249
48157673004,0.006466
48157673005,0.009205
48157673006,0.021381
48157673007,0.019426
48157673008,0.004352
48157673009,0.043526
48157673010,0.004296
48157673103,0.039627
48157673104,0.010067
48157673105,0.108341
48157673106,0.018961
48157673107,0.063715
48157673108,0.015345
48157673109,0.013721
48157673110,0.021556
48157673111,0.008671
48157673112,0.006139
48157673113,0.005843
48157673201,0.00332
48157673202,0.04027
48157673300,0.015663
48157673401,0.01349
48157673402,0.005585
48157673403,0.00714
48157673404,0.031331
48157673501,0.039673
48157673502,0.056706
48157673600,0.042028
48157673700,0.097011
48157673801,0.259533
48157673802,0.090916
48157673902,0.017213
48157673903,0.011821
48157673904,0.220844
48157674001,0.037429
48157674002,0.005958
48157674100,0.006605
48157674200,0.007583
48157674301,0.004473
48157674302,0.005988
48157674401,0.002236
48157674402,0.020885
48157674403,0.01298
48157674404,0.043291
48157674503,0.005842
48157674504,0.002075
48157674505,0.154813
48157674506,0.003784
48157674507,0.024396
48157674508,0.105795
48157674601,0.043205
48157674602,0.092345
48157674603,0.069457
48157674604,0.033404
48157674701,0.169012
48157674702,0.024868
48157674800,0.012679
48157674900,0.238173
48157675000,0.172384
48157675101,0.003306
48157675102,0.129411
48157675200,0.193576
48157675300,0.201582
48157675401,0.168624
48157675402,0.182801
48157675501,0.097693
48157675502,0.006983
48157675503,0.004517
48157675600,0.004147
48157675701,0.015232
48157675702,0.002852
48157675800,0.061013
48159950101,0.063992
48159950102,0.058179
48159950200,0.108557
48159950300,0.102138
48161000101,0.028457
48161000102,0.232242
48161000200,0.18003
48161000300,0.149131
48161000400,0.038065
48161000600,0.02135
48161000700,0.075592
48161000900,0.195801
48163950101,0.023547
48163950102,0.031807
48163950201,0.124434
48163950202,0.049683
48163950301,0.149885
48163950302,0.092613
48167720100,0.016542
48167720200,0.056942
48167720301,0.029421
48167720302,0.045622
48167720400,0.028174
48167720501,0.003028
48167720504,0.003052
48167720505,0.039913
48167720506,0.013798
48167720507,0.008242
48167720508,0.016845
48167720509,0.127021
48167720510,0.053498
48167720511,0.02918
48167720512,0.050227
48167720601,0.018553
48167720602,0.009601
48167720603,0.004648
48167720604,0.012512
48167720605,0.051432
48167720701,0.071697
48167720702,0.074316
48167720703,0.023355
48167720800,0.035018
48167720900,0.083622
48167721101,0.041344
48167721203,0.136624
48167721204,0.005083
48167721205,0.010754
48167721206,0.16899
48167721209,0.162493
48167721301,0.003909
48167721302,0.032896
48167721401,0.003364
48167721403,0.004372
48167721501,0.123249
48167721502,0.051056
48167721901,0.005201
48167723300,0.017662
48167723401,0.145136
48167723402,0.025715
48167723403,0.015096
48167723503,0.26016
48167723504,0.286917
48167723505,0.028601
48169950101,0.057582
48169950102,0.018398
48169980000,0.280723
48171950100,0.097417
48171950200,0.014404
48171950301,0.311456
48171950302,0.153419
48171950401,0.130459
48171950402,0.29165
48171950500,0.206485
48173950100,0.057853
48175960100,0.115449
48175960200,0.023078
48177000100,0.147328
48177000200,0.073749
48177000300,0.208663
48177000400,0.196913
48177000500,0.129889
48177000600,0.016935
48181000101,0.062849
48181000102,0.070324
48181000302,0.079511
48181000304,0.027396
48181000600,0.083842
48181000700,0.229193
48181000800,0.006466
48181000901,0.17549
48181000903,0.029186
48181000904,0.046278
48181001101,0.01809
48181001103,0.134245
48181001104,0.035602
48181001200,0.00498
48181001300,0.201151
48181001400,0.147331
48181001500,0.136602
48181001700,0.042037
48181001801,0.036186
48181001802,0.007914
48181001803,0.105187
48181001901,0.087272
48181001902,0.013782
48181002000,0.036796
48183010100,0.016368
48183010201,0.149946
48183010202,0.049752
48183010401,0.102496
48183010402,0.059573
48183010700,0.083587
48185180101,0.028507
48185180102,0.101107
48185180201,0.094903
48185180202,0.032926
48185180302,0.072593
48185180303,0.007312
48185180304,0.087384
48185180400,0.037557
48187210100,0.157978
48187210200,0.087564
48187210300,0.244583
48187210400,0.126487
48187210505,0.048512
48187210506,0.1536
48187210508,0.113276
48187210509,0.265177
48187210510,0.20098
48187210511,0.209781
48187210512,0.217526
48187210513,0.044184
48187210603,0.002407
48187210606,0.01532
48187210608,0.134738
48187210609,0.01179
48187210610,0.076349
48187210611,0.062733
48187210612,0.061686
48187210613,0.009398
48187210614,0.026855
48187210705,0.005666
48187210706,0.005527
48187210707,0.009137
48187210709,0.023671
48187210710,0.056907
48187210711,0.01682
48187210712,0.033162
48187210713,0.001139
48187210715,0.035551
48187210716,0.001934
48187210717,0.005884
48187210718,0.016964
48187210803,0.06245
48187210804,0.019756
48187210805,0.068155
48187210806,0.181428
48187210902,0.018226
48187210903,0.045244
48187210904,0.265519
48187210905,0.016691
48193950100,0.037554
48193950200,0.079717
48193950300,0.079141
48201100001,0.082859
48201210400,0.006273
48201210500,0.004502
48201210600,0.008156
48201210700,0.005311
48201210800,0.015081
48201210900,0.035118
48201211000,0.037174
48201211101,0.070858
48201211102,0.005537
48201211200,0.003171
48201211301,0.009101
48201211302,0.027445
48201211400,0.004422
48201211501,0.083051
48201211502,0.037899
48201211600,0.083093
48201211700,0.036084
48201211900,0.006024
48201212300,0.011207
48201212400,0.014549
48201212500,0.017695
48201220100,0.014406
48201220200,0.005535
48201220300,0.047431
48201220400,0.024121
48201220500,0.024075
48201220600,0.010001
48201220701,0.045425
48201220702,0.037992
48201220800,0.022119
48201220900,0.101466
48201221000,0.008715
48201221100,0.00902
48201221200,0.01105
48201221301,0.061413
48201221302,0.004879
48201221400,0.025128
48201221501,0.00766
48201221502,0.023853
48201221601,0.009467
48201221602,0.004642
48201221701,0.036717
48201221702,0.044639
48201221800,0.054781
48201221900,0.066113
48201222000,0.010069
48201222100,0.005334
48201222200,0.014718
48201222300,0.009877
48201222401,0.105984
48201222402,0.017029
48201222501,0.011854
48201222502,0.18322
48201222504,0.052947
48201222505,0.003034
48201222601,0.048299
48201222602,0.00535
48201222701,0.010675
48201222702,0.053167
48201222800,0.051043
48201222900,0.008968
48201223001,0.007865
48201223002,0.022643
48201223100,0.027944
48201230100,0.00462
48201230200,0.004705
48201230300,0.015403
48201230400,0.004546
48201230500,0.019536
48201230600,0.054243
48201230700,0.004692
48201230800,0.026481
48201230900,0.008006
48201231000,0.010758
48201231100,0.097472
48201231200,0.007394
48201231300,0.00222
48201231400,0.003784
48201231500,0.061299
48201231600,0.004436
48201231700,0.061611
48201231800,0.005498
48201231900,0.021586
48201232000,0.00742
48201232100,0.025881
48201232201,0.009287
48201232202,0.02907
48201232203,0.119933
48201232303,0.004491
48201232304,0.089154
48201232305,0.051047
48201232306,0.06056
48201232402,0.064705
48201232403,0.056954
48201232404,0.042417
48201232405,0.054348
48201232500,0.128977
48201232600,0.032939
48201232701,0.076692
48201232703,0.052692
48201232704,0.036251
48201232801,0.061336
48201232802,0.012219
48201232901,0.038866
48201232902,0.040493
48201233001,0.040473
48201233002,0.028251
48201233003,0.02175
48201233101,0.015801
48201233103,0.073511
48201233104,0.051654
48201233105,0.044938
48201233200,0.019031
48201233300,0.051532
48201233400,0.013267
48201233501,0.017481
48201233502,0.077426
48201233600,0.030609
48201233701,0.086774
48201233702,0.005012
48201233703,0.056585
48201240101,0.011979
48201240102,0.056973
48201240400,0.011997
48201240503,0.019381
48201240504,0.003061
48201240505,0.038178
48201240506,0.002864
48201240600,0.020435
48201240703,0.041651
48201240704,0.032356
48201240705,0.023947
48201240706,0.024674
48201240707,0.072817
48201240802,0.006361
48201240803,0.02211
48201240804,0.02041
48201240903,0.028641
48201240904,0.009128
48201240905,0.012885
48201240906,0.006639
48201241001,0.120326
48201241002,0.002393
48201241101,0.025217
48201241103,0.005859
48201241104,0.028727
48201241105,0.103847
48201241201,0.018188
48201241202,0.253717
48201241301,0.006256
48201241302,0.011675
48201241400,0.026347
48201241501,0.034456
48201241502,0.018363
48201241503,0.041403
48201250101,0.027485
48201250102,0.087586
48201250201,0.021536
48201250202,0.025221
48201250303,0.105708
48201250304,0.073149
48201250305,0.006612
48201250306,0.051533
48201250403,0.045429
48201250404,0.00523
48201250405,0.042194
48201250406,0.074407
48201250407,0.118945
48201250408,0.003355
48201250500,0.018465
48201250601,0.052657
48201250602,0.048088
48201250701,0.00894
48201250702,0.00961
48201250801,0.015518
48201250802,0.048069
48201250901,0.019316
48201250902,0.002821
48201251000,0.096454
48201251100,0.013544
48201251200,0.008276
48201251300,0.041024
48201251401,0.017034
48201251402,0.003597
48201251501,0.00548
48201251503,0.003825
48201251504,0.002006
48201251505,0.027844
48201251600,0.051565
48201251701,0.000488
48201251702,0.127262
48201251800,0.386719
48201251902,0.035196
48201251903,0.047869
48201251904,0.005975
48201252001,0.038693
48201252002,0.036807
48201252003,0.096419
48201252100,0.038291
48201252201,0.133852
48201252202,0.137821
48201252303,0.066231
48201252304,0.023821
48201252305,0.007266
48201252306,0.004502
48201252400,0.045306
48201252500,0.136177
48201252601,0.023283
48201252602,0.134383
48201252700,0.121673
48201252800,0.030353
48201252901,0.024948
48201252902,0.020768
48201253000,0.064009
48201253202,0.018254
48201253300,0.008142
48201253502,0.029654
48201310101,0.011853
48201310102,0.011962
48201310200,0.011228
48201310300,0.00234
48201310400,0.008444
48201310500,0.010884
48201310600,0.007474
48201310700,0.041428
48201310800,0.014429
48201310900,0.004259
48201311001,0.155901
48201311002,0.121969
48201311100,0.013192
48201311200,0.044221
48201311300,0.003613
48201311400,0.004484
48201311501,0.01087
48201311502,0.003095
48201311600,0.02615
48201311701,0.026992
48201311702,0.089981
48201311800,0.042575
48201311900,0.022344
48201312000,0.109109
48201312200,0.034354
48201312300,0.020006
48201312400,0.012907
48201312501,0.060031
48201312502,0.037877
48201312601,0.099539
48201312602,0.034631
48201312603,0.014455
48201312700,0.015217
48201312800,0.00393
48201312901,0.023785
48201312902,0.006484
48201313000,0.012875
48201313101,0.028013
48201313102,0.078162
48201313201,0.062045
48201313202,0.008725
48201313300,0.003661
48201313400,0.006227
48201313500,0.009843
48201313600,0.005997
48201313700,0.048999
48201313801,0.107856
48201313802,0.011978
48201313901,0.043102
48201313902,0.03467
48201314001,0.058859
48201314003,0.115484
48201314004,0.01416
48201314005,0.016087
48201314301,0.144097
48201314302,0.034245
48201314401,0.228834
48201314402,0.231102
48201320100,0.007534
48201320201,0.034996
48201320202,0.01424
48201320500,0.02545
48201320601,0.011084
48201320602,0.013254
48201320700,0.048244
48201320800,0.167911
48201320901,0.055911
48201320902,0.003598
48201321001,0.018095
48201321002,0.069287
48201321101,0.026189
48201321102,0.027341
48201321200,0.033311
48201321301,0.026782
48201321302,0.115202
48201321401,0.076188
48201321402,0.143011
48201321500,0.077241
48201321600,0.029676
48201321700,0.006723
48201321800,0.046303
48201321900,0.008804
48201322000,0.072995
48201322100,0.011449
48201322200,0.007411
48201322600,0.092739
48201322701,0.025934
48201322702,0.079738
48201322800,0.024013
48201322900,0.022236
48201323000,0.052785
48201323100,0.015012
48201323200,0.029637
48201323300,0.011536
48201323400,0.042317
48201323500,0.042271
48201323601,0.020157
48201323602,0.069656
48201323701,0.029485
48201323702,0.114546
48201323801,0.006639
48201323802,0.006342
48201323900,0.044248
48201324000,0.040663
48201324101,0.077378
48201324102,0.254685
48201324200,0.088407
48201330101,0.013514
48201330102,0.015839
48201330200,0.006481
48201330301,0.086421
48201330302,0.081228
48201330303,0.024921
48201330400,0.02934
48201330500,0.017824
48201330600,0.012485
48201330700,0.064216
48201330801,0.063954
48201330802,0.096309
48201330901,0.007366
48201330902,0.005636
48201331100,0.011831
48201331200,0.036494
48201331300,0.029397
48201331400,0.059956
48201331501,0.085733
48201331502,0.002398
48201331602,0.00217
48201331603,0.074418
48201331604,0.004219
48201331700,0.066079
48201331800,0.031891
48201331900,0.06167
48201332000,0.005191
48201332100,0.06496
48201332200,0.009616
48201332300,0.031977
48201332400,0.006476
48201332500,0.01189
48201332600,0.040237
48201332700,0.037651
48201332800,0.057735
48201332900,0.015776
48201333000,0.028642
48201333100,0.008929
48201333201,0.026681
48201333203,0.006091
48201333204,0.021797
48201333205,0.108598
48201333301,0.057217
48201333302,0.034712
48201333501,0.089099
48201333502,0.177222
48201333600,0.105161
48201333700,0.044862
48201333801,0.106574
48201333802,0.012421
48201333903,0.020795
48201333904,0.00971
48201333905,0.057265
48201333906,0.017928
48201334001,0.016123
48201334002,0.079814
48201334003,0.04848
48201334101,0.048026
48201334102,0.054345
48201340101,0.07003
48201340102,0.030837
48201340201,0.178624
48201340202,0.029755
48201340203,0.015195
48201340301,0.014724
48201340302,0.044924
48201340400,0.014824
48201340501,0.018517
48201340502,0.051851
48201340600,0.063472
48201340701,0.01901
48201340702,0.014146
48201340800,0.009066
48201340900,0.037465
48201341001,0.089499
48201341002,0.07651
48201341101,0.016698
48201341102,0.018887
48201341201,0.003881
48201341203,0.128868
48201341204,0.043188
48201341302,0.13972
48201341303,0.061903
48201341304,0.067582
48201341400,0.027377
48201341501,0.003706
48201341502,0.071067
48201342001,0.008611
48201342002,0.036614
48201342100,0.014082
48201342200,0.054883
48201342300,0.011043
48201342400,0.090779
48201342500,0.082413
48201342700,0.02374
48201342801,0.053181
48201342802,0.11293
48201342900,0.071924
48201343000,0.110491
48201343100,0.01583
48201343200,0.019938
48201343301,0.057596
48201343302,0.06995
48201343601,0.247969
48201343700,0.103596
48201350101,0.05323
48201350102,0.007415
48201350103,0.052588
48201350104,0.048635
48201350201,0.03058
48201350202,0.090401
48201350300,0.077393
48201350400,0.005383
48201350500,0.009477
48201350601,0.016098
48201350603,0.074941
48201350604,0.009252
48201350700,0.002675
48201350801,0.020795
48201350803,0.010831
48201350804,0.003012
48201410101,0.012383
48201410102,0.065336
48201410201,0.052129
48201410202,0.043379
48201410300,0.068004
48201410401,0.092808
48201410402,0.088099
48201410501,0.091352
48201410502,0.100899
48201410601,0.037704
48201410602,0.07526
48201410703,0.011299
48201410704,0.114714
48201410705,0.03117
48201410706,0.00425
48201410801,0.033266
48201410802,0.009504
48201410900,0.219391
48201411001,0.09295
48201411002,0.065445
48201411003,0.021954
48201411100,0.035069
48201411200,0.113544
48201411301,0.08177
48201411302,0.155523
48201411400,0.010422
48201411503,0.021115
48201411504,0.061459
48201411505,0.011374
48201411506,0.109271
48201411507,0.095917
48201411600,0.019894
48201411700,0.015318
48201411801,0.024802
48201411802,0.019822
48201411901,0.054252
48201411902,0.031626
48201412000,0.032628
48201412201,0.047766
48201412202,0.010014
48201412300,0.116284
48201412400,0.007771
48201412500,0.120748
48201412600,0.040729
48201412700,0.005117
48201412800,0.057006
48201412901,0.109846
48201412902,0.028231
48201413000,0.00508
48201413100,0.075454
48201413203,0.015119
48201413204,0.125963
48201413205,0.063045
48201413206,0.040908
48201413301,0.009395
48201413302,0.004529
48201420100,0.040537
48201420200,0.004692
48201420300,0.010167
48201420400,0.066184
48201420500,0.043772
48201420600,0.114689
48201420700,0.003728
48201420800,0.004033
48201420900,0.004248
48201421000,0.087541
48201421101,0.004403
48201421103,0.005805
48201421104,0.016537
48201421203,0.022786
48201421204,0.049072
48201421205,0.007568
48201421206,0.003554
48201421301,0.000916
48201421302,0.008302
48201421401,0.082049
48201421402,0.006452
48201421403,0.041029
48201421501,0.010206
48201421502,0.023915
48201421601,0.011045
48201421602,0.086722
48201421700,0.004435
48201421801,0.039261
48201421802,0.037342
48201421900,0.054176
48201422000,0.004462
48201422100,0.105272
48201422200,0.018376
48201422302,0.016217
48201422303,0.01826
48201422304,0.02463
48201422403,0.006756
48201422404,0.01228
48201422405,0.077084
48201422406,0.004312
48201422501,0.015492
48201422502,0.004828
48201422601,0.008996
48201422602,0.003198
48201422701,0.028326
48201422702,0.073258
48201422800,0.005183
48201422900,0.002083
48201423001,0.014291
48201423002,0.160637
48201423100,0.04442
48201423201,0.04172
48201423203,0.003589
48201423204,0.033041
48201423301,0.01589
48201423303,0.005468
48201423304,0.007483
48201423401,0.02157
48201423402,0.002915
48201423500,0.039444
48201423600,0.03252
48201430101,0.014064
48201430102,0.010906
48201430200,0.015611
48201430300,0.010466
48201430400,0.003729
48201430500,0.110346
48201430600,0.002567
48201430700,0.101312
48201430800,0.033943
48201430900,0.056923
48201431001,0.007778
48201431002,0.066213
48201431101,0.050042
48201431102,0.082431
48201431203,0.020856
48201431204,0.023926
48201431205,0.039841
48201431206,0.023286
48201431302,0.011115
48201431303,0.009277
48201431304,0.048665
48201431401,0.014693
48201431403,0.121092
48201431404,0.006827
48201431503,0.066732
48201431504,0.033787
48201431505,0.098915
48201431506,0.008323
48201431600,0.018264
48201431701,0.025444
48201431702,0.079343
48201431801,0.016567
48201431803,0.004888
48201431804,0.075986
48201431901,0.020894
48201431902,0.041242
48201432003,0.01637
48201432004,0.007788
48201432005,0.166133
48201432006,0.003011
48201432101,0.083496
48201432102,0.090332
48201432200,0.009837
48201432301,0.051257
48201432302,0.059305
48201432303,0.072712
48201432401,0.008356
48201432402,0.010727
48201432501,0.004772
48201432502,0.010348
48201432600,0.015682
48201432703,0.014753
48201432704,0.006147
48201432705,0.006832
48201432706,0.05332
48201432803,0.006711
48201432804,0.013966
48201432805,0.036982
48201432806,0.037751
48201432901,0.052641
48201432903,0.041243
48201432904,0.044888
48201433003,0.034838
48201433004,0.023659
48201433005,0.026517
48201433006,0.040204
48201433007,0.002731
48201433100,0.074842
48201433201,0.021657
48201433202,0.006969
48201433300,0.009177
48201433400,0.005783
48201433503,0.061273
48201433504,0.00946
48201433505,0.039008
48201433506,0.125023
48201433507,0.100282
48201433601,0.019428
48201433602,0.007942
48201440101,0.002068
48201440102,0.030403
48201450100,0.033514
48201450200,0.017006
48201450301,0.002714
48201450302,0.018323
48201450401,0.049222
48201450402,0.030637
48201450500,0.028028
48201450600,0.064957
48201450700,0.061506
48201450801,0.027046
48201450803,0.039757
48201450804,0.093043
48201450900,0.085658
48201451003,0.021644
48201451004,0.043565
48201451005,0.011759
48201451006,0.042996
48201451100,0.021183
48201451200,0.024442
48201451301,0.006472
48201451302,0.045791
48201451401,0.011739
48201451404,0.032467
48201451405,0.051464
48201451406,0.061685
48201451407,0.013136
48201451501,0.065064
48201451502,0.168258
48201451603,0.002389
48201451604,0.079163
48201451605,0.013219
48201451606,0.064952
48201451700,0.085829
48201451800,0.010484
48201451902,0.005694
48201451903,0.07508
48201451904,0.053743
48201452001,0.008199
48201452002,0.033987
48201452101,0.017192
48201452102,0.032183
48201452103,0.024572
48201452202,0.037235
48201452203,0.04784
48201452204,0.066316
48201452300,0.0494
48201452401,0.028655
48201452402,0.007014
48201452501,0.005857
48201452502,0.068723
48201452601,0.016501
48201452602,0.003783
48201452701,0.003655
48201452702,0.00182
48201452703,0.033478
48201452801,0.056378
48201452802,0.042885
48201452900,0.116388
48201453001,0.048732
48201453002,0.016151
48201453100,0.01478
48201453201,0.01217
48201453202,0.015512
48201453300,0.036598
48201453401,0.064401
48201453403,0.004299
48201453404,0.025496
48201453405,0.004096
48201453501,0.034147
48201453502,0.00267
48201453601,0.041082
48201453603,0.084437
48201453604,0.005457
48201453701,0.007253
48201453702,0.019154
48201453800,0.089665
48201453901,0.006063
48201453902,0.030197
48201454000,0.004791
48201454100,0.005357
48201454200,0.03132
48201454302,0.005313
48201454303,0.026042
48201454304,0.0171
48201454305,0.007724
48201454400,0.145705
48201454502,0.010156
48201454503,0.029582
48201454504,0.006774
48201454505,0.056042
48201454600,0.005725
48201454700,0.154621
48201454801,0.083484
48201454802,0.029164
48201454901,0.047457
48201454902,0.054119
48201455000,0.018585
48201455102,0.014209
48201455103,0.239778
48201455104,0.033361
48201455200,0.064829
48201455300,0.047325
48201510100,0.052817
48201510201,0.053977
48201510202,0.008294
48201510301,0.055712
48201510302,0.014351
48201510400,0.014283
48201510500,0.011964
48201510601,0.050296
48201510602,0.023763
48201510701,0.010054
48201510702,0.01959
48201510801,0.144935
48201510802,0.013777
48201510803,0.100014
48201510901,0.013814
48201510902,0.05287
48201511001,0.060465
48201511003,0.012249
48201511004,0.007284
48201511100,0.019698
48201511201,0.038395
48201511202,0.007646
48201511301,0.078426
48201511302,0.115962
48201511400,0.106745
48201511501,0.023715
48201511502,0.031698
48201511600,0.012766
48201520100,0.013382
48201520200,0.046467
48201520301,0.003752
48201520302,0.006999
48201520400,0.028182
48201520501,0.008329
48201520502,0.031457
48201520601,0.006421
48201520603,0.017641
48201520604,0.006468
48201520700,0.01532
48201521000,0.079951
48201521100,0.006057
48201521201,0.049302
48201521202,0.078328
48201521300,0.022288
48201521401,0.066063
48201521402,0.016067
48201521501,0.025575
48201521502,0.073524
48201521600,0.267818
48201521701,0.041867
48201521702,0.077743
48201521800,0.00712
48201521900,0.007754
48201522001,0.122559
48201522002,0.004584
48201522101,0.003711
48201522102,0.004117
48201522201,0.005883
48201522202,0.008882
48201522301,0.062054
48201522302,0.015249
48201522401,0.033779
48201522402,0.024738
48201522500,0.008055
48201530101,0.039798
48201530102,0.015251
48201530200,0.010554
48201530300,0.006488
48201530400,0.034069
48201530501,0.067233
48201530502,0.002621
48201530600,0.014505
48201530701,0.112885
48201530702,0.0236
48201530800,0.008033
48201530900,0.019158
48201531000,0.029937
48201531100,0.007619
48201531200,0.001058
48201531300,0.003844
48201531400,0.008725
48201531500,0.02251
48201531600,0.057563
48201531700,0.105678
48201531800,0.146322
48201531900,0.014785
48201532003,0.003528
48201532004,0.0136
48201532101,0.012148
48201532102,0.066616
48201532200,0.018531
48201532301,0.035787
48201532302,0.038387
48201532400,0.015255
48201532502,0.014307
48201532503,0.043863
48201532504,0.032337
48201532600,0.016269
48201532700,0.043089
48201532800,0.012569
48201532900,0.0552
48201533000,0.002761
48201533100,0.002203
48201533200,0.001939
48201533301,0.023462
48201533302,0.054307
48201533401,0.019533
48201533402,0.007151
48201533500,0.023053
48201533600,0.026471
48201533701,0.012279
48201533702,0.011919
48201533802,0.005079
48201533803,0.346131
48201533804,0.041374
48201533902,0.035544
48201533903,0.003319
48201533904,0.103146
48201534001,0.075254
48201534002,0.071264
48201534003,0.059746
48201534101,0.011465
48201534102,0.020164
48201534201,0.049268
48201534203,0.014388
48201534204,0.040459
48201534205,0.047342
48201540101,0.017402
48201540102,0.017607
48201540200,0.06425
48201540502,0.024459
48201540503,0.163898
48201540504,0.11414
48201540601,0.033325
48201540602,0.047263
48201540700,0.096015
48201540800,0.009506
48201540901,0.007903
48201540903,0.047992
48201540904,0.106387
48201541004,0.024484
48201541005,0.013036
48201541006,0.011952
48201541007,0.011624
48201541008,0.123613
48201541009,0.046054
48201541100,0.019613
48201541203,0.017552
48201541204,0.074275
48201541205,0.030025
48201541206,0.006279
48201541207,0.064906
48201541301,0.013482
48201541302,0.009149
48201541401,0.098898
48201541402,0.040322
48201541403,0.022948
48201541404,0.012719
48201541500,0.060109
48201541603,0.007806
48201541604,0.02348
48201541701,0.065082
48201541702,0.006758
48201541703,0.161624
48201541801,0.117395
48201541802,0.054598
48201541901,0.003955
48201541902,0.023126
48201542001,0.060044
48201542002,0.008396
48201542003,0.072126
48201542004,0.006959
48201542103,0.015811
48201542104,0.022184
48201542105,0.015082
48201542106,0.002773
48201542107,0.094394
48201542108,0.087652
48201542201,0.010135
48201542202,0.052398
48201542203,0.024389
48201542302,0.016952
48201542303,0.010361
48201542304,0.008408
48201542305,0.023588
48201542401,0.102057
48201542402,0.01743
48201542500,0.024315
48201542600,0.006388
48201542700,0.00868
48201542800,0.003903
48201542901,0.061518
48201542902,0.006834
48201543004,0.005407
48201543005,0.00503
48201543006,0.003582
48201543007,0.026487
48201543008,0.063621
48201543009,0.046984
48201543010,0.070334
48201543011,0.003559
48201543100,0.093865
48201543201,0.009381
48201543202,0.033231
48201550101,0.01199
48201550102,0.028455
48201550201,0.014059
48201550202,0.006378
48201550303,0.005898
48201550304,0.059914
48201550305,0.018319
48201550306,0.034831
48201550307,0.006297
48201550308,0.003196
48201550403,0.088988
48201550404,0.447262
48201550405,0.01299
48201550406,0.085032
48201550407,0.039993
48201550500,0.003158
48201550601,0.00277
48201550602,0.033198
48201550603,0.123508
48201550700,0.097247
48201550800,0.01855
48201550901,0.016238
48201550902,0.002838
48201551000,0.423255
48201551101,0.059217
48201551102,0.054588
48201551201,0.038657
48201551202,0.162567
48201551300,0.007742
48201551400,0.187699
48201551501,0.003921
48201551502,0.036536
48201551601,0.085106
48201551602,0.030787
48201551702,0.03204
48201551703,0.05663
48201551704,0.010145
48201551705,0.072042
48201551800,0.01611
48201551901,0.00694
48201551902,0.057653
48201552002,0.013012
48201552003,0.024729
48201552004,0.085318
48201552101,0.037164
48201552102,0.023836
48201552103,0.035377
48201552200,0.0053
48201552301,0.007317
48201552303,0.060281
48201552304,0.033041
48201552401,0.028823
48201552402,0.072725
48201552501,0.06227
48201552502,0.057041
48201552602,0.060753
48201552603,0.07278
48201552604,0.062351
48201552701,0.036952
48201552702,0.019707
48201552801,0.176917
48201552802,0.12506
48201552901,0.026983
48201552902,0.006101
48201553001,0.01187
48201553002,0.003836
48201553101,0.043678
48201553102,0.002455
48201553201,0.009443
48201553202,0.058355
48201553300,0.052602
48201553401,0.01528
48201553403,0.011167
48201553404,0.007865
48201553405,0.021793
48201553500,0.180401
48201553601,0.035825
48201553602,0.004287
48201553700,0.024194
48201553801,0.002135
48201553803,0.018378
48201553804,0.013755
48201553901,0.02857
48201554001,0.023247
48201554002,0.010423
48201554103,0.01788
48201554104,0.107613
48201554201,0.065984
48201554202,0.023824
48201554301,0.005773
48201554302,0.11737
48201554404,0.122402
48201554405,0.111111
48201554406,0.003276
48201554407,0.02169
48201554408,0.143177
48201554409,0.135013
48201554410,0.067403
48201554501,0.011522
48201554502,0.006052
48201554600,0.030416
48201554701,0.04279
48201554702,0.007719
48201554803,0.010769
48201554804,0.006282
48201554805,0.010009
48201554806,0.054387
48201554807,0.102002
48201554808,0.116889
48201554809,0.027042
48201554902,0.043924
48201554904,0.072794
48201554905,0.006384
48201554906,0.009983
48201554907,0.022489
48201554908,0.025894
48201555001,0.012955
48201555002,0.004895
48201555101,0.107695
48201555102,0.021847
48201555200,0.009869
48201555301,0.022236
48201555303,0.035617
48201555304,0.015468
48201555305,0.004357
48201555401,0.04267
48201555403,0.060168
48201555404,0.032318
48201555501,0.075723
48201555503,0.033661
48201555504,0.005934
48201555505,0.019056
48201555600,0.09039
48201555701,0.055413
48201555703,0.02201
48201555704,0.005157
48201556000,0.045524
48201556100,0.109572
48201980000,0.300556
48201980100,0.255878
48201980200,0.092956
48201980300,0.149461
48201980400,0.1509
48201980700,0.07184
48207950300,0.066576
48207950400,0.040914
48209010100,0.111227
48209010200,0.124766
48209010302,0.13846
48209010305,0.122961
48209010306,0.10568
48209010307,0.11127
48209010308,0.200486
48209010309,0.102606
48209010401,0.03732
48209010402,0.008272
48209010500,0.085602
48209010601,0.009499
48209010602,0.170751
48209010603,0.081115
48209010702,0.056146
48209010703,0.210831
48209010704,0.247796
48209010806,0.073078
48209010807,0.059008
48209010809,0.254411
48209010810,0.081551
48209010811,0.038954
48209010812,0.242052
48209010813,0.005339
48209010814,0.049509
48209010815,0.305785
48209010816,0.278131
48209010817,0.274078
48209010818,0.039493
48209010905,0.036857
48209010909,0.025121
48209010911,0.01359
48209010912,0.044163
48209010913,0.016294
48209010914,0.036536
48209010915,0.005714
48209010916,0.012438
48209010917,0.098987
48209010918,0.016279
48209010919,0.009747
48209010920,0.112691
48209010921,0.020731
48209010922,0.039834
48209010923,0.009511
48209010924,0.014442
48209010925,0.018571
48213950101,0.031675
48213950102,0.003548
48213950201,0.006997
48213950202,0.089776
48213950301,0.163316
48213950302,0.243973
48213950303,0.131467
48213950400,0.281952
48213950500,0.080547
48213950601,0.201864
48213950603,0.195744
48213950604,0.320828
48213950700,0.149505
48213950801,0.258196
48213950802,0.207681
48213950902,0.070581
48213950903,0.262153
48213950904,0.10893
48213950905,0.202642
48213951000,0.124463
48213951101,0.030917
48213951102,0.08135
48213951201,0.187666
48213951202,0.221612
48213951300,0.154191
48213951401,0.022111
48213951402,0.06481
48213951403,0.078939
48215020103,0.058306
48215020104,0.050699
48215020105,0.102933
48215020106,0.096631
48215020107,0.320617
48215020108,0.003447
48215020205,0.223326
48215020206,0.068631
48215020207,0.008994
48215020208,0.119935
48215020209,0.165359
48215020210,0.141418
48215020211,0.344249
48215020303,0.002375
48215020304,0.228668
48215020305,0.062963
48215020306,0.215979
48215020307,0.261813
48215020403,0.147376
48215020405,0.010684
48215020406,0.004544
48215020407,0.052134
48215020408,0.087676
48215020409,0.037128
48215020505,0.287432
48215020506,0.038724
48215020507,0.094778
48215020508,0.352083
48215020509,0.026842
48215020510,0.132545
48215020511,0.018108
48215020512,0.038324
48215020513,0.179801
48215020600,0.081895
48215020724,0.103404
48215020725,0.038057
48215020727,0.008219
48215020728,0.084814
48215020729,0.142495
48215020730,0.223894
48215020731,0.030565
48215020732,0.063175
48215020733,0.007803
48215020734,0.014949
48215020735,0.003579
48215020736,0.009992
48215020804,0.041985
48215020805,0.151594
48215020806,0.19008
48215020807,0.027458
48215020808,0.067185
48215020905,0.02133
48215020906,0.093505
48215020907,0.03732
48215020908,0.10757
48215020909,0.139668
48215020910,0.026625
48215021001,0.051258
48215021002,0.130213
48215021003,0.181218
48215021100,0.057951
48215021201,0.036975
48215021203,0.133691
48215021204,0.027179
48215021306,0.054282
48215021307,0.029358
48215021308,0.131909
48215021309,0.281919
48215021310,0.275934
48215021311,0.026959
48215021312,0.196432
48215021313,0.0347
48215021314,0.101156
48215021315,0.20616
48215021401,0.154011
48215021405,0.113744
48215021406,0.004354
48215021407,0.086868
48215021408,0.131792
48215021409,0.197007
48215021500,0.121547
48215021600,0.036589
48215021703,0.012175
48215021704,0.046743
48215021705,0.037957
48215021706,0.014372
48215021707,0.01378
48215021803,0.032215
48215021804,0.052122
48215021807,0.110142
48215021808,0.234406
48215021809,0.042466
48215021810,0.039265
48215021903,0.1034
48215021904,0.031238
48215021905,0.079012
48215021906,0.057855
48215022005,0.101472
48215022006,0.006434
48215022007,0.004114
48215022008,0.040253
48215022009,0.016452
48215022010,0.092871
48215022011,0.033913
48215022105,0.319778
48215022107,0.144374
48215022108,0.065546
48215022109,0.026329
48215022110,0.002524
48215022111,0.017252
48215022112,0.031087
48215022113,0.042466
48215022203,0.176545
48215022204,0.037778
48215022205,0.025073
48215022206,0.082213
48215022301,0.340137
48215022302,0.139974
48215022401,0.022293
48215022402,0.004765
48215022502,0.008541
48215022503,0.064371
48215022504,0.005499
48215022600,0.025883
48215022703,0.177758
48215022704,0.087606
48215022705,0.020508
48215022706,0.032106
48215022801,0.080866
48215022802,0.100141
48215022900,0.091244
48215023000,0.014801
48215023103,0.10831
48215023104,0.008304
48215023105,0.052316
48215023106,0.019857
48215023516,0.08076
48215023517,0.010688
48215023518,0.043834
48215023519,0.001299
48215023520,0.060831
48215023521,0.005705
48215023522,0.026679
48215023523,0.046061
48215023524,0.003714
48215023525,0.02653
48215023526,0.094603
48215023527,0.002344
48215023528,0.083283
48215023529,0.004693
48215023530,0.00492
48215023531,0.028842
48215023532,0.013818
48215023533,0.006939
48215023534,0.010223
48215023535,0.013649
48215023536,0.10571
48215023601,0.032692
48215023602,0.010571
48215023700,0.205789
48215023803,0.015804
48215023804,0.160928
48215023805,0.002859
48215023806,0.093274
48215023903,0.303787
48215023905,0.03105
48215023906,0.01005
48215023907,0.127166
48215023908,0.034158
48215024001,0.154531
48215024002,0.047599
48215024003,0.227011
48215024004,0.032878
48215024107,0.129931
48215024108,0.005786
48215024109,0.053903
48215024115,0.02535
48215024116,0.023099
48215024117,0.179717
48215024118,0.145787
48215024119,0.293419
48215024120,0.030449
48215024121,0.03929
48215024122,0.005585
48215024123,0.006607
48215024124,0.024492
48215024125,0.243236
48215024126,0.094652
48215024127,0.006998
48215024128,0.031103
48215024129,0.123415
48215024130,0.034095
48215024131,0.005859
48215024132,0.015244
48215024204,0.262671
48215024206,0.080726
48215024207,0.03896
48215024208,0.031235
48215024209,0.173953
48215024210,0.327388
48215024211,0.086606
48215024212,0.004778
48215024301,0.009608
48215024302,0.004214
48215024403,0.026144
48215024404,0.026693
48215024405,0.133201
48215024406,0.055547
48215024501,0.013357
48215024502,0.081875
48215024600,0.038983
48215980000,0.165974
48217960100,0.028015
48217960200,0.055981
48217960400,0.097331
48217960501,0.009832
48217960502,0.00635
48217960600,0.080845
48217960700,0.059028
48217960800,0.078511
48217960900,0.122005
48217961000,0.092908
48217961100,0.111802
48217961400,0.013326
48221160100,0.081111
48221160204,0.063056
48221160206,0.165915
48221160210,0.061208
48221160211,0.201055
48221160212,0.170596
48221160213,0.105607
48221160214,0.062628
48221160215,0.250097
48221160216,0.056492
48221160217,0.223041
48221160218,0.269825
48221160302,0.036368
48221160303,0.044908
48223950100,0.047138
48223950200,0.051699
48223950301,0.03005
48223950302,0.119376
48223950401,0.052097
48223950402,0.084879
48223950500,0.137194
48223950600,0.022742
48223950700,0.005613
48223950800,0.022962
48225950101,0.15693
48225950102,0.066388
48225950200,0.202285
48225950300,0.199181
48225950400,0.238858
48225950500,0.075428
48225950600,0.16546
48225950700,0.062324
48227950100,0.069776
48227950200,0.012949
48227950300,0.022191
48227950400,0.087383
48227950500,0.161462
48227950600,0.009468
48227950700,0.012071
48227950801,0.089792
48227950802,0.100244
48227950900,0.033274
48231960100,0.029611
48231960200,0.013008
48231960300,0.003745
48231960400,0.126819
48231960500,0.072748
48231960600,0.124485
48231960700,0.011027
48231960800,0.191898
48231960900,0.240654
48231961000,0.120741
48231961101,0.093894
48231961102,0.096611
48231961200,0.050976
48231961300,0.047154
48231961401,0.04677
48231961402,0.043103
48231961501,0.114598
48231961502,0.165946
48231961503,0.139121
48231961600,0.15594
48231961700,0.013233
48235950100,0.142298
48237950100,0.132239
48237950300,0.22807
48237950500,0.117459
48239950100,0.011308
48239950200,0.033388
48239950300,0.019028
48247950200,0.093838
48247950400,0.01418
48249950101,0.051642
48249950102,0.012294
48249950201,0.046387
48249950202,0.09851
48249950301,0.019028
48249950302,0.096646
48249950303,0.146525
48249950400,0.009185
48249950500,0.027237
48249950600,0.102469
48249950700,0.019143
48251130100,0.064696
48251130205,0.052309
48251130210,0.004005
48251130211,0.021337
48251130212,0.084416
48251130213,0.091481
48251130214,0.150501
48251130215,0.043742
48251130216,0.008732
48251130217,0.062502
48251130218,0.159847
48251130219,0.004333
48251130220,0.007263
48251130221,0.024015
48251130222,0.019064
48251130302,0.073761
48251130303,0.172056
48251130304,0.086225
48251130405,0.022806
48251130406,0.065036
48251130411,0.046527
48251130412,0.063355
48251130413,0.199529
48251130414,0.073396
48251130415,0.137837
48251130416,0.005996
48251130417,0.068025
48251130418,0.010149
48251130419,0.042246
48251130501,0.021921
48251130502,0.009646
48251130602,0.052891
48251130603,0.196379
48251130604,0.111656
48251130700,0.013971
48251130800,0.059767
48251130900,0.022187
48251131000,0.052734
48251131100,0.240022
48253020101,0.203831
48253020102,0.039478
48253020200,0.137992
48253020300,0.026525
48253020400,0.010615
48253020500,0.012602
48255970100,0.114685
48255970200,0.019419
48255970301,0.158358
48255970302,0.170354
48255970400,0.037001
48257050204,0.004352
48257050207,0.005235
48257050208,0.020023
48257050209,0.004615
48257050210,0.013901
48257050211,0.004826
48257050212,0.007811
48257050213,0.003821
48257050214,0.001693
48257050215,0.003998
48257050300,0.212302
48257050401,0.148228
48257050402,0.056171
48257050500,0.114861
48257050601,0.058382
48257050602,0.053552
48257050701,0.016694
48257050703,0.063584
48257050704,0.110378
48257050801,0.029637
48257050802,0.024466
48257051000,0.225484
48257051100,0.072848
48257051201,0.032972
48257051202,0.040517
48257051301,0.105695
48257051302,0.019327
48259970101,0.116146
48259970102,0.008389
48259970301,0.032751
48259970302,0.233066
48259970403,0.178717
48259970404,0.031618
48259970405,0.02109
48259970406,0.049605
48259970500,0.103117
48261950100,0.038321
48263950100,0.076983
48265960101,0.056983
48265960102,0.098281
48265960200,0.015882
48265960301,0.072166
48265960303,0.277921
48265960304,0.032322
48265960401,0.278834
48265960403,0.261542
48265960404,0.250614
48265960500,0.060323
48265960601,0.203318
48265960602,0.245262
48265960700,0.219217
48265960800,0.046469
48267950100,0.047773
48267950200,0.186584
48269950100,0.08591
48271950100,0.007108
48273020101,0.017818
48273020102,0.016226
48273020200,0.03834
48273020301,0.049316
48273020302,0.182184
48273020401,0.068206
48273020402,0.248985
48273020501,0.011617
48273020502,0.076912
48275950100,0.046213
48275950200,0.0166
48277000101,0.089501
48277000102,0.070975
48277000200,0.006983
48277000301,0.041829
48277000302,0.038955
48277000401,0.148139
48277000402,0.262554
48277000500,0.16226
48277000600,0.226959
48277000700,0.077052
48277000800,0.08861
48277000900,0.136859
48277001000,0.074388
48281950100,0.033265
48281950302,0.114979
48281950303,0.172632
48281950304,0.083405
48281950400,0.187899
48281950500,0.135977
48283950301,0.09554
48283950302,0.113243
48285000100,0.032634
48285000200,0.086124
48285000300,0.0115
48285000400,0.138845
48285000500,0.081966
48285000600,0.18788
48287000100,0.008106
48287000200,0.020378
48287000300,0.022705
48287000400,0.057757
48289950101,0.096854
48289950102,0.036235
48289950201,0.028474
48289950202,0.017822
48289950301,0.090079
48289950302,0.158897
48291700100,0.019907
48291700200,0.167605
48291700301,0.028005
48291700302,0.007347
48291700303,0.095554
48291700400,0.084126
48291700500,0.047257
48291700900,0.034722
48291701000,0.093795
48293970100,0.11784
48293970200,0.015331
48293970300,0.217861
48293970400,0.052978
48293970500,0.19826
48293970600,0.056489
48293970700,0.014904
48293970800,0.028509
48297950100,0.099452
48297950200,0.05387
48297950300,0.064295
48297950400,0.08904
48299970100,0.178646
48299970200,0.087722
48299970300,0.125002
48299970401,0.24815
48299970402,0.046505
48299970501,0.016627
48299970502,0.092298
48299970600,0.078653
48303000100,0.001978
48303000201,0.008097
48303000202,0.069024
48303000301,0.002922
48303000303,0.022266
48303000304,0.065935
48303000402,0.084726
48303000403,0.017395
48303000406,0.03202
48303000407,0.117064
48303000408,0.014207
48303000409,0.01652
48303000410,0.035238
48303000411,0.008003
48303000501,0.014017
48303000502,0.094898
48303000503,0.116367
48303000603,0.041623
48303000605,0.03458
48303000607,0.095105
48303000700,0.044383
48303000901,0.024333
48303000902,0.0441
48303001000,0.016837
48303001200,0.001704
48303001300,0.046642
48303001401,0.08706
48303001402,0.166621
48303001501,0.14578
48303001502,0.091268
48303001601,0.033287
48303001602,0.041673
48303001708,0.050552
48303001709,0.002322
48303001710,0.062998
48303001711,0.007168
48303001712,0.01905
48303001713,0.00791
48303001714,0.006531
48303001715,0.032126
48303001716,0.002691
48303001717,0.028334
48303001804,0.093388
48303001805,0.079887
48303001806,0.014
48303001807,0.075841
48303001808,0.017474
48303001904,0.008269
48303001905,0.074944
48303001906,0.014751
48303001907,0.028686
48303001908,0.013883
48303002001,0.005952
48303002002,0.012786
48303002102,0.02379
48303002103,0.010878
48303002104,0.003109
48303002203,0.039041
48303002205,0.020182
48303002206,0.004472
48303002207,0.321769
48303002208,0.019019
48303002301,0.0083
48303002302,0.182826
48303002401,0.046188
48303002402,0.002883
48303002500,0.035853
48303010101,0.084805
48303010102,0.098584
48303010201,0.063213
48303010202,0.040404
48303010203,0.060466
48303010204,0.029707
48303010301,0.028339
48303010302,0.136964
48303010402,0.126921
48303010404,0.019556
48303010409,0.01781
48303010410,0.04028
48303010411,0.034224
48303010412,0.162605
48303010413,0.113259
48303010414,0.014291
48303010415,0.058603
48303010416,0.043392
48303010417,0.012763
48303010418,0.028892
48303010419,0.012618
48303010420,0.032152
48303010421,0.043904
48303010422,0.03125
48303010423,0.02338
48303010502,0.048711
48303010504,0.017209
48303010505,0.025699
48303010506,0.029997
48303010509,0.036399
48303010510,0.041401
48303010511,0.008761
48303010512,0.015545
48303010513,0.077005
48303010514,0.004244
48303010601,0.065442
48303010602,0.278006
48303010700,0.075057
48303980000,0.09317
48305950400,0.058442
48305950500,0.065461
48305950600,0.037862
48307950300,0.124718
48307950400,0.103416
48307950500,0.157197
48309000100,0.03099
48309000200,0.07719
48309000300,0.035487
48309000401,0.06146
48309000402,0.069819
48309000598,0.065225
48309000700,0.014675
48309000800,0.055302
48309000900,0.172933
48309001000,0.005074
48309001100,0.073532
48309001200,0.077393
48309001300,0.044032
48309001401,0.020345
48309001402,0.014116
48309001500,0.005311
48309001600,0.032926
48309001700,0.102128
48309001800,0.126586
48309001900,0.023012
48309002000,0.028616
48309002100,0.084723
48309002302,0.088357
48309002498,0.069776
48309002501,0.068526
48309002503,0.052052
48309002504,0.032082
48309002600,0.040058
48309002700,0.003525
48309002800,0.005726
48309002900,0.011961
48309003000,0.004547
48309003200,0.116085
48309003300,0.040887
48309003401,0.084732
48309003402,0.105098
48309003500,0.057466
48309003601,0.002672
48309003602,0.131515
48309003701,0.220441
48309003703,0.105107
48309003708,0.003567
48309003709,0.029943
48309003710,0.019135
48309003711,0.002025
48309003712,0.046192
48309003801,0.024147
48309003802,0.0123
48309003901,0.180422
48309003902,0.110767
48309004000,0.01119
48309004102,0.004664
48309004104,0.016195
48309004105,0.054932
48309004201,0.023416
48309004202,0.086597
48309004300,0.027933
48309980000,0.059646
48311950100,0.022316
48313000100,0.049947
48313000200,0.135644
48313000300,0.122434
48313000400,0.100984
48317950100,0.056051
48317950200,0.071088
48319950100,0.06785
48319950200,0.051344
48321730100,0.23952
48321730202,0.019905
48321730203,0.124397
48321730204,0.300515
48321730301,0.252507
48321730302,0.310785
48321730303,0.030898
48321730400,0.09504
48321730502,0.018946
48321730503,0.138387
48321730600,0.028513
48321730700,0.01468
48323950204,0.021144
48323950206,0.014887
48323950207,0.009242
48323950208,0.253702
48323950209,0.040125
48323950301,0.111067
48323950302,0.122472
48323950400,0.209915
48323950500,0.068079
48323950601,0.066512
48323950602,0.004173
48323950701,0.019387
48323950702,0.048956
48325000101,0.04487
48325000103,0.070463
48325000104,0.166387
48325000200,0.014954
48325000301,0.11692
48325000302,0.050645
48325000401,0.130658
48325000402,0.01885
48325000500,0.051699
48325000801,0.099149
48325000802,0.176619
48327950300,0.076745
48329010123,0.044338
48329010124,0.057077
48329010128,0.040673
48329010129,0.007887
48331950100,0.009346
48331950300,0.129028
48331950401,0.076451
48331950402,0.09616
48331950500,0.067934
48331950700,0.090727
48331950800,0.042589
48333950100,0.007538
48333950200,0.108957
48335950200,0.068283
48335950400,0.057951
48337950100,0.02444
48337950200,0.107329
48337950401,0.128418
48337950402,0.036404
48337950501,0.10145
48337950502,0.126154
48337950600,0.006798
48339690101,0.012918
48339690102,0.108012
48339690203,0.0625
48339690204,0.008473
48339690205,0.008738
48339690206,0.007065
48339690207,0.270357
48339690300,0.054387
48339690403,0.029367
48339690404,0.180878
48339690405,0.098184
48339690406,0.007296
48339690407,0.003563
48339690408,0.067858
48339690501,0.006627
48339690502,0.007324
48339690503,0.010525
48339690603,0.002691
48339690604,0.053639
48339690605,0.111414
48339690606,0.003683
48339690607,0.013566
48339690608,0.044196
48339690609,0.006581
48339690610,0.054798
48339690701,0.010516
48339690702,0.027887
48339690800,0.028697
48339690900,0.016881
48339691000,0.010268
48339691100,0.003966
48339691201,0.134407
48339691202,0.007059
48339691301,0.104994
48339691302,0.006091
48339691401,0.013336
48339691402,0.085502
48339691403,0.067655
48339691500,0.008422
48339691601,0.007797
48339691602,0.015266
48339691700,0.029201
48339691801,0.007275
48339691802,0.007686
48339691900,0.122952
48339692003,0.071615
48339692004,0.035582
48339692005,0.004956
48339692006,0.028497
48339692007,0.021646
48339692008,0.069255
48339692009,0.004407
48339692010,0.055269
48339692101,0.030893
48339692102,0.124934
48339692103,0.030734
48339692201,0.006324
48339692202,0.004987
48339692301,0.15268
48339692302,0.050212
48339692303,0.013764
48339692304,0.004568
48339692401,0.014089
48339692402,0.030907
48339692501,0.038255
48339692502,0.009038
48339692601,0.051053
48339692603,0.011414
48339692604,0.024153
48339692605,0.04675
48339692701,0.020031
48339692702,0.067836
48339692802,0.021022
48339692803,0.050025
48339692804,0.00651
48339692900,0.014519
48339693001,0.124191
48339693002,0.059947
48339693102,0.117724
48339693103,0.178045
48339693104,0.056086
48339693201,0.037474
48339693202,0.020355
48339693301,0.130056
48339693302,0.006664
48339693303,0.067061
48339693304,0.074879
48339693401,0.084986
48339693402,0.028092
48339693501,0.064267
48339693502,0.273023
48339693503,0.055376
48339693600,0.043072
48339693701,0.047085
48339693702,0.026186
48339693703,0.066278
48339693800,0.06141
48339693901,0.149264
48339693902,0.224447
48339693903,0.294145
48339693904,0.024984
48339694001,0.011529
48339694002,0.101758
48339694103,0.038636
48339694104,0.021224
48339694105,0.077993
48339694106,0.070441
48339694107,0.097187
48339694203,0.042318
48339694204,0.008939
48339694205,0.235356
48339694206,0.063434
48339694207,0.028809
48339694208,0.021815
48339694209,0.005077
48339694210,0.031676
48339694303,0.002936
48339694304,0.006469
48339694305,0.019437
48339694306,0.135489
48339694307,0.093014
48339694308,0.055222
48339694309,0.034082
48339694401,0.006315
48339694402,0.025151
48339694403,0.074477
48339694501,0.027681
48339694502,0.017404
48339694503,0.022146
48339694601,0.009424
48339694602,0.011819
48339694603,0.101384
48339694700,0.089018
48347950200,0.065776
48349970100,0.090019
48349970200,0.029509
48349970301,0.031891
48349970302,0.12737
48349970400,0.00877
48349970500,0.04314
48349970600,0.073274
48349970701,0.054684
48349970800,0.110232
48349970901,0.05394
48349970902,0.189673
48349971000,0.064287
48353950100,0.057832
48353950200,0.157486
48353950300,0.115261
48353950400,0.056051
48353950500,0.017859
48355000500,0.184108
48355000601,0.243672
48355000602,0.041462
48355000700,0.024217
48355000800,0.01287
48355000900,0.00899
48355001000,0.04218
48355001100,0.124572
48355001201,0.020034
48355001202,0.007261
48355001300,0.010261
48355001400,0.011847
48355001500,0.013985
48355001601,0.004891
48355001602,0.023374
48355001702,0.151524
48355001703,0.005443
48355001704,0.024531
48355001801,0.023345
48355001802,0.047209
48355001903,0.028384
48355001904,0.008116
48355001905,0.141076
48355001906,0.232861
48355002001,0.066223
48355002002,0.033014
48355002101,0.008387
48355002102,0.010991
48355002200,0.077115
48355002301,0.03937
48355002303,0.017259
48355002304,0.019862
48355002400,0.02183
48355002500,0.022738
48355002601,0.061509
48355002602,0.027752
48355002603,0.020041
48355002703,0.053574
48355002705,0.020835
48355002706,0.183736
48355002707,0.034619
48355002708,0.110035
48355002900,0.312193
48355003002,0.022781
48355003003,0.138607
48355003004,0.014371
48355003101,0.002215
48355003102,0.007595
48355003202,0.033074
48355003204,0.08782
48355003205,0.04866
48355003206,0.04299
48355003303,0.074582
48355003304,0.101375
48355003305,0.0105
48355003306,0.036751
48355003401,0.009577
48355003402,0.027165
48355003500,0.037403
48355003601,0.008696
48355003602,0.008622
48355003603,0.054731
48355003700,0.00558
48355005103,0.105189
48355005104,0.129779
48355005404,0.002738
48355005406,0.014583
48355005407,0.066944
48355005408,0.029901
48355005409,0.014802
48355005410,0.006731
48355005411,0.066537
48355005412,0.004032
48355005413,0.043846
48355005414,0.040478
48355005415,0.009693
48355005416,0.049122
48355005417,0.004991
48355005603,0.018272
48355005604,0.164014
48355005605,0.092793
48355005606,0.137757
48355005801,0.040859
48355005803,0.062146
48355005804,0.054991
48355005900,0.012084
48355006000,0.032913
48355006100,0.048301
48355006201,0.002686
48355006202,0.035836
48355006203,0.128802
48355006204,0.006078
48355006205,0.140141
48355006300,0.127549
48355006400,0.057117
48355980000,0.087078
48363000100,0.096668
48363000200,0.083297
48363000300,0.045456
48363000401,0.125853
48363000402,0.078811
48363000500,0.363352
48363000600,0.149142
48363000700,0.073477
48363000800,0.20284
48363000900,0.287934
48367140101,0.079059
48367140102,0.034891
48367140201,0.106081
48367140202,0.037333
48367140300,0.05839
48367140403,0.030309
48367140408,0.077362
48367140409,0.119853
48367140410,0.059674
48367140411,0.117991
48367140412,0.291333
48367140413,0.029297
48367140414,0.053378
48367140415,0.016144
48367140416,0.061181
48367140502,0.12564
48367140503,0.021161
48367140504,0.033686
48367140601,0.059638
48367140603,0.092752
48367140604,0.143461
48367140707,0.076334
48367140708,0.131131
48367140709,0.064704
48367140710,0.246303
48367140711,0.107738
48367140712,0.049467
48367140713,0.04737
48367140714,0.036896
48371950100,0.020702
48373210203,0.002618
48373210204,0.042619
48373210205,0.256986
48373210206,0.189825
48373210301,0.110807
48373210302,0.019746
48373210402,0.011009
48379950101,0.007823
48379950102,0.132173
48379950200,0.121449
48383950100,0.067211
48385950100,0.053772
48387950100,0.018382
48387950501,0.119079
48387950502,0.171537
48387950600,0.013302
48387950700,0.004697
48391950200,0.070307
48391950400,0.112354
48395960100,0.087211
48395960200,0.016441
48395960300,0.030236
48395960400,0.046031
48395960501,0.178217
48395960502,0.09495
48397040101,0.04824
48397040103,0.193264
48397040104,0.067063
48397040201,0.075823
48397040202,0.159591
48397040203,0.03577
48397040301,0.154492
48397040303,0.124039
48397040304,0.047578
48397040305,0.017458
48397040403,0.228372
48397040404,0.122143
48397040405,0.137847
48397040406,0.308469
48397040407,0.188653
48397040408,0.045654
48397040409,0.011426
48397040410,0.037422
48397040411,0.01497
48397040412,0.051711
48397040503,0.055423
48397040507,0.006691
48397040508,0.078261
48397040509,0.162026
48397040510,0.050943
48397040511,0.007103
48397040512,0.024015
48397040513,0.066922
48397040514,0.026042
48399950100,0.058491
48399950200,0.196126
48399950500,0.038894
48399950600,0.072627
48401950200,0.020121
48401950300,0.133928
48401950400,0.06537
48401950501,0.051386
48401950502,0.21421
48401951000,0.053059
48401951100,0.079876
48407200103,0.073756
48407200104,0.028142
48407200105,0.031953
48407200106,0.004945
48407200107,0.170445
48407200201,0.07747
48407200202,0.29902
48407200301,0.024058
48407200302,0.018289
48409010201,0.168052
48409010202,0.096434
48409010301,0.04238
48409010302,0.116297
48409010500,0.005043
48409010601,0.009457
48409010602,0.002981
48409010603,0.006433
48409010604,0.031716
48409010700,0.061149
48409010800,0.043566
48409010900,0.067089
48409011000,0.095926
48409011100,0.210467
48409011200,0.023381
48409011300,0.038084
48411950100,0.108598
48411950200,0.053104
48413950300,0.008637
48415950100,0.233418
48415950200,0.043105
48415950300,0.067648
48415950600,0.099837
48417950300,0.081689
48423000100,0.20864
48423000201,0.132065
48423000202,0.103677
48423000300,0.07978
48423000400,0.155535
48423000500,0.040387
48423000600,0.158699
48423000700,0.17594
48423000800,0.066762
48423000900,0.133665
48423001000,0.014566
48423001101,0.093791
48423001102,0.213748
48423001200,0.280145
48423001300,0.19682
48423001404,0.0347
48423001405,0.020819
48423001406,0.030849
48423001407,0.105538
48423001408,0.063169
48423001501,0.065072
48423001502,0.006046
48423001602,0.157346
48423001605,0.182345
48423001606,0.226843
48423001607,0.218105
48423001608,0.197695
48423001701,0.071488
48423001702,0.015938
48423001803,0.146835
48423001804,0.058493
48423001805,0.277646
48423001806,0.166165
48423001807,0.1369
48423001906,0.041392
48423001909,0.045395
48423001910,0.014575
48423001911,0.028646
48423001912,0.281091
48423001913,0.251439
48423001914,0.083591
48423001915,0.025418
48423001916,0.006333
48423001917,0.096952
48423002003,0.122482
48423002004,0.056538
48423002006,0.057114
48423002009,0.105305
48423002010,0.005993
48423002011,0.026784
48423002012,0.048007
48423002013,0.089157
48423002101,0.06741
48423002102,0.055827
48423002200,0.016192
48423980000,0.149819
48425000101,0.03552
48425000102,0.043769
48425000200,0.106244
48427950101,0.126645
48427950104,0.002903
48427950105,0.065452
48427950106,0.187868
48427950107,0.179629
48427950108,0.004767
48427950202,0.034251
48427950203,0.193605
48427950204,0.094724
48427950402,0.16181
48427950403,0.321365
48427950404,0.264785
48427950500,0.119359
48427950601,0.218835
48427950602,0.200306
48427950701,0.079862
48427950702,0.156743
48429950200,0.181189
48429950300,0.177177
48429950500,0.071378
48431950100,0.142005
48433950300,0.025871
48435950300,0.018445
48439100101,0.076305
48439100102,0.046396
48439100201,0.00455
48439100202,0.130412
48439100300,0.055344
48439100401,0.147283
48439100402,0.136123
48439100503,0.115478
48439100504,0.113
48439100505,0.019909
48439100506,0.020087
48439100601,0.03448
48439100602,0.195393
48439100700,0.169546
48439100800,0.091036
48439100900,0.087622
48439101201,0.020687
48439101202,0.023839
48439101301,0.00376
48439101302,0.045367
48439101401,0.014483
48439101402,0.027027
48439101403,0.037724
48439101500,0.098516
48439101700,0.010927
48439102000,0.025893
48439102101,0.116152
48439102102,0.100403
48439102201,0.047868
48439102202,0.005197
48439102301,0.055241
48439102302,0.204736
48439102401,0.047103
48439102402,0.121877
48439102500,0.001909
48439102601,0.025297
48439102602,0.01147
48439102700,0.011393
48439103500,0.009342
48439103601,0.057109
48439103602,0.049538
48439103701,0.00741
48439103702,0.007663
48439103800,0.062752
48439104100,0.140522
48439104202,0.00382
48439104203,0.001424
48439104204,0.03045
48439104301,0.012465
48439104302,0.009453
48439104400,0.04312
48439104502,0.023297
48439104503,0.005521
48439104504,0.019093
48439104505,0.022168
48439104601,0.004882
48439104602,0.004829
48439104603,0.034577
48439104604,0.044678
48439104605,0.023168
48439104701,0.007975
48439104702,0.107697
48439104802,0.001443
48439104803,0.020684
48439104804,0.003613
48439104900,0.009155
48439105007,0.017882
48439105008,0.022314
48439105009,0.024961
48439105201,0.015219
48439105203,0.198331
48439105204,0.06417
48439105206,0.091542
48439105207,0.019846
48439105403,0.009755
48439105404,0.003863
48439105405,0.014782
48439105407,0.239286
48439105408,0.004401
48439105502,0.003911
48439105503,0.00708
48439105505,0.006382
48439105511,0.01001
48439105512,0.017497
48439105513,0.0349
48439105514,0.06324
48439105515,0.003971
48439105516,0.091146
48439105517,0.036063
48439105518,0.012432
48439105519,0.005905
48439105520,0.063241
48439105600,0.009427
48439105701,0.031163
48439105703,0.01129
48439105705,0.013342
48439105706,0.013997
48439105800,0.026804
48439105901,0.070128
48439105902,0.001649
48439106002,0.066911
48439106004,0.004809
48439106005,0.014319
48439106006,0.003483
48439106101,0.099869
48439106102,0.123304
48439106201,0.041992
48439106202,0.002783
48439106300,0.005193
48439106400,0.042496
48439106502,0.006903
48439106503,0.005804
48439106507,0.041095
48439106509,0.029904
48439106512,0.006264
48439106513,0.146683
48439106514,0.006554
48439106515,0.003627
48439106518,0.007505
48439106519,0.019164
48439106520,0.083771
48439106521,0.002704
48439106522,0.005697
48439106523,0.021186
48439106524,0.050659
48439106525,0.016602
48439106526,0.060916
48439106600,0.046728
48439106700,0.042969
48439110102,0.053785
48439110103,0.026137
48439110104,0.0989
48439110202,0.114952
48439110204,0.016347
48439110205,0.002711
48439110206,0.056205
48439110301,0.022913
48439110302,0.071581
48439110401,0.015458
48439110402,0.070203
48439110500,0.234932
48439110600,0.171308
48439110703,0.053754
48439110704,0.042467
48439110705,0.009718
48439110706,0.034143
48439110805,0.099539
48439110806,0.002523
48439110807,0.024411
48439110808,0.071879
48439110809,0.110976
48439110901,0.090223
48439110903,0.049239
48439110905,0.044101
48439110906,0.10791
48439110907,0.060831
48439111003,0.004903
48439111010,0.025596
48439111015,0.055145
48439111018,0.030518
48439111019,0.004527
48439111020,0.011637
48439111021,0.024879
48439111022,0.005298
48439111023,0.00434
48439111024,0.004991
48439111025,0.068034
48439111026,0.005208
48439111027,0.020958
48439111028,0.00354
48439111029,0.015906
48439111030,0.005218
48439111031,0.048949
48439111032,0.00051
48439111033,0.002223
48439111102,0.048228
48439111103,0.234165
48439111104,0.141124
48439111202,0.081918
48439111203,0.015628
48439111204,0.004476
48439111304,0.0034
48439111306,0.004823
48439111307,0.057963
48439111308,0.006714
48439111309,0.044938
48439111311,0.006493
48439111312,0.043516
48439111314,0.023876
48439111315,0.008062
48439111316,0.002423
48439111317,0.053385
48439111318,0.006543
48439111319,0.010201
48439111320,0.011347
48439111402,0.008204
48439111405,0.166819
48439111406,0.006803
48439111407,0.006988
48439111408,0.016867
48439111409,0.008674
48439111410,0.02756
48439111411,0.081077
48439111505,0.065008
48439111506,0.017684
48439111513,0.004093
48439111514,0.053585
48439111516,0.044468
48439111522,0.060776
48439111525,0.015992
48439111526,0.108656
48439111529,0.044085
48439111530,0.006267
48439111531,0.054204
48439111532,0.005867
48439111533,0.02596
48439111534,0.004693
48439111536,0.043357
48439111538,0.041038
48439111540,0.004786
48439111541,0.008313
48439111542,0.006432
48439111543,0.005259
48439111544,0.003643
48439111545,0.012751
48439111546,0.033766
48439111551,0.006294
48439111552,0.011013
48439111553,0.022413
48439111554,0.014668
48439111555,0.006896
48439111556,0.051918
48439111557,0.00233
48439111558,0.004954
48439111559,0.109832
48439111560,0.005892
48439111561,0.003184
48439111562,0.140689
48439111563,0.033896
48439111564,0.093131
48439111565,0.013314
48439111566,0.048741
48439111567,0.007603
48439111568,0.079688
48439111569,0.072018
48439111570,0.005248
48439111571,0.023721
48439111572,0.006978
48439113003,0.018139
48439113004,0.123176
48439113005,0.17573
48439113006,0.007051
48439113007,0.022844
48439113102,0.008686
48439113104,0.007422
48439113107,0.004326
48439113108,0.002081
48439113109,0.059838
48439113110,0.022857
48439113112,0.004562
48439113115,0.035308
48439113116,0.037956
48439113117,0.009041
48439113118,0.027533
48439113119,0.015347
48439113120,0.003124
48439113121,0.114158
48439113122,0.05778
48439113206,0.106998
48439113207,0.025743
48439113210,0.135807
48439113212,0.01358
48439113213,0.013652
48439113214,0.010122
48439113215,0.040385
48439113216,0.00535
48439113217,0.045372
48439113218,0.004606
48439113221,0.112238
48439113222,0.085679
48439113223,0.03884
48439113301,0.121573
48439113302,0.060528
48439113403,0.06201
48439113404,0.009019
48439113407,0.102485
48439113408,0.055861
48439113409,0.099611
48439113410,0.135281
48439113509,0.006219
48439113510,0.004202
48439113511,0.052023
48439113512,0.009371
48439113513,0.116284
48439113514,0.035445
48439113516,0.008025
48439113517,0.025734
48439113519,0.014363
48439113520,0.025489
48439113521,0.024558
48439113522,0.007966
48439113607,0.013893
48439113611,0.091301
48439113612,0.023301
48439113613,0.041439
48439113618,0.021739
48439113619,0.041801
48439113622,0.098358
48439113623,0.027135
48439113624,0.0041
48439113625,0.014162
48439113626,0.010403
48439113628,0.079827
48439113629,0.00748
48439113630,0.10091
48439113632,0.03846
48439113633,0.035601
48439113634,0.005905
48439113635,0.103185
48439113636,0.045551
48439113637,0.075299
48439113638,0.018801
48439113639,0.064984
48439113640,0.029166
48439113707,0.053762
48439113709,0.008916
48439113710,0.03079
48439113711,0.082465
48439113712,0.022217
48439113713,0.017934
48439113714,0.009459
48439113715,0.037799
48439113716,0.056602
48439113803,0.111738
48439113808,0.003024
48439113809,0.017314
48439113810,0.005121
48439113811,0.094043
48439113812,0.004975
48439113813,0.090381
48439113814,0.007032
48439113815,0.00523
48439113816,0.036982
48439113906,0.006413
48439113908,0.071471
48439113912,0.016374
48439113916,0.005832
48439113917,0.012544
48439113918,0.127116
48439113919,0.018155
48439113920,0.013757
48439113923,0.005925
48439113924,0.001779
48439113925,0.011759
48439113930,0.003776
48439113931,0.024963
48439113932,0.005935
48439113933,0.039714
48439113934,0.006266
48439113935,0.084449
48439113936,0.025408
48439113937,0.030631
48439113938,0.00293
48439113939,0.003395
48439113940,0.015662
48439113941,0.00788
48439113942,0.052137
48439113943,0.007346
48439113944,0.021891
48439113945,0.014467
48439113946,0.008108
48439113947,0.012892
48439113948,0.007424
48439113949,0.062308
48439113950,0.020633
48439113951,0.005417
48439113952,0.026987
48439113953,0.054467
48439113954,0.025131
48439113955,0.003808
48439113956,0.022612
48439113957,0.014723
48439113958,0.042944
48439114003,0.091567
48439114006,0.025224
48439114009,0.003092
48439114010,0.001815
48439114011,0.01142
48439114012,0.008956
48439114013,0.010647
48439114014,0.004339
48439114015,0.151998
48439114105,0.056275
48439114106,0.043235
48439114107,0.025476
48439114108,0.004393
48439114109,0.00341
48439114110,0.046284
48439114111,0.006901
48439114112,0.003137
48439114113,0.029503
48439114203,0.007749
48439114204,0.041774
48439114205,0.017484
48439114206,0.040048
48439114207,0.042164
48439121605,0.019007
48439121606,0.033524
48439121608,0.002969
48439121609,0.015551
48439121610,0.019148
48439121611,0.021772
48439121612,0.23382
48439121613,0.330456
48439121614,0.109654
48439121615,0.168538
48439121702,0.006834
48439121703,0.01095
48439121704,0.006042
48439121904,0.070376
48439121905,0.023671
48439121906,0.04844
48439121907,0.008854
48439121908,0.092869
48439122001,0.00705
48439122002,0.015163
48439122100,0.03585
48439122200,0.037065
48439122300,0.014906
48439122401,0.021584
48439122402,0.006834
48439122500,0.017209
48439122600,0.032577
48439122701,0.008906
48439122702,0.115822
48439122801,0.051839
48439122802,0.005533
48439122901,0.014247
48439122902,0.081421
48439123001,0.17753
48439123002,0.038613
48439123100,0.108978
48439123200,0.052101
48439123301,0.087997
48439123302,0.100831
48439123500,0.037021
48439123600,0.033737
48439123700,0.005221
48439980000,0.198588
48441010100,0.009363
48441010200,0.017768
48441010300,0.001927
48441010400,0.003212
48441010500,0.008757
48441010600,0.034754
48441010700,0.001481
48441010800,0.122189
48441010900,0.083465
48441011000,0.079546
48441011200,0.027869
48441011300,0.008346
48441011400,0.057778
48441011500,0.002226
48441011600,0.024029
48441011700,0.130402
48441011900,0.028007
48441012000,0.036565
48441012100,0.11812
48441012200,0.064159
48441012300,0.001817
48441012400,0.055198
48441012500,0.009461
48441012600,0.028013
48441012701,0.003851
48441012702,0.063154
48441012801,0.028805
48441012802,0.042255
48441012900,0.025391
48441013000,0.046354
48441013100,0.028118
48441013200,0.068114
48441013300,0.039623
48441013401,0.06998
48441013402,0.019452
48441013404,0.0107
48441013501,0.058407
48441013502,0.075496
48441013601,0.008219
48441013602,0.036642
48441980000,0.252914
48443950100,0.048367
48447950300,0.034446
48449950100,0.054113
48449950200,0.092684
48449950301,0.027059
48449950302,0.094454
48449950400,0.109078
48449950500,0.111201
48449950600,0.0707
48449950700,0.224011
48449950800,0.273412
48451000100,0.085053
48451000200,0.279588
48451000300,0.02666
48451000400,0.039852
48451000700,0.097943
48451000801,0.079341
48451000802,0.0044
48451000900,0.022986
48451001000,0.224752
48451001101,0.066939
48451001102,0.032421
48451001200,0.003823
48451001301,0.014171
48451001303,0.019351
48451001304,0.010589
48451001401,0.027483
48451001402,0.06156
48451001500,0.145044
48451001600,0.048007
48451001702,0.207306
48451001706,0.011357
48451001707,0.04743
48451001708,0.178914
48451001709,0.083003
48451001710,0.010238
48451001800,0.061039
48451980000,0.036318
48453000101,0.037229
48453000102,0.071244
48453000203,0.012761
48453000204,0.007143
48453000205,0.053741
48453000206,0.015381
48453000302,0.004027
48453000304,0.007703
48453000305,0.074056
48453000307,0.050297
48453000308,0.088433
48453000309,0.036789
48453000401,0.013329
48453000402,0.009592
48453000500,0.069685
48453000601,0.003239
48453000605,0.085328
48453000606,0.08292
48453000607,0.011249
48453000608,0.067823
48453000700,0.038017
48453000801,0.097245
48453000802,0.029725
48453000803,0.012516
48453000804,0.019561
48453000901,0.110576
48453000902,0.008504
48453001000,0.006228
48453001101,0.041581
48453001102,0.106947
48453001103,0.02558
48453001200,0.004648
48453001304,0.147191
48453001307,0.007552
48453001308,0.017795
48453001309,0.055945
48453001310,0.120041
48453001311,0.006854
48453001312,0.054936
48453001401,0.009024
48453001402,0.03312
48453001403,0.035836
48453001501,0.004761
48453001503,0.046512
48453001504,0.004643
48453001505,0.048134
48453001602,0.010561
48453001603,0.059261
48453001604,0.032282
48453001605,0.003505
48453001606,0.13236
48453001910,0.073611
48453001911,0.096451
48453001912,0.09403
48453001913,0.133991
48453001914,0.008029
48453001915,0.008479
48453001916,0.008472
48453001917,0.229138
48453001918,0.041312
48453001919,0.020296
48453001920,0.044783
48453001921,0.159668
48453001922,0.127825
48453001923,0.216133
48453002002,0.014171
48453002003,0.005363
48453002004,0.009873
48453002006,0.016478
48453002007,0.035918
48453002104,0.044
48453002105,0.002419
48453002106,0.09604
48453002107,0.014969
48453002108,0.006455
48453002109,0.034621
48453002110,0.06735
48453002111,0.014157
48453002112,0.000973
48453002113,0.002528
48453002201,0.001768
48453002211,0.021015
48453002213,0.060588
48453002214,0.007138
48453002215,0.039774
48453002216,0.005183
48453002217,0.135331
48453002218,0.288387
48453002219,0.067833
48453002220,0.010012
48453002221,0.001632
48453002222,0.006185
48453002304,0.050557
48453002307,0.033624
48453002310,0.094713
48453002313,0.027665
48453002314,0.007297
48453002315,0.02693
48453002316,0.043207
48453002319,0.15925
48453002320,0.036377
48453002321,0.017135
48453002322,0.010445
48453002323,0.003786
48453002324,0.023152
48453002325,0.115397
48453002326,0.285128
48453002327,0.023
48453002403,0.012333
48453002407,0.004091
48453002409,0.010213
48453002410,0.010254
48453002411,0.003893
48453002412,0.024251
48453002413,0.11934
48453002419,0.002046
48453002422,0.026456
48453002423,0.014486
48453002424,0.048503
48453002430,0.004042
48453002432,0.053255
48453002434,0.118562
48453002436,0.140696
48453002437,0.078777
48453002438,0.009304
48453002439,0.00917
48453002440,0.005859
48453002441,0.008491
48453002442,0.013835
48453002443,0.065703
48453002444,0.027244
48453002445,0.010864
48453002446,0.022397
48453002447,0.057983
48453002448,0.003689
48453002449,0.016535
48453002450,0.120768
48453002451,0.055431
48453002452,0.021284
48453002453,0.059639
48453002500,0.029644
48453030000,0.060093
48453030100,0.08258
48453030200,0.033883
48453030300,0.006284
48453030400,0.003027
48453030500,0.004516
48453030600,0.010962
48453030700,0.006947
48453030800,0.008852
48453030900,0.021661
48453031000,0.01945
48453031100,0.2168
48453031200,0.021888
48453031300,0.037771
48453031400,0.063458
48453031500,0.00906
48453031600,0.044009
48453031700,0.005306
48453031800,0.030938
48453031900,0.03211
48453032000,0.010986
48453032100,0.006821
48453032200,0.008122
48453032300,0.086633
48453032400,0.016918
48453032500,0.043158
48453032600,0.008683
48453032700,0.034695
48453032800,0.265502
48453032900,0.013563
48453033000,0.091165
48453033100,0.178624
48453033200,0.017578
48453033300,0.022092
48453033400,0.010053
48453033500,0.011497
48453033600,0.124297
48453033700,0.006725
48453033800,0.002839
48453033900,0.003872
48453034000,0.076506
48453034100,0.00407
48453034200,0.043449
48453034300,0.009351
48453034400,0.00721
48453034500,0.053744
48453034600,0.020249
48453034700,0.012576
48453034800,0.018858
48453034900,0.003519
48453035000,0.023029
48453035100,0.019792
48453035200,0.053752
48453035300,0.309512
48453035400,0.062423
48453035500,0.002862
48453035600,0.129313
48453035700,0.064374
48453035800,0.03685
48453035900,0.041097
48453036000,0.020073
48453036100,0.073405
48453036200,0.018161
48453036300,0.03304
48453036400,0.126261
48453036500,0.228648
48453036600,0.158418
48453036700,0.158899
48453036800,0.058686
48453036900,0.110346
48453037000,0.169284
48453037100,0.24187
48453037200,0.002304
48453037300,0.051509
48453037400,0.133464
48453037500,0.122843
48453037600,0.012317
48453040000,0.010145
48453040100,0.057939
48453040200,0.009048
48453040300,0.048772
48453040400,0.010725
48453040500,0.011141
48453040600,0.075442
48453040700,0.006619
48453040800,0.008915
48453040900,0.212649
48453041000,0.20885
48453041100,0.303831
48453041200,0.024591
48453041300,0.004643
48453041400,0.045525
48453041500,0.053442
48453041600,0.012776
48453041700,0.116699
48453041800,0.025716
48453041900,0.036604
48453042000,0.016489
48453042100,0.010071
48453042200,0.029002
48453042300,0.102376
48453042400,0.006538
48453042500,0.00625
48453042600,0.028664
48453042700,0.002441
48453042800,0.040934
48453042900,0.00893
48453043000,0.004483
48453043100,0.117447
48453043200,0.253132
48453043300,0.013007
48453043400,0.007777
48453043500,0.056125
48453043600,0.017895
48453043700,0.057769
48453043800,0.009007
48453043900,0.003616
48453044000,0.013156
48453044100,0.005512
48453044200,0.011133
48453044300,0.01001
48453044400,0.030287
48453044500,0.004141
48453044600,0.001416
48453044700,0.010905
48453044800,0.005645
48453044900,0.122884
48453045000,0.006348
48453045100,0.034532
48453045200,0.050781
48453045300,0.012941
48453045400,0.056369
48453045500,0.039866
48453045600,0.04882
48453045700,0.087214
48453045800,0.2362
48453045900,0.221197
48453046000,0.03647
48453046100,0.027869
48453046200,0.09082
48453046300,0.102848
48453046400,0.005596
48453046500,0.011471
48453046600,0.015509
48453046700,0.108923
48453046800,0.014833
48453046900,0.001309
48453047000,0.024198
48453980000,0.100396
48455950100,0.11439
48455950200,0.035189
48455950300,0.116677
48455950400,0.085219
48455950500,0.095575
48459950101,0.032014
48459950102,0.200225
48459950200,0.030984
48459950301,0.104258
48459950302,0.020624
48459950400,0.196517
48459950501,0.066743
48459950502,0.008566
48459950600,0.027596
48459950700,0.116246
48461950100,0.041229
48463950100,0.046932
48463950201,0.109239
48463950202,0.019023
48463950300,0.086507
48463950400,0.106781
48463950500,0.11654
48465950202,0.069623
48465950203,0.149627
48465950301,0.032744
48465950302,0.092429
48465950400,0.114559
48465950501,0.074651
48465950502,0.052561
48465950601,0.317054
48465950602,0.155191
48465950701,0.099296
48465950702,0.09953
48465950801,0.286715
48465950802,0.099964
48465980000,0.197551
48467950100,0.017338
48467950200,0.039049
48467950300,0.069697
48467950400,0.009232
48467950500,0.016421
48467950601,0.128503
48467950602,0.110426
48467950700,0.120916
48467950801,0.024924
48467950802,0.07403
48467950901,0.01769
48467950902,0.176901
48467951001,0.006687
48467951002,0.018613
48469000100,0.25268
48469000201,0.233274
48469000202,0.013475
48469000301,0.184004
48469000302,0.189287
48469000400,0.136098
48469000501,0.065944
48469000502,0.096425
48469000601,0.070143
48469000602,0.050947
48469000700,0.014288
48469000800,0.026811
48469001300,0.154603
48469001401,0.167106
48469001402,0.010627
48469001501,0.119502
48469001503,0.137632
48469001504,0.128271
48469001601,0.007364
48469001604,0.001185
48469001605,0.140115
48469001607,0.100482
48469001608,0.022229
48469001700,0.03723
48469980000,0.465802
48471790101,0.01011
48471790102,0.099207
48471790103,0.148029
48471790200,0.065497
48471790301,0.043385
48471790302,0.035354
48471790401,0.199164
48471790402,0.042398
48471790500,0.096236
48471790600,0.030566
48471790700,0.045003
48471790800,0.070914
48473680100,0.033217
48473680201,0.020711
48473680202,0.075421
48473680301,0.012293
48473680302,0.098335
48473680303,0.034111
48473680501,0.024804
48473680502,0.08846
48473680601,0.162815
48473680602,0.020497
48473980000,0.035548
48477170100,0.109126
48477170201,0.080534
48477170202,0.151749
48477170300,0.061231
48477170400,0.079052
48477170501,0.048031
48477170502,0.075173
48477170601,0.057305
48477170602,0.191149
48479000101,0.07083
48479000105,0.087904
48479000106,0.054126
48479000107,0.064363
48479000108,0.005824
48479000109,0.190722
48479000200,0.041475
48479000300,0.074155
48479000601,0.014608
48479000602,0.064128
48479000700,0.052867
48479000800,0.002974
48479000901,0.045656
48479000903,0.109116
48479000904,0.000317
48479001001,0.002658
48479001003,0.032823
48479001004,0.032192
48479001101,0.107973
48479001103,0.136553
48479001104,0.049371
48479001105,0.158971
48479001201,0.054181
48479001202,0.074219
48479001300,0.047417
48479001401,0.055071
48479001402,0.020996
48479001501,0.136721
48479001502,0.030822
48479001601,0.005561
48479001602,0.010691
48479001706,0.061225
48479001709,0.023153
48479001710,0.170338
48479001711,0.028403
48479001714,0.088528
48479001715,0.102992
48479001716,0.002832
48479001717,0.113946
48479001718,0.009136
48479001719,0.002687
48479001720,0.0857
48479001721,0.064507
48479001722,0.005762
48479001723,0.006747
48479001724,0.082031
48479001725,0.007557
48479001726,0.043961
48479001727,0.002086
48479001806,0.018912
48479001809,0.131845
48479001810,0.270635
48479001811,0.164799
48479001813,0.347239
48479001815,0.083471
48479001816,0.222864
48479001818,0.27533
48479001819,0.177976
48479001820,0.150459
48479001821,0.000868
48479001822,0.001482
48479001823,0.000579
48479001824,0.079423
48479001825,0.021081
48479001826,0.069483
48479001827,0.176276
48479001828,0.005836
48479001900,0.006048
48479980000,0.150007
48481740100,0.006457
48481740200,0.113851
48481740300,0.024433
48481740400,0.123419
48481740500,0.006423
48481740600,0.094032
48481740700,0.102771
48481740800,0.114493
48481740901,0.028337
48481740902,0.157671
48481741000,0.040864
48481741100,0.097385
48489950300,0.193147
48489950400,0.023258
48489950500,0.0295
48489950600,0.08246
48489950700,0.018864
48491020106,0.034366
48491020108,0.017761
48491020109,0.072795
48491020111,0.059163
48491020113,0.01696
48491020114,0.058308
48491020115,0.049869
48491020116,0.043865
48491020117,0.255086
48491020118,0.077038
48491020119,0.018592
48491020120,0.046583
48491020121,0.078577
48491020122,0.155668
48491020123,0.105134
48491020124,0.205317
48491020201,0.026503
48491020203,0.006158
48491020205,0.022454
48491020206,0.124127
48491020207,0.187458
48491020208,0.288029
48491020310,0.002276
48491020311,0.040132
48491020319,0.004374
48491020321,0.14548
48491020323,0.003278
48491020325,0.085397
48491020326,0.055413
48491020327,0.097279
48491020329,0.063295
48491020330,0.044712
48491020331,0.071419
48491020332,0.084272
48491020333,0.004443
48491020334,0.006336
48491020335,0.006402
48491020336,0.014243
48491020337,0.04482
48491020338,0.038574
48491020339,0.006592
48491020340,0.005336
48491020341,0.005392
48491020342,0.21654
48491020343,0.00731
48491020344,0.171052
48491020345,0.010404
48491020346,0.013835
48491020347,0.009081
48491020348,0.052091
48491020349,0.04532
48491020350,0.002107
48491020351,0.018636
48491020352,0.065489
48491020353,0.006673
48491020354,0.004964
48491020355,0.031026
48491020356,0.028629
48491020403,0.006102
48491020404,0.003051
48491020405,0.00767
48491020406,0.037541
48491020408,0.019391
48491020409,0.065328
48491020410,0.004329
48491020411,0.035088
48491020503,0.010909
48491020505,0.069824
48491020507,0.045657
48491020508,0.017387
48491020509,0.055107
48491020511,0.063248
48491020512,0.027693
48491020513,0.029415
48491020514,0.011271
48491020515,0.052083
48491020516,0.008838
48491020517,0.031695
48491020602,0.040837
48491020604,0.010897
48491020606,0.039429
48491020607,0.059913
48491020608,0.006538
48491020609,0.024251
48491020701,0.01341
48491020704,0.016808
48491020706,0.037191
48491020707,0.00542
48491020709,0.021121
48491020710,0.070322
48491020711,0.139322
48491020712,0.00456
48491020713,0.048874
48491020808,0.067326
48491020810,0.026359
48491020811,0.009959
48491020812,0.018422
48491020813,0.0078
48491020814,0.053114
48491020815,0.07194
48491020816,0.134728
48491020817,0.123462
48491020818,0.130896
48491020819,0.054535
48491020820,0.011275
48491020821,0.018233
48491020822,0.097955
48491020900,0.007976
48491021000,0.120535
48491021100,0.00777
48491021201,0.042114
48491021202,0.161086
48491021203,0.220437
48491021300,0.026942
48491021402,0.030506
48491021404,0.205806
48491021405,0.020359
48491021406,0.034327
48491021407,0.078451
48491021502,0.051432
48491021503,0.029759
48491021506,0.085938
48491021509,0.019409
48491021510,0.034553
48491021511,0.037076
48491021512,0.023899
48491021513,0.01538
48491021514,0.002276
48491021515,0.085038
48491021516,0.031677
48491021517,0.010568
48491021518,0.003287
48491021601,0.058166
48491021602,0.078861
48491021603,0.008705
48493000102,0.082751
48493000103,0.002344
48493000104,0.158617
48493000201,0.065091
48493000202,0.007256
48493000300,0.094917
48493000402,0.132628
48493000404,0.241276
48493000405,0.012333
48493000406,0.262611
48493000500,0.149822
48493000600,0.009088
48497150101,0.051851
48497150103,0.218624
48497150104,0.012027
48497150201,0.15064
48497150202,0.101469
48497150300,0.023759
48497150402,0.056359
48497150403,0.031484
48497150404,0.0788
48497150405,0.136338
48497150500,0.186286
48497150603,0.067032
48497150604,0.036497
48497150605,0.014017
48497150606,0.108365
48497150607,0.165681
48499950100,0.038434
48499950200,0.065138
48499950301,0.010233
48499950303,0.066207
48499950304,0.072312
48499950401,0.062528
48499950402,0.281844
48499950500,0.057648
48499950601,0.007463
48499950602,0.028103
48499950700,0.045606
48499950800,0.15138
48503950200,0.033786
48503950401,0.168871
48503950402,0.026653
48503950500,0.085656
48503950600,0.117277
48505950303,0.264182
48505950304,0.212683
48505950305,0.255877
48505950306,0.317448
48505950401,0.187805
48505950402,0.09802
48507950100,0.253433
48507950200,0.170445
48507950301,0.094429
48507950302,0.093923
53001950100,0.066487
53001950200,0.189113
53001950301,0.032324
53001950302,0.078299
53001950303,0.230016
53001950400,0.116007
53001950500,0.028945
53003960100,0.092642
53003960200,0.043835
53005010100,0.188479
53005010201,0.087287
53005010203,0.003928
53005010204,0.080266
53005010300,0.143501
53005010400,0.005707
53005010500,0.149335
53005010600,0.022937
53005010701,0.050884
53005010703,0.102317
53005010705,0.005204
53005010707,0.019163
53005010708,0.186471
53005010807,0.019038
53005010809,0.041143
53005010810,0.003809
53005010811,0.03257
53005010814,0.043068
53005010815,0.035964
53005010816,0.016357
53005010817,0.00351
53005010818,0.003211
53005010819,0.013374
53005010820,0.038085
53005010901,0.031207
53005010902,0.007878
53005011001,0.021967
53005011002,0.037901
53005011100,0.030223
53005011201,0.001872
53005011202,0.069736
53005011300,0.08172
53005011401,0.007324
53005011402,0.059021
53005011501,0.121921
53005011504,0.007863
53005011505,0.134223
53005011506,0.178043
53005011600,0.100676
53005011701,0.011531
53005011702,0.014206
53005011801,0.016448
53005011802,0.02344
53005011900,0.015039
53005012000,0.031247
53007960100,0.110745
53007960201,0.164448
53007960202,0.053038
53007960203,0.082212
53007960301,0.116167
53007960302,0.064163
53007960303,0.13742
53007960400,0.058121
53007960501,0.021385
53007960502,0.068077
53007960600,0.176647
53007960700,0.018343
53007960801,0.007216
53007960803,0.004458
53007960804,0.061569
53007961001,0.012614
53007961002,0.119717
53007961101,0.004626
53007961102,0.002344
53007961200,0.022339
53007961301,0.014214
53007961303,0.001401
53007961304,0.005316
53013960200,0.020708
53017950101,0.072447
53017950102,0.150355
53017950200,0.091722
53017950300,0.018178
53017950400,0.0214
53017950500,0.028399
53017950600,0.005692
53017950700,0.001806
53017950800,0.005815
53019940000,0.035664
53019970100,0.123168
53019970200,0.126204
53021020101,0.179903
53021020102,0.042493
53021020103,0.028692
53021020201,0.005263
53021020202,0.004236
53021020300,0.011825
53021020401,0.047402
53021020402,0.00511
53021020403,0.001598
53021020404,0.009348
53021020501,0.091873
53021020503,0.032815
53021020504,0.006434
53021020603,0.002767
53021020605,0.026802
53021020606,0.013089
53021020607,0.001316
53021020608,0.030184
53021020700,0.193549
53021020801,0.146553
53021020802,0.157069
53021980100,0.012571
53023970300,0.046571
53025010100,0.133788
53025010200,0.015389
53025010300,0.209625
53025010401,0.203414
53025010402,0.049822
53025010500,0.042719
53025010600,0.138614
53025010700,0.110506
53025010800,0.013109
53025010901,0.031957
53025010903,0.026151
53025010904,0.002441
53025011001,0.08471
53025011002,0.018916
53025011101,0.074826
53025011102,0.126408
53025011200,0.048185
53025011300,0.081395
53025011401,0.151003
53025011403,0.005077
53025011404,0.126705
53025011405,0.314957
53025011406,0.041987
53033031502,0.164839
53033032706,0.073387
53033032800,0.096002
53037975101,0.077243
53037975102,0.067164
53037975103,0.075797
53037975104,0.152711
53037975201,0.057812
53037975202,0.014893
53037975203,0.227663
53037975300,0.063362
53037975402,0.091364
53037975403,0.004897
53037975404,0.056825
53037975500,0.058146
53037975600,0.080087
53037975700,0.134306
53039950101,0.064428
53039950102,0.081387
53039950103,0.237396
53039950200,0.099982
53039950302,0.082141
53041972000,0.053685
53043960100,0.198286
53043960200,0.116908
53043960300,0.081234
53043960400,0.099484
53047940100,0.151329
53047940200,0.089619
53047970301,0.007706
53047970302,0.164039
53047970303,0.12529
53047970400,0.074814
53047970500,0.129713
53047970601,0.095513
53047970602,0.190161
53047970700,0.096682
53047970800,0.038097
53047970900,0.045139
53047971000,0.109152
53051970100,0.090817
53051970200,0.097416
53051970300,0.046126
53051970400,0.043809
53051970500,0.067975
53053070100,0.121636
53057951101,0.179588
53057951102,0.113686
53057951200,0.034412
53059950100,0.029134
53059950400,0.129656
53061053606,0.004539
53061053700,0.017712
53061053801,0.049284
53061053803,0.08088
53063000201,0.032928
53063000202,0.06125
53063000301,0.034302
53063000302,0.065184
53063000400,0.012972
53063000500,0.088841
53063000600,0.002365
53063000700,0.055492
53063000800,0.070732
53063000900,0.030194
53063001000,0.015811
53063001100,0.005071
53063001200,0.136719
53063001300,0.055796
53063001400,0.041958
53063001500,0.127323
53063001600,0.003011
53063001800,0.225382
53063001900,0.011918
53063002000,0.113053
53063002100,0.12847
53063002300,0.009255
53063002400,0.026175
53063002501,0.034544
53063002502,0.026988
53063002503,0.050841
53063002600,0.019423
53063002900,0.003203
53063003000,0.006631
53063003100,0.011809
53063003200,0.004191
53063003500,0.043697
53063003601,0.043691
53063003602,0.005073
53063003800,0.014837
53063003900,0.021386
53063004001,0.024119
53063004002,0.020607
53063004100,0.041695
53063004200,0.010213
53063004300,0.002051
53063004400,0.035778
53063004500,0.006812
53063004601,0.059512
53063004602,0.010849
53063004701,0.009953
53063004702,0.026957
53063004800,0.001782
53063004900,0.074382
53063005000,0.003482
53063010101,0.257586
53063010102,0.33572
53063010201,0.061198
53063010203,0.029855
53063010204,0.036901
53063010301,0.017067
53063010303,0.02767
53063010304,0.078764
53063010305,0.215735
53063010401,0.08225
53063010403,0.067214
53063010404,0.007331
53063010504,0.234538
53063010505,0.189672
53063010506,0.003631
53063010507,0.07407
53063010508,0.056351
53063010601,0.148136
53063010603,0.026611
53063010604,0.037171
53063010701,0.104688
53063010702,0.000531
53063010800,0.057667
53063010901,0.070063
53063010902,0.007181
53063011000,0.059918
53063011102,0.037965
53063011103,0.017614
53063011104,0.018944
53063011202,0.019147
53063011203,0.007441
53063011204,0.047861
53063011301,0.002118
53063011302,0.053467
53063011400,0.005877
53063011500,0.344457
53063011600,0.22509
53063011701,0.109713
53063011702,0.023953
53063011800,0.112082
53063011900,0.135078
53063012000,0.039264
53063012100,0.032094
53063012200,0.053944
53063012300,0.093037
53063012401,0.034102
53063012402,0.104307
53063012500,0.159665
53063012600,0.253161
53063012701,0.311358
53063012702,0.325446
53063012801,0.140365
53063012802,0.002037
53063012901,0.016566
53063012902,0.010921
53063013001,0.002372
53063013002,0.030017
53063013003,0.005333
53063013101,0.006202
53063013102,0.107413
53063013201,0.049103
53063013300,0.110476
53063013401,0.052806
53063013501,0.047526
53063013502,0.04663
53063013503,0.027166
53063013600,0.023849
53063013700,0.008073
53063013800,0.373404
53063013900,0.115914
53063014001,0.085387
53063014002,0.124822
53063014100,0.088922
53063014200,0.075786
53063014300,0.025664
53063014400,0.011085
53063014500,0.066786
53065941000,0.142404
53065950101,0.182086
53065950102,0.121951
53065950200,0.045192
53065950300,0.130555
53065950500,0.121731
53065950600,0.154606
53065950700,0.219805
53065950800,0.140394
53065950900,0.050502
53065951100,0.057541
53065951301,0.053107
53065951302,0.340216
53065951401,0.041239
53065951402,0.030896
53071920000,0.096432
53071920100,0.061449
53071920200,0.005783
53071920302,0.005115
53071920400,0.080334
53071920500,0.020581
53071920600,0.027711
53071920701,0.0295
53071920702,0.00708
53071920801,0.002676
53071920802,0.084473
53071920901,0.006865
53073010103,0.180072
53075000100,0.223676
53075000201,0.191521
53075000202,0.24079
53075000300,0.134056
53075000400,0.31648
53075000500,0.214332
53075000601,0.161029
53075000602,0.206331
53075000700,0.081547
53075000800,0.063621
53075000900,0.032743
53075001000,0.159734
53077000100,0.010941
53077000200,0.005909
53077000301,0.081601
53077000302,0.039842
53077000401,0.004038
53077000402,0.047208
53077000500,0.0093
53077000600,0.007349
53077000700,0.007077
53077000800,0.005322
53077000902,0.005917
53077000903,0.009142
53077000904,0.00354
53077001000,0.005743
53077001100,0.011471
53077001201,0.00236
53077001202,0.05804
53077001300,0.067247
53077001400,0.004857
53077001502,0.040771
53077001503,0.002249
53077001504,0.048243
53077001601,0.023595
53077001602,0.047494
53077001701,0.090471
53077001702,0.004371
53077001801,0.078708
53077001802,0.147375
53077001901,0.073957
53077001902,0.043945
53077002003,0.006836
53077002004,0.099854
53077002005,0.026803
53077002006,0.044936
53077002101,0.109975
53077002103,0.008066
53077002104,0.003728
53077002201,0.00466
53077002202,0.031272
53077002701,0.012165
53077002801,0.010417
53077002803,0.002401
53077002804,0.007677
53077002900,0.003781
53077003002,0.017078
53077003003,0.078815
53077003004,0.09808
53077003100,0.082752
53077003200,0.008709
53077003400,0.020779
53077940001,0.00395
53077940002,0.017323
53077940003,0.095066
53077940005,0.064422
53077940006,0.001686
53077940007,0.001506
53077940008,0.032899
