GEOID,coverage_gap_score
40001376600,0.094517
40001376700,0.084872
40001376800,0.149482
40001376900,0.175773
40001377000,0.151327
40003955600,0.115428
40003955700,0.108061
40003956000,0.128748
40005587600,0.088961
40005587700,0.133738
40005587800,0.138
40005587900,0.034611
40009966100,0.148063
40009966200,0.175833
40009966800,0.127397
40011958600,0.199271
40011958700,0.18631
40011958800,0.087739
40011958900,0.140028
40011959000,0.119344
40013795600,0.12202
40013795700,0.059822
40013795900,0.055151
40013796002,0.087478
40013796003,0.10016
40013796004,0.305279
40013796101,0.093179
40013796102,0.095536
40013796200,0.144989
40013796300,0.10958
40013796400,0.104932
40013796500,0.113193
40013796600,0.067211
40015161601,0.132281
40015161602,0.132832
40015161700,0.11837
40015161800,0.087316
40015161900,0.062549
40015162000,0.135454
40015162101,0.184844
40015162102,0.170707
40015162200,0.07934
40015162300,0.112055
40017300100,0.214587
40017300201,0.146278
40017300202,0.160006
40017300300,0.2531
40017300400,0.296237
40017300500,0.244306
40017300600,0.189622
40017300701,0.124397
40017300702,0.104964
40017300802,0.280243
40017300803,0.187102
40017300804,0.269833
40017300805,0.183474
40017300806,0.167177
40017300901,0.157285
40017300902,0.183051
40017300904,0.097866
40017300905,0.085895
40017301001,0.079672
40017301003,0.20052
40017301006,0.048928
40017301010,0.234337
40017301011,0.153246
40017301012,0.070747
40017301013,0.047664
40017301014,0.129103
40017301015,0.082564
40017301100,0.102144
40017301201,0.250971
40017301202,0.231738
40017301301,0.15619
40017301302,0.167534
40017301406,0.11706
40017301407,0.194356
40017301408,0.144398
40017301409,0.278759
40017301410,0.228525
40019892100,0.110167
40019892200,0.159641
40019892301,0.1591
40019892302,0.148586
40019892400,0.113224
40019892501,0.216422
40019892502,0.11601
40019892601,0.248405
40019892602,0.150105
40019892700,0.165464
40019892801,0.02275
40019892802,0.173217
40019892900,0.062558
40019893001,0.159696
40019893002,0.11572
40019893100,0.073051
40021977600,0.198784
40021977701,0.200096
40021977702,0.208391
40021977801,0.085577
40021977802,0.113914
40021977901,0.263834
40021977902,0.096135
40021978000,0.089637
40021978100,0.141449
40021978201,0.122168
40021978202,0.090535
40021978301,0.174096
40021978302,0.232715
40023966900,0.099544
40023967000,0.096338
40023967100,0.136557
40023967200,0.145204
40023967300,0.140184
40027200100,0.034264
40027200200,0.085716
40027200300,0.016037
40027200400,0.020973
40027200500,0.027486
40027200602,0.087064
40027200603,0.022298
40027200604,0.213325
40027200700,0.222914
40027200800,0.13316
40027200900,0.029625
40027201000,0.050826
40027201102,0.025999
40027201103,0.060508
40027201104,0.114074
40027201201,0.03245
40027201202,0.033034
40027201204,0.014632
40027201205,0.07301
40027201302,0.150247
40027201303,0.058991
40027201403,0.126347
40027201404,0.112346
40027201405,0.062153
40027201505,0.115295
40027201508,0.027754
40027201509,0.042177
40027201511,0.012267
40027201512,0.085059
40027201513,0.124193
40027201514,0.03148
40027201602,0.220675
40027201603,0.142195
40027201604,0.11245
40027201607,0.026833
40027201609,0.074278
40027201610,0.106332
40027201611,0.039356
40027201612,0.128429
40027201700,0.119515
40027201801,0.017077
40027201802,0.024104
40027201902,0.043701
40027201903,0.063113
40027201904,0.065176
40027202002,0.017264
40027202004,0.035908
40027202005,0.02415
40027202006,0.041943
40027202007,0.205674
40027202008,0.012336
40027202102,0.097788
40027202104,0.063597
40027202105,0.208072
40027202106,0.119276
40027202107,0.243382
40027202201,0.190361
40027202203,0.134332
40027202205,0.015402
40027202207,0.070094
40027202208,0.086489
40027202301,0.249873
40027202302,0.031266
40027202403,0.159664
40027202404,0.16835
40027202405,0.077946
40027202406,0.077483
40027202407,0.2536
40027202501,0.158558
40027202502,0.150948
40027202600,0.097219
40029388100,0.097749
40029388200,0.104358
40031000100,0.086611
40031000200,0.110096
40031000300,0.037795
40031000402,0.069272
40031000403,0.012941
40031000404,0.021302
40031000405,0.065836
40031000503,0.022756
40031000504,0.020696
40031000505,0.022873
40031000506,0.051395
40031000600,0.026729
40031000700,0.014091
40031000800,0.023115
40031000900,0.014172
40031001000,0.016195
40031001100,0.01355
40031001400,0.020332
40031001500,0.02374
40031001600,0.01842
40031001700,0.022637
40031001901,0.08728
40031001902,0.134961
40031002001,0.023906
40031002003,0.171104
40031002004,0.154708
40031002005,0.06029
40031002101,0.142947
40031002102,0.139706
40031002201,0.119527
40031002202,0.159608
40031002301,0.105743
40031002302,0.054033
40031002401,0.221951
40031002403,0.160993
40031002405,0.112783
40031002406,0.028659
40031002500,0.032919
40033871100,0.113449
40033871200,0.180913
40035373100,0.083515
40035373200,0.129223
40035373300,0.158041
40035373400,0.137783
40035373500,0.125026
40037020101,0.23763
40037020102,0.220015
40037020103,0.147865
40037020602,0.128672
40037020603,0.183496
40037020604,0.044375
40037020702,0.154353
40037020704,0.174082
40037020705,0.265014
40037020706,0.16933
40037020707,0.20246
40037020800,0.103485
40037020900,0.192827
40037021000,0.156368
40037021101,0.13708
40037021102,0.11607
40037021201,0.151921
40037021202,0.239907
40037021300,0.219136
40037021401,0.179536
40037021402,0.205411
40037021500,0.126466
40037021600,0.342126
40039950800,0.170959
40039960401,0.186312
40039960402,0.146539
40039960600,0.14803
40039960701,0.124018
40039960702,0.269713
40039961000,0.089023
40041375601,0.15789
40041375602,0.320864
40041375701,0.190104
40041375702,0.166005
40041375803,0.078646
40041375804,0.206663
40041375805,0.371446
40041375806,0.17908
40041375901,0.221397
40041375902,0.134953
40041376000,0.181822
40041376100,0.171797
40041976200,0.172084
40043959100,0.109395
40043959200,0.143628
40043959300,0.133531
40045952600,0.126007
40045952800,0.149074
40047000101,0.040662
40047000102,0.12738
40047000200,0.249739
40047000601,0.200364
40047000602,0.26628
40047000701,0.018486
40047000702,0.07894
40047001100,0.144646
40047001200,0.100522
40047001301,0.140493
40047001302,0.137375
40047001401,0.219334
40047001402,0.24909
40047001500,0.190136
40047001602,0.129502
40047001603,0.15571
40047001604,0.194087
40049681100,0.147399
40049681200,0.14285
40049681300,0.134513
40049681400,0.14823
40049681500,0.113991
40049681600,0.069836
40049681700,0.109502
40049681800,0.130723
40049681900,0.147286
40051000100,0.217877
40051000400,0.04536
40051000501,0.025598
40051000502,0.145372
40051000600,0.132054
40051000701,0.071353
40051000702,0.109925
40051000801,0.15964
40051000802,0.164473
40051000901,0.106454
40051000902,0.16791
40051000904,0.292426
40051000905,0.160391
40051000906,0.145764
40051001000,0.204732
40053956400,0.192783
40053956500,0.097403
40055967100,0.17006
40055967200,0.14214
40059952100,0.083851
40059952200,0.088013
40061279100,0.082651
40061279200,0.186926
40061279300,0.097597
40061279400,0.11693
40063484600,0.082558
40063484700,0.1109
40063484800,0.147693
40063484900,0.139359
40063485000,0.164461
40065968100,0.093018
40065968200,0.144524
40065968300,0.154122
40065968400,0.133862
40065968500,0.103258
40065968600,0.17071
40065968700,0.265249
40065968800,0.279094
40067371600,0.079284
40067371700,0.107478
40067371800,0.109744
40069660198,0.122192
40069660201,0.148829
40069660202,0.257998
40069660300,0.141885
40071000100,0.027937
40071000201,0.110853
40071000202,0.069976
40071000300,0.051018
40071000400,0.153901
40071000500,0.071708
40071000600,0.103743
40071001100,0.194751
40071001200,0.180485
40071001301,0.281017
40071001302,0.164372
40073958100,0.139683
40073958200,0.083269
40073958300,0.133414
40073958400,0.096442
40075963600,0.083955
40075963700,0.086544
40075964200,0.09273
40077087100,0.096176
40077087200,0.153275
40077087300,0.114575
40079040102,0.129844
40079040198,0.168423
40079040299,0.083106
40079040301,0.091477
40079040302,0.066717
40079040303,0.075425
40079040401,0.111356
40079040402,0.148107
40079040500,0.120203
40079040601,0.144492
40079040602,0.152034
40079040700,0.129205
40081961100,0.143692
40081961200,0.098654
40081961300,0.112578
40081961401,0.147123
40081961402,0.071845
40081961500,0.201387
40081961600,0.116551
40081961700,0.139056
40083600101,0.146375
40083600200,0.199792
40083600300,0.187481
40083600401,0.160873
40083600402,0.051969
40083600501,0.155213
40083600502,0.234841
40083600600,0.176909
40083600700,0.177309
40083600801,0.069841
40083600802,0.158411
40083600903,0.130868
40083601000,0.187802
40085094100,0.207957
40085094200,0.143393
40085094300,0.183214
40087400103,0.123027
40087400104,0.145316
40087400105,0.15844
40087400106,0.182416
40087400201,0.105024
40087400203,0.106358
40087400204,0.166595
40087400300,0.169826
40087400400,0.109717
40089098200,0.079305
40089098300,0.141437
40089098400,0.093629
40089098501,0.147674
40089098502,0.128151
40089098600,0.114042
40089098700,0.098854
40089098800,0.144718
40089098900,0.153393
40091779601,0.188546
40091779602,0.21313
40091779700,0.116458
40091779900,0.176196
40091780100,0.199937
40091780200,0.134267
40091780301,0.083151
40091780302,0.144361
40093955100,0.146177
40093955200,0.078866
40093955300,0.147045
40095094698,0.13272
40095094700,0.141833
40095094803,0.124885
40095094804,0.328512
40095094805,0.208147
40095094806,0.288327
40097040100,0.16896
40097040200,0.171641
40097040300,0.102618
40097040400,0.124932
40097040501,0.171531
40097040502,0.177265
40097040600,0.10381
40097040700,0.120859
40097040801,0.167578
40097040802,0.100204
40099790600,0.072595
40099790701,0.100503
40099790702,0.118869
40099790801,0.199788
40099790802,0.171037
40101000100,0.155998
40101000200,0.163095
40101000300,0.158515
40101000400,0.159683
40101000600,0.140875
40101000700,0.131219
40101000801,0.017977
40101000802,0.135471
40101000901,0.134802
40101000902,0.026169
40101001000,0.148687
40101001100,0.082918
40101001200,0.201417
40101001301,0.118827
40101001302,0.194104
40101001401,0.187254
40101001402,0.083134
40101001501,0.140324
40101001502,0.068429
40101001600,0.161559
40103956600,0.130119
40103956900,0.21178
40103957000,0.193739
40103957100,0.170239
40105172100,0.082301
40105172200,0.077297
40105172300,0.098484
40105172400,0.109591
40107080600,0.114479
40107080700,0.0934
40107080900,0.137475
40107081000,0.104282
40109100100,0.016166
40109100201,0.012678
40109100202,0.180556
40109100203,0.019336
40109100300,0.065663
40109100400,0.014339
40109100500,0.129053
40109100800,0.093009
40109100900,0.015565
40109101000,0.077602
40109101100,0.187649
40109101200,0.114715
40109101300,0.065211
40109101400,0.017257
40109101500,0.034155
40109101800,0.230072
40109101900,0.022999
40109102000,0.109781
40109102100,0.045943
40109102200,0.039547
40109102300,0.042789
40109102400,0.066699
40109102500,0.119826
40109103200,0.079753
40109103300,0.018831
40109103900,0.023626
40109104100,0.01372
40109104200,0.039441
40109104300,0.081266
40109104400,0.02277
40109104500,0.018559
40109104600,0.012288
40109104700,0.030656
40109104800,0.125643
40109104900,0.021435
40109105000,0.019645
40109105101,0.064001
40109105201,0.045598
40109105202,0.017171
40109105300,0.115265
40109105400,0.06512
40109105500,0.027262
40109105600,0.060929
40109105903,0.117186
40109105904,0.066513
40109105905,0.050536
40109105906,0.025406
40109105907,0.047346
40109106000,0.074298
40109106100,0.075706
40109106200,0.085789
40109106301,0.017669
40109106302,0.040941
40109106303,0.016349
40109106401,0.055191
40109106402,0.054443
40109106403,0.041015
40109106501,0.024951
40109106502,0.07274
40109106503,0.037217
40109106601,0.100653
40109106602,0.114994
40109106606,0.065078
40109106607,0.028852
40109106608,0.115791
40109106609,0.11815
40109106610,0.016292
40109106611,0.03613
40109106702,0.017594
40109106704,0.112196
40109106705,0.158215
40109106706,0.018668
40109106708,0.021109
40109106709,0.024104
40109106710,0.034412
40109106801,0.148917
40109106802,0.145345
40109106803,0.17619
40109106804,0.043504
40109106902,0.041356
40109106903,0.090445
40109106906,0.045127
40109106907,0.011122
40109106909,0.031266
40109106910,0.012984
40109106911,0.01206
40109106912,0.016992
40109106913,0.068896
40109106914,0.022444
40109106916,0.040317
40109106917,0.027457
40109107001,0.076387
40109107002,0.097914
40109107101,0.148744
40109107103,0.031591
40109107104,0.09182
40109107206,0.031668
40109107207,0.030323
40109107212,0.089647
40109107213,0.09022
40109107214,0.099833
40109107215,0.040478
40109107216,0.01318
40109107217,0.018411
40109107218,0.045341
40109107219,0.012337
40109107220,0.022965
40109107221,0.036577
40109107222,0.017964
40109107223,0.024788
40109107224,0.031407
40109107225,0.014525
40109107226,0.012681
40109107302,0.03724
40109107303,0.023191
40109107305,0.01215
40109107306,0.018022
40109107401,0.055197
40109107404,0.067203
40109107405,0.058469
40109107406,0.039433
40109107407,0.0676
40109107601,0.054732
40109107604,0.015952
40109107605,0.011817
40109107608,0.014171
40109107703,0.043327
40109107704,0.020524
40109107705,0.018626
40109107706,0.015026
40109107707,0.01692
40109107801,0.020784
40109107804,0.019113
40109107805,0.100683
40109107806,0.027872
40109107807,0.044122
40109107808,0.028599
40109107809,0.014824
40109107810,0.02018
40109107900,0.219263
40109108003,0.042167
40109108005,0.080794
40109108006,0.029732
40109108007,0.020831
40109108008,0.034852
40109108009,0.037358
40109108010,0.039417
40109108011,0.04963
40109108101,0.256026
40109108106,0.145927
40109108107,0.137498
40109108109,0.120787
40109108110,0.134075
40109108113,0.123555
40109108114,0.143219
40109108201,0.097788
40109108203,0.015626
40109108204,0.054293
40109108207,0.072942
40109108208,0.020698
40109108215,0.053553
40109108216,0.035424
40109108217,0.01802
40109108222,0.021646
40109108223,0.027848
40109108224,0.031436
40109108225,0.039078
40109108226,0.022063
40109108227,0.011493
40109108228,0.057664
40109108229,0.021777
40109108230,0.015657
40109108231,0.012993
40109108232,0.016028
40109108233,0.022379
40109108234,0.024527
40109108235,0.063631
40109108236,0.02559
40109108237,0.037483
40109108238,0.039078
40109108301,0.027721
40109108302,0.065594
40109108304,0.063454
40109108307,0.046453
40109108309,0.039654
40109108310,0.014703
40109108314,0.029312
40109108317,0.019406
40109108318,0.024484
40109108319,0.063739
40109108320,0.015041
40109108321,0.030476
40109108322,0.037342
40109108323,0.057575
40109108324,0.015727
40109108325,0.026277
40109108326,0.027499
40109108402,0.035992
40109108403,0.032644
40109108404,0.013551
40109108506,0.112542
40109108507,0.12695
40109108508,0.179452
40109108513,0.031526
40109108514,0.11451
40109108515,0.067302
40109108520,0.079267
40109108521,0.217256
40109108523,0.053755
40109108524,0.023035
40109108525,0.02465
40109108526,0.081434
40109108527,0.050711
40109108528,0.011845
40109108529,0.012352
40109108530,0.021471
40109108531,0.057321
40109108532,0.206169
40109108533,0.225895
40109108534,0.055905
40109108535,0.024367
40109108536,0.062874
40109108537,0.020829
40109108538,0.066763
40109108603,0.153452
40109108604,0.035178
40109108701,0.138948
40109108706,0.038032
40109108707,0.025189
40109108708,0.150167
40109108709,0.129916
40109108710,0.035095
40109108711,0.031977
40109108712,0.174668
40109108713,0.193134
40109108802,0.183533
40109108803,0.025992
40109108804,0.043049
40109108805,0.160147
40109108806,0.013858
40109108807,0.019151
40109108900,0.335322
40109109001,0.183266
40109109003,0.1473
40109109004,0.144065
40109109202,0.20769
40109109203,0.239158
40109109204,0.201596
40109109205,0.168182
40109109300,0.110892
40109109400,0.021676
40109109500,0.020153
40109109600,0.024396
40109109700,0.024294
40109109800,0.047067
40109109900,0.019259
40109110000,0.015878
40109980001,0.032073
40109980002,0.172094
40109980003,0.062125
40109980004,0.050382
40109980005,0.027683
40109980006,0.051057
40109980007,0.142328
40109980008,0.027685
40109980009,0.303572
40111000100,0.154862
40111000200,0.174008
40111000300,0.185513
40111000400,0.133732
40111000500,0.208763
40111000601,0.145538
40111000602,0.105496
40111000700,0.083009
40111000800,0.144297
40111000901,0.167619
40111000902,0.170415
40113940001,0.158149
40113940003,0.187722
40113940004,0.155236
40113940005,0.136788
40113940006,0.026116
40113940007,0.202205
40113940008,0.157879
40113940009,0.203876
40113940011,0.134033
40113940012,0.152529
40113940013,0.226408
40113940014,0.348547
40113940015,0.171699
40115574100,0.148973
40115574200,0.229863
40115574300,0.17688
40115574400,0.221915
40115574500,0.255275
40115574600,0.186979
40115574700,0.175009
40115574800,0.124652
40115574900,0.159555
40117957100,0.157908
40117957200,0.142751
40117957300,0.158271
40117957400,0.195042
40117957500,0.14276
40119010101,0.124594
40119010102,0.092341
40119010201,0.028649
40119010202,0.036757
40119010300,0.100467
40119010400,0.105771
40119010501,0.130831
40119010502,0.037386
40119010503,0.156697
40119010600,0.180833
40119010700,0.075557
40119010800,0.217558
40119010901,0.105461
40119010902,0.204694
40119011001,0.160702
40119011002,0.181972
40119011101,0.209626
40119011103,0.217063
40119011104,0.206793
40119011200,0.184936
40119011301,0.140752
40119011302,0.03762
40119011400,0.15755
40121485601,0.256243
40121485602,0.250412
40121485700,0.159319
40121485800,0.130024
40121485900,0.199444
40121486000,0.15147
40121486100,0.118157
40121486200,0.182233
40121486300,0.17862
40121486400,0.139054
40121486500,0.113393
40121486600,0.161958
40121486700,0.111288
40121486800,0.178212
40123088600,0.156616
40123088700,0.139381
40123088801,0.21178
40123088802,0.073614
40123088900,0.204595
40123089000,0.175366
40123089100,0.054561
40123089200,0.032496
40123089300,0.115872
40123089598,0.125172
40123089600,0.17032
40125500200,0.116535
40125500301,0.211268
40125500302,0.25719
40125500400,0.317615
40125500500,0.206312
40125500600,0.306305
40125500700,0.201855
40125500800,0.219784
40125500901,0.156791
40125500902,0.165069
40125501003,0.100575
40125501004,0.124473
40125501005,0.136587
40125501006,0.215723
40125501101,0.079383
40125501103,0.128487
40125501104,0.232053
40125501105,0.228427
40125501201,0.197906
40125501300,0.157407
40127097600,0.143505
40127097701,0.133523
40127097702,0.144304
40127097800,0.121249
40129960000,0.080865
40131050101,0.165937
40131050103,0.29195
40131050104,0.227036
40131050105,0.160596
40131050201,0.221306
40131050202,0.169597
40131050203,0.183072
40131050301,0.143638
40131050302,0.219274
40131050303,0.224952
40131050304,0.158682
40131050403,0.261628
40131050404,0.245607
40131050405,0.187857
40131050406,0.123772
40131050407,0.117878
40131050408,0.174739
40131050409,0.199873
40131050501,0.158511
40131050502,0.157267
40131050601,0.184327
40131050602,0.193805
40131050603,0.255257
40131050604,0.153589
40131050701,0.184671
40131050702,0.154804
40131050801,0.13564
40131050802,0.089977
40133583100,0.135487
40133583200,0.213545
40133583300,0.235558
40133583400,0.137312
40133583500,0.029006
40133583600,0.144035
40133583700,0.12787
40133583800,0.144486
40133583900,0.150631
40135030101,0.106385
40135030103,0.21992
40135030105,0.138637
40135030106,0.206718
40135030201,0.139832
40135030202,0.135442
40135030301,0.164855
40135030303,0.283938
40135030304,0.151237
40135030401,0.184777
40135030403,0.171827
40135030404,0.175479
40137000101,0.052868
40137000102,0.095435
40137000200,0.169707
40137000300,0.167475
40137000400,0.249087
40137000600,0.081652
40137000800,0.143643
40137000901,0.151036
40137000902,0.145482
40137001000,0.069468
40137001100,0.119045
40141070100,0.132122
40141070200,0.117064
40141070300,0.116307
40141070400,0.272379
40141070500,0.090172
40143000200,0.100066
40143000300,0.020359
40143000400,0.013803
40143000500,0.106481
40143000800,0.011453
40143000900,0.012205
40143001000,0.037916
40143001200,0.092375
40143001300,0.043575
40143001400,0.079886
40143001500,0.057636
40143001600,0.090109
40143001700,0.143699
40143001800,0.140568
40143001900,0.167019
40143002000,0.127135
40143002100,0.09337
40143002301,0.112155
40143002500,0.060809
40143002700,0.058907
40143002900,0.111037
40143003000,0.16804
40143003100,0.048996
40143003200,0.025483
40143003300,0.021364
40143003400,0.124577
40143003500,0.10975
40143003600,0.114326
40143003700,0.033942
40143003800,0.038198
40143003900,0.072991
40143004000,0.022129
40143004101,0.082208
40143004200,0.067598
40143004301,0.023233
40143004302,0.019611
40143004400,0.046201
40143004500,0.037087
40143004600,0.082076
40143004700,0.140549
40143004800,0.106489
40143004900,0.143118
40143005001,0.021457
40143005002,0.100173
40143005100,0.033387
40143005200,0.048908
40143005300,0.013582
40143005401,0.097137
40143005403,0.150641
40143005404,0.135888
40143005500,0.182063
40143005600,0.194908
40143005700,0.19174
40143005801,0.044631
40143005805,0.058514
40143005808,0.061041
40143005809,0.026553
40143005810,0.11844
40143005811,0.117059
40143005812,0.013433
40143005813,0.020384
40143005900,0.123056
40143006000,0.066525
40143006200,0.013307
40143006506,0.167234
40143006507,0.192853
40143006600,0.149239
40143006701,0.09219
40143006703,0.039233
40143006708,0.058563
40143006709,0.097889
40143006710,0.084243
40143006711,0.034985
40143006712,0.108023
40143006713,0.092799
40143006801,0.020755
40143006803,0.063415
40143006804,0.061343
40143006901,0.025401
40143006902,0.018035
40143006903,0.020952
40143006905,0.018674
40143006906,0.06902
40143006907,0.059497
40143007000,0.032323
40143007101,0.025353
40143007102,0.040351
40143007200,0.163225
40143007304,0.056769
40143007306,0.034187
40143007308,0.147651
40143007309,0.126255
40143007310,0.048446
40143007311,0.033093
40143007312,0.059854
40143007313,0.091293
40143007314,0.07178
40143007402,0.050468
40143007408,0.04285
40143007409,0.013637
40143007410,0.030478
40143007411,0.024396
40143007412,0.016197
40143007413,0.035544
40143007414,0.041724
40143007415,0.083358
40143007416,0.023966
40143007417,0.082446
40143007503,0.017091
40143007507,0.015716
40143007510,0.031119
40143007511,0.014752
40143007512,0.023381
40143007518,0.014487
40143007519,0.013053
40143007520,0.013697
40143007522,0.048503
40143007523,0.03669
40143007525,0.025305
40143007526,0.032107
40143007527,0.028628
40143007528,0.039792
40143007529,0.017942
40143007530,0.063847
40143007531,0.065672
40143007532,0.020165
40143007533,0.036413
40143007534,0.03449
40143007535,0.112482
40143007536,0.039338
40143007608,0.030116
40143007611,0.03657
40143007612,0.01267
40143007613,0.065206
40143007614,0.065405
40143007615,0.015096
40143007616,0.05147
40143007617,0.019071
40143007619,0.015495
40143007629,0.098845
40143007630,0.11034
40143007631,0.01699
40143007632,0.035721
40143007633,0.062383
40143007634,0.037151
40143007636,0.131795
40143007638,0.064132
40143007639,0.024293
40143007641,0.057213
40143007642,0.036995
40143007643,0.028796
40143007644,0.016238
40143007645,0.015739
40143007646,0.207112
40143007647,0.037385
40143007648,0.0497
40143007649,0.048328
40143007650,0.136312
40143007651,0.272096
40143007652,0.153453
40143007653,0.039088
40143007654,0.024724
40143007655,0.16458
40143007656,0.098286
40143007703,0.1532
40143007704,0.148677
40143007705,0.139233
40143007706,0.01651
40143007707,0.151347
40143007801,0.183182
40143007803,0.173712
40143007804,0.290292
40143007900,0.131581
40143008001,0.214745
40143008002,0.030483
40143008200,0.048333
40143008300,0.15791
40143008400,0.013482
40143008501,0.022531
40143008502,0.04998
40143008600,0.025567
40143008700,0.022513
40143008800,0.062431
40143008900,0.107627
40143009006,0.036765
40143009008,0.059516
40143009010,0.012935
40143009011,0.093011
40143009012,0.032165
40143009013,0.030915
40143009014,0.020516
40143009015,0.041178
40143009016,0.028652
40143009017,0.015736
40143009018,0.01963
40143009019,0.028517
40143009020,0.039
40143009021,0.049008
40143009101,0.232147
40143009104,0.229347
40143009200,0.106773
40143009300,0.155316
40143009401,0.151559
40143009403,0.091813
40143009404,0.152052
40143009500,0.147338
40143011300,0.027477
40143011400,0.04959
40145030101,0.14325
40145030102,0.145063
40145030201,0.269583
40145030202,0.109198
40145030300,0.12284
40145030402,0.086969
40145030403,0.222739
40145030406,0.025628
40145030407,0.03654
40145030408,0.158831
40145030502,0.081879
40145030505,0.033189
40145030506,0.100188
40145030507,0.013542
40145030508,0.15504
40145030509,0.02062
40145030510,0.151613
40145030511,0.132989
40145030512,0.163008
40145030601,0.033368
40145030603,0.149739
40145030604,0.220165
40145030605,0.084789
40145030798,0.127905
40145030800,0.145018
40147000100,0.036664
40147000200,0.147073
40147000300,0.078838
40147000400,0.181696
40147000500,0.01794
40147000601,0.234498
40147000602,0.258642
40147000700,0.171652
40147000800,0.199382
40147000900,0.020478
40147001000,0.100878
40147001100,0.129616
40147001200,0.156822
40147001300,0.123277
40149964900,0.179208
40149965000,0.17298
40149965100,0.138554
40149965400,0.126301
40151954201,0.102056
40151954202,0.132462
40151954300,0.240244
40151954400,0.147736
40153953100,0.084149
40153953200,0.138911
40153953300,0.105283
40153953400,0.123697
40153953500,0.27527
04001944902,0.033867
04001945100,0.068518
04001970201,0.155943
04001970202,0.058491
04001970300,0.160747
04001970501,0.113965
04001970502,0.132825
04003000101,0.066041
04003000102,0.133905
04003000201,0.055716
04003000202,0.084861
04003000203,0.12428
04003000301,0.089447
04003000303,0.105928
04003000304,0.121422
04003000305,0.260692
04003000400,0.033098
04003000501,0.065267
04003000502,0.074578
04003000503,0.23906
04003000600,0.047071
04003000700,0.22864
04003000800,0.021548
04003000901,0.028054
04003000902,0.179059
04003001000,0.095788
04003001100,0.08487
04003001200,0.067112
04003001301,0.047909
04003001302,0.083756
04003001401,0.034872
04003001402,0.046807
04003001501,0.026279
04003001502,0.034871
04003001601,0.020066
04003001602,0.046557
04003001701,0.119642
04003001702,0.025289
04003001703,0.22477
04003001801,0.021032
04003001802,0.013315
04003001900,0.164194
04003002001,0.09487
04003002002,0.02549
04003002100,0.02385
04005000200,0.032539
04005000601,0.03206
04005000602,0.060585
04005000700,0.2018
04005000800,0.043819
04005000901,0.040776
04005000902,0.013207
04005001000,0.045226
04005001101,0.022997
04005001103,0.098604
04005001104,0.128064
04005001201,0.131246
04005001302,0.093839
04005001500,0.128083
04005001601,0.119655
04005001602,0.098147
04005001700,0.126416
04005002201,0.141358
04005002202,0.067464
04005002302,0.091962
04005945100,0.04668
04005980100,0.421598
04005980200,0.066122
04007000100,0.106399
04007000200,0.170872
04007000301,0.150654
04007000302,0.15195
04007000400,0.141869
04007000500,0.198162
04007000600,0.253011
04007000700,0.167854
04007000800,0.233228
04007000900,0.104413
04007001000,0.115745
04007001100,0.10949
04007001200,0.165516
04007001300,0.073482
04007940200,0.074903
04007940400,0.034524
04009940500,0.073251
04009961100,0.211954
04009961201,0.077337
04009961202,0.288281
04009961300,0.094945
04009961400,0.227832
04009961500,0.121503
04009961600,0.17493
04009961700,0.196025
04011960100,0.064591
04011960200,0.101648
04011960300,0.100733
04012020101,0.084039
04012020102,0.087323
04013010102,0.11682
04013010103,0.216441
04013010104,0.043325
04013030401,0.121157
04013030402,0.022761
04013040502,0.05117
04013040506,0.036805
04013040507,0.046913
04013040512,0.188155
04013040513,0.14234
04013040514,0.070935
04013040515,0.067421
04013040516,0.017203
04013040522,0.095796
04013040523,0.079505
04013040524,0.076565
04013040525,0.076526
04013040526,0.03065
04013040527,0.144881
04013040528,0.051125
04013040529,0.161531
04013040530,0.022891
04013040531,0.076682
04013040532,0.025551
04013040533,0.014683
04013040534,0.019069
04013040535,0.032382
04013040536,0.012056
04013040537,0.055837
04013040538,0.019737
04013040539,0.059175
04013040540,0.073227
04013040541,0.095753
04013050603,0.249376
04013050604,0.258304
04013050609,0.07328
04013050611,0.01275
04013050612,0.011578
04013050613,0.128984
04013050614,0.02469
04013050615,0.012168
04013050616,0.022323
04013050617,0.035542
04013050618,0.030166
04013050619,0.016582
04013050620,0.016494
04013050621,0.039642
04013050701,0.081585
04013050702,0.040495
04013060801,0.067547
04013060802,0.026625
04013060901,0.016161
04013060902,0.050195
04013060903,0.092022
04013060904,0.273046
04013061010,0.11096
04013061011,0.039765
04013061013,0.023034
04013061014,0.026642
04013061015,0.022157
04013061017,0.044572
04013061018,0.015317
04013061020,0.015638
04013061021,0.016576
04013061024,0.067389
04013061026,0.013075
04013061027,0.0205
04013061028,0.021977
04013061029,0.016921
04013061031,0.028097
04013061032,0.011739
04013061033,0.026164
04013061034,0.023018
04013061035,0.054825
04013061036,0.011049
04013061037,0.013863
04013061038,0.013646
04013061039,0.030732
04013061040,0.022728
04013061041,0.04253
04013061042,0.025665
04013061043,0.012605
04013061044,0.013777
04013061045,0.015953
04013061046,0.049296
04013061047,0.030918
04013061048,0.015357
04013061049,0.01098
04013061050,0.037344
04013061051,0.014769
04013061052,0.012971
04013061053,0.014884
04013061054,0.07124
04013061055,0.011041
04013061056,0.012371
04013061057,0.011941
04013061058,0.012783
04013061059,0.015931
04013061060,0.026643
04013061061,0.010241
04013061062,0.014729
04013061063,0.031525
04013061064,0.013375
04013061100,0.226532
04013061200,0.017005
04013061300,0.040771
04013061401,0.047798
04013061402,0.148101
04013071503,0.048532
04013071504,0.025029
04013071505,0.039264
04013071506,0.037105
04013071509,0.01809
04013071510,0.016858
04013071511,0.058479
04013071512,0.026833
04013071513,0.043662
04013071514,0.018629
04013071515,0.058268
04013071516,0.024604
04013071517,0.017416
04013071600,0.236458
04013071701,0.023311
04013071702,0.027116
04013071801,0.017674
04013071802,0.042007
04013071903,0.01861
04013071906,0.043937
04013071909,0.022187
04013071910,0.027146
04013071911,0.014735
04013071912,0.032421
04013071913,0.017365
04013071914,0.014894
04013071915,0.041682
04013082002,0.012511
04013082007,0.017419
04013082008,0.040308
04013082009,0.015779
04013082010,0.021757
04013082012,0.015596
04013082016,0.018962
04013082017,0.02255
04013082018,0.014032
04013082019,0.014418
04013082020,0.016755
04013082021,0.037125
04013082022,0.012132
04013082023,0.055744
04013082024,0.056123
04013082025,0.052027
04013082026,0.012776
04013082027,0.046593
04013082028,0.014021
04013082204,0.018071
04013082205,0.014871
04013082206,0.018228
04013082207,0.014013
04013082208,0.015901
04013082209,0.10065
04013082210,0.021854
04013082211,0.036004
04013082212,0.014721
04013082213,0.011017
04013083000,0.01797
04013092305,0.014484
04013092306,0.026848
04013092307,0.031114
04013092308,0.013151
04013092309,0.013289
04013092311,0.033089
04013092312,0.022033
04013092401,0.021093
04013092402,0.012069
04013092500,0.013815
04013092600,0.030226
04013092705,0.026283
04013092708,0.020931
04013092709,0.013154
04013092710,0.058984
04013092711,0.011642
04013092712,0.021437
04013092713,0.010783
04013092715,0.048654
04013092716,0.01119
04013092717,0.046771
04013092718,0.032739
04013092719,0.018456
04013092720,0.019311
04013092721,0.011181
04013092723,0.01327
04013092724,0.050593
04013092801,0.014408
04013092802,0.055904
04013092900,0.017361
04013093001,0.012423
04013093002,0.012265
04013093101,0.024259
04013093104,0.032464
04013093105,0.010896
04013093106,0.047892
04013093200,0.034447
04013103205,0.025891
04013103206,0.028177
04013103207,0.015237
04013103208,0.068311
04013103209,0.023351
04013103210,0.016676
04013103211,0.028899
04013103212,0.015801
04013103214,0.013727
04013103215,0.057312
04013103216,0.018875
04013103217,0.017805
04013103219,0.10976
04013103220,0.038173
04013103302,0.015179
04013103303,0.016221
04013103304,0.014556
04013103305,0.050111
04013103306,0.034018
04013103400,0.022139
04013103501,0.013443
04013103502,0.05388
04013103604,0.071949
04013103605,0.012689
04013103606,0.014377
04013103607,0.083305
04013103608,0.0182
04013103609,0.013011
04013103611,0.034679
04013103612,0.021015
04013103614,0.021458
04013103615,0.021442
04013103701,0.025837
04013103702,0.048831
04013103900,0.031071
04013104000,0.016855
04013104100,0.029924
04013104202,0.013716
04013104203,0.013689
04013104204,0.013586
04013104205,0.01224
04013104206,0.015915
04013104207,0.013001
04013104212,0.014984
04013104214,0.013918
04013104215,0.015242
04013104216,0.03362
04013104217,0.027286
04013104218,0.015067
04013104219,0.011972
04013104221,0.018215
04013104222,0.012375
04013104223,0.013993
04013104224,0.012854
04013104225,0.015231
04013104226,0.023091
04013104227,0.055699
04013104301,0.034701
04013104302,0.025062
04013104401,0.0198
04013104402,0.019396
04013104501,0.037211
04013104502,0.026669
04013104600,0.019268
04013104701,0.035584
04013104702,0.029744
04013104801,0.027508
04013104802,0.015159
04013104900,0.014024
04013105002,0.013867
04013105003,0.017092
04013105004,0.05076
04013105101,0.01938
04013105102,0.023491
04013105103,0.053458
04013105200,0.014506
04013105300,0.016183
04013105400,0.026396
04013105501,0.012611
04013105502,0.013649
04013105503,0.021561
04013105601,0.057539
04013105602,0.011147
04013105701,0.018839
04013105702,0.01397
04013105800,0.014735
04013105900,0.025264
04013106001,0.029862
04013106002,0.013839
04013106003,0.012384
04013106100,0.015705
04013106200,0.048301
04013106300,0.021411
04013106400,0.014997
04013106501,0.014953
04013106502,0.01458
04013106600,0.014096
04013106701,0.03928
04013106702,0.057974
04013106703,0.042086
04013106801,0.043737
04013106802,0.014306
04013106900,0.012097
04013107001,0.013092
04013107002,0.011323
04013107101,0.069292
04013107102,0.014047
04013107201,0.193538
04013107202,0.010602
04013107300,0.016027
04013107401,0.017384
04013107402,0.045558
04013107403,0.025837
04013107404,0.020239
04013107500,0.018992
04013107601,0.032119
04013107602,0.036672
04013107700,0.022702
04013107800,0.084457
04013107900,0.063953
04013108000,0.012464
04013108100,0.038133
04013108200,0.055496
04013108301,0.127674
04013108302,0.037976
04013108400,0.050248
04013108501,0.044654
04013108502,0.149611
04013108601,0.018362
04013108602,0.019356
04013108802,0.022043
04013108901,0.02523
04013108902,0.012
04013109001,0.034679
04013109002,0.013648
04013109003,0.011365
04013109101,0.013489
04013109102,0.049544
04013109200,0.043761
04013109300,0.013059
04013109401,0.012207
04013109402,0.046076
04013109500,0.011561
04013109601,0.046486
04013109602,0.017815
04013109603,0.012893
04013109604,0.032445
04013109702,0.066992
04013109703,0.013151
04013109704,0.035474
04013109705,0.028189
04013109706,0.021696
04013109707,0.01643
04013109801,0.016973
04013109802,0.039235
04013109900,0.037925
04013110001,0.01798
04013110002,0.117793
04013110100,0.022015
04013110400,0.013596
04013110501,0.021531
04013110502,0.022817
04013110600,0.016712
04013110701,0.039682
04013110702,0.017796
04013110801,0.023865
04013110802,0.012683
04013110901,0.028427
04013110902,0.053107
04013111000,0.023949
04013111100,0.01133
04013111201,0.017885
04013111202,0.011574
04013111203,0.087875
04013111204,0.026263
04013111300,0.011088
04013111401,0.076317
04013111402,0.012535
04013111501,0.013119
04013111502,0.010944
04013111601,0.016117
04013111602,0.034706
04013111700,0.037092
04013111800,0.025271
04013111900,0.111675
04013112100,0.013318
04013112201,0.012383
04013112202,0.037677
04013112301,0.0122
04013112302,0.032012
04013112401,0.016461
04013112402,0.017683
04013112502,0.013471
04013112504,0.020371
04013112507,0.022543
04013112508,0.065981
04013112510,0.013623
04013112512,0.036497
04013112514,0.015071
04013112515,0.012676
04013112516,0.024716
04013112517,0.016617
04013112518,0.01742
04013112519,0.011065
04013112520,0.070139
04013112521,0.021874
04013112522,0.019553
04013112523,0.027904
04013112524,0.013114
04013112601,0.060895
04013112602,0.013142
04013112700,0.01758
04013112900,0.020256
04013113000,0.0333
04013113100,0.019412
04013113201,0.163666
04013113202,0.24181
04013113204,0.040965
04013113301,0.0297
04013113502,0.031617
04013113503,0.027174
04013113601,0.012843
04013113602,0.155167
04013113701,0.01233
04013113702,0.02154
04013113800,0.054964
04013113900,0.047072
04013114000,0.032685
04013114100,0.060127
04013114200,0.016895
04013114301,0.022203
04013114302,0.016147
04013114401,0.036771
04013114402,0.030543
04013114500,0.020606
04013114600,0.021677
04013114704,0.202421
04013114705,0.32916
04013114800,0.108767
04013114900,0.013696
04013115200,0.02704
04013115300,0.058233
04013115400,0.018859
04013115500,0.013013
04013115600,0.010562
04013115700,0.015561
04013115801,0.02094
04013115802,0.012363
04013115900,0.013167
04013116000,0.01192
04013116100,0.013352
04013116202,0.020923
04013116203,0.04851
04013116204,0.033517
04013116205,0.029976
04013116300,0.01185
04013116400,0.034812
04013116500,0.014801
04013116605,0.018085
04013116606,0.060208
04013116607,0.019771
04013116610,0.099368
04013116611,0.025333
04013116612,0.011944
04013116614,0.01749
04013116615,0.014718
04013116616,0.036443
04013116617,0.115984
04013116618,0.020688
04013116619,0.013099
04013116620,0.016955
04013116621,0.019085
04013116703,0.018164
04013116707,0.023432
04013116708,0.058488
04013116709,0.024977
04013116710,0.014459
04013116711,0.018731
04013116712,0.027573
04013116713,0.019995
04013116714,0.012772
04013116715,0.020053
04013116717,0.067917
04013116718,0.058357
04013116719,0.021852
04013116720,0.018941
04013116721,0.020042
04013116725,0.019085
04013116727,0.031953
04013116728,0.011929
04013116729,0.058683
04013116730,0.073233
04013116731,0.024731
04013116732,0.020464
04013116733,0.094049
04013116734,0.017332
04013116735,0.011838
04013116736,0.011675
04013116737,0.020075
04013116738,0.01311
04013116800,0.01609
04013116900,0.037334
04013117000,0.013668
04013117100,0.013194
04013117200,0.029864
04013117300,0.079536
04013216806,0.052253
04013216807,0.016065
04013216809,0.014564
04013216810,0.030105
04013216813,0.022156
04013216816,0.01604
04013216819,0.014944
04013216820,0.015935
04013216821,0.017405
04013216822,0.024631
04013216826,0.02573
04013216829,0.055583
04013216830,0.019111
04013216831,0.059717
04013216832,0.014356
04013216833,0.066776
04013216834,0.06445
04013216835,0.022924
04013216836,0.028185
04013216837,0.017146
04013216838,0.011544
04013216839,0.026476
04013216840,0.041607
04013216841,0.027598
04013216842,0.016989
04013216843,0.040849
04013216844,0.020489
04013216845,0.051558
04013216849,0.033806
04013216850,0.057039
04013216851,0.082442
04013216852,0.013285
04013216853,0.01995
04013216854,0.040883
04013216855,0.025942
04013216856,0.069919
04013216857,0.03084
04013216858,0.022945
04013216859,0.01379
04013216860,0.06433
04013216861,0.014744
04013216901,0.017298
04013216902,0.011832
04013217001,0.074023
04013217002,0.013431
04013217101,0.08368
04013217102,0.040434
04013217201,0.058526
04013217203,0.048112
04013217204,0.030011
04013217300,0.045878
04013217400,0.04603
04013217501,0.012972
04013217502,0.025589
04013217600,0.022928
04013217700,0.142833
04013217800,0.01952
04013217900,0.019783
04013218000,0.022884
04013218100,0.028881
04013218200,0.012991
04013218300,0.043553
04013318400,0.080408
04013318501,0.017773
04013318700,0.058261
04013318800,0.013923
04013318900,0.016669
04013319001,0.026983
04013319002,0.012585
04013319101,0.10752
04013319103,0.028926
04013319104,0.123114
04013319201,0.015904
04013319202,0.047593
04013319300,0.018854
04013319401,0.014398
04013319402,0.014563
04013319403,0.013182
04013319404,0.03893
04013319500,0.023376
04013319600,0.019637
04013319705,0.079627
04013319706,0.062788
04013319707,0.036422
04013319708,0.012563
04013319709,0.037526
04013319710,0.019793
04013319801,0.014726
04013319802,0.013284
04013319902,0.021683
04013319903,0.016779
04013319904,0.082407
04013319905,0.014379
04013319906,0.055843
04013319907,0.016722
04013319908,0.041207
04013319909,0.021235
04013319910,0.032079
04013320001,0.064177
04013320002,0.120517
04013320007,0.012825
04013320100,0.028387
04013420104,0.058215
04013420105,0.023635
04013420107,0.012621
04013420108,0.021022
04013420109,0.033629
04013420110,0.014787
04013420111,0.012309
04013420112,0.02074
04013420113,0.029488
04013420114,0.085628
04013420115,0.022272
04013420116,0.089233
04013420202,0.066995
04013420206,0.022683
04013420207,0.017124
04013420208,0.014189
04013420209,0.02251
04013420210,0.025783
04013420211,0.033698
04013420212,0.048322
04013420213,0.016694
04013420214,0.098044
04013420215,0.026921
04013420216,0.018029
04013420301,0.050391
04013420302,0.018049
04013420303,0.013184
04013420304,0.053823
04013420401,0.061129
04013420402,0.017844
04013420503,0.032767
04013420504,0.033716
04013420505,0.013529
04013420506,0.099197
04013420602,0.058836
04013420603,0.017605
04013420604,0.012294
04013420704,0.0172
04013420705,0.020141
04013420706,0.021299
04013420707,0.034511
04013420708,0.034395
04013420709,0.035952
04013420710,0.031392
04013420800,0.013103
04013420901,0.016843
04013420902,0.014154
04013421001,0.150564
04013421002,0.025536
04013421101,0.027706
04013421102,0.025817
04013421201,0.024893
04013421202,0.154064
04013421302,0.052233
04013421303,0.039405
04013421304,0.015946
04013421400,0.021853
04013421501,0.015802
04013421502,0.021731
04013421601,0.051225
04013421602,0.021004
04013421701,0.017757
04013421702,0.038121
04013421801,0.021952
04013421802,0.028802
04013421901,0.017681
04013421902,0.041734
04013422001,0.027943
04013422002,0.029203
04013422102,0.028213
04013422103,0.049595
04013422104,0.013162
04013422105,0.01738
04013422106,0.074302
04013422107,0.08638
04013422203,0.04064
04013422209,0.019041
04013422210,0.016306
04013422211,0.015202
04013422212,0.058651
04013422213,0.019124
04013422215,0.015552
04013422216,0.026028
04013422217,0.108831
04013422218,0.011702
04013422219,0.012441
04013422220,0.020867
04013422221,0.033863
04013422222,0.013414
04013422223,0.0296
04013422224,0.071711
04013422225,0.017841
04013422226,0.112523
04013422227,0.013616
04013422301,0.016318
04013422302,0.014888
04013422304,0.088465
04013422305,0.017908
04013422307,0.033385
04013422308,0.020884
04013422309,0.02402
04013422401,0.04259
04013422402,0.01248
04013422403,0.024178
04013422404,0.016141
04013422501,0.012439
04013422502,0.019138
04013422503,0.013313
04013422504,0.058281
04013422506,0.088651
04013422507,0.032284
04013422508,0.014146
04013422509,0.116059
04013422510,0.021914
04013422511,0.019165
04013422512,0.015533
04013422513,0.026722
04013422514,0.070855
04013422607,0.092757
04013422609,0.082127
04013422610,0.022357
04013422615,0.017546
04013422617,0.016482
04013422618,0.025148
04013422620,0.070957
04013422621,0.048028
04013422622,0.017316
04013422623,0.013065
04013422624,0.024396
04013422625,0.038026
04013422626,0.029216
04013422627,0.01893
04013422628,0.01938
04013422629,0.038096
04013422630,0.014238
04013422632,0.02523
04013422633,0.020751
04013422634,0.027073
04013422636,0.02249
04013422637,0.021219
04013422638,0.018184
04013422639,0.037744
04013422640,0.030559
04013422642,0.028447
04013422643,0.037874
04013422647,0.015343
04013422648,0.013134
04013422649,0.018547
04013422650,0.019796
04013422651,0.021632
04013422652,0.027426
04013422653,0.016052
04013422654,0.013728
04013422655,0.025783
04013422656,0.032421
04013422657,0.019011
04013422658,0.020225
04013422659,0.022274
04013422660,0.020223
04013522801,0.402747
04013522802,0.011015
04013522901,0.016232
04013522903,0.101927
04013522904,0.014482
04013523002,0.015133
04013523005,0.01455
04013523006,0.115026
04013523007,0.076895
04013523008,0.011621
04013523102,0.015765
04013523103,0.027842
04013523104,0.020272
04013610001,0.255462
04013610002,0.102203
04013610100,0.01199
04013610201,0.033935
04013610202,0.026873
04013610301,0.058015
04013610302,0.019531
04013610400,0.03397
04013610500,0.020564
04013610600,0.016153
04013610700,0.087715
04013610800,0.026777
04013610901,0.058529
04013610902,0.020719
04013610903,0.030862
04013611000,0.02455
04013611100,0.012619
04013611200,0.013306
04013611300,0.018079
04013611400,0.043318
04013611500,0.011205
04013611600,0.013483
04013611700,0.048534
04013611800,0.022269
04013611900,0.015091
04013612000,0.022639
04013612200,0.037457
04013612301,0.033045
04013612302,0.01551
04013612401,0.011506
04013612402,0.034294
04013612500,0.064978
04013612600,0.017756
04013612700,0.038156
04013612800,0.055
04013612900,0.019781
04013613000,0.013588
04013613100,0.012564
04013613200,0.021502
04013613300,0.01479
04013613400,0.014649
04013613500,0.105387
04013613601,0.017028
04013613602,0.018408
04013613700,0.049573
04013613800,0.012721
04013613900,0.017756
04013614000,0.019815
04013614100,0.012262
04013614200,0.019968
04013614300,0.042842
04013614400,0.056587
04013614500,0.015366
04013614601,0.035528
04013614602,0.084832
04013614700,0.035289
04013614800,0.014483
04013614900,0.144234
04013615001,0.01221
04013615002,0.022127
04013615100,0.060302
04013615201,0.031656
04013615202,0.079097
04013615300,0.026951
04013615400,0.029148
04013615500,0.031089
04013615600,0.052468
04013615700,0.031687
04013615800,0.011455
04013615900,0.026752
04013616000,0.01319
04013616100,0.012971
04013616200,0.032729
04013616300,0.01128
04013616400,0.064237
04013616500,0.015694
04013616600,0.021154
04013616700,0.031424
04013616800,0.01401
04013616900,0.016038
04013617001,0.044137
04013617002,0.037388
04013617100,0.049194
04013617200,0.017677
04013617300,0.020836
04013617400,0.113082
04013617500,0.029929
04013617600,0.022469
04013617700,0.032099
04013617800,0.049807
04013617900,0.017006
04013618000,0.015798
04013618100,0.014197
04013618200,0.011203
04013618300,0.014335
04013618400,0.011978
04013618500,0.01793
04013618600,0.019411
04013618700,0.011456
04013618800,0.019227
04013618900,0.035561
04013619000,0.035315
04013619100,0.030796
04013619200,0.033575
04013619300,0.010296
04013619400,0.046691
04013619500,0.023086
04013619601,0.031494
04013619602,0.015251
04013619700,0.012821
04013619800,0.014963
04013619900,0.019729
04013723304,0.065618
04013723305,0.083785
04013723306,0.08801
04013723307,0.03999
04013723309,0.010393
04013723310,0.01944
04013723311,0.024137
04013810000,0.033151
04013810100,0.013851
04013810200,0.04115
04013810300,0.012715
04013810400,0.01881
04013810500,0.014199
04013810600,0.021833
04013810700,0.014819
04013810800,0.021977
04013810900,0.016565
04013811000,0.044032
04013811100,0.063586
04013811200,0.043597
04013811300,0.018745
04013811400,0.013781
04013811500,0.011462
04013811600,0.014725
04013811700,0.012581
04013811800,0.033437
04013811900,0.015904
04013812000,0.04428
04013812100,0.029976
04013812200,0.030141
04013812300,0.013472
04013812400,0.01451
04013812500,0.022045
04013812600,0.022859
04013812700,0.013961
04013812801,0.012094
04013812802,0.054251
04013812900,0.013903
04013813000,0.023918
04013813100,0.011746
04013813200,0.014232
04013813300,0.028094
04013813400,0.029911
04013813500,0.032502
04013813600,0.013923
04013813700,0.023353
04013813800,0.027019
04013813900,0.019563
04013814000,0.026195
04013814100,0.013788
04013814200,0.038516
04013814300,0.022183
04013814400,0.020234
04013814500,0.092227
04013814600,0.020761
04013814700,0.011677
04013814801,0.023822
04013814802,0.016366
04013814900,0.013657
04013815000,0.016535
04013815100,0.010751
04013815201,0.024557
04013815202,0.012436
04013815203,0.023913
04013815300,0.053945
04013815401,0.028284
04013815402,0.022316
04013815501,0.018128
04013815502,0.045953
04013815601,0.016469
04013815602,0.011426
04013815700,0.0241
04013815800,0.020309
04013815901,0.042462
04013815902,0.012647
04013816001,0.036345
04013816002,0.018175
04013816003,0.029677
04013816004,0.030368
04013816005,0.016822
04013816100,0.041237
04013816200,0.0142
04013816301,0.030189
04013816302,0.033287
04013816401,0.028148
04013816402,0.014574
04013816501,0.021538
04013816502,0.016321
04013816600,0.055296
04013816700,0.017237
04013816800,0.020354
04013816901,0.011952
04013816902,0.018053
04013816903,0.011267
04013816904,0.013036
04013817000,0.023174
04013817101,0.025346
04013817102,0.040227
04013817103,0.010366
04013817200,0.016635
04013817300,0.040908
04013817400,0.023646
04013817500,0.030099
04013817600,0.019749
04013940700,0.036497
04013941000,0.022958
04013941100,0.083197
04013941200,0.056641
04013941300,0.032265
04013980100,0.126467
04013980400,0.233108
04013980500,0.029312
04013980700,0.037395
04013980900,0.024888
04013981000,0.315323
04015954801,0.123479
04015954802,0.109041
04017940014,0.017292
04017940015,0.019955
04017940100,0.149967
04017940301,0.091788
04017940302,0.269179
04017960100,0.120343
04017960200,0.093896
04017960400,0.051926
04017960500,0.148891
04017960600,0.030887
04017961300,0.085316
04017961701,0.091427
04017961702,0.219451
04017962501,0.180316
04017962502,0.296764
04017963300,0.140012
04017963400,0.114444
04017963700,0.021418
04017963800,0.016977
04017964201,0.090698
04017964202,0.077999
04017964801,0.027774
04017964802,0.166864
04017964901,0.159365
04017964902,0.097115
04017965201,0.223051
04017965202,0.161728
04017965301,0.123768
04017965302,0.050711
04019000100,0.154837
04019000200,0.020052
04019000300,0.015694
04019000401,0.013134
04019000402,0.022862
04019000501,0.021917
04019000502,0.015064
04019000600,0.026351
04019000700,0.011225
04019000800,0.036392
04019001100,0.013514
04019001200,0.015581
04019001302,0.019816
04019001303,0.037793
04019001304,0.036802
04019001400,0.018735
04019001500,0.015758
04019001600,0.038337
04019001700,0.062063
04019001801,0.017819
04019001802,0.016739
04019001900,0.019989
04019002000,0.079592
04019002100,0.014334
04019002201,0.023225
04019002202,0.016951
04019002300,0.020478
04019002400,0.01921
04019002503,0.031259
04019002504,0.01385
04019002505,0.067188
04019002507,0.01535
04019002508,0.010954
04019002509,0.014037
04019002602,0.043803
04019002603,0.038432
04019002604,0.015349
04019002702,0.017415
04019002703,0.012352
04019002704,0.019834
04019002801,0.04434
04019002802,0.020701
04019002803,0.025837
04019002901,0.019339
04019002904,0.044487
04019002905,0.024789
04019002906,0.01544
04019003002,0.019032
04019003003,0.019124
04019003004,0.052992
04019003102,0.011739
04019003103,0.081885
04019003104,0.02844
04019003201,0.019955
04019003202,0.013868
04019003302,0.025923
04019003303,0.015601
04019003304,0.016561
04019003400,0.016448
04019003502,0.019832
04019003503,0.048974
04019003504,0.020361
04019003505,0.022672
04019003506,0.018696
04019003601,0.088044
04019003702,0.013266
04019003704,0.032478
04019003705,0.012249
04019003706,0.01425
04019003707,0.019147
04019003801,0.061444
04019003802,0.014547
04019003901,0.030223
04019003902,0.012193
04019003903,0.020821
04019004008,0.012581
04019004010,0.019043
04019004026,0.015055
04019004029,0.025701
04019004030,0.019465
04019004031,0.06276
04019004032,0.012627
04019004033,0.014816
04019004034,0.010502
04019004035,0.013133
04019004036,0.053873
04019004037,0.020359
04019004038,0.010888
04019004039,0.015633
04019004042,0.043741
04019004043,0.085407
04019004044,0.123484
04019004046,0.011855
04019004047,0.014604
04019004048,0.022141
04019004049,0.011476
04019004050,0.035364
04019004051,0.012049
04019004052,0.129843
04019004053,0.018742
04019004054,0.019059
04019004055,0.02963
04019004056,0.019905
04019004057,0.012741
04019004058,0.012125
04019004061,0.179146
04019004062,0.014308
04019004063,0.019536
04019004065,0.021674
04019004066,0.046711
04019004067,0.071906
04019004068,0.026482
04019004069,0.016412
04019004070,0.067758
04019004071,0.012044
04019004072,0.012413
04019004073,0.016831
04019004074,0.017133
04019004075,0.02246
04019004076,0.011969
04019004077,0.018831
04019004078,0.117913
04019004079,0.021929
04019004080,0.015334
04019004081,0.016055
04019004082,0.012796
04019004109,0.108728
04019004110,0.012247
04019004112,0.044083
04019004114,0.023735
04019004115,0.023758
04019004116,0.021037
04019004117,0.032253
04019004118,0.018772
04019004122,0.012837
04019004126,0.020782
04019004127,0.050538
04019004128,0.04324
04019004129,0.024733
04019004130,0.025753
04019004131,0.047912
04019004132,0.027881
04019004133,0.051822
04019004307,0.125728
04019004310,0.020135
04019004311,0.023571
04019004312,0.028003
04019004313,0.24354
04019004316,0.034362
04019004317,0.042994
04019004320,0.114875
04019004321,0.011905
04019004322,0.012468
04019004323,0.173374
04019004324,0.102428
04019004325,0.287869
04019004326,0.036858
04019004327,0.068633
04019004328,0.033857
04019004330,0.040641
04019004332,0.028661
04019004333,0.01243
04019004335,0.034418
04019004336,0.113242
04019004337,0.034677
04019004338,0.024104
04019004339,0.012435
04019004340,0.047573
04019004404,0.099726
04019004407,0.010441
04019004412,0.021535
04019004413,0.024947
04019004414,0.011312
04019004415,0.076218
04019004418,0.014599
04019004419,0.019943
04019004422,0.014952
04019004423,0.065203
04019004424,0.167364
04019004425,0.061168
04019004426,0.09717
04019004428,0.042789
04019004430,0.016695
04019004431,0.016369
04019004432,0.014672
04019004433,0.014218
04019004434,0.02271
04019004435,0.0415
04019004436,0.029426
04019004437,0.036711
04019004438,0.017923
04019004439,0.013195
04019004440,0.018899
04019004505,0.016785
04019004506,0.017032
04019004508,0.02955
04019004510,0.018905
04019004511,0.012958
04019004512,0.014334
04019004513,0.021246
04019004514,0.015825
04019004515,0.057551
04019004610,0.01202
04019004613,0.015183
04019004614,0.02004
04019004615,0.016771
04019004616,0.043705
04019004617,0.038293
04019004618,0.020474
04019004619,0.039247
04019004620,0.051045
04019004621,0.013462
04019004622,0.144493
04019004623,0.03099
04019004624,0.014815
04019004625,0.176578
04019004626,0.074503
04019004627,0.048598
04019004628,0.01903
04019004630,0.031005
04019004631,0.194469
04019004632,0.198024
04019004633,0.033524
04019004634,0.013104
04019004635,0.054445
04019004636,0.019785
04019004639,0.049287
04019004640,0.018942
04019004641,0.011574
04019004642,0.018143
04019004643,0.033499
04019004644,0.015346
04019004645,0.014587
04019004646,0.019807
04019004647,0.025388
04019004648,0.160681
04019004649,0.044609
04019004650,0.03465
04019004710,0.048786
04019004711,0.030826
04019004712,0.011775
04019004713,0.161304
04019004714,0.022223
04019004715,0.157157
04019004717,0.032177
04019004718,0.049106
04019004720,0.017392
04019004721,0.018353
04019004722,0.082638
04019004723,0.031924
04019004724,0.026373
04019004725,0.046433
04019004726,0.027364
04019004727,0.13617
04019004728,0.294192
04019004729,0.013674
04019004730,0.013995
04019005200,0.117013
04019005300,0.012397
04019005400,0.017684
04019940800,0.05822
04019940900,0.021013
04019941000,0.05789
04019941100,0.022301
04019980001,0.417961
04019980002,0.073528
04019980100,0.036885
04019980200,0.250625
04019980300,0.113722
04019980400,0.158027
04021000201,0.179989
04021000204,0.013631
04021000206,0.027125
04021000208,0.019786
04021000211,0.047584
04021000212,0.056153
04021000215,0.018145
04021000216,0.012574
04021000217,0.082247
04021000218,0.012716
04021000219,0.030716
04021000220,0.018468
04021000221,0.034918
04021000222,0.013284
04021000223,0.014548
04021000224,0.02619
04021000225,0.011914
04021000226,0.014524
04021000227,0.043111
04021000228,0.017464
04021000229,0.056043
04021000307,0.081777
04021000309,0.039753
04021000310,0.03494
04021000311,0.150585
04021000312,0.075495
04021000313,0.019224
04021000315,0.078025
04021000316,0.030164
04021000317,0.012897
04021000319,0.039806
04021000320,0.055814
04021000321,0.033623
04021000322,0.045882
04021000323,0.097572
04021000324,0.025346
04021000325,0.025498
04021000400,0.114377
04021000603,0.044003
04021000604,0.202957
04021000700,0.090795
04021000802,0.077938
04021000804,0.026417
04021000805,0.016772
04021000806,0.013013
04021000807,0.279331
04021000808,0.271564
04021000902,0.074676
04021000903,0.31129
04021000904,0.121917
04021001000,0.154873
04021001100,0.088884
04021001200,0.098863
04021001303,0.125736
04021001305,0.013595
04021001306,0.01295
04021001307,0.13611
04021001308,0.101232
04021001309,0.033831
04021001310,0.047333
04021001403,0.03458
04021001404,0.026585
04021001405,0.055985
04021001406,0.056997
04021001407,0.151435
04021001408,0.172732
04021001500,0.065386
04021001600,0.041969
04021001701,0.172585
04021001704,0.073115
04021001705,0.151982
04021001706,0.102659
04021001707,0.015574
04021001709,0.035758
04021001712,0.130132
04021001713,0.019245
04021001714,0.014125
04021001715,0.065137
04021001716,0.011734
04021001717,0.075797
04021001900,0.033857
04021002001,0.208212
04021002004,0.103823
04021002005,0.131146
04021002104,0.052716
04021002105,0.020869
04021002106,0.072961
04021002107,0.167462
04021002200,0.093806
04021002300,0.199772
04021002400,0.344885
04021941200,0.049963
04021941300,0.044403
04021941401,0.085149
04021941402,0.072749
04023966000,0.077694
04023966101,0.167671
04023966103,0.04712
04023966106,0.174454
04023966107,0.034911
04023966108,0.122986
04023966109,0.070157
04023966110,0.031587
04023966111,0.132592
04023966200,0.055817
04023966301,0.171193
04023966302,0.184859
04023966401,0.059658
04023966402,0.080493
04025000205,0.02788
04025000206,0.047147
04025000207,0.277149
04025000208,0.273265
04025000209,0.260608
04025000210,0.036214
04025000211,0.093625
04025000301,0.024625
04025000302,0.027977
04025000403,0.019158
04025000404,0.011903
04025000405,0.01398
04025000406,0.246784
04025000407,0.010176
04025000501,0.051358
04025000502,0.049074
04025000604,0.01372
04025000608,0.019798
04025000609,0.053121
04025000611,0.098193
04025000612,0.098383
04025000613,0.011679
04025000614,0.011089
04025000615,0.035157
04025000616,0.021687
04025000617,0.136423
04025000618,0.022021
04025000619,0.075446
04025000701,0.097548
04025000702,0.073752
04025000802,0.093565
04025000803,0.022862
04025000804,0.272075
04025000901,0.094987
04025000902,0.012971
04025001002,0.033674
04025001003,0.015868
04025001004,0.063007
04025001103,0.037646
04025001104,0.015813
04025001105,0.116979
04025001106,0.071317
04025001201,0.206526
04025001202,0.022093
04025001300,0.1673
04025001401,0.06496
04025001402,0.262001
04025001403,0.100504
04025001501,0.118276
04025001502,0.097932
04025001601,0.055073
04025001602,0.127675
04025001604,0.078171
04025001605,0.16138
04025001701,0.100556
04025001703,0.223873
04025001704,0.122987
04025001705,0.07417
04025001801,0.075581
04025001803,0.079383
04025001804,0.160546
04025001901,0.089589
04025001902,0.113023
04025001903,0.067931
04025001904,0.105133
04025002001,0.087813
04025002002,0.110756
04025002003,0.137997
04025002005,0.028043
04025002006,0.025667
04025002007,0.096059
04025002100,0.098463
04027012100,0.09836
04027980003,0.042594
04027980004,0.115713
35023970000,0.037182
06007000102,0.014974
06007000103,0.056683
06007000104,0.033137
06007000201,0.175366
06007000202,0.102818
06007000300,0.083721
06007000401,0.035179
06007000403,0.028563
06007000404,0.063797
06007000501,0.177092
06007000502,0.228645
06007000601,0.037769
06007000603,0.021278
06007000604,0.054293
06007000700,0.026117
06007000800,0.049182
06007000901,0.029937
06007000903,0.019316
06007000904,0.135542
06007001000,0.064948
06007001100,0.14936
06007001200,0.014693
06007001300,0.018047
06007001400,0.081546
06007001500,0.020996
06007001601,0.149546
06007001602,0.180637
06007001702,0.142051
06007001703,0.015478
06007001704,0.018239
06007001800,0.124935
06007001900,0.096207
06007002000,0.119352
06007002100,0.121107
06007002200,0.068796
06007002300,0.1927
06007002401,0.062535
06007002402,0.094043
06007002500,0.063032
06007002601,0.252632
06007002602,0.137173
06007002700,0.046444
06007002800,0.029285
06007002900,0.021981
06007003001,0.179684
06007003002,0.027106
06007003100,0.265863
06007003200,0.016161
06007003300,0.027472
06007003400,0.094031
06007003501,0.024506
06007003502,0.125044
06007003600,0.103295
06007003700,0.144555
06011000100,0.109531
06011000200,0.084195
06011000301,0.176723
06011000302,0.131481
06011000400,0.049832
06011000500,0.18688
06015000202,0.179273
06017030601,0.206151
06017030603,0.245342
06017030604,0.080926
06017030605,0.193432
06017030606,0.197477
06017030701,0.026907
06017030706,0.017486
06017030709,0.013696
06017030710,0.011047
06017030801,0.040847
06017030901,0.06772
06017030902,0.041546
06017031000,0.124262
06017031100,0.080726
06017031700,0.022734
06021010101,0.158315
06021010102,0.168236
06021010200,0.129513
06021010300,0.083203
06021010401,0.121653
06021010402,0.175664
06021010501,0.068824
06021010502,0.122945
06023001200,0.028371
06023010102,0.149647
06023010902,0.042408
06023011600,0.110045
06023940000,0.210171
06033000100,0.08054
06033000300,0.045608
06033000401,0.013399
06033000402,0.029318
06033000501,0.076164
06033000502,0.048621
06033000601,0.066183
06033000602,0.117092
06033000702,0.0933
06033000703,0.03988
06033000704,0.044531
06033000801,0.016756
06033000802,0.016164
06033000901,0.02773
06033000902,0.041473
06033001000,0.082793
06033001101,0.043615
06033001102,0.057975
06033001200,0.02047
06033001301,0.062942
06033001302,0.103087
06035040100,0.110602
06035040200,0.047762
06035040302,0.161301
06035040303,0.075794
06035040304,0.247229
06035040305,0.028135
06035040400,0.196896
06035040500,0.104128
06035040600,0.12027
06045010100,0.138068
06045010200,0.12602
06045010601,0.223072
06045010602,0.176133
06045010801,0.064908
06045010802,0.01423
06045011700,0.066327
06045011800,0.147047
06049000100,0.191827
06049000200,0.032916
06049000300,0.15151
06055201800,0.157653
06057000102,0.033927
06057000104,0.041845
06057000105,0.112107
06057000106,0.176208
06057000107,0.125107
06057000200,0.03068
06057000300,0.145302
06057000401,0.024449
06057000403,0.245518
06057000404,0.039454
06057000502,0.040224
06057000503,0.02153
06057000504,0.049161
06057000601,0.033856
06057000602,0.061911
06057000701,0.248732
06057000702,0.200539
06057000801,0.223304
06057000802,0.128764
06057000900,0.156274
06061020200,0.031284
06061020300,0.152929
06061020401,0.066701
06061020402,0.213735
06061020501,0.157839
06061020502,0.064982
06061020601,0.022795
06061020604,0.035074
06061020605,0.110707
06061020606,0.05116
06061020607,0.019342
06061020608,0.042827
06061020710,0.013405
06061020711,0.022432
06061020712,0.017172
06061020713,0.082981
06061020714,0.023988
06061020715,0.012541
06061020717,0.030114
06061020805,0.027127
06061020806,0.044785
06061020901,0.022494
06061020908,0.122686
06061021003,0.020151
06061021034,0.019034
06061021037,0.029632
06061021038,0.013565
06061021039,0.016601
06061021040,0.03224
06061021043,0.028141
06061021044,0.013454
06061021045,0.015426
06061021046,0.018729
06061021047,0.011447
06061021048,0.024382
06061021103,0.038056
06061021106,0.019691
06061021108,0.122568
06061021109,0.041509
06061021122,0.023263
06061021123,0.020177
06061021128,0.043114
06061021129,0.032064
06061021130,0.06442
06061021131,0.026212
06061021203,0.023311
06061021204,0.140268
06061021304,0.052048
06061021323,0.011092
06061021324,0.020751
06061021325,0.012219
06061021326,0.011923
06061021327,0.021105
06061021328,0.01644
06061021401,0.01406
06061021403,0.015542
06061021501,0.163985
06061021502,0.158419
06061021603,0.140099
06061021604,0.177246
06061021801,0.240094
06061021802,0.126715
06061021901,0.093349
06061021902,0.031158
06061022002,0.117465
06061022013,0.22444
06061022014,0.207621
06061022400,0.044164
06061022500,0.01646
06061022600,0.020585
06061022800,0.031056
06061022900,0.034651
06061023000,0.013627
06061023100,0.028247
06061023200,0.014977
06061023300,0.016563
06061023400,0.023459
06061023501,0.016021
06061023502,0.012119
06061023600,0.024255
06061023700,0.065116
06061023800,0.013263
06061023900,0.110505
06063000100,0.105975
06063000201,0.071725
06063000202,0.06438
06063000300,0.108032
06063000400,0.164763
06063000501,0.166606
06063000502,0.125598
06067000100,0.055658
06067000200,0.061686
06067000300,0.016488
06067000400,0.037232
06067000501,0.135096
06067000502,0.277696
06067000600,0.014788
06067000700,0.034733
06067000800,0.054649
06067001102,0.111577
06067001103,0.067291
06067001201,0.057287
06067001202,0.021226
06067001300,0.014332
06067001400,0.026002
06067001500,0.019419
06067001601,0.015179
06067001602,0.051737
06067001702,0.075295
06067001800,0.013166
06067001900,0.063339
06067002000,0.027808
06067002100,0.051276
06067002200,0.061014
06067002300,0.067333
06067002400,0.014447
06067002500,0.012798
06067002600,0.022423
06067002700,0.089339
06067005301,0.044396
06067005402,0.020744
06067005403,0.08266
06067005404,0.032365
06067005502,0.016162
06067005505,0.016769
06067005506,0.015864
06067005508,0.0685
06067005509,0.025142
06067005510,0.019901
06067005601,0.025389
06067005605,0.01935
06067005606,0.014913
06067005701,0.022072
06067005702,0.044067
06067005801,0.011512
06067005803,0.011973
06067005901,0.015114
06067005903,0.016402
06067005904,0.015389
06067006002,0.022559
06067006003,0.106881
06067006004,0.015136
06067006101,0.102839
06067006102,0.019986
06067006202,0.042151
06067006203,0.06151
06067006204,0.01475
06067006300,0.01175
06067006400,0.03418
06067006501,0.054593
06067006502,0.039545
06067006600,0.016466
06067006703,0.017429
06067006704,0.015004
06067006705,0.031512
06067006706,0.027079
06067006801,0.016014
06067006802,0.018867
06067006803,0.03244
06067006901,0.081282
06067006902,0.066937
06067007001,0.026675
06067007007,0.015759
06067007010,0.056663
06067007011,0.033447
06067007012,0.034962
06067007013,0.032557
06067007016,0.014459
06067007017,0.05004
06067007019,0.054491
06067007020,0.059623
06067007021,0.039991
06067007022,0.077097
06067007023,0.014232
06067007024,0.041393
06067007025,0.037691
06067007026,0.0102
06067007027,0.012916
06067007028,0.025009
06067007101,0.075567
06067007103,0.014803
06067007105,0.027842
06067007106,0.017681
06067007107,0.085192
06067007108,0.013719
06067007109,0.032664
06067007110,0.016822
06067007111,0.022509
06067007202,0.016033
06067007204,0.016893
06067007206,0.012434
06067007207,0.063931
06067007208,0.025162
06067007209,0.025261
06067007301,0.012922
06067007402,0.03462
06067007403,0.112817
06067007413,0.036765
06067007414,0.012255
06067007415,0.029964
06067007416,0.025271
06067007417,0.014161
06067007422,0.046931
06067007423,0.087803
06067007424,0.014164
06067007426,0.019285
06067007427,0.022265
06067007428,0.038283
06067007429,0.01793
06067007430,0.024362
06067007431,0.011572
06067007432,0.015692
06067007434,0.015329
06067007435,0.03376
06067007436,0.025029
06067007437,0.013167
06067007438,0.022083
06067007439,0.015787
06067007501,0.079927
06067007503,0.080862
06067007504,0.086418
06067007602,0.021938
06067007603,0.012689
06067007604,0.040125
06067007701,0.015765
06067007702,0.014368
06067007801,0.029242
06067007802,0.016124
06067007903,0.038381
06067007904,0.010755
06067007905,0.035698
06067007906,0.029341
06067008005,0.033838
06067008006,0.023761
06067008007,0.062551
06067008008,0.042225
06067008009,0.014257
06067008010,0.017169
06067008111,0.039029
06067008113,0.069711
06067008117,0.015228
06067008119,0.020793
06067008120,0.017201
06067008122,0.020918
06067008124,0.047252
06067008125,0.013124
06067008127,0.052355
06067008128,0.114641
06067008129,0.055751
06067008130,0.029545
06067008131,0.094494
06067008132,0.099455
06067008133,0.039231
06067008134,0.070753
06067008135,0.128719
06067008136,0.070606
06067008137,0.016137
06067008138,0.062775
06067008139,0.097522
06067008140,0.014412
06067008141,0.021718
06067008142,0.023714
06067008143,0.026624
06067008144,0.015882
06067008145,0.084185
06067008203,0.01269
06067008204,0.048265
06067008206,0.024258
06067008207,0.01472
06067008208,0.020739
06067008209,0.022224
06067008210,0.075468
06067008211,0.013757
06067008402,0.015577
06067008403,0.032693
06067008404,0.022114
06067008501,0.022798
06067008504,0.082583
06067008505,0.034869
06067008506,0.10693
06067008507,0.015433
06067008508,0.027799
06067008509,0.045802
06067008510,0.027605
06067008512,0.011694
06067008702,0.012398
06067008703,0.042646
06067008909,0.037513
06067008912,0.036971
06067008913,0.013126
06067988300,0.011464
06089010100,0.097456
06089010200,0.025391
06089010300,0.08491
06089010400,0.046706
06089010500,0.037616
06089010601,0.033757
06089010602,0.122101
06089010603,0.081861
06089010702,0.055357
06089010703,0.074925
06089010704,0.022116
06089010803,0.025455
06089010804,0.014035
06089010805,0.015559
06089010806,0.100883
06089010807,0.068493
06089010900,0.056615
06089011001,0.049039
06089011002,0.128234
06089011100,0.017461
06089011209,0.041161
06089011300,0.027681
06089011401,0.051791
06089011402,0.012213
06089011403,0.017
06089011501,0.050809
06089011502,0.021104
06089011600,0.111518
06089011701,0.084809
06089011702,0.216516
06089011703,0.146082
06089011801,0.049087
06089011802,0.060382
06089011803,0.072843
06089011900,0.016991
06089012000,0.088024
06089012101,0.034029
06089012102,0.057557
06089012200,0.062506
06089012301,0.116494
06089012302,0.021642
06089012303,0.011582
06089012400,0.04125
06089012500,0.147096
06089012603,0.144222
06089012604,0.021855
06089012605,0.068053
06089012606,0.06447
06089012701,0.13665
06089012702,0.094316
06091010000,0.070568
06093000300,0.04774
06093000701,0.164607
06093000800,0.145734
06093000901,0.138844
06093000902,0.153262
06093001001,0.149607
06093001002,0.228007
06093001003,0.069511
06093001100,0.128379
06093001200,0.14137
06093001300,0.112889
06097154100,0.079874
06101050101,0.015635
06101050102,0.046591
06101050201,0.042596
06101050202,0.029218
06101050301,0.065288
06101050302,0.012755
06101050401,0.02607
06101050402,0.030425
06101050403,0.049517
06101050501,0.154591
06101050503,0.219947
06101050504,0.28381
06101050601,0.090856
06101050603,0.018924
06101050604,0.135628
06101050701,0.166317
06101050702,0.07624
06101050800,0.0629
06101050900,0.095974
06101051000,0.089078
06101051100,0.066185
06103000100,0.193281
06103000201,0.194823
06103000202,0.044509
06103000300,0.09512
06103000400,0.170849
06103000500,0.166309
06103000600,0.13789
06103000701,0.112827
06103000702,0.093851
06103000800,0.122126
06103000900,0.083103
06103001000,0.042458
06103001101,0.15525
06103001102,0.174207
06105000101,0.141093
06105000102,0.12358
06105000200,0.107132
06105000500,0.068877
06113010102,0.060462
06113010103,0.011253
06113010104,0.025895
06113010105,0.031695
06113010201,0.026259
06113010203,0.072354
06113010204,0.065885
06113010313,0.021879
06113010315,0.024179
06113010401,0.128661
06113010505,0.11141
06113010800,0.166155
06113010901,0.103021
06113010902,0.243505
06113011001,0.103191
06113011002,0.059525
06113011101,0.025488
06113011102,0.08014
06113011103,0.047258
06113011203,0.028853
06113011204,0.018628
06113011207,0.114525
06113011208,0.074662
06113011209,0.053149
06113011210,0.01351
06113011211,0.017935
06113011400,0.104888
06113011500,0.092764
06115040100,0.086724
06115040201,0.250123
06115040202,0.142491
06115040301,0.022092
06115040302,0.033016
06115040304,0.016209
06115040305,0.013102
06115040400,0.013464
06115040500,0.04438
06115040600,0.018153
06115040701,0.017076
06115040702,0.087738
06115040800,0.014168
06115040901,0.020105
06115040902,0.017691
06115041001,0.074259
06115041002,0.013918
06115041101,0.098366
06115041102,0.145654
48001950100,0.021706
48001950401,0.075414
48001950402,0.194908
48001950500,0.106053
48001950600,0.091783
48001950700,0.096388
48001950800,0.093132
48001950901,0.050203
48001950902,0.040883
48001951001,0.024888
48001951002,0.104619
48001951100,0.091572
48005000102,0.079813
48005000104,0.091283
48007950101,0.195997
48007950102,0.149119
48007950103,0.059238
48007950200,0.233338
48007950301,0.085126
48007950302,0.122777
48007950400,0.182241
48007950501,0.082961
48007950502,0.164594
48007950503,0.17155
48009020200,0.062938
48009020300,0.109773
48013960101,0.054465
48013960102,0.107164
48013960203,0.074192
48013960204,0.020255
48013960205,0.07841
48013960206,0.066676
48013960300,0.101465
48013960401,0.339227
48013960403,0.184747
48013960404,0.22577
48013960500,0.029395
48013960601,0.12067
48013960602,0.033804
48015760100,0.014327
48015760201,0.038137
48015760202,0.060409
48015760301,0.043401
48015760302,0.041501
48015760400,0.032558
48015760501,0.050582
48015760502,0.072109
48019000101,0.120101
48019000103,0.121928
48019000104,0.15538
48019000200,0.102513
48019000301,0.082894
48019000302,0.076527
48019000400,0.043158
48021950101,0.025406
48021950102,0.084371
48021950201,0.08331
48021950202,0.093528
48021950301,0.031023
48021950302,0.015056
48021950303,0.033357
48021950401,0.060315
48021950402,0.062843
48021950403,0.05768
48021950503,0.044532
48021950504,0.036128
48021950505,0.026962
48021950506,0.049688
48021950601,0.025977
48021950602,0.021551
48021950700,0.046505
48021950803,0.045328
48021950804,0.01823
48021950805,0.140388
48021950806,0.142347
48023950301,0.029528
48023950302,0.149757
48025950100,0.021834
48025950201,0.148592
48025950203,0.062236
48025950204,0.11459
48025950300,0.038769
48025950400,0.144837
48025950501,0.187452
48025950502,0.157355
48025950600,0.127982
48027020101,0.122129
48027020102,0.021565
48027020201,0.060106
48027020203,0.147533
48027020204,0.108148
48027020301,0.063467
48027020302,0.06871
48027020401,0.031608
48027020402,0.059407
48027020500,0.126676
48027020600,0.104275
48027020701,0.101966
48027020702,0.023692
48027020800,0.089962
48027020900,0.07683
48027021000,0.038648
48027021101,0.067595
48027021102,0.033519
48027021201,0.096506
48027021202,0.036353
48027021203,0.066363
48027021301,0.039659
48027021302,0.034845
48027021304,0.039013
48027021305,0.021001
48027021400,0.048843
48027021501,0.020283
48027021502,0.056963
48027021601,0.050875
48027021602,0.134136
48027021701,0.035133
48027021702,0.13776
48027021801,0.075751
48027021802,0.030788
48027021901,0.070968
48027021905,0.029166
48027021906,0.051915
48027021907,0.021988
48027021908,0.027355
48027022001,0.087877
48027022002,0.03699
48027022101,0.014156
48027022103,0.022946
48027022104,0.034341
48027022105,0.025982
48027022200,0.022678
48027022300,0.040481
48027022401,0.025799
48027022402,0.015657
48027022403,0.014082
48027022405,0.048676
48027022406,0.039799
48027022407,0.010424
48027022501,0.100523
48027022503,0.018852
48027022504,0.013883
48027022600,0.137106
48027022801,0.015009
48027022900,0.131967
48027023001,0.029358
48027023002,0.01474
48027023103,0.120899
48027023104,0.046924
48027023109,0.034707
48027023110,0.035502
48027023111,0.06572
48027023112,0.034676
48027023113,0.018573
48027023114,0.01225
48027023115,0.018569
48027023116,0.067111
48027023117,0.093998
48027023118,0.133852
48027023201,0.100276
48027023202,0.03988
48027023203,0.095782
48027023204,0.035304
48027023301,0.045184
48027023302,0.069465
48027023402,0.016778
48027023404,0.019541
48027023405,0.024695
48027023406,0.023779
48027023500,0.16646
48027980001,0.128843
48027980002,0.290084
48027980003,0.10582
48029110100,0.047078
48029110300,0.016724
48029110500,0.012689
48029110600,0.022998
48029110700,0.033294
48029111000,0.025918
48029111100,0.025688
48029120100,0.017934
48029120301,0.094123
48029120302,0.03504
48029120401,0.038215
48029120402,0.109792
48029120502,0.079184
48029120503,0.014526
48029120504,0.037355
48029120601,0.067188
48029120602,0.130473
48029120701,0.049996
48029120702,0.105829
48029120800,0.015366
48029120901,0.024267
48029120902,0.05236
48029121000,0.021635
48029121110,0.029759
48029121111,0.029858
48029121112,0.06133
48029121115,0.052484
48029121116,0.046078
48029121117,0.023465
48029121118,0.030364
48029121119,0.016108
48029121120,0.025212
48029121121,0.015619
48029121122,0.026651
48029121123,0.044294
48029121124,0.028978
48029121203,0.085982
48029121204,0.028165
48029121205,0.04098
48029121206,0.023876
48029121300,0.012417
48029121402,0.020491
48029121403,0.013433
48029121404,0.030773
48029121501,0.037817
48029121504,0.024826
48029121505,0.056812
48029121506,0.042724
48029121507,0.013782
48029121508,0.015871
48029121601,0.076856
48029121604,0.024839
48029121605,0.017478
48029121606,0.029116
48029121701,0.200836
48029121702,0.059072
48029121802,0.036378
48029121803,0.023239
48029121804,0.017792
48029121808,0.014454
48029121809,0.049167
48029121810,0.029079
48029121811,0.012157
48029121812,0.019588
48029121813,0.059221
48029121903,0.019412
48029121904,0.041358
48029121905,0.07965
48029121906,0.017169
48029121908,0.041991
48029121909,0.020335
48029121910,0.018485
48029121911,0.017271
48029121912,0.027446
48029130200,0.038169
48029130300,0.016369
48029130401,0.062967
48029130402,0.043628
48029130500,0.024937
48029130600,0.014959
48029130700,0.020619
48029130800,0.030369
48029130900,0.024946
48029131000,0.044623
48029131100,0.014159
48029131200,0.179603
48029131300,0.098477
48029131401,0.091342
48029131402,0.075478
48029131503,0.021044
48029131504,0.051862
48029131505,0.017367
48029131506,0.047261
48029131507,0.018352
48029131601,0.066685
48029131606,0.081736
48029131608,0.033169
48029131609,0.071239
48029131610,0.05004
48029131612,0.033314
48029131614,0.021347
48029131615,0.023034
48029131616,0.132414
48029131700,0.043358
48029131801,0.034923
48029131802,0.046547
48029140100,0.046637
48029140200,0.032294
48029140300,0.054682
48029140400,0.019074
48029140500,0.014847
48029140600,0.032865
48029140700,0.013668
48029140800,0.012718
48029140900,0.040071
48029141000,0.016756
48029141101,0.030918
48029141102,0.0266
48029141200,0.014129
48029141300,0.043943
48029141402,0.086698
48029141403,0.073749
48029141404,0.016565
48029141600,0.060795
48029141700,0.046727
48029141800,0.112394
48029141900,0.186715
48029150100,0.043485
48029150300,0.017782
48029150400,0.058975
48029150501,0.04337
48029150502,0.011325
48029150600,0.039136
48029150700,0.019246
48029150800,0.244007
48029150900,0.048515
48029151000,0.04603
48029151100,0.053983
48029151200,0.044379
48029151301,0.034492
48029151302,0.03815
48029151400,0.073832
48029151500,0.110582
48029151600,0.02303
48029151700,0.062475
48029151900,0.059872
48029152000,0.036377
48029152100,0.231906
48029152201,0.05294
48029152202,0.079968
48029160100,0.016417
48029160200,0.050012
48029160300,0.145266
48029160400,0.014187
48029160501,0.016217
48029160502,0.077824
48029160600,0.013437
48029160701,0.033545
48029160702,0.018197
48029160901,0.117352
48029160902,0.025885
48029161000,0.106883
48029161100,0.034547
48029161200,0.037066
48029161302,0.055334
48029161303,0.023264
48029161304,0.020623
48029161400,0.170818
48029161501,0.055921
48029161503,0.071373
48029161504,0.012073
48029161600,0.027956
48029161801,0.036271
48029161802,0.04271
48029161901,0.069932
48029161902,0.068634
48029162001,0.129715
48029162003,0.156525
48029162004,0.09213
48029170101,0.175161
48029170102,0.015268
48029170200,0.016782
48029170300,0.025721
48029170401,0.0533
48029170402,0.015949
48029170500,0.152881
48029170600,0.026281
48029170700,0.022858
48029170800,0.013181
48029170900,0.015734
48029171000,0.014341
48029171100,0.014003
48029171200,0.044329
48029171301,0.017612
48029171302,0.018503
48029171401,0.011949
48029171402,0.057296
48029171501,0.017531
48029171502,0.01452
48029171601,0.016098
48029171602,0.043593
48029171700,0.023617
48029171801,0.015823
48029171802,0.028814
48029171903,0.020926
48029171912,0.017015
48029171913,0.123084
48029171914,0.015761
48029171915,0.0288
48029171916,0.026915
48029171917,0.020444
48029171918,0.014521
48029171919,0.034846
48029171920,0.011737
48029171921,0.075413
48029171922,0.016521
48029171923,0.071201
48029171924,0.015859
48029171926,0.019296
48029171927,0.017764
48029171928,0.013746
48029171929,0.012809
48029172002,0.098712
48029172003,0.048183
48029172004,0.01965
48029172005,0.017231
48029172006,0.040851
48029172008,0.02312
48029172009,0.016774
48029180101,0.013483
48029180102,0.014339
48029180201,0.021984
48029180202,0.015692
48029180300,0.06649
48029180400,0.208489
48029180501,0.13654
48029180503,0.016072
48029180504,0.046224
48029180602,0.067435
48029180603,0.029884
48029180604,0.09543
48029180701,0.053106
48029180702,0.017648
48029180800,0.028918
48029180901,0.019171
48029180902,0.031193
48029181001,0.029707
48029181003,0.078502
48029181004,0.073323
48029181005,0.037451
48029181100,0.016668
48029181200,0.016263
48029181301,0.075441
48029181302,0.033567
48029181303,0.094426
48029181402,0.057405
48029181403,0.255924
48029181404,0.099589
48029181503,0.029696
48029181504,0.022908
48029181505,0.019943
48029181506,0.042887
48029181601,0.03228
48029181602,0.025682
48029181703,0.034835
48029181704,0.086489
48029181705,0.051499
48029181711,0.014765
48029181712,0.061627
48029181713,0.014507
48029181715,0.014598
48029181716,0.046161
48029181718,0.013228
48029181720,0.039624
48029181721,0.041149
48029181722,0.044909
48029181723,0.017534
48029181724,0.090902
48029181725,0.034896
48029181726,0.014961
48029181727,0.021584
48029181729,0.015676
48029181730,0.022986
48029181731,0.012569
48029181732,0.027932
48029181733,0.011288
48029181808,0.016628
48029181809,0.02131
48029181811,0.099556
48029181813,0.01668
48029181814,0.018645
48029181815,0.087139
48029181816,0.014388
48029181817,0.015331
48029181818,0.016083
48029181819,0.018149
48029181820,0.025483
48029181821,0.073323
48029181822,0.04086
48029181823,0.050434
48029181824,0.009872
48029181825,0.048739
48029181826,0.014061
48029181901,0.023346
48029181902,0.016244
48029182001,0.037357
48029182002,0.108312
48029182003,0.022807
48029182101,0.051717
48029182102,0.019929
48029182103,0.131684
48029182105,0.036927
48029182106,0.076902
48029190100,0.024891
48029190200,0.016641
48029190400,0.01927
48029190501,0.028756
48029190503,0.017802
48029190504,0.0543
48029190601,0.058706
48029190603,0.017499
48029190604,0.018647
48029190700,0.020486
48029190800,0.03671
48029190901,0.020243
48029190902,0.06193
48029191003,0.013227
48029191004,0.016208
48029191005,0.060582
48029191006,0.017923
48029191101,0.02308
48029191102,0.022631
48029191201,0.012039
48029191202,0.022067
48029191303,0.019725
48029191304,0.019173
48029191405,0.012992
48029191406,0.03864
48029191408,0.026134
48029191409,0.028029
48029191410,0.084201
48029191411,0.017955
48029191412,0.013838
48029191413,0.024775
48029191503,0.022639
48029191504,0.082974
48029191505,0.023323
48029191506,0.040978
48029191701,0.122712
48029191702,0.036443
48029191804,0.036821
48029191806,0.018943
48029191807,0.017506
48029191808,0.033326
48029191809,0.068859
48029191810,0.016825
48029191811,0.017876
48029191812,0.015271
48029191813,0.016719
48029191814,0.015849
48029191815,0.04715
48029191816,0.050759
48029191818,0.029512
48029191819,0.015264
48029191900,0.026952
48029192000,0.051431
48029192100,0.047486
48029192200,0.132322
48029192300,0.028257
48029980001,0.07991
48029980002,0.19098
48029980003,0.039109
48029980004,0.095225
48029980005,0.027464
48029980100,0.029383
48031950101,0.108195
48031950102,0.075115
48031950201,0.098199
48031950202,0.082032
48033950100,0.122966
48035950100,0.047646
48035950200,0.125245
48035950300,0.166861
48035950400,0.111873
48035950500,0.041475
48035950600,0.152479
48035950700,0.050169
48039660100,0.045026
48039660200,0.079941
48039660301,0.052272
48039660302,0.011986
48039660303,0.036021
48039660401,0.030759
48039660402,0.035907
48039660403,0.09279
48039660501,0.209763
48039660502,0.019969
48039660503,0.05876
48039660504,0.018396
48039660603,0.014571
48039660604,0.012773
48039660605,0.013404
48039660606,0.030469
48039660607,0.028394
48039660608,0.034101
48039660609,0.011898
48039660610,0.051161
48039660611,0.028077
48039660612,0.01946
48039660613,0.013254
48039660614,0.187928
48039660615,0.018903
48039660616,0.012472
48039660703,0.030207
48039660704,0.032878
48039660705,0.019442
48039660706,0.049905
48039660707,0.016086
48039660708,0.049222
48039660803,0.011302
48039660804,0.104617
48039660805,0.015615
48039660806,0.04177
48039660901,0.123086
48039660902,0.05848
48039661000,0.136854
48039661100,0.130443
48039661200,0.140703
48039661300,0.152842
48039661400,0.042961
48039661501,0.06546
48039661502,0.085683
48039661601,0.227044
48039661602,0.087538
48039661700,0.110933
48039661800,0.097571
48039661901,0.052227
48039661902,0.029254
48039662000,0.02756
48039662100,0.088639
48039662200,0.142005
48039662300,0.18614
48039662400,0.150818
48039662500,0.070782
48039662600,0.162112
48039662700,0.043206
48039662800,0.016623
48039662900,0.089756
48039663000,0.144244
48039663100,0.100879
48039663200,0.016813
48039663300,0.024806
48039663400,0.043596
48039663500,0.023761
48039663600,0.027655
48039663700,0.08836
48039663800,0.05389
48039663900,0.068761
48039664000,0.082589
48039664100,0.033636
48039664200,0.064302
48039664300,0.042817
48039664400,0.034646
48039664501,0.019621
48039990000,0.029312
48041000103,0.221642
48041000104,0.173455
48041000105,0.029681
48041000106,0.158765
48041000107,0.015707
48041000108,0.163112
48041000203,0.038691
48041000204,0.02812
48041000205,0.072689
48041000206,0.029504
48041000207,0.070494
48041000301,0.071847
48041000302,0.07328
48041000401,0.078023
48041000402,0.049085
48041000501,0.141752
48041000502,0.043491
48041000603,0.022193
48041000605,0.014655
48041000606,0.020965
48041000700,0.017784
48041000800,0.036545
48041000900,0.019699
48041001001,0.026581
48041001002,0.032514
48041001101,0.015929
48041001102,0.032133
48041001301,0.037944
48041001302,0.080511
48041001303,0.102185
48041001401,0.0494
48041001604,0.013271
48041001605,0.025477
48041001606,0.041405
48041001607,0.118895
48041001608,0.0122
48041001702,0.086342
48041001703,0.100225
48041001704,0.084748
48041001801,0.054377
48041001803,0.012982
48041001804,0.01978
48041001901,0.050329
48041001902,0.032225
48041002001,0.048317
48041002006,0.049057
48041002009,0.033019
48041002010,0.050665
48041002011,0.018635
48041002014,0.025455
48041002016,0.044034
48041002017,0.034009
48041002018,0.026375
48041002019,0.010715
48041002020,0.025272
48041002021,0.014999
48041002022,0.018787
48041002023,0.021092
48041002024,0.023503
48041002025,0.066399
48041002026,0.204595
48041002100,0.01903
48041980000,0.023323
48047950100,0.075361
48047950200,0.104014
48049950100,0.038077
48049950201,0.025664
48049950202,0.154387
48049950300,0.145261
48049950500,0.017474
48049950600,0.107607
48049950700,0.041048
48049950800,0.095402
48049950900,0.039017
48049951000,0.021778
48049951100,0.050666
48049951200,0.119341
48049951300,0.027218
48051970100,0.080898
48051970201,0.055125
48051970202,0.040254
48051970300,0.154039
48051970400,0.062838
48051970501,0.144235
48051970502,0.021277
48053960101,0.020214
48053960102,0.042312
48053960200,0.148772
48053960301,0.166549
48053960302,0.151353
48053960401,0.071477
48053960402,0.073089
48053960501,0.048667
48053960502,0.04612
48053960600,0.025294
48053960701,0.060857
48053960702,0.06687
48053960801,0.077602
48053960802,0.188068
48053960803,0.023979
48055960102,0.021982
48055960103,0.116844
48055960104,0.147824
48055960200,0.052877
48055960300,0.155395
48055960400,0.094542
48055960501,0.059387
48055960502,0.116143
48055960600,0.119685
48055960701,0.080013
48055960702,0.096707
48057000100,0.087467
48057000200,0.159834
48057000300,0.201591
48057000401,0.096617
48057000402,0.136079
48057000501,0.150545
48057000502,0.16404
48057990000,0.034
48059030101,0.015088
48059030102,0.022023
48059030200,0.0424
48061010101,0.019061
48061010102,0.221175
48061010103,0.053407
48061010201,0.02397
48061010204,0.098396
48061010205,0.084798
48061010301,0.035701
48061010303,0.017716
48061010304,0.026851
48061010403,0.205526
48061010404,0.014183
48061010405,0.027047
48061010406,0.016529
48061010500,0.05502
48061010602,0.281245
48061010603,0.101351
48061010604,0.128922
48061010700,0.086605
48061010801,0.064156
48061010802,0.034516
48061010900,0.172964
48061011000,0.061099
48061011100,0.089363
48061011200,0.146135
48061011301,0.149907
48061011302,0.281165
48061011401,0.091672
48061011402,0.195966
48061011500,0.149113
48061011601,0.023732
48061011602,0.058156
48061011701,0.120262
48061011702,0.131427
48061011801,0.088865
48061011802,0.013374
48061011903,0.029289
48061011904,0.04758
48061011905,0.162305
48061011906,0.032721
48061011907,0.048043
48061011908,0.018892
48061012002,0.040167
48061012003,0.023632
48061012004,0.032991
48061012103,0.027194
48061012104,0.025408
48061012105,0.01969
48061012106,0.011879
48061012201,0.041418
48061012202,0.016658
48061012203,0.014013
48061012301,0.025456
48061012304,0.049848
48061012305,0.08006
48061012402,0.123714
48061012403,0.041172
48061012404,0.069431
48061012506,0.044514
48061012508,0.058145
48061012509,0.022726
48061012510,0.091086
48061012511,0.125424
48061012512,0.282589
48061012513,0.106386
48061012514,0.011279
48061012515,0.044026
48061012516,0.034339
48061012517,0.016812
48061012607,0.033583
48061012608,0.11949
48061012613,0.069555
48061012614,0.038818
48061012615,0.016769
48061012616,0.012021
48061012617,0.018871
48061012700,0.160016
48061012800,0.036586
48061012900,0.246888
48061013002,0.033317
48061013003,0.053158
48061013004,0.160778
48061013102,0.059855
48061013104,0.039378
48061013106,0.100526
48061013203,0.124194
48061013204,0.031702
48061013205,0.132277
48061013206,0.141307
48061013207,0.069246
48061013303,0.221914
48061013305,0.022379
48061013306,0.022672
48061013307,0.027905
48061013308,0.048974
48061013309,0.016227
48061013401,0.095849
48061013402,0.094763
48061013500,0.074532
48061013600,0.277646
48061013700,0.082177
48061013801,0.011747
48061013802,0.020101
48061013901,0.012212
48061013902,0.12072
48061013903,0.024386
48061014001,0.018769
48061014002,0.044449
48061014101,0.012138
48061014102,0.017699
48061014103,0.023533
48061014201,0.136473
48061014202,0.084321
48061014300,0.188844
48061014401,0.045812
48061014402,0.054383
48061014403,0.017845
48061014404,0.012757
48061014501,0.017008
48061014502,0.010953
48061980001,0.092509
48061980100,0.470198
48063950101,0.038066
48063950102,0.165657
48063950200,0.126498
48073950100,0.164755
48073950201,0.075403
48073950202,0.223867
48073950301,0.113255
48073950302,0.148956
48073950400,0.185513
48073950500,0.197164
48073950600,0.163773
48073950700,0.203587
48073950801,0.117131
48073950802,0.154337
48073950900,0.16134
48073951000,0.133662
48073951100,0.167856
48077030302,0.055055
48081950100,0.032221
48081950200,0.125039
48083950300,0.089438
48083950600,0.100294
48083950700,0.028108
48085030101,0.02727
48085030102,0.076903
48085030201,0.055408
48085030202,0.033558
48085030204,0.16397
48085030205,0.115159
48085030206,0.101692
48085030207,0.086447
48085030301,0.023815
48085030302,0.012878
48085030303,0.039952
48085030304,0.021259
48085030306,0.037865
48085030307,0.036431
48085030403,0.049797
48085030404,0.016934
48085030405,0.014562
48085030406,0.015969
48085030407,0.040685
48085030409,0.026615
48085030410,0.024546
48085030504,0.035288
48085030505,0.028873
48085030506,0.018116
48085030507,0.039638
48085030509,0.011188
48085030510,0.012903
48085030511,0.01651
48085030512,0.023886
48085030515,0.016424
48085030516,0.012974
48085030517,0.035291
48085030518,0.023556
48085030519,0.023479
48085030520,0.013662
48085030521,0.012635
48085030524,0.018388
48085030525,0.011881
48085030529,0.026708
48085030531,0.026334
48085030532,0.024648
48085030533,0.012464
48085030534,0.014597
48085030535,0.020262
48085030536,0.011506
48085030537,0.026881
48085030538,0.029165
48085030539,0.017634
48085030540,0.030779
48085030541,0.015774
48085030542,0.017129
48085030543,0.018243
48085030544,0.040181
48085030545,0.040719
48085030546,0.01618
48085030547,0.04412
48085030548,0.015284
48085030549,0.031714
48085030550,0.012348
48085030604,0.021049
48085030605,0.051521
48085030606,0.026919
48085030607,0.025045
48085030608,0.039822
48085030609,0.013223
48085030701,0.077853
48085030702,0.048669
48085030801,0.028574
48085030802,0.019572
48085030901,0.140657
48085030902,0.028054
48085030903,0.016289
48085031003,0.044787
48085031005,0.026294
48085031006,0.091003
48085031007,0.034034
48085031008,0.013351
48085031101,0.133914
48085031102,0.123899
48085031201,0.03088
48085031202,0.027217
48085031308,0.024776
48085031314,0.018401
48085031318,0.04296
48085031319,0.020214
48085031320,0.023781
48085031321,0.014117
48085031322,0.040327
48085031323,0.009638
48085031324,0.011432
48085031325,0.034391
48085031326,0.018495
48085031327,0.032913
48085031328,0.032922
48085031329,0.013873
48085031330,0.013815
48085031331,0.011915
48085031332,0.037568
48085031333,0.021826
48085031334,0.02188
48085031335,0.057882
48085031336,0.019271
48085031408,0.027706
48085031411,0.014057
48085031412,0.022211
48085031413,0.033451
48085031414,0.012771
48085031415,0.036697
48085031416,0.044125
48085031417,0.014165
48085031418,0.020363
48085031419,0.022176
48085031420,0.017139
48085031421,0.02163
48085031422,0.012
48085031423,0.077922
48085031424,0.016484
48085031425,0.019402
48085031504,0.010433
48085031507,0.07708
48085031508,0.019606
48085031509,0.032348
48085031510,0.025117
48085031511,0.019008
48085031512,0.016055
48085031611,0.034654
48085031613,0.015024
48085031621,0.029137
48085031622,0.020722
48085031623,0.014652
48085031624,0.036409
48085031625,0.014234
48085031626,0.022151
48085031627,0.01608
48085031628,0.012333
48085031629,0.01831
48085031630,0.014924
48085031631,0.017724
48085031632,0.015121
48085031633,0.026318
48085031634,0.013926
48085031635,0.016012
48085031636,0.014723
48085031639,0.020824
48085031641,0.011472
48085031642,0.013232
48085031643,0.016664
48085031645,0.049438
48085031646,0.013126
48085031647,0.027425
48085031649,0.028846
48085031654,0.02313
48085031655,0.023431
48085031657,0.024016
48085031659,0.019986
48085031660,0.020651
48085031661,0.034161
48085031662,0.018277
48085031663,0.033496
48085031664,0.015969
48085031665,0.031941
48085031666,0.022946
48085031667,0.055359
48085031668,0.03068
48085031669,0.014252
48085031670,0.022723
48085031671,0.045321
48085031672,0.012925
48085031673,0.026152
48085031674,0.01503
48085031675,0.014219
48085031676,0.010634
48085031677,0.012255
48085031678,0.018505
48085031679,0.016015
48085031680,0.065696
48085031681,0.014263
48085031682,0.016227
48085031704,0.036336
48085031706,0.03437
48085031708,0.053717
48085031709,0.026335
48085031711,0.032301
48085031713,0.09205
48085031715,0.082232
48085031716,0.088249
48085031717,0.143435
48085031718,0.020276
48085031719,0.011536
48085031720,0.092199
48085031721,0.020894
48085031722,0.139888
48085031723,0.092412
48085031724,0.05469
48085031806,0.035516
48085031807,0.017337
48085031808,0.016731
48085031809,0.02386
48085031810,0.037611
48085031811,0.054284
48085031812,0.026697
48085031813,0.013666
48085031814,0.01277
48085031815,0.021707
48085031816,0.029766
48085031901,0.015223
48085031902,0.046407
48085031903,0.02824
48085031904,0.03004
48085032003,0.017358
48085032008,0.016357
48085032010,0.044091
48085032012,0.013375
48085032013,0.027012
48085032014,0.011637
48085032015,0.035367
48085032016,0.018605
48085032017,0.012827
48085032018,0.072177
48085032019,0.029247
48089750100,0.085747
48089750200,0.096983
48089750300,0.029513
48089750400,0.040211
48089750500,0.055637
48091310100,0.066037
48091310200,0.012559
48091310301,0.227496
48091310302,0.118885
48091310401,0.036923
48091310404,0.013706
48091310405,0.072482
48091310406,0.04947
48091310501,0.063129
48091310502,0.039617
48091310503,0.112482
48091310603,0.025283
48091310604,0.067606
48091310608,0.026741
48091310609,0.02068
48091310610,0.144299
48091310611,0.035587
48091310612,0.050778
48091310613,0.030073
48091310614,0.021688
48091310702,0.102078
48091310703,0.056704
48091310705,0.148888
48091310706,0.03628
48091310707,0.074222
48091310708,0.035286
48091310801,0.047427
48091310803,0.045271
48091310804,0.030249
48091310901,0.061597
48091310903,0.077253
48091310904,0.050848
48091310905,0.019849
48093950101,0.135382
48093950102,0.080324
48093950200,0.029572
48093950300,0.104923
48093950400,0.115104
48095950300,0.097232
48097000100,0.155535
48097000200,0.08714
48097000400,0.082818
48097000500,0.029827
48097000600,0.174329
48097000701,0.020892
48097000702,0.033544
48097000900,0.034858
48097001100,0.054622
48099010101,0.044883
48099010102,0.028298
48099010201,0.066385
48099010202,0.095384
48099010300,0.15468
48099010400,0.046445
48099010501,0.016427
48099010502,0.020584
48099010503,0.050414
48099010504,0.050395
48099010601,0.013493
48099010603,0.014199
48099010604,0.017886
48099010701,0.031321
48099010702,0.237745
48099010802,0.069545
48099010803,0.06739
48099010804,0.084952
48099980000,0.031983
48105950100,0.063045
48107950100,0.027012
48107950200,0.020755
48107950300,0.038423
48113000100,0.158912
48113000201,0.088585
48113000202,0.069404
48113000300,0.066953
48113000401,0.020816
48113000405,0.07645
48113000407,0.028026
48113000408,0.02295
48113000409,0.07386
48113000410,0.019974
48113000501,0.071149
48113000502,0.025321
48113000503,0.080996
48113000605,0.01547
48113000606,0.074042
48113000607,0.013785
48113000608,0.043818
48113000609,0.016419
48113000610,0.013084
48113000611,0.028215
48113000703,0.091696
48113000704,0.026966
48113000705,0.02445
48113000706,0.064374
48113000801,0.013642
48113000802,0.045833
48113000901,0.054114
48113000902,0.08046
48113001001,0.027767
48113001002,0.039464
48113001101,0.046434
48113001102,0.074229
48113001202,0.069999
48113001203,0.217728
48113001204,0.206988
48113001301,0.023148
48113001302,0.030469
48113001400,0.078304
48113001502,0.024288
48113001503,0.012326
48113001504,0.013881
48113001601,0.018854
48113001602,0.016147
48113001703,0.055664
48113001705,0.020902
48113001801,0.051919
48113001802,0.047816
48113001901,0.053167
48113001902,0.042548
48113002001,0.062092
48113002002,0.018011
48113002100,0.037208
48113002200,0.024239
48113002400,0.064262
48113002500,0.047363
48113002703,0.13019
48113003102,0.034397
48113003103,0.137594
48113003700,0.124855
48113004201,0.0324
48113004202,0.010937
48113004300,0.01671
48113004400,0.038703
48113004500,0.026523
48113004600,0.016765
48113004700,0.047291
48113004800,0.013777
48113005000,0.012808
48113005100,0.017308
48113005200,0.01633
48113005300,0.012952
48113005400,0.011268
48113005500,0.02166
48113005600,0.018667
48113005700,0.022339
48113005901,0.024799
48113005902,0.016711
48113006001,0.014519
48113006002,0.036688
48113006100,0.016766
48113006200,0.101933
48113006301,0.029043
48113006302,0.022821
48113006401,0.011917
48113006402,0.07246
48113006501,0.016762
48113006502,0.024102
48113006701,0.011094
48113006702,0.028859
48113006800,0.0245
48113006900,0.024839
48113007101,0.04776
48113007102,0.034115
48113007203,0.029444
48113007204,0.13881
48113007205,0.025656
48113007206,0.068507
48113007301,0.06351
48113007302,0.051625
48113007601,0.024507
48113007604,0.026686
48113007605,0.04282
48113007701,0.048883
48113007702,0.055767
48113007801,0.035113
48113007805,0.014991
48113007809,0.074692
48113007810,0.019066
48113007812,0.04785
48113007815,0.025857
48113007819,0.08883
48113007821,0.034203
48113007822,0.040166
48113007823,0.040528
48113007824,0.017274
48113007825,0.021435
48113007826,0.022542
48113007827,0.046857
48113007828,0.101097
48113007829,0.017321
48113007830,0.088617
48113007831,0.068554
48113007832,0.17248
48113007833,0.017024
48113007834,0.072801
48113007835,0.08451
48113007902,0.055509
48113007903,0.054576
48113007906,0.036921
48113007909,0.057291
48113007910,0.076958
48113007912,0.067503
48113007913,0.052937
48113007914,0.048467
48113007915,0.135944
48113007916,0.060535
48113008000,0.046426
48113008101,0.210495
48113008102,0.175065
48113008200,0.161369
48113008401,0.050322
48113008402,0.034507
48113008500,0.036075
48113008604,0.041145
48113008701,0.053184
48113008703,0.021084
48113008704,0.05954
48113008705,0.063291
48113008801,0.012848
48113008802,0.030113
48113009001,0.06174
48113009002,0.031651
48113009101,0.063498
48113009103,0.011085
48113009104,0.058035
48113009105,0.1386
48113009202,0.015421
48113009203,0.084657
48113009204,0.0132
48113009301,0.023606
48113009303,0.051296
48113009304,0.031794
48113009401,0.018898
48113009402,0.025197
48113009500,0.01778
48113009603,0.030523
48113009604,0.07205
48113009605,0.045562
48113009607,0.019968
48113009608,0.026057
48113009609,0.03649
48113009610,0.078193
48113009611,0.021203
48113009701,0.019541
48113009702,0.012848
48113009802,0.017818
48113009803,0.037134
48113009804,0.019821
48113009900,0.078226
48113010001,0.056608
48113010002,0.138526
48113010003,0.030307
48113010101,0.043882
48113010102,0.017133
48113010500,0.017016
48113010601,0.017344
48113010602,0.076593
48113010701,0.020902
48113010704,0.014076
48113010804,0.013508
48113010805,0.023214
48113010806,0.026365
48113010807,0.015242
48113010808,0.019969
48113010809,0.026945
48113010903,0.021278
48113010904,0.022104
48113010905,0.028623
48113010906,0.018531
48113011002,0.018636
48113011003,0.010873
48113011004,0.05495
48113011101,0.018687
48113011103,0.012505
48113011104,0.011409
48113011105,0.027848
48113011201,0.035031
48113011202,0.022379
48113011300,0.033538
48113011401,0.020778
48113011500,0.05369
48113011601,0.142227
48113011603,0.038976
48113011604,0.027116
48113011701,0.012297
48113011702,0.020491
48113011801,0.016682
48113011802,0.012712
48113011901,0.011601
48113011902,0.046184
48113012000,0.081749
48113012101,0.035457
48113012102,0.015963
48113012206,0.020357
48113012207,0.016008
48113012208,0.07341
48113012209,0.061319
48113012210,0.027625
48113012211,0.034385
48113012212,0.028927
48113012213,0.014484
48113012301,0.085559
48113012302,0.063889
48113012400,0.055437
48113012501,0.13649
48113012502,0.134229
48113012601,0.140843
48113012603,0.095705
48113012604,0.072554
48113012701,0.078817
48113012702,0.143996
48113012801,0.226306
48113012802,0.088745
48113012900,0.083847
48113013005,0.05851
48113013007,0.056478
48113013008,0.024901
48113013009,0.039748
48113013010,0.051841
48113013011,0.029928
48113013012,0.047194
48113013013,0.051904
48113013101,0.01875
48113013102,0.012773
48113013104,0.027297
48113013106,0.011476
48113013107,0.056853
48113013201,0.038353
48113013202,0.041085
48113013300,0.02172
48113013400,0.055907
48113013500,0.011785
48113013605,0.024586
48113013606,0.021062
48113013607,0.031491
48113013608,0.023341
48113013609,0.022363
48113013610,0.013399
48113013611,0.048868
48113013615,0.110764
48113013617,0.070378
48113013618,0.043537
48113013619,0.015019
48113013620,0.062934
48113013621,0.197217
48113013622,0.107567
48113013624,0.044815
48113013625,0.091576
48113013626,0.098474
48113013627,0.183196
48113013628,0.029548
48113013629,0.053165
48113013630,0.321528
48113013631,0.100581
48113013715,0.016392
48113013716,0.01669
48113013717,0.017056
48113013718,0.014323
48113013719,0.062694
48113013720,0.054214
48113013721,0.020893
48113013722,0.044023
48113013725,0.215198
48113013726,0.059198
48113013727,0.015148
48113013728,0.013416
48113013729,0.022352
48113013804,0.02024
48113013805,0.035496
48113013806,0.022722
48113013807,0.031529
48113013808,0.029867
48113013901,0.013861
48113013902,0.013585
48113014001,0.041587
48113014002,0.025801
48113014119,0.021455
48113014120,0.020056
48113014121,0.018727
48113014123,0.027957
48113014124,0.032029
48113014126,0.017847
48113014128,0.013129
48113014130,0.024202
48113014132,0.01041
48113014134,0.058969
48113014135,0.015187
48113014138,0.014151
48113014139,0.016725
48113014140,0.017195
48113014141,0.017305
48113014142,0.011269
48113014143,0.053718
48113014144,0.029949
48113014145,0.032798
48113014146,0.020751
48113014147,0.028286
48113014148,0.018796
48113014149,0.014056
48113014150,0.059431
48113014151,0.022844
48113014152,0.125758
48113014153,0.031059
48113014154,0.03151
48113014155,0.019316
48113014156,0.013923
48113014157,0.021818
48113014158,0.01256
48113014159,0.032769
48113014160,0.02093
48113014161,0.021258
48113014203,0.018564
48113014204,0.013975
48113014205,0.055053
48113014207,0.040176
48113014208,0.046055
48113014209,0.037497
48113014306,0.014365
48113014308,0.017223
48113014309,0.097331
48113014310,0.014552
48113014313,0.055359
48113014314,0.014452
48113014315,0.022453
48113014316,0.140636
48113014317,0.019724
48113014318,0.014561
48113014319,0.070037
48113014320,0.05335
48113014405,0.019002
48113014406,0.04207
48113014407,0.02126
48113014408,0.030476
48113014409,0.039097
48113014410,0.018386
48113014501,0.021024
48113014502,0.03313
48113014601,0.014745
48113014602,0.022563
48113014603,0.012656
48113014701,0.023491
48113014704,0.034633
48113014903,0.07301
48113015001,0.021184
48113015002,0.02948
48113015101,0.014135
48113015102,0.012525
48113015202,0.105659
48113015205,0.035628
48113015206,0.013701
48113015207,0.147515
48113015208,0.011685
48113015303,0.027533
48113015304,0.050785
48113015305,0.017632
48113015306,0.01371
48113015403,0.04232
48113015404,0.079917
48113015405,0.03432
48113015406,0.041542
48113015500,0.049514
48113015600,0.03701
48113015700,0.053313
48113015900,0.053945
48113016001,0.071631
48113016002,0.015128
48113016100,0.049769
48113016201,0.013377
48113016203,0.090892
48113016204,0.013967
48113016301,0.141562
48113016302,0.030502
48113016406,0.019542
48113016407,0.029648
48113016409,0.020925
48113016410,0.019706
48113016412,0.020132
48113016414,0.023347
48113016415,0.011542
48113016416,0.011963
48113016417,0.011482
48113016418,0.121964
48113016419,0.034118
48113016420,0.012728
48113016421,0.14319
48113016511,0.016487
48113016513,0.015304
48113016516,0.010895
48113016517,0.019739
48113016518,0.018161
48113016519,0.016981
48113016521,0.092667
48113016522,0.08051
48113016524,0.0232
48113016525,0.015543
48113016526,0.023484
48113016527,0.016037
48113016528,0.024127
48113016529,0.010276
48113016530,0.023227
48113016531,0.029472
48113016532,0.030677
48113016533,0.057311
48113016534,0.025972
48113016535,0.060468
48113016536,0.016043
48113016607,0.034715
48113016610,0.013083
48113016615,0.018697
48113016616,0.029583
48113016617,0.013561
48113016618,0.016224
48113016619,0.03184
48113016620,0.014008
48113016621,0.01396
48113016622,0.017599
48113016623,0.014487
48113016624,0.034817
48113016626,0.014375
48113016627,0.012061
48113016628,0.032958
48113016629,0.054277
48113016630,0.012575
48113016631,0.042785
48113016632,0.121789
48113016633,0.034674
48113016634,0.051154
48113016635,0.059537
48113016636,0.019315
48113016637,0.022003
48113016638,0.01651
48113016704,0.128979
48113016706,0.03031
48113016707,0.022706
48113016708,0.01936
48113016709,0.030412
48113016710,0.025316
48113016711,0.065073
48113016802,0.049424
48113016803,0.013968
48113016805,0.015163
48113016806,0.051989
48113016902,0.029083
48113016903,0.021363
48113017005,0.041717
48113017006,0.014904
48113017007,0.015297
48113017008,0.041218
48113017009,0.041682
48113017010,0.011667
48113017101,0.028471
48113017102,0.079831
48113017201,0.019373
48113017203,0.063145
48113017204,0.041871
48113017307,0.043475
48113017308,0.011358
48113017309,0.01373
48113017310,0.011675
48113017311,0.018979
48113017312,0.013364
48113017313,0.039169
48113017314,0.01162
48113017315,0.021036
48113017400,0.012541
48113017500,0.106099
48113017602,0.016374
48113017604,0.077588
48113017605,0.013282
48113017606,0.028458
48113017703,0.016113
48113017704,0.026251
48113017705,0.03916
48113017706,0.017033
48113017805,0.024585
48113017806,0.022172
48113017808,0.065408
48113017811,0.069057
48113017812,0.077917
48113017814,0.064676
48113017815,0.012825
48113017816,0.039866
48113017817,0.047396
48113017818,0.015358
48113017819,0.046993
48113017820,0.048114
48113017900,0.066075
48113018001,0.065446
48113018002,0.089814
48113018105,0.020998
48113018110,0.016381
48113018111,0.106804
48113018120,0.013081
48113018121,0.022328
48113018126,0.097418
48113018127,0.098308
48113018128,0.101649
48113018129,0.050214
48113018130,0.053997
48113018132,0.049592
48113018133,0.135765
48113018134,0.032116
48113018135,0.016142
48113018137,0.01834
48113018138,0.011334
48113018140,0.085322
48113018141,0.030795
48113018142,0.036383
48113018143,0.053878
48113018144,0.02023
48113018145,0.058991
48113018146,0.015533
48113018147,0.010558
48113018148,0.033556
48113018149,0.03223
48113018150,0.014932
48113018151,0.028062
48113018152,0.042468
48113018153,0.011521
48113018154,0.031144
48113018155,0.01482
48113018156,0.06533
48113018157,0.020092
48113018158,0.142866
48113018159,0.018744
48113018203,0.030785
48113018204,0.019183
48113018205,0.010671
48113018206,0.012785
48113018300,0.019701
48113018401,0.044457
48113018402,0.046208
48113018403,0.092637
48113018501,0.061596
48113018505,0.06208
48113018506,0.023463
48113018507,0.017572
48113018508,0.028619
48113018600,0.013288
48113018700,0.152482
48113018801,0.014283
48113018802,0.035288
48113018900,0.025835
48113019013,0.016961
48113019016,0.125748
48113019018,0.012035
48113019019,0.04324
48113019020,0.045567
48113019023,0.012618
48113019024,0.014226
48113019025,0.256114
48113019026,0.0163
48113019027,0.025091
48113019028,0.012068
48113019029,0.034006
48113019031,0.019102
48113019032,0.023827
48113019033,0.02903
48113019034,0.022657
48113019035,0.017792
48113019036,0.18125
48113019037,0.043206
48113019039,0.02108
48113019040,0.016221
48113019041,0.01739
48113019042,0.02111
48113019044,0.020391
48113019045,0.032167
48113019046,0.013117
48113019047,0.057513
48113019048,0.015454
48113019049,0.036819
48113019050,0.051171
48113019051,0.037756
48113019052,0.020287
48113019053,0.102776
48113019101,0.069757
48113019102,0.043266
48113019202,0.018243
48113019203,0.031385
48113019205,0.019208
48113019208,0.020531
48113019210,0.021903
48113019211,0.017678
48113019212,0.015883
48113019213,0.079552
48113019214,0.014368
48113019215,0.020453
48113019216,0.038836
48113019301,0.019308
48113019302,0.03703
48113019400,0.012622
48113019501,0.147517
48113019502,0.022989
48113019600,0.045433
48113019700,0.020172
48113019800,0.038676
48113019900,0.030321
48113020000,0.03131
48113020100,0.064842
48113020200,0.081618
48113020300,0.02605
48113020401,0.045508
48113020402,0.025724
48113020500,0.011981
48113020600,0.03939
48113020700,0.019953
48113020800,0.02144
48113020900,0.026309
48113021000,0.012702
48113021100,0.093571
48113021200,0.044178
48113980000,0.094791
48113980100,0.129918
48113980200,0.011197
48115950401,0.137704
48115950402,0.133511
48115950500,0.178766
48115950600,0.088236
48119950100,0.048806
48119950200,0.107959
48121020109,0.023641
48121020110,0.020094
48121020111,0.019999
48121020112,0.084488
48121020115,0.014134
48121020116,0.020004
48121020117,0.069455
48121020118,0.108391
48121020119,0.014949
48121020120,0.030452
48121020121,0.050896
48121020122,0.040012
48121020123,0.058723
48121020124,0.013104
48121020125,0.086728
48121020126,0.035282
48121020127,0.018933
48121020128,0.067433
48121020129,0.023468
48121020130,0.035607
48121020131,0.035191
48121020132,0.094651
48121020133,0.011704
48121020134,0.02881
48121020135,0.117289
48121020136,0.150269
48121020137,0.087751
48121020203,0.015122
48121020204,0.069677
48121020205,0.0348
48121020206,0.131291
48121020207,0.062494
48121020208,0.02934
48121020305,0.022628
48121020310,0.021414
48121020311,0.034589
48121020312,0.018456
48121020313,0.021757
48121020314,0.046759
48121020315,0.039632
48121020316,0.057201
48121020317,0.02218
48121020318,0.041232
48121020319,0.067004
48121020320,0.024051
48121020321,0.011913
48121020322,0.024086
48121020402,0.134485
48121020403,0.030179
48121020404,0.082544
48121020405,0.045548
48121020504,0.020315
48121020505,0.080946
48121020506,0.095484
48121020507,0.03525
48121020508,0.1488
48121020601,0.06975
48121020603,0.115763
48121020604,0.057421
48121020605,0.057939
48121020700,0.015065
48121020800,0.047481
48121020900,0.016717
48121021000,0.01146
48121021100,0.040911
48121021202,0.028378
48121021203,0.14471
48121021204,0.018861
48121021301,0.180392
48121021304,0.014716
48121021305,0.043933
48121021306,0.050775
48121021307,0.016315
48121021410,0.034147
48121021411,0.111201
48121021412,0.088713
48121021413,0.102569
48121021414,0.098086
48121021415,0.045256
48121021416,0.01349
48121021417,0.025542
48121021418,0.012703
48121021419,0.015554
48121021420,0.023869
48121021421,0.027689
48121021422,0.013003
48121021423,0.017839
48121021502,0.047634
48121021505,0.020446
48121021512,0.025882
48121021513,0.059883
48121021514,0.013891
48121021516,0.044362
48121021517,0.198099
48121021518,0.032554
48121021520,0.01905
48121021521,0.070434
48121021522,0.02245
48121021526,0.01764
48121021528,0.016395
48121021529,0.013381
48121021530,0.020637
48121021531,0.058563
48121021532,0.015097
48121021533,0.010939
48121021534,0.015016
48121021535,0.022234
48121021536,0.046327
48121021537,0.040428
48121021538,0.013117
48121021539,0.015752
48121021540,0.011548
48121021611,0.024883
48121021612,0.020251
48121021613,0.014649
48121021614,0.044952
48121021615,0.022853
48121021616,0.025776
48121021618,0.022874
48121021619,0.021119
48121021620,0.033285
48121021621,0.02346
48121021622,0.017358
48121021626,0.023018
48121021630,0.013611
48121021631,0.026322
48121021632,0.014299
48121021633,0.013521
48121021634,0.038659
48121021635,0.015979
48121021637,0.02584
48121021638,0.012768
48121021639,0.019849
48121021640,0.01245
48121021641,0.056109
48121021642,0.050128
48121021643,0.01618
48121021644,0.021681
48121021645,0.084248
48121021646,0.023442
48121021647,0.028049
48121021648,0.010473
48121021649,0.037263
48121021650,0.026675
48121021651,0.020784
48121021652,0.017289
48121021653,0.022335
48121021654,0.064019
48121021655,0.024546
48121021715,0.017887
48121021716,0.03597
48121021717,0.012939
48121021719,0.053665
48121021720,0.024337
48121021721,0.011365
48121021722,0.019088
48121021723,0.021395
48121021724,0.013538
48121021725,0.042226
48121021726,0.014824
48121021727,0.016344
48121021728,0.077138
48121021729,0.019411
48121021730,0.012733
48121021731,0.013046
48121021732,0.23647
48121021733,0.108992
48121021734,0.103534
48121021735,0.021608
48121021736,0.022706
48121021737,0.054476
48121021738,0.044405
48121021739,0.089152
48121021740,0.019582
48121021741,0.010562
48121021742,0.027826
48121021743,0.070589
48121021744,0.024246
48121021745,0.018528
48121021746,0.033789
48121021748,0.056113
48121021749,0.020241
48121021750,0.033158
48121021751,0.016366
48121021752,0.012307
48121021754,0.029905
48121021755,0.019078
48121021756,0.057753
48121021757,0.042184
48121021758,0.01819
48121021759,0.037743
48121021800,0.019394
48121021900,0.013963
48123970100,0.059948
48123970201,0.191378
48123970202,0.090067
48123970300,0.083738
48123970400,0.070781
48123970500,0.053819
48125950300,0.074977
48127950201,0.129201
48127950202,0.096633
48127950400,0.132224
48131950100,0.040698
48131950200,0.055466
48131950500,0.029659
48133950100,0.05617
48133950201,0.03339
48133950202,0.0437
48133950301,0.114579
48133950302,0.067139
48133950400,0.030125
48133950500,0.023508
48137950300,0.096856
48139060103,0.046502
48139060104,0.021545
48139060105,0.021974
48139060106,0.021074
48139060206,0.083351
48139060207,0.058234
48139060209,0.01601
48139060211,0.018206
48139060212,0.023465
48139060215,0.019003
48139060216,0.094205
48139060217,0.015746
48139060218,0.013463
48139060219,0.031392
48139060220,0.013465
48139060221,0.013782
48139060300,0.010156
48139060400,0.10334
48139060500,0.035177
48139060601,0.087036
48139060602,0.026148
48139060702,0.046435
48139060704,0.072049
48139060801,0.027568
48139060802,0.042455
48139060803,0.043141
48139060900,0.018895
48139061000,0.094762
48139061100,0.033214
48139061200,0.090188
48139061300,0.063549
48139061401,0.06685
48139061402,0.02526
48139061500,0.081018
48139061600,0.052159
48139061700,0.047285
48143950100,0.077809
48143950201,0.081868
48143950203,0.035211
48143950204,0.031791
48143950301,0.062377
48143950302,0.08737
48143950401,0.171036
48143950402,0.06061
48143950501,0.103501
48143950502,0.142376
48143950600,0.135761
48143950700,0.110829
48145000200,0.125953
48145000300,0.159801
48145000400,0.157501
48145000500,0.037765
48145000700,0.029963
48145000800,0.048222
48147950100,0.041695
48147950300,0.077741
48147950401,0.202286
48147950402,0.117251
48147950500,0.154817
48147950600,0.221914
48147950701,0.042063
48147950702,0.089848
48147950800,0.052885
48149970100,0.040431
48149970200,0.114415
48149970301,0.121502
48149970302,0.068873
48149970400,0.071807
48149970500,0.032841
48149970601,0.029544
48149970602,0.078082
48149970700,0.06152
48151950300,0.037835
48151950400,0.141634
48155950100,0.023183
48157670101,0.013771
48157670102,0.030315
48157670201,0.010783
48157670202,0.017121
48157670300,0.09047
48157670400,0.014494
48157670500,0.075113
48157670602,0.013492
48157670603,0.021781
48157670604,0.019539
48157670700,0.088427
48157670801,0.119056
48157670802,0.043524
48157670803,0.025125
48157670804,0.18734
48157670902,0.172868
48157670903,0.130912
48157670904,0.01428
48157671001,0.014435
48157671002,0.018506
48157671101,0.054074
48157671102,0.014138
48157671200,0.032884
48157671300,0.026175
48157671401,0.029707
48157671402,0.025718
48157671501,0.03738
48157671502,0.047413
48157671601,0.043346
48157671602,0.027617
48157671700,0.024573
48157671800,0.023959
48157671900,0.014292
48157672002,0.059067
48157672003,0.013245
48157672004,0.013461
48157672100,0.079989
48157672201,0.079191
48157672202,0.019371
48157672303,0.039219
48157672304,0.014284
48157672305,0.051577
48157672306,0.020285
48157672401,0.053634
48157672402,0.028012
48157672500,0.024784
48157672602,0.014429
48157672603,0.012058
48157672604,0.015946
48157672701,0.015481
48157672702,0.013378
48157672703,0.016962
48157672801,0.0584
48157672802,0.066341
48157672901,0.038413
48157672902,0.01305
48157672903,0.037867
48157672904,0.047281
48157672905,0.028938
48157672906,0.02424
48157672907,0.011734
48157673004,0.014735
48157673005,0.0172
48157673006,0.018113
48157673007,0.026186
48157673008,0.012181
48157673009,0.045906
48157673010,0.013945
48157673103,0.043894
48157673104,0.016205
48157673105,0.089817
48157673106,0.027148
48157673107,0.033427
48157673108,0.019578
48157673109,0.02232
48157673110,0.013909
48157673111,0.015931
48157673112,0.018392
48157673113,0.011483
48157673201,0.011881
48157673202,0.034005
48157673300,0.02645
48157673401,0.017674
48157673402,0.021785
48157673403,0.023756
48157673404,0.040064
48157673501,0.043555
48157673502,0.025981
48157673600,0.046819
48157673700,0.086201
48157673801,0.202563
48157673802,0.08276
48157673902,0.02358
48157673903,0.018365
48157673904,0.173319
48157674001,0.017742
48157674002,0.017858
48157674100,0.017056
48157674200,0.017211
48157674301,0.013251
48157674302,0.016605
48157674401,0.011716
48157674402,0.025868
48157674403,0.020784
48157674404,0.040498
48157674503,0.012591
48157674504,0.018606
48157674505,0.096994
48157674506,0.014067
48157674507,0.038908
48157674508,0.067464
48157674601,0.05119
48157674602,0.073287
48157674603,0.047113
48157674604,0.033825
48157674701,0.154249
48157674702,0.032163
48157674800,0.029848
48157674900,0.212483
48157675000,0.122504
48157675101,0.018671
48157675102,0.068409
48157675200,0.161781
48157675300,0.158098
48157675401,0.147945
48157675402,0.151977
48157675501,0.079413
48157675502,0.018552
48157675503,0.014002
48157675600,0.021311
48157675701,0.026612
48157675702,0.011959
48157675800,0.066126
48159950101,0.064379
48159950102,0.046691
48159950200,0.099728
48159950300,0.098646
48161000101,0.037056
48161000102,0.188867
48161000200,0.137767
48161000300,0.109063
48161000400,0.040814
48161000600,0.03141
48161000700,0.070884
48161000900,0.148252
48163950101,0.030771
48163950102,0.040812
48163950201,0.123723
48163950202,0.057365
48163950301,0.132146
48163950302,0.091226
48167720100,0.014208
48167720200,0.043623
48167720301,0.038498
48167720302,0.022593
48167720400,0.044743
48167720501,0.017985
48167720504,0.011083
48167720505,0.035029
48167720506,0.014839
48167720507,0.016456
48167720508,0.019005
48167720509,0.108098
48167720510,0.033542
48167720511,0.029587
48167720512,0.021966
48167720601,0.023375
48167720602,0.015159
48167720603,0.012235
48167720604,0.023016
48167720605,0.028792
48167720701,0.066234
48167720702,0.069323
48167720703,0.036225
48167720800,0.026542
48167720900,0.083397
48167721101,0.029813
48167721203,0.124065
48167721204,0.014675
48167721205,0.017313
48167721206,0.133197
48167721209,0.102599
48167721301,0.013021
48167721302,0.030643
48167721401,0.01251
48167721403,0.013444
48167721501,0.084183
48167721502,0.036511
48167721901,0.017028
48167723300,0.024652
48167723401,0.111756
48167723402,0.031704
48167723403,0.029776
48167723503,0.200743
48167723504,0.213089
48167723505,0.038557
48169950101,0.057863
48169950102,0.031938
48169980000,0.21367
48171950100,0.095896
48171950200,0.032524
48171950301,0.24116
48171950302,0.126224
48171950401,0.103995
48171950402,0.233817
48171950500,0.165072
48173950100,0.05757
48175960100,0.106605
48175960200,0.044642
48177000100,0.131718
48177000200,0.076518
48177000300,0.169077
48177000400,0.161364
48177000500,0.118899
48177000600,0.029983
48181000101,0.064003
48181000102,0.067284
48181000302,0.077596
48181000304,0.040244
48181000600,0.081394
48181000700,0.184294
48181000800,0.01713
48181000901,0.152356
48181000903,0.043455
48181000904,0.036123
48181001101,0.031541
48181001103,0.118194
48181001104,0.044315
48181001200,0.014345
48181001300,0.168378
48181001400,0.110768
48181001500,0.121539
48181001700,0.039708
48181001801,0.050306
48181001802,0.022911
48181001803,0.097277
48181001901,0.080442
48181001902,0.023587
48181002000,0.047506
48183010100,0.028548
48183010201,0.132577
48183010202,0.053529
48183010401,0.093365
48183010402,0.061969
48183010700,0.080713
48185180101,0.035984
48185180102,0.092937
48185180201,0.074264
48185180202,0.040073
48185180302,0.070885
48185180303,0.01615
48185180304,0.078462
48185180400,0.04858
48187210100,0.113943
48187210200,0.078462
48187210300,0.186947
48187210400,0.112192
48187210505,0.042922
48187210506,0.107071
48187210508,0.104621
48187210509,0.211025
48187210510,0.167757
48187210511,0.160872
48187210512,0.176391
48187210513,0.042348
48187210603,0.019652
48187210606,0.021983
48187210608,0.123374
48187210609,0.014237
48187210610,0.046025
48187210611,0.046288
48187210612,0.067203
48187210613,0.019054
48187210614,0.031791
48187210705,0.028785
48187210706,0.019557
48187210707,0.022485
48187210709,0.030679
48187210710,0.043414
48187210711,0.022168
48187210712,0.015478
48187210713,0.010997
48187210715,0.027208
48187210716,0.011641
48187210717,0.014765
48187210718,0.016246
48187210803,0.054988
48187210804,0.029352
48187210805,0.066965
48187210806,0.150065
48187210902,0.027406
48187210903,0.05038
48187210904,0.20321
48187210905,0.023658
48193950100,0.04664
48193950200,0.083669
48193950300,0.073498
48201100001,0.084681
48201210400,0.015271
48201210500,0.012516
48201210600,0.016695
48201210700,0.014378
48201210800,0.022068
48201210900,0.023883
48201211000,0.027462
48201211101,0.050437
48201211102,0.012186
48201211200,0.011951
48201211301,0.023286
48201211302,0.026387
48201211400,0.015088
48201211501,0.066619
48201211502,0.041698
48201211600,0.05953
48201211700,0.04025
48201211900,0.013761
48201212300,0.024805
48201212400,0.023958
48201212500,0.03661
48201220100,0.026699
48201220200,0.015723
48201220300,0.031531
48201220400,0.031395
48201220500,0.03168
48201220600,0.018377
48201220701,0.051024
48201220702,0.040014
48201220800,0.032174
48201220900,0.073133
48201221000,0.019456
48201221100,0.018621
48201221200,0.015868
48201221301,0.046615
48201221302,0.012892
48201221400,0.018288
48201221501,0.015981
48201221502,0.029831
48201221601,0.019029
48201221602,0.02268
48201221701,0.026918
48201221702,0.041295
48201221800,0.048728
48201221900,0.068846
48201222000,0.017989
48201222100,0.020239
48201222200,0.024445
48201222300,0.019595
48201222401,0.083317
48201222402,0.023217
48201222501,0.019055
48201222502,0.170398
48201222504,0.02103
48201222505,0.017249
48201222601,0.034285
48201222602,0.015346
48201222701,0.017897
48201222702,0.050176
48201222800,0.041595
48201222900,0.028502
48201223001,0.015452
48201223002,0.018378
48201223100,0.03484
48201230100,0.015029
48201230200,0.01312
48201230300,0.019067
48201230400,0.014338
48201230500,0.028423
48201230600,0.043847
48201230700,0.015166
48201230800,0.026694
48201230900,0.0164
48201231000,0.015903
48201231100,0.088491
48201231200,0.01673
48201231300,0.010958
48201231400,0.011772
48201231500,0.062556
48201231600,0.013368
48201231700,0.057223
48201231800,0.021636
48201231900,0.026996
48201232000,0.018788
48201232100,0.02818
48201232201,0.0171
48201232202,0.029247
48201232203,0.102195
48201232303,0.016483
48201232304,0.066568
48201232305,0.05274
48201232306,0.052863
48201232402,0.037354
48201232403,0.030316
48201232404,0.049001
48201232405,0.05971
48201232500,0.114713
48201232600,0.029484
48201232701,0.06504
48201232703,0.049845
48201232704,0.038794
48201232801,0.052529
48201232802,0.019032
48201232901,0.040061
48201232902,0.046176
48201233001,0.037983
48201233002,0.036894
48201233003,0.026995
48201233101,0.021671
48201233103,0.064024
48201233104,0.045308
48201233105,0.048424
48201233200,0.024834
48201233300,0.053049
48201233400,0.019861
48201233501,0.019481
48201233502,0.071169
48201233600,0.039174
48201233701,0.064671
48201233702,0.019708
48201233703,0.049256
48201240101,0.024698
48201240102,0.045904
48201240400,0.02351
48201240503,0.021435
48201240504,0.012662
48201240505,0.018787
48201240506,0.012172
48201240600,0.021479
48201240703,0.032756
48201240704,0.023604
48201240705,0.020674
48201240706,0.035357
48201240707,0.048246
48201240802,0.013505
48201240803,0.024993
48201240804,0.023841
48201240903,0.035298
48201240904,0.018347
48201240905,0.017957
48201240906,0.014336
48201241001,0.054688
48201241002,0.013551
48201241101,0.021947
48201241103,0.013622
48201241104,0.018527
48201241105,0.147933
48201241201,0.017821
48201241202,0.198966
48201241301,0.023239
48201241302,0.021858
48201241400,0.032996
48201241501,0.032063
48201241502,0.027786
48201241503,0.046592
48201250101,0.032286
48201250102,0.080563
48201250201,0.030924
48201250202,0.034182
48201250303,0.100596
48201250304,0.060652
48201250305,0.021792
48201250306,0.081361
48201250403,0.04863
48201250404,0.014107
48201250405,0.036057
48201250406,0.04701
48201250407,0.108054
48201250408,0.014801
48201250500,0.021437
48201250601,0.057064
48201250602,0.046059
48201250701,0.021659
48201250702,0.015791
48201250801,0.016767
48201250802,0.034737
48201250901,0.026471
48201250902,0.020615
48201251000,0.063945
48201251100,0.019379
48201251200,0.023654
48201251300,0.026017
48201251401,0.017657
48201251402,0.013342
48201251501,0.015185
48201251503,0.010953
48201251504,0.010377
48201251505,0.016703
48201251600,0.044249
48201251701,0.010349
48201251702,0.094031
48201251800,0.29676
48201251902,0.033986
48201251903,0.055648
48201251904,0.014657
48201252001,0.0223
48201252002,0.046771
48201252003,0.050679
48201252100,0.017495
48201252201,0.093176
48201252202,0.121817
48201252303,0.037541
48201252304,0.025231
48201252305,0.01562
48201252306,0.018677
48201252400,0.037336
48201252500,0.127391
48201252601,0.034142
48201252602,0.118721
48201252700,0.110137
48201252800,0.032405
48201252901,0.031112
48201252902,0.018528
48201253000,0.059786
48201253202,0.026138
48201253300,0.01901
48201253502,0.036368
48201310101,0.019983
48201310102,0.019754
48201310200,0.01883
48201310300,0.011579
48201310400,0.017616
48201310500,0.02133
48201310600,0.012969
48201310700,0.036816
48201310800,0.025111
48201310900,0.012991
48201311001,0.094168
48201311002,0.119691
48201311100,0.022294
48201311200,0.039475
48201311300,0.015603
48201311400,0.013195
48201311501,0.013662
48201311502,0.016938
48201311600,0.03202
48201311701,0.029869
48201311702,0.057241
48201311800,0.041259
48201311900,0.022651
48201312000,0.0948
48201312200,0.040066
48201312300,0.019881
48201312400,0.0213
48201312501,0.042886
48201312502,0.036524
48201312601,0.08656
48201312602,0.035145
48201312603,0.024684
48201312700,0.023501
48201312800,0.019163
48201312901,0.019034
48201312902,0.014744
48201313000,0.02333
48201313101,0.02644
48201313102,0.075267
48201313201,0.05161
48201313202,0.018882
48201313300,0.012669
48201313400,0.014276
48201313500,0.016835
48201313600,0.017751
48201313700,0.050741
48201313801,0.05886
48201313802,0.022643
48201313901,0.04486
48201313902,0.023281
48201314001,0.05232
48201314003,0.110845
48201314004,0.019882
48201314005,0.026854
48201314301,0.076862
48201314302,0.04359
48201314401,0.155039
48201314402,0.178044
48201320100,0.017664
48201320201,0.036634
48201320202,0.019464
48201320500,0.03277
48201320601,0.015911
48201320602,0.019578
48201320700,0.044732
48201320800,0.134697
48201320901,0.037442
48201320902,0.012754
48201321001,0.033317
48201321002,0.060285
48201321101,0.041588
48201321102,0.03174
48201321200,0.034409
48201321301,0.034988
48201321302,0.07872
48201321401,0.034441
48201321402,0.104562
48201321500,0.062395
48201321600,0.028606
48201321700,0.017016
48201321800,0.039937
48201321900,0.016969
48201322000,0.062139
48201322100,0.018294
48201322200,0.015666
48201322600,0.086177
48201322701,0.02513
48201322702,0.054306
48201322800,0.032416
48201322900,0.017122
48201323000,0.032876
48201323100,0.022363
48201323200,0.034098
48201323300,0.019788
48201323400,0.02635
48201323500,0.037291
48201323601,0.028578
48201323602,0.055223
48201323701,0.038036
48201323702,0.074126
48201323801,0.015254
48201323802,0.017152
48201323900,0.048625
48201324000,0.042041
48201324101,0.078954
48201324102,0.221236
48201324200,0.070253
48201330101,0.024267
48201330102,0.020049
48201330200,0.01598
48201330301,0.06813
48201330302,0.063951
48201330303,0.034442
48201330400,0.033819
48201330500,0.023535
48201330600,0.01893
48201330700,0.065002
48201330801,0.064054
48201330802,0.084759
48201330901,0.019718
48201330902,0.016426
48201331100,0.021479
48201331200,0.029144
48201331300,0.036827
48201331400,0.047716
48201331501,0.117884
48201331502,0.013252
48201331602,0.0139
48201331603,0.046738
48201331604,0.014912
48201331700,0.048313
48201331800,0.023338
48201331900,0.041875
48201332000,0.02098
48201332100,0.047184
48201332200,0.013469
48201332300,0.023353
48201332400,0.016794
48201332500,0.018812
48201332600,0.035472
48201332700,0.036704
48201332800,0.048885
48201332900,0.027666
48201333000,0.035875
48201333100,0.018155
48201333201,0.026911
48201333203,0.016209
48201333204,0.02193
48201333205,0.071114
48201333301,0.043714
48201333302,0.016382
48201333501,0.036604
48201333502,0.129963
48201333600,0.09433
48201333700,0.056655
48201333801,0.095882
48201333802,0.015932
48201333903,0.023624
48201333904,0.021409
48201333905,0.040312
48201333906,0.027819
48201334001,0.016604
48201334002,0.074879
48201334003,0.049947
48201334101,0.037636
48201334102,0.058269
48201340101,0.069394
48201340102,0.031142
48201340201,0.15694
48201340202,0.032283
48201340203,0.025241
48201340301,0.021872
48201340302,0.024592
48201340400,0.025693
48201340501,0.020975
48201340502,0.056768
48201340600,0.033316
48201340701,0.024777
48201340702,0.022677
48201340800,0.017092
48201340900,0.052504
48201341001,0.087944
48201341002,0.062617
48201341101,0.026203
48201341102,0.030412
48201341201,0.027761
48201341203,0.094093
48201341204,0.051896
48201341302,0.107409
48201341303,0.031087
48201341304,0.068295
48201341400,0.040912
48201341501,0.01756
48201341502,0.049359
48201342001,0.018572
48201342002,0.036605
48201342100,0.020598
48201342200,0.056071
48201342300,0.018291
48201342400,0.080534
48201342500,0.082167
48201342700,0.029053
48201342801,0.033438
48201342802,0.100569
48201342900,0.041558
48201343000,0.056563
48201343100,0.04492
48201343200,0.024202
48201343301,0.050701
48201343302,0.050313
48201343601,0.211454
48201343700,0.102053
48201350101,0.046238
48201350102,0.019097
48201350103,0.033069
48201350104,0.050721
48201350201,0.01875
48201350202,0.074229
48201350300,0.050614
48201350400,0.016851
48201350500,0.01697
48201350601,0.021879
48201350603,0.024221
48201350604,0.015678
48201350700,0.013299
48201350801,0.019629
48201350803,0.022493
48201350804,0.012483
48201410101,0.019209
48201410102,0.051973
48201410201,0.05915
48201410202,0.04241
48201410300,0.057599
48201410401,0.088646
48201410402,0.069869
48201410501,0.073038
48201410502,0.079357
48201410601,0.039477
48201410602,0.038422
48201410703,0.02079
48201410704,0.087617
48201410705,0.024708
48201410706,0.012998
48201410801,0.040968
48201410802,0.018147
48201410900,0.162874
48201411001,0.088057
48201411002,0.042145
48201411003,0.025896
48201411100,0.039929
48201411200,0.098181
48201411301,0.076501
48201411302,0.119863
48201411400,0.026407
48201411503,0.028677
48201411504,0.059136
48201411505,0.024679
48201411506,0.083031
48201411507,0.090103
48201411600,0.028987
48201411700,0.023417
48201411801,0.028811
48201411802,0.025235
48201411901,0.054
48201411902,0.032949
48201412000,0.046597
48201412201,0.028834
48201412202,0.016951
48201412300,0.090337
48201412400,0.019653
48201412500,0.081278
48201412600,0.040457
48201412700,0.0159
48201412800,0.032451
48201412901,0.094482
48201412902,0.02858
48201413000,0.02138
48201413100,0.037499
48201413203,0.017351
48201413204,0.071949
48201413205,0.053243
48201413206,0.043254
48201413301,0.018602
48201413302,0.014986
48201420100,0.034658
48201420200,0.015864
48201420300,0.01314
48201420400,0.048723
48201420500,0.035957
48201420600,0.098818
48201420700,0.012116
48201420800,0.013056
48201420900,0.018464
48201421000,0.075953
48201421101,0.015984
48201421103,0.012086
48201421104,0.024533
48201421203,0.050757
48201421204,0.021533
48201421205,0.015544
48201421206,0.012785
48201421301,0.010123
48201421302,0.014953
48201421401,0.038051
48201421402,0.028887
48201421403,0.030777
48201421501,0.01393
48201421502,0.017458
48201421601,0.015817
48201421602,0.061879
48201421700,0.013379
48201421801,0.032098
48201421802,0.019318
48201421900,0.029548
48201422000,0.01245
48201422100,0.089946
48201422200,0.021474
48201422302,0.02346
48201422303,0.021926
48201422304,0.031274
48201422403,0.012848
48201422404,0.019587
48201422405,0.046161
48201422406,0.012296
48201422501,0.020821
48201422502,0.015062
48201422601,0.017667
48201422602,0.014333
48201422701,0.020349
48201422702,0.0316
48201422800,0.014018
48201422900,0.013043
48201423001,0.024886
48201423002,0.091548
48201423100,0.041065
48201423201,0.030473
48201423203,0.010733
48201423204,0.032084
48201423301,0.022144
48201423303,0.015672
48201423304,0.017773
48201423401,0.023992
48201423402,0.011316
48201423500,0.045508
48201423600,0.035674
48201430101,0.023048
48201430102,0.021715
48201430200,0.023832
48201430300,0.01946
48201430400,0.0162
48201430500,0.103182
48201430600,0.012411
48201430700,0.079279
48201430800,0.050164
48201430900,0.050423
48201431001,0.01773
48201431002,0.03581
48201431101,0.045716
48201431102,0.036446
48201431203,0.018793
48201431204,0.029839
48201431205,0.017826
48201431206,0.027664
48201431302,0.021898
48201431303,0.018082
48201431304,0.057828
48201431401,0.021489
48201431403,0.086729
48201431404,0.03573
48201431503,0.04676
48201431504,0.023619
48201431505,0.070461
48201431506,0.02005
48201431600,0.026162
48201431701,0.033546
48201431702,0.042123
48201431801,0.022748
48201431803,0.013035
48201431804,0.06599
48201431901,0.027947
48201431902,0.033248
48201432003,0.022258
48201432004,0.024016
48201432005,0.125066
48201432006,0.011441
48201432101,0.055354
48201432102,0.074365
48201432200,0.016754
48201432301,0.050359
48201432302,0.047222
48201432303,0.070495
48201432401,0.012445
48201432402,0.020875
48201432501,0.018114
48201432502,0.020769
48201432600,0.015266
48201432703,0.021369
48201432704,0.013704
48201432705,0.016737
48201432706,0.020085
48201432803,0.015426
48201432804,0.022447
48201432805,0.030353
48201432806,0.039196
48201432901,0.055974
48201432903,0.029715
48201432904,0.042334
48201433003,0.039163
48201433004,0.024923
48201433005,0.04895
48201433006,0.031639
48201433007,0.011771
48201433100,0.072132
48201433201,0.037757
48201433202,0.014306
48201433300,0.012179
48201433400,0.013407
48201433503,0.05687
48201433504,0.01681
48201433505,0.028692
48201433506,0.0424
48201433507,0.069674
48201433601,0.022536
48201433602,0.013694
48201440101,0.012316
48201440102,0.039304
48201450100,0.035636
48201450200,0.030312
48201450301,0.013509
48201450302,0.028295
48201450401,0.04714
48201450402,0.046084
48201450500,0.037172
48201450600,0.04884
48201450700,0.04478
48201450801,0.030842
48201450803,0.03159
48201450804,0.087052
48201450900,0.076332
48201451003,0.026429
48201451004,0.03384
48201451005,0.01839
48201451006,0.0487
48201451100,0.023843
48201451200,0.021966
48201451301,0.015253
48201451302,0.024911
48201451401,0.013706
48201451404,0.034969
48201451405,0.030989
48201451406,0.042877
48201451407,0.022228
48201451501,0.041409
48201451502,0.167967
48201451603,0.01888
48201451604,0.077223
48201451605,0.017946
48201451606,0.056245
48201451700,0.061071
48201451800,0.021606
48201451902,0.018134
48201451903,0.073114
48201451904,0.021499
48201452001,0.014896
48201452002,0.020664
48201452101,0.022419
48201452102,0.021591
48201452103,0.023528
48201452202,0.035373
48201452203,0.056328
48201452204,0.054993
48201452300,0.04641
48201452401,0.030063
48201452402,0.016591
48201452501,0.016102
48201452502,0.041568
48201452601,0.021801
48201452602,0.013448
48201452701,0.012356
48201452702,0.011205
48201452703,0.039166
48201452801,0.040695
48201452802,0.031012
48201452900,0.063894
48201453001,0.043128
48201453002,0.021926
48201453100,0.024245
48201453201,0.019902
48201453202,0.023345
48201453300,0.032267
48201453401,0.034033
48201453403,0.014197
48201453404,0.033295
48201453405,0.012295
48201453501,0.026959
48201453502,0.0133
48201453601,0.033721
48201453603,0.054478
48201453604,0.015354
48201453701,0.016902
48201453702,0.02348
48201453800,0.038723
48201453901,0.013252
48201453902,0.036756
48201454000,0.01719
48201454100,0.014274
48201454200,0.036434
48201454302,0.013201
48201454303,0.033407
48201454304,0.01772
48201454305,0.017632
48201454400,0.06229
48201454502,0.015922
48201454503,0.022769
48201454504,0.015958
48201454505,0.058608
48201454600,0.017099
48201454700,0.136907
48201454801,0.064214
48201454802,0.014361
48201454901,0.031159
48201454902,0.021891
48201455000,0.030356
48201455102,0.018103
48201455103,0.207966
48201455104,0.041198
48201455200,0.046718
48201455300,0.042445
48201510100,0.054984
48201510201,0.047064
48201510202,0.015829
48201510301,0.046756
48201510302,0.023393
48201510400,0.019582
48201510500,0.017049
48201510601,0.055479
48201510602,0.032605
48201510701,0.019587
48201510702,0.026201
48201510801,0.118194
48201510802,0.016764
48201510803,0.077465
48201510901,0.020896
48201510902,0.063851
48201511001,0.047563
48201511003,0.023261
48201511004,0.016784
48201511100,0.025986
48201511201,0.041713
48201511202,0.017348
48201511301,0.047672
48201511302,0.110347
48201511400,0.081072
48201511501,0.026299
48201511502,0.023579
48201511600,0.021618
48201520100,0.01995
48201520200,0.042813
48201520301,0.013426
48201520302,0.014664
48201520400,0.031253
48201520501,0.016866
48201520502,0.0254
48201520601,0.015553
48201520603,0.030364
48201520604,0.015373
48201520700,0.021216
48201521000,0.072736
48201521100,0.012594
48201521201,0.030893
48201521202,0.067724
48201521300,0.016833
48201521401,0.056689
48201521402,0.022028
48201521501,0.031324
48201521502,0.049027
48201521600,0.224575
48201521701,0.044097
48201521702,0.077182
48201521800,0.020486
48201521900,0.012703
48201522001,0.061604
48201522002,0.012481
48201522101,0.011442
48201522102,0.012693
48201522201,0.016016
48201522202,0.01518
48201522301,0.052346
48201522302,0.019875
48201522401,0.025009
48201522402,0.032552
48201522500,0.016365
48201530101,0.042002
48201530102,0.022092
48201530200,0.021904
48201530300,0.016322
48201530400,0.042364
48201530501,0.053647
48201530502,0.010573
48201530600,0.023746
48201530701,0.089774
48201530702,0.028514
48201530800,0.013036
48201530900,0.022878
48201531000,0.018517
48201531100,0.014975
48201531200,0.009456
48201531300,0.013777
48201531400,0.01363
48201531500,0.024636
48201531600,0.031572
48201531700,0.069974
48201531800,0.101318
48201531900,0.023459
48201532003,0.01479
48201532004,0.019587
48201532101,0.018803
48201532102,0.0462
48201532200,0.019143
48201532301,0.037356
48201532302,0.030844
48201532400,0.029258
48201532502,0.020529
48201532503,0.033617
48201532504,0.047299
48201532600,0.02308
48201532700,0.051171
48201532800,0.014532
48201532900,0.047923
48201533000,0.010825
48201533100,0.012441
48201533200,0.010818
48201533301,0.017306
48201533302,0.034119
48201533401,0.026668
48201533402,0.013254
48201533500,0.02705
48201533600,0.027633
48201533701,0.020308
48201533702,0.021138
48201533802,0.01471
48201533803,0.287826
48201533804,0.047406
48201533902,0.039618
48201533903,0.012056
48201533904,0.080956
48201534001,0.069936
48201534002,0.03318
48201534003,0.055968
48201534101,0.029395
48201534102,0.025209
48201534201,0.057145
48201534203,0.021781
48201534204,0.042098
48201534205,0.037382
48201540101,0.024469
48201540102,0.026633
48201540200,0.061052
48201540502,0.018498
48201540503,0.139249
48201540504,0.101184
48201540601,0.026383
48201540602,0.049169
48201540700,0.06671
48201540800,0.017347
48201540901,0.017045
48201540903,0.04968
48201540904,0.105978
48201541004,0.04161
48201541005,0.022229
48201541006,0.022056
48201541007,0.02174
48201541008,0.067612
48201541009,0.030918
48201541100,0.014555
48201541203,0.023997
48201541204,0.055977
48201541205,0.033941
48201541206,0.015185
48201541207,0.040506
48201541301,0.027124
48201541302,0.021917
48201541401,0.085233
48201541402,0.029593
48201541403,0.025382
48201541404,0.018907
48201541500,0.040256
48201541603,0.025932
48201541604,0.025175
48201541701,0.070066
48201541702,0.019787
48201541703,0.135247
48201541801,0.084131
48201541802,0.065737
48201541901,0.011904
48201541902,0.027691
48201542001,0.050391
48201542002,0.01609
48201542003,0.050335
48201542004,0.023265
48201542103,0.024109
48201542104,0.02694
48201542105,0.03032
48201542106,0.012717
48201542107,0.067094
48201542108,0.048154
48201542201,0.019075
48201542202,0.049905
48201542203,0.030981
48201542302,0.017555
48201542303,0.023678
48201542304,0.016206
48201542305,0.013545
48201542401,0.077884
48201542402,0.01704
48201542500,0.03689
48201542600,0.019358
48201542700,0.020139
48201542800,0.01381
48201542901,0.044303
48201542902,0.021434
48201543004,0.018009
48201543005,0.018211
48201543006,0.022568
48201543007,0.023672
48201543008,0.051146
48201543009,0.043426
48201543010,0.054554
48201543011,0.014957
48201543100,0.078314
48201543201,0.015933
48201543202,0.046364
48201550101,0.020508
48201550102,0.036152
48201550201,0.020887
48201550202,0.015809
48201550303,0.014197
48201550304,0.041869
48201550305,0.020543
48201550306,0.036083
48201550307,0.013957
48201550308,0.012386
48201550403,0.065792
48201550404,0.368746
48201550405,0.018293
48201550406,0.037089
48201550407,0.025042
48201550500,0.013633
48201550601,0.023418
48201550602,0.033185
48201550603,0.069211
48201550700,0.059938
48201550800,0.027337
48201550901,0.015691
48201550902,0.011568
48201551000,0.347231
48201551101,0.051534
48201551102,0.051995
48201551201,0.017203
48201551202,0.123504
48201551300,0.030448
48201551400,0.145257
48201551501,0.013268
48201551502,0.038469
48201551601,0.067823
48201551602,0.031264
48201551702,0.040705
48201551703,0.059816
48201551704,0.021691
48201551705,0.066569
48201551800,0.036228
48201551901,0.015701
48201551902,0.054136
48201552002,0.018706
48201552003,0.035155
48201552004,0.078693
48201552101,0.046722
48201552102,0.031616
48201552103,0.038406
48201552200,0.019301
48201552301,0.015239
48201552303,0.043301
48201552304,0.034881
48201552401,0.034502
48201552402,0.057292
48201552501,0.055516
48201552502,0.027691
48201552602,0.060801
48201552603,0.0497
48201552604,0.061177
48201552701,0.043322
48201552702,0.015258
48201552801,0.139976
48201552802,0.083748
48201552901,0.026592
48201552902,0.018074
48201553001,0.023845
48201553002,0.015503
48201553101,0.042419
48201553102,0.011154
48201553201,0.019536
48201553202,0.057408
48201553300,0.045274
48201553401,0.016972
48201553403,0.021743
48201553404,0.022529
48201553405,0.023463
48201553500,0.160065
48201553601,0.031888
48201553602,0.013466
48201553700,0.027764
48201553801,0.012747
48201553803,0.0277
48201553804,0.019734
48201553901,0.035739
48201554001,0.021642
48201554002,0.017082
48201554103,0.016643
48201554104,0.086245
48201554201,0.072089
48201554202,0.020323
48201554301,0.020019
48201554302,0.096009
48201554404,0.106998
48201554405,0.070078
48201554406,0.011567
48201554407,0.015063
48201554408,0.080308
48201554409,0.127602
48201554410,0.043697
48201554501,0.020608
48201554502,0.01523
48201554600,0.037565
48201554701,0.041466
48201554702,0.020999
48201554803,0.016997
48201554804,0.020117
48201554805,0.015144
48201554806,0.045695
48201554807,0.081437
48201554808,0.087745
48201554809,0.025031
48201554902,0.047799
48201554904,0.071975
48201554905,0.016656
48201554906,0.018678
48201554907,0.024821
48201554908,0.040171
48201555001,0.018757
48201555002,0.019987
48201555101,0.067586
48201555102,0.031277
48201555200,0.017685
48201555301,0.027116
48201555303,0.022828
48201555304,0.019353
48201555305,0.021728
48201555401,0.048648
48201555403,0.059461
48201555404,0.029433
48201555501,0.07481
48201555503,0.038125
48201555504,0.012948
48201555505,0.027158
48201555600,0.084597
48201555701,0.051687
48201555703,0.023479
48201555704,0.015693
48201556000,0.04773
48201556100,0.065772
48201980000,0.225175
48201980100,0.222779
48201980200,0.085442
48201980300,0.097053
48201980400,0.122771
48201980700,0.067029
48207950300,0.063778
48207950400,0.040027
48209010100,0.103572
48209010200,0.092502
48209010302,0.114854
48209010305,0.092494
48209010306,0.081404
48209010307,0.094811
48209010308,0.153734
48209010309,0.097585
48209010401,0.042695
48209010402,0.018089
48209010500,0.072395
48209010601,0.015145
48209010602,0.155844
48209010603,0.073634
48209010702,0.04267
48209010703,0.170825
48209010704,0.196235
48209010806,0.067356
48209010807,0.058593
48209010809,0.203556
48209010810,0.084037
48209010811,0.045425
48209010812,0.179186
48209010813,0.013121
48209010814,0.02903
48209010815,0.243316
48209010816,0.227805
48209010817,0.226209
48209010818,0.048026
48209010905,0.044694
48209010909,0.033761
48209010911,0.023974
48209010912,0.049907
48209010913,0.03043
48209010914,0.029641
48209010915,0.014105
48209010916,0.024672
48209010917,0.073742
48209010918,0.021144
48209010919,0.017667
48209010920,0.087651
48209010921,0.031058
48209010922,0.026936
48209010923,0.021479
48209010924,0.02027
48209010925,0.036916
48213950101,0.038277
48213950102,0.01848
48213950201,0.011506
48213950202,0.084907
48213950301,0.138193
48213950302,0.197888
48213950303,0.111327
48213950400,0.228005
48213950500,0.076754
48213950601,0.175309
48213950603,0.165966
48213950604,0.263068
48213950700,0.134051
48213950801,0.220984
48213950802,0.147133
48213950902,0.070843
48213950903,0.211487
48213950904,0.101659
48213950905,0.164921
48213951000,0.117346
48213951101,0.025231
48213951102,0.065398
48213951201,0.148565
48213951202,0.160092
48213951300,0.136647
48213951401,0.031666
48213951402,0.068916
48213951403,0.055593
48215020103,0.051057
48215020104,0.054093
48215020105,0.080713
48215020106,0.05504
48215020107,0.263785
48215020108,0.013169
48215020205,0.189249
48215020206,0.064804
48215020207,0.019559
48215020208,0.120273
48215020209,0.131179
48215020210,0.122971
48215020211,0.28314
48215020303,0.01099
48215020304,0.159698
48215020305,0.065495
48215020306,0.175734
48215020307,0.209929
48215020403,0.125364
48215020405,0.019053
48215020406,0.01359
48215020407,0.052144
48215020408,0.080851
48215020409,0.051936
48215020505,0.232758
48215020506,0.043401
48215020507,0.079937
48215020508,0.269291
48215020509,0.020975
48215020510,0.112212
48215020511,0.023127
48215020512,0.031635
48215020513,0.136326
48215020600,0.0612
48215020724,0.093185
48215020725,0.037055
48215020727,0.012534
48215020728,0.044399
48215020729,0.113736
48215020730,0.180529
48215020731,0.022994
48215020732,0.049166
48215020733,0.025098
48215020734,0.0201
48215020735,0.013231
48215020736,0.015865
48215020804,0.036708
48215020805,0.114428
48215020806,0.144168
48215020807,0.027912
48215020808,0.044244
48215020905,0.026986
48215020906,0.09301
48215020907,0.038828
48215020908,0.07006
48215020909,0.121553
48215020910,0.029073
48215021001,0.048548
48215021002,0.10814
48215021003,0.141586
48215021100,0.065379
48215021201,0.046492
48215021203,0.110296
48215021204,0.030876
48215021306,0.055605
48215021307,0.03593
48215021308,0.10628
48215021309,0.216203
48215021310,0.222133
48215021311,0.03792
48215021312,0.153952
48215021313,0.040667
48215021314,0.089471
48215021315,0.157024
48215021401,0.124322
48215021405,0.102843
48215021406,0.013493
48215021407,0.0638
48215021408,0.100192
48215021409,0.159486
48215021500,0.101481
48215021600,0.0402
48215021703,0.024581
48215021704,0.036692
48215021705,0.045305
48215021706,0.022222
48215021707,0.027664
48215021803,0.039899
48215021804,0.050394
48215021807,0.080276
48215021808,0.187602
48215021809,0.052691
48215021810,0.042023
48215021903,0.082469
48215021904,0.03931
48215021905,0.065611
48215021906,0.05357
48215022005,0.079812
48215022006,0.014859
48215022007,0.013264
48215022008,0.043628
48215022009,0.024234
48215022010,0.082456
48215022011,0.02949
48215022105,0.264993
48215022107,0.109715
48215022108,0.062615
48215022109,0.02386
48215022110,0.012449
48215022111,0.022302
48215022112,0.03374
48215022113,0.046774
48215022203,0.131503
48215022204,0.037143
48215022205,0.035605
48215022206,0.060754
48215022301,0.279222
48215022302,0.074755
48215022401,0.030099
48215022402,0.013336
48215022502,0.018844
48215022503,0.040745
48215022504,0.02239
48215022600,0.016563
48215022703,0.12207
48215022704,0.063174
48215022705,0.025895
48215022706,0.023617
48215022801,0.077184
48215022802,0.089191
48215022900,0.079825
48215023000,0.027755
48215023103,0.099255
48215023104,0.020708
48215023105,0.050218
48215023106,0.026448
48215023516,0.060338
48215023517,0.020164
48215023518,0.048633
48215023519,0.010782
48215023520,0.051257
48215023521,0.015035
48215023522,0.036245
48215023523,0.045328
48215023524,0.013312
48215023525,0.034005
48215023526,0.084821
48215023527,0.012872
48215023528,0.069534
48215023529,0.012615
48215023530,0.016819
48215023531,0.019975
48215023532,0.016205
48215023533,0.015943
48215023534,0.026225
48215023535,0.019096
48215023536,0.079435
48215023601,0.046995
48215023602,0.022127
48215023700,0.145571
48215023803,0.024515
48215023804,0.147151
48215023805,0.011828
48215023806,0.083808
48215023903,0.234829
48215023905,0.025607
48215023906,0.024678
48215023907,0.087494
48215023908,0.030435
48215024001,0.123661
48215024002,0.052493
48215024003,0.174688
48215024004,0.030875
48215024107,0.102818
48215024108,0.015714
48215024109,0.054674
48215024115,0.026871
48215024116,0.022654
48215024117,0.135625
48215024118,0.108108
48215024119,0.219409
48215024120,0.036923
48215024121,0.042608
48215024122,0.014818
48215024123,0.014576
48215024124,0.03268
48215024125,0.196996
48215024126,0.079245
48215024127,0.015766
48215024128,0.038761
48215024129,0.091549
48215024130,0.033834
48215024131,0.012516
48215024132,0.025631
48215024204,0.212617
48215024206,0.080901
48215024207,0.047035
48215024208,0.044108
48215024209,0.132109
48215024210,0.247604
48215024211,0.075
48215024212,0.01538
48215024301,0.02367
48215024302,0.016933
48215024403,0.039563
48215024404,0.02775
48215024405,0.102676
48215024406,0.046156
48215024501,0.013927
48215024502,0.083038
48215024600,0.040304
48215980000,0.097463
48217960100,0.035904
48217960200,0.058986
48217960400,0.05887
48217960501,0.01677
48217960502,0.023542
48217960600,0.078464
48217960700,0.065135
48217960800,0.06585
48217960900,0.107034
48217961000,0.08445
48217961100,0.100293
48217961400,0.031598
48221160100,0.080894
48221160204,0.059995
48221160206,0.144099
48221160210,0.066933
48221160211,0.163074
48221160212,0.146149
48221160213,0.077076
48221160214,0.062065
48221160215,0.209021
48221160216,0.049455
48221160217,0.165149
48221160218,0.215272
48221160302,0.044385
48221160303,0.045228
48223950100,0.054022
48223950200,0.060436
48223950301,0.038761
48223950302,0.108803
48223950401,0.060052
48223950402,0.078781
48223950500,0.101608
48223950600,0.026602
48223950700,0.017052
48223950800,0.038183
48225950101,0.129765
48225950102,0.068754
48225950200,0.147301
48225950300,0.161647
48225950400,0.19044
48225950500,0.066734
48225950600,0.119639
48225950700,0.064258
48227950100,0.07577
48227950200,0.024623
48227950300,0.031314
48227950400,0.075665
48227950500,0.137467
48227950600,0.022298
48227950700,0.016263
48227950801,0.080783
48227950802,0.101026
48227950900,0.043566
48231960100,0.039721
48231960200,0.029691
48231960300,0.017947
48231960400,0.107268
48231960500,0.066716
48231960600,0.110932
48231960700,0.026219
48231960800,0.153849
48231960900,0.180599
48231961000,0.103736
48231961101,0.091333
48231961102,0.084978
48231961200,0.055462
48231961300,0.05014
48231961401,0.04202
48231961402,0.05407
48231961501,0.098073
48231961502,0.127544
48231961503,0.119547
48231961600,0.140056
48231961700,0.026125
48235950100,0.108948
48237950100,0.116259
48237950300,0.189091
48237950500,0.104692
48239950100,0.025968
48239950200,0.050166
48239950300,0.022888
48247950200,0.080996
48247950400,0.027843
48249950101,0.041814
48249950102,0.029536
48249950201,0.048385
48249950202,0.092279
48249950301,0.029011
48249950302,0.090138
48249950303,0.128255
48249950400,0.023042
48249950500,0.039183
48249950600,0.07152
48249950700,0.032758
48251130100,0.072072
48251130205,0.052035
48251130210,0.015348
48251130211,0.031301
48251130212,0.095832
48251130213,0.068966
48251130214,0.130576
48251130215,0.045521
48251130216,0.0154
48251130217,0.043459
48251130218,0.132182
48251130219,0.019028
48251130220,0.019624
48251130221,0.028634
48251130222,0.017453
48251130302,0.069159
48251130303,0.13915
48251130304,0.080553
48251130405,0.028085
48251130406,0.045776
48251130411,0.042369
48251130412,0.068566
48251130413,0.158406
48251130414,0.070094
48251130415,0.122945
48251130416,0.014528
48251130417,0.063697
48251130418,0.020698
48251130419,0.033773
48251130501,0.024196
48251130502,0.017684
48251130602,0.04873
48251130603,0.166518
48251130604,0.099009
48251130700,0.019335
48251130800,0.073392
48251130900,0.03178
48251131000,0.039555
48251131100,0.170364
48253020101,0.155964
48253020102,0.174405
48253020200,0.123745
48253020300,0.036759
48253020400,0.01773
48253020500,0.027898
48255970100,0.099111
48255970200,0.027805
48255970301,0.132066
48255970302,0.142182
48255970400,0.038425
48257050204,0.017435
48257050207,0.01742
48257050208,0.019451
48257050209,0.012581
48257050210,0.021966
48257050211,0.013922
48257050212,0.01767
48257050213,0.016564
48257050214,0.01112
48257050215,0.020857
48257050300,0.170096
48257050401,0.124046
48257050402,0.036997
48257050500,0.099966
48257050601,0.042477
48257050602,0.064672
48257050701,0.029834
48257050703,0.064077
48257050704,0.094497
48257050801,0.040488
48257050802,0.035911
48257051000,0.166201
48257051100,0.07465
48257051201,0.04358
48257051202,0.044745
48257051301,0.100028
48257051302,0.027988
48259970101,0.097297
48259970102,0.017437
48259970301,0.047834
48259970302,0.182399
48259970403,0.127392
48259970404,0.032374
48259970405,0.026541
48259970406,0.056672
48259970500,0.098167
48261950100,0.053626
48263950100,0.062882
48265960101,0.066064
48265960102,0.081678
48265960200,0.026645
48265960301,0.077018
48265960303,0.218454
48265960304,0.046163
48265960401,0.211258
48265960403,0.214189
48265960404,0.193987
48265960500,0.051485
48265960601,0.164725
48265960602,0.194018
48265960700,0.181557
48265960800,0.053616
48267950100,0.055183
48267950200,0.153016
48269950100,0.086259
48271950100,0.017466
48273020101,0.030965
48273020102,0.031029
48273020200,0.048889
48273020301,0.025933
48273020302,0.154463
48273020401,0.051684
48273020402,0.199392
48273020501,0.031118
48273020502,0.067126
48275950100,0.046538
48275950200,0.02775
48277000101,0.09644
48277000102,0.065544
48277000200,0.015668
48277000301,0.052693
48277000302,0.036012
48277000401,0.110941
48277000402,0.21145
48277000500,0.131289
48277000600,0.164261
48277000700,0.086406
48277000800,0.075145
48277000900,0.11694
48277001000,0.071331
48281950100,0.039046
48281950302,0.109946
48281950303,0.132004
48281950304,0.081108
48281950400,0.149473
48281950500,0.115868
48283950301,0.091766
48283950302,0.110952
48285000100,0.040331
48285000200,0.079236
48285000300,0.024906
48285000400,0.121905
48285000500,0.083226
48285000600,0.15867
48287000100,0.029091
48287000200,0.03118
48287000300,0.03341
48287000400,0.061874
48289950101,0.088194
48289950102,0.04186
48289950201,0.039203
48289950202,0.025027
48289950301,0.059047
48289950302,0.130532
48291700100,0.029355
48291700200,0.132557
48291700301,0.034272
48291700302,0.01991
48291700303,0.081806
48291700400,0.079427
48291700500,0.052819
48291700900,0.041286
48291701000,0.093287
48293970100,0.099695
48293970200,0.026216
48293970300,0.165758
48293970400,0.046158
48293970500,0.15892
48293970600,0.061806
48293970700,0.025901
48293970800,0.033987
48297950100,0.091095
48297950200,0.057246
48297950300,0.063667
48297950400,0.085921
48299970100,0.157721
48299970200,0.081744
48299970300,0.109568
48299970401,0.19237
48299970402,0.050128
48299970501,0.02773
48299970502,0.061489
48299970600,0.076424
48303000100,0.017546
48303000201,0.013744
48303000202,0.053294
48303000301,0.017224
48303000303,0.025798
48303000304,0.064865
48303000402,0.067512
48303000403,0.025514
48303000406,0.038142
48303000407,0.100858
48303000408,0.020316
48303000409,0.016422
48303000410,0.029969
48303000411,0.023456
48303000501,0.030869
48303000502,0.096428
48303000503,0.100653
48303000603,0.032763
48303000605,0.029151
48303000607,0.085918
48303000700,0.04331
48303000901,0.025017
48303000902,0.041028
48303001000,0.027493
48303001200,0.012374
48303001300,0.047166
48303001401,0.065094
48303001402,0.131937
48303001501,0.107827
48303001502,0.050048
48303001601,0.036496
48303001602,0.033481
48303001708,0.046488
48303001709,0.011363
48303001710,0.044686
48303001711,0.013504
48303001712,0.019882
48303001713,0.020601
48303001714,0.016446
48303001715,0.03845
48303001716,0.01282
48303001717,0.016282
48303001804,0.06866
48303001805,0.042668
48303001806,0.026874
48303001807,0.061754
48303001808,0.020226
48303001904,0.015605
48303001905,0.063415
48303001906,0.024103
48303001907,0.024309
48303001908,0.020262
48303002001,0.018746
48303002002,0.016502
48303002102,0.025004
48303002103,0.017782
48303002104,0.011734
48303002203,0.031233
48303002205,0.022281
48303002206,0.015343
48303002207,0.263599
48303002208,0.023336
48303002301,0.018745
48303002302,0.141095
48303002401,0.041044
48303002402,0.014206
48303002500,0.041261
48303010101,0.066373
48303010102,0.081699
48303010201,0.045823
48303010202,0.050366
48303010203,0.040139
48303010204,0.030343
48303010301,0.030053
48303010302,0.112552
48303010402,0.104941
48303010404,0.03478
48303010409,0.023112
48303010410,0.038002
48303010411,0.016847
48303010412,0.112763
48303010413,0.065266
48303010414,0.017006
48303010415,0.039351
48303010416,0.032482
48303010417,0.025214
48303010418,0.032982
48303010419,0.022561
48303010420,0.026359
48303010421,0.035241
48303010422,0.047802
48303010423,0.024152
48303010502,0.051456
48303010504,0.023585
48303010505,0.026504
48303010506,0.037731
48303010509,0.037708
48303010510,0.038434
48303010511,0.012948
48303010512,0.020224
48303010513,0.074261
48303010514,0.017134
48303010601,0.060917
48303010602,0.229283
48303010700,0.076161
48303980000,0.087778
48305950400,0.066979
48305950500,0.066508
48305950600,0.044811
48307950300,0.114345
48307950400,0.097093
48307950500,0.103583
48309000100,0.038092
48309000200,0.069734
48309000300,0.040198
48309000401,0.062213
48309000402,0.061768
48309000598,0.065688
48309000700,0.024051
48309000800,0.050596
48309000900,0.09683
48309001000,0.013277
48309001100,0.043617
48309001200,0.061027
48309001300,0.028843
48309001401,0.019552
48309001402,0.018126
48309001500,0.014889
48309001600,0.04135
48309001700,0.094676
48309001800,0.115998
48309001900,0.029424
48309002000,0.04196
48309002100,0.074708
48309002302,0.079078
48309002498,0.074235
48309002501,0.058868
48309002503,0.043606
48309002504,0.039558
48309002600,0.036574
48309002700,0.016913
48309002800,0.01415
48309002900,0.026329
48309003000,0.014089
48309003200,0.106791
48309003300,0.041476
48309003401,0.053328
48309003402,0.099314
48309003500,0.059652
48309003601,0.014087
48309003602,0.115537
48309003701,0.178132
48309003703,0.093541
48309003708,0.019722
48309003709,0.040805
48309003710,0.026639
48309003711,0.012335
48309003712,0.037619
48309003801,0.04085
48309003802,0.022239
48309003901,0.141238
48309003902,0.107515
48309004000,0.025439
48309004102,0.014923
48309004104,0.019677
48309004105,0.038902
48309004201,0.031596
48309004202,0.090941
48309004300,0.034037
48309980000,0.045539
48311950100,0.028509
48313000100,0.058149
48313000200,0.124118
48313000300,0.106318
48313000400,0.098207
48317950100,0.048622
48317950200,0.066307
48319950100,0.071323
48319950200,0.06435
48321730100,0.191236
48321730202,0.026755
48321730203,0.103712
48321730204,0.23935
48321730301,0.207691
48321730302,0.255547
48321730303,0.021851
48321730400,0.087391
48321730502,0.030302
48321730503,0.122546
48321730600,0.038857
48321730700,0.02713
48323950204,0.029589
48323950206,0.023749
48323950207,0.022917
48323950208,0.195
48323950209,0.024618
48323950301,0.089271
48323950302,0.095034
48323950400,0.15573
48323950500,0.064428
48323950601,0.068454
48323950602,0.014468
48323950701,0.028803
48323950702,0.057387
48325000101,0.045734
48325000103,0.083666
48325000104,0.142126
48325000200,0.024873
48325000301,0.106245
48325000302,0.054259
48325000401,0.117306
48325000402,0.026473
48325000500,0.047922
48325000801,0.09258
48325000802,0.146299
48327950300,0.078809
48329010123,0.057403
48329010124,0.062935
48329010128,0.0492
48329010129,0.022592
48331950100,0.020071
48331950300,0.109163
48331950401,0.070466
48331950402,0.084641
48331950500,0.069928
48331950700,0.076796
48331950800,0.044152
48333950100,0.018086
48333950200,0.099423
48335950200,0.079053
48335950400,0.061233
48337950100,0.039276
48337950200,0.09756
48337950401,0.112826
48337950402,0.046113
48337950501,0.092969
48337950502,0.099524
48337950600,0.018614
48339690101,0.018288
48339690102,0.062901
48339690203,0.05249
48339690204,0.017823
48339690205,0.017981
48339690206,0.015399
48339690207,0.22007
48339690300,0.052297
48339690403,0.025214
48339690404,0.159831
48339690405,0.091385
48339690406,0.016852
48339690407,0.016389
48339690408,0.054964
48339690501,0.018248
48339690502,0.015948
48339690503,0.023373
48339690603,0.011674
48339690604,0.031141
48339690605,0.094482
48339690606,0.013766
48339690607,0.019864
48339690608,0.030597
48339690609,0.017477
48339690610,0.051322
48339690701,0.022364
48339690702,0.023558
48339690800,0.026138
48339690900,0.012624
48339691000,0.017757
48339691100,0.014713
48339691201,0.090636
48339691202,0.016603
48339691301,0.066916
48339691302,0.014379
48339691401,0.021655
48339691402,0.051765
48339691403,0.054176
48339691500,0.015131
48339691601,0.014091
48339691602,0.031274
48339691700,0.036502
48339691801,0.017861
48339691802,0.019384
48339691900,0.109343
48339692003,0.072477
48339692004,0.042484
48339692005,0.013047
48339692006,0.025452
48339692007,0.027154
48339692008,0.055289
48339692009,0.015461
48339692010,0.058363
48339692101,0.031502
48339692102,0.110056
48339692103,0.041362
48339692201,0.014426
48339692202,0.013702
48339692301,0.145751
48339692302,0.028293
48339692303,0.024785
48339692304,0.012019
48339692401,0.025721
48339692402,0.031212
48339692501,0.047413
48339692502,0.017732
48339692601,0.041286
48339692603,0.015934
48339692604,0.030992
48339692605,0.039816
48339692701,0.02493
48339692702,0.05789
48339692802,0.027599
48339692803,0.044725
48339692804,0.015252
48339692900,0.025738
48339693001,0.101847
48339693002,0.053495
48339693102,0.094831
48339693103,0.147149
48339693104,0.051831
48339693201,0.032254
48339693202,0.031424
48339693301,0.117242
48339693302,0.015225
48339693303,0.063517
48339693304,0.064963
48339693401,0.052415
48339693402,0.033996
48339693501,0.064849
48339693502,0.210909
48339693503,0.053925
48339693600,0.047174
48339693701,0.054338
48339693702,0.02545
48339693703,0.067327
48339693800,0.057945
48339693901,0.111308
48339693902,0.183069
48339693903,0.237719
48339693904,0.029525
48339694001,0.019655
48339694002,0.079392
48339694103,0.019239
48339694104,0.028132
48339694105,0.078132
48339694106,0.070888
48339694107,0.092484
48339694203,0.03999
48339694204,0.020268
48339694205,0.164042
48339694206,0.057682
48339694207,0.030484
48339694208,0.016841
48339694209,0.014139
48339694210,0.031589
48339694303,0.014033
48339694304,0.022253
48339694305,0.032431
48339694306,0.116671
48339694307,0.077387
48339694308,0.060176
48339694309,0.039042
48339694401,0.018782
48339694402,0.034368
48339694403,0.065541
48339694501,0.01936
48339694502,0.033605
48339694503,0.027733
48339694601,0.022035
48339694602,0.017117
48339694603,0.086604
48339694700,0.081326
48347950200,0.069715
48349970100,0.083652
48349970200,0.035156
48349970301,0.038867
48349970302,0.120027
48349970400,0.022632
48349970500,0.037263
48349970600,0.071747
48349970701,0.066016
48349970800,0.095314
48349970901,0.052923
48349970902,0.145696
48349971000,0.068231
48353950100,0.063293
48353950200,0.13727
48353950300,0.097431
48353950400,0.044498
48353950500,0.030897
48355000500,0.146992
48355000601,0.193348
48355000602,0.029671
48355000700,0.025328
48355000800,0.024885
48355000900,0.016414
48355001000,0.050307
48355001100,0.088378
48355001201,0.021123
48355001202,0.019895
48355001300,0.016261
48355001400,0.020973
48355001500,0.020129
48355001601,0.013208
48355001602,0.024351
48355001702,0.106947
48355001703,0.01648
48355001704,0.035165
48355001801,0.024907
48355001802,0.047775
48355001903,0.029648
48355001904,0.016906
48355001905,0.092774
48355001906,0.182985
48355002001,0.049143
48355002002,0.017885
48355002101,0.013153
48355002102,0.016436
48355002200,0.042496
48355002301,0.040676
48355002303,0.023335
48355002304,0.027876
48355002400,0.028831
48355002500,0.022068
48355002601,0.053724
48355002602,0.024775
48355002603,0.015676
48355002703,0.0782
48355002705,0.015687
48355002706,0.153952
48355002707,0.029213
48355002708,0.084322
48355002900,0.155042
48355003002,0.020624
48355003003,0.108188
48355003004,0.022046
48355003101,0.011219
48355003102,0.016328
48355003202,0.032562
48355003204,0.074094
48355003205,0.045582
48355003206,0.037312
48355003303,0.047703
48355003304,0.067456
48355003305,0.019214
48355003306,0.034904
48355003401,0.027391
48355003402,0.031369
48355003500,0.050977
48355003601,0.01921
48355003602,0.018263
48355003603,0.040534
48355003700,0.017792
48355005103,0.097364
48355005104,0.100536
48355005404,0.012235
48355005406,0.032242
48355005407,0.04974
48355005408,0.038346
48355005409,0.026246
48355005410,0.018104
48355005411,0.065209
48355005412,0.013018
48355005413,0.046423
48355005414,0.032674
48355005415,0.0207
48355005416,0.037705
48355005417,0.020532
48355005603,0.028186
48355005604,0.134817
48355005605,0.083045
48355005606,0.076181
48355005801,0.048873
48355005803,0.05912
48355005804,0.038896
48355005900,0.019344
48355006000,0.038057
48355006100,0.056432
48355006201,0.012353
48355006202,0.038715
48355006203,0.068156
48355006204,0.015017
48355006205,0.092344
48355006300,0.112279
48355006400,0.059966
48355980000,0.083216
48363000100,0.091779
48363000200,0.086743
48363000300,0.053297
48363000401,0.112527
48363000402,0.074808
48363000500,0.26429
48363000600,0.109811
48363000700,0.068338
48363000800,0.154162
48363000900,0.262147
48367140101,0.076435
48367140102,0.026677
48367140201,0.083176
48367140202,0.035167
48367140300,0.048805
48367140403,0.026486
48367140408,0.076918
48367140409,0.100497
48367140410,0.056001
48367140411,0.093911
48367140412,0.220626
48367140413,0.029345
48367140414,0.045077
48367140415,0.027183
48367140416,0.053932
48367140502,0.102837
48367140503,0.02531
48367140504,0.050099
48367140601,0.063864
48367140603,0.083927
48367140604,0.115795
48367140707,0.07835
48367140708,0.112509
48367140709,0.067131
48367140710,0.191522
48367140711,0.096576
48367140712,0.056651
48367140713,0.055247
48367140714,0.042238
48371950100,0.029069
48373210203,0.014376
48373210204,0.052142
48373210205,0.212491
48373210206,0.145572
48373210301,0.092539
48373210302,0.027496
48373210402,0.020019
48379950101,0.019942
48379950102,0.096464
48379950200,0.11353
48383950100,0.067686
48385950100,0.059601
48387950100,0.026846
48387950501,0.106056
48387950502,0.12024
48387950600,0.028769
48387950700,0.014463
48391950200,0.071658
48391950400,0.104697
48395960100,0.087391
48395960200,0.027105
48395960300,0.043021
48395960400,0.054951
48395960501,0.146637
48395960502,0.076545
48397040101,0.046874
48397040103,0.154555
48397040104,0.070444
48397040201,0.05398
48397040202,0.119086
48397040203,0.025077
48397040301,0.112205
48397040303,0.102756
48397040304,0.039124
48397040305,0.029718
48397040403,0.17168
48397040404,0.110814
48397040405,0.108169
48397040406,0.251304
48397040407,0.14736
48397040408,0.040548
48397040409,0.019698
48397040410,0.04429
48397040411,0.024301
48397040412,0.042948
48397040503,0.051635
48397040507,0.01695
48397040508,0.070439
48397040509,0.120135
48397040510,0.056731
48397040511,0.017682
48397040512,0.030265
48397040513,0.06322
48397040514,0.030615
48399950100,0.05956
48399950200,0.159384
48399950500,0.045987
48399950600,0.069442
48401950200,0.030729
48401950300,0.120809
48401950400,0.065253
48401950501,0.05181
48401950502,0.181058
48401951000,0.05299
48401951100,0.074768
48407200103,0.066228
48407200104,0.040036
48407200105,0.047347
48407200106,0.016529
48407200107,0.13804
48407200201,0.073941
48407200202,0.211522
48407200301,0.029879
48407200302,0.02043
48409010201,0.125556
48409010202,0.085417
48409010301,0.042883
48409010302,0.092297
48409010500,0.022304
48409010601,0.015169
48409010602,0.011148
48409010603,0.014198
48409010604,0.031173
48409010700,0.043945
48409010800,0.049742
48409010900,0.061893
48409011000,0.096358
48409011100,0.168093
48409011200,0.034601
48409011300,0.045555
48411950100,0.10038
48411950200,0.053795
48413950300,0.019712
48415950100,0.195033
48415950200,0.047557
48415950300,0.071197
48415950600,0.087694
48417950300,0.081314
48423000100,0.174298
48423000201,0.099701
48423000202,0.094572
48423000300,0.06941
48423000400,0.140214
48423000500,0.038781
48423000600,0.128053
48423000700,0.137276
48423000800,0.065488
48423000900,0.123918
48423001000,0.023798
48423001101,0.088177
48423001102,0.170274
48423001200,0.227119
48423001300,0.159814
48423001404,0.046931
48423001405,0.032119
48423001406,0.037267
48423001407,0.09398
48423001408,0.069414
48423001501,0.062786
48423001502,0.02333
48423001602,0.137502
48423001605,0.15833
48423001606,0.182265
48423001607,0.15812
48423001608,0.164945
48423001701,0.069647
48423001702,0.024628
48423001803,0.127835
48423001804,0.053172
48423001805,0.231051
48423001806,0.136345
48423001807,0.116087
48423001906,0.051284
48423001909,0.047389
48423001910,0.022088
48423001911,0.030094
48423001912,0.226457
48423001913,0.210744
48423001914,0.079765
48423001915,0.03436
48423001916,0.016077
48423001917,0.092427
48423002003,0.113633
48423002004,0.052883
48423002006,0.05213
48423002009,0.098442
48423002010,0.01538
48423002011,0.037481
48423002012,0.051554
48423002013,0.083301
48423002101,0.073593
48423002102,0.063849
48423002200,0.031644
48423980000,0.132903
48425000101,0.042168
48425000102,0.053434
48425000200,0.092936
48427950101,0.080352
48427950104,0.016684
48427950105,0.069323
48427950106,0.155885
48427950107,0.143791
48427950108,0.018245
48427950202,0.046212
48427950203,0.14793
48427950204,0.085534
48427950402,0.139242
48427950403,0.264618
48427950404,0.217157
48427950500,0.097811
48427950601,0.175973
48427950602,0.163085
48427950701,0.07275
48427950702,0.132735
48429950200,0.133117
48429950300,0.141305
48429950500,0.070045
48431950100,0.128708
48433950300,0.039394
48435950300,0.037349
48439100101,0.059366
48439100102,0.037194
48439100201,0.012664
48439100202,0.102298
48439100300,0.054203
48439100401,0.125956
48439100402,0.119374
48439100503,0.107479
48439100504,0.107379
48439100505,0.016884
48439100506,0.02469
48439100601,0.041035
48439100602,0.156335
48439100700,0.128116
48439100800,0.08504
48439100900,0.081651
48439101201,0.02342
48439101202,0.029862
48439101301,0.013375
48439101302,0.054617
48439101401,0.024317
48439101402,0.03466
48439101403,0.044333
48439101500,0.097917
48439101700,0.021866
48439102000,0.032933
48439102101,0.081488
48439102102,0.070377
48439102201,0.022815
48439102202,0.019258
48439102301,0.048397
48439102302,0.157204
48439102401,0.043164
48439102402,0.101459
48439102500,0.011094
48439102601,0.031227
48439102602,0.024333
48439102700,0.014404
48439103500,0.016847
48439103601,0.050878
48439103602,0.04458
48439103701,0.013192
48439103702,0.017268
48439103800,0.062186
48439104100,0.134627
48439104202,0.019603
48439104203,0.011865
48439104204,0.027687
48439104301,0.018665
48439104302,0.018203
48439104400,0.028978
48439104502,0.024977
48439104503,0.016393
48439104504,0.020261
48439104505,0.026957
48439104601,0.015812
48439104602,0.013991
48439104603,0.041048
48439104604,0.040699
48439104605,0.031568
48439104701,0.016834
48439104702,0.095837
48439104802,0.011639
48439104803,0.023583
48439104804,0.013036
48439104900,0.018282
48439105007,0.021637
48439105008,0.028715
48439105009,0.023867
48439105201,0.024498
48439105203,0.1553
48439105204,0.055151
48439105206,0.085944
48439105207,0.022991
48439105403,0.021958
48439105404,0.012453
48439105405,0.03237
48439105407,0.183732
48439105408,0.014882
48439105502,0.012988
48439105503,0.022043
48439105505,0.016102
48439105511,0.017529
48439105512,0.019579
48439105513,0.032743
48439105514,0.05591
48439105515,0.013245
48439105516,0.059521
48439105517,0.042376
48439105518,0.02943
48439105519,0.015559
48439105520,0.040206
48439105600,0.019562
48439105701,0.029689
48439105703,0.027424
48439105705,0.016471
48439105706,0.016878
48439105800,0.020779
48439105901,0.047498
48439105902,0.012637
48439106002,0.058237
48439106004,0.013611
48439106005,0.022069
48439106006,0.010315
48439106101,0.078427
48439106102,0.097326
48439106201,0.031396
48439106202,0.019792
48439106300,0.010866
48439106400,0.048479
48439106502,0.016972
48439106503,0.016355
48439106507,0.035633
48439106509,0.032074
48439106512,0.017065
48439106513,0.103314
48439106514,0.015581
48439106515,0.011023
48439106518,0.016207
48439106519,0.020398
48439106520,0.067744
48439106521,0.015901
48439106522,0.014512
48439106523,0.030451
48439106524,0.03349
48439106525,0.01819
48439106526,0.033351
48439106600,0.030986
48439106700,0.030484
48439110102,0.055228
48439110103,0.033656
48439110104,0.083631
48439110202,0.089946
48439110204,0.014075
48439110205,0.012505
48439110206,0.052029
48439110301,0.038974
48439110302,0.066497
48439110401,0.025634
48439110402,0.068859
48439110500,0.193273
48439110600,0.143948
48439110703,0.036948
48439110704,0.043936
48439110705,0.014987
48439110706,0.031531
48439110805,0.089203
48439110806,0.018164
48439110807,0.035278
48439110808,0.067945
48439110809,0.093043
48439110901,0.078012
48439110903,0.052474
48439110905,0.054219
48439110906,0.096453
48439110907,0.061797
48439111003,0.023355
48439111010,0.038021
48439111015,0.036978
48439111018,0.040684
48439111019,0.014657
48439111020,0.017398
48439111021,0.021109
48439111022,0.017735
48439111023,0.012971
48439111024,0.01232
48439111025,0.036344
48439111026,0.015185
48439111027,0.031169
48439111028,0.012494
48439111029,0.021296
48439111030,0.014383
48439111031,0.051414
48439111032,0.009991
48439111033,0.014046
48439111102,0.050991
48439111103,0.183306
48439111104,0.12989
48439111202,0.074804
48439111203,0.034848
48439111204,0.014488
48439111304,0.015447
48439111306,0.017838
48439111307,0.051039
48439111308,0.017676
48439111309,0.022447
48439111311,0.017111
48439111312,0.039566
48439111314,0.033187
48439111315,0.016457
48439111316,0.011129
48439111317,0.039537
48439111318,0.015832
48439111319,0.02287
48439111320,0.017272
48439111402,0.017381
48439111405,0.135392
48439111406,0.015817
48439111407,0.01481
48439111408,0.026591
48439111409,0.015975
48439111410,0.037931
48439111411,0.069885
48439111505,0.064618
48439111506,0.028924
48439111513,0.021311
48439111514,0.038254
48439111516,0.041805
48439111522,0.048552
48439111525,0.026679
48439111526,0.08673
48439111529,0.031896
48439111530,0.016984
48439111531,0.040323
48439111532,0.01674
48439111533,0.027304
48439111534,0.015103
48439111536,0.048023
48439111538,0.041128
48439111540,0.014474
48439111541,0.018619
48439111542,0.015438
48439111543,0.0138
48439111544,0.013956
48439111545,0.022841
48439111546,0.02875
48439111551,0.015675
48439111552,0.017488
48439111553,0.028945
48439111554,0.016438
48439111555,0.014961
48439111556,0.038492
48439111557,0.011596
48439111558,0.014473
48439111559,0.093941
48439111560,0.015252
48439111561,0.011758
48439111562,0.101006
48439111563,0.040319
48439111564,0.07317
48439111565,0.020756
48439111566,0.028346
48439111567,0.015762
48439111568,0.061011
48439111569,0.053243
48439111570,0.014897
48439111571,0.028042
48439111572,0.016766
48439113003,0.028774
48439113004,0.097911
48439113005,0.148607
48439113006,0.0151
48439113007,0.024853
48439113102,0.018553
48439113104,0.018782
48439113107,0.011871
48439113108,0.011449
48439113109,0.034596
48439113110,0.028766
48439113112,0.0146
48439113115,0.037215
48439113116,0.030844
48439113117,0.017274
48439113118,0.031705
48439113119,0.01931
48439113120,0.011925
48439113121,0.087467
48439113122,0.05823
48439113206,0.089448
48439113207,0.024438
48439113210,0.115931
48439113212,0.023481
48439113213,0.024086
48439113214,0.013303
48439113215,0.022936
48439113216,0.014587
48439113217,0.037471
48439113218,0.015788
48439113221,0.092486
48439113222,0.071609
48439113223,0.034812
48439113301,0.10343
48439113302,0.062517
48439113403,0.033583
48439113404,0.019253
48439113407,0.09288
48439113408,0.05502
48439113409,0.09368
48439113410,0.129689
48439113509,0.014252
48439113510,0.01339
48439113511,0.053122
48439113512,0.017434
48439113513,0.079555
48439113514,0.046236
48439113516,0.015914
48439113517,0.030912
48439113519,0.019382
48439113520,0.026158
48439113521,0.026753
48439113522,0.018227
48439113607,0.023792
48439113611,0.071706
48439113612,0.033094
48439113613,0.032023
48439113618,0.014635
48439113619,0.048388
48439113622,0.08153
48439113623,0.024903
48439113624,0.013688
48439113625,0.020431
48439113626,0.015707
48439113628,0.07932
48439113629,0.016695
48439113630,0.066537
48439113632,0.032135
48439113633,0.019462
48439113634,0.016797
48439113635,0.109223
48439113636,0.047024
48439113637,0.057229
48439113638,0.024999
48439113639,0.03883
48439113640,0.021923
48439113707,0.059812
48439113709,0.021717
48439113710,0.013872
48439113711,0.064441
48439113712,0.031429
48439113713,0.023849
48439113714,0.017475
48439113715,0.04079
48439113716,0.052584
48439113803,0.085532
48439113808,0.016866
48439113809,0.021497
48439113810,0.015311
48439113811,0.088516
48439113812,0.013727
48439113813,0.054492
48439113814,0.016375
48439113815,0.020952
48439113816,0.017534
48439113906,0.014339
48439113908,0.043205
48439113912,0.017786
48439113916,0.021001
48439113917,0.017936
48439113918,0.087255
48439113919,0.025676
48439113920,0.019713
48439113923,0.01379
48439113924,0.013027
48439113925,0.017659
48439113930,0.014052
48439113931,0.027791
48439113932,0.017262
48439113933,0.034875
48439113934,0.013427
48439113935,0.049407
48439113936,0.028908
48439113937,0.035524
48439113938,0.013232
48439113939,0.012646
48439113940,0.022598
48439113941,0.018736
48439113942,0.02254
48439113943,0.015817
48439113944,0.022477
48439113945,0.022788
48439113946,0.020444
48439113947,0.015571
48439113948,0.015874
48439113949,0.048345
48439113950,0.026029
48439113951,0.0181
48439113952,0.018608
48439113953,0.058754
48439113954,0.022969
48439113955,0.012996
48439113956,0.028569
48439113957,0.023846
48439113958,0.043826
48439114003,0.082749
48439114006,0.041596
48439114009,0.011595
48439114010,0.011062
48439114011,0.020643
48439114012,0.018092
48439114013,0.027401
48439114014,0.012607
48439114015,0.113452
48439114105,0.055971
48439114106,0.037819
48439114107,0.03098
48439114108,0.018679
48439114109,0.011409
48439114110,0.047432
48439114111,0.016396
48439114112,0.01592
48439114113,0.018161
48439114203,0.016797
48439114204,0.050078
48439114205,0.029996
48439114206,0.041543
48439114207,0.042371
48439121605,0.027455
48439121606,0.040607
48439121608,0.013315
48439121609,0.023096
48439121610,0.020776
48439121611,0.023457
48439121612,0.184545
48439121613,0.27277
48439121614,0.096235
48439121615,0.144812
48439121702,0.017626
48439121703,0.015953
48439121704,0.015071
48439121904,0.061033
48439121905,0.026328
48439121906,0.042342
48439121907,0.013982
48439121908,0.068802
48439122001,0.014987
48439122002,0.019624
48439122100,0.025398
48439122200,0.043033
48439122300,0.018899
48439122401,0.02474
48439122402,0.01556
48439122500,0.023701
48439122600,0.035174
48439122701,0.020287
48439122702,0.090762
48439122801,0.040989
48439122802,0.015828
48439122901,0.021688
48439122902,0.068771
48439123001,0.174072
48439123002,0.041629
48439123100,0.101911
48439123200,0.056932
48439123301,0.079722
48439123302,0.093521
48439123500,0.038683
48439123600,0.038293
48439123700,0.01486
48439980000,0.172223
48441010100,0.017248
48441010200,0.023927
48441010300,0.012351
48441010400,0.013174
48441010500,0.014452
48441010600,0.029383
48441010700,0.012112
48441010800,0.091476
48441010900,0.079759
48441011000,0.046223
48441011200,0.050422
48441011300,0.017163
48441011400,0.066338
48441011500,0.012094
48441011600,0.025164
48441011700,0.115759
48441011900,0.036159
48441012000,0.041733
48441012100,0.034282
48441012200,0.056999
48441012300,0.01176
48441012400,0.04971
48441012500,0.017433
48441012600,0.029361
48441012701,0.013823
48441012702,0.066136
48441012801,0.048473
48441012802,0.036868
48441012900,0.017984
48441013000,0.046004
48441013100,0.0393
48441013200,0.062872
48441013300,0.053065
48441013401,0.063352
48441013402,0.028181
48441013404,0.024984
48441013501,0.060017
48441013502,0.075126
48441013601,0.024812
48441013602,0.048731
48441980000,0.20882
48443950100,0.054729
48447950300,0.042075
48449950100,0.051417
48449950200,0.089381
48449950301,0.029386
48449950302,0.09017
48449950400,0.106096
48449950500,0.096444
48449950600,0.059273
48449950700,0.17491
48449950800,0.224011
48451000100,0.084009
48451000200,0.223861
48451000300,0.036529
48451000400,0.038119
48451000700,0.087438
48451000801,0.071911
48451000802,0.014259
48451000900,0.029149
48451001000,0.176061
48451001101,0.059559
48451001102,0.040113
48451001200,0.013608
48451001301,0.024442
48451001303,0.027401
48451001304,0.030909
48451001401,0.036427
48451001402,0.060136
48451001500,0.115143
48451001600,0.055864
48451001702,0.176224
48451001706,0.020507
48451001707,0.047262
48451001708,0.144542
48451001709,0.074009
48451001710,0.01923
48451001800,0.068774
48451980000,0.055089
48453000101,0.037778
48453000102,0.060174
48453000203,0.016706
48453000204,0.018601
48453000205,0.026754
48453000206,0.019824
48453000302,0.016608
48453000304,0.014288
48453000305,0.057958
48453000307,0.05027
48453000308,0.093885
48453000309,0.037439
48453000401,0.02653
48453000402,0.016602
48453000500,0.060892
48453000601,0.011328
48453000605,0.059448
48453000606,0.067338
48453000607,0.013447
48453000608,0.045059
48453000700,0.038503
48453000801,0.08117
48453000802,0.034952
48453000803,0.018515
48453000804,0.029003
48453000901,0.089887
48453000902,0.024624
48453001000,0.016412
48453001101,0.032674
48453001102,0.093055
48453001103,0.040608
48453001200,0.01449
48453001304,0.128099
48453001307,0.016769
48453001308,0.025254
48453001309,0.061902
48453001310,0.106036
48453001311,0.017371
48453001312,0.046092
48453001401,0.021177
48453001402,0.033162
48453001403,0.037413
48453001501,0.013557
48453001503,0.029237
48453001504,0.013028
48453001505,0.028755
48453001602,0.020516
48453001603,0.063677
48453001604,0.038786
48453001605,0.014473
48453001606,0.093108
48453001910,0.067494
48453001911,0.075776
48453001912,0.086946
48453001913,0.116074
48453001914,0.01828
48453001915,0.019792
48453001916,0.017433
48453001917,0.177126
48453001918,0.047379
48453001919,0.025498
48453001920,0.044635
48453001921,0.124825
48453001922,0.106981
48453001923,0.174898
48453002002,0.01691
48453002003,0.012841
48453002004,0.019864
48453002006,0.016018
48453002007,0.035612
48453002104,0.038027
48453002105,0.01214
48453002106,0.056014
48453002107,0.018306
48453002108,0.01384
48453002109,0.028639
48453002110,0.057301
48453002111,0.023155
48453002112,0.015308
48453002113,0.011363
48453002201,0.014637
48453002211,0.020107
48453002213,0.028564
48453002214,0.026143
48453002215,0.027895
48453002216,0.017746
48453002217,0.127486
48453002218,0.229764
48453002219,0.061172
48453002220,0.020377
48453002221,0.012814
48453002222,0.019775
48453002304,0.038578
48453002307,0.032908
48453002310,0.086154
48453002313,0.037238
48453002314,0.013364
48453002315,0.03331
48453002316,0.038767
48453002319,0.143971
48453002320,0.041406
48453002321,0.024195
48453002322,0.01774
48453002323,0.01449
48453002324,0.032832
48453002325,0.055484
48453002326,0.207389
48453002327,0.025332
48453002403,0.02089
48453002407,0.016205
48453002409,0.01831
48453002410,0.022053
48453002411,0.022147
48453002412,0.026448
48453002413,0.084762
48453002419,0.010012
48453002422,0.034763
48453002423,0.022704
48453002424,0.044156
48453002430,0.015037
48453002432,0.054137
48453002434,0.100223
48453002436,0.12132
48453002437,0.063552
48453002438,0.016031
48453002439,0.017084
48453002440,0.01423
48453002441,0.016899
48453002442,0.018766
48453002443,0.057763
48453002444,0.032488
48453002445,0.022935
48453002446,0.02424
48453002447,0.059472
48453002448,0.019576
48453002449,0.027741
48453002450,0.116878
48453002451,0.048395
48453002452,0.032057
48453002453,0.058515
48453002500,0.039045
48453030000,0.055662
48453030100,0.069843
48453030200,0.032593
48453030300,0.015443
48453030400,0.019948
48453030500,0.017984
48453030600,0.021411
48453030700,0.014937
48453030800,0.019888
48453030900,0.032652
48453031000,0.027305
48453031100,0.172196
48453031200,0.024029
48453031300,0.023454
48453031400,0.03316
48453031500,0.017784
48453031600,0.040907
48453031700,0.013701
48453031800,0.029996
48453031900,0.034443
48453032000,0.019666
48453032100,0.016442
48453032200,0.020993
48453032300,0.052835
48453032400,0.027201
48453032500,0.036435
48453032600,0.01271
48453032700,0.019417
48453032800,0.213153
48453032900,0.030342
48453033000,0.067917
48453033100,0.125309
48453033200,0.036398
48453033300,0.023451
48453033400,0.018987
48453033500,0.020845
48453033600,0.120371
48453033700,0.015212
48453033800,0.016993
48453033900,0.019443
48453034000,0.074048
48453034100,0.01497
48453034200,0.046225
48453034300,0.015834
48453034400,0.013714
48453034500,0.028506
48453034600,0.042983
48453034700,0.021387
48453034800,0.023309
48453034900,0.023489
48453035000,0.024614
48453035100,0.025635
48453035200,0.057178
48453035300,0.251119
48453035400,0.05343
48453035500,0.010866
48453035600,0.114349
48453035700,0.048819
48453035800,0.040226
48453035900,0.047292
48453036000,0.030151
48453036100,0.056461
48453036200,0.023203
48453036300,0.042203
48453036400,0.127327
48453036500,0.174396
48453036600,0.130461
48453036700,0.11558
48453036800,0.060104
48453036900,0.06934
48453037000,0.137119
48453037100,0.206923
48453037200,0.012305
48453037300,0.036062
48453037400,0.122411
48453037500,0.09463
48453037600,0.019527
48453040000,0.023545
48453040100,0.050022
48453040200,0.011033
48453040300,0.031155
48453040400,0.027548
48453040500,0.014779
48453040600,0.058099
48453040700,0.022628
48453040800,0.020647
48453040900,0.178153
48453041000,0.160127
48453041100,0.21676
48453041200,0.026234
48453041300,0.012875
48453041400,0.033311
48453041500,0.04794
48453041600,0.025369
48453041700,0.061214
48453041800,0.033089
48453041900,0.047596
48453042000,0.026345
48453042100,0.019733
48453042200,0.02508
48453042300,0.059391
48453042400,0.02061
48453042500,0.019352
48453042600,0.032408
48453042700,0.01219
48453042800,0.020068
48453042900,0.016866
48453043000,0.016134
48453043100,0.086275
48453043200,0.200664
48453043300,0.01706
48453043400,0.018709
48453043500,0.060204
48453043600,0.015946
48453043700,0.050996
48453043800,0.013862
48453043900,0.012826
48453044000,0.017832
48453044100,0.01512
48453044200,0.017517
48453044300,0.022216
48453044400,0.025634
48453044500,0.01742
48453044600,0.0115
48453044700,0.018798
48453044800,0.016611
48453044900,0.095589
48453045000,0.013622
48453045100,0.036856
48453045200,0.032437
48453045300,0.019794
48453045400,0.049743
48453045500,0.026895
48453045600,0.057972
48453045700,0.074919
48453045800,0.180689
48453045900,0.172027
48453046000,0.044016
48453046100,0.033314
48453046200,0.089599
48453046300,0.063883
48453046400,0.014189
48453046500,0.020193
48453046600,0.022151
48453046700,0.082602
48453046800,0.017985
48453046900,0.010816
48453047000,0.031121
48453980000,0.098495
48455950100,0.098961
48455950200,0.040036
48455950300,0.099398
48455950400,0.071477
48455950500,0.082496
48459950101,0.041051
48459950102,0.165907
48459950200,0.037366
48459950301,0.085341
48459950302,0.032183
48459950400,0.165991
48459950501,0.056944
48459950502,0.028003
48459950600,0.038315
48459950700,0.099043
48461950100,0.052889
48463950100,0.051463
48463950201,0.103044
48463950202,0.03931
48463950300,0.076105
48463950400,0.087369
48463950500,0.094635
48465950202,0.067803
48465950203,0.121729
48465950301,0.034551
48465950302,0.088703
48465950400,0.100304
48465950501,0.072444
48465950502,0.061496
48465950601,0.260309
48465950602,0.132409
48465950701,0.088086
48465950702,0.090173
48465950801,0.229551
48465950802,0.106171
48465980000,0.100099
48467950100,0.028002
48467950200,0.046316
48467950300,0.070948
48467950400,0.026485
48467950500,0.026215
48467950601,0.105475
48467950602,0.081222
48467950700,0.108291
48467950801,0.037469
48467950802,0.053871
48467950901,0.032621
48467950902,0.150822
48467951001,0.018604
48467951002,0.025919
48469000100,0.206401
48469000201,0.184369
48469000202,0.022623
48469000301,0.14788
48469000302,0.150761
48469000400,0.116203
48469000501,0.071664
48469000502,0.058498
48469000601,0.065147
48469000602,0.051212
48469000700,0.024903
48469000800,0.034971
48469001300,0.121224
48469001401,0.141784
48469001402,0.025156
48469001501,0.120286
48469001503,0.095032
48469001504,0.107084
48469001601,0.018969
48469001604,0.010825
48469001605,0.104365
48469001607,0.089526
48469001608,0.026842
48469001700,0.037778
48469980000,0.355374
48471790101,0.023684
48471790102,0.068315
48471790103,0.115786
48471790200,0.066968
48471790301,0.045121
48471790302,0.047648
48471790401,0.162097
48471790402,0.050883
48471790500,0.084694
48471790600,0.044471
48471790700,0.048894
48471790800,0.064922
48473680100,0.046338
48473680201,0.025883
48473680202,0.073609
48473680301,0.022615
48473680302,0.068845
48473680303,0.035394
48473680501,0.033906
48473680502,0.075726
48473680601,0.137935
48473680602,0.026481
48473980000,0.041555
48477170100,0.103887
48477170201,0.076359
48477170202,0.132233
48477170300,0.056955
48477170400,0.073062
48477170501,0.051514
48477170502,0.072157
48477170601,0.063699
48477170602,0.160969
48479000101,0.059642
48479000105,0.079663
48479000106,0.057394
48479000107,0.060456
48479000108,0.014874
48479000109,0.159396
48479000200,0.05053
48479000300,0.037493
48479000601,0.016357
48479000602,0.060303
48479000700,0.05722
48479000800,0.01026
48479000901,0.031119
48479000903,0.076975
48479000904,0.009651
48479001001,0.010302
48479001003,0.035669
48479001004,0.028779
48479001101,0.078519
48479001103,0.115067
48479001104,0.030419
48479001105,0.1357
48479001201,0.041981
48479001202,0.026969
48479001300,0.044442
48479001401,0.044476
48479001402,0.025927
48479001501,0.114772
48479001502,0.038821
48479001601,0.01444
48479001602,0.020147
48479001706,0.04446
48479001709,0.013695
48479001710,0.145061
48479001711,0.033323
48479001714,0.071828
48479001715,0.099751
48479001716,0.010641
48479001717,0.10631
48479001718,0.016105
48479001719,0.014242
48479001720,0.087871
48479001721,0.038915
48479001722,0.015238
48479001723,0.014467
48479001724,0.061865
48479001725,0.017971
48479001726,0.043823
48479001727,0.013278
48479001806,0.029733
48479001809,0.109094
48479001810,0.220598
48479001811,0.117317
48479001813,0.193274
48479001815,0.064626
48479001816,0.178074
48479001818,0.225292
48479001819,0.144893
48479001820,0.129922
48479001821,0.010268
48479001822,0.010028
48479001823,0.010179
48479001824,0.075087
48479001825,0.029801
48479001826,0.065141
48479001827,0.121998
48479001828,0.016771
48479001900,0.014739
48479980000,0.094243
48481740100,0.018574
48481740200,0.080692
48481740300,0.029348
48481740400,0.098761
48481740500,0.016882
48481740600,0.083677
48481740700,0.088765
48481740800,0.105336
48481740901,0.033608
48481740902,0.131559
48481741000,0.046793
48481741100,0.090459
48489950300,0.154306
48489950400,0.032252
48489950500,0.03458
48489950600,0.07787
48489950700,0.03355
48491020106,0.040939
48491020108,0.02557
48491020109,0.048486
48491020111,0.044634
48491020113,0.027391
48491020114,0.065569
48491020115,0.028509
48491020116,0.052434
48491020117,0.203493
48491020118,0.068195
48491020119,0.024785
48491020120,0.045308
48491020121,0.074154
48491020122,0.127547
48491020123,0.086302
48491020124,0.160401
48491020201,0.031214
48491020203,0.01793
48491020205,0.030752
48491020206,0.11202
48491020207,0.150633
48491020208,0.23394
48491020310,0.01354
48491020311,0.040841
48491020319,0.013116
48491020321,0.11167
48491020323,0.012451
48491020325,0.063974
48491020326,0.042883
48491020327,0.08878
48491020329,0.062693
48491020330,0.04995
48491020331,0.081799
48491020332,0.062079
48491020333,0.014951
48491020334,0.013677
48491020335,0.015076
48491020336,0.015877
48491020337,0.059415
48491020338,0.022477
48491020339,0.01729
48491020340,0.01374
48491020341,0.018434
48491020342,0.17585
48491020343,0.013806
48491020344,0.130941
48491020345,0.017054
48491020346,0.016033
48491020347,0.016118
48491020348,0.03214
48491020349,0.049799
48491020350,0.011605
48491020351,0.024451
48491020352,0.048281
48491020353,0.024115
48491020354,0.01275
48491020355,0.035376
48491020356,0.035567
48491020403,0.012874
48491020404,0.012483
48491020405,0.018106
48491020406,0.026409
48491020408,0.038652
48491020409,0.05658
48491020410,0.013679
48491020411,0.027001
48491020503,0.024993
48491020505,0.063427
48491020507,0.030914
48491020508,0.024825
48491020509,0.030202
48491020511,0.049589
48491020512,0.036816
48491020513,0.038929
48491020514,0.019384
48491020515,0.044547
48491020516,0.01413
48491020517,0.024877
48491020602,0.03591
48491020604,0.019839
48491020606,0.020198
48491020607,0.040792
48491020608,0.014534
48491020609,0.024885
48491020701,0.023578
48491020704,0.017763
48491020706,0.035563
48491020707,0.015076
48491020709,0.0261
48491020710,0.067067
48491020711,0.153052
48491020712,0.01433
48491020713,0.024167
48491020808,0.04124
48491020810,0.032068
48491020811,0.017553
48491020812,0.030342
48491020813,0.021934
48491020814,0.029266
48491020815,0.04637
48491020816,0.113931
48491020817,0.111728
48491020818,0.113854
48491020819,0.048055
48491020820,0.018372
48491020821,0.024458
48491020822,0.086646
48491020900,0.021616
48491021000,0.097867
48491021100,0.018208
48491021201,0.062971
48491021202,0.125588
48491021203,0.179849
48491021300,0.038292
48491021402,0.044971
48491021404,0.160235
48491021405,0.026773
48491021406,0.041686
48491021407,0.047281
48491021502,0.052403
48491021503,0.038424
48491021506,0.066812
48491021509,0.02163
48491021510,0.031611
48491021511,0.036554
48491021512,0.031038
48491021513,0.021006
48491021514,0.013071
48491021515,0.052441
48491021516,0.016533
48491021517,0.021034
48491021518,0.010462
48491021601,0.053526
48491021602,0.078003
48491021603,0.021953
48493000102,0.073134
48493000103,0.011482
48493000104,0.101343
48493000201,0.055021
48493000202,0.018562
48493000300,0.089207
48493000402,0.110029
48493000404,0.177603
48493000405,0.022108
48493000406,0.201837
48493000500,0.13402
48493000600,0.023956
48497150101,0.051266
48497150103,0.175783
48497150104,0.018171
48497150201,0.122596
48497150202,0.090625
48497150300,0.035187
48497150402,0.052136
48497150403,0.043323
48497150404,0.041314
48497150405,0.119569
48497150500,0.148777
48497150603,0.070647
48497150604,0.039246
48497150605,0.027345
48497150606,0.101742
48497150607,0.141057
48499950100,0.043448
48499950200,0.064345
48499950301,0.025014
48499950303,0.054542
48499950304,0.079914
48499950401,0.054715
48499950402,0.225583
48499950500,0.064858
48499950601,0.020979
48499950602,0.040254
48499950700,0.051873
48499950800,0.128198
48503950200,0.04468
48503950401,0.143048
48503950402,0.040542
48503950500,0.0836
48503950600,0.09786
48505950303,0.212978
48505950304,0.151094
48505950305,0.208413
48505950306,0.261149
48505950401,0.158227
48505950402,0.092933
48507950100,0.140877
48507950200,0.14757
48507950301,0.094724
48507950302,0.086191
53001950100,0.079154
53001950200,0.157246
53001950301,0.036384
53001950302,0.074831
53001950303,0.185168
53001950400,0.130495
53001950500,0.021759
53003960100,0.094
53003960200,0.053273
53005010100,0.149101
53005010201,0.087388
53005010203,0.01369
53005010204,0.075327
53005010300,0.122384
53005010400,0.011871
53005010500,0.132873
53005010600,0.031249
53005010701,0.052368
53005010703,0.093431
53005010705,0.018127
53005010707,0.018335
53005010708,0.148413
53005010807,0.026022
53005010809,0.033182
53005010810,0.012146
53005010811,0.035329
53005010814,0.049828
53005010815,0.025055
53005010816,0.02953
53005010817,0.012659
53005010818,0.018269
53005010819,0.022079
53005010820,0.035893
53005010901,0.041826
53005010902,0.018824
53005011001,0.035838
53005011002,0.038452
53005011100,0.036258
53005011201,0.011734
53005011202,0.070464
53005011300,0.071632
53005011401,0.017691
53005011402,0.047916
53005011501,0.111862
53005011504,0.013308
53005011505,0.115931
53005011506,0.155475
53005011600,0.091047
53005011701,0.023302
53005011702,0.026536
53005011801,0.029373
53005011802,0.033641
53005011900,0.031376
53005012000,0.054689
53007960100,0.10265
53007960201,0.135894
53007960202,0.04855
53007960203,0.079522
53007960301,0.110444
53007960302,0.059771
53007960303,0.099105
53007960400,0.068228
53007960501,0.035255
53007960502,0.073779
53007960600,0.142685
53007960700,0.029393
53007960801,0.014599
53007960803,0.014513
53007960804,0.064413
53007961001,0.010367
53007961002,0.112112
53007961101,0.014488
53007961102,0.012385
53007961200,0.028238
53007961301,0.018687
53007961303,0.011374
53007961304,0.014108
53013960200,0.031643
53017950101,0.077886
53017950102,0.131414
53017950200,0.091033
53017950300,0.029881
53017950400,0.030707
53017950500,0.02375
53017950600,0.011367
53017950700,0.011167
53017950800,0.015944
53019940000,0.04488
53019970100,0.112853
53019970200,0.109596
53021020101,0.150118
53021020102,0.053823
53021020103,0.031415
53021020201,0.01232
53021020202,0.012125
53021020300,0.023938
53021020401,0.035549
53021020402,0.016344
53021020403,0.015392
53021020404,0.020492
53021020501,0.082906
53021020503,0.034184
53021020504,0.016093
53021020603,0.010997
53021020605,0.028541
53021020606,0.019982
53021020607,0.012271
53021020608,0.03994
53021020700,0.157682
53021020801,0.125763
53021020802,0.134891
53021980100,0.020126
53023970300,0.062906
53025010100,0.12875
53025010200,0.027636
53025010300,0.175464
53025010401,0.158537
53025010402,0.060295
53025010500,0.054272
53025010600,0.123875
53025010700,0.107003
53025010800,0.022867
53025010901,0.038362
53025010903,0.022739
53025010904,0.011778
53025011001,0.076714
53025011002,0.031275
53025011101,0.086872
53025011102,0.093533
53025011200,0.056414
53025011300,0.07941
53025011401,0.134847
53025011403,0.020808
53025011404,0.108296
53025011405,0.255961
53025011406,0.051989
53033031502,0.149043
53033032706,0.073729
53033032800,0.095419
53037975101,0.081362
53037975102,0.053014
53037975103,0.076789
53037975104,0.125115
53037975201,0.070609
53037975202,0.024039
53037975203,0.161191
53037975300,0.067666
53037975402,0.08716
53037975403,0.012477
53037975404,0.049782
53037975500,0.05772
53037975600,0.064811
53037975700,0.122052
53039950101,0.066199
53039950102,0.078496
53039950103,0.195011
53039950200,0.096842
53039950302,0.089962
53041972000,0.062742
53043960100,0.167501
53043960200,0.109555
53043960300,0.082638
53043960400,0.095284
53047940100,0.132173
53047940200,0.087986
53047970301,0.020581
53047970302,0.140252
53047970303,0.119623
53047970400,0.071642
53047970500,0.11245
53047970601,0.086921
53047970602,0.157126
53047970700,0.090133
53047970800,0.044598
53047970900,0.071683
53047971000,0.102696
53051970100,0.094015
53051970200,0.092071
53051970300,0.05372
53051970400,0.050205
53051970500,0.076488
53053070100,0.114345
53057951101,0.152464
53057951102,0.101747
53057951200,0.047926
53059950100,0.053141
53059950400,0.120904
53061053606,0.016355
53061053700,0.034581
53061053801,0.057162
53061053803,0.080231
53063000201,0.038096
53063000202,0.056239
53063000301,0.017697
53063000302,0.032506
53063000400,0.025023
53063000500,0.083437
53063000600,0.016175
53063000700,0.042434
53063000800,0.067993
53063000900,0.029903
53063001000,0.018731
53063001100,0.011413
53063001200,0.100276
53063001300,0.057669
53063001400,0.03858
53063001500,0.115794
53063001600,0.011029
53063001800,0.20692
53063001900,0.023362
53063002000,0.093401
53063002100,0.148635
53063002300,0.018427
53063002400,0.027797
53063002501,0.041316
53063002502,0.024516
53063002503,0.054555
53063002600,0.02278
53063002900,0.0098
53063003000,0.015521
53063003100,0.018689
53063003200,0.014941
53063003500,0.048606
53063003601,0.022147
53063003602,0.018527
53063003800,0.022246
53063003900,0.033817
53063004001,0.028822
53063004002,0.018767
53063004100,0.016394
53063004200,0.013851
53063004300,0.012614
53063004400,0.02376
53063004500,0.018147
53063004601,0.048969
53063004602,0.013828
53063004701,0.017681
53063004702,0.024581
53063004800,0.011376
53063004900,0.053792
53063005000,0.019992
53063010101,0.179113
53063010102,0.28294
53063010201,0.063297
53063010203,0.027878
53063010204,0.056419
53063010301,0.0229
53063010303,0.028631
53063010304,0.079288
53063010305,0.175074
53063010401,0.081566
53063010403,0.069595
53063010404,0.015006
53063010504,0.189733
53063010505,0.143399
53063010506,0.016575
53063010507,0.073111
53063010508,0.053509
53063010601,0.128119
53063010603,0.036734
53063010604,0.014425
53063010701,0.048614
53063010702,0.010426
53063010800,0.061377
53063010901,0.066085
53063010902,0.014793
53063011000,0.053723
53063011102,0.030265
53063011103,0.029565
53063011104,0.030243
53063011202,0.029149
53063011203,0.021272
53063011204,0.039391
53063011301,0.013356
53063011302,0.0352
53063011400,0.015859
53063011500,0.277633
53063011600,0.178811
53063011701,0.090073
53063011702,0.041427
53063011800,0.097091
53063011900,0.113478
53063012000,0.040683
53063012100,0.042746
53063012200,0.049551
53063012300,0.088921
53063012401,0.043648
53063012402,0.080676
53063012500,0.112986
53063012600,0.207568
53063012701,0.237884
53063012702,0.253513
53063012801,0.115201
53063012802,0.010653
53063012901,0.024849
53063012902,0.016662
53063013001,0.012269
53063013002,0.034745
53063013003,0.011349
53063013101,0.017078
53063013102,0.099983
53063013201,0.049239
53063013300,0.101254
53063013401,0.029194
53063013501,0.034651
53063013502,0.045527
53063013503,0.033307
53063013600,0.030809
53063013700,0.022236
53063013800,0.299885
53063013900,0.101032
53063014001,0.08614
53063014002,0.110795
53063014100,0.082495
53063014200,0.075816
53063014300,0.03551
53063014400,0.018165
53063014500,0.070611
53065941000,0.126629
53065950101,0.155028
53065950102,0.110486
53065950200,0.031176
53065950300,0.117523
53065950500,0.100735
53065950600,0.130409
53065950700,0.181302
53065950800,0.119545
53065950900,0.057011
53065951100,0.064737
53065951301,0.056325
53065951302,0.267428
53065951401,0.047408
53065951402,0.040565
53071920000,0.0914
53071920100,0.060503
53071920200,0.0168
53071920302,0.013727
53071920400,0.085854
53071920500,0.031276
53071920600,0.032866
53071920701,0.032383
53071920702,0.014035
53071920801,0.016577
53071920802,0.064339
53071920901,0.014041
53073010103,0.15872
53075000100,0.161676
53075000201,0.15481
53075000202,0.190462
53075000300,0.108543
53075000400,0.261292
53075000500,0.171656
53075000601,0.102754
53075000602,0.156969
53075000700,0.0787
53075000800,0.065071
53075000900,0.054338
53075001000,0.135457
53077000100,0.024449
53077000200,0.012651
53077000301,0.073866
53077000302,0.03866
53077000401,0.013801
53077000402,0.031667
53077000500,0.020947
53077000600,0.012281
53077000700,0.027775
53077000800,0.01541
53077000902,0.015973
53077000903,0.015771
53077000904,0.011897
53077001000,0.01374
53077001100,0.01734
53077001201,0.012255
53077001202,0.042893
53077001300,0.072194
53077001400,0.018115
53077001502,0.024712
53077001503,0.01758
53077001504,0.028974
53077001601,0.029856
53077001602,0.050251
53077001701,0.091316
53077001702,0.015601
53077001801,0.072506
53077001802,0.126486
53077001901,0.084557
53077001902,0.023323
53077002003,0.014924
53077002004,0.075212
53077002005,0.033425
53077002006,0.034118
53077002101,0.092096
53077002103,0.020271
53077002104,0.013744
53077002201,0.019279
53077002202,0.038818
53077002701,0.022718
53077002801,0.020513
53077002803,0.018353
53077002804,0.014534
53077002900,0.021207
53077003002,0.021719
53077003003,0.071403
53077003004,0.085444
53077003100,0.067328
53077003200,0.023769
53077003400,0.022667
53077940001,0.016422
53077940002,0.028037
53077940003,0.097993
53077940005,0.063653
53077940006,0.011807
53077940007,0.015176
53077940008,0.0282
