GEOID,coverage_gap_score
40001376600,0.090733
40001376700,0.083768
40001376800,0.15154
40001376900,0.194772
40001377000,0.15625
40003955600,0.152586
40003955700,0.15547
40003956000,0.150722
40005587600,0.09956
40005587700,0.168811
40005587800,0.198185
40005587900,0.034106
40009966100,0.174667
40009966200,0.203952
40009966800,0.138657
40011958600,0.21792
40011958700,0.227192
40011958800,0.144936
40011958900,0.188275
40011959000,0.19865
40013795600,0.140126
40013795700,0.089668
40013795900,0.052852
40013796002,0.107376
40013796003,0.138327
40013796004,0.310621
40013796101,0.141
40013796102,0.136776
40013796200,0.145658
40013796300,0.122157
40013796400,0.109575
40013796500,0.107609
40013796600,0.12181
40015161601,0.162329
40015161602,0.183552
40015161700,0.119295
40015161800,0.102804
40015161900,0.062202
40015162000,0.227227
40015162101,0.237605
40015162102,0.22618
40015162200,0.116616
40015162300,0.134023
40017300100,0.240938
40017300201,0.145833
40017300202,0.186839
40017300300,0.290894
40017300400,0.393409
40017300500,0.283067
40017300600,0.219102
40017300701,0.179191
40017300702,0.149106
40017300802,0.31395
40017300803,0.196674
40017300804,0.301122
40017300805,0.190224
40017300806,0.17
40017300901,0.189227
40017300902,0.21523
40017300904,0.119675
40017300905,0.097622
40017301001,0.117465
40017301003,0.233326
40017301006,0.073782
40017301010,0.249377
40017301011,0.154243
40017301012,0.063025
40017301013,0.04789
40017301014,0.102073
40017301015,0.091297
40017301100,0.118274
40017301201,0.282729
40017301202,0.270141
40017301301,0.158014
40017301302,0.210484
40017301406,0.122308
40017301407,0.206642
40017301408,0.15206
40017301409,0.297807
40017301410,0.269609
40019892100,0.122851
40019892200,0.20706
40019892301,0.173748
40019892302,0.192718
40019892400,0.117928
40019892501,0.226521
40019892502,0.122896
40019892601,0.272392
40019892602,0.150801
40019892700,0.179101
40019892801,0.026782
40019892802,0.181085
40019892900,0.059114
40019893001,0.1805
40019893002,0.087397
40019893100,0.073907
40021977600,0.214956
40021977701,0.213574
40021977702,0.223388
40021977801,0.15833
40021977802,0.123365
40021977901,0.287523
40021977902,0.103654
40021978000,0.081893
40021978100,0.190752
40021978201,0.153885
40021978202,0.154493
40021978301,0.196786
40021978302,0.269823
40023966900,0.119724
40023967000,0.111232
40023967100,0.137666
40023967200,0.174974
40023967300,0.145722
40027200100,0.037601
40027200200,0.108388
40027200300,0.023557
40027200400,0.023503
40027200500,0.031115
40027200602,0.081977
40027200603,0.029156
40027200604,0.226109
40027200700,0.240711
40027200800,0.132342
40027200900,0.030722
40027201000,0.046064
40027201102,0.029735
40027201103,0.064198
40027201104,0.143547
40027201201,0.018746
40027201202,0.037739
40027201204,0.018292
40027201205,0.074881
40027201302,0.151685
40027201303,0.057862
40027201403,0.121544
40027201404,0.104309
40027201405,0.060512
40027201505,0.113293
40027201508,0.035606
40027201509,0.040321
40027201511,0.015338
40027201512,0.065433
40027201513,0.154501
40027201514,0.032257
40027201602,0.239754
40027201603,0.143424
40027201604,0.145779
40027201607,0.026119
40027201609,0.045533
40027201610,0.144036
40027201611,0.036965
40027201612,0.127857
40027201700,0.171223
40027201801,0.023761
40027201802,0.025329
40027201902,0.020677
40027201903,0.091693
40027201904,0.072189
40027202002,0.023035
40027202004,0.060864
40027202005,0.028281
40027202006,0.046815
40027202007,0.219353
40027202008,0.016823
40027202102,0.121064
40027202104,0.099626
40027202105,0.203638
40027202106,0.115075
40027202107,0.259697
40027202201,0.201568
40027202203,0.180929
40027202205,0.01806
40027202207,0.140321
40027202208,0.132312
40027202301,0.274113
40027202302,0.04066
40027202403,0.161464
40027202404,0.170975
40027202405,0.077158
40027202406,0.076068
40027202407,0.280263
40027202501,0.162538
40027202502,0.152749
40027202600,0.10323
40029388100,0.120865
40029388200,0.105903
40031000100,0.101844
40031000200,0.102683
40031000300,0.039295
40031000402,0.068096
40031000403,0.015658
40031000404,0.022961
40031000405,0.058154
40031000503,0.01417
40031000504,0.029812
40031000505,0.024787
40031000506,0.05388
40031000600,0.029289
40031000700,0.016094
40031000800,0.024852
40031000900,0.018017
40031001000,0.020471
40031001100,0.01725
40031001400,0.029781
40031001500,0.021632
40031001600,0.020393
40031001700,0.021552
40031001901,0.12363
40031001902,0.170375
40031002001,0.031146
40031002003,0.212461
40031002004,0.155986
40031002005,0.054333
40031002101,0.158814
40031002102,0.143967
40031002201,0.166898
40031002202,0.180832
40031002301,0.115897
40031002302,0.057949
40031002401,0.256964
40031002403,0.205516
40031002405,0.120309
40031002406,0.048595
40031002500,0.056024
40033871100,0.118229
40033871200,0.223517
40035373100,0.113237
40035373200,0.143078
40035373300,0.160997
40035373400,0.18851
40035373500,0.146585
40037020101,0.253486
40037020102,0.207523
40037020103,0.148986
40037020602,0.156603
40037020603,0.19614
40037020604,0.12251
40037020702,0.169935
40037020704,0.18683
40037020705,0.314909
40037020706,0.180932
40037020707,0.216793
40037020800,0.120569
40037020900,0.229568
40037021000,0.149075
40037021101,0.163988
40037021102,0.135549
40037021201,0.154568
40037021202,0.20712
40037021300,0.263005
40037021401,0.190539
40037021402,0.220107
40037021500,0.129587
40037021600,0.380039
40039950800,0.185157
40039960401,0.199143
40039960402,0.159789
40039960600,0.153301
40039960701,0.131015
40039960702,0.28952
40039961000,0.09573
40041375601,0.220941
40041375602,0.372494
40041375701,0.222888
40041375702,0.180734
40041375803,0.1139
40041375804,0.295037
40041375805,0.410745
40041375806,0.18644
40041375901,0.27679
40041375902,0.150856
40041376000,0.211596
40041376100,0.200669
40041976200,0.207113
40043959100,0.167875
40043959200,0.186579
40043959300,0.153606
40045952600,0.148001
40045952800,0.202612
40047000101,0.073708
40047000102,0.126834
40047000200,0.284528
40047000601,0.234781
40047000602,0.300299
40047000701,0.022134
40047000702,0.121163
40047001100,0.2026
40047001200,0.115939
40047001301,0.180815
40047001302,0.186252
40047001401,0.251784
40047001402,0.290416
40047001500,0.252906
40047001602,0.127726
40047001603,0.205177
40047001604,0.234521
40049681100,0.165827
40049681200,0.130576
40049681300,0.135918
40049681400,0.148693
40049681500,0.132001
40049681600,0.069073
40049681700,0.112696
40049681800,0.140779
40049681900,0.159444
40051000100,0.238902
40051000400,0.12889
40051000501,0.023846
40051000502,0.1487
40051000600,0.189006
40051000701,0.071757
40051000702,0.125714
40051000801,0.183698
40051000802,0.183864
40051000901,0.159583
40051000902,0.182863
40051000904,0.329699
40051000905,0.161351
40051000906,0.134805
40051001000,0.246784
40053956400,0.281749
40053956500,0.124832
40055967100,0.205668
40055967200,0.158192
40059952100,0.093577
40059952200,0.130383
40061279100,0.081007
40061279200,0.195949
40061279300,0.102996
40061279400,0.119867
40063484600,0.07969
40063484700,0.15422
40063484800,0.16085
40063484900,0.14189
40063485000,0.205276
40065968100,0.095487
40065968200,0.19939
40065968300,0.180416
40065968400,0.184598
40065968500,0.101377
40065968600,0.207288
40065968700,0.305567
40065968800,0.312928
40067371600,0.085836
40067371700,0.126357
40067371800,0.113466
40069660198,0.123391
40069660201,0.195616
40069660202,0.321535
40069660300,0.195233
40071000100,0.030663
40071000201,0.108746
40071000202,0.075928
40071000300,0.05648
40071000400,0.198092
40071000500,0.081777
40071000600,0.142152
40071001100,0.213295
40071001200,0.192597
40071001301,0.302683
40071001302,0.181708
40073958100,0.140268
40073958200,0.121702
40073958300,0.181544
40073958400,0.148142
40075963600,0.094028
40075963700,0.104714
40075964200,0.100381
40077087100,0.099475
40077087200,0.182334
40077087300,0.177409
40079040102,0.171194
40079040198,0.178463
40079040299,0.118079
40079040301,0.129748
40079040302,0.072022
40079040303,0.139476
40079040401,0.167687
40079040402,0.20802
40079040500,0.160004
40079040601,0.181538
40079040602,0.189238
40079040700,0.14355
40081961100,0.165313
40081961200,0.112069
40081961300,0.129013
40081961401,0.150434
40081961402,0.074838
40081961500,0.248582
40081961600,0.154005
40081961700,0.162342
40083600101,0.146677
40083600200,0.214526
40083600300,0.191114
40083600401,0.198053
40083600402,0.040893
40083600501,0.16729
40083600502,0.258678
40083600600,0.188802
40083600700,0.215971
40083600801,0.115342
40083600802,0.159874
40083600903,0.142295
40083601000,0.202115
40085094100,0.220492
40085094200,0.161749
40085094300,0.208301
40087400103,0.144108
40087400104,0.168211
40087400105,0.178509
40087400106,0.202853
40087400201,0.104494
40087400203,0.107998
40087400204,0.176951
40087400300,0.189176
40087400400,0.127604
40089098200,0.081644
40089098300,0.142915
40089098400,0.096236
40089098501,0.179208
40089098502,0.147645
40089098600,0.141564
40089098700,0.099453
40089098800,0.170449
40089098900,0.153293
40091779601,0.199697
40091779602,0.226128
40091779700,0.122388
40091779900,0.191876
40091780100,0.212036
40091780200,0.138733
40091780301,0.091238
40091780302,0.148275
40093955100,0.198736
40093955200,0.103837
40093955300,0.184087
40095094698,0.155126
40095094700,0.18027
40095094803,0.145654
40095094804,0.430828
40095094805,0.236266
40095094806,0.323891
40097040100,0.19042
40097040200,0.156912
40097040300,0.100158
40097040400,0.126718
40097040501,0.169991
40097040502,0.185063
40097040600,0.162367
40097040700,0.139037
40097040801,0.171019
40097040802,0.10042
40099790600,0.073947
40099790701,0.103783
40099790702,0.1158
40099790801,0.218216
40099790802,0.173235
40101000100,0.205302
40101000200,0.209637
40101000300,0.204927
40101000400,0.207356
40101000600,0.135985
40101000700,0.164858
40101000801,0.019982
40101000802,0.133248
40101000901,0.134215
40101000902,0.027433
40101001000,0.185675
40101001100,0.083269
40101001200,0.258988
40101001301,0.149231
40101001302,0.21978
40101001401,0.214633
40101001402,0.11318
40101001501,0.167246
40101001502,0.067596
40101001600,0.206573
40103956600,0.138171
40103956900,0.227763
40103957000,0.219572
40103957100,0.210156
40105172100,0.080581
40105172200,0.095804
40105172300,0.097449
40105172400,0.107055
40107080600,0.120785
40107080700,0.097999
40107080900,0.155207
40107081000,0.134198
40109100100,0.01833
40109100201,0.016742
40109100202,0.195365
40109100203,0.022351
40109100300,0.090258
40109100400,0.017196
40109100500,0.132201
40109100800,0.088381
40109100900,0.030262
40109101000,0.068376
40109101100,0.233438
40109101200,0.173378
40109101300,0.087927
40109101400,0.025016
40109101500,0.044442
40109101800,0.258004
40109101900,0.052014
40109102000,0.053391
40109102100,0.055908
40109102200,0.0512
40109102300,0.022645
40109102400,0.029668
40109102500,0.15048
40109103200,0.112903
40109103300,0.020713
40109103900,0.018311
40109104100,0.016448
40109104200,0.101782
40109104300,0.062083
40109104400,0.024555
40109104500,0.019355
40109104600,0.015086
40109104700,0.036448
40109104800,0.154647
40109104900,0.028114
40109105000,0.024877
40109105101,0.056246
40109105201,0.020574
40109105202,0.031445
40109105300,0.166765
40109105400,0.058575
40109105500,0.024619
40109105600,0.053854
40109105903,0.165633
40109105904,0.089881
40109105905,0.047907
40109105906,0.023445
40109105907,0.047236
40109106000,0.072656
40109106100,0.092889
40109106200,0.093886
40109106301,0.02403
40109106302,0.042813
40109106303,0.020177
40109106401,0.060691
40109106402,0.065761
40109106403,0.021128
40109106501,0.024658
40109106502,0.10235
40109106503,0.041292
40109106601,0.143623
40109106602,0.163562
40109106606,0.058996
40109106607,0.029895
40109106608,0.09729
40109106609,0.129733
40109106610,0.01992
40109106611,0.054826
40109106702,0.020633
40109106704,0.161119
40109106705,0.160231
40109106706,0.027025
40109106708,0.025585
40109106709,0.028289
40109106710,0.031598
40109106801,0.194376
40109106802,0.192367
40109106803,0.188505
40109106804,0.077552
40109106902,0.046845
40109106903,0.132659
40109106906,0.050621
40109106907,0.014914
40109106909,0.042418
40109106910,0.01597
40109106911,0.014983
40109106912,0.020065
40109106913,0.078045
40109106914,0.027219
40109106916,0.042878
40109106917,0.02497
40109107001,0.071026
40109107002,0.125807
40109107101,0.21398
40109107103,0.03739
40109107104,0.14015
40109107206,0.065083
40109107207,0.047191
40109107212,0.134113
40109107213,0.106367
40109107214,0.137139
40109107215,0.035671
40109107216,0.016504
40109107217,0.018182
40109107218,0.017538
40109107219,0.017403
40109107220,0.02659
40109107221,0.03834
40109107222,0.030125
40109107223,0.026805
40109107224,0.051815
40109107225,0.015824
40109107226,0.021476
40109107302,0.07233
40109107303,0.038548
40109107305,0.015183
40109107306,0.02795
40109107401,0.067543
40109107404,0.043889
40109107405,0.086913
40109107406,0.06716
40109107407,0.133542
40109107601,0.087522
40109107604,0.021144
40109107605,0.014231
40109107608,0.016174
40109107703,0.020881
40109107704,0.024112
40109107705,0.0248
40109107706,0.017939
40109107707,0.02169
40109107801,0.020595
40109107804,0.033661
40109107805,0.145278
40109107806,0.050017
40109107807,0.015731
40109107808,0.032244
40109107809,0.016882
40109107810,0.019503
40109107900,0.244991
40109108003,0.031748
40109108005,0.10076
40109108006,0.017813
40109108007,0.021987
40109108008,0.037089
40109108009,0.042078
40109108010,0.038396
40109108011,0.039945
40109108101,0.314481
40109108106,0.192553
40109108107,0.182984
40109108109,0.166824
40109108110,0.181762
40109108113,0.17642
40109108114,0.185498
40109108201,0.120028
40109108203,0.016219
40109108204,0.060897
40109108207,0.119171
40109108208,0.021543
40109108215,0.058442
40109108216,0.039841
40109108217,0.022315
40109108222,0.025858
40109108223,0.031385
40109108224,0.03719
40109108225,0.04423
40109108226,0.028969
40109108227,0.013977
40109108228,0.041048
40109108229,0.028326
40109108230,0.018583
40109108231,0.016288
40109108232,0.020409
40109108233,0.023878
40109108234,0.024997
40109108235,0.022873
40109108236,0.031187
40109108237,0.050633
40109108238,0.045855
40109108301,0.025876
40109108302,0.059145
40109108304,0.10625
40109108307,0.019223
40109108309,0.029528
40109108310,0.015521
40109108314,0.034097
40109108317,0.021351
40109108318,0.025105
40109108319,0.072942
40109108320,0.018774
40109108321,0.045679
40109108322,0.039131
40109108323,0.052262
40109108324,0.01858
40109108325,0.030596
40109108326,0.032215
40109108402,0.04608
40109108403,0.029758
40109108404,0.015505
40109108506,0.110703
40109108507,0.148402
40109108508,0.188673
40109108513,0.039124
40109108514,0.107694
40109108515,0.062914
40109108520,0.069465
40109108521,0.209284
40109108523,0.05028
40109108524,0.02488
40109108525,0.027578
40109108526,0.083445
40109108527,0.055509
40109108528,0.015253
40109108529,0.015633
40109108530,0.027395
40109108531,0.049709
40109108532,0.226083
40109108533,0.243668
40109108534,0.060115
40109108535,0.025616
40109108536,0.026217
40109108537,0.025119
40109108538,0.077633
40109108603,0.142191
40109108604,0.050031
40109108701,0.188485
40109108706,0.046443
40109108707,0.024866
40109108708,0.153973
40109108709,0.172516
40109108710,0.042961
40109108711,0.030951
40109108712,0.196404
40109108713,0.243743
40109108802,0.202425
40109108803,0.03825
40109108804,0.059978
40109108805,0.163745
40109108806,0.018131
40109108807,0.026416
40109108900,0.372941
40109109001,0.190058
40109109003,0.148392
40109109004,0.145937
40109109202,0.237643
40109109203,0.274326
40109109204,0.249325
40109109205,0.176368
40109109300,0.157531
40109109400,0.026345
40109109500,0.040358
40109109600,0.03098
40109109700,0.045096
40109109800,0.093759
40109109900,0.029384
40109110000,0.024441
40109980001,0.049042
40109980002,0.19305
40109980003,0.04997
40109980004,0.056143
40109980005,0.027768
40109980006,0.055596
40109980007,0.158053
40109980008,0.037692
40109980009,0.339809
40111000100,0.155831
40111000200,0.178701
40111000300,0.197617
40111000400,0.162348
40111000500,0.229436
40111000601,0.144541
40111000602,0.115905
40111000700,0.080598
40111000800,0.159731
40111000901,0.215755
40111000902,0.214395
40113940001,0.159192
40113940003,0.220245
40113940004,0.163286
40113940005,0.146848
40113940006,0.016896
40113940007,0.240494
40113940008,0.165727
40113940009,0.238869
40113940011,0.208148
40113940012,0.191489
40113940013,0.283053
40113940014,0.390139
40113940015,0.171477
40115574100,0.167455
40115574200,0.279495
40115574300,0.207797
40115574400,0.262685
40115574500,0.309813
40115574600,0.193177
40115574700,0.211172
40115574800,0.149744
40115574900,0.186966
40117957100,0.188153
40117957200,0.177319
40117957300,0.163922
40117957400,0.200554
40117957500,0.167862
40119010101,0.122077
40119010102,0.079109
40119010201,0.03511
40119010202,0.060687
40119010300,0.098374
40119010400,0.145965
40119010501,0.160803
40119010502,0.061811
40119010503,0.120404
40119010600,0.189442
40119010700,0.074093
40119010800,0.227725
40119010901,0.100551
40119010902,0.21088
40119011001,0.169544
40119011002,0.192109
40119011101,0.239214
40119011103,0.237016
40119011104,0.222129
40119011200,0.206885
40119011301,0.153267
40119011302,0.039078
40119011400,0.184171
40121485601,0.347575
40121485602,0.292139
40121485700,0.171197
40121485800,0.144261
40121485900,0.240348
40121486000,0.189254
40121486100,0.095474
40121486200,0.213617
40121486300,0.249027
40121486400,0.165002
40121486500,0.12301
40121486600,0.183366
40121486700,0.132056
40121486800,0.189985
40123088600,0.196095
40123088700,0.157073
40123088801,0.247193
40123088802,0.110338
40123088900,0.218837
40123089000,0.220504
40123089100,0.079715
40123089200,0.057124
40123089300,0.12359
40123089598,0.170455
40123089600,0.211256
40125500200,0.151346
40125500301,0.204411
40125500302,0.285048
40125500400,0.35397
40125500500,0.235455
40125500600,0.339641
40125500700,0.208951
40125500800,0.251704
40125500901,0.159429
40125500902,0.20517
40125501003,0.103271
40125501004,0.193793
40125501005,0.170458
40125501006,0.241748
40125501101,0.131412
40125501103,0.135432
40125501104,0.271815
40125501105,0.260356
40125501201,0.216253
40125501300,0.182735
40127097600,0.153703
40127097701,0.141656
40127097702,0.149081
40127097800,0.123166
40129960000,0.094204
40131050101,0.204881
40131050103,0.327884
40131050104,0.242334
40131050105,0.16413
40131050201,0.249436
40131050202,0.192206
40131050203,0.202774
40131050301,0.184395
40131050302,0.250869
40131050303,0.242857
40131050304,0.194778
40131050403,0.260698
40131050404,0.219247
40131050405,0.198214
40131050406,0.129009
40131050407,0.157078
40131050408,0.228497
40131050409,0.21687
40131050501,0.155462
40131050502,0.16029
40131050601,0.202366
40131050602,0.243977
40131050603,0.269908
40131050604,0.156442
40131050701,0.226092
40131050702,0.202343
40131050801,0.138863
40131050802,0.090984
40133583100,0.140084
40133583200,0.237388
40133583300,0.267665
40133583400,0.179601
40133583500,0.057889
40133583600,0.159847
40133583700,0.167272
40133583800,0.171748
40133583900,0.157562
40135030101,0.101981
40135030103,0.229387
40135030105,0.156075
40135030106,0.220095
40135030201,0.163522
40135030202,0.147722
40135030301,0.17722
40135030303,0.334559
40135030304,0.161138
40135030401,0.200171
40135030403,0.187234
40135030404,0.189115
40137000101,0.044927
40137000102,0.085523
40137000200,0.181057
40137000300,0.176697
40137000400,0.276127
40137000600,0.080128
40137000800,0.149737
40137000901,0.156675
40137000902,0.159451
40137001000,0.069255
40137001100,0.162196
40141070100,0.189338
40141070200,0.135426
40141070300,0.112572
40141070400,0.313189
40141070500,0.133807
40143000200,0.12819
40143000300,0.02258
40143000400,0.016501
40143000500,0.103166
40143000800,0.015223
40143000900,0.014669
40143001000,0.068891
40143001200,0.075673
40143001300,0.041325
40143001400,0.076015
40143001500,0.030199
40143001600,0.121556
40143001700,0.167899
40143001800,0.168897
40143001900,0.205212
40143002000,0.154444
40143002100,0.088432
40143002301,0.134867
40143002500,0.06914
40143002700,0.106425
40143002900,0.162102
40143003000,0.192314
40143003100,0.064166
40143003200,0.04187
40143003300,0.027885
40143003400,0.172201
40143003500,0.15502
40143003600,0.114109
40143003700,0.031882
40143003800,0.044362
40143003900,0.088461
40143004000,0.03393
40143004101,0.034427
40143004200,0.087848
40143004301,0.027813
40143004302,0.023053
40143004400,0.06431
40143004500,0.035627
40143004600,0.102916
40143004700,0.142369
40143004800,0.104725
40143004900,0.159377
40143005001,0.039021
40143005002,0.116105
40143005100,0.056493
40143005200,0.049412
40143005300,0.015675
40143005401,0.095269
40143005403,0.152038
40143005404,0.140139
40143005500,0.190702
40143005600,0.208657
40143005700,0.204388
40143005801,0.039087
40143005805,0.045962
40143005808,0.056237
40143005809,0.029864
40143005810,0.148617
40143005811,0.11458
40143005812,0.015545
40143005813,0.024113
40143005900,0.106813
40143006000,0.091703
40143006200,0.016263
40143006506,0.172818
40143006507,0.209727
40143006600,0.161471
40143006701,0.125172
40143006703,0.037778
40143006708,0.061265
40143006709,0.090947
40143006710,0.077667
40143006711,0.034199
40143006712,0.106228
40143006713,0.090055
40143006801,0.030463
40143006803,0.096249
40143006804,0.10119
40143006901,0.028243
40143006902,0.021955
40143006903,0.027228
40143006905,0.022872
40143006906,0.084664
40143006907,0.031777
40143007000,0.060522
40143007101,0.026061
40143007102,0.038636
40143007200,0.169295
40143007304,0.07471
40143007306,0.038354
40143007308,0.180157
40143007309,0.156764
40143007310,0.063954
40143007311,0.042894
40143007312,0.052879
40143007313,0.090965
40143007314,0.073124
40143007402,0.020807
40143007408,0.037909
40143007409,0.017894
40143007410,0.052771
40143007411,0.041897
40143007412,0.019008
40143007413,0.019978
40143007414,0.03731
40143007415,0.094078
40143007416,0.02464
40143007417,0.125781
40143007503,0.020482
40143007507,0.018772
40143007510,0.032602
40143007511,0.017405
40143007512,0.027362
40143007518,0.017382
40143007519,0.015266
40143007520,0.01715
40143007522,0.04919
40143007523,0.048276
40143007525,0.027786
40143007526,0.046211
40143007527,0.033743
40143007528,0.072128
40143007529,0.021889
40143007530,0.07094
40143007531,0.058553
40143007532,0.019753
40143007533,0.039656
40143007534,0.035959
40143007535,0.101179
40143007536,0.016603
40143007608,0.037611
40143007611,0.048281
40143007612,0.014887
40143007613,0.034206
40143007614,0.063893
40143007615,0.018436
40143007616,0.043681
40143007617,0.023296
40143007619,0.017845
40143007629,0.091989
40143007630,0.135936
40143007631,0.01956
40143007632,0.033358
40143007633,0.056532
40143007634,0.037501
40143007636,0.11643
40143007638,0.049741
40143007639,0.031338
40143007641,0.034881
40143007642,0.0446
40143007643,0.040877
40143007644,0.018667
40143007645,0.019636
40143007646,0.230972
40143007647,0.039269
40143007648,0.06026
40143007649,0.046775
40143007650,0.151518
40143007651,0.247295
40143007652,0.154545
40143007653,0.040313
40143007654,0.027768
40143007655,0.16556
40143007656,0.083559
40143007703,0.155338
40143007704,0.151004
40143007705,0.137141
40143007706,0.021003
40143007707,0.152442
40143007801,0.193729
40143007803,0.180788
40143007804,0.319156
40143007900,0.115275
40143008001,0.233159
40143008002,0.02759
40143008200,0.062216
40143008300,0.16857
40143008400,0.016457
40143008501,0.042007
40143008502,0.067507
40143008600,0.035318
40143008700,0.039963
40143008800,0.055509
40143008900,0.104127
40143009006,0.019891
40143009008,0.072731
40143009010,0.01564
40143009011,0.086248
40143009012,0.037033
40143009013,0.034539
40143009014,0.02594
40143009015,0.04637
40143009016,0.030734
40143009017,0.018402
40143009018,0.024633
40143009019,0.035794
40143009020,0.014752
40143009021,0.043571
40143009101,0.289863
40143009104,0.222815
40143009200,0.148457
40143009300,0.201004
40143009401,0.157095
40143009403,0.087171
40143009404,0.154212
40143009500,0.170244
40143011300,0.03079
40143011400,0.017127
40145030101,0.132514
40145030102,0.149021
40145030201,0.306209
40145030202,0.107357
40145030300,0.125399
40145030402,0.081433
40145030403,0.244306
40145030406,0.032274
40145030407,0.036148
40145030408,0.161587
40145030502,0.075006
40145030505,0.035848
40145030506,0.099116
40145030507,0.015565
40145030508,0.157651
40145030509,0.025226
40145030510,0.150792
40145030511,0.10654
40145030512,0.16402
40145030601,0.035067
40145030603,0.152871
40145030604,0.233039
40145030605,0.089083
40145030798,0.132776
40145030800,0.152531
40147000100,0.044817
40147000200,0.151591
40147000300,0.07179
40147000400,0.170572
40147000500,0.020149
40147000601,0.263051
40147000602,0.275594
40147000700,0.190961
40147000800,0.212357
40147000900,0.02488
40147001000,0.110134
40147001100,0.128985
40147001200,0.151548
40147001300,0.122535
40149964900,0.1874
40149965000,0.199692
40149965100,0.171262
40149965400,0.138506
40151954201,0.122212
40151954202,0.153267
40151954300,0.269355
40151954400,0.168404
40153953100,0.083976
40153953200,0.206759
40153953300,0.159207
40153953400,0.178407
40153953500,0.299454
04001944902,0.028684
04001945100,0.072431
04001970201,0.143317
04001970202,0.060292
04001970300,0.161104
04001970501,0.117123
04001970502,0.142697
04003000101,0.062156
04003000102,0.130096
04003000201,0.056127
04003000202,0.072914
04003000203,0.099226
04003000301,0.096054
04003000303,0.101252
04003000304,0.104908
04003000305,0.235627
04003000400,0.053317
04003000501,0.074505
04003000502,0.089716
04003000503,0.211437
04003000600,0.071366
04003000700,0.218057
04003000800,0.055794
04003000901,0.024395
04003000902,0.149844
04003001000,0.119754
04003001100,0.092894
04003001200,0.072953
04003001301,0.043893
04003001302,0.065952
04003001401,0.028837
04003001402,0.037825
04003001501,0.028709
04003001502,0.028649
04003001601,0.022243
04003001602,0.036725
04003001701,0.097217
04003001702,0.021823
04003001703,0.195464
04003001801,0.021863
04003001802,0.014708
04003001900,0.142094
04003002001,0.07985
04003002002,0.022899
04003002100,0.027893
04005000200,0.030467
04005000601,0.029282
04005000602,0.081734
04005000700,0.174511
04005000800,0.037237
04005000901,0.049337
04005000902,0.015477
04005001000,0.038983
04005001101,0.023642
04005001103,0.133075
04005001104,0.136646
04005001201,0.136472
04005001302,0.108078
04005001500,0.132458
04005001601,0.116962
04005001602,0.12575
04005001700,0.126214
04005002201,0.138878
04005002202,0.050377
04005002302,0.105278
04005945100,0.03857
04005980100,0.369272
04005980200,0.062726
04007000100,0.125939
04007000200,0.152234
04007000301,0.142116
04007000302,0.131046
04007000400,0.122173
04007000500,0.160766
04007000600,0.244247
04007000700,0.156943
04007000800,0.254535
04007000900,0.084876
04007001000,0.126913
04007001100,0.100469
04007001200,0.160715
04007001300,0.097201
04007940200,0.07675
04007940400,0.036347
04009940500,0.05595
04009961100,0.203642
04009961201,0.057808
04009961202,0.252996
04009961300,0.087838
04009961400,0.197217
04009961500,0.09873
04009961600,0.158665
04009961700,0.169158
04011960100,0.081423
04011960200,0.090316
04011960300,0.080498
04012020101,0.075559
04012020102,0.070747
04013010102,0.123238
04013010103,0.190909
04013010104,0.047252
04013030401,0.105477
04013030402,0.027583
04013040502,0.059315
04013040506,0.027935
04013040507,0.042746
04013040512,0.050952
04013040513,0.140795
04013040514,0.026111
04013040515,0.056059
04013040516,0.018091
04013040522,0.056696
04013040523,0.05983
04013040524,0.061464
04013040525,0.05872
04013040526,0.027381
04013040527,0.116024
04013040528,0.053859
04013040529,0.139361
04013040530,0.017112
04013040531,0.069293
04013040532,0.027483
04013040533,0.016787
04013040534,0.021066
04013040535,0.02693
04013040536,0.01466
04013040537,0.041043
04013040538,0.024787
04013040539,0.045655
04013040540,0.078056
04013040541,0.054716
04013050603,0.216287
04013050604,0.222133
04013050609,0.054576
04013050611,0.014718
04013050612,0.014056
04013050613,0.117887
04013050614,0.024298
04013050615,0.014697
04013050616,0.020182
04013050617,0.030889
04013050618,0.015077
04013050619,0.01955
04013050620,0.017527
04013050621,0.034244
04013050701,0.075952
04013050702,0.061738
04013060801,0.062752
04013060802,0.022113
04013060901,0.018234
04013060902,0.0354
04013060903,0.126337
04013060904,0.24137
04013061010,0.104271
04013061011,0.038928
04013061013,0.021133
04013061014,0.026278
04013061015,0.021668
04013061017,0.027783
04013061018,0.017886
04013061020,0.016468
04013061021,0.017236
04013061024,0.051447
04013061026,0.014161
04013061027,0.020415
04013061028,0.024013
04013061029,0.013915
04013061031,0.016332
04013061032,0.014132
04013061033,0.014506
04013061034,0.021583
04013061035,0.04548
04013061036,0.013159
04013061037,0.015389
04013061038,0.015153
04013061039,0.030628
04013061040,0.024838
04013061041,0.013082
04013061042,0.023137
04013061043,0.014699
04013061044,0.014901
04013061045,0.019102
04013061046,0.045976
04013061047,0.021319
04013061048,0.016908
04013061049,0.013218
04013061050,0.03474
04013061051,0.015677
04013061052,0.014524
04013061053,0.015175
04013061054,0.056236
04013061055,0.013642
04013061056,0.013691
04013061057,0.013483
04013061058,0.015285
04013061059,0.017451
04013061060,0.017155
04013061061,0.013002
04013061062,0.015548
04013061063,0.030524
04013061064,0.015073
04013061100,0.201454
04013061200,0.017021
04013061300,0.052733
04013061401,0.070786
04013061402,0.16177
04013071503,0.048637
04013071504,0.023222
04013071505,0.03585
04013071506,0.038507
04013071509,0.019811
04013071510,0.0217
04013071511,0.057726
04013071512,0.016562
04013071513,0.038384
04013071514,0.01929
04013071515,0.043744
04013071516,0.025534
04013071517,0.016813
04013071600,0.188104
04013071701,0.02657
04013071702,0.024848
04013071801,0.018092
04013071802,0.03803
04013071903,0.018143
04013071906,0.040684
04013071909,0.020667
04013071910,0.014299
04013071911,0.019804
04013071912,0.028463
04013071913,0.01675
04013071914,0.016249
04013071915,0.036417
04013082002,0.014389
04013082007,0.017385
04013082008,0.035076
04013082009,0.018494
04013082010,0.027309
04013082012,0.017828
04013082016,0.020895
04013082017,0.023517
04013082018,0.014685
04013082019,0.015874
04013082020,0.018219
04013082021,0.038028
04013082022,0.013598
04013082023,0.093751
04013082024,0.016999
04013082025,0.071541
04013082026,0.017517
04013082027,0.043968
04013082028,0.015946
04013082204,0.019089
04013082205,0.020909
04013082206,0.016251
04013082207,0.014519
04013082208,0.017661
04013082209,0.119587
04013082210,0.019234
04013082211,0.058453
04013082212,0.016278
04013082213,0.013866
04013083000,0.022495
04013092305,0.015684
04013092306,0.025207
04013092307,0.043002
04013092308,0.015279
04013092309,0.014861
04013092311,0.030729
04013092312,0.02536
04013092401,0.019829
04013092402,0.014479
04013092500,0.018183
04013092600,0.02338
04013092705,0.028131
04013092708,0.01627
04013092709,0.014626
04013092710,0.018384
04013092711,0.014261
04013092712,0.025217
04013092713,0.013596
04013092715,0.022135
04013092716,0.01371
04013092717,0.028544
04013092718,0.02466
04013092719,0.020252
04013092720,0.020765
04013092721,0.013262
04013092723,0.014673
04013092724,0.038588
04013092801,0.015794
04013092802,0.044648
04013092900,0.015894
04013093001,0.014717
04013093002,0.013729
04013093101,0.021428
04013093104,0.02999
04013093105,0.013419
04013093106,0.036875
04013093200,0.036234
04013103205,0.027061
04013103206,0.012884
04013103207,0.017101
04013103208,0.057024
04013103209,0.024473
04013103210,0.01718
04013103211,0.036294
04013103212,0.015483
04013103214,0.014169
04013103215,0.021017
04013103216,0.020878
04013103217,0.017642
04013103219,0.075816
04013103220,0.03609
04013103302,0.015837
04013103303,0.016056
04013103304,0.017813
04013103305,0.043266
04013103306,0.021171
04013103400,0.024233
04013103501,0.015528
04013103502,0.017931
04013103604,0.07805
04013103605,0.014599
04013103606,0.016344
04013103607,0.049758
04013103608,0.019665
04013103609,0.015044
04013103611,0.017708
04013103612,0.026488
04013103614,0.016542
04013103615,0.034445
04013103701,0.024206
04013103702,0.050154
04013103900,0.01728
04013104000,0.016086
04013104100,0.015056
04013104202,0.014746
04013104203,0.015353
04013104204,0.014822
04013104205,0.01469
04013104206,0.01593
04013104207,0.014597
04013104212,0.015697
04013104214,0.015789
04013104215,0.016566
04013104216,0.015113
04013104217,0.03352
04013104218,0.016574
04013104219,0.01444
04013104221,0.018442
04013104222,0.014625
04013104223,0.015114
04013104224,0.015001
04013104225,0.016459
04013104226,0.021534
04013104227,0.037431
04013104301,0.017815
04013104302,0.026844
04013104401,0.019797
04013104402,0.020273
04013104501,0.032232
04013104502,0.04351
04013104600,0.02568
04013104701,0.038372
04013104702,0.02853
04013104801,0.026164
04013104802,0.014751
04013104900,0.01529
04013105002,0.016167
04013105003,0.017914
04013105004,0.02192
04013105101,0.015399
04013105102,0.020679
04013105103,0.072358
04013105200,0.016581
04013105300,0.016847
04013105400,0.022153
04013105501,0.014294
04013105502,0.016143
04013105503,0.017201
04013105601,0.027842
04013105602,0.014204
04013105701,0.019903
04013105702,0.016005
04013105800,0.015718
04013105900,0.02601
04013106001,0.017088
04013106002,0.01738
04013106003,0.015515
04013106100,0.016863
04013106200,0.031768
04013106300,0.020791
04013106400,0.014633
04013106501,0.015831
04013106502,0.017089
04013106600,0.01648
04013106701,0.035356
04013106702,0.02993
04013106703,0.045424
04013106801,0.030981
04013106802,0.015267
04013106900,0.014495
04013107001,0.015003
04013107002,0.014011
04013107101,0.03048
04013107102,0.017102
04013107201,0.170532
04013107202,0.013439
04013107300,0.020065
04013107401,0.018832
04013107402,0.032622
04013107403,0.026681
04013107404,0.026643
04013107500,0.019241
04013107601,0.033085
04013107602,0.033217
04013107700,0.02018
04013107800,0.069511
04013107900,0.057845
04013108000,0.013975
04013108100,0.038062
04013108200,0.052877
04013108301,0.112227
04013108302,0.041365
04013108400,0.023102
04013108501,0.023359
04013108502,0.143229
04013108601,0.016668
04013108602,0.019853
04013108802,0.023527
04013108901,0.020185
04013108902,0.014528
04013109001,0.031911
04013109002,0.014222
04013109003,0.014378
04013109101,0.014859
04013109102,0.027525
04013109200,0.018809
04013109300,0.015154
04013109401,0.013722
04013109402,0.03869
04013109500,0.014118
04013109601,0.036145
04013109602,0.016257
04013109603,0.014197
04013109604,0.022688
04013109702,0.019022
04013109703,0.014338
04013109704,0.021343
04013109705,0.025549
04013109706,0.014551
04013109707,0.014863
04013109801,0.023348
04013109802,0.014563
04013109900,0.014717
04013110001,0.020086
04013110002,0.112961
04013110100,0.025081
04013110400,0.015238
04013110501,0.021577
04013110502,0.025603
04013110600,0.017929
04013110701,0.037157
04013110702,0.01533
04013110801,0.032836
04013110802,0.014394
04013110901,0.034057
04013110902,0.0463
04013111000,0.022121
04013111100,0.014437
04013111201,0.015334
04013111202,0.013874
04013111203,0.06807
04013111204,0.026119
04013111300,0.01335
04013111401,0.049766
04013111402,0.01522
04013111501,0.014674
04013111502,0.01367
04013111601,0.015716
04013111602,0.030381
04013111700,0.016176
04013111800,0.03681
04013111900,0.041575
04013112100,0.015283
04013112201,0.015063
04013112202,0.015304
04013112301,0.014194
04013112302,0.02399
04013112401,0.019367
04013112402,0.019518
04013112502,0.014765
04013112504,0.017183
04013112507,0.019256
04013112508,0.039972
04013112510,0.015231
04013112512,0.038156
04013112514,0.016901
04013112515,0.014786
04013112516,0.019823
04013112517,0.018246
04013112518,0.018632
04013112519,0.013873
04013112520,0.045174
04013112521,0.02138
04013112522,0.018378
04013112523,0.030716
04013112524,0.014433
04013112601,0.04896
04013112602,0.015247
04013112700,0.02027
04013112900,0.022981
04013113000,0.015395
04013113100,0.023483
04013113201,0.134289
04013113202,0.210472
04013113204,0.033271
04013113301,0.027574
04013113502,0.028448
04013113503,0.015305
04013113601,0.015295
04013113602,0.126842
04013113701,0.014545
04013113702,0.018953
04013113800,0.051977
04013113900,0.049501
04013114000,0.034702
04013114100,0.056252
04013114200,0.020349
04013114301,0.033103
04013114302,0.018297
04013114401,0.039122
04013114402,0.029252
04013114500,0.017851
04013114600,0.020659
04013114704,0.156252
04013114705,0.322242
04013114800,0.099639
04013114900,0.015535
04013115200,0.027514
04013115300,0.052534
04013115400,0.020422
04013115500,0.015266
04013115600,0.01319
04013115700,0.015261
04013115801,0.024678
04013115802,0.015037
04013115900,0.014499
04013116000,0.01523
04013116100,0.015411
04013116202,0.01821
04013116203,0.020579
04013116204,0.027408
04013116205,0.026904
04013116300,0.013794
04013116400,0.014027
04013116500,0.016158
04013116605,0.021583
04013116606,0.048791
04013116607,0.020313
04013116610,0.101971
04013116611,0.01632
04013116612,0.013859
04013116614,0.017588
04013116615,0.014927
04013116616,0.015747
04013116617,0.103169
04013116618,0.020138
04013116619,0.014728
04013116620,0.01815
04013116621,0.018835
04013116703,0.019393
04013116707,0.022289
04013116708,0.050373
04013116709,0.024871
04013116710,0.015547
04013116711,0.020217
04013116712,0.018383
04013116713,0.019804
04013116714,0.015077
04013116715,0.022208
04013116717,0.034738
04013116718,0.050256
04013116719,0.023997
04013116720,0.021573
04013116721,0.019753
04013116725,0.018436
04013116727,0.027642
04013116728,0.013906
04013116729,0.049226
04013116730,0.055561
04013116731,0.024184
04013116732,0.024799
04013116733,0.069468
04013116734,0.019054
04013116735,0.014159
04013116736,0.014504
04013116737,0.018411
04013116738,0.014513
04013116800,0.017906
04013116900,0.03462
04013117000,0.014975
04013117100,0.015248
04013117200,0.03711
04013117300,0.077227
04013216806,0.031097
04013216807,0.016904
04013216809,0.016718
04013216810,0.033126
04013216813,0.027686
04013216816,0.018076
04013216819,0.015427
04013216820,0.018508
04013216821,0.01882
04013216822,0.023664
04013216826,0.02305
04013216829,0.048126
04013216830,0.020418
04013216831,0.021415
04013216832,0.016542
04013216833,0.073027
04013216834,0.051406
04013216835,0.022852
04013216836,0.027142
04013216837,0.017945
04013216838,0.013732
04013216839,0.014222
04013216840,0.040699
04013216841,0.025978
04013216842,0.018448
04013216843,0.034552
04013216844,0.020634
04013216845,0.051249
04013216849,0.030365
04013216850,0.052725
04013216851,0.073816
04013216852,0.014915
04013216853,0.022246
04013216854,0.035855
04013216855,0.030768
04013216856,0.039263
04013216857,0.036076
04013216858,0.02284
04013216859,0.014311
04013216860,0.063442
04013216861,0.016848
04013216901,0.018732
04013216902,0.014651
04013217001,0.058026
04013217002,0.015108
04013217101,0.033856
04013217102,0.01491
04013217201,0.058694
04013217203,0.042563
04013217204,0.028544
04013217300,0.041917
04013217400,0.044598
04013217501,0.015361
04013217502,0.02496
04013217600,0.023731
04013217700,0.126068
04013217800,0.018734
04013217900,0.025065
04013218000,0.024755
04013218100,0.035978
04013218200,0.015747
04013218300,0.039646
04013318400,0.076631
04013318501,0.019128
04013318700,0.056179
04013318800,0.014364
04013318900,0.01593
04013319001,0.026054
04013319002,0.015086
04013319101,0.083563
04013319103,0.016989
04013319104,0.128059
04013319201,0.015802
04013319202,0.041671
04013319300,0.018566
04013319401,0.015844
04013319402,0.01596
04013319403,0.0151
04013319404,0.035895
04013319500,0.030523
04013319600,0.017657
04013319705,0.074683
04013319706,0.050134
04013319707,0.034279
04013319708,0.015958
04013319709,0.033786
04013319710,0.023018
04013319801,0.016963
04013319802,0.015795
04013319902,0.021636
04013319903,0.023002
04013319904,0.073507
04013319905,0.016875
04013319906,0.033001
04013319907,0.017023
04013319908,0.032251
04013319909,0.022371
04013319910,0.022732
04013320001,0.052001
04013320002,0.107705
04013320007,0.015083
04013320100,0.026808
04013420104,0.070655
04013420105,0.020707
04013420107,0.014792
04013420108,0.021926
04013420109,0.016948
04013420110,0.015916
04013420111,0.015093
04013420112,0.022011
04013420113,0.017617
04013420114,0.032711
04013420115,0.021148
04013420116,0.080024
04013420202,0.049141
04013420206,0.027683
04013420207,0.019167
04013420208,0.01608
04013420209,0.020075
04013420210,0.024909
04013420211,0.022844
04013420212,0.038952
04013420213,0.019587
04013420214,0.102355
04013420215,0.018657
04013420216,0.017785
04013420301,0.045169
04013420302,0.01937
04013420303,0.014688
04013420304,0.04401
04013420401,0.044517
04013420402,0.017181
04013420503,0.033883
04013420504,0.035831
04013420505,0.015383
04013420506,0.078703
04013420602,0.015145
04013420603,0.017534
04013420604,0.016462
04013420704,0.023742
04013420705,0.019502
04013420706,0.022382
04013420707,0.026819
04013420708,0.032196
04013420709,0.029333
04013420710,0.028417
04013420800,0.016816
04013420901,0.016344
04013420902,0.015518
04013421001,0.124033
04013421002,0.025095
04013421101,0.025347
04013421102,0.025644
04013421201,0.02457
04013421202,0.15591
04013421302,0.035274
04013421303,0.022716
04013421304,0.02063
04013421400,0.020252
04013421501,0.016636
04013421502,0.014965
04013421601,0.04294
04013421602,0.019231
04013421701,0.017365
04013421702,0.028201
04013421801,0.014497
04013421802,0.021037
04013421901,0.018187
04013421902,0.038278
04013422001,0.016791
04013422002,0.025931
04013422102,0.02461
04013422103,0.037697
04013422104,0.016493
04013422105,0.017894
04013422106,0.06214
04013422107,0.078042
04013422203,0.039816
04013422209,0.014819
04013422210,0.017791
04013422211,0.017841
04013422212,0.04304
04013422213,0.018423
04013422215,0.016192
04013422216,0.025906
04013422217,0.094475
04013422218,0.014034
04013422219,0.015407
04013422220,0.018373
04013422221,0.034333
04013422222,0.015232
04013422223,0.02967
04013422224,0.035645
04013422225,0.017455
04013422226,0.098257
04013422227,0.017013
04013422301,0.01687
04013422302,0.016196
04013422304,0.067313
04013422305,0.019707
04013422307,0.035952
04013422308,0.021049
04013422309,0.024567
04013422401,0.031778
04013422402,0.014736
04013422403,0.015303
04013422404,0.019849
04013422501,0.014645
04013422502,0.021415
04013422503,0.015662
04013422504,0.045211
04013422506,0.056951
04013422507,0.027387
04013422508,0.016733
04013422509,0.125848
04013422510,0.022049
04013422511,0.019917
04013422512,0.01539
04013422513,0.029831
04013422514,0.062526
04013422607,0.044756
04013422609,0.051822
04013422610,0.024491
04013422615,0.021628
04013422617,0.01681
04013422618,0.0231
04013422620,0.015066
04013422621,0.044364
04013422622,0.019337
04013422623,0.015787
04013422624,0.025706
04013422625,0.035716
04013422626,0.028748
04013422627,0.018349
04013422628,0.021064
04013422629,0.035928
04013422630,0.016227
04013422632,0.025644
04013422633,0.023949
04013422634,0.025756
04013422636,0.023795
04013422637,0.020505
04013422638,0.01872
04013422639,0.035349
04013422640,0.031953
04013422642,0.026014
04013422643,0.018609
04013422647,0.017109
04013422648,0.015106
04013422649,0.018432
04013422650,0.026568
04013422651,0.014572
04013422652,0.028183
04013422653,0.017153
04013422654,0.014697
04013422655,0.028916
04013422656,0.054901
04013422657,0.018136
04013422658,0.01646
04013422659,0.022906
04013422660,0.018455
04013522801,0.354017
04013522802,0.014729
04013522901,0.016713
04013522903,0.080898
04013522904,0.015366
04013523002,0.014913
04013523005,0.016341
04013523006,0.105495
04013523007,0.054719
04013523008,0.013846
04013523102,0.019182
04013523103,0.030119
04013523104,0.021457
04013610001,0.217878
04013610002,0.079081
04013610100,0.017063
04013610201,0.032356
04013610202,0.025494
04013610301,0.045457
04013610302,0.025355
04013610400,0.018711
04013610500,0.024715
04013610600,0.017857
04013610700,0.064277
04013610800,0.022809
04013610901,0.020757
04013610902,0.022971
04013610903,0.028319
04013611000,0.026241
04013611100,0.014806
04013611200,0.014733
04013611300,0.018953
04013611400,0.038633
04013611500,0.014172
04013611600,0.015297
04013611700,0.019301
04013611800,0.025173
04013611900,0.015594
04013612000,0.025585
04013612200,0.037566
04013612301,0.024821
04013612302,0.021792
04013612401,0.013725
04013612402,0.033917
04013612500,0.055976
04013612600,0.018088
04013612700,0.032003
04013612800,0.044712
04013612900,0.018481
04013613000,0.015753
04013613100,0.015081
04013613200,0.02056
04013613300,0.016352
04013613400,0.017351
04013613500,0.095405
04013613601,0.017574
04013613602,0.01748
04013613700,0.048572
04013613800,0.014863
04013613900,0.017749
04013614000,0.01397
04013614100,0.014333
04013614200,0.022001
04013614300,0.039419
04013614400,0.024963
04013614500,0.017626
04013614601,0.031765
04013614602,0.078047
04013614700,0.03331
04013614800,0.01446
04013614900,0.12749
04013615001,0.014198
04013615002,0.025037
04013615100,0.071959
04013615201,0.031833
04013615202,0.049857
04013615300,0.032136
04013615400,0.032025
04013615500,0.033768
04013615600,0.043728
04013615700,0.029578
04013615800,0.013885
04013615900,0.024987
04013616000,0.015131
04013616100,0.01533
04013616200,0.035204
04013616300,0.01421
04013616400,0.050968
04013616500,0.017008
04013616600,0.020717
04013616700,0.034135
04013616800,0.015819
04013616900,0.018113
04013617001,0.032217
04013617002,0.030265
04013617100,0.039945
04013617200,0.01766
04013617300,0.018824
04013617400,0.068494
04013617500,0.027507
04013617600,0.023541
04013617700,0.029708
04013617800,0.045839
04013617900,0.019482
04013618000,0.016567
04013618100,0.016023
04013618200,0.013843
04013618300,0.015927
04013618400,0.013853
04013618500,0.018812
04013618600,0.023113
04013618700,0.013355
04013618800,0.021484
04013618900,0.027947
04013619000,0.029455
04013619100,0.033
04013619200,0.031797
04013619300,0.013421
04013619400,0.039968
04013619500,0.018832
04013619601,0.030187
04013619602,0.015973
04013619700,0.015781
04013619800,0.016303
04013619900,0.021022
04013723304,0.075502
04013723305,0.08895
04013723306,0.067599
04013723307,0.036679
04013723309,0.012533
04013723310,0.020833
04013723311,0.020165
04013810000,0.034489
04013810100,0.016335
04013810200,0.042466
04013810300,0.014895
04013810400,0.019264
04013810500,0.01576
04013810600,0.025293
04013810700,0.018344
04013810800,0.021821
04013810900,0.016113
04013811000,0.037221
04013811100,0.054884
04013811200,0.041574
04013811300,0.021997
04013811400,0.01461
04013811500,0.013711
04013811600,0.014467
04013811700,0.014086
04013811800,0.031861
04013811900,0.01968
04013812000,0.034108
04013812100,0.029718
04013812200,0.017031
04013812300,0.016384
04013812400,0.017511
04013812500,0.022163
04013812600,0.026283
04013812700,0.014816
04013812801,0.014639
04013812802,0.046429
04013812900,0.016678
04013813000,0.015211
04013813100,0.013966
04013813200,0.01597
04013813300,0.031278
04013813400,0.016047
04013813500,0.029758
04013813600,0.015413
04013813700,0.023342
04013813800,0.023411
04013813900,0.024881
04013814000,0.024365
04013814100,0.014222
04013814200,0.034361
04013814300,0.025439
04013814400,0.024086
04013814500,0.053037
04013814600,0.021219
04013814700,0.014205
04013814801,0.021413
04013814802,0.016657
04013814900,0.016572
04013815000,0.016394
04013815100,0.013003
04013815201,0.025228
04013815202,0.013881
04013815203,0.023127
04013815300,0.050579
04013815401,0.016524
04013815402,0.021234
04013815501,0.014669
04013815502,0.042327
04013815601,0.019812
04013815602,0.014348
04013815700,0.021756
04013815800,0.020331
04013815901,0.048063
04013815902,0.01513
04013816001,0.032392
04013816002,0.018062
04013816003,0.030662
04013816004,0.018668
04013816005,0.018049
04013816100,0.015045
04013816200,0.014638
04013816301,0.030362
04013816302,0.018688
04013816401,0.026368
04013816402,0.014708
04013816501,0.025386
04013816502,0.018072
04013816600,0.017707
04013816700,0.01723
04013816800,0.019217
04013816901,0.014878
04013816902,0.020058
04013816903,0.013714
04013816904,0.015492
04013817000,0.026765
04013817101,0.025362
04013817102,0.028846
04013817103,0.013649
04013817200,0.017728
04013817300,0.026862
04013817400,0.024489
04013817500,0.026657
04013817600,0.019889
04013940700,0.033486
04013941000,0.022767
04013941100,0.08007
04013941200,0.043749
04013941300,0.032229
04013980100,0.094603
04013980400,0.20369
04013980500,0.025103
04013980700,0.031891
04013980900,0.026613
04013981000,0.366918
04015954801,0.12813
04015954802,0.11953
04017940014,0.017822
04017940015,0.019592
04017940100,0.151774
04017940301,0.061605
04017940302,0.234829
04017960100,0.131902
04017960200,0.092906
04017960400,0.055631
04017960500,0.153594
04017960600,0.050554
04017961300,0.066895
04017961701,0.08429
04017961702,0.200504
04017962501,0.149388
04017962502,0.280722
04017963300,0.113538
04017963400,0.09189
04017963700,0.020499
04017963800,0.021704
04017964201,0.074306
04017964202,0.062259
04017964801,0.023179
04017964802,0.153421
04017964901,0.157455
04017964902,0.078974
04017965201,0.192919
04017965202,0.160018
04017965301,0.10267
04017965302,0.037447
04019000100,0.178685
04019000200,0.027065
04019000300,0.014142
04019000401,0.014642
04019000402,0.016117
04019000501,0.017282
04019000502,0.016435
04019000600,0.029267
04019000700,0.013447
04019000800,0.024416
04019001100,0.016786
04019001200,0.021154
04019001302,0.017908
04019001303,0.030122
04019001304,0.031435
04019001400,0.017684
04019001500,0.016718
04019001600,0.028377
04019001700,0.043645
04019001801,0.023451
04019001802,0.017118
04019001900,0.020273
04019002000,0.072385
04019002100,0.015333
04019002201,0.025321
04019002202,0.016942
04019002300,0.020257
04019002400,0.019342
04019002503,0.028337
04019002504,0.014961
04019002505,0.018477
04019002507,0.01805
04019002508,0.013149
04019002509,0.016075
04019002602,0.027332
04019002603,0.030135
04019002604,0.021031
04019002702,0.018362
04019002703,0.015257
04019002704,0.016021
04019002801,0.045773
04019002802,0.021514
04019002803,0.02577
04019002901,0.016734
04019002904,0.032456
04019002905,0.022846
04019002906,0.015665
04019003002,0.018751
04019003003,0.017091
04019003004,0.05039
04019003102,0.014724
04019003103,0.076365
04019003104,0.034193
04019003201,0.017121
04019003202,0.015325
04019003302,0.015572
04019003303,0.019133
04019003304,0.017041
04019003400,0.018778
04019003502,0.019081
04019003503,0.050121
04019003504,0.01684
04019003505,0.028773
04019003506,0.017496
04019003601,0.112428
04019003702,0.017536
04019003704,0.030111
04019003705,0.014244
04019003706,0.015149
04019003707,0.016406
04019003801,0.04098
04019003802,0.015532
04019003901,0.026288
04019003902,0.013456
04019003903,0.019585
04019004008,0.01425
04019004010,0.018123
04019004026,0.016351
04019004029,0.025068
04019004030,0.020225
04019004031,0.054544
04019004032,0.014653
04019004033,0.015281
04019004034,0.013662
04019004035,0.013875
04019004036,0.014271
04019004037,0.015608
04019004038,0.013591
04019004039,0.016713
04019004042,0.034481
04019004043,0.039765
04019004044,0.113725
04019004046,0.014216
04019004047,0.015095
04019004048,0.019734
04019004049,0.013892
04019004050,0.013631
04019004051,0.013961
04019004052,0.173165
04019004053,0.015184
04019004054,0.020792
04019004055,0.030176
04019004056,0.018913
04019004057,0.015108
04019004058,0.014198
04019004061,0.14429
04019004062,0.017248
04019004063,0.024452
04019004065,0.027565
04019004066,0.030002
04019004067,0.06401
04019004068,0.024482
04019004069,0.017181
04019004070,0.042657
04019004071,0.013874
04019004072,0.013833
04019004073,0.016959
04019004074,0.023581
04019004075,0.019617
04019004076,0.014239
04019004077,0.016821
04019004078,0.106768
04019004079,0.022479
04019004080,0.018143
04019004081,0.016848
04019004082,0.016144
04019004109,0.111852
04019004110,0.013709
04019004112,0.034259
04019004114,0.021664
04019004115,0.028756
04019004116,0.016957
04019004117,0.025225
04019004118,0.020051
04019004122,0.014029
04019004126,0.025452
04019004127,0.038109
04019004128,0.036616
04019004129,0.024862
04019004130,0.029102
04019004131,0.035963
04019004132,0.039316
04019004133,0.072783
04019004307,0.099625
04019004310,0.019392
04019004311,0.026122
04019004312,0.014487
04019004313,0.213356
04019004316,0.031754
04019004317,0.034206
04019004320,0.102874
04019004321,0.014171
04019004322,0.014448
04019004323,0.137049
04019004324,0.081554
04019004325,0.259626
04019004326,0.023082
04019004327,0.033915
04019004328,0.033707
04019004330,0.023666
04019004332,0.021871
04019004333,0.013741
04019004335,0.03357
04019004336,0.091219
04019004337,0.035152
04019004338,0.022899
04019004339,0.014282
04019004340,0.038679
04019004404,0.129384
04019004407,0.013388
04019004412,0.021425
04019004413,0.022363
04019004414,0.013785
04019004415,0.044512
04019004418,0.016302
04019004419,0.020811
04019004422,0.014811
04019004423,0.037267
04019004424,0.138395
04019004425,0.063903
04019004426,0.087443
04019004428,0.038393
04019004430,0.020678
04019004431,0.017851
04019004432,0.015201
04019004433,0.01402
04019004434,0.019306
04019004435,0.015962
04019004436,0.024865
04019004437,0.03201
04019004438,0.02029
04019004439,0.015702
04019004440,0.019693
04019004505,0.016812
04019004506,0.017955
04019004508,0.047849
04019004510,0.020058
04019004511,0.014403
04019004512,0.015643
04019004513,0.019122
04019004514,0.016254
04019004515,0.053886
04019004610,0.015355
04019004613,0.015885
04019004614,0.021308
04019004615,0.023604
04019004616,0.033213
04019004617,0.050459
04019004618,0.027909
04019004619,0.038601
04019004620,0.060243
04019004621,0.015068
04019004622,0.138672
04019004623,0.030555
04019004624,0.016158
04019004625,0.185338
04019004626,0.023045
04019004627,0.035308
04019004628,0.022734
04019004630,0.026589
04019004631,0.161425
04019004632,0.191223
04019004633,0.035106
04019004634,0.014138
04019004635,0.049891
04019004636,0.022069
04019004639,0.04372
04019004640,0.020254
04019004641,0.014083
04019004642,0.022075
04019004643,0.036827
04019004644,0.01695
04019004645,0.017512
04019004646,0.019914
04019004647,0.02521
04019004648,0.131614
04019004649,0.027923
04019004650,0.034121
04019004710,0.044207
04019004711,0.034019
04019004712,0.01489
04019004713,0.162471
04019004714,0.022519
04019004715,0.166059
04019004717,0.031066
04019004718,0.019883
04019004720,0.020073
04019004721,0.020319
04019004722,0.036655
04019004723,0.027512
04019004724,0.025877
04019004725,0.04917
04019004726,0.026596
04019004727,0.142218
04019004728,0.24826
04019004729,0.014919
04019004730,0.015371
04019005200,0.11464
04019005300,0.015163
04019005400,0.020433
04019940800,0.0471
04019940900,0.019396
04019941000,0.073943
04019941100,0.019276
04019980001,0.364144
04019980002,0.075846
04019980100,0.035878
04019980200,0.056113
04019980300,0.067044
04019980400,0.155548
04021000201,0.185224
04021000204,0.015591
04021000206,0.033546
04021000208,0.020522
04021000211,0.043009
04021000212,0.069666
04021000215,0.020233
04021000216,0.017178
04021000217,0.098239
04021000218,0.014396
04021000219,0.029282
04021000220,0.020175
04021000221,0.035951
04021000222,0.013907
04021000223,0.014664
04021000224,0.018539
04021000225,0.014416
04021000226,0.015267
04021000227,0.015147
04021000228,0.019855
04021000229,0.051886
04021000307,0.067563
04021000309,0.036901
04021000310,0.023995
04021000311,0.133818
04021000312,0.057868
04021000313,0.018837
04021000315,0.059051
04021000316,0.039629
04021000317,0.015074
04021000319,0.049843
04021000320,0.046996
04021000321,0.031768
04021000322,0.027882
04021000323,0.072636
04021000324,0.024352
04021000325,0.026504
04021000400,0.123531
04021000603,0.060503
04021000604,0.171386
04021000700,0.083323
04021000802,0.077651
04021000804,0.026406
04021000805,0.018192
04021000806,0.014084
04021000807,0.245963
04021000808,0.241478
04021000902,0.071648
04021000903,0.272953
04021000904,0.142666
04021001000,0.134425
04021001100,0.090461
04021001200,0.099254
04021001303,0.068632
04021001305,0.015015
04021001306,0.015499
04021001307,0.105594
04021001308,0.07717
04021001309,0.027566
04021001310,0.032993
04021001403,0.023453
04021001404,0.024879
04021001405,0.04046
04021001406,0.044173
04021001407,0.123519
04021001408,0.145123
04021001500,0.049791
04021001600,0.035229
04021001701,0.183752
04021001704,0.054338
04021001705,0.122465
04021001706,0.079231
04021001707,0.015359
04021001709,0.033559
04021001712,0.116922
04021001713,0.020426
04021001714,0.01621
04021001715,0.046201
04021001716,0.014924
04021001717,0.025572
04021001900,0.027167
04021002001,0.177626
04021002004,0.080513
04021002005,0.102419
04021002104,0.036318
04021002105,0.022149
04021002106,0.089446
04021002107,0.138918
04021002200,0.088078
04021002300,0.191866
04021002400,0.318204
04021941200,0.03875
04021941300,0.034599
04021941401,0.066118
04021941402,0.055118
04023966000,0.075414
04023966101,0.142086
04023966103,0.069941
04023966106,0.144444
04023966107,0.035321
04023966108,0.097687
04023966109,0.052569
04023966110,0.021259
04023966111,0.129993
04023966200,0.049
04023966301,0.141701
04023966302,0.153435
04023966401,0.048339
04023966402,0.082391
04025000205,0.033097
04025000206,0.037178
04025000207,0.24685
04025000208,0.242766
04025000209,0.227543
04025000210,0.035053
04025000211,0.081889
04025000301,0.028875
04025000302,0.02797
04025000403,0.017393
04025000404,0.013829
04025000405,0.014786
04025000406,0.217823
04025000407,0.012911
04025000501,0.04298
04025000502,0.039375
04025000604,0.016238
04025000608,0.018557
04025000609,0.019975
04025000611,0.080142
04025000612,0.080371
04025000613,0.013826
04025000614,0.014694
04025000615,0.034638
04025000616,0.021789
04025000617,0.110902
04025000618,0.024077
04025000619,0.05874
04025000701,0.078892
04025000702,0.057471
04025000802,0.074851
04025000803,0.023263
04025000804,0.240222
04025000901,0.101873
04025000902,0.014171
04025001002,0.033518
04025001003,0.017681
04025001004,0.056918
04025001103,0.036749
04025001104,0.017084
04025001105,0.096016
04025001106,0.053143
04025001201,0.184166
04025001202,0.024094
04025001300,0.152233
04025001401,0.046237
04025001402,0.239688
04025001403,0.109673
04025001501,0.094202
04025001502,0.090353
04025001601,0.042227
04025001602,0.082214
04025001604,0.102504
04025001605,0.131518
04025001701,0.079143
04025001703,0.211302
04025001704,0.144892
04025001705,0.096235
04025001801,0.080744
04025001803,0.08502
04025001804,0.129686
04025001901,0.065342
04025001902,0.11099
04025001903,0.054987
04025001904,0.0563
04025002001,0.067571
04025002002,0.079187
04025002003,0.109635
04025002005,0.026571
04025002006,0.027489
04025002007,0.075219
04025002100,0.094908
04027012100,0.110366
04027980003,0.037227
04027980004,0.089718
35023970000,0.037774
06007000102,0.01972
06007000103,0.026338
06007000104,0.015999
06007000201,0.156992
06007000202,0.095558
06007000300,0.076884
06007000401,0.032458
06007000403,0.026913
06007000404,0.055512
06007000501,0.153054
06007000502,0.199356
06007000601,0.035526
06007000603,0.027654
06007000604,0.03485
06007000700,0.02512
06007000800,0.048684
06007000901,0.027221
06007000903,0.022486
06007000904,0.118085
06007001000,0.05481
06007001100,0.127878
06007001200,0.016865
06007001300,0.022246
06007001400,0.075598
06007001500,0.023976
06007001601,0.129406
06007001602,0.157605
06007001702,0.123538
06007001703,0.018084
06007001704,0.024987
06007001800,0.117535
06007001900,0.092215
06007002000,0.163313
06007002100,0.119755
06007002200,0.063428
06007002300,0.168211
06007002401,0.078098
06007002402,0.0865
06007002500,0.059044
06007002601,0.220363
06007002602,0.132144
06007002700,0.041134
06007002800,0.028399
06007002900,0.024416
06007003001,0.156373
06007003002,0.025647
06007003100,0.228588
06007003200,0.019656
06007003300,0.026873
06007003400,0.083887
06007003501,0.021031
06007003502,0.114005
06007003600,0.10575
06007003700,0.132673
06011000100,0.09794
06011000200,0.092363
06011000301,0.125068
06011000302,0.139742
06011000400,0.048059
06011000500,0.188898
06015000202,0.155118
06017030601,0.17887
06017030603,0.221046
06017030604,0.032794
06017030605,0.168887
06017030606,0.171765
06017030701,0.028745
06017030706,0.017877
06017030709,0.015661
06017030710,0.013403
06017030801,0.040549
06017030901,0.05746
06017030902,0.036814
06017031000,0.103462
06017031100,0.068288
06017031700,0.029212
06021010101,0.146285
06021010102,0.162606
06021010200,0.123251
06021010300,0.087062
06021010401,0.117731
06021010402,0.174253
06021010501,0.062376
06021010502,0.141506
06023001200,0.02593
06023010102,0.131738
06023010902,0.040219
06023011600,0.099477
06023940000,0.182051
06033000100,0.082845
06033000300,0.043249
06033000401,0.014747
06033000402,0.033087
06033000501,0.072183
06033000502,0.04656
06033000601,0.061785
06033000602,0.103314
06033000702,0.085126
06033000703,0.025445
06033000704,0.041885
06033000801,0.018295
06033000802,0.018126
06033000901,0.02642
06033000902,0.045815
06033001000,0.109846
06033001101,0.044379
06033001102,0.053937
06033001200,0.022627
06033001301,0.058674
06033001302,0.095354
06035040100,0.094268
06035040200,0.045598
06035040302,0.128374
06035040303,0.077193
06035040304,0.197357
06035040305,0.03724
06035040400,0.169255
06035040500,0.091109
06035040600,0.10289
06045010100,0.117749
06045010200,0.123925
06045010601,0.192269
06045010602,0.153779
06045010801,0.090936
06045010802,0.015687
06045011700,0.056206
06045011800,0.137143
06049000100,0.179073
06049000200,0.044164
06049000300,0.150333
06055201800,0.151111
06057000102,0.035439
06057000104,0.043881
06057000105,0.102685
06057000106,0.152191
06057000107,0.112716
06057000200,0.028992
06057000300,0.123257
06057000401,0.023624
06057000403,0.219158
06057000404,0.027373
06057000502,0.037757
06057000503,0.022099
06057000504,0.079119
06057000601,0.06066
06057000602,0.067732
06057000701,0.222661
06057000702,0.166416
06057000801,0.198988
06057000802,0.143191
06057000900,0.143614
06061020200,0.033703
06061020300,0.142698
06061020401,0.05283
06061020402,0.183385
06061020501,0.136665
06061020502,0.041501
06061020601,0.023425
06061020604,0.03708
06061020605,0.099864
06061020606,0.019586
06061020607,0.018042
06061020608,0.036812
06061020710,0.015133
06061020711,0.0248
06061020712,0.018484
06061020713,0.060782
06061020714,0.023533
06061020715,0.013656
06061020717,0.029802
06061020805,0.027318
06061020806,0.029818
06061020901,0.027427
06061020908,0.110602
06061021003,0.02324
06061021034,0.019164
06061021037,0.033908
06061021038,0.014885
06061021039,0.018821
06061021040,0.030015
06061021043,0.027564
06061021044,0.01555
06061021045,0.01606
06061021046,0.019607
06061021047,0.013274
06061021048,0.023379
06061021103,0.019476
06061021106,0.021641
06061021108,0.099451
06061021109,0.035433
06061021122,0.023554
06061021123,0.024457
06061021128,0.040741
06061021129,0.03179
06061021130,0.05927
06061021131,0.019636
06061021203,0.025982
06061021204,0.122343
06061021304,0.052948
06061021323,0.013422
06061021324,0.021074
06061021325,0.013903
06061021326,0.013117
06061021327,0.020492
06061021328,0.015843
06061021401,0.016247
06061021403,0.013918
06061021501,0.139209
06061021502,0.141923
06061021603,0.122016
06061021604,0.152309
06061021801,0.20855
06061021802,0.105846
06061021901,0.074989
06061021902,0.030659
06061022002,0.104903
06061022013,0.194857
06061022014,0.184116
06061022400,0.030145
06061022500,0.015291
06061022600,0.023749
06061022800,0.033529
06061022900,0.032557
06061023000,0.01552
06061023100,0.031953
06061023200,0.016281
06061023300,0.017471
06061023400,0.025414
06061023501,0.023055
06061023502,0.014051
06061023600,0.024646
06061023700,0.059006
06061023800,0.015749
06061023900,0.104073
06063000100,0.142009
06063000201,0.076334
06063000202,0.100999
06063000300,0.095338
06063000400,0.154104
06063000501,0.163358
06063000502,0.129341
06067000100,0.048651
06067000200,0.057806
06067000300,0.018462
06067000400,0.033352
06067000501,0.11934
06067000502,0.256439
06067000600,0.016094
06067000700,0.03651
06067000800,0.049903
06067001102,0.11774
06067001103,0.0643
06067001201,0.035863
06067001202,0.018805
06067001300,0.017499
06067001400,0.026126
06067001500,0.031775
06067001601,0.016323
06067001602,0.049446
06067001702,0.067151
06067001800,0.015846
06067001900,0.057288
06067002000,0.023734
06067002100,0.068025
06067002200,0.04168
06067002300,0.059209
06067002400,0.016271
06067002500,0.015872
06067002600,0.021501
06067002700,0.070105
06067005301,0.038732
06067005402,0.020189
06067005403,0.091927
06067005404,0.025982
06067005502,0.01787
06067005505,0.019255
06067005506,0.0174
06067005508,0.062113
06067005509,0.024958
06067005510,0.019774
06067005601,0.025348
06067005605,0.017993
06067005606,0.016543
06067005701,0.022678
06067005702,0.017495
06067005801,0.015147
06067005803,0.013919
06067005901,0.016066
06067005903,0.018355
06067005904,0.016007
06067006002,0.019686
06067006003,0.096617
06067006004,0.014781
06067006101,0.079389
06067006102,0.021921
06067006202,0.036692
06067006203,0.033375
06067006204,0.016277
06067006300,0.014156
06067006400,0.030838
06067006501,0.046729
06067006502,0.038353
06067006600,0.016892
06067006703,0.016844
06067006704,0.016224
06067006705,0.029489
06067006706,0.025428
06067006801,0.017249
06067006802,0.019865
06067006803,0.025883
06067006901,0.069956
06067006902,0.057964
06067007001,0.026376
06067007007,0.016962
06067007010,0.051291
06067007011,0.032094
06067007012,0.016555
06067007013,0.020983
06067007016,0.016626
06067007017,0.043476
06067007019,0.053412
06067007020,0.051166
06067007021,0.034683
06067007022,0.067518
06067007023,0.016222
06067007024,0.039164
06067007025,0.019902
06067007026,0.013269
06067007027,0.014937
06067007028,0.025022
06067007101,0.068022
06067007103,0.016405
06067007105,0.019881
06067007106,0.016466
06067007107,0.061399
06067007108,0.015764
06067007109,0.030682
06067007110,0.01829
06067007111,0.022332
06067007202,0.0164
06067007204,0.017278
06067007206,0.013887
06067007207,0.03776
06067007208,0.029797
06067007209,0.015509
06067007301,0.015782
06067007402,0.016004
06067007403,0.101174
06067007413,0.032992
06067007414,0.013622
06067007415,0.027397
06067007416,0.025642
06067007417,0.016209
06067007422,0.044888
06067007423,0.079785
06067007424,0.015582
06067007426,0.021895
06067007427,0.019194
06067007428,0.025526
06067007429,0.02041
06067007430,0.025104
06067007431,0.013854
06067007432,0.014995
06067007434,0.016039
06067007435,0.034542
06067007436,0.029086
06067007437,0.015778
06067007438,0.023615
06067007439,0.022355
06067007501,0.068498
06067007503,0.069181
06067007504,0.073395
06067007602,0.022483
06067007603,0.014661
06067007604,0.035871
06067007701,0.016515
06067007702,0.018109
06067007801,0.029903
06067007802,0.018049
06067007903,0.016205
06067007904,0.014047
06067007905,0.019329
06067007906,0.026529
06067008005,0.023942
06067008006,0.022945
06067008007,0.054139
06067008008,0.04682
06067008009,0.016456
06067008010,0.017371
06067008111,0.035078
06067008113,0.061411
06067008117,0.016496
06067008119,0.018841
06067008120,0.015978
06067008122,0.023307
06067008124,0.045277
06067008125,0.014176
06067008127,0.052083
06067008128,0.098907
06067008129,0.046973
06067008130,0.027611
06067008131,0.082979
06067008132,0.087144
06067008133,0.038419
06067008134,0.052575
06067008135,0.110478
06067008136,0.062234
06067008137,0.016769
06067008138,0.029231
06067008139,0.08376
06067008140,0.015449
06067008141,0.019273
06067008142,0.021354
06067008143,0.024192
06067008144,0.018322
06067008145,0.03708
06067008203,0.014542
06067008204,0.041198
06067008206,0.02203
06067008207,0.015334
06067008208,0.023988
06067008209,0.020171
06067008210,0.025017
06067008211,0.014287
06067008402,0.017051
06067008403,0.03245
06067008404,0.021753
06067008501,0.020281
06067008504,0.075539
06067008505,0.032075
06067008506,0.063848
06067008507,0.018378
06067008508,0.026178
06067008509,0.017578
06067008510,0.027993
06067008512,0.014604
06067008702,0.015452
06067008703,0.039543
06067008909,0.035169
06067008912,0.036196
06067008913,0.014979
06067988300,0.015068
06089010100,0.119591
06089010200,0.020667
06089010300,0.07481
06089010400,0.088143
06089010500,0.033079
06089010601,0.030932
06089010602,0.096015
06089010603,0.082772
06089010702,0.088995
06089010703,0.071323
06089010704,0.040168
06089010803,0.02456
06089010804,0.014716
06089010805,0.016786
06089010806,0.100085
06089010807,0.0596
06089010900,0.048363
06089011001,0.015692
06089011002,0.146322
06089011100,0.02103
06089011209,0.038126
06089011300,0.017509
06089011401,0.030177
06089011402,0.015907
06089011403,0.017016
06089011501,0.043474
06089011502,0.024043
06089011600,0.095912
06089011701,0.072122
06089011702,0.20822
06089011703,0.110374
06089011801,0.034428
06089011802,0.054774
06089011803,0.062567
06089011900,0.020765
06089012000,0.108049
06089012101,0.046722
06089012102,0.036311
06089012200,0.075167
06089012301,0.157413
06089012302,0.025492
06089012303,0.014313
06089012400,0.05017
06089012500,0.132729
06089012603,0.129579
06089012604,0.029685
06089012605,0.023952
06089012606,0.074288
06089012701,0.135606
06089012702,0.096389
06091010000,0.069891
06093000300,0.063031
06093000701,0.146452
06093000800,0.129318
06093000901,0.122778
06093000902,0.136357
06093001001,0.143229
06093001002,0.204045
06093001003,0.076544
06093001100,0.116444
06093001200,0.126842
06093001300,0.103817
06097154100,0.086813
06101050101,0.017967
06101050102,0.042723
06101050201,0.053394
06101050202,0.030093
06101050301,0.047699
06101050302,0.015544
06101050401,0.016409
06101050402,0.031286
06101050403,0.050863
06101050501,0.131264
06101050503,0.195856
06101050504,0.246282
06101050601,0.07345
06101050603,0.019958
06101050604,0.120721
06101050701,0.144023
06101050702,0.06686
06101050800,0.056623
06101050900,0.092446
06101051000,0.078569
06101051100,0.071624
06103000100,0.180079
06103000201,0.16886
06103000202,0.040101
06103000300,0.086776
06103000400,0.142454
06103000500,0.163405
06103000600,0.120011
06103000701,0.126024
06103000702,0.100975
06103000800,0.113595
06103000900,0.074099
06103001000,0.057936
06103001101,0.13396
06103001102,0.149648
06105000101,0.137981
06105000102,0.109751
06105000200,0.09775
06105000500,0.069957
06113010102,0.055881
06113010103,0.013494
06113010104,0.027811
06113010105,0.027148
06113010201,0.033119
06113010203,0.075462
06113010204,0.079112
06113010313,0.021521
06113010315,0.030045
06113010401,0.110375
06113010505,0.102538
06113010800,0.15031
06113010901,0.091583
06113010902,0.214026
06113011001,0.087637
06113011002,0.045539
06113011101,0.024852
06113011102,0.068859
06113011103,0.045191
06113011203,0.01362
06113011204,0.021486
06113011207,0.142985
06113011208,0.065344
06113011209,0.048432
06113011210,0.014809
06113011211,0.021222
06113011400,0.106413
06113011500,0.09238
06115040100,0.081423
06115040201,0.220999
06115040202,0.12235
06115040301,0.017527
06115040302,0.034057
06115040304,0.018722
06115040305,0.01588
06115040400,0.015279
06115040500,0.021144
06115040600,0.022741
06115040701,0.021402
06115040702,0.076747
06115040800,0.016136
06115040901,0.019971
06115040902,0.018422
06115041001,0.063693
06115041002,0.015489
06115041101,0.090531
06115041102,0.147377
48001950100,0.024298
48001950401,0.039293
48001950402,0.131925
48001950500,0.097762
48001950600,0.103883
48001950700,0.104596
48001950800,0.097792
48001950901,0.055452
48001950902,0.043572
48001951001,0.03225
48001951002,0.12347
48001951100,0.096027
48005000102,0.075748
48005000104,0.085539
48007950101,0.215497
48007950102,0.13776
48007950103,0.065693
48007950200,0.235518
48007950301,0.07473
48007950302,0.114328
48007950400,0.164216
48007950501,0.07056
48007950502,0.146696
48007950503,0.148691
48009020200,0.079339
48009020300,0.108085
48013960101,0.041341
48013960102,0.116967
48013960203,0.067084
48013960204,0.018801
48013960205,0.073168
48013960206,0.057632
48013960300,0.098059
48013960401,0.31203
48013960403,0.163065
48013960404,0.210357
48013960500,0.036175
48013960601,0.103566
48013960602,0.033861
48015760100,0.015417
48015760201,0.053585
48015760202,0.070543
48015760301,0.024919
48015760302,0.048739
48015760400,0.035863
48015760501,0.042267
48015760502,0.071798
48019000101,0.098998
48019000103,0.109501
48019000104,0.140506
48019000200,0.096798
48019000301,0.072909
48019000302,0.085317
48019000400,0.052996
48021950101,0.024819
48021950102,0.07513
48021950201,0.082778
48021950202,0.089151
48021950301,0.039147
48021950302,0.018544
48021950303,0.03362
48021950401,0.069522
48021950402,0.095862
48021950403,0.073231
48021950503,0.059979
48021950504,0.03628
48021950505,0.026972
48021950506,0.052326
48021950601,0.02652
48021950602,0.030174
48021950700,0.064316
48021950803,0.04492
48021950804,0.01614
48021950805,0.133329
48021950806,0.136743
48023950301,0.065788
48023950302,0.172997
48025950100,0.02265
48025950201,0.131988
48025950203,0.056668
48025950204,0.104622
48025950300,0.03616
48025950400,0.124907
48025950501,0.166328
48025950502,0.147685
48025950600,0.123307
48027020101,0.106855
48027020102,0.022954
48027020201,0.066458
48027020203,0.130944
48027020204,0.096883
48027020301,0.089242
48027020302,0.063654
48027020401,0.02801
48027020402,0.0491
48027020500,0.107675
48027020600,0.08591
48027020701,0.090351
48027020702,0.02303
48027020800,0.076071
48027020900,0.099375
48027021000,0.056469
48027021101,0.086372
48027021102,0.018649
48027021201,0.086632
48027021202,0.04524
48027021203,0.077061
48027021301,0.044168
48027021302,0.0672
48027021304,0.050477
48027021305,0.023043
48027021400,0.057092
48027021501,0.022606
48027021502,0.049474
48027021601,0.069762
48027021602,0.120538
48027021701,0.037483
48027021702,0.120466
48027021801,0.110797
48027021802,0.045114
48027021901,0.08802
48027021905,0.051206
48027021906,0.015076
48027021907,0.024072
48027021908,0.031514
48027022001,0.098106
48027022002,0.018878
48027022101,0.017045
48027022103,0.023531
48027022104,0.032679
48027022105,0.025873
48027022200,0.025603
48027022300,0.047077
48027022401,0.046653
48027022402,0.015172
48027022403,0.018059
48027022405,0.07352
48027022406,0.066858
48027022407,0.01305
48027022501,0.108177
48027022503,0.024288
48027022504,0.015582
48027022600,0.120592
48027022801,0.01523
48027022900,0.134831
48027023001,0.023962
48027023002,0.020624
48027023103,0.116668
48027023104,0.067986
48027023109,0.037787
48027023110,0.032513
48027023111,0.054518
48027023112,0.038705
48027023113,0.019944
48027023114,0.014617
48027023115,0.021551
48027023116,0.047242
48027023117,0.078376
48027023118,0.11498
48027023201,0.090639
48027023202,0.046393
48027023203,0.103359
48027023204,0.033297
48027023301,0.043155
48027023302,0.063725
48027023402,0.01844
48027023404,0.025302
48027023405,0.024262
48027023406,0.026174
48027023500,0.152481
48027980001,0.130589
48027980002,0.254942
48027980003,0.045721
48029110100,0.046149
48029110300,0.021495
48029110500,0.017437
48029110600,0.029294
48029110700,0.049397
48029111000,0.026881
48029111100,0.025727
48029120100,0.026688
48029120301,0.078382
48029120302,0.031021
48029120401,0.036973
48029120402,0.093617
48029120502,0.087078
48029120503,0.017186
48029120504,0.035582
48029120601,0.060251
48029120602,0.111788
48029120701,0.029289
48029120702,0.100072
48029120800,0.017341
48029120901,0.025915
48029120902,0.037302
48029121000,0.02468
48029121110,0.028177
48029121111,0.038343
48029121112,0.059974
48029121115,0.023989
48029121116,0.034167
48029121117,0.024011
48029121118,0.032284
48029121119,0.019258
48029121120,0.025612
48029121121,0.017845
48029121122,0.027314
48029121123,0.041665
48029121124,0.027287
48029121203,0.083563
48029121204,0.035983
48029121205,0.038712
48029121206,0.023125
48029121300,0.014867
48029121402,0.019383
48029121403,0.015852
48029121404,0.046324
48029121501,0.03363
48029121504,0.024266
48029121505,0.039694
48029121506,0.037237
48029121507,0.017127
48029121508,0.018051
48029121601,0.066951
48029121604,0.025063
48029121605,0.016534
48029121606,0.029671
48029121701,0.181504
48029121702,0.031917
48029121802,0.032852
48029121803,0.021769
48029121804,0.02102
48029121808,0.016103
48029121809,0.022238
48029121810,0.03057
48029121811,0.013949
48029121812,0.020875
48029121813,0.048848
48029121903,0.015375
48029121904,0.036971
48029121905,0.077235
48029121906,0.019497
48029121908,0.038862
48029121909,0.020511
48029121910,0.018203
48029121911,0.018645
48029121912,0.029013
48029130200,0.034584
48029130300,0.017668
48029130401,0.061623
48029130402,0.06243
48029130500,0.027201
48029130600,0.016734
48029130700,0.02017
48029130800,0.032341
48029130900,0.029612
48029131000,0.045053
48029131100,0.015856
48029131200,0.151901
48029131300,0.107421
48029131401,0.094828
48029131402,0.084822
48029131503,0.030261
48029131504,0.047692
48029131505,0.01797
48029131506,0.035967
48029131507,0.021116
48029131601,0.084234
48029131606,0.082827
48029131608,0.037114
48029131609,0.030311
48029131610,0.048016
48029131612,0.03885
48029131614,0.020774
48029131615,0.030319
48029131616,0.131027
48029131700,0.051817
48029131801,0.041794
48029131802,0.062863
48029140100,0.045782
48029140200,0.055187
48029140300,0.054746
48029140400,0.029035
48029140500,0.026056
48029140600,0.027844
48029140700,0.017105
48029140800,0.019008
48029140900,0.04034
48029141000,0.030986
48029141101,0.026997
48029141102,0.045228
48029141200,0.01636
48029141300,0.047368
48029141402,0.105006
48029141403,0.08744
48029141404,0.017559
48029141600,0.076579
48029141700,0.05333
48029141800,0.094151
48029141900,0.165476
48029150100,0.052368
48029150300,0.021061
48029150400,0.049813
48029150501,0.040746
48029150502,0.013832
48029150600,0.039324
48029150700,0.020032
48029150800,0.21588
48029150900,0.040146
48029151000,0.04448
48029151100,0.044429
48029151200,0.036591
48029151301,0.029623
48029151302,0.079035
48029151400,0.063767
48029151500,0.093454
48029151600,0.01998
48029151700,0.0635
48029151900,0.068543
48029152000,0.043547
48029152100,0.206077
48029152201,0.046882
48029152202,0.072942
48029160100,0.03116
48029160200,0.051997
48029160300,0.107224
48029160400,0.016648
48029160501,0.018148
48029160502,0.062021
48029160600,0.014949
48029160701,0.033044
48029160702,0.015987
48029160901,0.102505
48029160902,0.023378
48029161000,0.094232
48029161100,0.037694
48029161200,0.046737
48029161302,0.052416
48029161303,0.022315
48029161304,0.019734
48029161400,0.154383
48029161501,0.047334
48029161503,0.103209
48029161504,0.014201
48029161600,0.023847
48029161801,0.05598
48029161802,0.06302
48029161901,0.058724
48029161902,0.057476
48029162001,0.110951
48029162003,0.136336
48029162004,0.079513
48029170101,0.16733
48029170102,0.017057
48029170200,0.017102
48029170300,0.021529
48029170401,0.030631
48029170402,0.018041
48029170500,0.149326
48029170600,0.024302
48029170700,0.016492
48029170800,0.015661
48029170900,0.017617
48029171000,0.016804
48029171100,0.015973
48029171200,0.031566
48029171301,0.016502
48029171302,0.018574
48029171401,0.013653
48029171402,0.045693
48029171501,0.016518
48029171502,0.015193
48029171601,0.017595
48029171602,0.042813
48029171700,0.026434
48029171801,0.025639
48029171802,0.026334
48029171903,0.032957
48029171912,0.019803
48029171913,0.117473
48029171914,0.019722
48029171915,0.030201
48029171916,0.024175
48029171917,0.021006
48029171918,0.0166
48029171919,0.030037
48029171920,0.014534
48029171921,0.063781
48029171922,0.018257
48029171923,0.066114
48029171924,0.018454
48029171926,0.023578
48029171927,0.02253
48029171928,0.016174
48029171929,0.015127
48029172002,0.084484
48029172003,0.0406
48029172004,0.016625
48029172005,0.020247
48029172006,0.020272
48029172008,0.021422
48029172009,0.037114
48029180101,0.015876
48029180102,0.016105
48029180201,0.035668
48029180202,0.017838
48029180300,0.056348
48029180400,0.187236
48029180501,0.106534
48029180503,0.018303
48029180504,0.017407
48029180602,0.028773
48029180603,0.032471
48029180604,0.082413
48029180701,0.046656
48029180702,0.01815
48029180800,0.036699
48029180901,0.031548
48029180902,0.03013
48029181001,0.033866
48029181003,0.107829
48029181004,0.08366
48029181005,0.039287
48029181100,0.019809
48029181200,0.018985
48029181301,0.049052
48029181302,0.058661
48029181303,0.09489
48029181402,0.05715
48029181403,0.221738
48029181404,0.090827
48029181503,0.029351
48029181504,0.024051
48029181505,0.0197
48029181506,0.037832
48029181601,0.036745
48029181602,0.022625
48029181703,0.031212
48029181704,0.072331
48029181705,0.054176
48029181711,0.016807
48029181712,0.042071
48029181713,0.01687
48029181715,0.014937
48029181716,0.037686
48029181718,0.01602
48029181720,0.03452
48029181721,0.037256
48029181722,0.014699
48029181723,0.018263
48029181724,0.102885
48029181725,0.050436
48029181726,0.017388
48029181727,0.021084
48029181729,0.01561
48029181730,0.024653
48029181731,0.014629
48029181732,0.029238
48029181733,0.013343
48029181808,0.017816
48029181809,0.023032
48029181811,0.084883
48029181813,0.022832
48029181814,0.02399
48029181815,0.085585
48029181816,0.017432
48029181817,0.017361
48029181818,0.016052
48029181819,0.019881
48029181820,0.023999
48029181821,0.031232
48029181822,0.035991
48029181823,0.035284
48029181824,0.013238
48029181825,0.039449
48029181826,0.01821
48029181901,0.026077
48029181902,0.021363
48029182001,0.034788
48029182002,0.092707
48029182003,0.021696
48029182101,0.052548
48029182102,0.03614
48029182103,0.111888
48029182105,0.037099
48029182106,0.069628
48029190100,0.040845
48029190200,0.018224
48029190400,0.019136
48029190501,0.037006
48029190503,0.019561
48029190504,0.067787
48029190601,0.064987
48029190603,0.018015
48029190604,0.03111
48029190700,0.021501
48029190800,0.037295
48029190901,0.021636
48029190902,0.053479
48029191003,0.015286
48029191004,0.018256
48029191005,0.051804
48029191006,0.019642
48029191101,0.023486
48029191102,0.022254
48029191201,0.014331
48029191202,0.02213
48029191303,0.021301
48029191304,0.020537
48029191405,0.015964
48029191406,0.036279
48029191408,0.027545
48029191409,0.029952
48029191410,0.049291
48029191411,0.019055
48029191412,0.016106
48029191413,0.02297
48029191503,0.024142
48029191504,0.050067
48029191505,0.023751
48029191506,0.037587
48029191701,0.141772
48029191702,0.023665
48029191804,0.016431
48029191806,0.02251
48029191807,0.019986
48029191808,0.034207
48029191809,0.051449
48029191810,0.021499
48029191811,0.01906
48029191812,0.017379
48029191813,0.020236
48029191814,0.021883
48029191815,0.04461
48029191816,0.049901
48029191818,0.028308
48029191819,0.016621
48029191900,0.048809
48029192000,0.044222
48029192100,0.03666
48029192200,0.123102
48029192300,0.028409
48029980001,0.072088
48029980002,0.16637
48029980003,0.036566
48029980004,0.096729
48029980005,0.024942
48029980100,0.029977
48031950101,0.112182
48031950102,0.070646
48031950201,0.091423
48031950202,0.074328
48033950100,0.19525
48035950100,0.046211
48035950200,0.112504
48035950300,0.158796
48035950400,0.106483
48035950500,0.03502
48035950600,0.164228
48035950700,0.048618
48039660100,0.048818
48039660200,0.068384
48039660301,0.046017
48039660302,0.014222
48039660303,0.034898
48039660401,0.031067
48039660402,0.01557
48039660403,0.069052
48039660501,0.194716
48039660502,0.01966
48039660503,0.055805
48039660504,0.019811
48039660603,0.017147
48039660604,0.014114
48039660605,0.01472
48039660606,0.033349
48039660607,0.025832
48039660608,0.033694
48039660609,0.014939
48039660610,0.052052
48039660611,0.036699
48039660612,0.02221
48039660613,0.015874
48039660614,0.168141
48039660615,0.018296
48039660616,0.015046
48039660703,0.026632
48039660704,0.030853
48039660705,0.020018
48039660706,0.044967
48039660707,0.018588
48039660708,0.044777
48039660803,0.014106
48039660804,0.093211
48039660805,0.015471
48039660806,0.03723
48039660901,0.108437
48039660902,0.050986
48039661000,0.107646
48039661100,0.113001
48039661200,0.126719
48039661300,0.1337
48039661400,0.036525
48039661501,0.05333
48039661502,0.073574
48039661601,0.205135
48039661602,0.074936
48039661700,0.104709
48039661800,0.084197
48039661901,0.044791
48039661902,0.026061
48039662000,0.026318
48039662100,0.087823
48039662200,0.106968
48039662300,0.167587
48039662400,0.133478
48039662500,0.05989
48039662600,0.145505
48039662700,0.041608
48039662800,0.020145
48039662900,0.101026
48039663000,0.1396
48039663100,0.089605
48039663200,0.018596
48039663300,0.040833
48039663400,0.056396
48039663500,0.034107
48039663600,0.025436
48039663700,0.073989
48039663800,0.057763
48039663900,0.077535
48039664000,0.071874
48039664100,0.033128
48039664200,0.058368
48039664300,0.045841
48039664400,0.039995
48039664501,0.023038
48039990000,0.033846
48041000103,0.235735
48041000104,0.155456
48041000105,0.014812
48041000106,0.167178
48041000107,0.018657
48041000108,0.198835
48041000203,0.041188
48041000204,0.030064
48041000205,0.079879
48041000206,0.026475
48041000207,0.053351
48041000301,0.087724
48041000302,0.080029
48041000401,0.068525
48041000402,0.047039
48041000501,0.121598
48041000502,0.036137
48041000603,0.01924
48041000605,0.017578
48041000606,0.022209
48041000700,0.018078
48041000800,0.043596
48041000900,0.022723
48041001001,0.024716
48041001002,0.029072
48041001101,0.018474
48041001102,0.031032
48041001301,0.023013
48041001302,0.05474
48041001303,0.088676
48041001401,0.043083
48041001604,0.015655
48041001605,0.031429
48041001606,0.036637
48041001607,0.106714
48041001608,0.014695
48041001702,0.076987
48041001703,0.084554
48041001704,0.071882
48041001801,0.027022
48041001803,0.015097
48041001804,0.026333
48041001901,0.045081
48041001902,0.028928
48041002001,0.042791
48041002006,0.041202
48041002009,0.033083
48041002010,0.046599
48041002011,0.019506
48041002014,0.024972
48041002016,0.037889
48041002017,0.030519
48041002018,0.022635
48041002019,0.013162
48041002020,0.029789
48041002021,0.017498
48041002022,0.022354
48041002023,0.023095
48041002024,0.023422
48041002025,0.045287
48041002026,0.182656
48041002100,0.019534
48041980000,0.015637
48047950100,0.116221
48047950200,0.114377
48049950100,0.03861
48049950201,0.027708
48049950202,0.145368
48049950300,0.162641
48049950500,0.033685
48049950600,0.115668
48049950700,0.051281
48049950800,0.079575
48049950900,0.018307
48049951000,0.022857
48049951100,0.042931
48049951200,0.134919
48049951300,0.0324
48051970100,0.086705
48051970201,0.049199
48051970202,0.039848
48051970300,0.135993
48051970400,0.078008
48051970501,0.139427
48051970502,0.02313
48053960101,0.024032
48053960102,0.042424
48053960200,0.129254
48053960301,0.157656
48053960302,0.130281
48053960401,0.084789
48053960402,0.052453
48053960501,0.049252
48053960502,0.045563
48053960600,0.028054
48053960701,0.074033
48053960702,0.055645
48053960801,0.082272
48053960802,0.166058
48053960803,0.026554
48055960102,0.028471
48055960103,0.102785
48055960104,0.130004
48055960200,0.046839
48055960300,0.141934
48055960400,0.064194
48055960501,0.051674
48055960502,0.105204
48055960600,0.124192
48055960701,0.069872
48055960702,0.105574
48057000100,0.077307
48057000200,0.14286
48057000300,0.213041
48057000401,0.089365
48057000402,0.135053
48057000501,0.134995
48057000502,0.146194
48057990000,0.036439
48059030101,0.018111
48059030102,0.020722
48059030200,0.041417
48061010101,0.022278
48061010102,0.234286
48061010103,0.047662
48061010201,0.049613
48061010204,0.082944
48061010205,0.114046
48061010301,0.043098
48061010303,0.019556
48061010304,0.037564
48061010403,0.192885
48061010404,0.020286
48061010405,0.045652
48061010406,0.027482
48061010500,0.079792
48061010602,0.261658
48061010603,0.084875
48061010604,0.111674
48061010700,0.062307
48061010801,0.054881
48061010802,0.045076
48061010900,0.152788
48061011000,0.081062
48061011100,0.075823
48061011200,0.12349
48061011301,0.12013
48061011302,0.258048
48061011401,0.081353
48061011402,0.187862
48061011500,0.132904
48061011601,0.047601
48061011602,0.057267
48061011701,0.130337
48061011702,0.136077
48061011801,0.101885
48061011802,0.027637
48061011903,0.026774
48061011904,0.071052
48061011905,0.150618
48061011906,0.032644
48061011907,0.070975
48061011908,0.028009
48061012002,0.036397
48061012003,0.031672
48061012004,0.051834
48061012103,0.068378
48061012104,0.023224
48061012105,0.017979
48061012106,0.014127
48061012201,0.062712
48061012202,0.019229
48061012203,0.01579
48061012301,0.028688
48061012304,0.047904
48061012305,0.083208
48061012402,0.106565
48061012403,0.069972
48061012404,0.059769
48061012506,0.056341
48061012508,0.050115
48061012509,0.044778
48061012510,0.0653
48061012511,0.130203
48061012512,0.26533
48061012513,0.092094
48061012514,0.014891
48061012515,0.029687
48061012516,0.017101
48061012517,0.014572
48061012607,0.029069
48061012608,0.110014
48061012613,0.079377
48061012614,0.038594
48061012615,0.017747
48061012616,0.013751
48061012617,0.025717
48061012700,0.128533
48061012800,0.03196
48061012900,0.221258
48061013002,0.062153
48061013003,0.063068
48061013004,0.152739
48061013102,0.050547
48061013104,0.016785
48061013106,0.086097
48061013203,0.113725
48061013204,0.026654
48061013205,0.113533
48061013206,0.131034
48061013207,0.057274
48061013303,0.200938
48061013305,0.022462
48061013306,0.024068
48061013307,0.035579
48061013308,0.040024
48061013309,0.018622
48061013401,0.130032
48061013402,0.090984
48061013500,0.080347
48061013600,0.256433
48061013700,0.075843
48061013801,0.015028
48061013802,0.020313
48061013901,0.01534
48061013902,0.136518
48061013903,0.030595
48061014001,0.021954
48061014002,0.030336
48061014101,0.014355
48061014102,0.018683
48061014103,0.021324
48061014201,0.132358
48061014202,0.075249
48061014300,0.201073
48061014401,0.082072
48061014402,0.047165
48061014403,0.018293
48061014404,0.014842
48061014501,0.016888
48061014502,0.013562
48061980001,0.094465
48061980100,0.382038
48063950101,0.041488
48063950102,0.152673
48063950200,0.115305
48073950100,0.14654
48073950201,0.067001
48073950202,0.208837
48073950301,0.099105
48073950302,0.119939
48073950400,0.168139
48073950500,0.177709
48073950600,0.145058
48073950700,0.180392
48073950801,0.098775
48073950802,0.138685
48073950900,0.140418
48073951000,0.112913
48073951100,0.150773
48077030302,0.065884
48081950100,0.032389
48081950200,0.124722
48083950300,0.103053
48083950600,0.106532
48083950700,0.030896
48085030101,0.024934
48085030102,0.068897
48085030201,0.049442
48085030202,0.033825
48085030204,0.140913
48085030205,0.099968
48085030206,0.088518
48085030207,0.079059
48085030301,0.020824
48085030302,0.01529
48085030303,0.037879
48085030304,0.022076
48085030306,0.035667
48085030307,0.031344
48085030403,0.042015
48085030404,0.019984
48085030405,0.017706
48085030406,0.017213
48085030407,0.042135
48085030409,0.023629
48085030410,0.027353
48085030504,0.033332
48085030505,0.028174
48085030506,0.01892
48085030507,0.040818
48085030509,0.01461
48085030510,0.015736
48085030511,0.019948
48085030512,0.017786
48085030515,0.016228
48085030516,0.015114
48085030517,0.025998
48085030518,0.015222
48085030519,0.025724
48085030520,0.014557
48085030521,0.014371
48085030524,0.020205
48085030525,0.014385
48085030529,0.031494
48085030531,0.021941
48085030532,0.021664
48085030533,0.01436
48085030534,0.018298
48085030535,0.021377
48085030536,0.013615
48085030537,0.01468
48085030538,0.026579
48085030539,0.018613
48085030540,0.026933
48085030541,0.016158
48085030542,0.019289
48085030543,0.019071
48085030544,0.021442
48085030545,0.038486
48085030546,0.017826
48085030547,0.036692
48085030548,0.016251
48085030549,0.038571
48085030550,0.014318
48085030604,0.039173
48085030605,0.055312
48085030606,0.026128
48085030607,0.023372
48085030608,0.041235
48085030609,0.015947
48085030701,0.080819
48085030702,0.053624
48085030801,0.031197
48085030802,0.019994
48085030901,0.1196
48085030902,0.031213
48085030903,0.017673
48085031003,0.038092
48085031005,0.024471
48085031006,0.075209
48085031007,0.02956
48085031008,0.014603
48085031101,0.117241
48085031102,0.10188
48085031201,0.02746
48085031202,0.029965
48085031308,0.02621
48085031314,0.017909
48085031318,0.016663
48085031319,0.021348
48085031320,0.022764
48085031321,0.015345
48085031322,0.032031
48085031323,0.013162
48085031324,0.013196
48085031325,0.032851
48085031326,0.01963
48085031327,0.035128
48085031328,0.017198
48085031329,0.015153
48085031330,0.016022
48085031331,0.01392
48085031332,0.040364
48085031333,0.018684
48085031334,0.027763
48085031335,0.054885
48085031336,0.018751
48085031408,0.030624
48085031411,0.015598
48085031412,0.024665
48085031413,0.016523
48085031414,0.015148
48085031415,0.066869
48085031416,0.049261
48085031417,0.015874
48085031418,0.020339
48085031419,0.014235
48085031420,0.015444
48085031421,0.015532
48085031422,0.014283
48085031423,0.025552
48085031424,0.015613
48085031425,0.017605
48085031504,0.01309
48085031507,0.034509
48085031508,0.020305
48085031509,0.015405
48085031510,0.02891
48085031511,0.022036
48085031512,0.015968
48085031611,0.031183
48085031613,0.016916
48085031621,0.029678
48085031622,0.021271
48085031623,0.016271
48085031624,0.031231
48085031625,0.016098
48085031626,0.018174
48085031627,0.017305
48085031628,0.014652
48085031629,0.018552
48085031630,0.015367
48085031631,0.019834
48085031632,0.015834
48085031633,0.024949
48085031634,0.014789
48085031635,0.020922
48085031636,0.017497
48085031639,0.015842
48085031641,0.014745
48085031642,0.016174
48085031643,0.01471
48085031645,0.047932
48085031646,0.016332
48085031647,0.028064
48085031649,0.020429
48085031654,0.018729
48085031655,0.028627
48085031657,0.024522
48085031659,0.021258
48085031660,0.016442
48085031661,0.030827
48085031662,0.024708
48085031663,0.033593
48085031664,0.016455
48085031665,0.028392
48085031666,0.021733
48085031667,0.048048
48085031668,0.029344
48085031669,0.016401
48085031670,0.025238
48085031671,0.04329
48085031672,0.017113
48085031673,0.023845
48085031674,0.016905
48085031675,0.015124
48085031676,0.013421
48085031677,0.01609
48085031678,0.019936
48085031679,0.023648
48085031680,0.021823
48085031681,0.016472
48085031682,0.017979
48085031704,0.024761
48085031706,0.03955
48085031708,0.045985
48085031709,0.023585
48085031711,0.035524
48085031713,0.08109
48085031715,0.069116
48085031716,0.079202
48085031717,0.119273
48085031718,0.020434
48085031719,0.01499
48085031720,0.08672
48085031721,0.023545
48085031722,0.130368
48085031723,0.080027
48085031724,0.050466
48085031806,0.031517
48085031807,0.02106
48085031808,0.018067
48085031809,0.022598
48085031810,0.037483
48085031811,0.048737
48085031812,0.023606
48085031813,0.014342
48085031814,0.015507
48085031815,0.015673
48085031816,0.03321
48085031901,0.016998
48085031902,0.044955
48085031903,0.029552
48085031904,0.031201
48085032003,0.018645
48085032008,0.017296
48085032010,0.020478
48085032012,0.016051
48085032013,0.028907
48085032014,0.014324
48085032015,0.02037
48085032016,0.018516
48085032017,0.017688
48085032018,0.061517
48085032019,0.025689
48089750100,0.084502
48089750200,0.098877
48089750300,0.031864
48089750400,0.041972
48089750500,0.057876
48091310100,0.06066
48091310200,0.015378
48091310301,0.206437
48091310302,0.131535
48091310401,0.034838
48091310404,0.015709
48091310405,0.092025
48091310406,0.046186
48091310501,0.088285
48091310502,0.027689
48091310503,0.117207
48091310603,0.027364
48091310604,0.060954
48091310608,0.031265
48091310609,0.020309
48091310610,0.142502
48091310611,0.033238
48091310612,0.060296
48091310613,0.028977
48091310614,0.026232
48091310702,0.086657
48091310703,0.056414
48091310705,0.129269
48091310706,0.032574
48091310707,0.061646
48091310708,0.034653
48091310801,0.049398
48091310803,0.031333
48091310804,0.038202
48091310901,0.066114
48091310903,0.072309
48091310904,0.044332
48091310905,0.021749
48093950101,0.130227
48093950102,0.099263
48093950200,0.036788
48093950300,0.12151
48093950400,0.116749
48095950300,0.092838
48097000100,0.150526
48097000200,0.089057
48097000400,0.088683
48097000500,0.037765
48097000600,0.149778
48097000701,0.025103
48097000702,0.032112
48097000900,0.039549
48097001100,0.053239
48099010101,0.058077
48099010102,0.029626
48099010201,0.056105
48099010202,0.091005
48099010300,0.134266
48099010400,0.042527
48099010501,0.018738
48099010502,0.021625
48099010503,0.045176
48099010504,0.063955
48099010601,0.015549
48099010603,0.016051
48099010604,0.018059
48099010701,0.025175
48099010702,0.220106
48099010802,0.059361
48099010803,0.056229
48099010804,0.073094
48099980000,0.032041
48105950100,0.058448
48107950100,0.028619
48107950200,0.042804
48107950300,0.042552
48113000100,0.139254
48113000201,0.083293
48113000202,0.064801
48113000300,0.069307
48113000401,0.020259
48113000405,0.065463
48113000407,0.032385
48113000408,0.025839
48113000409,0.059761
48113000410,0.020018
48113000501,0.017934
48113000502,0.026656
48113000503,0.066713
48113000605,0.019695
48113000606,0.070658
48113000607,0.015728
48113000608,0.029954
48113000609,0.01647
48113000610,0.01585
48113000611,0.028621
48113000703,0.08036
48113000704,0.026979
48113000705,0.0267
48113000706,0.060339
48113000801,0.015386
48113000802,0.037923
48113000901,0.045742
48113000902,0.07786
48113001001,0.030042
48113001002,0.037705
48113001101,0.050872
48113001102,0.058124
48113001202,0.069513
48113001203,0.208925
48113001204,0.15876
48113001301,0.024316
48113001302,0.034162
48113001400,0.075615
48113001502,0.025873
48113001503,0.014915
48113001504,0.016693
48113001601,0.018154
48113001602,0.017606
48113001703,0.04278
48113001705,0.022559
48113001801,0.05175
48113001802,0.047329
48113001901,0.052484
48113001902,0.039213
48113002001,0.061979
48113002002,0.01755
48113002100,0.038975
48113002200,0.026804
48113002400,0.071385
48113002500,0.045558
48113002703,0.114176
48113003102,0.035361
48113003103,0.129872
48113003700,0.106254
48113004201,0.029529
48113004202,0.013919
48113004300,0.0184
48113004400,0.033539
48113004500,0.018781
48113004600,0.017929
48113004700,0.027777
48113004800,0.022242
48113005000,0.018566
48113005100,0.019845
48113005200,0.019173
48113005300,0.01442
48113005400,0.014553
48113005500,0.026706
48113005600,0.039772
48113005700,0.023919
48113005901,0.024543
48113005902,0.024696
48113006001,0.018957
48113006002,0.046666
48113006100,0.016586
48113006200,0.110834
48113006301,0.02026
48113006302,0.022897
48113006401,0.014366
48113006402,0.044868
48113006501,0.013557
48113006502,0.024846
48113006701,0.014101
48113006702,0.035752
48113006800,0.02657
48113006900,0.023202
48113007101,0.039861
48113007102,0.029924
48113007203,0.028743
48113007204,0.120875
48113007205,0.024637
48113007206,0.05767
48113007301,0.05604
48113007302,0.046131
48113007601,0.026219
48113007604,0.025721
48113007605,0.037344
48113007701,0.042051
48113007702,0.043989
48113007801,0.033487
48113007805,0.020891
48113007809,0.067791
48113007810,0.022777
48113007812,0.016684
48113007815,0.026466
48113007819,0.080499
48113007821,0.033881
48113007822,0.034223
48113007823,0.036927
48113007824,0.019919
48113007825,0.021978
48113007826,0.024901
48113007827,0.045219
48113007828,0.092508
48113007829,0.018723
48113007830,0.087376
48113007831,0.049301
48113007832,0.159488
48113007833,0.021497
48113007834,0.034638
48113007835,0.148342
48113007902,0.053805
48113007903,0.05404
48113007906,0.034209
48113007909,0.054165
48113007910,0.069662
48113007912,0.063685
48113007913,0.050174
48113007914,0.047785
48113007915,0.113394
48113007916,0.058246
48113008000,0.043219
48113008101,0.186049
48113008102,0.137331
48113008200,0.140019
48113008401,0.040079
48113008402,0.017135
48113008500,0.03317
48113008604,0.034964
48113008701,0.045213
48113008703,0.02594
48113008704,0.049656
48113008705,0.05195
48113008801,0.014451
48113008802,0.023656
48113009001,0.051631
48113009002,0.028045
48113009101,0.054618
48113009103,0.013792
48113009104,0.03798
48113009105,0.111641
48113009202,0.01713
48113009203,0.071831
48113009204,0.014917
48113009301,0.026899
48113009303,0.042766
48113009304,0.027988
48113009401,0.017606
48113009402,0.024315
48113009500,0.024376
48113009603,0.02813
48113009604,0.062526
48113009605,0.037511
48113009607,0.019244
48113009608,0.024685
48113009609,0.021233
48113009610,0.063475
48113009611,0.023967
48113009701,0.021366
48113009702,0.014798
48113009802,0.020969
48113009803,0.021444
48113009804,0.021729
48113009900,0.077151
48113010001,0.062697
48113010002,0.134889
48113010003,0.034098
48113010101,0.02393
48113010102,0.02041
48113010500,0.018937
48113010601,0.017762
48113010602,0.054403
48113010701,0.019944
48113010704,0.015557
48113010804,0.014928
48113010805,0.025116
48113010806,0.023484
48113010807,0.015437
48113010808,0.021119
48113010809,0.026379
48113010903,0.021678
48113010904,0.022836
48113010905,0.027016
48113010906,0.022316
48113011002,0.021863
48113011003,0.013682
48113011004,0.03281
48113011101,0.013989
48113011103,0.016109
48113011104,0.013678
48113011105,0.030447
48113011201,0.017832
48113011202,0.032297
48113011300,0.028138
48113011401,0.019425
48113011500,0.047572
48113011601,0.124577
48113011603,0.037699
48113011604,0.02447
48113011701,0.014207
48113011702,0.020689
48113011801,0.018465
48113011802,0.015062
48113011901,0.014157
48113011902,0.050026
48113012000,0.060806
48113012101,0.030671
48113012102,0.018907
48113012206,0.027372
48113012207,0.0189
48113012208,0.105148
48113012209,0.054297
48113012210,0.028236
48113012211,0.039082
48113012212,0.043271
48113012213,0.016496
48113012301,0.080281
48113012302,0.062032
48113012400,0.054114
48113012501,0.12696
48113012502,0.126405
48113012601,0.10794
48113012603,0.090839
48113012604,0.070631
48113012701,0.073446
48113012702,0.132465
48113012801,0.196861
48113012802,0.081295
48113012900,0.079551
48113013005,0.034664
48113013007,0.05104
48113013008,0.014385
48113013009,0.026524
48113013010,0.047805
48113013011,0.031388
48113013012,0.040858
48113013013,0.047798
48113013101,0.019837
48113013102,0.015235
48113013104,0.03214
48113013106,0.017992
48113013107,0.053969
48113013201,0.033697
48113013202,0.043435
48113013300,0.023215
48113013400,0.04039
48113013500,0.013989
48113013605,0.031155
48113013606,0.020628
48113013607,0.01648
48113013608,0.022228
48113013609,0.023203
48113013610,0.015249
48113013611,0.041504
48113013615,0.105143
48113013617,0.058823
48113013618,0.041699
48113013619,0.016491
48113013620,0.063246
48113013621,0.173861
48113013622,0.086963
48113013624,0.045161
48113013625,0.082084
48113013626,0.107214
48113013627,0.150425
48113013628,0.02518
48113013629,0.053722
48113013630,0.296463
48113013631,0.089837
48113013715,0.01664
48113013716,0.021836
48113013717,0.013571
48113013718,0.016249
48113013719,0.055803
48113013720,0.039457
48113013721,0.019952
48113013722,0.02355
48113013725,0.197232
48113013726,0.018337
48113013727,0.019611
48113013728,0.015526
48113013729,0.021298
48113013804,0.025338
48113013805,0.019565
48113013806,0.024715
48113013807,0.026524
48113013808,0.030588
48113013901,0.02369
48113013902,0.015785
48113014001,0.029444
48113014002,0.029271
48113014119,0.020665
48113014120,0.015952
48113014121,0.027263
48113014123,0.023211
48113014124,0.034646
48113014126,0.022152
48113014128,0.016004
48113014130,0.022572
48113014132,0.013652
48113014134,0.036442
48113014135,0.022295
48113014138,0.01585
48113014139,0.017538
48113014140,0.020104
48113014141,0.016255
48113014142,0.014186
48113014143,0.049883
48113014144,0.030704
48113014145,0.037616
48113014146,0.023501
48113014147,0.030598
48113014148,0.025311
48113014149,0.016203
48113014150,0.060105
48113014151,0.024018
48113014152,0.106165
48113014153,0.02747
48113014154,0.016335
48113014155,0.019373
48113014156,0.015428
48113014157,0.021654
48113014158,0.014718
48113014159,0.03157
48113014160,0.021607
48113014161,0.026928
48113014203,0.017921
48113014204,0.015132
48113014205,0.050037
48113014207,0.040562
48113014208,0.043857
48113014209,0.039889
48113014306,0.016608
48113014308,0.02221
48113014309,0.054711
48113014310,0.015899
48113014313,0.051725
48113014314,0.015805
48113014315,0.021641
48113014316,0.129257
48113014317,0.023983
48113014318,0.015196
48113014319,0.0761
48113014320,0.050355
48113014405,0.020591
48113014406,0.02874
48113014407,0.023262
48113014408,0.028642
48113014409,0.036114
48113014410,0.019575
48113014501,0.020879
48113014502,0.02362
48113014601,0.01616
48113014602,0.021433
48113014603,0.015222
48113014701,0.022969
48113014704,0.017093
48113014903,0.0678
48113015001,0.023943
48113015002,0.027258
48113015101,0.015311
48113015102,0.015642
48113015202,0.082302
48113015205,0.033112
48113015206,0.014678
48113015207,0.129026
48113015208,0.013741
48113015303,0.029566
48113015304,0.047017
48113015305,0.017961
48113015306,0.015272
48113015403,0.034271
48113015404,0.069907
48113015405,0.03196
48113015406,0.037325
48113015500,0.043047
48113015600,0.032199
48113015700,0.043308
48113015900,0.052514
48113016001,0.047634
48113016002,0.016014
48113016100,0.043042
48113016201,0.016584
48113016203,0.077468
48113016204,0.015583
48113016301,0.123256
48113016302,0.029784
48113016406,0.021006
48113016407,0.026021
48113016409,0.020091
48113016410,0.021656
48113016412,0.020331
48113016414,0.023916
48113016415,0.01391
48113016416,0.014953
48113016417,0.014163
48113016418,0.113709
48113016419,0.029078
48113016420,0.014768
48113016421,0.127091
48113016511,0.016768
48113016513,0.018603
48113016516,0.013756
48113016517,0.022799
48113016518,0.018274
48113016519,0.018256
48113016521,0.086501
48113016522,0.077827
48113016524,0.025415
48113016525,0.018027
48113016526,0.027158
48113016527,0.017377
48113016528,0.015545
48113016529,0.01325
48113016530,0.024475
48113016531,0.02589
48113016532,0.017894
48113016533,0.047476
48113016534,0.025243
48113016535,0.038721
48113016536,0.017401
48113016607,0.033628
48113016610,0.016052
48113016615,0.015303
48113016616,0.026121
48113016617,0.015842
48113016618,0.017106
48113016619,0.018718
48113016620,0.016773
48113016621,0.018004
48113016622,0.024654
48113016623,0.016179
48113016624,0.037331
48113016626,0.015529
48113016627,0.016184
48113016628,0.032022
48113016629,0.046789
48113016630,0.01479
48113016631,0.020504
48113016632,0.120055
48113016633,0.01882
48113016634,0.056976
48113016635,0.055669
48113016636,0.021126
48113016637,0.02509
48113016638,0.020244
48113016704,0.113084
48113016706,0.025316
48113016707,0.024233
48113016708,0.025131
48113016709,0.027368
48113016710,0.022523
48113016711,0.04217
48113016802,0.045694
48113016803,0.016464
48113016805,0.016782
48113016806,0.016696
48113016902,0.027596
48113016903,0.023744
48113017005,0.04105
48113017006,0.01681
48113017007,0.016107
48113017008,0.040997
48113017009,0.041259
48113017010,0.013734
48113017101,0.026781
48113017102,0.090284
48113017201,0.019758
48113017203,0.054205
48113017204,0.038846
48113017307,0.036648
48113017308,0.013775
48113017309,0.015528
48113017310,0.015061
48113017311,0.018851
48113017312,0.015659
48113017313,0.033614
48113017314,0.014616
48113017315,0.020577
48113017400,0.014957
48113017500,0.073303
48113017602,0.018124
48113017604,0.06672
48113017605,0.01589
48113017606,0.025394
48113017703,0.018531
48113017704,0.027081
48113017705,0.036624
48113017706,0.01855
48113017805,0.025108
48113017806,0.030081
48113017808,0.04194
48113017811,0.06594
48113017812,0.073974
48113017814,0.049719
48113017815,0.015441
48113017816,0.034832
48113017817,0.05
48113017818,0.01667
48113017819,0.048649
48113017820,0.04585
48113017900,0.063523
48113018001,0.060864
48113018002,0.068263
48113018105,0.021134
48113018110,0.018806
48113018111,0.097194
48113018120,0.014374
48113018121,0.016772
48113018126,0.09561
48113018127,0.087069
48113018128,0.095465
48113018129,0.050327
48113018130,0.05398
48113018132,0.030759
48113018133,0.117858
48113018134,0.032929
48113018135,0.019136
48113018137,0.024243
48113018138,0.015456
48113018140,0.071183
48113018141,0.045237
48113018142,0.03352
48113018143,0.046692
48113018144,0.021655
48113018145,0.048806
48113018146,0.016806
48113018147,0.013509
48113018148,0.026464
48113018149,0.027863
48113018150,0.014275
48113018151,0.025583
48113018152,0.036773
48113018153,0.013875
48113018154,0.035138
48113018155,0.015599
48113018156,0.044251
48113018157,0.020039
48113018158,0.133585
48113018159,0.023317
48113018203,0.030799
48113018204,0.018648
48113018205,0.013012
48113018206,0.016216
48113018300,0.020199
48113018401,0.040574
48113018402,0.047682
48113018403,0.101858
48113018501,0.060176
48113018505,0.049354
48113018506,0.02405
48113018507,0.019338
48113018508,0.029024
48113018600,0.016633
48113018700,0.13147
48113018801,0.015464
48113018802,0.03103
48113018900,0.024931
48113019013,0.017367
48113019016,0.113397
48113019018,0.014103
48113019019,0.048008
48113019020,0.038446
48113019023,0.014632
48113019024,0.016271
48113019025,0.235939
48113019026,0.019324
48113019027,0.017903
48113019028,0.014719
48113019029,0.0303
48113019031,0.021992
48113019032,0.022967
48113019033,0.026608
48113019034,0.018187
48113019035,0.016572
48113019036,0.192848
48113019037,0.017885
48113019039,0.021254
48113019040,0.023068
48113019041,0.019856
48113019042,0.021137
48113019044,0.028671
48113019045,0.034524
48113019046,0.0153
48113019047,0.01341
48113019048,0.016752
48113019049,0.040124
48113019050,0.047263
48113019051,0.034448
48113019052,0.021912
48113019053,0.10509
48113019101,0.028033
48113019102,0.086121
48113019202,0.018145
48113019203,0.017034
48113019205,0.01842
48113019208,0.02193
48113019210,0.021917
48113019211,0.018776
48113019212,0.018516
48113019213,0.068402
48113019214,0.014981
48113019215,0.025723
48113019216,0.018102
48113019301,0.02337
48113019302,0.034455
48113019400,0.015359
48113019501,0.125836
48113019502,0.025524
48113019600,0.025534
48113019700,0.018888
48113019800,0.035138
48113019900,0.030841
48113020000,0.019361
48113020100,0.063342
48113020200,0.070485
48113020300,0.028327
48113020401,0.049417
48113020402,0.028914
48113020500,0.014619
48113020600,0.028008
48113020700,0.021701
48113020800,0.020571
48113020900,0.024898
48113021000,0.015335
48113021100,0.084643
48113021200,0.037774
48113980000,0.087702
48113980100,0.116421
48113980200,0.012963
48115950401,0.115934
48115950402,0.12189
48115950500,0.171327
48115950600,0.095866
48119950100,0.048626
48119950200,0.093015
48121020109,0.017516
48121020110,0.02457
48121020111,0.025156
48121020112,0.071641
48121020115,0.015712
48121020116,0.019064
48121020117,0.068036
48121020118,0.11075
48121020119,0.015911
48121020120,0.026918
48121020121,0.057177
48121020122,0.035591
48121020123,0.070582
48121020124,0.014619
48121020125,0.060333
48121020126,0.016617
48121020127,0.024738
48121020128,0.058201
48121020129,0.023537
48121020130,0.037878
48121020131,0.042605
48121020132,0.04221
48121020133,0.01463
48121020134,0.025698
48121020135,0.099901
48121020136,0.131237
48121020137,0.074047
48121020203,0.01886
48121020204,0.057165
48121020205,0.044791
48121020206,0.098539
48121020207,0.086905
48121020208,0.015695
48121020305,0.026583
48121020310,0.025761
48121020311,0.031912
48121020312,0.022323
48121020313,0.022513
48121020314,0.047058
48121020315,0.053359
48121020316,0.051453
48121020317,0.016931
48121020318,0.036724
48121020319,0.057573
48121020320,0.025335
48121020321,0.014352
48121020322,0.023678
48121020402,0.132126
48121020403,0.027161
48121020404,0.096962
48121020405,0.070487
48121020504,0.03672
48121020505,0.085844
48121020506,0.120943
48121020507,0.017948
48121020508,0.131088
48121020601,0.058977
48121020603,0.122278
48121020604,0.016073
48121020605,0.067722
48121020700,0.017393
48121020800,0.050061
48121020900,0.021135
48121021000,0.019338
48121021100,0.037695
48121021202,0.030268
48121021203,0.161542
48121021204,0.036772
48121021301,0.165042
48121021304,0.018794
48121021305,0.060747
48121021306,0.055245
48121021307,0.015938
48121021410,0.031592
48121021411,0.096491
48121021412,0.096486
48121021413,0.127283
48121021414,0.130396
48121021415,0.031556
48121021416,0.015164
48121021417,0.026072
48121021418,0.021778
48121021419,0.022427
48121021420,0.027382
48121021421,0.034143
48121021422,0.016032
48121021423,0.019407
48121021502,0.051098
48121021505,0.029376
48121021512,0.023003
48121021513,0.056577
48121021514,0.016551
48121021516,0.016142
48121021517,0.179128
48121021518,0.030987
48121021520,0.015904
48121021521,0.063648
48121021522,0.022945
48121021526,0.02153
48121021528,0.019416
48121021529,0.014627
48121021530,0.026835
48121021531,0.020771
48121021532,0.019055
48121021533,0.013653
48121021534,0.016452
48121021535,0.022426
48121021536,0.047164
48121021537,0.039322
48121021538,0.014699
48121021539,0.019962
48121021540,0.015298
48121021611,0.025327
48121021612,0.02072
48121021613,0.016878
48121021614,0.017299
48121021615,0.022514
48121021616,0.015815
48121021618,0.02598
48121021619,0.022063
48121021620,0.034668
48121021621,0.024383
48121021622,0.01821
48121021626,0.025385
48121021630,0.015358
48121021631,0.023321
48121021632,0.015626
48121021633,0.017137
48121021634,0.035016
48121021635,0.017644
48121021637,0.023503
48121021638,0.015146
48121021639,0.020214
48121021640,0.014825
48121021641,0.045023
48121021642,0.050944
48121021643,0.017561
48121021644,0.022684
48121021645,0.071276
48121021646,0.027826
48121021647,0.029174
48121021648,0.013395
48121021649,0.062954
48121021650,0.025789
48121021651,0.018123
48121021652,0.017225
48121021653,0.021615
48121021654,0.051251
48121021655,0.025473
48121021715,0.018462
48121021716,0.035851
48121021717,0.015868
48121021719,0.025297
48121021720,0.023118
48121021721,0.013921
48121021722,0.018959
48121021723,0.021915
48121021724,0.01613
48121021725,0.037397
48121021726,0.016185
48121021727,0.01694
48121021728,0.083934
48121021729,0.020274
48121021730,0.01519
48121021731,0.015026
48121021732,0.244225
48121021733,0.039285
48121021734,0.073552
48121021735,0.024082
48121021736,0.024106
48121021737,0.040683
48121021738,0.048648
48121021739,0.091639
48121021740,0.019461
48121021741,0.013272
48121021742,0.026108
48121021743,0.062993
48121021744,0.033107
48121021745,0.024253
48121021746,0.026591
48121021748,0.029986
48121021749,0.022815
48121021750,0.021792
48121021751,0.017864
48121021752,0.014236
48121021754,0.034866
48121021755,0.017473
48121021756,0.057768
48121021757,0.044382
48121021758,0.019184
48121021759,0.036633
48121021800,0.020138
48121021900,0.014825
48123970100,0.044287
48123970201,0.189468
48123970202,0.085988
48123970300,0.079406
48123970400,0.055758
48123970500,0.078167
48125950300,0.085763
48127950201,0.114358
48127950202,0.089655
48127950400,0.124904
48131950100,0.039342
48131950200,0.059721
48131950500,0.028784
48133950100,0.051661
48133950201,0.036007
48133950202,0.042202
48133950301,0.101626
48133950302,0.054825
48133950400,0.031572
48133950500,0.024907
48137950300,0.097483
48139060103,0.034498
48139060104,0.02551
48139060105,0.022512
48139060106,0.017949
48139060206,0.085117
48139060207,0.051056
48139060209,0.018109
48139060211,0.023045
48139060212,0.025292
48139060215,0.022717
48139060216,0.089201
48139060217,0.019514
48139060218,0.014383
48139060219,0.029697
48139060220,0.015353
48139060221,0.015933
48139060300,0.01306
48139060400,0.093043
48139060500,0.034348
48139060601,0.080229
48139060602,0.029422
48139060702,0.04725
48139060704,0.061022
48139060801,0.022081
48139060802,0.045735
48139060803,0.038474
48139060900,0.019443
48139061000,0.089873
48139061100,0.028663
48139061200,0.079936
48139061300,0.053526
48139061401,0.05632
48139061402,0.024769
48139061500,0.068373
48139061600,0.048832
48139061700,0.051931
48143950100,0.081427
48143950201,0.069886
48143950203,0.049764
48143950204,0.032639
48143950301,0.069307
48143950302,0.095036
48143950401,0.174752
48143950402,0.082095
48143950501,0.090145
48143950502,0.120855
48143950600,0.132338
48143950700,0.109016
48145000200,0.112117
48145000300,0.154729
48145000400,0.123322
48145000500,0.037232
48145000700,0.031679
48145000800,0.043165
48147950100,0.040177
48147950300,0.067725
48147950401,0.181818
48147950402,0.102869
48147950500,0.140954
48147950600,0.199266
48147950701,0.041585
48147950702,0.079393
48147950800,0.062365
48149970100,0.041156
48149970200,0.103757
48149970301,0.110342
48149970302,0.057726
48149970400,0.062565
48149970500,0.033921
48149970601,0.040485
48149970602,0.069342
48149970700,0.061309
48151950300,0.03687
48151950400,0.130831
48155950100,0.026667
48157670101,0.015853
48157670102,0.030323
48157670201,0.013999
48157670202,0.020975
48157670300,0.053872
48157670400,0.015898
48157670500,0.082333
48157670602,0.016128
48157670603,0.015841
48157670604,0.013948
48157670700,0.062319
48157670801,0.134887
48157670802,0.015222
48157670803,0.028699
48157670804,0.169218
48157670902,0.161251
48157670903,0.131729
48157670904,0.015353
48157671001,0.015752
48157671002,0.018678
48157671101,0.060018
48157671102,0.017427
48157671200,0.015359
48157671300,0.022081
48157671401,0.027226
48157671402,0.027379
48157671501,0.016576
48157671502,0.046498
48157671601,0.027896
48157671602,0.026301
48157671700,0.035579
48157671800,0.027564
48157671900,0.020216
48157672002,0.055442
48157672003,0.016584
48157672004,0.015287
48157672100,0.088547
48157672201,0.068506
48157672202,0.020795
48157672303,0.034519
48157672304,0.015823
48157672305,0.039456
48157672306,0.018416
48157672401,0.049746
48157672402,0.036595
48157672500,0.020197
48157672602,0.014828
48157672603,0.014308
48157672604,0.017346
48157672701,0.016715
48157672702,0.015653
48157672703,0.022287
48157672801,0.050529
48157672802,0.060149
48157672901,0.019322
48157672902,0.014551
48157672903,0.0366
48157672904,0.047845
48157672905,0.032112
48157672906,0.02396
48157672907,0.014354
48157673004,0.016846
48157673005,0.019522
48157673006,0.019027
48157673007,0.025753
48157673008,0.015079
48157673009,0.043298
48157673010,0.01574
48157673103,0.045246
48157673104,0.018078
48157673105,0.032574
48157673106,0.02621
48157673107,0.016787
48157673108,0.01793
48157673109,0.020328
48157673110,0.016063
48157673111,0.017534
48157673112,0.025419
48157673113,0.013796
48157673201,0.014438
48157673202,0.025607
48157673300,0.030068
48157673401,0.017637
48157673402,0.027113
48157673403,0.029647
48157673404,0.028763
48157673501,0.037482
48157673502,0.01848
48157673600,0.038439
48157673700,0.078663
48157673801,0.178989
48157673802,0.076934
48157673902,0.025397
48157673903,0.0254
48157673904,0.156519
48157674001,0.015685
48157674002,0.021709
48157674100,0.017747
48157674200,0.023557
48157674301,0.016609
48157674302,0.019555
48157674401,0.01663
48157674402,0.029833
48157674403,0.021649
48157674404,0.041595
48157674503,0.015403
48157674504,0.023369
48157674505,0.034004
48157674506,0.016099
48157674507,0.043278
48157674508,0.048715
48157674601,0.076812
48157674602,0.103726
48157674603,0.022536
48157674604,0.059407
48157674701,0.137164
48157674702,0.038534
48157674800,0.029991
48157674900,0.202421
48157675000,0.122319
48157675101,0.021994
48157675102,0.045531
48157675200,0.192
48157675300,0.157118
48157675401,0.145671
48157675402,0.137887
48157675501,0.068706
48157675502,0.029147
48157675503,0.015615
48157675600,0.022652
48157675701,0.024001
48157675702,0.014496
48157675800,0.060421
48159950101,0.048105
48159950102,0.039277
48159950200,0.09626
48159950300,0.089716
48161000101,0.034397
48161000102,0.171025
48161000200,0.140911
48161000300,0.095785
48161000400,0.054075
48161000600,0.030379
48161000700,0.090491
48161000900,0.155022
48163950101,0.027594
48163950102,0.043507
48163950201,0.118449
48163950202,0.048206
48163950301,0.120878
48163950302,0.088787
48167720100,0.018678
48167720200,0.026719
48167720301,0.043497
48167720302,0.015985
48167720400,0.048651
48167720501,0.021267
48167720504,0.014838
48167720505,0.038656
48167720506,0.015543
48167720507,0.017839
48167720508,0.025687
48167720509,0.098778
48167720510,0.036127
48167720511,0.039474
48167720512,0.013847
48167720601,0.023178
48167720602,0.017909
48167720603,0.01392
48167720604,0.022367
48167720605,0.038911
48167720701,0.056617
48167720702,0.062831
48167720703,0.033584
48167720800,0.021332
48167720900,0.077949
48167721101,0.028042
48167721203,0.090801
48167721204,0.016
48167721205,0.020651
48167721206,0.107193
48167721209,0.089427
48167721301,0.015721
48167721302,0.024727
48167721401,0.015442
48167721403,0.016561
48167721501,0.073855
48167721502,0.040201
48167721901,0.017664
48167723300,0.026597
48167723401,0.09949
48167723402,0.034962
48167723403,0.039741
48167723503,0.163307
48167723504,0.170675
48167723505,0.03731
48169950101,0.05188
48169950102,0.031435
48169980000,0.199034
48171950100,0.09428
48171950200,0.033765
48171950301,0.1821
48171950302,0.116897
48171950401,0.090897
48171950402,0.207484
48171950500,0.148546
48173950100,0.062107
48175960100,0.122457
48175960200,0.056576
48177000100,0.119139
48177000200,0.072744
48177000300,0.15419
48177000400,0.156197
48177000500,0.114706
48177000600,0.027934
48181000101,0.059621
48181000102,0.063343
48181000302,0.068926
48181000304,0.044945
48181000600,0.070944
48181000700,0.163548
48181000800,0.018282
48181000901,0.139531
48181000903,0.038476
48181000904,0.034446
48181001101,0.033485
48181001103,0.10373
48181001104,0.042471
48181001200,0.01577
48181001300,0.151699
48181001400,0.083582
48181001500,0.097181
48181001700,0.021767
48181001801,0.046046
48181001802,0.025727
48181001803,0.088804
48181001901,0.078046
48181001902,0.026534
48181002000,0.041883
48183010100,0.027703
48183010201,0.123347
48183010202,0.04728
48183010401,0.09085
48183010402,0.056311
48183010700,0.074466
48185180101,0.035689
48185180102,0.082082
48185180201,0.054517
48185180202,0.037269
48185180302,0.07542
48185180303,0.017179
48185180304,0.075339
48185180400,0.042003
48187210100,0.113402
48187210200,0.090694
48187210300,0.165748
48187210400,0.097404
48187210505,0.042072
48187210506,0.088927
48187210508,0.081724
48187210509,0.18999
48187210510,0.150075
48187210511,0.126048
48187210512,0.176561
48187210513,0.045567
48187210603,0.025291
48187210606,0.022749
48187210608,0.119584
48187210609,0.017245
48187210610,0.033116
48187210611,0.013393
48187210612,0.063005
48187210613,0.018523
48187210614,0.029583
48187210705,0.034622
48187210706,0.029344
48187210707,0.026556
48187210709,0.02946
48187210710,0.041764
48187210711,0.024612
48187210712,0.018436
48187210713,0.013295
48187210715,0.019833
48187210716,0.014163
48187210717,0.016229
48187210718,0.018214
48187210803,0.02628
48187210804,0.057389
48187210805,0.070513
48187210806,0.130921
48187210902,0.04043
48187210903,0.052396
48187210904,0.189281
48187210905,0.025324
48193950100,0.044746
48193950200,0.093847
48193950300,0.062951
48201100001,0.087238
48201210400,0.016994
48201210500,0.015134
48201210600,0.018089
48201210700,0.016635
48201210800,0.025257
48201210900,0.02893
48201211000,0.034145
48201211101,0.048655
48201211102,0.01486
48201211200,0.013906
48201211301,0.039371
48201211302,0.050435
48201211400,0.022108
48201211501,0.053652
48201211502,0.060213
48201211600,0.051827
48201211700,0.040135
48201211900,0.01546
48201212300,0.033409
48201212400,0.027457
48201212500,0.038187
48201220100,0.027033
48201220200,0.016533
48201220300,0.025426
48201220400,0.031142
48201220500,0.031778
48201220600,0.019808
48201220701,0.047506
48201220702,0.041246
48201220800,0.051295
48201220900,0.057973
48201221000,0.019778
48201221100,0.019837
48201221200,0.017798
48201221301,0.038977
48201221302,0.01579
48201221400,0.018497
48201221501,0.017488
48201221502,0.030816
48201221601,0.018026
48201221602,0.026113
48201221701,0.01752
48201221702,0.037312
48201221800,0.040883
48201221900,0.062764
48201222000,0.023602
48201222100,0.033494
48201222200,0.039623
48201222300,0.018451
48201222401,0.064387
48201222402,0.023083
48201222501,0.019183
48201222502,0.169057
48201222504,0.020638
48201222505,0.024251
48201222601,0.020271
48201222602,0.016574
48201222701,0.021044
48201222702,0.04309
48201222800,0.035574
48201222900,0.034978
48201223001,0.020972
48201223002,0.017321
48201223100,0.032053
48201230100,0.018978
48201230200,0.015965
48201230300,0.019434
48201230400,0.016366
48201230500,0.044354
48201230600,0.047953
48201230700,0.016687
48201230800,0.031897
48201230900,0.017291
48201231000,0.018251
48201231100,0.085582
48201231200,0.018088
48201231300,0.013392
48201231400,0.014036
48201231500,0.032033
48201231600,0.018002
48201231700,0.067797
48201231800,0.027485
48201231900,0.028332
48201232000,0.01882
48201232100,0.052376
48201232201,0.021431
48201232202,0.032448
48201232203,0.089042
48201232303,0.017217
48201232304,0.055185
48201232305,0.044225
48201232306,0.035373
48201232402,0.025601
48201232403,0.03129
48201232404,0.040756
48201232405,0.052098
48201232500,0.102668
48201232600,0.025952
48201232701,0.032806
48201232703,0.044308
48201232704,0.035757
48201232801,0.04924
48201232802,0.022443
48201232901,0.03169
48201232902,0.043123
48201233001,0.035481
48201233002,0.03201
48201233003,0.024862
48201233101,0.023678
48201233103,0.06092
48201233104,0.044419
48201233105,0.039361
48201233200,0.024472
48201233300,0.051221
48201233400,0.021747
48201233501,0.022938
48201233502,0.034645
48201233600,0.038319
48201233701,0.048522
48201233702,0.025608
48201233703,0.052857
48201240101,0.024437
48201240102,0.042328
48201240400,0.0261
48201240503,0.017333
48201240504,0.016643
48201240505,0.020602
48201240506,0.014408
48201240600,0.022472
48201240703,0.026403
48201240704,0.023833
48201240705,0.016826
48201240706,0.038514
48201240707,0.031617
48201240802,0.016535
48201240803,0.028048
48201240804,0.024978
48201240903,0.034658
48201240904,0.020309
48201240905,0.021705
48201240906,0.015516
48201241001,0.042092
48201241002,0.01576
48201241101,0.02113
48201241103,0.015881
48201241104,0.019208
48201241105,0.153077
48201241201,0.019868
48201241202,0.174903
48201241301,0.027785
48201241302,0.021404
48201241400,0.030043
48201241501,0.035306
48201241502,0.029807
48201241503,0.046684
48201250101,0.043758
48201250102,0.078017
48201250201,0.027847
48201250202,0.030958
48201250303,0.089248
48201250304,0.053717
48201250305,0.027687
48201250306,0.027194
48201250403,0.046023
48201250404,0.016095
48201250405,0.032825
48201250406,0.050645
48201250407,0.10073
48201250408,0.016713
48201250500,0.024473
48201250601,0.054276
48201250602,0.054454
48201250701,0.021794
48201250702,0.018331
48201250801,0.019039
48201250802,0.034643
48201250901,0.028365
48201250902,0.02579
48201251000,0.05521
48201251100,0.029351
48201251200,0.027775
48201251300,0.016678
48201251401,0.021721
48201251402,0.014381
48201251501,0.01727
48201251503,0.0143
48201251504,0.01337
48201251505,0.017888
48201251600,0.04757
48201251701,0.017559
48201251702,0.026336
48201251800,0.272559
48201251902,0.038177
48201251903,0.052102
48201251904,0.018364
48201252001,0.014221
48201252002,0.045235
48201252003,0.048083
48201252100,0.019535
48201252201,0.085163
48201252202,0.109508
48201252303,0.01437
48201252304,0.026551
48201252305,0.018566
48201252306,0.024491
48201252400,0.031854
48201252500,0.116496
48201252601,0.038642
48201252602,0.102369
48201252700,0.092657
48201252800,0.024702
48201252901,0.035523
48201252902,0.018976
48201253000,0.056578
48201253202,0.025359
48201253300,0.018483
48201253502,0.034503
48201310101,0.020975
48201310102,0.020412
48201310200,0.02201
48201310300,0.013461
48201310400,0.017518
48201310500,0.021874
48201310600,0.014759
48201310700,0.033851
48201310800,0.023831
48201310900,0.016349
48201311001,0.070382
48201311002,0.108174
48201311100,0.022275
48201311200,0.042588
48201311300,0.015457
48201311400,0.01587
48201311501,0.017041
48201311502,0.024643
48201311600,0.0311
48201311701,0.027043
48201311702,0.045353
48201311800,0.044298
48201311900,0.021966
48201312000,0.04384
48201312200,0.040073
48201312300,0.020202
48201312400,0.022575
48201312501,0.023646
48201312502,0.022165
48201312601,0.083843
48201312602,0.032849
48201312603,0.029117
48201312700,0.024404
48201312800,0.024173
48201312901,0.021952
48201312902,0.017549
48201313000,0.024122
48201313101,0.02504
48201313102,0.075054
48201313201,0.039628
48201313202,0.01972
48201313300,0.014927
48201313400,0.015652
48201313500,0.017521
48201313600,0.021953
48201313700,0.040098
48201313801,0.030091
48201313802,0.023072
48201313901,0.039823
48201313902,0.017017
48201314001,0.048466
48201314003,0.096217
48201314004,0.024971
48201314005,0.025852
48201314301,0.063311
48201314302,0.04093
48201314401,0.110849
48201314402,0.170628
48201320100,0.018738
48201320201,0.033982
48201320202,0.021381
48201320500,0.031433
48201320601,0.017139
48201320602,0.019347
48201320700,0.040956
48201320800,0.11816
48201320901,0.035902
48201320902,0.015073
48201321001,0.033031
48201321002,0.052848
48201321101,0.045046
48201321102,0.029095
48201321200,0.033099
48201321301,0.030892
48201321302,0.068566
48201321401,0.025175
48201321402,0.090209
48201321500,0.058167
48201321600,0.043627
48201321700,0.017714
48201321800,0.03787
48201321900,0.018925
48201322000,0.056955
48201322100,0.020431
48201322200,0.017554
48201322600,0.072049
48201322701,0.026153
48201322702,0.029831
48201322800,0.03111
48201322900,0.0194
48201323000,0.025884
48201323100,0.024333
48201323200,0.02834
48201323300,0.021138
48201323400,0.024076
48201323500,0.035656
48201323601,0.028928
48201323602,0.052914
48201323701,0.036509
48201323702,0.042961
48201323801,0.016232
48201323802,0.018797
48201323900,0.042292
48201324000,0.036795
48201324101,0.075415
48201324102,0.196533
48201324200,0.073486
48201330101,0.026029
48201330102,0.019756
48201330200,0.017314
48201330301,0.056488
48201330302,0.038573
48201330303,0.028469
48201330400,0.043592
48201330500,0.02266
48201330600,0.022261
48201330700,0.054956
48201330801,0.056277
48201330802,0.079047
48201330901,0.019376
48201330902,0.01695
48201331100,0.0229
48201331200,0.018835
48201331300,0.034196
48201331400,0.046392
48201331501,0.13578
48201331502,0.01452
48201331602,0.014582
48201331603,0.019658
48201331604,0.016945
48201331700,0.043047
48201331800,0.024976
48201331900,0.031059
48201332000,0.025799
48201332100,0.037168
48201332200,0.015561
48201332300,0.025047
48201332400,0.018533
48201332500,0.01876
48201332600,0.015308
48201332700,0.03378
48201332800,0.045266
48201332900,0.024323
48201333000,0.032641
48201333100,0.01938
48201333201,0.031577
48201333203,0.017447
48201333204,0.028678
48201333205,0.066313
48201333301,0.040638
48201333302,0.018323
48201333501,0.032424
48201333502,0.118685
48201333600,0.080229
48201333700,0.052689
48201333801,0.081055
48201333802,0.017171
48201333903,0.024058
48201333904,0.028581
48201333905,0.018432
48201333906,0.025737
48201334001,0.017038
48201334002,0.071048
48201334003,0.042124
48201334101,0.034808
48201334102,0.058816
48201340101,0.061719
48201340102,0.021216
48201340201,0.137516
48201340202,0.031785
48201340203,0.024915
48201340301,0.023277
48201340302,0.024216
48201340400,0.025105
48201340501,0.020006
48201340502,0.051879
48201340600,0.022911
48201340701,0.02601
48201340702,0.022395
48201340800,0.018215
48201340900,0.05129
48201341001,0.072474
48201341002,0.045604
48201341101,0.026302
48201341102,0.03504
48201341201,0.035533
48201341203,0.063425
48201341204,0.053123
48201341302,0.080636
48201341303,0.029181
48201341304,0.070233
48201341400,0.043046
48201341501,0.022033
48201341502,0.049466
48201342001,0.019362
48201342002,0.037605
48201342100,0.022666
48201342200,0.052659
48201342300,0.017751
48201342400,0.067808
48201342500,0.079608
48201342700,0.045126
48201342801,0.031209
48201342802,0.095437
48201342900,0.01867
48201343000,0.032082
48201343100,0.055204
48201343200,0.026171
48201343301,0.030359
48201343302,0.032229
48201343601,0.190701
48201343700,0.107849
48201350101,0.046927
48201350102,0.019976
48201350103,0.013512
48201350104,0.043026
48201350201,0.019963
48201350202,0.047927
48201350300,0.02263
48201350400,0.016972
48201350500,0.019593
48201350601,0.02472
48201350603,0.015132
48201350604,0.017718
48201350700,0.015485
48201350801,0.019033
48201350803,0.02573
48201350804,0.015542
48201410101,0.022769
48201410102,0.048849
48201410201,0.056668
48201410202,0.034759
48201410300,0.032373
48201410401,0.150014
48201410402,0.03378
48201410501,0.075295
48201410502,0.078425
48201410601,0.039936
48201410602,0.025703
48201410703,0.020659
48201410704,0.080395
48201410705,0.027356
48201410706,0.015062
48201410801,0.043622
48201410802,0.020611
48201410900,0.139055
48201411001,0.083839
48201411002,0.041937
48201411003,0.028505
48201411100,0.037258
48201411200,0.091594
48201411301,0.064322
48201411302,0.111329
48201411400,0.02214
48201411503,0.029298
48201411504,0.055709
48201411505,0.025419
48201411506,0.060376
48201411507,0.087735
48201411600,0.027734
48201411700,0.025585
48201411801,0.031865
48201411802,0.029311
48201411901,0.085983
48201411902,0.030205
48201412000,0.046111
48201412201,0.0319
48201412202,0.019225
48201412300,0.066069
48201412400,0.023304
48201412500,0.036903
48201412600,0.042493
48201412700,0.016704
48201412800,0.029176
48201412901,0.091625
48201412902,0.028853
48201413000,0.026074
48201413100,0.034071
48201413203,0.022693
48201413204,0.09114
48201413205,0.052323
48201413206,0.04261
48201413301,0.020853
48201413302,0.015463
48201420100,0.020562
48201420200,0.018617
48201420300,0.014819
48201420400,0.032957
48201420500,0.030464
48201420600,0.053909
48201420700,0.014731
48201420800,0.015346
48201420900,0.022054
48201421000,0.068856
48201421101,0.019472
48201421103,0.015096
48201421104,0.031664
48201421203,0.070336
48201421204,0.020902
48201421205,0.027663
48201421206,0.013866
48201421301,0.012697
48201421302,0.019982
48201421401,0.032746
48201421402,0.019307
48201421403,0.027244
48201421501,0.017145
48201421502,0.017209
48201421601,0.019933
48201421602,0.060702
48201421700,0.014975
48201421801,0.031617
48201421802,0.023696
48201421900,0.022287
48201422000,0.014081
48201422100,0.082086
48201422200,0.021679
48201422302,0.023665
48201422303,0.024932
48201422304,0.031286
48201422403,0.016831
48201422404,0.021771
48201422405,0.029067
48201422406,0.014849
48201422501,0.027311
48201422502,0.015903
48201422601,0.018427
48201422602,0.015402
48201422701,0.014903
48201422702,0.015375
48201422800,0.016362
48201422900,0.021502
48201423001,0.025903
48201423002,0.032663
48201423100,0.043308
48201423201,0.029361
48201423203,0.014564
48201423204,0.031559
48201423301,0.023747
48201423303,0.017071
48201423304,0.01793
48201423401,0.026132
48201423402,0.014627
48201423500,0.039253
48201423600,0.029456
48201430101,0.025288
48201430102,0.022355
48201430200,0.022538
48201430300,0.022602
48201430400,0.016433
48201430500,0.104987
48201430600,0.014102
48201430700,0.07393
48201430800,0.054015
48201430900,0.047221
48201431001,0.018769
48201431002,0.025658
48201431101,0.046046
48201431102,0.025863
48201431203,0.02602
48201431204,0.02753
48201431205,0.020915
48201431206,0.028963
48201431302,0.020611
48201431303,0.020661
48201431304,0.068099
48201431401,0.021083
48201431403,0.079764
48201431404,0.03653
48201431503,0.045172
48201431504,0.023633
48201431505,0.050586
48201431506,0.020649
48201431600,0.022957
48201431701,0.032723
48201431702,0.042132
48201431801,0.023139
48201431803,0.015814
48201431804,0.060764
48201431901,0.028893
48201431902,0.029587
48201432003,0.022428
48201432004,0.027587
48201432005,0.115514
48201432006,0.014152
48201432101,0.05373
48201432102,0.073406
48201432200,0.02116
48201432301,0.047063
48201432302,0.033325
48201432303,0.045953
48201432401,0.014768
48201432402,0.020231
48201432501,0.021124
48201432502,0.020828
48201432600,0.016405
48201432703,0.022581
48201432704,0.019944
48201432705,0.018323
48201432706,0.014529
48201432803,0.016276
48201432804,0.028511
48201432805,0.023571
48201432806,0.067869
48201432901,0.052
48201432903,0.029147
48201432904,0.041945
48201433003,0.033999
48201433004,0.025096
48201433005,0.049696
48201433006,0.018923
48201433007,0.015186
48201433100,0.058547
48201433201,0.058502
48201433202,0.018124
48201433300,0.016524
48201433400,0.018578
48201433503,0.05099
48201433504,0.037053
48201433505,0.027152
48201433506,0.02493
48201433507,0.040282
48201433601,0.026466
48201433602,0.015872
48201440101,0.015953
48201440102,0.039341
48201450100,0.033011
48201450200,0.035916
48201450301,0.015274
48201450302,0.032744
48201450401,0.048881
48201450402,0.053005
48201450500,0.038634
48201450600,0.020866
48201450700,0.024869
48201450801,0.028456
48201450803,0.031337
48201450804,0.077443
48201450900,0.067302
48201451003,0.024809
48201451004,0.0334
48201451005,0.021969
48201451006,0.046772
48201451100,0.02447
48201451200,0.021947
48201451301,0.015834
48201451302,0.015812
48201451401,0.017382
48201451404,0.033043
48201451405,0.025848
48201451406,0.018358
48201451407,0.022675
48201451501,0.033876
48201451502,0.15423
48201451603,0.025938
48201451604,0.064676
48201451605,0.020424
48201451606,0.039663
48201451700,0.049933
48201451800,0.02026
48201451902,0.020766
48201451903,0.061919
48201451904,0.016559
48201452001,0.018922
48201452002,0.022016
48201452101,0.024222
48201452102,0.022834
48201452103,0.024038
48201452202,0.032872
48201452203,0.053498
48201452204,0.047151
48201452300,0.048284
48201452401,0.032234
48201452402,0.017588
48201452501,0.016766
48201452502,0.037209
48201452601,0.020953
48201452602,0.01538
48201452701,0.014924
48201452702,0.013779
48201452703,0.034873
48201452801,0.040211
48201452802,0.03432
48201452900,0.04685
48201453001,0.041915
48201453002,0.024699
48201453100,0.023256
48201453201,0.020706
48201453202,0.029119
48201453300,0.02045
48201453401,0.030126
48201453403,0.015943
48201453404,0.056914
48201453405,0.015467
48201453501,0.024624
48201453502,0.014509
48201453601,0.041965
48201453603,0.050134
48201453604,0.016177
48201453701,0.01719
48201453702,0.022832
48201453800,0.03901
48201453901,0.015745
48201453902,0.034072
48201454000,0.018492
48201454100,0.016122
48201454200,0.033355
48201454302,0.014937
48201454303,0.029615
48201454304,0.018782
48201454305,0.018562
48201454400,0.080226
48201454502,0.016504
48201454503,0.028161
48201454504,0.01653
48201454505,0.055982
48201454600,0.021406
48201454700,0.12642
48201454801,0.054318
48201454802,0.017998
48201454901,0.024364
48201454902,0.016574
48201455000,0.023587
48201455102,0.020534
48201455103,0.190884
48201455104,0.042842
48201455200,0.036517
48201455300,0.048863
48201510100,0.054836
48201510201,0.04187
48201510202,0.01989
48201510301,0.052273
48201510302,0.023316
48201510400,0.024565
48201510500,0.022429
48201510601,0.057497
48201510602,0.049707
48201510701,0.019584
48201510702,0.030501
48201510801,0.086951
48201510802,0.022118
48201510803,0.069649
48201510901,0.023954
48201510902,0.062206
48201511001,0.022697
48201511003,0.029169
48201511004,0.019073
48201511100,0.025316
48201511201,0.03683
48201511202,0.019111
48201511301,0.025339
48201511302,0.106433
48201511400,0.061717
48201511501,0.023646
48201511502,0.017394
48201511600,0.022266
48201520100,0.018956
48201520200,0.030017
48201520301,0.015273
48201520302,0.016558
48201520400,0.033251
48201520501,0.021012
48201520502,0.016624
48201520601,0.01563
48201520603,0.03081
48201520604,0.01744
48201520700,0.022836
48201521000,0.0726
48201521100,0.015542
48201521201,0.026745
48201521202,0.025757
48201521300,0.016612
48201521401,0.03817
48201521402,0.023356
48201521501,0.02977
48201521502,0.043958
48201521600,0.20619
48201521701,0.043959
48201521702,0.077142
48201521800,0.019185
48201521900,0.015098
48201522001,0.028144
48201522002,0.014579
48201522101,0.014337
48201522102,0.015514
48201522201,0.016557
48201522202,0.018759
48201522301,0.052488
48201522302,0.019238
48201522401,0.016702
48201522402,0.029638
48201522500,0.021658
48201530101,0.03928
48201530102,0.025422
48201530200,0.021828
48201530300,0.017303
48201530400,0.03697
48201530501,0.05409
48201530502,0.013343
48201530600,0.025263
48201530701,0.082353
48201530702,0.027845
48201530800,0.01524
48201530900,0.019126
48201531000,0.016481
48201531100,0.016903
48201531200,0.013089
48201531300,0.01534
48201531400,0.016024
48201531500,0.02332
48201531600,0.014876
48201531700,0.057232
48201531800,0.038317
48201531900,0.024065
48201532003,0.015238
48201532004,0.021754
48201532101,0.021779
48201532102,0.04168
48201532200,0.020466
48201532301,0.038436
48201532302,0.01876
48201532400,0.033836
48201532502,0.022443
48201532503,0.037695
48201532504,0.039521
48201532600,0.025326
48201532700,0.042331
48201532800,0.016631
48201532900,0.048252
48201533000,0.012476
48201533100,0.014376
48201533200,0.013076
48201533301,0.0189
48201533302,0.034322
48201533401,0.028061
48201533402,0.015205
48201533500,0.024806
48201533600,0.026563
48201533701,0.020624
48201533702,0.021572
48201533802,0.017038
48201533803,0.268638
48201533804,0.04891
48201533902,0.033721
48201533903,0.014939
48201533904,0.058086
48201534001,0.059875
48201534002,0.016819
48201534003,0.047959
48201534101,0.033705
48201534102,0.023818
48201534201,0.049995
48201534203,0.021535
48201534204,0.038668
48201534205,0.018976
48201540101,0.025798
48201540102,0.026633
48201540200,0.057995
48201540502,0.021745
48201540503,0.121537
48201540504,0.086498
48201540601,0.02621
48201540602,0.018868
48201540700,0.071031
48201540800,0.019357
48201540901,0.018816
48201540903,0.046129
48201540904,0.115545
48201541004,0.07086
48201541005,0.021465
48201541006,0.023273
48201541007,0.023367
48201541008,0.047687
48201541009,0.03056
48201541100,0.014553
48201541203,0.025291
48201541204,0.051893
48201541205,0.032392
48201541206,0.01591
48201541207,0.04419
48201541301,0.027395
48201541302,0.020652
48201541401,0.071566
48201541402,0.032195
48201541403,0.025632
48201541404,0.020791
48201541500,0.018139
48201541603,0.027825
48201541604,0.023646
48201541701,0.063911
48201541702,0.027594
48201541703,0.11577
48201541801,0.056406
48201541802,0.066422
48201541901,0.013725
48201541902,0.027537
48201542001,0.045926
48201542002,0.017439
48201542003,0.042575
48201542004,0.026544
48201542103,0.023279
48201542104,0.027855
48201542105,0.034125
48201542106,0.014611
48201542107,0.046096
48201542108,0.045507
48201542201,0.019693
48201542202,0.0433
48201542203,0.028744
48201542302,0.016093
48201542303,0.026896
48201542304,0.018174
48201542305,0.013866
48201542401,0.063181
48201542402,0.01743
48201542500,0.059626
48201542600,0.025231
48201542700,0.019798
48201542800,0.015022
48201542901,0.020425
48201542902,0.024326
48201543004,0.02817
48201543005,0.018555
48201543006,0.026043
48201543007,0.02381
48201543008,0.040828
48201543009,0.042321
48201543010,0.048423
48201543011,0.016339
48201543100,0.069642
48201543201,0.017919
48201543202,0.055287
48201550101,0.022112
48201550102,0.031465
48201550201,0.022336
48201550202,0.017192
48201550303,0.016194
48201550304,0.044076
48201550305,0.020621
48201550306,0.033985
48201550307,0.016357
48201550308,0.014629
48201550403,0.064894
48201550404,0.336567
48201550405,0.018552
48201550406,0.023984
48201550407,0.027983
48201550500,0.014353
48201550601,0.029884
48201550602,0.03583
48201550603,0.05522
48201550700,0.054025
48201550800,0.02617
48201550901,0.016622
48201550902,0.013809
48201551000,0.319756
48201551101,0.054702
48201551102,0.048274
48201551201,0.017368
48201551202,0.129866
48201551300,0.037854
48201551400,0.100507
48201551501,0.014411
48201551502,0.032838
48201551601,0.058739
48201551602,0.025666
48201551702,0.035011
48201551703,0.049557
48201551704,0.021364
48201551705,0.06265
48201551800,0.035815
48201551901,0.019092
48201551902,0.048361
48201552002,0.02218
48201552003,0.03505
48201552004,0.074747
48201552101,0.04797
48201552102,0.024023
48201552103,0.038538
48201552200,0.025251
48201552301,0.017675
48201552303,0.028481
48201552304,0.039646
48201552401,0.034421
48201552402,0.018751
48201552501,0.057321
48201552502,0.020985
48201552602,0.05903
48201552603,0.053458
48201552604,0.058323
48201552701,0.045518
48201552702,0.01759
48201552801,0.131458
48201552802,0.061326
48201552901,0.029885
48201552902,0.019817
48201553001,0.028038
48201553002,0.016819
48201553101,0.038477
48201553102,0.01377
48201553201,0.019191
48201553202,0.048292
48201553300,0.040347
48201553401,0.015234
48201553403,0.023736
48201553404,0.027951
48201553405,0.023892
48201553500,0.148598
48201553601,0.027505
48201553602,0.015127
48201553700,0.024976
48201553801,0.015494
48201553803,0.034457
48201553804,0.020178
48201553901,0.017801
48201554001,0.024097
48201554002,0.018462
48201554103,0.016436
48201554104,0.044638
48201554201,0.059428
48201554202,0.019196
48201554301,0.021595
48201554302,0.088222
48201554404,0.081835
48201554405,0.040873
48201554406,0.014115
48201554407,0.016816
48201554408,0.074718
48201554409,0.121124
48201554410,0.045697
48201554501,0.020217
48201554502,0.017428
48201554600,0.033929
48201554701,0.042484
48201554702,0.019004
48201554803,0.018836
48201554804,0.023706
48201554805,0.015585
48201554806,0.035735
48201554807,0.075852
48201554808,0.075803
48201554809,0.026056
48201554902,0.047344
48201554904,0.076554
48201554905,0.018315
48201554906,0.019249
48201554907,0.023713
48201554908,0.03755
48201555001,0.018976
48201555002,0.025389
48201555101,0.029176
48201555102,0.046736
48201555200,0.018933
48201555301,0.029267
48201555303,0.020018
48201555304,0.019973
48201555305,0.025168
48201555401,0.021086
48201555403,0.050599
48201555404,0.026134
48201555501,0.062852
48201555503,0.037449
48201555504,0.014512
48201555505,0.025036
48201555600,0.077893
48201555701,0.052099
48201555703,0.023468
48201555704,0.017416
48201556000,0.06239
48201556100,0.057039
48201980000,0.200643
48201980100,0.203307
48201980200,0.088209
48201980300,0.079636
48201980400,0.113506
48201980700,0.06469
48207950300,0.06306
48207950400,0.041811
48209010100,0.093223
48209010200,0.079547
48209010302,0.099562
48209010305,0.079406
48209010306,0.069377
48209010307,0.08026
48209010308,0.135634
48209010309,0.088593
48209010401,0.032784
48209010402,0.020695
48209010500,0.041037
48209010601,0.017628
48209010602,0.157198
48209010603,0.063612
48209010702,0.045355
48209010703,0.151098
48209010704,0.178061
48209010806,0.058268
48209010807,0.045367
48209010809,0.184042
48209010810,0.083472
48209010811,0.045468
48209010812,0.143773
48209010813,0.01612
48209010814,0.025687
48209010815,0.224437
48209010816,0.209506
48209010817,0.205752
48209010818,0.041568
48209010905,0.038848
48209010909,0.031675
48209010911,0.023865
48209010912,0.040111
48209010913,0.03096
48209010914,0.025533
48209010915,0.017126
48209010916,0.023092
48209010917,0.063424
48209010918,0.020719
48209010919,0.018465
48209010920,0.080842
48209010921,0.027783
48209010922,0.022709
48209010923,0.025073
48209010924,0.021184
48209010925,0.038015
48213950101,0.032752
48213950102,0.022559
48213950201,0.014695
48213950202,0.078997
48213950301,0.119815
48213950302,0.180612
48213950303,0.111866
48213950400,0.203391
48213950500,0.064677
48213950601,0.151481
48213950603,0.144808
48213950604,0.239488
48213950700,0.122695
48213950801,0.197254
48213950802,0.118785
48213950902,0.062033
48213950903,0.190842
48213950904,0.095279
48213950905,0.151018
48213951000,0.102991
48213951101,0.023119
48213951102,0.060398
48213951201,0.132876
48213951202,0.168219
48213951300,0.130305
48213951401,0.060973
48213951402,0.0622
48213951403,0.015844
48215020103,0.078133
48215020104,0.072741
48215020105,0.082227
48215020106,0.05588
48215020107,0.242478
48215020108,0.01549
48215020205,0.17133
48215020206,0.073718
48215020207,0.035029
48215020208,0.148569
48215020209,0.112715
48215020210,0.105674
48215020211,0.258574
48215020303,0.014167
48215020304,0.114999
48215020305,0.058557
48215020306,0.156756
48215020307,0.198508
48215020403,0.142678
48215020405,0.033634
48215020406,0.014891
48215020407,0.076075
48215020408,0.110284
48215020409,0.067357
48215020505,0.21107
48215020506,0.064942
48215020507,0.056126
48215020508,0.24748
48215020509,0.014201
48215020510,0.104075
48215020511,0.042319
48215020512,0.032947
48215020513,0.125007
48215020600,0.065221
48215020724,0.087672
48215020725,0.019984
48215020727,0.014464
48215020728,0.019203
48215020729,0.105325
48215020730,0.160596
48215020731,0.016568
48215020732,0.044004
48215020733,0.029043
48215020734,0.019679
48215020735,0.015138
48215020736,0.018117
48215020804,0.030391
48215020805,0.095799
48215020806,0.128436
48215020807,0.026859
48215020808,0.034331
48215020905,0.027663
48215020906,0.073661
48215020907,0.037273
48215020908,0.056945
48215020909,0.110048
48215020910,0.030346
48215021001,0.054498
48215021002,0.100939
48215021003,0.12417
48215021100,0.069677
48215021201,0.068093
48215021203,0.069105
48215021204,0.032802
48215021306,0.047215
48215021307,0.030771
48215021308,0.092186
48215021309,0.191367
48215021310,0.201122
48215021311,0.032523
48215021312,0.135299
48215021313,0.03374
48215021314,0.04947
48215021315,0.141817
48215021401,0.133131
48215021405,0.085803
48215021406,0.015132
48215021407,0.064166
48215021408,0.086598
48215021409,0.141413
48215021500,0.084759
48215021600,0.034792
48215021703,0.029401
48215021704,0.038234
48215021705,0.049881
48215021706,0.025427
48215021707,0.046801
48215021803,0.050602
48215021804,0.044106
48215021807,0.048457
48215021808,0.175022
48215021809,0.051149
48215021810,0.041973
48215021903,0.113382
48215021904,0.059776
48215021905,0.056284
48215021906,0.053272
48215022005,0.07775
48215022006,0.015406
48215022007,0.014942
48215022008,0.050484
48215022009,0.022843
48215022010,0.072874
48215022011,0.03279
48215022105,0.247551
48215022107,0.127701
48215022108,0.066476
48215022109,0.038013
48215022110,0.015485
48215022111,0.02566
48215022112,0.035471
48215022113,0.075311
48215022203,0.11966
48215022204,0.035679
48215022205,0.050118
48215022206,0.034233
48215022301,0.255466
48215022302,0.038035
48215022401,0.04532
48215022402,0.017618
48215022502,0.03026
48215022503,0.029497
48215022504,0.026394
48215022600,0.014393
48215022703,0.111108
48215022704,0.059575
48215022705,0.022085
48215022706,0.02987
48215022801,0.107468
48215022802,0.054639
48215022900,0.081192
48215023000,0.030747
48215023103,0.105115
48215023104,0.035921
48215023105,0.070643
48215023106,0.026241
48215023516,0.058264
48215023517,0.038284
48215023518,0.041877
48215023519,0.013273
48215023520,0.037458
48215023521,0.017557
48215023522,0.034912
48215023523,0.043362
48215023524,0.018021
48215023525,0.035265
48215023526,0.078818
48215023527,0.014851
48215023528,0.061785
48215023529,0.015589
48215023530,0.022047
48215023531,0.020661
48215023532,0.017506
48215023533,0.016488
48215023534,0.02884
48215023535,0.018991
48215023536,0.058203
48215023601,0.06722
48215023602,0.028806
48215023700,0.12384
48215023803,0.024983
48215023804,0.145464
48215023805,0.019365
48215023806,0.078503
48215023903,0.216451
48215023905,0.014984
48215023906,0.028198
48215023907,0.072962
48215023908,0.032436
48215024001,0.120319
48215024002,0.051417
48215024003,0.160346
48215024004,0.035657
48215024107,0.088194
48215024108,0.016241
48215024109,0.03972
48215024115,0.025215
48215024116,0.02322
48215024117,0.116789
48215024118,0.093149
48215024119,0.187138
48215024120,0.039502
48215024121,0.038982
48215024122,0.01666
48215024123,0.017122
48215024124,0.025337
48215024125,0.17396
48215024126,0.070078
48215024127,0.01813
48215024128,0.04914
48215024129,0.080015
48215024130,0.03727
48215024131,0.018146
48215024132,0.025303
48215024204,0.195573
48215024206,0.098695
48215024207,0.061524
48215024208,0.05842
48215024209,0.125692
48215024210,0.210254
48215024211,0.049882
48215024212,0.017962
48215024301,0.049343
48215024302,0.01695
48215024403,0.037194
48215024404,0.029994
48215024405,0.09135
48215024406,0.047315
48215024501,0.016173
48215024502,0.082251
48215024600,0.040415
48215980000,0.077729
48217960100,0.035988
48217960200,0.067476
48217960400,0.036969
48217960501,0.017909
48217960502,0.026024
48217960600,0.075514
48217960700,0.090791
48217960800,0.085825
48217960900,0.104561
48217961000,0.112715
48217961100,0.095376
48217961400,0.032527
48221160100,0.081776
48221160204,0.057883
48221160206,0.148513
48221160210,0.080186
48221160211,0.142178
48221160212,0.124558
48221160213,0.068221
48221160214,0.059215
48221160215,0.19277
48221160216,0.050596
48221160217,0.144452
48221160218,0.214662
48221160302,0.034358
48221160303,0.041648
48223950100,0.060286
48223950200,0.084395
48223950301,0.038266
48223950302,0.123921
48223950401,0.061964
48223950402,0.086837
48223950500,0.105115
48223950600,0.061019
48223950700,0.018235
48223950800,0.039026
48225950101,0.16027
48225950102,0.086224
48225950200,0.158753
48225950300,0.162264
48225950400,0.172979
48225950500,0.047798
48225950600,0.13258
48225950700,0.079913
48227950100,0.069033
48227950200,0.026266
48227950300,0.028046
48227950400,0.060803
48227950500,0.117912
48227950600,0.02209
48227950700,0.01921
48227950801,0.067191
48227950802,0.08712
48227950900,0.037371
48231960100,0.037296
48231960200,0.029563
48231960300,0.021305
48231960400,0.099728
48231960500,0.060652
48231960600,0.124207
48231960700,0.040136
48231960800,0.13018
48231960900,0.167611
48231961000,0.105906
48231961101,0.116857
48231961102,0.099259
48231961200,0.068877
48231961300,0.062174
48231961401,0.086026
48231961402,0.056289
48231961501,0.084775
48231961502,0.111157
48231961503,0.104567
48231961600,0.124077
48231961700,0.032124
48235950100,0.113391
48237950100,0.116237
48237950300,0.190523
48237950500,0.1051
48239950100,0.027005
48239950200,0.071663
48239950300,0.020888
48247950200,0.073777
48247950400,0.031651
48249950101,0.081142
48249950102,0.032514
48249950201,0.067562
48249950202,0.119898
48249950301,0.030346
48249950302,0.076805
48249950303,0.154668
48249950400,0.02672
48249950500,0.065436
48249950600,0.06325
48249950700,0.071757
48251130100,0.084621
48251130205,0.042958
48251130210,0.016271
48251130211,0.02802
48251130212,0.08795
48251130213,0.056335
48251130214,0.124561
48251130215,0.040161
48251130216,0.016759
48251130217,0.016687
48251130218,0.113187
48251130219,0.023547
48251130220,0.024731
48251130221,0.023194
48251130222,0.017532
48251130302,0.047324
48251130303,0.119799
48251130304,0.072618
48251130405,0.016663
48251130406,0.0397
48251130411,0.044055
48251130412,0.059379
48251130413,0.138733
48251130414,0.068456
48251130415,0.110015
48251130416,0.017201
48251130417,0.051813
48251130418,0.023589
48251130419,0.035314
48251130501,0.023393
48251130502,0.019569
48251130602,0.037618
48251130603,0.166262
48251130604,0.088659
48251130700,0.016807
48251130800,0.093779
48251130900,0.030657
48251131000,0.014021
48251131100,0.133178
48253020101,0.17786
48253020102,0.053121
48253020200,0.130042
48253020300,0.032283
48253020400,0.020602
48253020500,0.032279
48255970100,0.099264
48255970200,0.029545
48255970301,0.11895
48255970302,0.131038
48255970400,0.042467
48257050204,0.021257
48257050207,0.016099
48257050208,0.019845
48257050209,0.014594
48257050210,0.022756
48257050211,0.015353
48257050212,0.019716
48257050213,0.01558
48257050214,0.013248
48257050215,0.025647
48257050300,0.157257
48257050401,0.109306
48257050402,0.025141
48257050500,0.084747
48257050601,0.037457
48257050602,0.062837
48257050701,0.028575
48257050703,0.053433
48257050704,0.083832
48257050801,0.040394
48257050802,0.036829
48257051000,0.14895
48257051100,0.067519
48257051201,0.03993
48257051202,0.042018
48257051301,0.088287
48257051302,0.028889
48259970101,0.131901
48259970102,0.019103
48259970301,0.095615
48259970302,0.18053
48259970403,0.101889
48259970404,0.029573
48259970405,0.047505
48259970406,0.068769
48259970500,0.098926
48261950100,0.060926
48263950100,0.078245
48265960101,0.058815
48265960102,0.071906
48265960200,0.02562
48265960301,0.087454
48265960303,0.179979
48265960304,0.045357
48265960401,0.193221
48265960403,0.190727
48265960404,0.173125
48265960500,0.045233
48265960601,0.14579
48265960602,0.174494
48265960700,0.158229
48265960800,0.050012
48267950100,0.053931
48267950200,0.145509
48269950100,0.108855
48271950100,0.019437
48273020101,0.029064
48273020102,0.03405
48273020200,0.045084
48273020301,0.026053
48273020302,0.13686
48273020401,0.045711
48273020402,0.17961
48273020501,0.039444
48273020502,0.061031
48275950100,0.058979
48275950200,0.027669
48277000101,0.108741
48277000102,0.069175
48277000200,0.020347
48277000301,0.052006
48277000302,0.039751
48277000401,0.129878
48277000402,0.197675
48277000500,0.130389
48277000600,0.128439
48277000700,0.077628
48277000800,0.086685
48277000900,0.099082
48277001000,0.065569
48281950100,0.038456
48281950302,0.113796
48281950303,0.113361
48281950304,0.074545
48281950400,0.148711
48281950500,0.105825
48283950301,0.07526
48283950302,0.116204
48285000100,0.036733
48285000200,0.06603
48285000300,0.024513
48285000400,0.105243
48285000500,0.07063
48285000600,0.140474
48287000100,0.033712
48287000200,0.029414
48287000300,0.031689
48287000400,0.053671
48289950101,0.061978
48289950102,0.051093
48289950201,0.042543
48289950202,0.023834
48289950301,0.058435
48289950302,0.124136
48291700100,0.030426
48291700200,0.156243
48291700301,0.03363
48291700302,0.020888
48291700303,0.101684
48291700400,0.092232
48291700500,0.046456
48291700900,0.035729
48291701000,0.078212
48293970100,0.09709
48293970200,0.025903
48293970300,0.14786
48293970400,0.046857
48293970500,0.141693
48293970600,0.069048
48293970700,0.025015
48293970800,0.033138
48297950100,0.090474
48297950200,0.05537
48297950300,0.065014
48297950400,0.095716
48299970100,0.146552
48299970200,0.094444
48299970300,0.105709
48299970401,0.195747
48299970402,0.04427
48299970501,0.026835
48299970502,0.060227
48299970600,0.067359
48303000100,0.02322
48303000201,0.016456
48303000202,0.042625
48303000301,0.016281
48303000303,0.025187
48303000304,0.054428
48303000402,0.058347
48303000403,0.024767
48303000406,0.034317
48303000407,0.086079
48303000408,0.019683
48303000409,0.017996
48303000410,0.029384
48303000411,0.027033
48303000501,0.035182
48303000502,0.083955
48303000503,0.114925
48303000603,0.033972
48303000605,0.03057
48303000607,0.10243
48303000700,0.047735
48303000901,0.038727
48303000902,0.046857
48303001000,0.037855
48303001200,0.015298
48303001300,0.079332
48303001401,0.09505
48303001402,0.1141
48303001501,0.134658
48303001502,0.022726
48303001601,0.053579
48303001602,0.032002
48303001708,0.042373
48303001709,0.014193
48303001710,0.038542
48303001711,0.016624
48303001712,0.020193
48303001713,0.025403
48303001714,0.018632
48303001715,0.042095
48303001716,0.016546
48303001717,0.015084
48303001804,0.055202
48303001805,0.040388
48303001806,0.032947
48303001807,0.024854
48303001808,0.021619
48303001904,0.019537
48303001905,0.037627
48303001906,0.02377
48303001907,0.022784
48303001908,0.025808
48303002001,0.025747
48303002002,0.017223
48303002102,0.02432
48303002103,0.016931
48303002104,0.013995
48303002203,0.014999
48303002205,0.029853
48303002206,0.017423
48303002207,0.241264
48303002208,0.024786
48303002301,0.027214
48303002302,0.122611
48303002401,0.052269
48303002402,0.023593
48303002500,0.040066
48303010101,0.062733
48303010102,0.137309
48303010201,0.056553
48303010202,0.079153
48303010203,0.037988
48303010204,0.031347
48303010301,0.034659
48303010302,0.113506
48303010402,0.088844
48303010404,0.055641
48303010409,0.024857
48303010410,0.039509
48303010411,0.019547
48303010412,0.149808
48303010413,0.034854
48303010414,0.018447
48303010415,0.040699
48303010416,0.037404
48303010417,0.026172
48303010418,0.050777
48303010419,0.031714
48303010420,0.051188
48303010421,0.021096
48303010422,0.041569
48303010423,0.031823
48303010502,0.046335
48303010504,0.023484
48303010505,0.024363
48303010506,0.057926
48303010509,0.036537
48303010510,0.039472
48303010511,0.022384
48303010512,0.020757
48303010513,0.071872
48303010514,0.017173
48303010601,0.064322
48303010602,0.220698
48303010700,0.090296
48303980000,0.12678
48305950400,0.069126
48305950500,0.05659
48305950600,0.044968
48307950300,0.122498
48307950400,0.095087
48307950500,0.129747
48309000100,0.057109
48309000200,0.058539
48309000300,0.036739
48309000401,0.074859
48309000402,0.048252
48309000598,0.058788
48309000700,0.022344
48309000800,0.039048
48309000900,0.042957
48309001000,0.016014
48309001100,0.015022
48309001200,0.051587
48309001300,0.024758
48309001401,0.017526
48309001402,0.019092
48309001500,0.020253
48309001600,0.051691
48309001700,0.078202
48309001800,0.110782
48309001900,0.061276
48309002000,0.059969
48309002100,0.072533
48309002302,0.068571
48309002498,0.066601
48309002501,0.050996
48309002503,0.037513
48309002504,0.033816
48309002600,0.01655
48309002700,0.024049
48309002800,0.016291
48309002900,0.028918
48309003000,0.01469
48309003200,0.107622
48309003300,0.039636
48309003401,0.08803
48309003402,0.110661
48309003500,0.059085
48309003601,0.016962
48309003602,0.105679
48309003701,0.160494
48309003703,0.093999
48309003708,0.025244
48309003709,0.038673
48309003710,0.025641
48309003711,0.015659
48309003712,0.034379
48309003801,0.041035
48309003802,0.022105
48309003901,0.12494
48309003902,0.100758
48309004000,0.02823
48309004102,0.01604
48309004104,0.017578
48309004105,0.018099
48309004201,0.057016
48309004202,0.126135
48309004300,0.035455
48309980000,0.041617
48311950100,0.036124
48313000100,0.04831
48313000200,0.125228
48313000300,0.122071
48313000400,0.106933
48317950100,0.051771
48317950200,0.059269
48319950100,0.083259
48319950200,0.065359
48321730100,0.170814
48321730202,0.026523
48321730203,0.089554
48321730204,0.217034
48321730301,0.187395
48321730302,0.234743
48321730303,0.022559
48321730400,0.076054
48321730502,0.038485
48321730503,0.149851
48321730600,0.03596
48321730700,0.036666
48323950204,0.029482
48323950206,0.023561
48323950207,0.022656
48323950208,0.187872
48323950209,0.020843
48323950301,0.076258
48323950302,0.072185
48323950400,0.132561
48323950500,0.05316
48323950601,0.054665
48323950602,0.017236
48323950701,0.028683
48323950702,0.050647
48325000101,0.038842
48325000103,0.08847
48325000104,0.133198
48325000200,0.024299
48325000301,0.091937
48325000302,0.048746
48325000401,0.104185
48325000402,0.024725
48325000500,0.036482
48325000801,0.085026
48325000802,0.130406
48327950300,0.080467
48329010123,0.055098
48329010124,0.060274
48329010128,0.043686
48329010129,0.028831
48331950100,0.021527
48331950300,0.106785
48331950401,0.108985
48331950402,0.109438
48331950500,0.103088
48331950700,0.071557
48331950800,0.042353
48333950100,0.019547
48333950200,0.09844
48335950200,0.072286
48335950400,0.07539
48337950100,0.036914
48337950200,0.087372
48337950401,0.10713
48337950402,0.054062
48337950501,0.081645
48337950502,0.087358
48337950600,0.023057
48339690101,0.020072
48339690102,0.055832
48339690203,0.046324
48339690204,0.019586
48339690205,0.018347
48339690206,0.017847
48339690207,0.193274
48339690300,0.048075
48339690403,0.024195
48339690404,0.146997
48339690405,0.091539
48339690406,0.017776
48339690407,0.018722
48339690408,0.021593
48339690501,0.018944
48339690502,0.019676
48339690503,0.025674
48339690603,0.014444
48339690604,0.017441
48339690605,0.062118
48339690606,0.01553
48339690607,0.020683
48339690608,0.023426
48339690609,0.018656
48339690610,0.04476
48339690701,0.021258
48339690702,0.022317
48339690800,0.02579
48339690900,0.014757
48339691000,0.019118
48339691100,0.015369
48339691201,0.091575
48339691202,0.019467
48339691301,0.017531
48339691302,0.016755
48339691401,0.024849
48339691402,0.055693
48339691403,0.054099
48339691500,0.01812
48339691601,0.01765
48339691602,0.035689
48339691700,0.039319
48339691801,0.017689
48339691802,0.01992
48339691900,0.102302
48339692003,0.044133
48339692004,0.039995
48339692005,0.014831
48339692006,0.026202
48339692007,0.026193
48339692008,0.048171
48339692009,0.016331
48339692010,0.048899
48339692101,0.028353
48339692102,0.100242
48339692103,0.043808
48339692201,0.017286
48339692202,0.018371
48339692301,0.128685
48339692302,0.016445
48339692303,0.034762
48339692304,0.014602
48339692401,0.035123
48339692402,0.031112
48339692501,0.044679
48339692502,0.021122
48339692601,0.02145
48339692603,0.018822
48339692604,0.034646
48339692605,0.040104
48339692701,0.020729
48339692702,0.040507
48339692802,0.028129
48339692803,0.055151
48339692804,0.018851
48339692900,0.038174
48339693001,0.091558
48339693002,0.045569
48339693102,0.059428
48339693103,0.128114
48339693104,0.044178
48339693201,0.018532
48339693202,0.028222
48339693301,0.098972
48339693302,0.017532
48339693303,0.054679
48339693304,0.059332
48339693401,0.037213
48339693402,0.031795
48339693501,0.059479
48339693502,0.195827
48339693503,0.047248
48339693600,0.041682
48339693701,0.053763
48339693702,0.016945
48339693703,0.05503
48339693800,0.050172
48339693901,0.095192
48339693902,0.162316
48339693903,0.212081
48339693904,0.033351
48339694001,0.020977
48339694002,0.070656
48339694103,0.017767
48339694104,0.026724
48339694105,0.072977
48339694106,0.064252
48339694107,0.081361
48339694203,0.041729
48339694204,0.021193
48339694205,0.162443
48339694206,0.054108
48339694207,0.039162
48339694208,0.017103
48339694209,0.016532
48339694210,0.031909
48339694303,0.017145
48339694304,0.029492
48339694305,0.038529
48339694306,0.060049
48339694307,0.064497
48339694308,0.057091
48339694309,0.03681
48339694401,0.022667
48339694402,0.036824
48339694403,0.065056
48339694501,0.018348
48339694502,0.035715
48339694503,0.027446
48339694601,0.02032
48339694602,0.01918
48339694603,0.055845
48339694700,0.038605
48347950200,0.078472
48349970100,0.08018
48349970200,0.047992
48349970301,0.037289
48349970302,0.107846
48349970400,0.026856
48349970500,0.015735
48349970600,0.065938
48349970701,0.063467
48349970800,0.084898
48349970901,0.044962
48349970902,0.128265
48349971000,0.081656
48353950100,0.080833
48353950200,0.127822
48353950300,0.087719
48353950400,0.073364
48353950500,0.034979
48355000500,0.134904
48355000601,0.173313
48355000602,0.027579
48355000700,0.024557
48355000800,0.026493
48355000900,0.017985
48355001000,0.049614
48355001100,0.075662
48355001201,0.024348
48355001202,0.024282
48355001300,0.016419
48355001400,0.01938
48355001500,0.021535
48355001601,0.016151
48355001602,0.015688
48355001702,0.093384
48355001703,0.016743
48355001704,0.013867
48355001801,0.018225
48355001802,0.050903
48355001903,0.031508
48355001904,0.022187
48355001905,0.083069
48355001906,0.163896
48355002001,0.044386
48355002002,0.018245
48355002101,0.016013
48355002102,0.017448
48355002200,0.015513
48355002301,0.016992
48355002303,0.022807
48355002304,0.024682
48355002400,0.033459
48355002500,0.02083
48355002601,0.04703
48355002602,0.015513
48355002603,0.015754
48355002703,0.086646
48355002705,0.015599
48355002706,0.136287
48355002707,0.024808
48355002708,0.071013
48355002900,0.235718
48355003002,0.018243
48355003003,0.093137
48355003004,0.023977
48355003101,0.014047
48355003102,0.017612
48355003202,0.031629
48355003204,0.042159
48355003205,0.039887
48355003206,0.031629
48355003303,0.042803
48355003304,0.056029
48355003305,0.019641
48355003306,0.020728
48355003401,0.029508
48355003402,0.027874
48355003500,0.055981
48355003601,0.019527
48355003602,0.018696
48355003603,0.023447
48355003700,0.027107
48355005103,0.091739
48355005104,0.100655
48355005404,0.014661
48355005406,0.033285
48355005407,0.028423
48355005408,0.032894
48355005409,0.026087
48355005410,0.019777
48355005411,0.05573
48355005412,0.015178
48355005413,0.040192
48355005414,0.01476
48355005415,0.020937
48355005416,0.034524
48355005417,0.025451
48355005603,0.024872
48355005604,0.138885
48355005605,0.106385
48355005606,0.144037
48355005801,0.062565
48355005803,0.05725
48355005804,0.037885
48355005900,0.020218
48355006000,0.038517
48355006100,0.054431
48355006201,0.014317
48355006202,0.036275
48355006203,0.051223
48355006204,0.016192
48355006205,0.093017
48355006300,0.109558
48355006400,0.061176
48355980000,0.077136
48363000100,0.086231
48363000200,0.09931
48363000300,0.068164
48363000401,0.098673
48363000402,0.06244
48363000500,0.257421
48363000600,0.103698
48363000700,0.064412
48363000800,0.125389
48363000900,0.240366
48367140101,0.072396
48367140102,0.031548
48367140201,0.110487
48367140202,0.052692
48367140300,0.037694
48367140403,0.024487
48367140408,0.067017
48367140409,0.066949
48367140410,0.052101
48367140411,0.087042
48367140412,0.172432
48367140413,0.026353
48367140414,0.016563
48367140415,0.032262
48367140416,0.034843
48367140502,0.102854
48367140503,0.024394
48367140504,0.051242
48367140601,0.064803
48367140603,0.079888
48367140604,0.099423
48367140707,0.076189
48367140708,0.104899
48367140709,0.082279
48367140710,0.170504
48367140711,0.087427
48367140712,0.052988
48367140713,0.046462
48367140714,0.040877
48371950100,0.029811
48373210203,0.015951
48373210204,0.061829
48373210205,0.198087
48373210206,0.128736
48373210301,0.082049
48373210302,0.028231
48373210402,0.021973
48379950101,0.022397
48379950102,0.080853
48379950200,0.11904
48383950100,0.080104
48385950100,0.050596
48387950100,0.027154
48387950501,0.107301
48387950502,0.086436
48387950600,0.030102
48387950700,0.016344
48391950200,0.068589
48391950400,0.10258
48395960100,0.076143
48395960200,0.025302
48395960300,0.058054
48395960400,0.066191
48395960501,0.160667
48395960502,0.078601
48397040101,0.04148
48397040103,0.136879
48397040104,0.06026
48397040201,0.049229
48397040202,0.102914
48397040203,0.022108
48397040301,0.099375
48397040303,0.082559
48397040304,0.041423
48397040305,0.041133
48397040403,0.152674
48397040404,0.124521
48397040405,0.101733
48397040406,0.22906
48397040407,0.129224
48397040408,0.062759
48397040409,0.029788
48397040410,0.071994
48397040411,0.044665
48397040412,0.042592
48397040503,0.036215
48397040507,0.018413
48397040508,0.064244
48397040509,0.082135
48397040510,0.083179
48397040511,0.019829
48397040512,0.028591
48397040513,0.055305
48397040514,0.030049
48399950100,0.063235
48399950200,0.145146
48399950500,0.042851
48399950600,0.062519
48401950200,0.035249
48401950300,0.117567
48401950400,0.060809
48401950501,0.048168
48401950502,0.165577
48401951000,0.048874
48401951100,0.0785
48407200103,0.05014
48407200104,0.039983
48407200105,0.041773
48407200106,0.016902
48407200107,0.090275
48407200201,0.076477
48407200202,0.228533
48407200301,0.029935
48407200302,0.022376
48409010201,0.10487
48409010202,0.072207
48409010301,0.04041
48409010302,0.08999
48409010500,0.024942
48409010601,0.041812
48409010602,0.015362
48409010603,0.037124
48409010604,0.090279
48409010700,0.041406
48409010800,0.062242
48409010900,0.0611
48409011000,0.099473
48409011100,0.152217
48409011200,0.033691
48409011300,0.040295
48411950100,0.087637
48411950200,0.051228
48413950300,0.021187
48415950100,0.175209
48415950200,0.048944
48415950300,0.060857
48415950600,0.075676
48417950300,0.085748
48423000100,0.164036
48423000201,0.085945
48423000202,0.078771
48423000300,0.070016
48423000400,0.154884
48423000500,0.034264
48423000600,0.123473
48423000700,0.128797
48423000800,0.102107
48423000900,0.108487
48423001000,0.02249
48423001101,0.073417
48423001102,0.146698
48423001200,0.205192
48423001300,0.139848
48423001404,0.043937
48423001405,0.032495
48423001406,0.035695
48423001407,0.085572
48423001408,0.057411
48423001501,0.055726
48423001502,0.028604
48423001602,0.117972
48423001605,0.136743
48423001606,0.16064
48423001607,0.129149
48423001608,0.147028
48423001701,0.075865
48423001702,0.029503
48423001803,0.108939
48423001804,0.043061
48423001805,0.211906
48423001806,0.125894
48423001807,0.101183
48423001906,0.049333
48423001909,0.033154
48423001910,0.020741
48423001911,0.03178
48423001912,0.204738
48423001913,0.182234
48423001914,0.066336
48423001915,0.026508
48423001916,0.018245
48423001917,0.078082
48423002003,0.095227
48423002004,0.041606
48423002006,0.036955
48423002009,0.080732
48423002010,0.017128
48423002011,0.031005
48423002012,0.045299
48423002013,0.073192
48423002101,0.065482
48423002102,0.057041
48423002200,0.035642
48423980000,0.115916
48425000101,0.041107
48425000102,0.052169
48425000200,0.095465
48427950101,0.143111
48427950104,0.023185
48427950105,0.109402
48427950106,0.175176
48427950107,0.165389
48427950108,0.017994
48427950202,0.074321
48427950203,0.160414
48427950204,0.120181
48427950402,0.160702
48427950403,0.247943
48427950404,0.215351
48427950500,0.134017
48427950601,0.196038
48427950602,0.177949
48427950701,0.105201
48427950702,0.154694
48429950200,0.114659
48429950300,0.120488
48429950500,0.084234
48431950100,0.11338
48433950300,0.036727
48435950300,0.036161
48439100101,0.054183
48439100102,0.044477
48439100201,0.014294
48439100202,0.093395
48439100300,0.047051
48439100401,0.109715
48439100402,0.101331
48439100503,0.090641
48439100504,0.11743
48439100505,0.018483
48439100506,0.015307
48439100601,0.036415
48439100602,0.13908
48439100700,0.108732
48439100800,0.071459
48439100900,0.068257
48439101201,0.025107
48439101202,0.027694
48439101301,0.015205
48439101302,0.049349
48439101401,0.022261
48439101402,0.030677
48439101403,0.038651
48439101500,0.08396
48439101700,0.023196
48439102000,0.042462
48439102101,0.063874
48439102102,0.02158
48439102201,0.027438
48439102202,0.023479
48439102301,0.040891
48439102302,0.14047
48439102401,0.024251
48439102402,0.086006
48439102500,0.0136
48439102601,0.031523
48439102602,0.025903
48439102700,0.016383
48439103500,0.018348
48439103601,0.014417
48439103602,0.039398
48439103701,0.015528
48439103702,0.01861
48439103800,0.051538
48439104100,0.129344
48439104202,0.024678
48439104203,0.013597
48439104204,0.02254
48439104301,0.019768
48439104302,0.017336
48439104400,0.015266
48439104502,0.024451
48439104503,0.017532
48439104504,0.019959
48439104505,0.023561
48439104601,0.016716
48439104602,0.01618
48439104603,0.034954
48439104604,0.015929
48439104605,0.027627
48439104701,0.017256
48439104702,0.092665
48439104802,0.013698
48439104803,0.022938
48439104804,0.016086
48439104900,0.018181
48439105007,0.026031
48439105008,0.026801
48439105009,0.024212
48439105201,0.022466
48439105203,0.136695
48439105204,0.045322
48439105206,0.075854
48439105207,0.025668
48439105403,0.022165
48439105404,0.014918
48439105405,0.033788
48439105407,0.162989
48439105408,0.01635
48439105502,0.014891
48439105503,0.026901
48439105505,0.017484
48439105511,0.019955
48439105512,0.02133
48439105513,0.032997
48439105514,0.054683
48439105515,0.014553
48439105516,0.02416
48439105517,0.036017
48439105518,0.031319
48439105519,0.016465
48439105520,0.036751
48439105600,0.019929
48439105701,0.026691
48439105703,0.032715
48439105705,0.016546
48439105706,0.018112
48439105800,0.022179
48439105901,0.023801
48439105902,0.014087
48439106002,0.051993
48439106004,0.016015
48439106005,0.022374
48439106006,0.013046
48439106101,0.039631
48439106102,0.099564
48439106201,0.032259
48439106202,0.026656
48439106300,0.013564
48439106400,0.050857
48439106502,0.017965
48439106503,0.017738
48439106507,0.017024
48439106509,0.032727
48439106512,0.017582
48439106513,0.08927
48439106514,0.017201
48439106515,0.014136
48439106518,0.018641
48439106519,0.020746
48439106520,0.05923
48439106521,0.020213
48439106522,0.016131
48439106523,0.027765
48439106524,0.028891
48439106525,0.017032
48439106526,0.018993
48439106600,0.02898
48439106700,0.034876
48439110102,0.052417
48439110103,0.029772
48439110104,0.071592
48439110202,0.077936
48439110204,0.016274
48439110205,0.014387
48439110206,0.035092
48439110301,0.040128
48439110302,0.055948
48439110401,0.02444
48439110402,0.056617
48439110500,0.171632
48439110600,0.125998
48439110703,0.031472
48439110704,0.036821
48439110705,0.019173
48439110706,0.020286
48439110805,0.083521
48439110806,0.024984
48439110807,0.030122
48439110808,0.062611
48439110809,0.080075
48439110901,0.062101
48439110903,0.04456
48439110905,0.046245
48439110906,0.087353
48439110907,0.05036
48439111003,0.029074
48439111010,0.034553
48439111015,0.030922
48439111018,0.034495
48439111019,0.016289
48439111020,0.016524
48439111021,0.021994
48439111022,0.023385
48439111023,0.015058
48439111024,0.014973
48439111025,0.026885
48439111026,0.018765
48439111027,0.027299
48439111028,0.014889
48439111029,0.023301
48439111030,0.016509
48439111031,0.043691
48439111032,0.012572
48439111033,0.014992
48439111102,0.045946
48439111103,0.160079
48439111104,0.1131
48439111202,0.071505
48439111203,0.035054
48439111204,0.016706
48439111304,0.020748
48439111306,0.022328
48439111307,0.055465
48439111308,0.022832
48439111309,0.021687
48439111311,0.017626
48439111312,0.026746
48439111314,0.02883
48439111315,0.018341
48439111316,0.014974
48439111317,0.022296
48439111318,0.018332
48439111319,0.022805
48439111320,0.018206
48439111402,0.018018
48439111405,0.12166
48439111406,0.017547
48439111407,0.016921
48439111408,0.025886
48439111409,0.017691
48439111410,0.033796
48439111411,0.063966
48439111505,0.053577
48439111506,0.030669
48439111513,0.025751
48439111514,0.023543
48439111516,0.042188
48439111522,0.015871
48439111525,0.025148
48439111526,0.072859
48439111529,0.025007
48439111530,0.018153
48439111531,0.038466
48439111532,0.01658
48439111533,0.026193
48439111534,0.015792
48439111536,0.046262
48439111538,0.04053
48439111540,0.015575
48439111541,0.015795
48439111542,0.017451
48439111543,0.017124
48439111544,0.015869
48439111545,0.024675
48439111546,0.02209
48439111551,0.016992
48439111552,0.020352
48439111553,0.0312
48439111554,0.017546
48439111555,0.017408
48439111556,0.039702
48439111557,0.013895
48439111558,0.016207
48439111559,0.088709
48439111560,0.016639
48439111561,0.014656
48439111562,0.09292
48439111563,0.034798
48439111564,0.057004
48439111565,0.021904
48439111566,0.023771
48439111567,0.018558
48439111568,0.047579
48439111569,0.035279
48439111570,0.016624
48439111571,0.026883
48439111572,0.017898
48439113003,0.028382
48439113004,0.081012
48439113005,0.139443
48439113006,0.017067
48439113007,0.024635
48439113102,0.02071
48439113104,0.020563
48439113107,0.015498
48439113108,0.014111
48439113109,0.028564
48439113110,0.030184
48439113112,0.016387
48439113115,0.034157
48439113116,0.0303
48439113117,0.01981
48439113118,0.025716
48439113119,0.022264
48439113120,0.014759
48439113121,0.082769
48439113122,0.056495
48439113206,0.076638
48439113207,0.019634
48439113210,0.107519
48439113212,0.021571
48439113213,0.02571
48439113214,0.015929
48439113215,0.015319
48439113216,0.016554
48439113217,0.023174
48439113218,0.016126
48439113221,0.078815
48439113222,0.08822
48439113223,0.032985
48439113301,0.08756
48439113302,0.055816
48439113403,0.022635
48439113404,0.021006
48439113407,0.078357
48439113408,0.045485
48439113409,0.078404
48439113410,0.133293
48439113509,0.015877
48439113510,0.014618
48439113511,0.041485
48439113512,0.018084
48439113513,0.058917
48439113514,0.041921
48439113516,0.017549
48439113517,0.030909
48439113519,0.021435
48439113520,0.029654
48439113521,0.029945
48439113522,0.019787
48439113607,0.028976
48439113611,0.062564
48439113612,0.033184
48439113613,0.026965
48439113618,0.015918
48439113619,0.040779
48439113622,0.067842
48439113623,0.025554
48439113624,0.014777
48439113625,0.020942
48439113626,0.018227
48439113628,0.085174
48439113629,0.01982
48439113630,0.049509
48439113632,0.015796
48439113633,0.016406
48439113634,0.017614
48439113635,0.131889
48439113636,0.044837
48439113637,0.051793
48439113638,0.027822
48439113639,0.019564
48439113640,0.022013
48439113707,0.055972
48439113709,0.025085
48439113710,0.015323
48439113711,0.060402
48439113712,0.035475
48439113713,0.025655
48439113714,0.020377
48439113715,0.041474
48439113716,0.049693
48439113803,0.070458
48439113808,0.020914
48439113809,0.020556
48439113810,0.016472
48439113811,0.06267
48439113812,0.01496
48439113813,0.019035
48439113814,0.01878
48439113815,0.025141
48439113816,0.018502
48439113906,0.018008
48439113908,0.022156
48439113912,0.018534
48439113916,0.025993
48439113917,0.018807
48439113918,0.055176
48439113919,0.025207
48439113920,0.020829
48439113923,0.017829
48439113924,0.013167
48439113925,0.017837
48439113930,0.015994
48439113931,0.028856
48439113932,0.022263
48439113933,0.037783
48439113934,0.015512
48439113935,0.032224
48439113936,0.03049
48439113937,0.036241
48439113938,0.014951
48439113939,0.014409
48439113940,0.022088
48439113941,0.019103
48439113942,0.019775
48439113943,0.016668
48439113944,0.018198
48439113945,0.024021
48439113946,0.020069
48439113947,0.01842
48439113948,0.016788
48439113949,0.01432
48439113950,0.02733
48439113951,0.02229
48439113952,0.016442
48439113953,0.049098
48439113954,0.023377
48439113955,0.015078
48439113956,0.027831
48439113957,0.023208
48439113958,0.039854
48439114003,0.078642
48439114006,0.046293
48439114009,0.014454
48439114010,0.013429
48439114011,0.026158
48439114012,0.016154
48439114013,0.029716
48439114014,0.015306
48439114015,0.090697
48439114105,0.049925
48439114106,0.033509
48439114107,0.030266
48439114108,0.024962
48439114109,0.014153
48439114110,0.072407
48439114111,0.031536
48439114112,0.03166
48439114113,0.013892
48439114203,0.019914
48439114204,0.061725
48439114205,0.027818
48439114206,0.043003
48439114207,0.021094
48439121605,0.02591
48439121606,0.035743
48439121608,0.015901
48439121609,0.024865
48439121610,0.020495
48439121611,0.023101
48439121612,0.163855
48439121613,0.25135
48439121614,0.073222
48439121615,0.133741
48439121702,0.019609
48439121703,0.016384
48439121704,0.016019
48439121904,0.051952
48439121905,0.027083
48439121906,0.037766
48439121907,0.016943
48439121908,0.065737
48439122001,0.016417
48439122002,0.020214
48439122100,0.01556
48439122200,0.056069
48439122300,0.020122
48439122401,0.02403
48439122402,0.017314
48439122500,0.024874
48439122600,0.028114
48439122701,0.019929
48439122702,0.047846
48439122801,0.035178
48439122802,0.016979
48439122901,0.019823
48439122902,0.057826
48439123001,0.155939
48439123002,0.03556
48439123100,0.094355
48439123200,0.058834
48439123301,0.079504
48439123302,0.089266
48439123500,0.033358
48439123600,0.048499
48439123700,0.017659
48439980000,0.15906
48441010100,0.017337
48441010200,0.023554
48441010300,0.015392
48441010400,0.015605
48441010500,0.022929
48441010600,0.018868
48441010700,0.013785
48441010800,0.081148
48441010900,0.066512
48441011000,0.037163
48441011200,0.062137
48441011300,0.022697
48441011400,0.079641
48441011500,0.015437
48441011600,0.021046
48441011700,0.104544
48441011900,0.031754
48441012000,0.040282
48441012100,0.026415
48441012200,0.044733
48441012300,0.014046
48441012400,0.066614
48441012500,0.023658
48441012600,0.0507
48441012701,0.019054
48441012702,0.081586
48441012801,0.070887
48441012802,0.052271
48441012900,0.020619
48441013000,0.087222
48441013100,0.053748
48441013200,0.084603
48441013300,0.059694
48441013401,0.06384
48441013402,0.039154
48441013404,0.028825
48441013501,0.070519
48441013502,0.090143
48441013601,0.053449
48441013602,0.058612
48441980000,0.196117
48443950100,0.051779
48447950300,0.049117
48449950100,0.063279
48449950200,0.10465
48449950301,0.031081
48449950302,0.075459
48449950400,0.096272
48449950500,0.085301
48449950600,0.052534
48449950700,0.165024
48449950800,0.200834
48451000100,0.069645
48451000200,0.2057
48451000300,0.045969
48451000400,0.043533
48451000700,0.070859
48451000801,0.081256
48451000802,0.014975
48451000900,0.039224
48451001000,0.183982
48451001101,0.036722
48451001102,0.033669
48451001200,0.015047
48451001301,0.022593
48451001303,0.027398
48451001304,0.039655
48451001401,0.056378
48451001402,0.089273
48451001500,0.111527
48451001600,0.053346
48451001702,0.156278
48451001706,0.02132
48451001707,0.041512
48451001708,0.139447
48451001709,0.064196
48451001710,0.020542
48451001800,0.07464
48451980000,0.063016
48453000101,0.035296
48453000102,0.032055
48453000203,0.019583
48453000204,0.02016
48453000205,0.019729
48453000206,0.021695
48453000302,0.023861
48453000304,0.025119
48453000305,0.054729
48453000307,0.040864
48453000308,0.10121
48453000309,0.037285
48453000401,0.043362
48453000402,0.023673
48453000500,0.018941
48453000601,0.013797
48453000605,0.041691
48453000606,0.053333
48453000607,0.015648
48453000608,0.045069
48453000700,0.043173
48453000801,0.069847
48453000802,0.030437
48453000803,0.025924
48453000804,0.050465
48453000901,0.087765
48453000902,0.033215
48453001000,0.027154
48453001101,0.029879
48453001102,0.089148
48453001103,0.046477
48453001200,0.016483
48453001304,0.089129
48453001307,0.017119
48453001308,0.023239
48453001309,0.045064
48453001310,0.089492
48453001311,0.016906
48453001312,0.019548
48453001401,0.025797
48453001402,0.060528
48453001403,0.056097
48453001501,0.016011
48453001503,0.020971
48453001504,0.015352
48453001505,0.026284
48453001602,0.019813
48453001603,0.021395
48453001604,0.04791
48453001605,0.021537
48453001606,0.061912
48453001910,0.056027
48453001911,0.066282
48453001912,0.072256
48453001913,0.100354
48453001914,0.018659
48453001915,0.022353
48453001916,0.019959
48453001917,0.149778
48453001918,0.039715
48453001919,0.027992
48453001920,0.05119
48453001921,0.111274
48453001922,0.092607
48453001923,0.152857
48453002002,0.021313
48453002003,0.016102
48453002004,0.028387
48453002006,0.025791
48453002007,0.071645
48453002104,0.015903
48453002105,0.015284
48453002106,0.016114
48453002107,0.017025
48453002108,0.016163
48453002109,0.016932
48453002110,0.050204
48453002111,0.021613
48453002112,0.019945
48453002113,0.013083
48453002201,0.017583
48453002211,0.017358
48453002213,0.01988
48453002214,0.032807
48453002215,0.045487
48453002216,0.028657
48453002217,0.131073
48453002218,0.22357
48453002219,0.038742
48453002220,0.020544
48453002221,0.013767
48453002222,0.027744
48453002304,0.039077
48453002307,0.036836
48453002310,0.074435
48453002313,0.035403
48453002314,0.016144
48453002315,0.032192
48453002316,0.039093
48453002319,0.129919
48453002320,0.042511
48453002321,0.023086
48453002322,0.022083
48453002323,0.022188
48453002324,0.033708
48453002325,0.036467
48453002326,0.236294
48453002327,0.025761
48453002403,0.021815
48453002407,0.018714
48453002409,0.020096
48453002410,0.021452
48453002411,0.024797
48453002412,0.028867
48453002413,0.020769
48453002419,0.013492
48453002422,0.031918
48453002423,0.021537
48453002424,0.048129
48453002430,0.01603
48453002432,0.050412
48453002434,0.086019
48453002436,0.116481
48453002437,0.029288
48453002438,0.018686
48453002439,0.01695
48453002440,0.016672
48453002441,0.018116
48453002442,0.024232
48453002443,0.04893
48453002444,0.031716
48453002445,0.021628
48453002446,0.025559
48453002447,0.056103
48453002448,0.029078
48453002449,0.03677
48453002450,0.114749
48453002451,0.048114
48453002452,0.041759
48453002453,0.057996
48453002500,0.042409
48453030000,0.046406
48453030100,0.05969
48453030200,0.017538
48453030300,0.018599
48453030400,0.024473
48453030500,0.017883
48453030600,0.021625
48453030700,0.016458
48453030800,0.02173
48453030900,0.030992
48453031000,0.025076
48453031100,0.153402
48453031200,0.025951
48453031300,0.01546
48453031400,0.026146
48453031500,0.02001
48453031600,0.032656
48453031700,0.017174
48453031800,0.031636
48453031900,0.033689
48453032000,0.032426
48453032100,0.018892
48453032200,0.028068
48453032300,0.053062
48453032400,0.027155
48453032500,0.019885
48453032600,0.016144
48453032700,0.019708
48453032800,0.192709
48453032900,0.033645
48453033000,0.060658
48453033100,0.059017
48453033200,0.040592
48453033300,0.023017
48453033400,0.019119
48453033500,0.019457
48453033600,0.116808
48453033700,0.015602
48453033800,0.024673
48453033900,0.026178
48453034000,0.062264
48453034100,0.017105
48453034200,0.042752
48453034300,0.016916
48453034400,0.015623
48453034500,0.029338
48453034600,0.059524
48453034700,0.021506
48453034800,0.024893
48453034900,0.033008
48453035000,0.024558
48453035100,0.024874
48453035200,0.057279
48453035300,0.214083
48453035400,0.047059
48453035500,0.013949
48453035600,0.141306
48453035700,0.038972
48453035800,0.031224
48453035900,0.051101
48453036000,0.028
48453036100,0.043431
48453036200,0.018804
48453036300,0.046886
48453036400,0.135569
48453036500,0.145023
48453036600,0.114208
48453036700,0.095721
48453036800,0.049962
48453036900,0.057213
48453037000,0.121459
48453037100,0.193474
48453037200,0.014917
48453037300,0.021353
48453037400,0.144155
48453037500,0.095807
48453037600,0.020136
48453040000,0.02873
48453040100,0.045738
48453040200,0.013531
48453040300,0.01708
48453040400,0.030631
48453040500,0.015037
48453040600,0.040227
48453040700,0.032707
48453040800,0.019795
48453040900,0.15498
48453041000,0.142387
48453041100,0.182936
48453041200,0.025642
48453041300,0.016345
48453041400,0.030024
48453041500,0.042146
48453041600,0.022538
48453041700,0.033479
48453041800,0.033457
48453041900,0.047371
48453042000,0.028239
48453042100,0.019073
48453042200,0.023432
48453042300,0.037268
48453042400,0.02809
48453042500,0.017824
48453042600,0.03028
48453042700,0.013617
48453042800,0.016315
48453042900,0.018866
48453043000,0.017423
48453043100,0.074825
48453043200,0.182341
48453043300,0.017899
48453043400,0.018184
48453043500,0.056811
48453043600,0.016049
48453043700,0.043538
48453043800,0.018122
48453043900,0.015237
48453044000,0.019955
48453044100,0.018213
48453044200,0.018069
48453044300,0.022498
48453044400,0.020438
48453044500,0.024269
48453044600,0.013942
48453044700,0.019076
48453044800,0.029971
48453044900,0.074988
48453045000,0.015496
48453045100,0.033563
48453045200,0.023698
48453045300,0.022889
48453045400,0.047814
48453045500,0.01675
48453045600,0.054583
48453045700,0.063693
48453045800,0.133499
48453045900,0.152774
48453046000,0.038007
48453046100,0.030042
48453046200,0.060416
48453046300,0.02811
48453046400,0.01658
48453046500,0.02186
48453046600,0.022848
48453046700,0.041288
48453046800,0.018427
48453046900,0.014515
48453047000,0.034174
48453980000,0.084356
48455950100,0.095338
48455950200,0.041446
48455950300,0.09832
48455950400,0.068206
48455950500,0.071271
48459950101,0.038912
48459950102,0.153431
48459950200,0.05164
48459950301,0.07565
48459950302,0.033497
48459950400,0.160597
48459950501,0.057501
48459950502,0.032963
48459950600,0.033769
48459950700,0.089105
48461950100,0.06444
48463950100,0.047681
48463950201,0.088802
48463950202,0.038008
48463950300,0.066051
48463950400,0.077619
48463950500,0.082538
48465950202,0.104545
48465950203,0.137937
48465950301,0.069124
48465950302,0.088629
48465950400,0.104089
48465950501,0.064078
48465950502,0.052612
48465950601,0.239178
48465950602,0.113109
48465950701,0.074721
48465950702,0.077858
48465950801,0.198402
48465950802,0.104016
48465980000,0.045877
48467950100,0.028356
48467950200,0.046695
48467950300,0.067098
48467950400,0.028522
48467950500,0.0244
48467950601,0.094634
48467950602,0.05723
48467950700,0.095472
48467950801,0.041234
48467950802,0.055134
48467950901,0.028677
48467950902,0.1404
48467951001,0.019535
48467951002,0.027401
48469000100,0.192677
48469000201,0.164599
48469000202,0.022406
48469000301,0.130493
48469000302,0.132456
48469000400,0.118462
48469000501,0.063773
48469000502,0.017536
48469000601,0.060828
48469000602,0.054479
48469000700,0.024309
48469000800,0.038298
48469001300,0.108933
48469001401,0.145573
48469001402,0.028455
48469001501,0.121279
48469001503,0.079962
48469001504,0.094148
48469001601,0.018784
48469001604,0.013226
48469001605,0.093322
48469001607,0.097156
48469001608,0.024603
48469001700,0.035586
48469980000,0.276672
48471790101,0.02408
48471790102,0.041613
48471790103,0.11662
48471790200,0.05806
48471790301,0.042547
48471790302,0.045967
48471790401,0.157101
48471790402,0.085315
48471790500,0.090227
48471790600,0.048769
48471790700,0.04201
48471790800,0.061284
48473680100,0.045349
48473680201,0.022848
48473680202,0.079404
48473680301,0.047778
48473680302,0.062877
48473680303,0.039181
48473680501,0.028134
48473680502,0.047488
48473680601,0.131043
48473680602,0.024789
48473980000,0.041355
48477170100,0.110989
48477170201,0.066321
48477170202,0.113284
48477170300,0.048472
48477170400,0.082079
48477170501,0.058378
48477170502,0.085768
48477170601,0.05702
48477170602,0.152691
48479000101,0.050627
48479000105,0.069079
48479000106,0.046951
48479000107,0.017932
48479000108,0.013985
48479000109,0.165148
48479000200,0.044876
48479000300,0.022045
48479000601,0.019666
48479000602,0.032396
48479000700,0.071474
48479000800,0.013224
48479000901,0.015761
48479000903,0.071067
48479000904,0.01235
48479001001,0.012987
48479001003,0.035866
48479001004,0.024767
48479001101,0.066402
48479001103,0.101693
48479001104,0.022557
48479001105,0.118078
48479001201,0.038223
48479001202,0.028204
48479001300,0.051092
48479001401,0.035964
48479001402,0.028057
48479001501,0.099001
48479001502,0.034263
48479001601,0.023241
48479001602,0.034625
48479001706,0.03845
48479001709,0.015188
48479001710,0.138704
48479001711,0.037867
48479001714,0.084341
48479001715,0.097175
48479001716,0.01388
48479001717,0.113686
48479001718,0.032866
48479001719,0.015241
48479001720,0.102705
48479001721,0.020865
48479001722,0.025803
48479001723,0.02107
48479001724,0.037613
48479001725,0.033748
48479001726,0.044163
48479001727,0.021002
48479001806,0.030914
48479001809,0.113238
48479001810,0.210336
48479001811,0.101125
48479001813,0.264336
48479001815,0.062973
48479001816,0.177408
48479001818,0.244106
48479001819,0.153281
48479001820,0.110853
48479001821,0.012694
48479001822,0.013168
48479001823,0.013429
48479001824,0.100374
48479001825,0.049347
48479001826,0.060067
48479001827,0.179905
48479001828,0.035865
48479001900,0.016416
48479980000,0.093524
48481740100,0.020919
48481740200,0.073927
48481740300,0.031121
48481740400,0.079958
48481740500,0.026043
48481740600,0.080087
48481740700,0.082475
48481740800,0.098177
48481740901,0.033174
48481740902,0.114304
48481741000,0.044089
48481741100,0.085115
48489950300,0.120486
48489950400,0.053585
48489950500,0.036713
48489950600,0.09683
48489950700,0.038998
48491020106,0.037839
48491020108,0.024295
48491020109,0.031171
48491020111,0.03442
48491020113,0.025718
48491020114,0.075518
48491020115,0.018763
48491020116,0.048307
48491020117,0.185235
48491020118,0.063135
48491020119,0.024187
48491020120,0.038739
48491020121,0.062016
48491020122,0.104566
48491020123,0.073398
48491020124,0.140851
48491020201,0.02994
48491020203,0.018569
48491020205,0.029821
48491020206,0.103984
48491020207,0.13039
48491020208,0.211049
48491020310,0.018874
48491020311,0.042568
48491020319,0.015901
48491020321,0.08907
48491020323,0.014937
48491020325,0.056181
48491020326,0.016601
48491020327,0.078221
48491020329,0.054949
48491020330,0.042747
48491020331,0.07812
48491020332,0.049194
48491020333,0.01547
48491020334,0.016211
48491020335,0.017455
48491020336,0.015931
48491020337,0.014891
48491020338,0.017414
48491020339,0.017477
48491020340,0.016135
48491020341,0.022206
48491020342,0.155957
48491020343,0.016527
48491020344,0.113504
48491020345,0.017933
48491020346,0.023538
48491020347,0.017103
48491020348,0.02663
48491020349,0.050192
48491020350,0.014756
48491020351,0.025659
48491020352,0.043589
48491020353,0.028324
48491020354,0.015149
48491020355,0.033097
48491020356,0.033488
48491020403,0.016344
48491020404,0.01468
48491020405,0.022275
48491020406,0.019444
48491020408,0.045293
48491020409,0.050393
48491020410,0.015743
48491020411,0.023956
48491020503,0.02675
48491020505,0.059228
48491020507,0.029324
48491020508,0.027104
48491020509,0.016667
48491020511,0.04303
48491020512,0.032092
48491020513,0.035905
48491020514,0.021186
48491020515,0.044994
48491020516,0.015516
48491020517,0.0252
48491020602,0.022647
48491020604,0.019802
48491020606,0.021542
48491020607,0.021925
48491020608,0.015425
48491020609,0.026914
48491020701,0.023283
48491020704,0.020579
48491020706,0.043777
48491020707,0.016643
48491020709,0.026412
48491020710,0.060067
48491020711,0.151648
48491020712,0.016542
48491020713,0.019592
48491020808,0.025136
48491020810,0.028037
48491020811,0.020693
48491020812,0.030028
48491020813,0.023778
48491020814,0.017881
48491020815,0.019839
48491020816,0.095893
48491020817,0.094147
48491020818,0.097204
48491020819,0.047554
48491020820,0.021471
48491020821,0.023492
48491020822,0.073413
48491020900,0.024594
48491021000,0.067262
48491021100,0.024104
48491021201,0.096113
48491021202,0.10911
48491021203,0.160176
48491021300,0.027094
48491021402,0.049195
48491021404,0.141235
48491021405,0.025429
48491021406,0.03516
48491021407,0.042777
48491021502,0.055084
48491021503,0.032708
48491021506,0.044041
48491021509,0.021982
48491021510,0.029341
48491021511,0.034257
48491021512,0.029118
48491021513,0.020511
48491021514,0.0148
48491021515,0.049537
48491021516,0.019333
48491021517,0.020366
48491021518,0.013709
48491021601,0.052699
48491021602,0.071993
48491021603,0.026809
48493000102,0.070279
48493000103,0.014679
48493000104,0.046474
48493000201,0.038828
48493000202,0.020397
48493000300,0.079748
48493000402,0.098422
48493000404,0.117092
48493000405,0.021438
48493000406,0.187503
48493000500,0.137763
48493000600,0.02609
48497150101,0.056374
48497150103,0.183528
48497150104,0.020887
48497150201,0.147542
48497150202,0.09893
48497150300,0.063434
48497150402,0.052726
48497150403,0.04274
48497150404,0.038626
48497150405,0.120082
48497150500,0.14514
48497150603,0.086661
48497150604,0.041429
48497150605,0.03018
48497150606,0.107607
48497150607,0.15307
48499950100,0.041693
48499950200,0.060115
48499950301,0.026319
48499950303,0.033748
48499950304,0.089765
48499950401,0.049383
48499950402,0.202615
48499950500,0.061311
48499950601,0.02609
48499950602,0.038629
48499950700,0.045548
48499950800,0.110275
48503950200,0.03982
48503950401,0.126527
48503950402,0.0423
48503950500,0.074037
48503950600,0.082065
48505950303,0.202691
48505950304,0.125559
48505950305,0.219708
48505950306,0.244195
48505950401,0.177981
48505950402,0.119263
48507950100,0.195798
48507950200,0.128349
48507950301,0.085763
48507950302,0.073562
53001950100,0.082873
53001950200,0.136846
53001950301,0.037965
53001950302,0.063689
53001950303,0.158136
53001950400,0.123592
53001950500,0.01788
53003960100,0.100653
53003960200,0.045462
53005010100,0.127427
53005010201,0.069881
53005010203,0.013511
53005010204,0.059338
53005010300,0.098746
53005010400,0.013957
53005010500,0.112091
53005010600,0.042477
53005010701,0.042415
53005010703,0.074035
53005010705,0.02611
53005010707,0.015052
53005010708,0.123831
53005010807,0.040077
53005010809,0.032338
53005010810,0.014657
53005010811,0.04278
53005010814,0.049338
53005010815,0.0164
53005010816,0.032858
53005010817,0.024523
53005010818,0.029736
53005010819,0.023462
53005010820,0.031405
53005010901,0.052433
53005010902,0.020716
53005011001,0.036293
53005011002,0.034928
53005011100,0.034256
53005011201,0.013491
53005011202,0.063884
53005011300,0.06382
53005011401,0.017974
53005011402,0.014631
53005011501,0.089294
53005011504,0.015704
53005011505,0.06725
53005011506,0.140333
53005011600,0.099591
53005011701,0.035766
53005011702,0.034369
53005011801,0.045121
53005011802,0.038186
53005011900,0.030618
53005012000,0.044934
53007960100,0.089709
53007960201,0.119097
53007960202,0.048937
53007960203,0.086036
53007960301,0.088666
53007960302,0.046132
53007960303,0.078275
53007960400,0.060089
53007960501,0.082025
53007960502,0.070109
53007960600,0.162981
53007960700,0.04013
53007960801,0.015533
53007960803,0.015775
53007960804,0.05038
53007961001,0.013763
53007961002,0.096206
53007961101,0.015231
53007961102,0.014336
53007961200,0.029394
53007961301,0.01773
53007961303,0.013087
53007961304,0.015924
53013960200,0.029736
53017950101,0.078288
53017950102,0.110855
53017950200,0.072297
53017950300,0.030371
53017950400,0.030496
53017950500,0.019299
53017950600,0.014493
53017950700,0.013208
53017950800,0.017031
53019940000,0.039765
53019970100,0.09771
53019970200,0.101094
53021020101,0.125859
53021020102,0.056395
53021020103,0.02779
53021020201,0.016313
53021020202,0.014506
53021020300,0.041446
53021020401,0.032424
53021020402,0.018052
53021020403,0.015316
53021020404,0.019293
53021020501,0.076135
53021020503,0.026523
53021020504,0.036903
53021020603,0.014458
53021020605,0.052709
53021020606,0.044216
53021020607,0.01403
53021020608,0.032879
53021020700,0.140074
53021020801,0.109692
53021020802,0.123506
53021980100,0.020075
53023970300,0.057017
53025010100,0.107642
53025010200,0.027974
53025010300,0.15058
53025010401,0.120856
53025010402,0.05661
53025010500,0.044824
53025010600,0.101652
53025010700,0.088225
53025010800,0.022199
53025010901,0.035286
53025010903,0.024136
53025010904,0.014731
53025011001,0.081439
53025011002,0.03544
53025011101,0.090292
53025011102,0.111256
53025011200,0.047807
53025011300,0.065339
53025011401,0.110405
53025011403,0.023106
53025011404,0.094264
53025011405,0.218508
53025011406,0.048356
53033031502,0.120923
53033032706,0.065424
53033032800,0.098648
53037975101,0.081363
53037975102,0.056497
53037975103,0.075686
53037975104,0.113073
53037975201,0.078616
53037975202,0.025702
53037975203,0.17284
53037975300,0.060402
53037975402,0.090623
53037975403,0.014436
53037975404,0.032879
53037975500,0.056827
53037975600,0.088383
53037975700,0.124232
53039950101,0.056403
53039950102,0.065724
53039950103,0.175687
53039950200,0.088704
53039950302,0.084579
53041972000,0.05943
53043960100,0.14345
53043960200,0.090837
53043960300,0.069823
53043960400,0.093984
53047940100,0.108443
53047940200,0.082549
53047970301,0.020193
53047970302,0.128702
53047970303,0.122733
53047970400,0.081436
53047970500,0.138025
53047970601,0.12303
53047970602,0.135953
53047970700,0.080984
53047970800,0.051971
53047970900,0.062767
53047971000,0.082692
53051970100,0.081295
53051970200,0.092288
53051970300,0.047456
53051970400,0.042923
53051970500,0.066318
53053070100,0.094262
53057951101,0.156154
53057951102,0.081086
53057951200,0.044756
53059950100,0.053109
53059950400,0.100104
53061053606,0.017493
53061053700,0.032155
53061053801,0.048818
53061053803,0.067455
53063000201,0.033573
53063000202,0.019894
53063000301,0.01526
53063000302,0.027339
53063000400,0.03428
53063000500,0.09173
53063000600,0.020461
53063000700,0.0375
53063000800,0.053682
53063000900,0.026817
53063001000,0.020574
53063001100,0.014113
53063001200,0.046782
53063001300,0.081829
53063001400,0.055397
53063001500,0.104292
53063001600,0.013819
53063001800,0.182631
53063001900,0.039925
53063002000,0.107659
53063002100,0.145592
53063002300,0.016709
53063002400,0.019847
53063002501,0.05685
53063002502,0.031622
53063002503,0.074423
53063002600,0.021576
53063002900,0.012526
53063003000,0.016511
53063003100,0.020393
53063003200,0.020147
53063003500,0.048502
53063003601,0.015485
53063003602,0.024236
53063003800,0.029572
53063003900,0.034476
53063004001,0.031076
53063004002,0.030031
53063004100,0.017138
53063004200,0.016148
53063004300,0.013948
53063004400,0.020833
53063004500,0.016304
53063004601,0.0183
53063004602,0.013035
53063004701,0.017331
53063004702,0.026166
53063004800,0.014595
53063004900,0.049332
53063005000,0.025237
53063010101,0.115556
53063010102,0.271881
53063010201,0.055164
53063010203,0.018651
53063010204,0.058707
53063010301,0.031636
53063010303,0.033976
53063010304,0.065382
53063010305,0.1485
53063010401,0.085517
53063010403,0.054343
53063010404,0.016116
53063010504,0.161694
53063010505,0.116822
53063010506,0.021003
53063010507,0.058658
53063010508,0.023261
53063010601,0.10387
53063010603,0.039319
53063010604,0.015427
53063010701,0.031594
53063010702,0.012768
53063010800,0.048534
53063010901,0.067272
53063010902,0.015097
53063011000,0.053904
53063011102,0.023708
53063011103,0.046555
53063011104,0.029106
53063011202,0.02563
53063011203,0.023816
53063011204,0.043604
53063011301,0.014847
53063011302,0.037082
53063011400,0.016765
53063011500,0.250204
53063011600,0.151085
53063011701,0.069925
53063011702,0.037822
53063011800,0.078116
53063011900,0.091903
53063012000,0.032858
53063012100,0.034588
53063012200,0.036848
53063012300,0.075969
53063012401,0.036034
53063012402,0.058278
53063012500,0.077183
53063012600,0.177448
53063012701,0.193748
53063012702,0.220066
53063012801,0.095298
53063012802,0.013745
53063012901,0.022967
53063012902,0.018387
53063013001,0.013856
53063013002,0.030561
53063013003,0.014704
53063013101,0.018082
53063013102,0.088207
53063013201,0.040585
53063013300,0.088533
53063013401,0.024784
53063013501,0.029895
53063013502,0.04232
53063013503,0.034496
53063013600,0.071634
53063013700,0.023159
53063013800,0.261576
53063013900,0.120673
53063014001,0.111837
53063014002,0.124965
53063014100,0.11318
53063014200,0.087902
53063014300,0.031303
53063014400,0.020638
53063014500,0.072509
53065941000,0.103726
53065950101,0.143179
53065950102,0.099751
53065950200,0.0286
53065950300,0.126893
53065950500,0.084211
53065950600,0.1076
53065950700,0.157364
53065950800,0.103582
53065950900,0.046424
53065951100,0.057782
53065951301,0.050086
53065951302,0.245335
53065951401,0.043862
53065951402,0.061915
53071920000,0.082828
53071920100,0.057035
53071920200,0.018515
53071920302,0.015296
53071920400,0.068246
53071920500,0.027005
53071920600,0.044169
53071920701,0.030787
53071920702,0.016928
53071920801,0.020822
53071920802,0.057772
53071920901,0.015485
53073010103,0.147736
53075000100,0.130011
53075000201,0.13175
53075000202,0.165025
53075000300,0.078405
53075000400,0.249421
53075000500,0.144438
53075000601,0.074493
53075000602,0.1262
53075000700,0.068456
53075000800,0.056706
53075000900,0.052228
53075001000,0.106341
53077000100,0.026866
53077000200,0.023347
53077000301,0.067774
53077000302,0.038179
53077000401,0.015291
53077000402,0.025361
53077000500,0.01862
53077000600,0.014379
53077000700,0.031811
53077000800,0.017648
53077000902,0.016762
53077000903,0.019208
53077000904,0.014972
53077001000,0.015807
53077001100,0.01829
53077001201,0.014526
53077001202,0.014602
53077001300,0.086226
53077001400,0.025962
53077001502,0.0246
53077001503,0.028701
53077001504,0.025736
53077001601,0.064901
53077001602,0.059715
53077001701,0.099944
53077001702,0.032731
53077001801,0.093288
53077001802,0.102625
53077001901,0.092677
53077001902,0.014297
53077002003,0.017393
53077002004,0.037576
53077002005,0.05714
53077002006,0.03306
53077002101,0.075897
53077002103,0.049483
53077002104,0.021396
53077002201,0.035159
53077002202,0.058215
53077002701,0.022227
53077002801,0.020951
53077002803,0.022488
53077002804,0.015093
53077002900,0.025531
53077003002,0.01697
53077003003,0.061951
53077003004,0.079622
53077003100,0.045517
53077003200,0.02762
53077003400,0.02367
53077940001,0.020524
53077940002,0.025329
53077940003,0.088681
53077940005,0.052833
53077940006,0.013656
53077940007,0.019794
53077940008,0.02643
