GEOID,coverage_gap_score
40001376600,0.097877
40001376700,0.098874
40001376800,0.154463
40001376900,0.188355
40001377000,0.162885
40003955600,0.163268
40003955700,0.175454
40003956000,0.165823
40005587600,0.108928
40005587700,0.164685
40005587800,0.232936
40005587900,0.034797
40009966100,0.181236
40009966200,0.206713
40009966800,0.135061
40011958600,0.222771
40011958700,0.229556
40011958800,0.167242
40011958900,0.197332
40011959000,0.220349
40013795600,0.148292
40013795700,0.110419
40013795900,0.051302
40013796002,0.113148
40013796003,0.156824
40013796004,0.340978
40013796101,0.164655
40013796102,0.163214
40013796200,0.136154
40013796300,0.116262
40013796400,0.089149
40013796500,0.095519
40013796600,0.15165
40015161601,0.171425
40015161602,0.197217
40015161700,0.126562
40015161800,0.10067
40015161900,0.068073
40015162000,0.260983
40015162101,0.255939
40015162102,0.241808
40015162200,0.146434
40015162300,0.14188
40017300100,0.249707
40017300201,0.140253
40017300202,0.214024
40017300300,0.311871
40017300400,0.429852
40017300500,0.302469
40017300600,0.230038
40017300701,0.195941
40017300702,0.157459
40017300802,0.33948
40017300803,0.190348
40017300804,0.323519
40017300805,0.185535
40017300806,0.154027
40017300901,0.200112
40017300902,0.221172
40017300904,0.128595
40017300905,0.095772
40017301001,0.119568
40017301003,0.250058
40017301006,0.075746
40017301010,0.257458
40017301011,0.142691
40017301012,0.046023
40017301013,0.041588
40017301014,0.073502
40017301015,0.077875
40017301100,0.108468
40017301201,0.298652
40017301202,0.287557
40017301301,0.146675
40017301302,0.236877
40017301406,0.131286
40017301407,0.20886
40017301408,0.157418
40017301409,0.317668
40017301410,0.280919
40019892100,0.10814
40019892200,0.233626
40019892301,0.162806
40019892302,0.20116
40019892400,0.125627
40019892501,0.232258
40019892502,0.113457
40019892601,0.285036
40019892602,0.144897
40019892700,0.194476
40019892801,0.01955
40019892802,0.17271
40019892900,0.032672
40019893001,0.176155
40019893002,0.071879
40019893100,0.049309
40021977600,0.214136
40021977701,0.223523
40021977702,0.221058
40021977801,0.195889
40021977802,0.12014
40021977901,0.294695
40021977902,0.107505
40021978000,0.064739
40021978100,0.198314
40021978201,0.170873
40021978202,0.184491
40021978301,0.209051
40021978302,0.282176
40023966900,0.134794
40023967000,0.121059
40023967100,0.129064
40023967200,0.187638
40023967300,0.15715
40027200100,0.027431
40027200200,0.102377
40027200300,0.016308
40027200400,0.01189
40027200500,0.025403
40027200602,0.051175
40027200603,0.02416
40027200604,0.22427
40027200700,0.228954
40027200800,0.116218
40027200900,0.026554
40027201000,0.032667
40027201102,0.022406
40027201103,0.061772
40027201104,0.156249
40027201201,0.008754
40027201202,0.030331
40027201204,0.007547
40027201205,0.07493
40027201302,0.141486
40027201303,0.051162
40027201403,0.11014
40027201404,0.108246
40027201405,0.068829
40027201505,0.082911
40027201508,0.02954
40027201509,0.028351
40027201511,0.0045
40027201512,0.053624
40027201513,0.144736
40027201514,0.022284
40027201602,0.2396
40027201603,0.139998
40027201604,0.146047
40027201607,0.016277
40027201609,0.031942
40027201610,0.147297
40027201611,0.021882
40027201612,0.095438
40027201700,0.175796
40027201801,0.017457
40027201802,0.020475
40027201902,0.015625
40027201903,0.096075
40027201904,0.074777
40027202002,0.014759
40027202004,0.059075
40027202005,0.009513
40027202006,0.036621
40027202007,0.217513
40027202008,0.008049
40027202102,0.119258
40027202104,0.094768
40027202105,0.210414
40027202106,0.098483
40027202107,0.266114
40027202201,0.195252
40027202203,0.199965
40027202205,0.011746
40027202207,0.126782
40027202208,0.138132
40027202301,0.274064
40027202302,0.035211
40027202403,0.144483
40027202404,0.164368
40027202405,0.088611
40027202406,0.076323
40027202407,0.294922
40027202501,0.147186
40027202502,0.142443
40027202600,0.103329
40029388100,0.131335
40029388200,0.121476
40031000100,0.091627
40031000200,0.083673
40031000300,0.032846
40031000402,0.061392
40031000403,0.00541
40031000404,0.017037
40031000405,0.040344
40031000503,0.003955
40031000504,0.007788
40031000505,0.021189
40031000506,0.056553
40031000600,0.022048
40031000700,0.005913
40031000800,0.013542
40031000900,0.007702
40031001000,0.012535
40031001100,0.009071
40031001400,0.017533
40031001500,0.012608
40031001600,0.011748
40031001700,0.010734
40031001901,0.108658
40031001902,0.174773
40031002001,0.010247
40031002003,0.223416
40031002004,0.150187
40031002005,0.041555
40031002101,0.157924
40031002102,0.13235
40031002201,0.155713
40031002202,0.181778
40031002301,0.114511
40031002302,0.048471
40031002401,0.290942
40031002403,0.209792
40031002405,0.122593
40031002406,0.034717
40031002500,0.045561
40033871100,0.121222
40033871200,0.243915
40035373100,0.128861
40035373200,0.147744
40035373300,0.153745
40035373400,0.185452
40035373500,0.14797
40037020101,0.254065
40037020102,0.210846
40037020103,0.130782
40037020602,0.16463
40037020603,0.206917
40037020604,0.154297
40037020702,0.159005
40037020704,0.182229
40037020705,0.319962
40037020706,0.16649
40037020707,0.220081
40037020800,0.126674
40037020900,0.240299
40037021000,0.152826
40037021101,0.164337
40037021102,0.143661
40037021201,0.145168
40037021202,0.207519
40037021300,0.273895
40037021401,0.179557
40037021402,0.219395
40037021500,0.120735
40037021600,0.407871
40039950800,0.184155
40039960401,0.209184
40039960402,0.128108
40039960600,0.163359
40039960701,0.119091
40039960702,0.30755
40039961000,0.104339
40041375601,0.25299
40041375602,0.381065
40041375701,0.238924
40041375702,0.175324
40041375803,0.13122
40041375804,0.326857
40041375805,0.441596
40041375806,0.196547
40041375901,0.307863
40041375902,0.156261
40041376000,0.220367
40041376100,0.194599
40041976200,0.227873
40043959100,0.183645
40043959200,0.193604
40043959300,0.163399
40045952600,0.162959
40045952800,0.200222
40047000101,0.07422
40047000102,0.095005
40047000200,0.294044
40047000601,0.243638
40047000602,0.32387
40047000701,0.013268
40047000702,0.131601
40047001100,0.215547
40047001200,0.114218
40047001301,0.198751
40047001302,0.206454
40047001401,0.25384
40047001402,0.309744
40047001500,0.271397
40047001602,0.122992
40047001603,0.216451
40047001604,0.250137
40049681100,0.175571
40049681200,0.131118
40049681300,0.130002
40049681400,0.154515
40049681500,0.13376
40049681600,0.072551
40049681700,0.130736
40049681800,0.1392
40049681900,0.172631
40051000100,0.252487
40051000400,0.148406
40051000501,0.010316
40051000502,0.163534
40051000600,0.209845
40051000701,0.07595
40051000702,0.140277
40051000801,0.18784
40051000802,0.169189
40051000901,0.191052
40051000902,0.177434
40051000904,0.361093
40051000905,0.167044
40051000906,0.116239
40051001000,0.254959
40053956400,0.309405
40053956500,0.140283
40055967100,0.236226
40055967200,0.173283
40059952100,0.109347
40059952200,0.126479
40061279100,0.086616
40061279200,0.200299
40061279300,0.120142
40061279400,0.115221
40063484600,0.087376
40063484700,0.172243
40063484800,0.151596
40063484900,0.126216
40063485000,0.227554
40065968100,0.102768
40065968200,0.204349
40065968300,0.198351
40065968400,0.207985
40065968500,0.078755
40065968600,0.224815
40065968700,0.313027
40065968800,0.340036
40067371600,0.105527
40067371700,0.139973
40067371800,0.112302
40069660198,0.132424
40069660201,0.209302
40069660202,0.352352
40069660300,0.2181
40071000100,0.030547
40071000201,0.078749
40071000202,0.054962
40071000300,0.044301
40071000400,0.203351
40071000500,0.081942
40071000600,0.155155
40071001100,0.215077
40071001200,0.19059
40071001301,0.309833
40071001302,0.174964
40073958100,0.139527
40073958200,0.124001
40073958300,0.204759
40073958400,0.176419
40075963600,0.095838
40075963700,0.121217
40075964200,0.101512
40077087100,0.112579
40077087200,0.186141
40077087300,0.211687
40079040102,0.175343
40079040198,0.189334
40079040299,0.140224
40079040301,0.154125
40079040302,0.083793
40079040303,0.176365
40079040401,0.199044
40079040402,0.225305
40079040500,0.177322
40079040601,0.202025
40079040602,0.206288
40079040700,0.161351
40081961100,0.170585
40081961200,0.111212
40081961300,0.127311
40081961401,0.161431
40081961402,0.076207
40081961500,0.271882
40081961600,0.164772
40081961700,0.15785
40083600101,0.136447
40083600200,0.212662
40083600300,0.187323
40083600401,0.222437
40083600402,0.034993
40083600501,0.159515
40083600502,0.276511
40083600600,0.207079
40083600700,0.207682
40083600801,0.11329
40083600802,0.156533
40083600903,0.131289
40083601000,0.185978
40085094100,0.222397
40085094200,0.148132
40085094300,0.229278
40087400103,0.146709
40087400104,0.165306
40087400105,0.170937
40087400106,0.210741
40087400201,0.105367
40087400203,0.102719
40087400204,0.175139
40087400300,0.181596
40087400400,0.136867
40089098200,0.07938
40089098300,0.143276
40089098400,0.094987
40089098501,0.184198
40089098502,0.156646
40089098600,0.144087
40089098700,0.089554
40089098800,0.168889
40089098900,0.156407
40091779601,0.193358
40091779602,0.234958
40091779700,0.121113
40091779900,0.186279
40091780100,0.225961
40091780200,0.128656
40091780301,0.111705
40091780302,0.128226
40093955100,0.217951
40093955200,0.112437
40093955300,0.191321
40095094698,0.178015
40095094700,0.190352
40095094803,0.148627
40095094804,0.472508
40095094805,0.253335
40095094806,0.35257
40097040100,0.193014
40097040200,0.147083
40097040300,0.106418
40097040400,0.116776
40097040501,0.169904
40097040502,0.1802
40097040600,0.191841
40097040700,0.135376
40097040801,0.180913
40097040802,0.104005
40099790600,0.086191
40099790701,0.10688
40099790702,0.124317
40099790801,0.21733
40099790802,0.181605
40101000100,0.216415
40101000200,0.227095
40101000300,0.226321
40101000400,0.203552
40101000600,0.156077
40101000700,0.170592
40101000801,0.012391
40101000802,0.117087
40101000901,0.126169
40101000902,0.019048
40101001000,0.203061
40101001100,0.073646
40101001200,0.278191
40101001301,0.157929
40101001302,0.209438
40101001401,0.212056
40101001402,0.133914
40101001501,0.158179
40101001502,0.076362
40101001600,0.233132
40103956600,0.124874
40103956900,0.236747
40103957000,0.212393
40103957100,0.209936
40105172100,0.090211
40105172200,0.103477
40105172300,0.111712
40105172400,0.103878
40107080600,0.123928
40107080700,0.096703
40107080900,0.160305
40107081000,0.146195
40109100100,0.007945
40109100201,0.006409
40109100202,0.182741
40109100203,0.011891
40109100300,0.091492
40109100400,0.008252
40109100500,0.102274
40109100800,0.074229
40109100900,0.024135
40109101000,0.051581
40109101100,0.231071
40109101200,0.188516
40109101300,0.081436
40109101400,0.019328
40109101500,0.036888
40109101800,0.263073
40109101900,0.0464
40109102000,0.05485
40109102100,0.054782
40109102200,0.049812
40109102300,0.012492
40109102400,0.023519
40109102500,0.155337
40109103200,0.106817
40109103300,0.014513
40109103900,0.009212
40109104100,0.007918
40109104200,0.10639
40109104300,0.05599
40109104400,0.017497
40109104500,0.01119
40109104600,0.004272
40109104700,0.011217
40109104800,0.162964
40109104900,0.023234
40109105000,0.021729
40109105101,0.049196
40109105201,0.012192
40109105202,0.005263
40109105300,0.172692
40109105400,0.064128
40109105500,0.018229
40109105600,0.054189
40109105903,0.166314
40109105904,0.090452
40109105905,0.039876
40109105906,0.015869
40109105907,0.03772
40109106000,0.052962
40109106100,0.089511
40109106200,0.098125
40109106301,0.004753
40109106302,0.037372
40109106303,0.011221
40109106401,0.041463
40109106402,0.061686
40109106403,0.01567
40109106501,0.020874
40109106502,0.094192
40109106503,0.037633
40109106601,0.156743
40109106602,0.179608
40109106606,0.039186
40109106607,0.019808
40109106608,0.084189
40109106609,0.118455
40109106610,0.00982
40109106611,0.047563
40109106702,0.014697
40109106704,0.168305
40109106705,0.139447
40109106706,0.018921
40109106708,0.020142
40109106709,0.01709
40109106710,0.018661
40109106801,0.209731
40109106802,0.211046
40109106803,0.194405
40109106804,0.081278
40109106902,0.035999
40109106903,0.137212
40109106906,0.041252
40109106907,0.004492
40109106909,0.031087
40109106910,0.005933
40109106911,0.004508
40109106912,0.010848
40109106913,0.063951
40109106914,0.02002
40109106916,0.015695
40109106917,0.017008
40109107001,0.060196
40109107002,0.132349
40109107101,0.222537
40109107103,0.028076
40109107104,0.1458
40109107206,0.047679
40109107207,0.025616
40109107212,0.14205
40109107213,0.102867
40109107214,0.129947
40109107215,0.027751
40109107216,0.006283
40109107217,0.010443
40109107218,0.00861
40109107219,0.006954
40109107220,0.020074
40109107221,0.026142
40109107222,0.016376
40109107223,0.017782
40109107224,0.04658
40109107225,0.007406
40109107226,0.008714
40109107302,0.068549
40109107303,0.036252
40109107305,0.006186
40109107306,0.017459
40109107401,0.068129
40109107404,0.032227
40109107405,0.068107
40109107406,0.062267
40109107407,0.153978
40109107601,0.095794
40109107604,0.013558
40109107605,0.003334
40109107608,0.006543
40109107703,0.015219
40109107704,0.012289
40109107705,0.019159
40109107706,0.009757
40109107707,0.015308
40109107801,0.01123
40109107804,0.02835
40109107805,0.160775
40109107806,0.04027
40109107807,0.004488
40109107808,0.02279
40109107809,0.006979
40109107810,0.008316
40109107900,0.244497
40109108003,0.019639
40109108005,0.100344
40109108006,0.006343
40109108007,0.013531
40109108008,0.030046
40109108009,0.038941
40109108010,0.026984
40109108011,0.014612
40109108101,0.32886
40109108106,0.213366
40109108107,0.19956
40109108109,0.18149
40109108110,0.17593
40109108113,0.182884
40109108114,0.200245
40109108201,0.128731
40109108203,0.005436
40109108204,0.036561
40109108207,0.119899
40109108208,0.014615
40109108215,0.062521
40109108216,0.033046
40109108217,0.014365
40109108222,0.017544
40109108223,0.025838
40109108224,0.03448
40109108225,0.041178
40109108226,0.020072
40109108227,0.002017
40109108228,0.031858
40109108229,0.022811
40109108230,0.009254
40109108231,0.008301
40109108232,0.014072
40109108233,0.017537
40109108234,0.017822
40109108235,0.014491
40109108236,0.024156
40109108237,0.0295
40109108238,0.044108
40109108301,0.012486
40109108302,0.044578
40109108304,0.117488
40109108307,0.011687
40109108309,0.023994
40109108310,0.004362
40109108314,0.032077
40109108317,0.012002
40109108318,0.019921
40109108319,0.068615
40109108320,0.010013
40109108321,0.015345
40109108322,0.029568
40109108323,0.042735
40109108324,0.007704
40109108325,0.026398
40109108326,0.02627
40109108402,0.035129
40109108403,0.02417
40109108404,0.006449
40109108506,0.098512
40109108507,0.133406
40109108508,0.174025
40109108513,0.027507
40109108514,0.093772
40109108515,0.048832
40109108520,0.053956
40109108521,0.192166
40109108523,0.038079
40109108524,0.013812
40109108525,0.025259
40109108526,0.051371
40109108527,0.042685
40109108528,0.005042
40109108529,0.006307
40109108530,0.020305
40109108531,0.034254
40109108532,0.228219
40109108533,0.240987
40109108534,0.037544
40109108535,0.017589
40109108536,0.017334
40109108537,0.014925
40109108538,0.080172
40109108603,0.129812
40109108604,0.045334
40109108701,0.197322
40109108706,0.020769
40109108707,0.018036
40109108708,0.13916
40109108709,0.163557
40109108710,0.035376
40109108711,0.027325
40109108712,0.212097
40109108713,0.260662
40109108802,0.197189
40109108803,0.035197
40109108804,0.037028
40109108805,0.147677
40109108806,0.009198
40109108807,0.022206
40109108900,0.395736
40109109001,0.17913
40109109003,0.131947
40109109004,0.137586
40109109202,0.24743
40109109203,0.296821
40109109204,0.255539
40109109205,0.172576
40109109300,0.171416
40109109400,0.012846
40109109500,0.038175
40109109600,0.02785
40109109700,0.040554
40109109800,0.101763
40109109900,0.011477
40109110000,0.007674
40109980001,0.051061
40109980002,0.20416
40109980003,0.044271
40109980004,0.065074
40109980005,0.02584
40109980006,0.051514
40109980007,0.171206
40109980008,0.019911
40109980009,0.370905
40111000100,0.146687
40111000200,0.172445
40111000300,0.19135
40111000400,0.170591
40111000500,0.226931
40111000601,0.147295
40111000602,0.121075
40111000700,0.087601
40111000800,0.167905
40111000901,0.224349
40111000902,0.231754
40113940001,0.151404
40113940003,0.229392
40113940004,0.153031
40113940005,0.147715
40113940006,0.007985
40113940007,0.250191
40113940008,0.158149
40113940009,0.234979
40113940011,0.238229
40113940012,0.210789
40113940013,0.304725
40113940014,0.426261
40113940015,0.167128
40115574100,0.167451
40115574200,0.300836
40115574300,0.229255
40115574400,0.27138
40115574500,0.340288
40115574600,0.188764
40115574700,0.231824
40115574800,0.152292
40115574900,0.194719
40117957100,0.184283
40117957200,0.182926
40117957300,0.160171
40117957400,0.206658
40117957500,0.16776
40119010101,0.099562
40119010102,0.068581
40119010201,0.027468
40119010202,0.022606
40119010300,0.07749
40119010400,0.150513
40119010501,0.142679
40119010502,0.05426
40119010503,0.098822
40119010600,0.18108
40119010700,0.050012
40119010800,0.212074
40119010901,0.08755
40119010902,0.206605
40119011001,0.158545
40119011002,0.173428
40119011101,0.232702
40119011103,0.2437
40119011104,0.223215
40119011200,0.201881
40119011301,0.160582
40119011302,0.031629
40119011400,0.17676
40121485601,0.383868
40121485602,0.315267
40121485700,0.178661
40121485800,0.137876
40121485900,0.260908
40121486000,0.191614
40121486100,0.073699
40121486200,0.214546
40121486300,0.272181
40121486400,0.163704
40121486500,0.114715
40121486600,0.169082
40121486700,0.137586
40121486800,0.180656
40123088600,0.194968
40123088700,0.158084
40123088801,0.261359
40123088802,0.10418
40123088900,0.213649
40123089000,0.241114
40123089100,0.079616
40123089200,0.046402
40123089300,0.118346
40123089598,0.175425
40123089600,0.228493
40125500200,0.161708
40125500301,0.209086
40125500302,0.301217
40125500400,0.374154
40125500500,0.239919
40125500600,0.364876
40125500700,0.204992
40125500800,0.263021
40125500901,0.142683
40125500902,0.221291
40125501003,0.11264
40125501004,0.216073
40125501005,0.177016
40125501006,0.258638
40125501101,0.151233
40125501103,0.146651
40125501104,0.285428
40125501105,0.276537
40125501201,0.221086
40125501300,0.189039
40127097600,0.172026
40127097701,0.128764
40127097702,0.136672
40127097800,0.11385
40129960000,0.103958
40131050101,0.198209
40131050103,0.356563
40131050104,0.246618
40131050105,0.159126
40131050201,0.255979
40131050202,0.197623
40131050203,0.198449
40131050301,0.204522
40131050302,0.262006
40131050303,0.246346
40131050304,0.21247
40131050403,0.261956
40131050404,0.219524
40131050405,0.187489
40131050406,0.136552
40131050407,0.171255
40131050408,0.249115
40131050409,0.220805
40131050501,0.156166
40131050502,0.150681
40131050601,0.211145
40131050602,0.263818
40131050603,0.278364
40131050604,0.149893
40131050701,0.229266
40131050702,0.231985
40131050801,0.149638
40131050802,0.097351
40133583100,0.123094
40133583200,0.246443
40133583300,0.263981
40133583400,0.197141
40133583500,0.049828
40133583600,0.152699
40133583700,0.17697
40133583800,0.183319
40133583900,0.142327
40135030101,0.101086
40135030103,0.233576
40135030105,0.165714
40135030106,0.216358
40135030201,0.192378
40135030202,0.130536
40135030301,0.174956
40135030303,0.355367
40135030304,0.156931
40135030401,0.195988
40135030403,0.166806
40135030404,0.164643
40137000101,0.037819
40137000102,0.08475
40137000200,0.185383
40137000300,0.151414
40137000400,0.295098
40137000600,0.083446
40137000800,0.159435
40137000901,0.166917
40137000902,0.175757
40137001000,0.079863
40137001100,0.168239
40141070100,0.208223
40141070200,0.150979
40141070300,0.110429
40141070400,0.332964
40141070500,0.157162
40143000200,0.126876
40143000300,0.013359
40143000400,0.007084
40143000500,0.069348
40143000800,0.00539
40143000900,0.004319
40143001000,0.056774
40143001200,0.051829
40143001300,0.029956
40143001400,0.043784
40143001500,0.014257
40143001600,0.127154
40143001700,0.166471
40143001800,0.171795
40143001900,0.215543
40143002000,0.156961
40143002100,0.070097
40143002301,0.133307
40143002500,0.064682
40143002700,0.090518
40143002900,0.150029
40143003000,0.203801
40143003100,0.04529
40143003200,0.029937
40143003300,0.023442
40143003400,0.173193
40143003500,0.155203
40143003600,0.124533
40143003700,0.017769
40143003800,0.024212
40143003900,0.095685
40143004000,0.013509
40143004101,0.027554
40143004200,0.093114
40143004301,0.021231
40143004302,0.014718
40143004400,0.058496
40143004500,0.030026
40143004600,0.100733
40143004700,0.1226
40143004800,0.088148
40143004900,0.149355
40143005001,0.014245
40143005002,0.107548
40143005100,0.050817
40143005200,0.047978
40143005300,0.005684
40143005401,0.102012
40143005403,0.141675
40143005404,0.144545
40143005500,0.190118
40143005600,0.205589
40143005700,0.189919
40143005801,0.022283
40143005805,0.033242
40143005808,0.048714
40143005809,0.02328
40143005810,0.144166
40143005811,0.096884
40143005812,0.004962
40143005813,0.014844
40143005900,0.10267
40143006000,0.093312
40143006200,0.007038
40143006506,0.145864
40143006507,0.193902
40143006600,0.146796
40143006701,0.132966
40143006703,0.026521
40143006708,0.059328
40143006709,0.072802
40143006710,0.059056
40143006711,0.022035
40143006712,0.087571
40143006713,0.062297
40143006801,0.025865
40143006803,0.100628
40143006804,0.10903
40143006901,0.019616
40143006902,0.016107
40143006903,0.021219
40143006905,0.012483
40143006906,0.086614
40143006907,0.025875
40143007000,0.06186
40143007101,0.01021
40143007102,0.027627
40143007200,0.155165
40143007304,0.06991
40143007306,0.017315
40143007308,0.197369
40143007309,0.165029
40143007310,0.053505
40143007311,0.024761
40143007312,0.050855
40143007313,0.057408
40143007314,0.061601
40143007402,0.013099
40143007408,0.025667
40143007409,0.008687
40143007410,0.051343
40143007411,0.040142
40143007412,0.012041
40143007413,0.013029
40143007414,0.02346
40143007415,0.095887
40143007416,0.013033
40143007417,0.116261
40143007503,0.012894
40143007507,0.008272
40143007510,0.029823
40143007511,0.008275
40143007512,0.020229
40143007518,0.007025
40143007519,0.004508
40143007520,0.010417
40143007522,0.038139
40143007523,0.025177
40143007525,0.018706
40143007526,0.043782
40143007527,0.034672
40143007528,0.076995
40143007529,0.011979
40143007530,0.061742
40143007531,0.041264
40143007532,0.008138
40143007533,0.035341
40143007534,0.035396
40143007535,0.085192
40143007536,0.007775
40143007608,0.025485
40143007611,0.040916
40143007612,0.005032
40143007613,0.030978
40143007614,0.065644
40143007615,0.008725
40143007616,0.042089
40143007617,0.016491
40143007619,0.007703
40143007629,0.076563
40143007630,0.134889
40143007631,0.011274
40143007632,0.029074
40143007633,0.039718
40143007634,0.029991
40143007636,0.098929
40143007638,0.021118
40143007639,0.020249
40143007641,0.025671
40143007642,0.039388
40143007643,0.03737
40143007644,0.009441
40143007645,0.010992
40143007646,0.248025
40143007647,0.031656
40143007648,0.047915
40143007649,0.038817
40143007650,0.157996
40143007651,0.242042
40143007652,0.1444
40143007653,0.031144
40143007654,0.018329
40143007655,0.159367
40143007656,0.070037
40143007703,0.146259
40143007704,0.132733
40143007705,0.127552
40143007706,0.00986
40143007707,0.144093
40143007801,0.180848
40143007803,0.17364
40143007804,0.34463
40143007900,0.09476
40143008001,0.229668
40143008002,0.014539
40143008200,0.057709
40143008300,0.153488
40143008400,0.006937
40143008501,0.038977
40143008502,0.06907
40143008600,0.029383
40143008700,0.03617
40143008800,0.039412
40143008900,0.083908
40143009006,0.011993
40143009008,0.055419
40143009010,0.005626
40143009011,0.068364
40143009012,0.024476
40143009013,0.025763
40143009014,0.014291
40143009015,0.040949
40143009016,0.028538
40143009017,0.008947
40143009018,0.015201
40143009019,0.023827
40143009020,0.003757
40143009021,0.016028
40143009101,0.286144
40143009104,0.215621
40143009200,0.149179
40143009300,0.2102
40143009401,0.153918
40143009403,0.071128
40143009404,0.14522
40143009500,0.163531
40143011300,0.014883
40143011400,0.009024
40145030101,0.12652
40145030102,0.133255
40145030201,0.311961
40145030202,0.10626
40145030300,0.133332
40145030402,0.06429
40145030403,0.246786
40145030406,0.022845
40145030407,0.031481
40145030408,0.154034
40145030502,0.058928
40145030505,0.026933
40145030506,0.085778
40145030507,0.005643
40145030508,0.147812
40145030509,0.018326
40145030510,0.141064
40145030511,0.095001
40145030512,0.158339
40145030601,0.034855
40145030603,0.141393
40145030604,0.233873
40145030605,0.096855
40145030798,0.121419
40145030800,0.13844
40147000100,0.044066
40147000200,0.137011
40147000300,0.053882
40147000400,0.152513
40147000500,0.010198
40147000601,0.255542
40147000602,0.288179
40147000700,0.184741
40147000800,0.208313
40147000900,0.014268
40147001000,0.112586
40147001100,0.124159
40147001200,0.154658
40147001300,0.118725
40149964900,0.191024
40149965000,0.215278
40149965100,0.17481
40149965400,0.160613
40151954201,0.145899
40151954202,0.176376
40151954300,0.271511
40151954400,0.187039
40153953100,0.098677
40153953200,0.231447
40153953300,0.167188
40153953400,0.1867
40153953500,0.321897
04001944902,0.031371
04001945100,0.102777
04001970201,0.193332
04001970202,0.077803
04001970300,0.21428
04001970501,0.143745
04001970502,0.197365
04003000101,0.058677
04003000102,0.17017
04003000201,0.078275
04003000202,0.086034
04003000203,0.121582
04003000301,0.12377
04003000303,0.129661
04003000304,0.139994
04003000305,0.31705
04003000400,0.073921
04003000501,0.100333
04003000502,0.13531
04003000503,0.29036
04003000600,0.122992
04003000700,0.306097
04003000800,0.087755
04003000901,0.014882
04003000902,0.193852
04003001000,0.16613
04003001100,0.131773
04003001200,0.101975
04003001301,0.039626
04003001302,0.077629
04003001401,0.023517
04003001402,0.034754
04003001501,0.029255
04003001502,0.023812
04003001601,0.006243
04003001602,0.033316
04003001701,0.123654
04003001702,0.013076
04003001703,0.254218
04003001801,0.017343
04003001802,0.006231
04003001900,0.190766
04003002001,0.100456
04003002002,0.017763
04003002100,0.012146
04005000200,0.025486
04005000601,0.026824
04005000602,0.118336
04005000700,0.219683
04005000800,0.035502
04005000901,0.044038
04005000902,0.007389
04005001000,0.035938
04005001101,0.019579
04005001103,0.199169
04005001104,0.18919
04005001201,0.183324
04005001302,0.138513
04005001500,0.170181
04005001601,0.151303
04005001602,0.171249
04005001700,0.167566
04005002201,0.186976
04005002202,0.051514
04005002302,0.13984
04005945100,0.039872
04005980100,0.517959
04005980200,0.070924
04007000100,0.172116
04007000200,0.183029
04007000301,0.186263
04007000302,0.166699
04007000400,0.152972
04007000500,0.192674
04007000600,0.32601
04007000700,0.211636
04007000800,0.351105
04007000900,0.08481
04007001000,0.168934
04007001100,0.12148
04007001200,0.22184
04007001300,0.128017
04007940200,0.103849
04007940400,0.033021
04009940500,0.06561
04009961100,0.27567
04009961201,0.05907
04009961202,0.351334
04009961300,0.103211
04009961400,0.257654
04009961500,0.127838
04009961600,0.21771
04009961700,0.222278
04011960100,0.109945
04011960200,0.10819
04011960300,0.083483
04012020101,0.107535
04012020102,0.085171
04013010102,0.167423
04013010103,0.259258
04013010104,0.035518
04013030401,0.137644
04013030402,0.013956
04013040502,0.074875
04013040506,0.025115
04013040507,0.044188
04013040512,0.043748
04013040513,0.186811
04013040514,0.022837
04013040515,0.063568
04013040516,0.013143
04013040522,0.062001
04013040523,0.051099
04013040524,0.056687
04013040525,0.061525
04013040526,0.025465
04013040527,0.127912
04013040528,0.074397
04013040529,0.167286
04013040530,0.009458
04013040531,0.060578
04013040532,0.026685
04013040533,0.006389
04013040534,0.016712
04013040535,0.026915
04013040536,0.006514
04013040537,0.039778
04013040538,0.008657
04013040539,0.041289
04013040540,0.094222
04013040541,0.051179
04013050603,0.286582
04013050604,0.301991
04013050609,0.056046
04013050611,0.00612
04013050612,0.005675
04013050613,0.145671
04013050614,0.018392
04013050615,0.006402
04013050616,0.0104
04013050617,0.029122
04013050618,0.005648
04013050619,0.008716
04013050620,0.011529
04013050621,0.017731
04013050701,0.094247
04013050702,0.088288
04013060801,0.073728
04013060802,0.014092
04013060901,0.012261
04013060902,0.035109
04013060903,0.165496
04013060904,0.331476
04013061010,0.132283
04013061011,0.040233
04013061013,0.012373
04013061014,0.024768
04013061015,0.01549
04013061017,0.018408
04013061018,0.010308
04013061020,0.008646
04013061021,0.007862
04013061024,0.058396
04013061026,0.004485
04013061027,0.009865
04013061028,0.008097
04013061029,0.005042
04013061031,0.009861
04013061032,0.004458
04013061033,0.006588
04013061034,0.017291
04013061035,0.051505
04013061036,0.002467
04013061037,0.006792
04013061038,0.005462
04013061039,0.034912
04013061040,0.022236
04013061041,0.002111
04013061042,0.016092
04013061043,0.007032
04013061044,0.006641
04013061045,0.015929
04013061046,0.047229
04013061047,0.016029
04013061048,0.008595
04013061049,0.002755
04013061050,0.035708
04013061051,0.005993
04013061052,0.007747
04013061053,0.007525
04013061054,0.072591
04013061055,0.003656
04013061056,0.003391
04013061057,0.003548
04013061058,0.00856
04013061059,0.010642
04013061060,0.009734
04013061061,0.00214
04013061062,0.007894
04013061063,0.026743
04013061064,0.006803
04013061100,0.272494
04013061200,0.008886
04013061300,0.056674
04013061401,0.09902
04013061402,0.215584
04013071503,0.055811
04013071504,0.018059
04013071505,0.036889
04013071506,0.043972
04013071509,0.016303
04013071510,0.022217
04013071511,0.070475
04013071512,0.009073
04013071513,0.038237
04013071514,0.014276
04013071515,0.050419
04013071516,0.021354
04013071517,0.009346
04013071600,0.244865
04013071701,0.021763
04013071702,0.016041
04013071801,0.009066
04013071802,0.039207
04013071903,0.014303
04013071906,0.043122
04013071909,0.011944
04013071910,0.005424
04013071911,0.002476
04013071912,0.027258
04013071913,0.008499
04013071914,0.007164
04013071915,0.032389
04013082002,0.005755
04013082007,0.007806
04013082008,0.034021
04013082009,0.009575
04013082010,0.008791
04013082012,0.013211
04013082016,0.005433
04013082017,0.018867
04013082018,0.004593
04013082019,0.00859
04013082020,0.011733
04013082021,0.037879
04013082022,0.004763
04013082023,0.114874
04013082024,0.008446
04013082025,0.085956
04013082026,0.012106
04013082027,0.051074
04013082028,0.008021
04013082204,0.01218
04013082205,0.015785
04013082206,0.009133
04013082207,0.007324
04013082208,0.012166
04013082209,0.160707
04013082210,0.012828
04013082211,0.053875
04013082212,0.008708
04013082213,0.003352
04013083000,0.009674
04013092305,0.005912
04013092306,0.020415
04013092307,0.02596
04013092308,0.005436
04013092309,0.005763
04013092311,0.02832
04013092312,0.022099
04013092401,0.013302
04013092402,0.004455
04013092500,0.002721
04013092600,0.021962
04013092705,0.025437
04013092708,0.006565
04013092709,0.005819
04013092710,0.011952
04013092711,0.005029
04013092712,0.005651
04013092713,0.004095
04013092715,0.015593
04013092716,0.004356
04013092717,0.022613
04013092718,0.00346
04013092719,0.013178
04013092720,0.017348
04013092721,0.002686
04013092723,0.005396
04013092724,0.045273
04013092801,0.009423
04013092802,0.051764
04013092900,0.006816
04013093001,0.008
04013093002,0.003636
04013093101,0.013686
04013093104,0.024851
04013093105,0.003783
04013093106,0.0404
04013093200,0.038191
04013103205,0.031431
04013103206,0.002474
04013103207,0.010759
04013103208,0.071623
04013103209,0.02163
04013103210,0.010804
04013103211,0.020247
04013103212,0.007858
04013103214,0.00454
04013103215,0.015993
04013103216,0.018408
04013103217,0.010134
04013103219,0.092089
04013103220,0.036173
04013103302,0.008338
04013103303,0.00703
04013103304,0.00992
04013103305,0.048912
04013103306,0.01356
04013103400,0.009065
04013103501,0.007155
04013103502,0.01414
04013103604,0.073948
04013103605,0.004504
04013103606,0.006107
04013103607,0.06418
04013103608,0.012568
04013103609,0.006071
04013103611,0.011162
04013103612,0.007743
04013103614,0.009538
04013103615,0.009826
04013103701,0.018074
04013103702,0.058197
04013103900,0.009516
04013104000,0.008986
04013104100,0.007041
04013104202,0.004357
04013104203,0.008592
04013104204,0.004652
04013104205,0.005942
04013104206,0.007025
04013104207,0.005046
04013104212,0.008366
04013104214,0.006981
04013104215,0.010399
04013104216,0.00681
04013104217,0.008037
04013104218,0.007037
04013104219,0.004442
04013104221,0.009694
04013104222,0.006704
04013104223,0.004757
04013104224,0.007436
04013104225,0.008338
04013104226,0.015075
04013104227,0.039821
04013104301,0.00953
04013104302,0.008549
04013104401,0.012937
04013104402,0.015534
04013104501,0.029981
04013104502,0.009371
04013104600,0.009442
04013104701,0.040726
04013104702,0.023693
04013104801,0.019819
04013104802,0.006052
04013104900,0.007529
04013105002,0.007668
04013105003,0.012687
04013105004,0.021003
04013105101,0.008864
04013105102,0.01425
04013105103,0.08843
04013105200,0.007736
04013105300,0.009568
04013105400,0.015756
04013105501,0.004094
04013105502,0.006306
04013105503,0.00755
04013105601,0.022874
04013105602,0.004908
04013105701,0.014757
04013105702,0.00811
04013105800,0.005642
04013105900,0.00616
04013106001,0.007835
04013106002,0.01208
04013106003,0.006634
04013106100,0.008093
04013106200,0.036066
04013106300,0.01749
04013106400,0.004373
04013106501,0.008501
04013106502,0.00995
04013106600,0.008649
04013106701,0.0336
04013106702,0.027584
04013106703,0.057016
04013106801,0.026432
04013106802,0.006124
04013106900,0.005588
04013107001,0.005939
04013107002,0.003971
04013107101,0.029887
04013107102,0.008937
04013107201,0.231175
04013107202,0.002674
04013107300,0.004043
04013107401,0.015308
04013107402,0.030387
04013107403,0.024203
04013107404,0.021108
04013107500,0.016723
04013107601,0.01584
04013107602,0.031555
04013107700,0.014925
04013107800,0.084524
04013107900,0.081189
04013108000,0.003488
04013108100,0.036462
04013108200,0.063547
04013108301,0.140009
04013108302,0.027943
04013108400,0.019165
04013108501,0.017055
04013108502,0.187013
04013108601,0.006953
04013108602,0.013995
04013108802,0.020159
04013108901,0.014234
04013108902,0.006475
04013109001,0.029193
04013109002,0.003646
04013109003,0.005226
04013109101,0.005126
04013109102,0.023932
04013109200,0.010922
04013109300,0.006067
04013109401,0.004524
04013109402,0.040854
04013109500,0.003989
04013109601,0.041915
04013109602,0.007043
04013109603,0.004986
04013109604,0.012973
04013109702,0.012765
04013109703,0.004857
04013109704,0.016438
04013109705,0.018473
04013109706,0.003574
04013109707,0.005636
04013109801,0.005607
04013109802,0.004635
04013109900,0.004158
04013110001,0.012747
04013110002,0.149489
04013110100,0.007809
04013110400,0.008296
04013110501,0.014691
04013110502,0.008227
04013110600,0.011406
04013110701,0.038533
04013110702,0.006863
04013110801,0.012563
04013110802,0.00627
04013110901,0.012368
04013110902,0.053204
04013111000,0.017022
04013111100,0.005773
04013111201,0.00712
04013111202,0.002946
04013111203,0.06719
04013111204,0.022546
04013111300,0.002559
04013111401,0.065846
04013111402,0.006045
04013111501,0.005745
04013111502,0.003358
04013111601,0.006338
04013111602,0.026578
04013111700,0.010317
04013111800,0.011603
04013111900,0.047122
04013112100,0.006269
04013112201,0.0057
04013112202,0.007364
04013112301,0.00377
04013112302,0.019705
04013112401,0.012508
04013112402,0.012394
04013112502,0.006354
04013112504,0.009242
04013112507,0.009077
04013112508,0.028267
04013112510,0.007777
04013112512,0.041516
04013112514,0.009848
04013112515,0.005944
04013112516,0.009417
04013112517,0.012185
04013112518,0.013373
04013112519,0.002688
04013112520,0.0513
04013112521,0.014265
04013112522,0.009069
04013112523,0.03183
04013112524,0.005454
04013112601,0.04313
04013112602,0.005363
04013112700,0.004477
04013112900,0.007139
04013113000,0.005457
04013113100,0.007986
04013113201,0.149028
04013113202,0.279489
04013113204,0.034199
04013113301,0.02373
04013113502,0.025583
04013113503,0.004779
04013113601,0.00649
04013113602,0.144152
04013113701,0.004201
04013113702,0.008137
04013113800,0.054094
04013113900,0.059041
04013114000,0.024969
04013114100,0.064547
04013114200,0.016845
04013114301,0.013885
04013114302,0.010816
04013114401,0.046982
04013114402,0.02085
04013114500,0.008685
04013114600,0.014354
04013114704,0.183609
04013114705,0.447061
04013114800,0.127214
04013114900,0.006936
04013115200,0.024435
04013115300,0.062375
04013115400,0.017459
04013115500,0.006518
04013115600,0.001953
04013115700,0.00483
04013115801,0.004751
04013115802,0.006204
04013115900,0.005147
04013116000,0.007161
04013116100,0.007723
04013116202,0.011736
04013116203,0.017604
04013116204,0.026199
04013116205,0.02533
04013116300,0.004296
04013116400,0.004084
04013116500,0.009707
04013116605,0.016657
04013116606,0.057072
04013116607,0.013466
04013116610,0.131186
04013116611,0.007733
04013116612,0.004471
04013116614,0.009016
04013116615,0.004862
04013116616,0.006013
04013116617,0.130862
04013116618,0.010498
04013116619,0.006083
04013116620,0.009536
04013116621,0.013764
04013116703,0.01398
04013116707,0.013226
04013116708,0.045842
04013116709,0.019975
04013116710,0.00596
04013116711,0.012889
04013116712,0.011868
04013116713,0.013725
04013116714,0.006016
04013116715,0.017177
04013116717,0.032532
04013116718,0.050412
04013116719,0.009623
04013116720,0.016569
04013116721,0.011708
04013116725,0.010271
04013116727,0.026613
04013116728,0.00369
04013116729,0.021166
04013116730,0.059671
04013116731,0.017809
04013116732,0.003472
04013116733,0.082846
04013116734,0.011674
04013116735,0.004621
04013116736,0.005035
04013116737,0.013957
04013116738,0.004405
04013116800,0.011138
04013116900,0.024981
04013117000,0.003558
04013117100,0.007388
04013117200,0.026062
04013117300,0.082832
04013216806,0.03248
04013216807,0.010703
04013216809,0.007257
04013216810,0.023916
04013216813,0.014243
04013216816,0.007017
04013216819,0.00613
04013216820,0.012981
04013216821,0.012848
04013216822,0.022597
04013216826,0.018538
04013216829,0.057251
04013216830,0.017117
04013216831,0.015089
04013216832,0.008221
04013216833,0.066614
04013216834,0.063258
04013216835,0.021447
04013216836,0.023011
04013216837,0.012544
04013216838,0.002672
04013216839,0.005828
04013216840,0.045247
04013216841,0.024988
04013216842,0.011148
04013216843,0.038163
04013216844,0.015323
04013216845,0.045538
04013216849,0.032423
04013216850,0.061555
04013216851,0.096506
04013216852,0.004022
04013216853,0.018321
04013216854,0.032968
04013216855,0.01444
04013216856,0.033443
04013216857,0.024949
04013216858,0.012472
04013216859,0.006015
04013216860,0.059239
04013216861,0.008087
04013216901,0.014912
04013216902,0.005732
04013217001,0.070633
04013217002,0.006294
04013217101,0.035111
04013217102,0.005624
04013217201,0.056438
04013217203,0.040324
04013217204,0.022953
04013217300,0.047581
04013217400,0.049873
04013217501,0.009089
04013217502,0.023398
04013217600,0.022234
04013217700,0.163099
04013217800,0.012932
04013217900,0.008131
04013218000,0.019682
04013218100,0.012154
04013218200,0.008835
04013218300,0.034498
04013318400,0.095222
04013318501,0.013598
04013318700,0.057483
04013318800,0.004551
04013318900,0.008049
04013319001,0.019269
04013319002,0.005226
04013319101,0.09836
04013319103,0.007198
04013319104,0.168116
04013319201,0.006539
04013319202,0.049725
04013319300,0.009077
04013319401,0.009094
04013319402,0.007631
04013319403,0.005889
04013319404,0.035727
04013319500,0.013354
04013319600,0.011668
04013319705,0.087338
04013319706,0.043423
04013319707,0.039342
04013319708,0.006984
04013319709,0.039877
04013319710,0.008238
04013319801,0.009099
04013319802,0.006935
04013319902,0.015836
04013319903,0.005646
04013319904,0.08848
04013319905,0.009095
04013319906,0.028051
04013319907,0.007795
04013319908,0.02891
04013319909,0.015903
04013319910,0.018069
04013320001,0.061021
04013320002,0.137404
04013320007,0.006075
04013320100,0.022802
04013420104,0.084553
04013420105,0.016032
04013420107,0.00702
04013420108,0.014905
04013420109,0.010334
04013420110,0.00626
04013420111,0.006
04013420112,0.016949
04013420113,0.007692
04013420114,0.030954
04013420115,0.01322
04013420116,0.095605
04013420202,0.055854
04013420206,0.008682
04013420207,0.01082
04013420208,0.007407
04013420209,0.014425
04013420210,0.019778
04013420211,0.017838
04013420212,0.049385
04013420213,0.014909
04013420214,0.127854
04013420215,0.011755
04013420216,0.009442
04013420301,0.053231
04013420302,0.014648
04013420303,0.005382
04013420304,0.053533
04013420401,0.042783
04013420402,0.008155
04013420503,0.033331
04013420504,0.034582
04013420505,0.004866
04013420506,0.077294
04013420602,0.006134
04013420603,0.011154
04013420604,0.009638
04013420704,0.004938
04013420705,0.013438
04013420706,0.016498
04013420707,0.020415
04013420708,0.02998
04013420709,0.022371
04013420710,0.025146
04013420800,0.00784
04013420901,0.009686
04013420902,0.004396
04013421001,0.134464
04013421002,0.017691
04013421101,0.01875
04013421102,0.00962
04013421201,0.021632
04013421202,0.206189
04013421302,0.024579
04013421303,0.018051
04013421304,0.00623
04013421400,0.008964
04013421501,0.006803
04013421502,0.00428
04013421601,0.04783
04013421602,0.009588
04013421701,0.009693
04013421702,0.021976
04013421801,0.006272
04013421802,0.014759
04013421901,0.011057
04013421902,0.043784
04013422001,0.00894
04013422002,0.017008
04013422102,0.021726
04013422103,0.033002
04013422104,0.007895
04013422105,0.009477
04013422106,0.069846
04013422107,0.094667
04013422203,0.040233
04013422209,0.004992
04013422210,0.011178
04013422211,0.009179
04013422212,0.045403
04013422213,0.010308
04013422215,0.006816
04013422216,0.021493
04013422217,0.118725
04013422218,0.003749
04013422219,0.007194
04013422220,0.008976
04013422221,0.015754
04013422222,0.006478
04013422223,0.025479
04013422224,0.036643
04013422225,0.014172
04013422226,0.124471
04013422227,0.009209
04013422301,0.008602
04013422302,0.008439
04013422304,0.054032
04013422305,0.014035
04013422307,0.017654
04013422308,0.015728
04013422309,0.023264
04013422401,0.03187
04013422402,0.005489
04013422403,0.007043
04013422404,0.013413
04013422501,0.007348
04013422502,0.016046
04013422503,0.005862
04013422504,0.049022
04013422506,0.065011
04013422507,0.02337
04013422508,0.009418
04013422509,0.161395
04013422510,0.017007
04013422511,0.014835
04013422512,0.007683
04013422513,0.009668
04013422514,0.082639
04013422607,0.047154
04013422609,0.060556
04013422610,0.015826
04013422615,0.005594
04013422617,0.010829
04013422618,0.020772
04013422620,0.005736
04013422621,0.061253
04013422622,0.014095
04013422623,0.006911
04013422624,0.022496
04013422625,0.038061
04013422626,0.013603
04013422627,0.00984
04013422628,0.012305
04013422629,0.030989
04013422630,0.006017
04013422632,0.021307
04013422633,0.008939
04013422634,0.023263
04013422636,0.019441
04013422637,0.016553
04013422638,0.010251
04013422639,0.033279
04013422640,0.016504
04013422642,0.022305
04013422643,0.012177
04013422647,0.013372
04013422648,0.003927
04013422649,0.007669
04013422650,0.005062
04013422651,0.005862
04013422652,0.028838
04013422653,0.010856
04013422654,0.006319
04013422655,0.007213
04013422656,0.062951
04013422657,0.009771
04013422658,0.007769
04013422659,0.016958
04013422660,0.011001
04013522801,0.492094
04013522802,0.006442
04013522901,0.006075
04013522903,0.0734
04013522904,0.006373
04013523002,0.005571
04013523005,0.007947
04013523006,0.135875
04013523007,0.059461
04013523008,0.003522
04013523102,0.004125
04013523103,0.009571
04013523104,0.005357
04013610001,0.274509
04013610002,0.093255
04013610100,0.011828
04013610201,0.03017
04013610202,0.019041
04013610301,0.03109
04013610302,0.007392
04013610400,0.011109
04013610500,0.009645
04013610600,0.008569
04013610700,0.082265
04013610800,0.015334
04013610901,0.015571
04013610902,0.018842
04013610903,0.026913
04013611000,0.024429
04013611100,0.00471
04013611200,0.005656
04013611300,0.015352
04013611400,0.037627
04013611500,0.004627
04013611600,0.007209
04013611700,0.018124
04013611800,0.021406
04013611900,0.007215
04013612000,0.023438
04013612200,0.04562
04013612301,0.022765
04013612302,0.004422
04013612401,0.00492
04013612402,0.035684
04013612500,0.0697
04013612600,0.008034
04013612700,0.031318
04013612800,0.055293
04013612900,0.009744
04013613000,0.006323
04013613100,0.006602
04013613200,0.015862
04013613300,0.010694
04013613400,0.009426
04013613500,0.122599
04013613601,0.009324
04013613602,0.009766
04013613700,0.059595
04013613800,0.005479
04013613900,0.012347
04013614000,0.004094
04013614100,0.004261
04013614200,0.017759
04013614300,0.042586
04013614400,0.020138
04013614500,0.011127
04013614601,0.014135
04013614602,0.098027
04013614700,0.031838
04013614800,0.003918
04013614900,0.167525
04013615001,0.007222
04013615002,0.008426
04013615100,0.07765
04013615201,0.033908
04013615202,0.057628
04013615300,0.030045
04013615400,0.010176
04013615500,0.038926
04013615600,0.047045
04013615700,0.02809
04013615800,0.003296
04013615900,0.012943
04013616000,0.005394
04013616100,0.006904
04013616200,0.029905
04013616300,0.004308
04013616400,0.060727
04013616500,0.010992
04013616600,0.015383
04013616700,0.035202
04013616800,0.007259
04013616900,0.009342
04013617001,0.033278
04013617002,0.019897
04013617100,0.032742
04013617200,0.008741
04013617300,0.010121
04013617400,0.085395
04013617500,0.022697
04013617600,0.017246
04013617700,0.03058
04013617800,0.049404
04013617900,0.012734
04013618000,0.009786
04013618100,0.008029
04013618200,0.003972
04013618300,0.005685
04013618400,0.004681
04013618500,0.012463
04013618600,0.007667
04013618700,0.003182
04013618800,0.015051
04013618900,0.027472
04013619000,0.026653
04013619100,0.031785
04013619200,0.028664
04013619300,0.004059
04013619400,0.037289
04013619500,0.01227
04013619601,0.026721
04013619602,0.005584
04013619700,0.00859
04013619800,0.007893
04013619900,0.015625
04013723304,0.090762
04013723305,0.122921
04013723306,0.077796
04013723307,0.039714
04013723309,0.001445
04013723310,0.014133
04013723311,0.015096
04013810000,0.019543
04013810100,0.008356
04013810200,0.053433
04013810300,0.007847
04013810400,0.01237
04013810500,0.008128
04013810600,0.007047
04013810700,0.013788
04013810800,0.017601
04013810900,0.008486
04013811000,0.039308
04013811100,0.066749
04013811200,0.024257
04013811300,0.014789
04013811400,0.005141
04013811500,0.003615
04013811600,0.005409
04013811700,0.004947
04013811800,0.029921
04013811900,0.011658
04013812000,0.032411
04013812100,0.026496
04013812200,0.011227
04013812300,0.00923
04013812400,0.012631
04013812500,0.016078
04013812600,0.008212
04013812700,0.004808
04013812801,0.003195
04013812802,0.056985
04013812900,0.007784
04013813000,0.006748
04013813100,0.003558
04013813200,0.00708
04013813300,0.011083
04013813400,0.006951
04013813500,0.025933
04013813600,0.006981
04013813700,0.012726
04013813800,0.015589
04013813900,0.004014
04013814000,0.0172
04013814100,0.004184
04013814200,0.033912
04013814300,0.005528
04013814400,0.005401
04013814500,0.056455
04013814600,0.017773
04013814700,0.004017
04013814801,0.007357
04013814802,0.009695
04013814900,0.011132
04013815000,0.007793
04013815100,0.001849
04013815201,0.022226
04013815202,0.004194
04013815203,0.018881
04013815300,0.055141
04013815401,0.009176
04013815402,0.014913
04013815501,0.003864
04013815502,0.046821
04013815601,0.014857
04013815602,0.005638
04013815700,0.014088
04013815800,0.014989
04013815901,0.047247
04013815902,0.005444
04013816001,0.036692
04013816002,0.012665
04013816003,0.031394
04013816004,0.012447
04013816005,0.010155
04013816100,0.006663
04013816200,0.005268
04013816301,0.024498
04013816302,0.013906
04013816401,0.02003
04013816402,0.005255
04013816501,0.022642
04013816502,0.010973
04013816600,0.01013
04013816700,0.008223
04013816800,0.013724
04013816901,0.006194
04013816902,0.014981
04013816903,0.003901
04013816904,0.007812
04013817000,0.008446
04013817101,0.024899
04013817102,0.024604
04013817103,0.003311
04013817200,0.009119
04013817300,0.022226
04013817400,0.01839
04013817500,0.021763
04013817600,0.015749
04013940700,0.036028
04013941000,0.022989
04013941100,0.077933
04013941200,0.043693
04013941300,0.022898
04013980100,0.132644
04013980400,0.277473
04013980500,0.022858
04013980700,0.031581
04013980900,0.02655
04013981000,0.519769
04015954801,0.169524
04015954802,0.163411
04017940014,0.014436
04017940015,0.017149
04017940100,0.214419
04017940301,0.064315
04017940302,0.320939
04017960100,0.170872
04017960200,0.123258
04017960400,0.069183
04017960500,0.201374
04017960600,0.064064
04017961300,0.063598
04017961701,0.090226
04017961702,0.268528
04017962501,0.185491
04017962502,0.372892
04017963300,0.137409
04017963400,0.100413
04017963700,0.016697
04017963800,0.007509
04017964201,0.083508
04017964202,0.060722
04017964801,0.018337
04017964802,0.201001
04017964901,0.191187
04017964902,0.089572
04017965201,0.248398
04017965202,0.212972
04017965301,0.104864
04017965302,0.03654
04019000100,0.233124
04019000200,0.009119
04019000300,0.00543
04019000401,0.005325
04019000402,0.009542
04019000501,0.008011
04019000502,0.008285
04019000600,0.009923
04019000700,0.003026
04019000800,0.007764
04019001100,0.009386
04019001200,0.005596
04019001302,0.009175
04019001303,0.024655
04019001304,0.018042
04019001400,0.008124
04019001500,0.00957
04019001600,0.030901
04019001700,0.05297
04019001801,0.005346
04019001802,0.008152
04019001900,0.015492
04019002000,0.087278
04019002100,0.006109
04019002201,0.00527
04019002202,0.010607
04019002300,0.012917
04019002400,0.006931
04019002503,0.022301
04019002504,0.003913
04019002505,0.007644
04019002507,0.01063
04019002508,0.002184
04019002509,0.007791
04019002602,0.023116
04019002603,0.025055
04019002604,0.017833
04019002702,0.011159
04019002703,0.007008
04019002704,0.007642
04019002801,0.051209
04019002802,0.014677
04019002803,0.026082
04019002901,0.008796
04019002904,0.013231
04019002905,0.016052
04019002906,0.007822
04019003002,0.014623
04019003003,0.011075
04019003004,0.062124
04019003102,0.006486
04019003103,0.063098
04019003104,0.009965
04019003201,0.00887
04019003202,0.003989
04019003302,0.005275
04019003303,0.013847
04019003304,0.010252
04019003400,0.012855
04019003502,0.01159
04019003503,0.057454
04019003504,0.006755
04019003505,0.009277
04019003506,0.013808
04019003601,0.141641
04019003702,0.010291
04019003704,0.027176
04019003705,0.005006
04019003706,0.005171
04019003707,0.005778
04019003801,0.046007
04019003802,0.008854
04019003901,0.0209
04019003902,0.001855
04019003903,0.01064
04019004008,0.005737
04019004010,0.010278
04019004026,0.009575
04019004029,0.020345
04019004030,0.01513
04019004031,0.061133
04019004032,0.005676
04019004033,0.005273
04019004034,0.004007
04019004035,0.004478
04019004036,0.003334
04019004037,0.0068
04019004038,0.001085
04019004039,0.009571
04019004042,0.032487
04019004043,0.044486
04019004044,0.146117
04019004046,0.003674
04019004047,0.005096
04019004048,0.011352
04019004049,0.003836
04019004050,0.003404
04019004051,0.004823
04019004052,0.25072
04019004053,0.008168
04019004054,0.019395
04019004055,0.030125
04019004056,0.011434
04019004057,0.00761
04019004058,0.005941
04019004061,0.181717
04019004062,0.012082
04019004063,0.006144
04019004065,0.005845
04019004066,0.027354
04019004067,0.087176
04019004068,0.018332
04019004069,0.011559
04019004070,0.050274
04019004071,0.00417
04019004072,0.003766
04019004073,0.011242
04019004074,0.024946
04019004075,0.011569
04019004076,0.006641
04019004077,0.00944
04019004078,0.139449
04019004079,0.018534
04019004080,0.011208
04019004081,0.008368
04019004082,0.008273
04019004109,0.14509
04019004110,0.00315
04019004112,0.029089
04019004114,0.016985
04019004115,0.010299
04019004116,0.006701
04019004117,0.022619
04019004118,0.013024
04019004122,0.005773
04019004126,0.006495
04019004127,0.034916
04019004128,0.036315
04019004129,0.026058
04019004130,0.026958
04019004131,0.038574
04019004132,0.050262
04019004133,0.10403
04019004307,0.105547
04019004310,0.010682
04019004311,0.006886
04019004312,0.006038
04019004313,0.267174
04019004316,0.015049
04019004317,0.027396
04019004320,0.131782
04019004321,0.003884
04019004322,0.005041
04019004323,0.181025
04019004324,0.090524
04019004325,0.360929
04019004326,0.014604
04019004327,0.034
04019004328,0.018744
04019004330,0.015625
04019004332,0.018392
04019004333,0.003978
04019004335,0.031404
04019004336,0.107736
04019004337,0.039229
04019004338,0.02002
04019004339,0.004218
04019004340,0.031166
04019004404,0.169878
04019004407,0.002382
04019004412,0.014981
04019004413,0.018736
04019004414,0.003469
04019004415,0.056562
04019004418,0.007665
04019004419,0.013906
04019004422,0.006576
04019004423,0.042719
04019004424,0.170155
04019004425,0.067598
04019004426,0.107831
04019004428,0.047381
04019004430,0.004951
04019004431,0.014203
04019004432,0.005635
04019004433,0.003259
04019004434,0.011266
04019004435,0.005778
04019004436,0.017592
04019004437,0.028353
04019004438,0.01382
04019004439,0.008064
04019004440,0.012264
04019004505,0.007803
04019004506,0.008698
04019004508,0.066758
04019004510,0.014796
04019004511,0.005321
04019004512,0.00492
04019004513,0.010582
04019004514,0.007455
04019004515,0.056818
04019004610,0.00637
04019004613,0.007827
04019004614,0.006568
04019004615,0.009646
04019004616,0.031724
04019004617,0.066933
04019004618,0.029675
04019004619,0.047122
04019004620,0.086142
04019004621,0.005386
04019004622,0.190548
04019004623,0.027981
04019004624,0.009486
04019004625,0.251139
04019004626,0.018292
04019004627,0.036774
04019004628,0.016021
04019004630,0.020951
04019004631,0.217121
04019004632,0.256578
04019004633,0.040575
04019004634,0.004485
04019004635,0.061911
04019004636,0.014505
04019004639,0.054482
04019004640,0.011623
04019004641,0.003537
04019004642,0.022251
04019004643,0.0421
04019004644,0.008098
04019004645,0.011578
04019004646,0.011667
04019004647,0.021806
04019004648,0.148281
04019004649,0.026269
04019004650,0.039334
04019004710,0.039112
04019004711,0.037459
04019004712,0.007667
04019004713,0.215485
04019004714,0.008512
04019004715,0.236761
04019004717,0.027264
04019004718,0.011233
04019004720,0.014334
04019004721,0.01186
04019004722,0.032586
04019004723,0.022153
04019004724,0.024019
04019004725,0.037839
04019004726,0.025009
04019004727,0.197138
04019004728,0.332062
04019004729,0.004622
04019004730,0.007134
04019005200,0.150388
04019005300,0.007279
04019005400,0.004698
04019940800,0.048227
04019940900,0.011904
04019941000,0.08891
04019941100,0.013078
04019980001,0.509463
04019980002,0.077217
04019980100,0.035046
04019980200,0.045067
04019980300,0.080744
04019980400,0.204344
04021000201,0.260976
04021000204,0.008552
04021000206,0.011237
04021000208,0.016256
04021000211,0.030182
04021000212,0.078
04021000215,0.01452
04021000216,0.011264
04021000217,0.147709
04021000218,0.003564
04021000219,0.024815
04021000220,0.014952
04021000221,0.038703
04021000222,0.004222
04021000223,0.007205
04021000224,0.010736
04021000225,0.005865
04021000226,0.009551
04021000227,0.007727
04021000228,0.010211
04021000229,0.0633
04021000307,0.077882
04021000309,0.017514
04021000310,0.018199
04021000311,0.175989
04021000312,0.048559
04021000313,0.009986
04021000315,0.053769
04021000316,0.054251
04021000317,0.005522
04021000319,0.064072
04021000320,0.051397
04021000321,0.034517
04021000322,0.0215
04021000323,0.078097
04021000324,0.020381
04021000325,0.01969
04021000400,0.167421
04021000603,0.071521
04021000604,0.216648
04021000700,0.097789
04021000802,0.104612
04021000804,0.02663
04021000805,0.009894
04021000806,0.005408
04021000807,0.336524
04021000808,0.333102
04021000902,0.090819
04021000903,0.373796
04021000904,0.209625
04021001000,0.166065
04021001100,0.120648
04021001200,0.123946
04021001303,0.071128
04021001305,0.006303
04021001306,0.00787
04021001307,0.119416
04021001308,0.085371
04021001309,0.016557
04021001310,0.028489
04021001403,0.016159
04021001404,0.009269
04021001405,0.033962
04021001406,0.037146
04021001407,0.143627
04021001408,0.18982
04021001500,0.048701
04021001600,0.03607
04021001701,0.246691
04021001704,0.057622
04021001705,0.143139
04021001706,0.082074
04021001707,0.006386
04021001709,0.033
04021001712,0.151975
04021001713,0.013314
04021001714,0.010352
04021001715,0.0454
04021001716,0.005476
04021001717,0.022786
04021001900,0.020488
04021002001,0.223927
04021002004,0.085717
04021002005,0.116536
04021002104,0.037147
04021002105,0.015778
04021002106,0.113174
04021002107,0.156751
04021002200,0.104188
04021002300,0.260642
04021002400,0.431547
04021941200,0.035036
04021941300,0.032706
04021941401,0.077316
04021941402,0.066366
04023966000,0.086625
04023966101,0.185274
04023966103,0.097972
04023966106,0.183914
04023966107,0.036947
04023966108,0.108456
04023966109,0.052317
04023966110,0.016841
04023966111,0.157494
04023966200,0.051467
04023966301,0.173482
04023966302,0.188838
04023966401,0.055707
04023966402,0.108754
04025000205,0.030762
04025000206,0.04514
04025000207,0.342547
04025000208,0.332539
04025000209,0.30956
04025000210,0.042318
04025000211,0.093129
04025000301,0.013631
04025000302,0.013401
04025000403,0.009605
04025000404,0.002898
04025000405,0.006673
04025000406,0.2862
04025000407,0.002112
04025000501,0.041182
04025000502,0.039064
04025000604,0.008504
04025000608,0.010883
04025000609,0.015845
04025000611,0.090497
04025000612,0.094054
04025000613,0.004123
04025000614,0.005866
04025000615,0.027939
04025000616,0.012115
04025000617,0.138469
04025000618,0.024902
04025000619,0.055216
04025000701,0.063961
04025000702,0.065947
04025000802,0.084056
04025000803,0.018176
04025000804,0.327892
04025000901,0.125626
04025000902,0.004559
04025001002,0.038818
04025001003,0.010782
04025001004,0.065608
04025001103,0.041829
04025001104,0.010766
04025001105,0.114913
04025001106,0.05618
04025001201,0.248372
04025001202,0.014174
04025001300,0.2062
04025001401,0.048615
04025001402,0.310912
04025001403,0.141883
04025001501,0.111933
04025001502,0.101818
04025001601,0.046444
04025001602,0.103179
04025001604,0.13016
04025001605,0.157118
04025001701,0.074587
04025001703,0.289658
04025001704,0.205107
04025001705,0.14091
04025001801,0.09331
04025001803,0.110655
04025001804,0.161723
04025001901,0.074001
04025001902,0.133552
04025001903,0.0548
04025001904,0.06356
04025002001,0.067647
04025002002,0.090948
04025002003,0.124356
04025002005,0.023315
04025002006,0.022135
04025002007,0.090105
04025002100,0.110829
04027012100,0.168292
04027980003,0.047201
04027980004,0.13055
35023970000,0.037877
06007000102,0.005098
06007000103,0.02168
06007000104,0.008717
06007000201,0.21121
06007000202,0.118374
06007000300,0.098683
06007000401,0.026539
06007000403,0.026856
06007000404,0.075308
06007000501,0.204871
06007000502,0.261388
06007000601,0.034133
06007000603,0.007935
06007000604,0.035572
06007000700,0.013252
06007000800,0.061088
06007000901,0.027135
06007000903,0.009623
06007000904,0.139543
06007001000,0.061298
06007001100,0.163031
06007001200,0.012935
06007001300,0.010328
06007001400,0.103064
06007001500,0.01366
06007001601,0.164381
06007001602,0.202023
06007001702,0.164551
06007001703,0.011434
06007001704,0.006174
06007001800,0.153973
06007001900,0.121756
06007002000,0.227882
06007002100,0.140858
06007002200,0.087952
06007002300,0.224262
06007002401,0.10576
06007002402,0.10395
06007002500,0.083518
06007002601,0.297391
06007002602,0.128787
06007002700,0.035987
06007002800,0.029323
06007002900,0.030268
06007003001,0.19012
06007003002,0.030063
06007003100,0.309374
06007003200,0.017008
06007003300,0.035631
06007003400,0.106981
06007003501,0.016686
06007003502,0.166446
06007003600,0.132498
06007003700,0.17928
06011000100,0.123661
06011000200,0.142141
06011000301,0.165042
06011000302,0.194346
06011000400,0.053998
06011000500,0.252132
06015000202,0.196796
06017030601,0.231755
06017030603,0.292528
06017030604,0.039236
06017030605,0.217865
06017030606,0.212166
06017030701,0.01158
06017030706,0.0107
06017030709,0.011564
06017030710,0.003718
06017030801,0.02785
06017030901,0.064997
06017030902,0.039662
06017031000,0.130506
06017031100,0.080848
06017031700,0.00657
06021010101,0.195576
06021010102,0.220322
06021010200,0.170006
06021010300,0.110626
06021010401,0.157098
06021010402,0.230794
06021010501,0.09041
06021010502,0.203355
06023001200,0.032702
06023010102,0.172934
06023010902,0.061199
06023011600,0.112873
06023940000,0.237021
06033000100,0.104607
06033000300,0.059083
06033000401,0.007143
06033000402,0.025369
06033000501,0.102978
06033000502,0.065263
06033000601,0.091467
06033000602,0.152533
06033000702,0.126441
06033000703,0.026647
06033000704,0.046257
06033000801,0.01229
06033000802,0.010904
06033000901,0.028019
06033000902,0.059933
06033001000,0.160851
06033001101,0.065179
06033001102,0.070171
06033001200,0.019578
06033001301,0.091014
06033001302,0.128233
06035040100,0.140748
06035040200,0.044051
06035040302,0.166998
06035040303,0.105228
06035040304,0.260295
06035040305,0.038283
06035040400,0.21782
06035040500,0.100437
06035040600,0.127853
06045010100,0.147524
06045010200,0.153043
06045010601,0.26283
06045010602,0.205526
06045010801,0.132256
06045010802,0.009341
06045011700,0.078317
06045011800,0.175576
06049000100,0.246984
06049000200,0.073729
06049000300,0.202314
06055201800,0.20687
06057000102,0.037318
06057000104,0.058812
06057000105,0.151055
06057000106,0.216227
06057000107,0.155914
06057000200,0.032471
06057000300,0.155252
06057000401,0.022064
06057000403,0.282739
06057000404,0.033774
06057000502,0.03771
06057000503,0.012852
06057000504,0.093156
06057000601,0.083508
06057000602,0.090514
06057000701,0.297226
06057000702,0.218251
06057000801,0.286501
06057000802,0.197641
06057000900,0.182684
06061020200,0.022484
06061020300,0.176459
06061020401,0.058465
06061020402,0.234019
06061020501,0.161763
06061020502,0.041965
06061020601,0.023767
06061020604,0.042864
06061020605,0.127027
06061020606,0.012726
06061020607,0.012506
06061020608,0.035881
06061020710,0.008692
06061020711,0.021911
06061020712,0.011723
06061020713,0.073836
06061020714,0.016657
06061020715,0.004457
06061020717,0.015317
06061020805,0.020146
06061020806,0.021347
06061020901,0.011239
06061020908,0.139988
06061021003,0.011428
06061021034,0.012705
06061021037,0.036801
06061021038,0.005207
06061021039,0.013178
06061021040,0.022979
06061021043,0.028931
06061021044,0.006334
06061021045,0.010565
06061021046,0.015545
06061021047,0.002835
06061021048,0.015417
06061021103,0.01359
06061021106,0.015347
06061021108,0.10673
06061021109,0.033775
06061021122,0.017225
06061021123,0.007093
06061021128,0.047444
06061021129,0.030224
06061021130,0.068864
06061021131,0.016214
06061021203,0.010322
06061021204,0.145375
06061021304,0.036845
06061021323,0.003641
06061021324,0.017008
06061021325,0.003913
06061021326,0.004028
06061021327,0.02086
06061021328,0.008899
06061021401,0.006883
06061021403,0.004069
06061021501,0.17211
06061021502,0.179357
06061021603,0.153226
06061021604,0.200633
06061021801,0.276278
06061021802,0.125223
06061021901,0.086374
06061021902,0.017647
06061022002,0.128688
06061022013,0.254005
06061022014,0.238466
06061022400,0.015183
06061022500,0.007613
06061022600,0.011719
06061022800,0.021882
06061022900,0.034315
06061023000,0.007974
06061023100,0.01188
06061023200,0.006223
06061023300,0.009776
06061023400,0.032216
06061023501,0.023615
06061023502,0.004635
06061023600,0.019226
06061023700,0.07734
06061023800,0.007837
06061023900,0.131215
06063000100,0.21281
06063000201,0.099272
06063000202,0.119956
06063000300,0.100491
06063000400,0.203656
06063000501,0.231228
06063000502,0.179489
06067000100,0.051652
06067000200,0.074633
06067000300,0.012638
06067000400,0.02838
06067000501,0.138544
06067000502,0.351907
06067000600,0.00615
06067000700,0.025061
06067000800,0.05292
06067001102,0.146839
06067001103,0.076828
06067001201,0.036911
06067001202,0.012069
06067001300,0.010385
06067001400,0.022325
06067001500,0.00766
06067001601,0.008958
06067001602,0.0526
06067001702,0.079555
06067001800,0.008681
06067001900,0.062368
06067002000,0.023045
06067002100,0.079492
06067002200,0.040945
06067002300,0.071615
06067002400,0.010213
06067002500,0.008057
06067002600,0.019665
06067002700,0.085893
06067005301,0.03679
06067005402,0.015201
06067005403,0.092801
06067005404,0.025095
06067005502,0.009969
06067005505,0.016882
06067005506,0.009998
06067005508,0.075447
06067005509,0.017396
06067005510,0.012893
06067005601,0.023314
06067005605,0.010964
06067005606,0.00869
06067005701,0.017074
06067005702,0.010131
06067005801,0.009566
06067005803,0.003867
06067005901,0.005088
06067005903,0.00913
06067005904,0.00805
06067006002,0.014807
06067006003,0.091398
06067006004,0.005262
06067006101,0.076564
06067006102,0.01934
06067006202,0.034048
06067006203,0.018564
06067006204,0.009706
06067006300,0.00515
06067006400,0.026968
06067006501,0.047343
06067006502,0.020538
06067006600,0.00973
06067006703,0.00687
06067006704,0.007593
06067006705,0.025477
06067006706,0.018978
06067006801,0.009027
06067006802,0.009897
06067006803,0.021984
06067006901,0.081548
06067006902,0.062964
06067007001,0.022953
06067007007,0.008345
06067007010,0.051649
06067007011,0.028883
06067007012,0.00896
06067007013,0.013207
06067007016,0.00762
06067007017,0.038389
06067007019,0.047485
06067007020,0.054775
06067007021,0.032531
06067007022,0.069871
06067007023,0.00572
06067007024,0.04166
06067007025,0.01268
06067007026,0.003222
06067007027,0.007651
06067007028,0.020549
06067007101,0.099888
06067007103,0.008993
06067007105,0.014447
06067007106,0.010107
06067007107,0.068147
06067007108,0.005646
06067007109,0.023317
06067007110,0.012021
06067007111,0.017228
06067007202,0.010545
06067007204,0.007769
06067007206,0.00437
06067007207,0.048466
06067007208,0.012063
06067007209,0.00716
06067007301,0.00418
06067007402,0.008161
06067007403,0.128679
06067007413,0.028853
06067007414,0.003129
06067007415,0.020371
06067007416,0.021599
06067007417,0.009766
06067007422,0.048935
06067007423,0.092656
06067007424,0.006574
06067007426,0.014724
06067007427,0.014281
06067007428,0.017319
06067007429,0.013647
06067007430,0.017928
06067007431,0.003871
06067007432,0.00549
06067007434,0.009675
06067007435,0.038955
06067007436,0.029888
06067007437,0.008141
06067007438,0.017236
06067007439,0.003134
06067007501,0.073735
06067007503,0.080027
06067007504,0.088768
06067007602,0.01895
06067007603,0.004951
06067007604,0.039975
06067007701,0.007614
06067007702,0.01133
06067007801,0.028806
06067007802,0.012675
06067007903,0.008609
06067007904,0.004587
06067007905,0.010439
06067007906,0.027797
06067008005,0.021936
06067008006,0.016888
06067008007,0.062068
06067008008,0.027669
06067008009,0.009118
06067008010,0.009537
06067008111,0.032486
06067008113,0.06169
06067008117,0.008422
06067008119,0.012524
06067008120,0.008569
06067008122,0.019482
06067008124,0.049552
06067008125,0.004414
06067008127,0.055566
06067008128,0.112045
06067008129,0.0499
06067008130,0.021026
06067008131,0.093681
06067008132,0.093292
06067008133,0.042652
06067008134,0.062113
06067008135,0.125459
06067008136,0.059464
06067008137,0.00735
06067008138,0.032383
06067008139,0.104203
06067008140,0.007167
06067008141,0.010123
06067008142,0.015683
06067008143,0.021773
06067008144,0.011494
06067008145,0.034522
06067008203,0.007254
06067008204,0.00917
06067008206,0.017201
06067008207,0.008399
06067008208,0.006597
06067008209,0.015001
06067008210,0.023739
06067008211,0.004838
06067008402,0.011827
06067008403,0.019236
06067008404,0.019871
06067008501,0.013373
06067008504,0.09248
06067008505,0.030373
06067008506,0.07769
06067008507,0.012742
06067008508,0.021371
06067008509,0.010071
06067008510,0.024662
06067008512,0.005957
06067008702,0.006312
06067008703,0.037697
06067008909,0.036571
06067008912,0.038334
06067008913,0.005996
06067988300,0.004191
06089010100,0.167092
06089010200,0.006929
06089010300,0.086751
06089010400,0.119355
06089010500,0.029985
06089010601,0.033718
06089010602,0.109905
06089010603,0.08052
06089010702,0.121862
06089010703,0.089692
06089010704,0.047088
06089010803,0.018811
06089010804,0.005598
06089010805,0.012187
06089010806,0.130896
06089010807,0.071083
06089010900,0.046881
06089011001,0.00887
06089011002,0.213258
06089011100,0.015142
06089011209,0.029583
06089011300,0.010519
06089011401,0.033766
06089011402,0.007989
06089011403,0.010522
06089011501,0.043572
06089011502,0.005561
06089011600,0.116818
06089011701,0.087214
06089011702,0.265542
06089011703,0.136728
06089011801,0.036525
06089011802,0.082143
06089011803,0.070112
06089011900,0.008755
06089012000,0.149448
06089012101,0.065529
06089012102,0.040573
06089012200,0.088271
06089012301,0.22161
06089012302,0.00959
06089012303,0.006294
06089012400,0.050563
06089012500,0.160657
06089012603,0.171234
06089012604,0.031871
06089012605,0.026621
06089012606,0.107789
06089012701,0.197784
06089012702,0.129968
06091010000,0.08636
06093000300,0.075091
06093000701,0.18835
06093000800,0.167342
06093000901,0.148945
06093000902,0.181292
06093001001,0.188478
06093001002,0.266762
06093001003,0.101167
06093001100,0.157168
06093001200,0.156718
06093001300,0.140023
06097154100,0.118016
06101050101,0.01283
06101050102,0.048869
06101050201,0.05681
06101050202,0.015921
06101050301,0.072038
06101050302,0.007513
06101050401,0.008298
06101050402,0.04428
06101050403,0.072763
06101050501,0.162132
06101050503,0.266252
06101050504,0.341098
06101050601,0.08529
06101050603,0.016025
06101050604,0.15722
06101050701,0.182931
06101050702,0.083949
06101050800,0.05898
06101050900,0.137711
06101051000,0.111721
06101051100,0.087026
06103000100,0.248319
06103000201,0.217734
06103000202,0.041797
06103000300,0.100689
06103000400,0.187132
06103000500,0.224296
06103000600,0.149827
06103000701,0.166569
06103000702,0.136458
06103000800,0.135357
06103000900,0.101982
06103001000,0.061914
06103001101,0.176872
06103001102,0.198291
06105000101,0.172675
06105000102,0.137399
06105000200,0.139162
06105000500,0.081807
06113010102,0.075255
06113010103,0.003035
06113010104,0.010137
06113010105,0.022452
06113010201,0.026178
06113010203,0.097071
06113010204,0.107103
06113010313,0.015836
06113010315,0.010603
06113010401,0.136907
06113010505,0.128742
06113010800,0.194618
06113010901,0.118024
06113010902,0.284066
06113011001,0.105399
06113011002,0.050276
06113011101,0.020492
06113011102,0.077073
06113011103,0.035146
06113011203,0.003306
06113011204,0.005612
06113011207,0.190882
06113011208,0.080702
06113011209,0.053078
06113011210,0.005959
06113011211,0.014935
06113011400,0.136375
06113011500,0.123181
06115040100,0.096614
06115040201,0.296952
06115040202,0.15361
06115040301,0.01309
06115040302,0.023552
06115040304,0.009936
06115040305,0.007324
06115040400,0.005917
06115040500,0.019379
06115040600,0.01275
06115040701,0.008779
06115040702,0.093299
06115040800,0.009462
06115040901,0.017589
06115040902,0.015064
06115041001,0.086301
06115041002,0.008695
06115041101,0.113715
06115041102,0.196628
48001950100,0.0133
48001950401,0.030051
48001950402,0.153405
48001950500,0.120874
48001950600,0.135384
48001950700,0.115414
48001950800,0.117695
48001950901,0.076388
48001950902,0.042689
48001951001,0.027268
48001951002,0.17483
48001951100,0.105417
48005000102,0.10157
48005000104,0.09586
48007950101,0.269098
48007950102,0.169076
48007950103,0.077741
48007950200,0.296188
48007950301,0.072077
48007950302,0.131876
48007950400,0.1961
48007950501,0.084735
48007950502,0.175477
48007950503,0.180311
48009020200,0.100145
48009020300,0.121367
48013960101,0.052913
48013960102,0.164462
48013960203,0.068868
48013960204,0.013923
48013960205,0.083243
48013960206,0.059974
48013960300,0.111907
48013960401,0.413813
48013960403,0.186113
48013960404,0.246806
48013960500,0.039066
48013960601,0.128603
48013960602,0.030376
48015760100,0.006841
48015760201,0.066884
48015760202,0.097749
48015760301,0.025095
48015760302,0.0572
48015760400,0.020446
48015760501,0.056379
48015760502,0.08846
48019000101,0.108339
48019000103,0.119981
48019000104,0.16918
48019000200,0.115405
48019000301,0.064593
48019000302,0.100081
48019000400,0.033529
48021950101,0.025743
48021950102,0.09395
48021950201,0.11184
48021950202,0.106271
48021950301,0.051082
48021950302,0.015561
48021950303,0.027861
48021950401,0.087178
48021950402,0.121841
48021950403,0.102859
48021950503,0.080171
48021950504,0.044923
48021950505,0.03003
48021950506,0.053812
48021950601,0.030915
48021950602,0.039963
48021950700,0.093238
48021950803,0.045085
48021950804,0.008787
48021950805,0.167513
48021950806,0.16437
48023950301,0.09072
48023950302,0.242991
48025950100,0.017758
48025950201,0.161551
48025950203,0.065038
48025950204,0.136048
48025950300,0.034368
48025950400,0.133127
48025950501,0.206801
48025950502,0.176126
48025950600,0.14656
48027020101,0.118613
48027020102,0.019194
48027020201,0.07763
48027020203,0.152664
48027020204,0.124762
48027020301,0.122719
48027020302,0.049066
48027020401,0.02479
48027020402,0.047769
48027020500,0.110192
48027020600,0.087886
48027020701,0.094076
48027020702,0.014593
48027020800,0.0715
48027020900,0.118228
48027021000,0.0611
48027021101,0.111313
48027021102,0.010438
48027021201,0.088493
48027021202,0.051239
48027021203,0.093971
48027021301,0.05034
48027021302,0.07288
48027021304,0.034996
48027021305,0.018826
48027021400,0.073435
48027021501,0.018586
48027021502,0.042051
48027021601,0.084003
48027021602,0.142393
48027021701,0.027942
48027021702,0.124812
48027021801,0.140802
48027021802,0.042993
48027021901,0.113121
48027021905,0.052139
48027021906,0.005979
48027021907,0.019094
48027021908,0.013699
48027022001,0.111664
48027022002,0.015181
48027022101,0.01032
48027022103,0.016734
48027022104,0.02981
48027022105,0.020396
48027022200,0.007501
48027022300,0.054531
48027022401,0.060914
48027022402,0.005107
48027022403,0.010915
48027022405,0.077616
48027022406,0.072172
48027022407,0.001954
48027022501,0.142038
48027022503,0.010345
48027022504,0.00823
48027022600,0.133202
48027022801,0.004262
48027022900,0.169577
48027023001,0.016804
48027023002,0.017855
48027023103,0.125022
48027023104,0.08216
48027023109,0.036601
48027023110,0.028809
48027023111,0.053302
48027023112,0.040783
48027023113,0.011677
48027023114,0.004282
48027023115,0.017246
48027023116,0.045656
48027023117,0.077762
48027023118,0.13085
48027023201,0.097022
48027023202,0.056743
48027023203,0.1202
48027023204,0.030459
48027023301,0.056894
48027023302,0.073365
48027023402,0.014152
48027023404,0.015157
48027023405,0.020625
48027023406,0.017363
48027023500,0.148189
48027980001,0.171913
48027980002,0.313767
48027980003,0.045686
48029110100,0.04444
48029110300,0.017327
48029110500,0.007768
48029110600,0.013179
48029110700,0.059552
48029111000,0.020594
48029111100,0.020355
48029120100,0.00656
48029120301,0.085585
48029120302,0.024686
48029120401,0.03673
48029120402,0.102437
48029120502,0.099095
48029120503,0.008458
48029120504,0.034627
48029120601,0.059006
48029120602,0.127501
48029120701,0.026347
48029120702,0.119286
48029120800,0.008381
48029120901,0.01973
48029120902,0.036802
48029121000,0.011571
48029121110,0.023601
48029121111,0.012699
48029121112,0.071578
48029121115,0.019932
48029121116,0.028882
48029121117,0.017377
48029121118,0.016456
48029121119,0.013917
48029121120,0.023113
48029121121,0.012341
48029121122,0.028677
48029121123,0.041571
48029121124,0.023888
48029121203,0.092945
48029121204,0.014831
48029121205,0.036529
48029121206,0.017204
48029121300,0.004674
48029121402,0.013769
48029121403,0.006821
48029121404,0.049433
48029121501,0.035506
48029121504,0.021434
48029121505,0.036393
48029121506,0.016921
48029121507,0.007873
48029121508,0.00873
48029121601,0.06168
48029121604,0.009487
48029121605,0.00744
48029121606,0.014734
48029121701,0.211887
48029121702,0.029312
48029121802,0.034247
48029121803,0.011234
48029121804,0.012297
48029121808,0.007575
48029121809,0.016955
48029121810,0.025359
48029121811,0.004667
48029121812,0.01345
48029121813,0.041769
48029121903,0.006992
48029121904,0.033276
48029121905,0.085895
48029121906,0.013708
48029121908,0.044067
48029121909,0.013484
48029121910,0.007697
48029121911,0.012958
48029121912,0.026937
48029130200,0.035343
48029130300,0.010679
48029130401,0.07054
48029130402,0.079895
48029130500,0.023117
48029130600,0.007995
48029130700,0.012226
48029130800,0.017383
48029130900,0.026793
48029131000,0.055702
48029131100,0.004538
48029131200,0.178666
48029131300,0.124299
48029131401,0.113964
48029131402,0.103693
48029131503,0.005663
48029131504,0.03627
48029131505,0.00921
48029131506,0.036383
48029131507,0.014601
48029131601,0.096495
48029131606,0.087065
48029131608,0.015108
48029131609,0.029253
48029131610,0.053488
48029131612,0.032553
48029131614,0.012964
48029131615,0.026816
48029131616,0.160045
48029131700,0.056885
48029131801,0.033896
48029131802,0.065496
48029140100,0.054298
48029140200,0.05584
48029140300,0.064814
48029140400,0.024904
48029140500,0.020531
48029140600,0.027636
48029140700,0.007771
48029140800,0.013945
48029140900,0.037949
48029141000,0.034525
48029141101,0.019517
48029141102,0.055745
48029141200,0.009227
48029141300,0.049526
48029141402,0.136668
48029141403,0.112955
48029141404,0.010896
48029141600,0.090961
48029141700,0.06286
48029141800,0.11231
48029141900,0.19408
48029150100,0.059657
48029150300,0.015099
48029150400,0.043004
48029150501,0.037366
48029150502,0.003922
48029150600,0.039729
48029150700,0.01391
48029150800,0.263118
48029150900,0.033885
48029151000,0.027758
48029151100,0.040709
48029151200,0.030662
48029151301,0.024311
48029151302,0.091989
48029151400,0.055787
48029151500,0.101309
48029151600,0.012283
48029151700,0.076329
48029151900,0.093688
48029152000,0.04636
48029152100,0.260425
48029152201,0.054852
48029152202,0.092286
48029160100,0.025575
48029160200,0.055735
48029160300,0.117009
48029160400,0.007857
48029160501,0.010159
48029160502,0.070405
48029160600,0.005208
48029160701,0.018333
48029160702,0.006557
48029160901,0.119664
48029160902,0.014404
48029161000,0.100802
48029161100,0.03438
48029161200,0.051614
48029161302,0.05473
48029161303,0.016092
48029161304,0.010119
48029161400,0.174989
48029161501,0.04555
48029161503,0.119744
48029161504,0.004361
48029161600,0.015464
48029161801,0.071021
48029161802,0.084979
48029161901,0.058124
48029161902,0.058528
48029162001,0.123904
48029162003,0.156724
48029162004,0.075968
48029170101,0.2123
48029170102,0.00599
48029170200,0.00867
48029170300,0.014718
48029170401,0.023467
48029170402,0.010762
48029170500,0.178218
48029170600,0.015881
48029170700,0.008826
48029170800,0.00593
48029170900,0.010751
48029171000,0.007259
48029171100,0.006842
48029171200,0.011821
48029171301,0.009119
48029171302,0.011056
48029171401,0.002916
48029171402,0.030352
48029171501,0.008247
48029171502,0.006876
48029171601,0.007393
48029171602,0.042252
48029171700,0.0127
48029171801,0.022124
48029171802,0.017729
48029171903,0.036765
48029171912,0.013199
48029171913,0.145978
48029171914,0.014044
48029171915,0.024357
48029171916,0.015139
48029171917,0.012036
48029171918,0.007471
48029171919,0.021665
48029171920,0.005826
48029171921,0.056224
48029171922,0.009686
48029171923,0.079517
48029171924,0.011176
48029171926,0.020811
48029171927,0.008144
48029171928,0.008606
48029171929,0.00587
48029172002,0.090325
48029172003,0.035622
48029172004,0.010382
48029172005,0.014505
48029172006,0.014287
48029172008,0.013365
48029172009,0.034881
48029180101,0.005963
48029180102,0.007857
48029180201,0.009923
48029180202,0.009854
48029180300,0.04547
48029180400,0.224119
48029180501,0.112798
48029180503,0.009856
48029180504,0.008196
48029180602,0.026896
48029180603,0.011928
48029180604,0.065709
48029180701,0.044289
48029180702,0.010061
48029180800,0.036761
48029180901,0.029432
48029180902,0.015312
48029181001,0.020605
48029181003,0.135394
48029181004,0.102091
48029181005,0.03783
48029181100,0.014432
48029181200,0.013807
48029181301,0.05169
48029181302,0.067227
48029181303,0.112068
48029181402,0.05309
48029181403,0.273595
48029181404,0.061628
48029181503,0.024663
48029181504,0.019796
48029181505,0.012775
48029181506,0.031949
48029181601,0.025814
48029181602,0.014848
48029181703,0.020329
48029181704,0.077354
48029181705,0.056794
48029181711,0.010014
48029181712,0.037714
48029181713,0.010294
48029181715,0.005021
48029181716,0.029581
48029181718,0.007335
48029181720,0.025742
48029181721,0.031022
48029181722,0.004804
48029181723,0.01023
48029181724,0.117429
48029181725,0.065676
48029181726,0.008841
48029181727,0.015666
48029181729,0.008313
48029181730,0.0218
48029181731,0.004005
48029181732,0.026081
48029181733,0.002808
48029181808,0.008587
48029181809,0.017938
48029181811,0.091506
48029181813,0.019538
48029181814,0.010777
48029181815,0.088574
48029181816,0.011007
48029181817,0.007059
48029181818,0.006855
48029181819,0.013711
48029181820,0.017721
48029181821,0.032862
48029181822,0.03253
48029181823,0.037036
48029181824,0.00281
48029181825,0.03574
48029181826,0.008911
48029181901,0.022898
48029181902,0.020667
48029182001,0.034909
48029182002,0.115057
48029182003,0.011325
48029182101,0.063787
48029182102,0.042388
48029182103,0.121752
48029182105,0.031526
48029182106,0.064577
48029190100,0.050265
48029190200,0.009832
48029190400,0.013422
48029190501,0.039261
48029190503,0.012
48029190504,0.093663
48029190601,0.069815
48029190603,0.010151
48029190604,0.034639
48029190700,0.016259
48029190800,0.037906
48029190901,0.014444
48029190902,0.045632
48029191003,0.006074
48029191004,0.009972
48029191005,0.056684
48029191006,0.004009
48029191101,0.020553
48029191102,0.01635
48029191201,0.004322
48029191202,0.015676
48029191303,0.015355
48029191304,0.012911
48029191405,0.006915
48029191406,0.040536
48029191408,0.021463
48029191409,0.025083
48029191410,0.053035
48029191411,0.011855
48029191412,0.004446
48029191413,0.018382
48029191503,0.019519
48029191504,0.053335
48029191505,0.015022
48029191506,0.037581
48029191701,0.166844
48029191702,0.019109
48029191804,0.009138
48029191806,0.018548
48029191807,0.013511
48029191808,0.032352
48029191809,0.049394
48029191810,0.003839
48029191811,0.013672
48029191812,0.010244
48029191813,0.012266
48029191814,0.006243
48029191815,0.049266
48029191816,0.055376
48029191818,0.025255
48029191819,0.007138
48029191900,0.052973
48029192000,0.041869
48029192100,0.038862
48029192200,0.144708
48029192300,0.02479
48029980001,0.095572
48029980002,0.182809
48029980003,0.031043
48029980004,0.102268
48029980005,0.013966
48029980100,0.022491
48031950101,0.137887
48031950102,0.086563
48031950201,0.088927
48031950202,0.083885
48033950100,0.255851
48035950100,0.050212
48035950200,0.125446
48035950300,0.204469
48035950400,0.130563
48035950500,0.030051
48035950600,0.226077
48035950700,0.053555
48039660100,0.03768
48039660200,0.058168
48039660301,0.03211
48039660302,0.003845
48039660303,0.034624
48039660401,0.015597
48039660402,0.007156
48039660403,0.091171
48039660501,0.251255
48039660502,0.011469
48039660503,0.061959
48039660504,0.014179
48039660603,0.008807
48039660604,0.003907
48039660605,0.005595
48039660606,0.027745
48039660607,0.021107
48039660608,0.033284
48039660609,0.005553
48039660610,0.044671
48039660611,0.035981
48039660612,0.006602
48039660613,0.007433
48039660614,0.198879
48039660615,0.009369
48039660616,0.006022
48039660703,0.020026
48039660704,0.031041
48039660705,0.010239
48039660706,0.042449
48039660707,0.013066
48039660708,0.03324
48039660803,0.004154
48039660804,0.091439
48039660805,0.00774
48039660806,0.027803
48039660901,0.112131
48039660902,0.051193
48039661000,0.126266
48039661100,0.123003
48039661200,0.133658
48039661300,0.159317
48039661400,0.029359
48039661501,0.051413
48039661502,0.071845
48039661601,0.258696
48039661602,0.068113
48039661700,0.12755
48039661800,0.084169
48039661901,0.044834
48039661902,0.025276
48039662000,0.0259
48039662100,0.089743
48039662200,0.123595
48039662300,0.192448
48039662400,0.151642
48039662500,0.060976
48039662600,0.166475
48039662700,0.049846
48039662800,0.008734
48039662900,0.133463
48039663000,0.181941
48039663100,0.109224
48039663200,0.009333
48039663300,0.043559
48039663400,0.065418
48039663500,0.03903
48039663600,0.021688
48039663700,0.078495
48039663800,0.056406
48039663900,0.091444
48039664000,0.069199
48039664100,0.025974
48039664200,0.055023
48039664300,0.047432
48039664400,0.034596
48039664501,0.009013
48039990000,0.033203
48041000103,0.298419
48041000104,0.211392
48041000105,0.006049
48041000106,0.221207
48041000107,0.010073
48041000108,0.260241
48041000203,0.044569
48041000204,0.026752
48041000205,0.078257
48041000206,0.018518
48041000207,0.048901
48041000301,0.114226
48041000302,0.099766
48041000401,0.072859
48041000402,0.047714
48041000501,0.139625
48041000502,0.028858
48041000603,0.007898
48041000605,0.013576
48041000606,0.014775
48041000700,0.012677
48041000800,0.009916
48041000900,0.015625
48041001001,0.013643
48041001002,0.021449
48041001101,0.012363
48041001102,0.025682
48041001301,0.016878
48041001302,0.060062
48041001303,0.086318
48041001401,0.03963
48041001604,0.007406
48041001605,0.033177
48041001606,0.034003
48041001607,0.120133
48041001608,0.005158
48041001702,0.085309
48041001703,0.091681
48041001704,0.07448
48041001801,0.026177
48041001803,0.005669
48041001804,0.012986
48041001901,0.042978
48041001902,0.020502
48041002001,0.040801
48041002006,0.041647
48041002009,0.029892
48041002010,0.058557
48041002011,0.01417
48041002014,0.019005
48041002016,0.039721
48041002017,0.029141
48041002018,0.012384
48041002019,0.003073
48041002020,0.01187
48041002021,0.013245
48041002022,0.006584
48041002023,0.01862
48041002024,0.018845
48041002025,0.048104
48041002026,0.219411
48041002100,0.008469
48041980000,0.005208
48047950100,0.172953
48047950200,0.13705
48049950100,0.029445
48049950201,0.026764
48049950202,0.185745
48049950300,0.213915
48049950500,0.045968
48049950600,0.146889
48049950700,0.041351
48049950800,0.087983
48049950900,0.00768
48049951000,0.017165
48049951100,0.037813
48049951200,0.167911
48049951300,0.025963
48051970100,0.12012
48051970201,0.055676
48051970202,0.031404
48051970300,0.152455
48051970400,0.087611
48051970501,0.175591
48051970502,0.019451
48053960101,0.010595
48053960102,0.033217
48053960200,0.142246
48053960301,0.180799
48053960302,0.145291
48053960401,0.093927
48053960402,0.059459
48053960501,0.050388
48053960502,0.051117
48053960600,0.015198
48053960701,0.078833
48053960702,0.060139
48053960801,0.087143
48053960802,0.200854
48053960803,0.030346
48055960102,0.009769
48055960103,0.104247
48055960104,0.155617
48055960200,0.047337
48055960300,0.156863
48055960400,0.068786
48055960501,0.059054
48055960502,0.112603
48055960600,0.154268
48055960701,0.079642
48055960702,0.135116
48057000100,0.082568
48057000200,0.159176
48057000300,0.288279
48057000401,0.114763
48057000402,0.168147
48057000501,0.154415
48057000502,0.181701
48057990000,0.03125
48059030101,0.008057
48059030102,0.016631
48059030200,0.03791
48061010101,0.006347
48061010102,0.302047
48061010103,0.034916
48061010201,0.073709
48061010204,0.090039
48061010205,0.135125
48061010301,0.042375
48061010303,0.013956
48061010304,0.04062
48061010403,0.250294
48061010404,0.020609
48061010405,0.047033
48061010406,0.032373
48061010500,0.094947
48061010602,0.345328
48061010603,0.089729
48061010604,0.125433
48061010700,0.065319
48061010801,0.053786
48061010802,0.063952
48061010900,0.180688
48061011000,0.104931
48061011100,0.075848
48061011200,0.136885
48061011301,0.142372
48061011302,0.341052
48061011401,0.078632
48061011402,0.244531
48061011500,0.161334
48061011601,0.042487
48061011602,0.06176
48061011701,0.160522
48061011702,0.167101
48061011801,0.114377
48061011802,0.02161
48061011903,0.021222
48061011904,0.09612
48061011905,0.188878
48061011906,0.031782
48061011907,0.099766
48061011908,0.034238
48061012002,0.036248
48061012003,0.03414
48061012004,0.068706
48061012103,0.083517
48061012104,0.020467
48061012105,0.008017
48061012106,0.005153
48061012201,0.076235
48061012202,0.011766
48061012203,0.008274
48061012301,0.013528
48061012304,0.045516
48061012305,0.09611
48061012402,0.116294
48061012403,0.08821
48061012404,0.051314
48061012506,0.056433
48061012508,0.047722
48061012509,0.048279
48061012510,0.070186
48061012511,0.153122
48061012512,0.337863
48061012513,0.089843
48061012514,0.005615
48061012515,0.027344
48061012516,0.006833
48061012517,0.005452
48061012607,0.024814
48061012608,0.13584
48061012613,0.087378
48061012614,0.042155
48061012615,0.010118
48061012616,0.004932
48061012617,0.009159
48061012700,0.150294
48061012800,0.025723
48061012900,0.279055
48061013002,0.074197
48061013003,0.062116
48061013004,0.185024
48061013102,0.04865
48061013104,0.009762
48061013106,0.095674
48061013203,0.141025
48061013204,0.023541
48061013205,0.130845
48061013206,0.138159
48061013207,0.056876
48061013303,0.249789
48061013305,0.016479
48061013306,0.018473
48061013307,0.036339
48061013308,0.045085
48061013309,0.009603
48061013401,0.16192
48061013402,0.102761
48061013500,0.075634
48061013600,0.33701
48061013700,0.087071
48061013801,0.004665
48061013802,0.012303
48061013901,0.005951
48061013902,0.171493
48061013903,0.012627
48061014001,0.007428
48061014002,0.02315
48061014101,0.005143
48061014102,0.009842
48061014103,0.013732
48061014201,0.149942
48061014202,0.078545
48061014300,0.231428
48061014401,0.115333
48061014402,0.052879
48061014403,0.011558
48061014404,0.006743
48061014501,0.009257
48061014502,0.004557
48061980001,0.132625
48061980100,0.511068
48063950101,0.050586
48063950102,0.201804
48063950200,0.11344
48073950100,0.182087
48073950201,0.082846
48073950202,0.25357
48073950301,0.127932
48073950302,0.143257
48073950400,0.2047
48073950500,0.217234
48073950600,0.16982
48073950700,0.209985
48073950801,0.115366
48073950802,0.153065
48073950900,0.166321
48073951000,0.138056
48073951100,0.16806
48077030302,0.077034
48081950100,0.038685
48081950200,0.163038
48083950300,0.133255
48083950600,0.142763
48083950700,0.026891
48085030101,0.017064
48085030102,0.063403
48085030201,0.053706
48085030202,0.024398
48085030204,0.162131
48085030205,0.100009
48085030206,0.08211
48085030207,0.071364
48085030301,0.013871
48085030302,0.008107
48085030303,0.025572
48085030304,0.017981
48085030306,0.031566
48085030307,0.031783
48085030403,0.025558
48085030404,0.012859
48085030405,0.006665
48085030406,0.00887
48085030407,0.044129
48085030409,0.016288
48085030410,0.012574
48085030504,0.032151
48085030505,0.02425
48085030506,0.008207
48085030507,0.041473
48085030509,0.003989
48085030510,0.006608
48085030511,0.004246
48085030512,0.009638
48085030515,0.008321
48085030516,0.005633
48085030517,0.020647
48085030518,0.006884
48085030519,0.00983
48085030520,0.004397
48085030521,0.005667
48085030524,0.012051
48085030525,0.004022
48085030529,0.033944
48085030531,0.017121
48085030532,0.015182
48085030533,0.004832
48085030534,0.01066
48085030535,0.016558
48085030536,0.002505
48085030537,0.004143
48085030538,0.027572
48085030539,0.011526
48085030540,0.021955
48085030541,0.007832
48085030542,0.01064
48085030543,0.013515
48085030544,0.017646
48085030545,0.039261
48085030546,0.012205
48085030547,0.030628
48085030548,0.006811
48085030549,0.021052
48085030550,0.004169
48085030604,0.048639
48085030605,0.041769
48085030606,0.023571
48085030607,0.01918
48085030608,0.043037
48085030609,0.00593
48085030701,0.079278
48085030702,0.058978
48085030801,0.018597
48085030802,0.013762
48085030901,0.133526
48085030902,0.010173
48085030903,0.010408
48085031003,0.036036
48085031005,0.019009
48085031006,0.088759
48085031007,0.023188
48085031008,0.005975
48085031101,0.127885
48085031102,0.120541
48085031201,0.013986
48085031202,0.021602
48085031308,0.010601
48085031314,0.014103
48085031318,0.010263
48085031319,0.014835
48085031320,0.014117
48085031321,0.007297
48085031322,0.031578
48085031323,0.001812
48085031324,0.002319
48085031325,0.033529
48085031326,0.01586
48085031327,0.019993
48085031328,0.009279
48085031329,0.007577
48085031330,0.006387
48085031331,0.00352
48085031332,0.024648
48085031333,0.014269
48085031334,0.00686
48085031335,0.06396
48085031336,0.012096
48085031408,0.011432
48085031411,0.010263
48085031412,0.008638
48085031413,0.009177
48085031414,0.00551
48085031415,0.067234
48085031416,0.052147
48085031417,0.006673
48085031418,0.014204
48085031419,0.004003
48085031420,0.00762
48085031421,0.0059
48085031422,0.005209
48085031423,0.020362
48085031424,0.006402
48085031425,0.009384
48085031504,0.002352
48085031507,0.034823
48085031508,0.017002
48085031509,0.007817
48085031510,0.014766
48085031511,0.006836
48085031512,0.008821
48085031611,0.029772
48085031613,0.009757
48085031621,0.027941
48085031622,0.016292
48085031623,0.007508
48085031624,0.031209
48085031625,0.00957
48085031626,0.013957
48085031627,0.009684
48085031628,0.006022
48085031629,0.009766
48085031630,0.005859
48085031631,0.01359
48085031632,0.00524
48085031633,0.019043
48085031634,0.005473
48085031635,0.004123
48085031636,0.009729
48085031639,0.006738
48085031641,0.004132
48085031642,0.008822
48085031643,0.004395
48085031645,0.046265
48085031646,0.009201
48085031647,0.012227
48085031649,0.014808
48085031654,0.007521
48085031655,0.026937
48085031657,0.019367
48085031659,0.011864
48085031660,0.007035
48085031661,0.028553
48085031662,0.004571
48085031663,0.031431
48085031664,0.007013
48085031665,0.02157
48085031666,0.016941
48085031667,0.036743
48085031668,0.02647
48085031669,0.008084
48085031670,0.02289
48085031671,0.040883
48085031672,0.009287
48085031673,0.018238
48085031674,0.00888
48085031675,0.005237
48085031676,0.003274
48085031677,0.008382
48085031678,0.016764
48085031679,0.002228
48085031680,0.014302
48085031681,0.008057
48085031682,0.012858
48085031704,0.021123
48085031706,0.041726
48085031708,0.042938
48085031709,0.0149
48085031711,0.016938
48085031713,0.092685
48085031715,0.072944
48085031716,0.08614
48085031717,0.137585
48085031718,0.01252
48085031719,0.004884
48085031720,0.10773
48085031721,0.016402
48085031722,0.16385
48085031723,0.090444
48085031724,0.050574
48085031806,0.020977
48085031807,0.005806
48085031808,0.011223
48085031809,0.014396
48085031810,0.030088
48085031811,0.05105
48085031812,0.01276
48085031813,0.002984
48085031814,0.00625
48085031815,0.005824
48085031816,0.018591
48085031901,0.010587
48085031902,0.036594
48085031903,0.023549
48085031904,0.023981
48085032003,0.012272
48085032008,0.009237
48085032010,0.013265
48085032012,0.007406
48085032013,0.030865
48085032014,0.00516
48085032015,0.013143
48085032016,0.010293
48085032017,0.006997
48085032018,0.050508
48085032019,0.019618
48089750100,0.105435
48089750200,0.124899
48089750300,0.029634
48089750400,0.040962
48089750500,0.074226
48091310100,0.050506
48091310200,0.008163
48091310301,0.256604
48091310302,0.175906
48091310401,0.033986
48091310404,0.007113
48091310405,0.11007
48091310406,0.053594
48091310501,0.118789
48091310502,0.023625
48091310503,0.13703
48091310603,0.025723
48091310604,0.074033
48091310608,0.026245
48091310609,0.016213
48091310610,0.161715
48091310611,0.036849
48091310612,0.03752
48091310613,0.030205
48091310614,0.025747
48091310702,0.101021
48091310703,0.04001
48091310705,0.150244
48091310706,0.027971
48091310707,0.059438
48091310708,0.036861
48091310801,0.043536
48091310803,0.033229
48091310804,0.015625
48091310901,0.064435
48091310903,0.089987
48091310904,0.046239
48091310905,0.016269
48093950101,0.15747
48093950102,0.11923
48093950200,0.056978
48093950300,0.158688
48093950400,0.14332
48095950300,0.103907
48097000100,0.191229
48097000200,0.080296
48097000400,0.123745
48097000500,0.040553
48097000600,0.181215
48097000701,0.013274
48097000702,0.032471
48097000900,0.027905
48097001100,0.056646
48099010101,0.054801
48099010102,0.019685
48099010201,0.050589
48099010202,0.108129
48099010300,0.153691
48099010400,0.047882
48099010501,0.009936
48099010502,0.012708
48099010503,0.045553
48099010504,0.085136
48099010601,0.006874
48099010603,0.008587
48099010604,0.010994
48099010701,0.018472
48099010702,0.28025
48099010802,0.060276
48099010803,0.055648
48099010804,0.066527
48099980000,0.046189
48105950100,0.074049
48107950100,0.03175
48107950200,0.051356
48107950300,0.047919
48113000100,0.156453
48113000201,0.099729
48113000202,0.072107
48113000300,0.060885
48113000401,0.012348
48113000405,0.060987
48113000407,0.029563
48113000408,0.022455
48113000409,0.066581
48113000410,0.01141
48113000501,0.008985
48113000502,0.02067
48113000503,0.064246
48113000605,0.007464
48113000606,0.083314
48113000607,0.005551
48113000608,0.02948
48113000609,0.006114
48113000610,0.008262
48113000611,0.025847
48113000703,0.066175
48113000704,0.019435
48113000705,0.023841
48113000706,0.064538
48113000801,0.005005
48113000802,0.031937
48113000901,0.043469
48113000902,0.081823
48113001001,0.025869
48113001002,0.039108
48113001101,0.039061
48113001102,0.06543
48113001202,0.08017
48113001203,0.258887
48113001204,0.189162
48113001301,0.018739
48113001302,0.037269
48113001400,0.088755
48113001502,0.018401
48113001503,0.00529
48113001504,0.006909
48113001601,0.008586
48113001602,0.007634
48113001703,0.040206
48113001705,0.016719
48113001801,0.053479
48113001802,0.048623
48113001901,0.060803
48113001902,0.040079
48113002001,0.069454
48113002002,0.00695
48113002100,0.028474
48113002200,0.012863
48113002400,0.077319
48113002500,0.046578
48113002703,0.140328
48113003102,0.031632
48113003103,0.161871
48113003700,0.121322
48113004201,0.026793
48113004202,0.003948
48113004300,0.009383
48113004400,0.028639
48113004500,0.012127
48113004600,0.009763
48113004700,0.021598
48113004800,0.013905
48113005000,0.009351
48113005100,0.010418
48113005200,0.01427
48113005300,0.005194
48113005400,0.004139
48113005500,0.007833
48113005600,0.040788
48113005700,0.01877
48113005901,0.013753
48113005902,0.019601
48113006001,0.00978
48113006002,0.049599
48113006100,0.006609
48113006200,0.128053
48113006301,0.014021
48113006302,0.020879
48113006401,0.004262
48113006402,0.045783
48113006501,0.003713
48113006502,0.018701
48113006701,0.005785
48113006702,0.016927
48113006800,0.023522
48113006900,0.014673
48113007101,0.038092
48113007102,0.021917
48113007203,0.022794
48113007204,0.123884
48113007205,0.019991
48113007206,0.056927
48113007301,0.049693
48113007302,0.045866
48113007601,0.023245
48113007604,0.009954
48113007605,0.032413
48113007701,0.040026
48113007702,0.041208
48113007801,0.027226
48113007805,0.004948
48113007809,0.068413
48113007810,0.016902
48113007812,0.008936
48113007815,0.02129
48113007819,0.085598
48113007821,0.028598
48113007822,0.02328
48113007823,0.031164
48113007824,0.012842
48113007825,0.017535
48113007826,0.015299
48113007827,0.045392
48113007828,0.112221
48113007829,0.010397
48113007830,0.099435
48113007831,0.05046
48113007832,0.196606
48113007833,0.015524
48113007834,0.029246
48113007835,0.18188
48113007902,0.057557
48113007903,0.059076
48113007906,0.024743
48113007909,0.061213
48113007910,0.081567
48113007912,0.067513
48113007913,0.050676
48113007914,0.048468
48113007915,0.128308
48113007916,0.058356
48113008000,0.044454
48113008101,0.224636
48113008102,0.165148
48113008200,0.172292
48113008401,0.03502
48113008402,0.009533
48113008500,0.019775
48113008604,0.031764
48113008701,0.041648
48113008703,0.005739
48113008704,0.041641
48113008705,0.048427
48113008801,0.004205
48113008802,0.017674
48113009001,0.050392
48113009002,0.012382
48113009101,0.043436
48113009103,0.003476
48113009104,0.040653
48113009105,0.129656
48113009202,0.007601
48113009203,0.062455
48113009204,0.004934
48113009301,0.01064
48113009303,0.038874
48113009304,0.021503
48113009401,0.010263
48113009402,0.01237
48113009500,0.004202
48113009603,0.023935
48113009604,0.056038
48113009605,0.031342
48113009607,0.013236
48113009608,0.016886
48113009609,0.012223
48113009610,0.07181
48113009611,0.018019
48113009701,0.0136
48113009702,0.004725
48113009802,0.015319
48113009803,0.015402
48113009804,0.014249
48113009900,0.096917
48113010001,0.062781
48113010002,0.163995
48113010003,0.032953
48113010101,0.018728
48113010102,0.014946
48113010500,0.011547
48113010601,0.011848
48113010602,0.054061
48113010701,0.012034
48113010704,0.006101
48113010804,0.005526
48113010805,0.019763
48113010806,0.014743
48113010807,0.005459
48113010808,0.011818
48113010809,0.020384
48113010903,0.014401
48113010904,0.0157
48113010905,0.018021
48113010906,0.005049
48113011002,0.01417
48113011003,0.002954
48113011004,0.026509
48113011101,0.003911
48113011103,0.007823
48113011104,0.002954
48113011105,0.02675
48113011201,0.010571
48113011202,0.023109
48113011300,0.018874
48113011401,0.010042
48113011500,0.04769
48113011601,0.140297
48113011603,0.034482
48113011604,0.01449
48113011701,0.003938
48113011702,0.01334
48113011801,0.010092
48113011802,0.00658
48113011901,0.003745
48113011902,0.027691
48113012000,0.045145
48113012101,0.022334
48113012102,0.012438
48113012206,0.012848
48113012207,0.012555
48113012208,0.126336
48113012209,0.045881
48113012210,0.022397
48113012211,0.043802
48113012212,0.052559
48113012213,0.007741
48113012301,0.094347
48113012302,0.069762
48113012400,0.058601
48113012501,0.159432
48113012502,0.159828
48113012601,0.138574
48113012603,0.111303
48113012604,0.081538
48113012701,0.07763
48113012702,0.160482
48113012801,0.237357
48113012802,0.095059
48113012900,0.079942
48113013005,0.029771
48113013007,0.052201
48113013008,0.004943
48113013009,0.019846
48113013010,0.047986
48113013011,0.029471
48113013012,0.039458
48113013013,0.042885
48113013101,0.013347
48113013102,0.005234
48113013104,0.02595
48113013106,0.010916
48113013107,0.057267
48113013201,0.028472
48113013202,0.030215
48113013300,0.016672
48113013400,0.036833
48113013500,0.003396
48113013605,0.007544
48113013606,0.013195
48113013607,0.008859
48113013608,0.014564
48113013609,0.01635
48113013610,0.005647
48113013611,0.042174
48113013615,0.121056
48113013617,0.062059
48113013618,0.042843
48113013619,0.008143
48113013620,0.05764
48113013621,0.195285
48113013622,0.081425
48113013624,0.044428
48113013625,0.092966
48113013626,0.08278
48113013627,0.162472
48113013628,0.017075
48113013629,0.057539
48113013630,0.388832
48113013631,0.086557
48113013715,0.007385
48113013716,0.006487
48113013717,0.003515
48113013718,0.006959
48113013719,0.059986
48113013720,0.034033
48113013721,0.011773
48113013722,0.016007
48113013725,0.257289
48113013726,0.010376
48113013727,0.007666
48113013728,0.005555
48113013729,0.006064
48113013804,0.005138
48113013805,0.011373
48113013806,0.015743
48113013807,0.023643
48113013808,0.028218
48113013901,0.015482
48113013902,0.006218
48113014001,0.014659
48113014002,0.02512
48113014119,0.016537
48113014120,0.008606
48113014121,0.009427
48113014123,0.020492
48113014124,0.018507
48113014126,0.007684
48113014128,0.009113
48113014130,0.015316
48113014132,0.003691
48113014134,0.033406
48113014135,0.004794
48113014138,0.005087
48113014139,0.007845
48113014140,0.008434
48113014141,0.007652
48113014142,0.003168
48113014143,0.054007
48113014144,0.027573
48113014145,0.036841
48113014146,0.01245
48113014147,0.028069
48113014148,0.009622
48113014149,0.007802
48113014150,0.054069
48113014151,0.017318
48113014152,0.125023
48113014153,0.022579
48113014154,0.008107
48113014155,0.012507
48113014156,0.006495
48113014157,0.017368
48113014158,0.004508
48113014159,0.031139
48113014160,0.015136
48113014161,0.022535
48113014203,0.007077
48113014204,0.004787
48113014205,0.054872
48113014207,0.038309
48113014208,0.050836
48113014209,0.039397
48113014306,0.010435
48113014308,0.005205
48113014309,0.064063
48113014310,0.00808
48113014313,0.057914
48113014314,0.007104
48113014315,0.01033
48113014316,0.163446
48113014317,0.017525
48113014318,0.007397
48113014319,0.054682
48113014320,0.058176
48113014405,0.013128
48113014406,0.011638
48113014407,0.016941
48113014408,0.027688
48113014409,0.035637
48113014410,0.010746
48113014501,0.01404
48113014502,0.019393
48113014601,0.00584
48113014602,0.013629
48113014603,0.005397
48113014701,0.01452
48113014704,0.007245
48113014903,0.074215
48113015001,0.006599
48113015002,0.015
48113015101,0.005921
48113015102,0.006634
48113015202,0.086768
48113015205,0.035851
48113015206,0.003698
48113015207,0.161049
48113015208,0.004268
48113015303,0.025409
48113015304,0.052702
48113015305,0.010309
48113015306,0.006689
48113015403,0.029626
48113015404,0.074515
48113015405,0.024113
48113015406,0.038539
48113015500,0.033635
48113015600,0.027044
48113015700,0.036156
48113015900,0.061283
48113016001,0.052811
48113016002,0.007713
48113016100,0.036999
48113016201,0.007856
48113016203,0.078878
48113016204,0.005296
48113016301,0.141642
48113016302,0.025286
48113016406,0.013591
48113016407,0.018161
48113016409,0.012634
48113016410,0.014785
48113016412,0.009493
48113016414,0.014824
48113016415,0.002716
48113016416,0.00555
48113016417,0.004873
48113016418,0.140262
48113016419,0.021009
48113016420,0.006525
48113016421,0.134963
48113016511,0.007861
48113016513,0.014342
48113016516,0.003772
48113016517,0.005839
48113016518,0.009633
48113016519,0.012309
48113016521,0.102025
48113016522,0.087444
48113016524,0.009086
48113016525,0.008711
48113016526,0.005883
48113016527,0.007666
48113016528,0.007384
48113016529,0.002475
48113016530,0.015683
48113016531,0.02355
48113016532,0.005097
48113016533,0.043315
48113016534,0.015948
48113016535,0.039974
48113016536,0.009125
48113016607,0.028916
48113016610,0.009625
48113016615,0.003582
48113016616,0.017769
48113016617,0.006868
48113016618,0.008307
48113016619,0.010601
48113016620,0.008359
48113016621,0.014571
48113016622,0.011527
48113016623,0.01056
48113016624,0.041013
48113016626,0.007485
48113016627,0.011756
48113016628,0.011748
48113016629,0.045845
48113016630,0.005418
48113016631,0.014789
48113016632,0.149067
48113016633,0.010944
48113016634,0.061897
48113016635,0.063365
48113016636,0.014063
48113016637,0.019464
48113016638,0.013285
48113016704,0.124247
48113016706,0.017027
48113016707,0.018204
48113016708,0.005346
48113016709,0.015413
48113016710,0.014041
48113016711,0.042653
48113016802,0.048851
48113016803,0.008294
48113016805,0.00749
48113016806,0.008755
48113016902,0.024922
48113016903,0.011373
48113017005,0.039845
48113017006,0.008772
48113017007,0.007757
48113017008,0.039152
48113017009,0.047526
48113017010,0.003286
48113017101,0.015755
48113017102,0.100505
48113017201,0.013581
48113017203,0.058501
48113017204,0.036376
48113017307,0.037323
48113017308,0.003456
48113017309,0.003893
48113017310,0.00546
48113017311,0.01136
48113017312,0.00747
48113017313,0.027479
48113017314,0.006731
48113017315,0.011365
48113017400,0.00547
48113017500,0.078163
48113017602,0.01005
48113017604,0.063269
48113017605,0.006374
48113017606,0.014336
48113017703,0.011776
48113017704,0.022807
48113017705,0.033579
48113017706,0.01034
48113017805,0.020758
48113017806,0.012246
48113017808,0.043601
48113017811,0.074807
48113017812,0.085775
48113017814,0.052143
48113017815,0.00747
48113017816,0.035892
48113017817,0.053141
48113017818,0.006593
48113017819,0.051119
48113017820,0.046588
48113017900,0.071538
48113018001,0.067211
48113018002,0.07858
48113018105,0.013897
48113018110,0.01286
48113018111,0.119167
48113018120,0.002667
48113018121,0.008691
48113018126,0.100553
48113018127,0.100459
48113018128,0.1135
48113018129,0.052431
48113018130,0.060752
48113018132,0.036918
48113018133,0.134357
48113018134,0.014333
48113018135,0.009765
48113018137,0.017911
48113018138,0.008756
48113018140,0.074424
48113018141,0.060131
48113018142,0.033686
48113018143,0.045142
48113018144,0.014366
48113018145,0.046439
48113018146,0.006784
48113018147,0.003521
48113018148,0.020725
48113018149,0.020434
48113018150,0.00397
48113018151,0.018733
48113018152,0.031353
48113018153,0.003901
48113018154,0.022574
48113018155,0.006092
48113018156,0.044139
48113018157,0.013622
48113018158,0.167528
48113018159,0.005226
48113018203,0.00929
48113018204,0.011665
48113018205,0.001923
48113018206,0.009841
48113018300,0.011455
48113018401,0.038389
48113018402,0.052395
48113018403,0.123088
48113018501,0.066589
48113018505,0.04978
48113018506,0.019182
48113018507,0.01237
48113018508,0.020397
48113018600,0.005915
48113018700,0.149165
48113018801,0.006616
48113018802,0.021999
48113018900,0.020826
48113019013,0.007696
48113019016,0.139419
48113019018,0.005533
48113019019,0.045651
48113019020,0.033268
48113019023,0.00417
48113019024,0.008495
48113019025,0.299786
48113019026,0.01529
48113019027,0.008232
48113019028,0.004714
48113019029,0.027797
48113019031,0.014947
48113019032,0.019281
48113019033,0.020598
48113019034,0.010821
48113019035,0.006992
48113019036,0.24847
48113019037,0.012718
48113019039,0.017389
48113019040,0.006886
48113019041,0.018196
48113019042,0.011435
48113019044,0.008726
48113019045,0.031967
48113019046,0.005799
48113019047,0.004268
48113019048,0.008606
48113019049,0.020391
48113019050,0.028496
48113019051,0.023948
48113019052,0.014453
48113019053,0.129675
48113019101,0.024338
48113019102,0.094982
48113019202,0.01169
48113019203,0.009872
48113019205,0.01512
48113019208,0.016146
48113019210,0.017258
48113019211,0.012863
48113019212,0.00974
48113019213,0.053272
48113019214,0.005881
48113019215,0.009747
48113019216,0.009583
48113019301,0.012405
48113019302,0.025211
48113019400,0.004723
48113019501,0.127528
48113019502,0.01946
48113019600,0.019527
48113019700,0.011315
48113019800,0.036891
48113019900,0.010871
48113020000,0.013692
48113020100,0.073027
48113020200,0.062492
48113020300,0.019023
48113020401,0.040908
48113020402,0.01616
48113020500,0.005056
48113020600,0.021746
48113020700,0.016524
48113020800,0.008823
48113020900,0.016547
48113021000,0.007637
48113021100,0.09889
48113021200,0.032976
48113980000,0.106548
48113980100,0.148003
48113980200,0.003337
48115950401,0.13365
48115950402,0.145137
48115950500,0.214659
48115950600,0.108599
48119950100,0.044068
48119950200,0.099788
48121020109,0.011354
48121020110,0.018666
48121020111,0.021898
48121020112,0.079305
48121020115,0.007123
48121020116,0.014962
48121020117,0.075393
48121020118,0.133967
48121020119,0.008734
48121020120,0.020182
48121020121,0.072124
48121020122,0.028966
48121020123,0.08018
48121020124,0.006974
48121020125,0.057687
48121020126,0.009149
48121020127,0.007346
48121020128,0.052426
48121020129,0.020734
48121020130,0.037938
48121020131,0.049927
48121020132,0.050855
48121020133,0.00576
48121020134,0.018195
48121020135,0.112536
48121020136,0.159098
48121020137,0.076002
48121020203,0.012288
48121020204,0.0754
48121020205,0.052917
48121020206,0.118471
48121020207,0.113607
48121020208,0.007824
48121020305,0.012365
48121020310,0.011396
48121020311,0.028555
48121020312,0.006556
48121020313,0.023429
48121020314,0.04421
48121020315,0.057472
48121020316,0.033843
48121020317,0.009745
48121020318,0.04284
48121020319,0.067628
48121020320,0.015305
48121020321,0.005755
48121020322,0.01863
48121020402,0.154431
48121020403,0.021178
48121020404,0.119638
48121020405,0.097128
48121020504,0.045918
48121020505,0.093282
48121020506,0.169936
48121020507,0.009883
48121020508,0.134453
48121020601,0.051953
48121020603,0.153771
48121020604,0.007385
48121020605,0.084885
48121020700,0.009222
48121020800,0.065831
48121020900,0.016284
48121021000,0.020891
48121021100,0.033301
48121021202,0.027911
48121021203,0.206232
48121021204,0.045916
48121021301,0.192562
48121021304,0.012686
48121021305,0.078408
48121021306,0.071984
48121021307,0.005278
48121021410,0.03483
48121021411,0.098848
48121021412,0.115891
48121021413,0.157239
48121021414,0.185868
48121021415,0.028278
48121021416,0.007911
48121021417,0.020991
48121021418,0.026872
48121021419,0.024405
48121021420,0.023535
48121021421,0.032827
48121021422,0.006059
48121021423,0.010457
48121021502,0.041469
48121021505,0.019528
48121021512,0.020355
48121021513,0.071118
48121021514,0.006886
48121021516,0.00758
48121021517,0.195276
48121021518,0.028451
48121021520,0.005771
48121021521,0.070869
48121021522,0.016883
48121021526,0.007845
48121021528,0.012976
48121021529,0.004521
48121021530,0.006334
48121021531,0.014732
48121021532,0.01162
48121021533,0.002775
48121021534,0.010433
48121021535,0.0141
48121021536,0.052291
48121021537,0.045098
48121021538,0.006692
48121021539,0.014963
48121021540,0.006505
48121021611,0.023851
48121021612,0.011746
48121021613,0.007555
48121021614,0.009332
48121021615,0.014908
48121021616,0.006798
48121021618,0.020389
48121021619,0.014006
48121021620,0.033289
48121021621,0.019648
48121021622,0.011204
48121021626,0.020331
48121021630,0.008707
48121021631,0.022647
48121021632,0.005767
48121021633,0.008314
48121021634,0.027133
48121021635,0.009248
48121021637,0.014497
48121021638,0.005151
48121021639,0.0138
48121021640,0.004679
48121021641,0.041686
48121021642,0.05539
48121021643,0.009343
48121021644,0.018279
48121021645,0.075174
48121021646,0.026497
48121021647,0.025423
48121021648,0.004427
48121021649,0.093953
48121021650,0.020254
48121021651,0.011548
48121021652,0.009584
48121021653,0.016004
48121021654,0.050324
48121021655,0.020197
48121021715,0.011692
48121021716,0.033168
48121021717,0.010559
48121021719,0.026308
48121021720,0.01454
48121021721,0.004966
48121021722,0.011701
48121021723,0.015392
48121021724,0.007236
48121021725,0.03428
48121021726,0.007948
48121021727,0.010806
48121021728,0.099837
48121021729,0.016131
48121021730,0.006673
48121021731,0.006055
48121021732,0.304965
48121021733,0.031903
48121021734,0.0791
48121021735,0.01778
48121021736,0.018086
48121021737,0.039618
48121021738,0.05551
48121021739,0.112281
48121021740,0.008503
48121021741,0.003662
48121021742,0.019857
48121021743,0.067057
48121021744,0.03476
48121021745,0.021531
48121021746,0.024999
48121021748,0.029424
48121021749,0.003126
48121021750,0.019175
48121021751,0.011183
48121021752,0.004108
48121021754,0.011802
48121021755,0.009672
48121021756,0.066611
48121021757,0.027157
48121021758,0.011817
48121021759,0.039022
48121021800,0.012292
48121021900,0.006753
48123970100,0.049137
48123970201,0.240434
48123970202,0.106349
48123970300,0.095984
48123970400,0.071462
48123970500,0.088904
48125950300,0.105373
48127950201,0.119498
48127950202,0.116373
48127950400,0.151116
48131950100,0.047835
48131950200,0.065027
48131950500,0.036261
48133950100,0.054848
48133950201,0.035141
48133950202,0.046416
48133950301,0.116111
48133950302,0.076393
48133950400,0.027749
48133950500,0.023849
48137950300,0.109902
48139060103,0.034506
48139060104,0.006425
48139060105,0.016303
48139060106,0.012958
48139060206,0.107838
48139060207,0.041216
48139060209,0.013324
48139060211,0.007728
48139060212,0.016288
48139060215,0.023217
48139060216,0.107694
48139060217,0.015084
48139060218,0.004101
48139060219,0.027496
48139060220,0.00623
48139060221,0.008472
48139060300,0.00247
48139060400,0.099872
48139060500,0.026657
48139060601,0.096876
48139060602,0.012885
48139060702,0.05029
48139060704,0.062752
48139060801,0.018643
48139060802,0.040965
48139060803,0.042419
48139060900,0.01723
48139061000,0.109536
48139061100,0.027859
48139061200,0.092569
48139061300,0.053865
48139061401,0.049681
48139061402,0.020642
48139061500,0.07132
48139061600,0.05411
48139061700,0.044829
48143950100,0.102933
48143950201,0.091925
48143950203,0.061751
48143950204,0.019313
48143950301,0.087114
48143950302,0.112083
48143950401,0.227669
48143950402,0.091075
48143950501,0.103754
48143950502,0.140735
48143950600,0.140584
48143950700,0.131795
48145000200,0.143403
48145000300,0.178247
48145000400,0.144149
48145000500,0.032343
48145000700,0.02606
48145000800,0.033955
48147950100,0.04304
48147950300,0.074162
48147950401,0.219985
48147950402,0.106869
48147950500,0.172143
48147950600,0.252744
48147950701,0.03411
48147950702,0.087541
48147950800,0.06196
48149970100,0.031448
48149970200,0.124453
48149970301,0.128087
48149970302,0.056903
48149970400,0.083296
48149970500,0.031097
48149970601,0.050559
48149970602,0.079649
48149970700,0.067726
48151950300,0.034061
48151950400,0.166087
48155950100,0.031356
48157670101,0.007354
48157670102,0.025758
48157670201,0.002882
48157670202,0.004113
48157670300,0.057557
48157670400,0.006199
48157670500,0.093655
48157670602,0.008442
48157670603,0.007491
48157670604,0.004371
48157670700,0.078939
48157670801,0.170924
48157670802,0.007053
48157670803,0.01032
48157670804,0.220968
48157670902,0.20596
48157670903,0.166711
48157670904,0.006622
48157671001,0.006555
48157671002,0.011847
48157671101,0.055584
48157671102,0.010822
48157671200,0.005925
48157671300,0.011064
48157671401,0.01844
48157671402,0.023321
48157671501,0.009108
48157671502,0.041116
48157671601,0.022943
48157671602,0.009673
48157671700,0.041394
48157671800,0.016572
48157671900,0.003256
48157672002,0.066372
48157672003,0.005403
48157672004,0.005656
48157672100,0.098769
48157672201,0.07464
48157672202,0.020869
48157672303,0.028452
48157672304,0.006089
48157672305,0.040135
48157672306,0.009787
48157672401,0.052479
48157672402,0.010064
48157672500,0.011778
48157672602,0.003826
48157672603,0.00297
48157672604,0.008718
48157672701,0.008078
48157672702,0.006109
48157672703,0.006177
48157672801,0.051374
48157672802,0.077701
48157672901,0.014278
48157672902,0.00538
48157672903,0.03308
48157672904,0.05485
48157672905,0.012463
48157672906,0.019626
48157672907,0.004069
48157673004,0.008033
48157673005,0.011092
48157673006,0.0132
48157673007,0.020011
48157673008,0.004457
48157673009,0.05369
48157673010,0.005592
48157673103,0.043523
48157673104,0.01349
48157673105,0.030292
48157673106,0.024111
48157673107,0.009116
48157673108,0.009581
48157673109,0.013435
48157673110,0.006982
48157673111,0.01007
48157673112,0.007181
48157673113,0.004925
48157673201,0.004979
48157673202,0.026652
48157673300,0.016613
48157673401,0.010827
48157673402,0.008506
48157673403,0.012519
48157673404,0.022629
48157673501,0.032909
48157673502,0.009599
48157673600,0.032615
48157673700,0.084093
48157673801,0.223474
48157673802,0.089867
48157673902,0.016218
48157673903,0.022302
48157673904,0.197275
48157674001,0.00761
48157674002,0.011532
48157674100,0.009418
48157674200,0.022129
48157674301,0.008087
48157674302,0.016003
48157674401,0.009289
48157674402,0.027106
48157674403,0.017619
48157674404,0.044987
48157674503,0.005398
48157674504,0.003499
48157674505,0.03458
48157674506,0.00906
48157674507,0.043376
48157674508,0.052872
48157674601,0.094195
48157674602,0.135534
48157674603,0.018066
48157674604,0.073899
48157674701,0.149524
48157674702,0.029119
48157674800,0.013292
48157674900,0.247325
48157675000,0.150985
48157675101,0.006846
48157675102,0.04893
48157675200,0.244966
48157675300,0.192202
48157675401,0.184735
48157675402,0.1556
48157675501,0.082373
48157675502,0.017613
48157675503,0.008681
48157675600,0.010904
48157675701,0.02378
48157675702,0.005624
48157675800,0.059004
48159950101,0.050671
48159950102,0.043141
48159950200,0.118522
48159950300,0.101088
48161000101,0.037039
48161000102,0.20361
48161000200,0.160929
48161000300,0.101781
48161000400,0.060843
48161000600,0.032379
48161000700,0.118338
48161000900,0.200777
48163950101,0.022404
48163950102,0.038289
48163950201,0.135446
48163950202,0.056558
48163950301,0.156909
48163950302,0.12452
48167720100,0.011417
48167720200,0.025796
48167720301,0.044951
48167720302,0.007089
48167720400,0.043175
48167720501,0.00456
48167720504,0.006958
48167720505,0.041915
48167720506,0.006132
48167720507,0.010891
48167720508,0.016546
48167720509,0.114581
48167720510,0.035713
48167720511,0.017702
48167720512,0.00318
48167720601,0.011862
48167720602,0.010032
48167720603,0.003856
48167720604,0.016785
48167720605,0.044922
48167720701,0.065314
48167720702,0.071682
48167720703,0.021311
48167720800,0.015475
48167720900,0.091769
48167721101,0.023202
48167721203,0.097831
48167721204,0.011447
48167721205,0.01124
48167721206,0.121991
48167721209,0.080712
48167721301,0.006936
48167721302,0.019431
48167721401,0.007331
48167721403,0.007843
48167721501,0.088304
48167721502,0.050122
48167721901,0.010098
48167723300,0.024976
48167723401,0.110335
48167723402,0.038113
48167723403,0.034267
48167723503,0.200121
48167723504,0.223761
48167723505,0.03936
48169950101,0.05968
48169950102,0.030968
48169980000,0.239943
48171950100,0.098851
48171950200,0.016328
48171950301,0.229319
48171950302,0.117434
48171950401,0.094627
48171950402,0.249738
48171950500,0.161928
48173950100,0.08322
48175960100,0.162428
48175960200,0.060831
48177000100,0.151221
48177000200,0.081433
48177000300,0.185497
48177000400,0.190946
48177000500,0.136919
48177000600,0.032557
48181000101,0.062185
48181000102,0.078729
48181000302,0.076344
48181000304,0.042506
48181000600,0.084984
48181000700,0.19279
48181000800,0.008647
48181000901,0.174407
48181000903,0.026919
48181000904,0.021743
48181001101,0.033477
48181001103,0.115545
48181001104,0.060761
48181001200,0.00877
48181001300,0.157359
48181001400,0.086745
48181001500,0.106293
48181001700,0.01514
48181001801,0.041135
48181001802,0.015481
48181001803,0.108635
48181001901,0.089228
48181001902,0.028168
48181002000,0.031022
48183010100,0.026161
48183010201,0.131178
48183010202,0.044726
48183010401,0.120352
48183010402,0.073376
48183010700,0.088353
48185180101,0.042276
48185180102,0.081289
48185180201,0.067406
48185180202,0.046502
48185180302,0.08348
48185180303,0.010829
48185180304,0.086955
48185180400,0.037692
48187210100,0.143602
48187210200,0.123375
48187210300,0.194093
48187210400,0.100556
48187210505,0.043643
48187210506,0.106895
48187210508,0.082193
48187210509,0.228537
48187210510,0.163275
48187210511,0.140639
48187210512,0.229189
48187210513,0.052083
48187210603,0.007732
48187210606,0.016987
48187210608,0.139783
48187210609,0.008081
48187210610,0.036005
48187210611,0.003418
48187210612,0.073893
48187210613,0.01149
48187210614,0.025231
48187210705,0.011921
48187210706,0.009528
48187210707,0.011495
48187210709,0.025899
48187210710,0.039867
48187210711,0.018643
48187210712,0.009277
48187210713,0.002577
48187210715,0.014392
48187210716,0.004132
48187210717,0.00863
48187210718,0.012449
48187210803,0.0273
48187210804,0.071002
48187210805,0.071576
48187210806,0.157132
48187210902,0.055631
48187210903,0.054277
48187210904,0.23064
48187210905,0.018863
48193950100,0.039591
48193950200,0.105671
48193950300,0.066444
48201100001,0.100699
48201210400,0.007152
48201210500,0.004934
48201210600,0.011175
48201210700,0.008469
48201210800,0.020244
48201210900,0.026442
48201211000,0.028669
48201211101,0.055731
48201211102,0.004697
48201211200,0.003782
48201211301,0.033693
48201211302,0.050919
48201211400,0.020301
48201211501,0.054406
48201211502,0.080242
48201211600,0.057087
48201211700,0.038778
48201211900,0.007802
48201212300,0.021949
48201212400,0.022633
48201212500,0.021703
48201220100,0.026909
48201220200,0.006331
48201220300,0.018215
48201220400,0.027194
48201220500,0.028419
48201220600,0.011217
48201220701,0.049138
48201220702,0.039042
48201220800,0.045567
48201220900,0.061891
48201221000,0.01094
48201221100,0.010455
48201221200,0.00896
48201221301,0.041445
48201221302,0.006946
48201221400,0.009901
48201221501,0.008773
48201221502,0.028111
48201221601,0.007962
48201221602,0.011873
48201221701,0.008677
48201221702,0.034644
48201221800,0.036204
48201221900,0.068075
48201222000,0.016431
48201222100,0.02377
48201222200,0.043565
48201222300,0.006286
48201222401,0.077474
48201222402,0.013538
48201222501,0.014241
48201222502,0.202465
48201222504,0.009658
48201222505,0.005737
48201222601,0.010605
48201222602,0.005586
48201222701,0.013442
48201222702,0.033938
48201222800,0.033631
48201222900,0.008926
48201223001,0.016415
48201223002,0.006593
48201223100,0.025546
48201230100,0.011514
48201230200,0.007061
48201230300,0.014019
48201230400,0.007527
48201230500,0.048623
48201230600,0.046782
48201230700,0.00701
48201230800,0.024124
48201230900,0.006998
48201231000,0.012379
48201231100,0.093653
48201231200,0.00989
48201231300,0.003137
48201231400,0.005252
48201231500,0.026679
48201231600,0.009911
48201231700,0.080603
48201231800,0.007261
48201231900,0.029154
48201232000,0.011335
48201232100,0.058752
48201232201,0.013846
48201232202,0.030193
48201232203,0.098449
48201232303,0.00897
48201232304,0.044479
48201232305,0.039211
48201232306,0.031035
48201232402,0.020195
48201232403,0.025182
48201232404,0.038017
48201232405,0.052728
48201232500,0.122879
48201232600,0.019959
48201232701,0.028884
48201232703,0.043035
48201232704,0.033922
48201232801,0.053853
48201232802,0.015674
48201232901,0.027942
48201232902,0.044205
48201233001,0.033071
48201233002,0.025114
48201233003,0.015548
48201233101,0.01705
48201233103,0.042224
48201233104,0.04236
48201233105,0.036643
48201233200,0.016521
48201233300,0.055796
48201233400,0.013862
48201233501,0.018312
48201233502,0.025477
48201233600,0.038635
48201233701,0.056604
48201233702,0.006651
48201233703,0.059649
48201240101,0.011805
48201240102,0.039316
48201240400,0.014057
48201240503,0.006743
48201240504,0.007841
48201240505,0.009536
48201240506,0.004637
48201240600,0.014597
48201240703,0.016776
48201240704,0.015958
48201240705,0.006336
48201240706,0.014621
48201240707,0.027371
48201240802,0.008592
48201240803,0.021975
48201240804,0.017197
48201240903,0.035379
48201240904,0.015113
48201240905,0.017566
48201240906,0.005848
48201241001,0.050221
48201241002,0.008789
48201241101,0.016119
48201241103,0.006917
48201241104,0.014811
48201241105,0.1945
48201241201,0.012685
48201241202,0.197322
48201241301,0.009788
48201241302,0.014236
48201241400,0.022875
48201241501,0.033642
48201241502,0.027899
48201241503,0.043889
48201250101,0.048755
48201250102,0.091698
48201250201,0.019381
48201250202,0.026906
48201250303,0.081351
48201250304,0.061348
48201250305,0.008796
48201250306,0.012058
48201250403,0.054724
48201250404,0.00666
48201250405,0.034289
48201250406,0.049888
48201250407,0.123675
48201250408,0.010403
48201250500,0.007064
48201250601,0.049073
48201250602,0.058888
48201250701,0.017615
48201250702,0.01303
48201250801,0.015282
48201250802,0.034169
48201250901,0.024358
48201250902,0.00512
48201251000,0.072067
48201251100,0.021442
48201251200,0.012281
48201251300,0.007898
48201251401,0.011361
48201251402,0.006137
48201251501,0.009332
48201251503,0.005493
48201251504,0.005615
48201251505,0.009437
48201251600,0.04846
48201251701,0.002059
48201251702,0.023472
48201251800,0.360352
48201251902,0.029551
48201251903,0.063256
48201251904,0.012193
48201252001,0.004387
48201252002,0.029104
48201252003,0.063919
48201252100,0.011582
48201252201,0.087712
48201252202,0.130678
48201252303,0.003294
48201252304,0.020558
48201252305,0.009874
48201252306,0.007146
48201252400,0.028601
48201252500,0.13754
48201252601,0.024094
48201252602,0.115514
48201252700,0.106582
48201252800,0.016235
48201252901,0.023618
48201252902,0.010725
48201253000,0.02976
48201253202,0.021225
48201253300,0.012023
48201253502,0.034404
48201310101,0.013259
48201310102,0.011956
48201310200,0.017442
48201310300,0.002402
48201310400,0.007111
48201310500,0.015763
48201310600,0.005435
48201310700,0.020603
48201310800,0.017319
48201310900,0.009221
48201311001,0.06592
48201311002,0.119045
48201311100,0.015291
48201311200,0.042945
48201311300,0.006232
48201311400,0.006785
48201311501,0.006768
48201311502,0.004891
48201311600,0.02406
48201311701,0.016262
48201311702,0.048847
48201311800,0.023472
48201311900,0.012588
48201312000,0.046474
48201312200,0.040152
48201312300,0.012515
48201312400,0.017628
48201312501,0.017413
48201312502,0.01419
48201312601,0.099914
48201312602,0.030632
48201312603,0.029814
48201312700,0.019316
48201312800,0.005623
48201312901,0.015306
48201312902,0.009623
48201313000,0.018715
48201313101,0.01913
48201313102,0.083383
48201313201,0.033423
48201313202,0.011952
48201313300,0.004923
48201313400,0.007305
48201313500,0.006284
48201313600,0.00637
48201313700,0.038352
48201313801,0.026658
48201313802,0.017252
48201313901,0.033449
48201313902,0.007798
48201314001,0.0384
48201314003,0.105374
48201314004,0.016439
48201314005,0.011188
48201314301,0.052159
48201314302,0.034383
48201314401,0.138107
48201314402,0.216034
48201320100,0.009113
48201320201,0.032265
48201320202,0.013617
48201320500,0.026679
48201320601,0.006683
48201320602,0.010526
48201320700,0.03695
48201320800,0.122436
48201320901,0.030782
48201320902,0.004828
48201321001,0.018467
48201321002,0.047639
48201321101,0.030409
48201321102,0.020882
48201321200,0.026855
48201321301,0.02232
48201321302,0.057957
48201321401,0.024352
48201321402,0.081334
48201321500,0.061224
48201321600,0.010963
48201321700,0.01005
48201321800,0.038499
48201321900,0.008937
48201322000,0.061509
48201322100,0.012566
48201322200,0.008264
48201322600,0.074873
48201322701,0.0193
48201322702,0.022585
48201322800,0.024482
48201322900,0.009613
48201323000,0.019699
48201323100,0.018176
48201323200,0.021043
48201323300,0.013812
48201323400,0.018425
48201323500,0.030588
48201323601,0.025439
48201323602,0.056221
48201323701,0.036453
48201323702,0.040994
48201323801,0.007207
48201323802,0.012362
48201323900,0.039973
48201324000,0.035148
48201324101,0.081375
48201324102,0.259083
48201324200,0.085745
48201330101,0.019276
48201330102,0.008812
48201330200,0.007786
48201330301,0.043427
48201330302,0.033773
48201330303,0.021443
48201330400,0.044412
48201330500,0.018094
48201330600,0.0205
48201330700,0.056183
48201330801,0.058754
48201330802,0.095586
48201330901,0.010879
48201330902,0.008516
48201331100,0.018241
48201331200,0.011815
48201331300,0.034102
48201331400,0.048393
48201331501,0.165814
48201331502,0.006199
48201331602,0.005855
48201331603,0.013165
48201331604,0.008703
48201331700,0.043923
48201331800,0.020326
48201331900,0.029144
48201332000,0.008252
48201332100,0.028041
48201332200,0.005897
48201332300,0.01885
48201332400,0.012634
48201332500,0.012948
48201332600,0.006086
48201332700,0.030094
48201332800,0.049189
48201332900,0.016517
48201333000,0.027599
48201333100,0.01021
48201333201,0.02839
48201333203,0.008903
48201333204,0.023081
48201333205,0.074729
48201333301,0.02628
48201333302,0.013408
48201333501,0.029245
48201333502,0.146134
48201333600,0.084631
48201333700,0.056305
48201333801,0.083689
48201333802,0.009605
48201333903,0.018647
48201333904,0.008567
48201333905,0.008985
48201333906,0.017405
48201334001,0.00826
48201334002,0.079828
48201334003,0.030121
48201334101,0.027832
48201334102,0.058353
48201340101,0.050914
48201340102,0.008224
48201340201,0.167857
48201340202,0.03064
48201340203,0.019575
48201340301,0.016306
48201340302,0.019697
48201340400,0.022438
48201340501,0.010904
48201340502,0.053449
48201340600,0.016228
48201340701,0.022525
48201340702,0.013332
48201340800,0.010566
48201340900,0.032466
48201341001,0.082593
48201341002,0.049039
48201341101,0.020795
48201341102,0.019153
48201341201,0.007625
48201341203,0.069876
48201341204,0.046248
48201341302,0.093678
48201341303,0.024879
48201341304,0.066029
48201341400,0.030241
48201341501,0.005342
48201341502,0.050846
48201342001,0.011636
48201342002,0.03518
48201342100,0.014703
48201342200,0.055024
48201342300,0.009782
48201342400,0.072986
48201342500,0.094074
48201342700,0.046779
48201342801,0.02737
48201342802,0.112351
48201342900,0.01545
48201343000,0.032642
48201343100,0.059009
48201343200,0.024902
48201343301,0.025598
48201343302,0.030694
48201343601,0.262932
48201343700,0.125172
48201350101,0.03379
48201350102,0.015933
48201350103,0.004932
48201350104,0.037188
48201350201,0.010903
48201350202,0.046629
48201350300,0.018068
48201350400,0.006619
48201350500,0.010906
48201350601,0.010309
48201350603,0.005047
48201350604,0.010786
48201350700,0.006943
48201350801,0.010996
48201350803,0.011145
48201350804,0.006728
48201410101,0.016281
48201410102,0.056239
48201410201,0.067571
48201410202,0.033159
48201410300,0.03396
48201410401,0.191095
48201410402,0.035868
48201410501,0.093256
48201410502,0.104422
48201410601,0.03831
48201410602,0.020619
48201410703,0.013094
48201410704,0.077073
48201410705,0.022594
48201410706,0.005745
48201410801,0.032538
48201410802,0.012875
48201410900,0.174921
48201411001,0.100576
48201411002,0.044663
48201411003,0.024627
48201411100,0.032364
48201411200,0.126412
48201411301,0.077805
48201411302,0.137402
48201411400,0.018201
48201411503,0.024608
48201411504,0.06239
48201411505,0.020488
48201411506,0.065146
48201411507,0.075902
48201411600,0.023952
48201411700,0.021376
48201411801,0.031383
48201411802,0.025484
48201411901,0.116115
48201411902,0.029333
48201412000,0.048721
48201412201,0.011096
48201412202,0.013373
48201412300,0.082935
48201412400,0.004652
48201412500,0.033256
48201412600,0.045149
48201412700,0.007539
48201412800,0.024716
48201412901,0.109871
48201412902,0.021331
48201413000,0.006761
48201413100,0.035172
48201413203,0.013398
48201413204,0.107562
48201413205,0.059635
48201413206,0.040988
48201413301,0.010593
48201413302,0.005548
48201420100,0.009111
48201420200,0.005286
48201420300,0.004386
48201420400,0.033652
48201420500,0.025054
48201420600,0.055131
48201420700,0.005269
48201420800,0.007315
48201420900,0.00744
48201421000,0.081705
48201421101,0.012512
48201421103,0.004006
48201421104,0.032968
48201421203,0.036637
48201421204,0.012813
48201421205,0.029519
48201421206,0.003184
48201421301,0.000671
48201421302,0.011574
48201421401,0.030291
48201421402,0.008405
48201421403,0.025282
48201421501,0.009025
48201421502,0.007211
48201421601,0.011175
48201421602,0.070304
48201421700,0.006799
48201421801,0.028368
48201421802,0.021942
48201421900,0.017179
48201422000,0.005081
48201422100,0.096441
48201422200,0.008601
48201422302,0.020153
48201422303,0.019793
48201422304,0.03087
48201422403,0.011027
48201422404,0.014662
48201422405,0.020719
48201422406,0.006677
48201422501,0.010477
48201422502,0.007864
48201422601,0.01146
48201422602,0.007262
48201422701,0.005751
48201422702,0.006823
48201422800,0.008028
48201422900,0.015178
48201423001,0.01861
48201423002,0.032947
48201423100,0.048928
48201423201,0.023141
48201423203,0.007043
48201423204,0.030457
48201423301,0.019162
48201423303,0.007229
48201423304,0.007569
48201423401,0.02232
48201423402,0.006689
48201423500,0.035538
48201423600,0.022259
48201430101,0.020789
48201430102,0.01688
48201430200,0.013709
48201430300,0.017244
48201430400,0.008185
48201430500,0.126062
48201430600,0.005169
48201430700,0.09167
48201430800,0.050638
48201430900,0.048914
48201431001,0.009796
48201431002,0.018438
48201431101,0.054801
48201431102,0.022901
48201431203,0.02314
48201431204,0.025012
48201431205,0.017543
48201431206,0.0303
48201431302,0.013445
48201431303,0.010986
48201431304,0.050944
48201431401,0.013838
48201431403,0.055457
48201431404,0.015884
48201431503,0.04541
48201431504,0.016747
48201431505,0.060849
48201431506,0.012036
48201431600,0.016415
48201431701,0.029839
48201431702,0.048649
48201431801,0.014458
48201431803,0.00655
48201431804,0.069317
48201431901,0.020873
48201431902,0.026363
48201432003,0.015651
48201432004,0.010467
48201432005,0.14416
48201432006,0.002903
48201432101,0.064453
48201432102,0.068197
48201432200,0.009981
48201432301,0.054401
48201432302,0.028955
48201432303,0.043276
48201432401,0.004796
48201432402,0.011015
48201432501,0.005896
48201432502,0.011788
48201432600,0.007307
48201432703,0.017382
48201432704,0.010753
48201432705,0.008703
48201432706,0.004517
48201432803,0.006943
48201432804,0.01712
48201432805,0.018664
48201432806,0.087847
48201432901,0.054431
48201432903,0.026811
48201432904,0.038555
48201433003,0.026824
48201433004,0.019636
48201433005,0.024325
48201433006,0.010506
48201433007,0.004603
48201433100,0.062895
48201433201,0.023692
48201433202,0.010684
48201433300,0.007147
48201433400,0.011579
48201433503,0.048806
48201433504,0.030078
48201433505,0.022608
48201433506,0.019142
48201433507,0.036566
48201433601,0.020834
48201433602,0.007556
48201440101,0.006204
48201440102,0.021125
48201450100,0.026701
48201450200,0.032861
48201450301,0.006075
48201450302,0.030897
48201450401,0.049528
48201450402,0.038708
48201450500,0.039611
48201450600,0.016307
48201450700,0.0216
48201450801,0.018827
48201450803,0.026102
48201450804,0.070765
48201450900,0.061667
48201451003,0.018194
48201451004,0.02925
48201451005,0.015756
48201451006,0.05314
48201451100,0.018055
48201451200,0.01174
48201451301,0.005625
48201451302,0.007217
48201451401,0.009819
48201451404,0.03319
48201451405,0.018876
48201451406,0.009736
48201451407,0.018306
48201451501,0.032201
48201451502,0.198408
48201451603,0.004412
48201451604,0.066664
48201451605,0.011768
48201451606,0.03622
48201451700,0.052994
48201451800,0.012327
48201451902,0.007087
48201451903,0.061528
48201451904,0.008208
48201452001,0.014033
48201452002,0.017839
48201452101,0.009103
48201452102,0.018198
48201452103,0.020311
48201452202,0.025498
48201452203,0.034474
48201452204,0.051559
48201452300,0.055891
48201452401,0.031725
48201452402,0.008718
48201452501,0.007961
48201452502,0.04115
48201452601,0.01576
48201452602,0.006473
48201452701,0.005932
48201452702,0.002486
48201452703,0.033671
48201452801,0.037735
48201452802,0.031046
48201452900,0.051158
48201453001,0.046342
48201453002,0.023517
48201453100,0.014221
48201453201,0.012566
48201453202,0.007665
48201453300,0.011912
48201453401,0.025707
48201453403,0.005779
48201453404,0.019438
48201453405,0.006498
48201453501,0.016401
48201453502,0.003897
48201453601,0.048755
48201453603,0.055177
48201453604,0.007193
48201453701,0.008261
48201453702,0.012696
48201453800,0.037773
48201453901,0.005797
48201453902,0.030734
48201454000,0.010555
48201454100,0.006757
48201454200,0.018418
48201454302,0.006119
48201454303,0.023037
48201454304,0.009513
48201454305,0.00966
48201454400,0.105642
48201454502,0.004956
48201454503,0.023309
48201454504,0.007566
48201454505,0.068164
48201454600,0.017393
48201454700,0.162028
48201454801,0.063059
48201454802,0.015022
48201454901,0.018266
48201454902,0.007574
48201455000,0.01712
48201455102,0.010504
48201455103,0.248139
48201455104,0.029228
48201455200,0.039994
48201455300,0.054774
48201510100,0.060981
48201510201,0.04535
48201510202,0.013347
48201510301,0.046381
48201510302,0.020826
48201510400,0.018704
48201510500,0.014681
48201510601,0.074723
48201510602,0.046446
48201510701,0.014456
48201510702,0.026633
48201510801,0.105719
48201510802,0.016257
48201510803,0.079206
48201510901,0.008545
48201510902,0.070239
48201511001,0.015679
48201511003,0.007498
48201511004,0.011061
48201511100,0.017251
48201511201,0.036305
48201511202,0.011563
48201511301,0.02212
48201511302,0.130458
48201511400,0.052221
48201511501,0.015811
48201511502,0.010651
48201511600,0.016658
48201520100,0.010023
48201520200,0.009801
48201520301,0.007097
48201520302,0.006104
48201520400,0.028564
48201520501,0.010503
48201520502,0.007218
48201520601,0.007385
48201520603,0.028922
48201520604,0.009097
48201520700,0.018977
48201521000,0.054582
48201521100,0.008772
48201521201,0.022748
48201521202,0.023193
48201521300,0.008194
48201521401,0.032544
48201521402,0.01762
48201521501,0.031619
48201521502,0.0503
48201521600,0.268588
48201521701,0.045308
48201521702,0.076748
48201521800,0.009952
48201521900,0.006444
48201522001,0.020671
48201522002,0.006217
48201522101,0.004402
48201522102,0.008105
48201522201,0.006664
48201522202,0.011673
48201522301,0.064542
48201522302,0.01186
48201522401,0.008909
48201522402,0.021356
48201522500,0.018135
48201530101,0.036449
48201530102,0.019683
48201530200,0.015491
48201530300,0.007426
48201530400,0.037232
48201530501,0.05285
48201530502,0.002966
48201530600,0.006914
48201530701,0.085473
48201530702,0.022557
48201530800,0.007635
48201530900,0.011198
48201531000,0.008586
48201531100,0.008127
48201531200,0.002067
48201531300,0.005875
48201531400,0.008366
48201531500,0.017218
48201531600,0.005734
48201531700,0.064239
48201531800,0.04069
48201531900,0.017704
48201532003,0.006552
48201532004,0.01574
48201532101,0.013939
48201532102,0.039826
48201532200,0.015272
48201532301,0.039472
48201532302,0.012705
48201532400,0.015866
48201532502,0.019122
48201532503,0.038045
48201532504,0.039043
48201532600,0.021244
48201532700,0.042937
48201532800,0.005477
48201532900,0.048749
48201533000,0.001299
48201533100,0.005894
48201533200,0.002393
48201533301,0.010792
48201533302,0.03626
48201533401,0.021911
48201533402,0.005462
48201533500,0.016703
48201533600,0.018628
48201533701,0.013524
48201533702,0.01334
48201533802,0.009883
48201533803,0.343372
48201533804,0.039511
48201533902,0.024222
48201533903,0.005654
48201533904,0.055406
48201534001,0.068511
48201534002,0.007172
48201534003,0.042876
48201534101,0.012676
48201534102,0.019639
48201534201,0.050333
48201534203,0.013314
48201534204,0.033304
48201534205,0.007203
48201540101,0.021493
48201540102,0.019744
48201540200,0.060748
48201540502,0.016648
48201540503,0.14123
48201540504,0.092828
48201540601,0.019059
48201540602,0.010078
48201540700,0.087325
48201540800,0.011963
48201540901,0.014055
48201540903,0.047934
48201540904,0.140032
48201541004,0.076007
48201541005,0.015888
48201541006,0.015455
48201541007,0.015784
48201541008,0.050239
48201541009,0.024922
48201541100,0.005121
48201541203,0.021965
48201541204,0.055429
48201541205,0.027914
48201541206,0.008849
48201541207,0.049781
48201541301,0.013638
48201541302,0.015164
48201541401,0.071406
48201541402,0.033028
48201541403,0.019917
48201541404,0.013137
48201541500,0.00992
48201541603,0.011782
48201541604,0.02002
48201541701,0.078697
48201541702,0.017139
48201541703,0.134463
48201541801,0.059504
48201541802,0.058009
48201541901,0.003817
48201541902,0.025987
48201542001,0.047747
48201542002,0.007863
48201542003,0.039923
48201542004,0.005025
48201542103,0.017924
48201542104,0.025661
48201542105,0.017616
48201542106,0.006691
48201542107,0.046956
48201542108,0.05047
48201542201,0.012123
48201542202,0.04034
48201542203,0.025586
48201542302,0.007578
48201542303,0.005518
48201542304,0.010049
48201542305,0.003719
48201542401,0.075436
48201542402,0.010069
48201542500,0.066066
48201542600,0.013904
48201542700,0.012907
48201542800,0.008648
48201542901,0.012192
48201542902,0.013523
48201543004,0.014962
48201543005,0.012174
48201543006,0.00862
48201543007,0.021666
48201543008,0.041973
48201543009,0.041017
48201543010,0.056714
48201543011,0.006983
48201543100,0.067873
48201543201,0.009547
48201543202,0.04096
48201550101,0.015211
48201550102,0.02709
48201550201,0.013573
48201550202,0.007587
48201550303,0.004613
48201550304,0.039571
48201550305,0.014108
48201550306,0.032389
48201550307,0.007585
48201550308,0.003506
48201550403,0.073981
48201550404,0.446053
48201550405,0.012007
48201550406,0.01677
48201550407,0.022182
48201550500,0.003952
48201550601,0.00489
48201550602,0.036645
48201550603,0.05975
48201550700,0.059459
48201550800,0.021904
48201550901,0.007506
48201550902,0.004794
48201551000,0.423308
48201551101,0.021757
48201551102,0.050377
48201551201,0.009586
48201551202,0.156551
48201551300,0.006708
48201551400,0.120244
48201551501,0.005456
48201551502,0.031008
48201551601,0.061133
48201551602,0.020692
48201551702,0.02939
48201551703,0.047454
48201551704,0.017299
48201551705,0.078265
48201551800,0.016002
48201551901,0.011235
48201551902,0.026958
48201552002,0.014359
48201552003,0.035641
48201552004,0.087067
48201552101,0.041299
48201552102,0.01543
48201552103,0.041761
48201552200,0.012122
48201552301,0.012171
48201552303,0.027682
48201552304,0.020689
48201552401,0.033741
48201552402,0.011615
48201552501,0.047938
48201552502,0.016263
48201552602,0.065371
48201552603,0.037217
48201552604,0.065428
48201552701,0.042459
48201552702,0.008751
48201552801,0.162398
48201552802,0.069992
48201552901,0.026867
48201552902,0.012352
48201553001,0.01426
48201553002,0.008526
48201553101,0.032308
48201553102,0.003272
48201553201,0.013596
48201553202,0.040577
48201553300,0.038815
48201553401,0.004814
48201553403,0.01038
48201553404,0.006373
48201553405,0.017849
48201553500,0.189041
48201553601,0.022088
48201553602,0.00603
48201553700,0.019961
48201553801,0.0053
48201553803,0.010148
48201553804,0.005118
48201553901,0.010458
48201554001,0.006088
48201554002,0.008843
48201554103,0.008814
48201554104,0.045519
48201554201,0.07348
48201554202,0.012534
48201554301,0.005585
48201554302,0.106632
48201554404,0.101484
48201554405,0.041584
48201554406,0.004654
48201554407,0.00867
48201554408,0.089039
48201554409,0.140256
48201554410,0.057337
48201554501,0.013855
48201554502,0.009735
48201554600,0.036343
48201554701,0.038223
48201554702,0.013816
48201554803,0.01199
48201554804,0.008544
48201554805,0.00778
48201554806,0.027948
48201554807,0.055079
48201554808,0.066312
48201554809,0.021128
48201554902,0.044044
48201554904,0.063059
48201554905,0.015434
48201554906,0.012909
48201554907,0.013351
48201554908,0.02408
48201555001,0.010063
48201555002,0.005118
48201555101,0.032792
48201555102,0.024857
48201555200,0.011612
48201555301,0.027516
48201555303,0.017578
48201555304,0.012285
48201555305,0.008135
48201555401,0.019206
48201555403,0.040226
48201555404,0.020949
48201555501,0.064295
48201555503,0.02047
48201555504,0.005507
48201555505,0.021206
48201555600,0.090588
48201555701,0.048694
48201555703,0.01714
48201555704,0.010902
48201556000,0.085829
48201556100,0.062008
48201980000,0.225472
48201980100,0.232572
48201980200,0.110169
48201980300,0.092113
48201980400,0.139767
48201980700,0.074983
48207950300,0.068316
48207950400,0.04567
48209010100,0.08783
48209010200,0.08042
48209010302,0.110873
48209010305,0.085168
48209010306,0.058764
48209010307,0.088864
48209010308,0.148983
48209010309,0.096444
48209010401,0.017582
48209010402,0.010041
48209010500,0.038458
48209010601,0.010254
48209010602,0.177184
48209010603,0.069447
48209010702,0.050009
48209010703,0.179852
48209010704,0.213465
48209010806,0.057971
48209010807,0.032683
48209010809,0.215828
48209010810,0.091636
48209010811,0.030949
48209010812,0.175521
48209010813,0.008699
48209010814,0.022273
48209010815,0.283588
48209010816,0.254018
48209010817,0.248949
48209010818,0.047311
48209010905,0.036062
48209010909,0.032213
48209010911,0.021688
48209010912,0.027583
48209010913,0.020934
48209010914,0.017408
48209010915,0.008433
48209010916,0.016111
48209010917,0.051905
48209010918,0.012658
48209010919,0.013426
48209010920,0.065169
48209010921,0.021418
48209010922,0.016757
48209010923,0.010955
48209010924,0.011591
48209010925,0.01954
48213950101,0.025451
48213950102,0.00694
48213950201,0.007836
48213950202,0.088874
48213950301,0.139996
48213950302,0.224401
48213950303,0.132534
48213950400,0.243708
48213950500,0.065893
48213950601,0.177232
48213950603,0.173777
48213950604,0.305159
48213950700,0.145781
48213950801,0.244812
48213950802,0.154265
48213950902,0.068381
48213950903,0.238471
48213950904,0.131504
48213950905,0.177095
48213951000,0.109431
48213951101,0.019404
48213951102,0.062705
48213951201,0.14991
48213951202,0.22123
48213951300,0.143113
48213951401,0.069039
48213951402,0.057295
48213951403,0.007813
48215020103,0.092625
48215020104,0.095211
48215020105,0.099087
48215020106,0.056602
48215020107,0.319705
48215020108,0.006811
48215020205,0.20961
48215020206,0.085558
48215020207,0.042985
48215020208,0.195116
48215020209,0.13849
48215020210,0.119416
48215020211,0.339567
48215020303,0.004799
48215020304,0.134794
48215020305,0.052001
48215020306,0.174727
48215020307,0.220596
48215020403,0.166599
48215020405,0.028263
48215020406,0.004381
48215020407,0.095561
48215020408,0.149825
48215020409,0.058852
48215020505,0.273646
48215020506,0.087091
48215020507,0.054578
48215020508,0.321002
48215020509,0.005615
48215020510,0.12819
48215020511,0.04251
48215020512,0.028941
48215020513,0.139016
48215020600,0.077124
48215020724,0.07808
48215020725,0.011383
48215020727,0.004879
48215020728,0.013325
48215020729,0.085125
48215020730,0.192112
48215020731,0.008758
48215020732,0.029189
48215020733,0.010129
48215020734,0.014058
48215020735,0.00459
48215020736,0.00983
48215020804,0.023611
48215020805,0.098051
48215020806,0.129953
48215020807,0.014735
48215020808,0.019027
48215020905,0.026233
48215020906,0.087234
48215020907,0.028503
48215020908,0.04779
48215020909,0.102929
48215020910,0.021087
48215021001,0.056235
48215021002,0.093774
48215021003,0.133376
48215021100,0.086123
48215021201,0.077663
48215021203,0.073183
48215021204,0.028558
48215021306,0.045428
48215021307,0.02292
48215021308,0.097367
48215021309,0.224923
48215021310,0.249965
48215021311,0.031342
48215021312,0.16144
48215021313,0.025737
48215021314,0.046834
48215021315,0.140429
48215021401,0.166194
48215021405,0.09382
48215021406,0.004099
48215021407,0.071522
48215021408,0.081034
48215021409,0.163825
48215021500,0.093348
48215021600,0.028214
48215021703,0.023371
48215021704,0.038695
48215021705,0.048649
48215021706,0.024691
48215021707,0.03458
48215021803,0.063637
48215021804,0.043101
48215021807,0.049024
48215021808,0.219256
48215021809,0.061042
48215021810,0.042093
48215021903,0.141953
48215021904,0.077226
48215021905,0.058488
48215021906,0.061633
48215022005,0.075384
48215022006,0.006805
48215022007,0.006917
48215022008,0.041766
48215022009,0.018812
48215022010,0.093559
48215022011,0.028868
48215022105,0.315788
48215022107,0.159171
48215022108,0.074206
48215022109,0.046345
48215022110,0.005588
48215022111,0.026717
48215022112,0.037272
48215022113,0.118715
48215022203,0.150142
48215022204,0.037792
48215022205,0.063776
48215022206,0.028691
48215022301,0.334979
48215022302,0.036784
48215022401,0.057224
48215022402,0.010886
48215022502,0.030466
48215022503,0.026957
48215022504,0.008979
48215022600,0.006345
48215022703,0.116739
48215022704,0.06532
48215022705,0.014852
48215022706,0.027386
48215022801,0.132927
48215022802,0.05961
48215022900,0.072555
48215023000,0.036541
48215023103,0.137559
48215023104,0.043957
48215023105,0.091292
48215023106,0.0236
48215023516,0.065032
48215023517,0.049575
48215023518,0.043576
48215023519,0.0032
48215023520,0.040148
48215023521,0.00888
48215023522,0.030797
48215023523,0.048665
48215023524,0.015546
48215023525,0.038577
48215023526,0.09666
48215023527,0.006676
48215023528,0.073023
48215023529,0.006746
48215023530,0.02418
48215023531,0.011667
48215023532,0.007322
48215023533,0.006869
48215023534,0.019992
48215023535,0.008313
48215023536,0.058473
48215023601,0.077132
48215023602,0.035652
48215023700,0.158271
48215023803,0.021503
48215023804,0.188985
48215023805,0.017225
48215023806,0.092499
48215023903,0.275989
48215023905,0.005967
48215023906,0.010109
48215023907,0.072704
48215023908,0.018735
48215024001,0.131241
48215024002,0.054952
48215024003,0.204349
48215024004,0.03304
48215024107,0.085817
48215024108,0.008277
48215024109,0.036285
48215024115,0.021647
48215024116,0.015947
48215024117,0.124226
48215024118,0.090777
48215024119,0.226016
48215024120,0.048544
48215024121,0.041458
48215024122,0.011407
48215024123,0.007926
48215024124,0.017103
48215024125,0.209506
48215024126,0.078529
48215024127,0.009504
48215024128,0.021204
48215024129,0.075591
48215024130,0.041916
48215024131,0.014404
48215024132,0.028022
48215024204,0.223881
48215024206,0.132506
48215024207,0.078752
48215024208,0.062621
48215024209,0.155091
48215024210,0.264237
48215024211,0.056067
48215024212,0.015299
48215024301,0.086059
48215024302,0.009688
48215024403,0.025453
48215024404,0.022135
48215024405,0.111708
48215024406,0.060924
48215024501,0.003316
48215024502,0.093419
48215024600,0.040639
48215980000,0.091154
48217960100,0.039021
48217960200,0.07129
48217960400,0.042643
48217960501,0.011704
48217960502,0.014901
48217960600,0.059182
48217960700,0.10834
48217960800,0.113267
48217960900,0.125918
48217961000,0.156362
48217961100,0.124692
48217961400,0.018557
48221160100,0.090199
48221160204,0.056838
48221160206,0.182616
48221160210,0.063967
48221160211,0.169821
48221160212,0.148124
48221160213,0.076243
48221160214,0.066458
48221160215,0.250777
48221160216,0.061812
48221160217,0.167434
48221160218,0.278616
48221160302,0.02454
48221160303,0.033822
48223950100,0.058469
48223950200,0.11167
48223950301,0.044562
48223950302,0.17616
48223950401,0.07143
48223950402,0.103139
48223950500,0.137265
48223950600,0.090596
48223950700,0.012247
48223950800,0.032488
48225950101,0.232558
48225950102,0.104127
48225950200,0.213391
48225950300,0.205035
48225950400,0.21505
48225950500,0.069436
48225950600,0.165576
48225950700,0.090927
48227950100,0.090333
48227950200,0.024332
48227950300,0.02687
48227950400,0.0682
48227950500,0.138932
48227950600,0.019637
48227950700,0.01265
48227950801,0.070103
48227950802,0.087968
48227950900,0.042474
48231960100,0.048204
48231960200,0.020375
48231960300,0.006749
48231960400,0.126353
48231960500,0.076177
48231960600,0.161609
48231960700,0.051289
48231960800,0.151164
48231960900,0.211912
48231961000,0.136801
48231961101,0.142191
48231961102,0.138802
48231961200,0.077179
48231961300,0.082765
48231961401,0.138452
48231961402,0.06615
48231961501,0.091596
48231961502,0.113868
48231961503,0.125877
48231961600,0.128447
48231961700,0.017834
48235950100,0.140686
48237950100,0.150317
48237950300,0.235324
48237950500,0.130028
48239950100,0.021062
48239950200,0.078507
48239950300,0.013086
48247950200,0.097634
48247950400,0.026096
48249950101,0.134185
48249950102,0.017312
48249950201,0.099091
48249950202,0.178886
48249950301,0.028037
48249950302,0.085214
48249950303,0.211467
48249950400,0.015622
48249950500,0.099973
48249950600,0.045247
48249950700,0.123945
48251130100,0.087118
48251130205,0.035332
48251130210,0.006892
48251130211,0.027522
48251130212,0.070803
48251130213,0.049181
48251130214,0.136111
48251130215,0.036134
48251130216,0.006449
48251130217,0.00961
48251130218,0.126635
48251130219,0.006724
48251130220,0.01362
48251130221,0.015815
48251130222,0.009456
48251130302,0.05228
48251130303,0.134682
48251130304,0.07522
48251130405,0.010435
48251130406,0.028851
48251130411,0.044606
48251130412,0.074785
48251130413,0.155553
48251130414,0.081241
48251130415,0.130117
48251130416,0.009405
48251130417,0.059354
48251130418,0.018165
48251130419,0.035046
48251130501,0.024647
48251130502,0.011972
48251130602,0.029912
48251130603,0.195124
48251130604,0.080447
48251130700,0.008928
48251130800,0.099578
48251130900,0.030183
48251131000,0.004312
48251131100,0.152823
48253020101,0.239477
48253020102,0.046761
48253020200,0.160586
48253020300,0.028657
48253020400,0.011561
48253020500,0.024265
48255970100,0.120772
48255970200,0.029003
48255970301,0.149001
48255970302,0.152141
48255970400,0.049931
48257050204,0.00784
48257050207,0.006836
48257050208,0.017052
48257050209,0.003789
48257050210,0.017279
48257050211,0.007144
48257050212,0.016844
48257050213,0.008533
48257050214,0.002358
48257050215,0.009014
48257050300,0.195293
48257050401,0.110843
48257050402,0.018987
48257050500,0.091608
48257050601,0.040726
48257050602,0.071278
48257050701,0.030264
48257050703,0.054539
48257050704,0.101589
48257050801,0.030235
48257050802,0.020738
48257051000,0.169806
48257051100,0.075415
48257051201,0.04473
48257051202,0.039452
48257051301,0.091405
48257051302,0.026393
48259970101,0.191929
48259970102,0.012989
48259970301,0.133982
48259970302,0.244896
48259970403,0.112812
48259970404,0.018714
48259970405,0.067938
48259970406,0.080761
48259970500,0.124815
48261950100,0.071317
48263950100,0.118425
48265960101,0.075191
48265960102,0.08913
48265960200,0.012761
48265960301,0.102292
48265960303,0.22043
48265960304,0.04107
48265960401,0.236267
48265960403,0.235436
48265960404,0.211032
48265960500,0.051463
48265960601,0.170222
48265960602,0.210484
48265960700,0.189666
48265960800,0.051608
48267950100,0.058483
48267950200,0.179336
48269950100,0.16801
48271950100,0.015075
48273020101,0.031143
48273020102,0.032063
48273020200,0.042071
48273020301,0.019697
48273020302,0.150029
48273020401,0.051298
48273020402,0.217207
48273020501,0.020479
48273020502,0.057825
48275950100,0.082928
48275950200,0.033506
48277000101,0.123949
48277000102,0.081453
48277000200,0.016644
48277000301,0.049388
48277000302,0.024913
48277000401,0.168407
48277000402,0.252242
48277000500,0.154734
48277000600,0.147124
48277000700,0.081291
48277000800,0.113687
48277000900,0.108463
48277001000,0.073885
48281950100,0.037269
48281950302,0.147635
48281950303,0.112146
48281950304,0.068054
48281950400,0.170816
48281950500,0.122428
48283950301,0.073324
48283950302,0.141918
48285000100,0.036599
48285000200,0.076518
48285000300,0.027523
48285000400,0.12509
48285000500,0.093785
48285000600,0.158458
48287000100,0.012229
48287000200,0.032467
48287000300,0.037909
48287000400,0.052841
48289950101,0.073395
48289950102,0.051205
48289950201,0.034779
48289950202,0.01616
48289950301,0.078422
48289950302,0.152551
48291700100,0.033494
48291700200,0.194084
48291700301,0.032991
48291700302,0.020194
48291700303,0.13663
48291700400,0.125383
48291700500,0.058235
48291700900,0.033871
48291701000,0.091789
48293970100,0.118796
48293970200,0.026463
48293970300,0.185665
48293970400,0.046195
48293970500,0.163211
48293970600,0.077002
48293970700,0.018987
48293970800,0.037777
48297950100,0.121511
48297950200,0.067068
48297950300,0.100131
48297950400,0.118569
48299970100,0.195904
48299970200,0.114474
48299970300,0.127499
48299970401,0.23276
48299970402,0.046253
48299970501,0.024495
48299970502,0.07456
48299970600,0.075807
48303000100,0.010248
48303000201,0.008887
48303000202,0.038984
48303000301,0.006357
48303000303,0.023109
48303000304,0.050857
48303000402,0.047861
48303000403,0.0157
48303000406,0.025828
48303000407,0.090137
48303000408,0.01283
48303000409,0.010335
48303000410,0.024829
48303000411,0.010952
48303000501,0.021335
48303000502,0.102582
48303000503,0.154922
48303000603,0.032565
48303000605,0.026176
48303000607,0.134302
48303000700,0.053453
48303000901,0.036804
48303000902,0.048695
48303001000,0.044044
48303001200,0.007383
48303001300,0.088604
48303001401,0.114539
48303001402,0.122708
48303001501,0.170656
48303001502,0.015666
48303001601,0.063448
48303001602,0.03098
48303001708,0.047661
48303001709,0.004575
48303001710,0.042049
48303001711,0.006799
48303001712,0.013297
48303001713,0.005075
48303001714,0.011648
48303001715,0.048125
48303001716,0.009864
48303001717,0.00561
48303001804,0.058588
48303001805,0.046817
48303001806,0.015282
48303001807,0.021919
48303001808,0.016312
48303001904,0.009384
48303001905,0.037552
48303001906,0.019211
48303001907,0.019372
48303001908,0.00614
48303002001,0.004313
48303002002,0.007614
48303002102,0.019124
48303002103,0.007812
48303002104,0.004476
48303002203,0.005832
48303002205,0.026693
48303002206,0.01069
48303002207,0.311982
48303002208,0.021898
48303002301,0.00501
48303002302,0.137854
48303002401,0.058527
48303002402,0.022602
48303002500,0.043722
48303010101,0.077718
48303010102,0.188223
48303010201,0.075964
48303010202,0.073602
48303010203,0.049334
48303010204,0.025979
48303010301,0.034055
48303010302,0.13438
48303010402,0.093556
48303010404,0.052998
48303010409,0.020035
48303010410,0.037207
48303010411,0.015353
48303010412,0.18873
48303010413,0.035967
48303010414,0.007969
48303010415,0.040133
48303010416,0.023316
48303010417,0.009546
48303010418,0.071109
48303010419,0.037577
48303010420,0.069542
48303010421,0.018153
48303010422,0.047852
48303010423,0.033295
48303010502,0.047469
48303010504,0.0173
48303010505,0.016624
48303010506,0.05894
48303010509,0.038853
48303010510,0.03995
48303010511,0.016395
48303010512,0.015204
48303010513,0.090394
48303010514,0.010371
48303010601,0.074955
48303010602,0.275821
48303010700,0.103808
48303980000,0.139014
48305950400,0.066996
48305950500,0.069966
48305950600,0.049369
48307950300,0.138464
48307950400,0.127111
48307950500,0.153332
48309000100,0.062523
48309000200,0.0521
48309000300,0.032437
48309000401,0.094536
48309000402,0.047888
48309000598,0.04735
48309000700,0.01292
48309000800,0.030528
48309000900,0.042402
48309001000,0.008341
48309001100,0.008666
48309001200,0.044977
48309001300,0.018453
48309001401,0.009505
48309001402,0.009841
48309001500,0.014007
48309001600,0.055983
48309001700,0.083974
48309001800,0.115955
48309001900,0.093684
48309002000,0.074009
48309002100,0.079544
48309002302,0.071949
48309002498,0.05576
48309002501,0.046858
48309002503,0.039191
48309002504,0.027584
48309002600,0.008605
48309002700,0.004862
48309002800,0.007196
48309002900,0.018204
48309003000,0.005815
48309003200,0.133471
48309003300,0.038978
48309003401,0.107548
48309003402,0.141833
48309003500,0.060683
48309003601,0.004177
48309003602,0.125618
48309003701,0.199431
48309003703,0.113043
48309003708,0.008028
48309003709,0.039271
48309003710,0.020529
48309003711,0.006937
48309003712,0.022
48309003801,0.025634
48309003802,0.015418
48309003901,0.133773
48309003902,0.107662
48309004000,0.017898
48309004102,0.009985
48309004104,0.0118
48309004105,0.012862
48309004201,0.058105
48309004202,0.163422
48309004300,0.036329
48309980000,0.040732
48311950100,0.05309
48313000100,0.048322
48313000200,0.172037
48313000300,0.144817
48313000400,0.129869
48317950100,0.068574
48317950200,0.07408
48319950100,0.095966
48319950200,0.093173
48321730100,0.207814
48321730202,0.027774
48321730203,0.084858
48321730204,0.274425
48321730301,0.218723
48321730302,0.303621
48321730303,0.020683
48321730400,0.096331
48321730502,0.033408
48321730503,0.186142
48321730600,0.034732
48321730700,0.026556
48323950204,0.036141
48323950206,0.023733
48323950207,0.022591
48323950208,0.252421
48323950209,0.014838
48323950301,0.074233
48323950302,0.066252
48323950400,0.151407
48323950500,0.048339
48323950601,0.054665
48323950602,0.004177
48323950701,0.036042
48323950702,0.075807
48325000101,0.035922
48325000103,0.095924
48325000104,0.167042
48325000200,0.021597
48325000301,0.108995
48325000302,0.041986
48325000401,0.110781
48325000402,0.021364
48325000500,0.037063
48325000801,0.07639
48325000802,0.151897
48327950300,0.085992
48329010123,0.057558
48329010124,0.076192
48329010128,0.049406
48329010129,0.021559
48331950100,0.019352
48331950300,0.128825
48331950401,0.144538
48331950402,0.163665
48331950500,0.15089
48331950700,0.079655
48331950800,0.042163
48333950100,0.015968
48333950200,0.131877
48335950200,0.078414
48335950400,0.083938
48337950100,0.027465
48337950200,0.10381
48337950401,0.130411
48337950402,0.079056
48337950501,0.085597
48337950502,0.09809
48337950600,0.010191
48339690101,0.014427
48339690102,0.072555
48339690203,0.051921
48339690204,0.016883
48339690205,0.012973
48339690206,0.009968
48339690207,0.23228
48339690300,0.047168
48339690403,0.020578
48339690404,0.187556
48339690405,0.079121
48339690406,0.009962
48339690407,0.01248
48339690408,0.01473
48339690501,0.011673
48339690502,0.014364
48339690503,0.01048
48339690603,0.004358
48339690604,0.006642
48339690605,0.068425
48339690606,0.006823
48339690607,0.012847
48339690608,0.014019
48339690609,0.010515
48339690610,0.041897
48339690701,0.014969
48339690702,0.01784
48339690800,0.021939
48339690900,0.004632
48339691000,0.010195
48339691100,0.005415
48339691201,0.084914
48339691202,0.014426
48339691301,0.011384
48339691302,0.008368
48339691401,0.020029
48339691402,0.065328
48339691403,0.063539
48339691500,0.008788
48339691601,0.009628
48339691602,0.01939
48339691700,0.031812
48339691801,0.009977
48339691802,0.017549
48339691900,0.122348
48339692003,0.031494
48339692004,0.043758
48339692005,0.006
48339692006,0.021096
48339692007,0.020534
48339692008,0.034878
48339692009,0.007244
48339692010,0.048359
48339692101,0.02906
48339692102,0.124216
48339692103,0.042042
48339692201,0.011957
48339692202,0.00521
48339692301,0.157723
48339692302,0.009115
48339692303,0.039917
48339692304,0.00443
48339692401,0.042887
48339692402,0.032019
48339692501,0.049177
48339692502,0.015912
48339692601,0.01744
48339692603,0.012302
48339692604,0.034344
48339692605,0.043613
48339692701,0.005004
48339692702,0.055717
48339692802,0.02017
48339692803,0.05374
48339692804,0.013835
48339692900,0.049067
48339693001,0.119815
48339693002,0.04277
48339693102,0.056933
48339693103,0.150198
48339693104,0.035513
48339693201,0.010279
48339693202,0.02544
48339693301,0.112154
48339693302,0.007652
48339693303,0.058922
48339693304,0.067468
48339693401,0.03497
48339693402,0.03126
48339693501,0.073276
48339693502,0.239945
48339693503,0.045801
48339693600,0.04029
48339693701,0.060899
48339693702,0.011287
48339693703,0.05926
48339693800,0.052762
48339693901,0.092805
48339693902,0.193443
48339693903,0.268731
48339693904,0.02725
48339694001,0.01671
48339694002,0.092262
48339694103,0.011882
48339694104,0.02322
48339694105,0.082109
48339694106,0.082912
48339694107,0.103607
48339694203,0.045247
48339694204,0.01488
48339694205,0.218706
48339694206,0.060189
48339694207,0.032552
48339694208,0.010842
48339694209,0.010923
48339694210,0.027212
48339694303,0.004493
48339694304,0.008832
48339694305,0.024927
48339694306,0.065861
48339694307,0.088434
48339694308,0.06975
48339694309,0.046022
48339694401,0.009032
48339694402,0.034091
48339694403,0.092921
48339694501,0.011732
48339694502,0.021313
48339694503,0.011597
48339694601,0.015417
48339694602,0.015471
48339694603,0.062875
48339694700,0.054046
48347950200,0.091203
48349970100,0.097168
48349970200,0.054877
48349970301,0.036394
48349970302,0.125823
48349970400,0.012682
48349970500,0.005441
48349970600,0.079807
48349970701,0.067985
48349970800,0.079364
48349970901,0.039204
48349970902,0.136771
48349971000,0.089592
48353950100,0.121686
48353950200,0.146031
48353950300,0.092918
48353950400,0.100934
48353950500,0.022916
48355000500,0.151707
48355000601,0.206516
48355000602,0.025321
48355000700,0.010009
48355000800,0.016733
48355000900,0.00735
48355001000,0.032893
48355001100,0.07901
48355001201,0.017657
48355001202,0.007622
48355001300,0.009258
48355001400,0.012438
48355001500,0.018214
48355001601,0.007078
48355001602,0.007648
48355001702,0.091094
48355001703,0.006507
48355001704,0.003346
48355001801,0.011179
48355001802,0.023994
48355001903,0.012415
48355001904,0.008013
48355001905,0.083202
48355001906,0.189218
48355002001,0.053143
48355002002,0.009177
48355002101,0.007338
48355002102,0.009009
48355002200,0.00668
48355002301,0.008447
48355002303,0.013285
48355002304,0.014317
48355002400,0.022435
48355002500,0.015475
48355002601,0.058026
48355002602,0.005538
48355002603,0.006931
48355002703,0.101305
48355002705,0.006612
48355002706,0.160065
48355002707,0.016035
48355002708,0.075885
48355002900,0.31619
48355003002,0.010163
48355003003,0.091914
48355003004,0.019004
48355003101,0.004674
48355003102,0.010479
48355003202,0.012642
48355003204,0.039467
48355003205,0.032551
48355003206,0.025986
48355003303,0.045212
48355003304,0.047242
48355003305,0.01085
48355003306,0.013573
48355003401,0.011198
48355003402,0.016467
48355003500,0.062198
48355003601,0.014011
48355003602,0.010065
48355003603,0.017559
48355003700,0.021153
48355005103,0.126377
48355005104,0.090513
48355005404,0.005046
48355005406,0.020256
48355005407,0.0174
48355005408,0.02713
48355005409,0.022491
48355005410,0.010268
48355005411,0.055351
48355005412,0.005499
48355005413,0.034507
48355005414,0.006362
48355005415,0.016667
48355005416,0.028987
48355005417,0.007907
48355005603,0.017512
48355005604,0.168278
48355005605,0.14649
48355005606,0.212995
48355005801,0.064865
48355005803,0.062292
48355005804,0.045765
48355005900,0.013675
48355006000,0.04525
48355006100,0.060885
48355006201,0.005859
48355006202,0.03356
48355006203,0.062871
48355006204,0.006329
48355006205,0.129669
48355006300,0.136296
48355006400,0.061978
48355980000,0.100731
48363000100,0.103766
48363000200,0.11482
48363000300,0.068825
48363000401,0.120763
48363000402,0.078938
48363000500,0.331693
48363000600,0.111815
48363000700,0.066606
48363000800,0.145427
48363000900,0.298911
48367140101,0.067009
48367140102,0.025355
48367140201,0.141955
48367140202,0.052065
48367140300,0.040716
48367140403,0.024016
48367140408,0.06561
48367140409,0.097677
48367140410,0.061757
48367140411,0.101646
48367140412,0.210831
48367140413,0.026123
48367140414,0.01058
48367140415,0.015784
48367140416,0.038904
48367140502,0.097164
48367140503,0.01806
48367140504,0.04039
48367140601,0.072719
48367140603,0.092895
48367140604,0.101507
48367140707,0.082786
48367140708,0.130668
48367140709,0.089196
48367140710,0.208064
48367140711,0.077458
48367140712,0.063442
48367140713,0.0467
48367140714,0.042145
48371950100,0.029431
48373210203,0.0077
48373210204,0.06744
48373210205,0.25664
48373210206,0.158191
48373210301,0.06842
48373210302,0.031197
48373210402,0.017309
48379950101,0.012429
48379950102,0.10358
48379950200,0.145246
48383950100,0.089797
48385950100,0.056454
48387950100,0.022803
48387950501,0.130884
48387950502,0.110989
48387950600,0.01799
48387950700,0.005939
48391950200,0.085964
48391950400,0.114899
48395960100,0.076776
48395960200,0.019748
48395960300,0.052813
48395960400,0.073674
48395960501,0.195846
48395960502,0.097171
48397040101,0.040124
48397040103,0.155867
48397040104,0.074886
48397040201,0.031744
48397040202,0.099103
48397040203,0.014947
48397040301,0.109959
48397040303,0.101431
48397040304,0.040771
48397040305,0.03726
48397040403,0.169554
48397040404,0.149929
48397040405,0.109306
48397040406,0.293483
48397040407,0.143285
48397040408,0.086751
48397040409,0.035946
48397040410,0.099309
48397040411,0.058014
48397040412,0.051679
48397040503,0.038292
48397040507,0.010278
48397040508,0.049692
48397040509,0.084625
48397040510,0.116201
48397040511,0.016993
48397040512,0.024797
48397040513,0.063888
48397040514,0.025065
48399950100,0.065538
48399950200,0.183892
48399950500,0.044969
48399950600,0.07608
48401950200,0.047453
48401950300,0.153592
48401950400,0.079324
48401950501,0.06587
48401950502,0.222531
48401951000,0.066819
48401951100,0.094277
48407200103,0.068295
48407200104,0.037004
48407200105,0.050024
48407200106,0.00926
48407200107,0.106709
48407200201,0.081736
48407200202,0.295264
48407200301,0.033264
48407200302,0.011311
48409010201,0.118638
48409010202,0.073104
48409010301,0.048526
48409010302,0.089192
48409010500,0.010187
48409010601,0.070214
48409010602,0.006924
48409010603,0.049958
48409010604,0.138587
48409010700,0.057963
48409010800,0.084165
48409010900,0.085884
48409011000,0.116902
48409011100,0.191124
48409011200,0.042632
48409011300,0.043236
48411950100,0.102436
48411950200,0.058258
48413950300,0.016362
48415950100,0.222555
48415950200,0.057111
48415950300,0.052537
48415950600,0.087083
48417950300,0.109288
48423000100,0.193356
48423000201,0.083006
48423000202,0.08536
48423000300,0.082656
48423000400,0.182219
48423000500,0.022038
48423000600,0.142029
48423000700,0.143509
48423000800,0.124496
48423000900,0.118577
48423001000,0.015047
48423001101,0.078672
48423001102,0.175453
48423001200,0.258435
48423001300,0.161479
48423001404,0.037271
48423001405,0.0366
48423001406,0.037901
48423001407,0.100489
48423001408,0.066459
48423001501,0.074508
48423001502,0.012476
48423001602,0.144957
48423001605,0.172105
48423001606,0.193181
48423001607,0.153039
48423001608,0.167569
48423001701,0.108046
48423001702,0.038359
48423001803,0.128877
48423001804,0.05834
48423001805,0.259236
48423001806,0.151021
48423001807,0.12752
48423001906,0.032814
48423001909,0.028984
48423001910,0.012491
48423001911,0.029622
48423001912,0.253551
48423001913,0.223971
48423001914,0.07111
48423001915,0.012082
48423001916,0.012616
48423001917,0.088118
48423002003,0.106561
48423002004,0.038281
48423002006,0.035854
48423002009,0.07074
48423002010,0.008643
48423002011,0.025595
48423002012,0.047714
48423002013,0.086768
48423002101,0.071872
48423002102,0.067606
48423002200,0.015085
48423980000,0.123599
48425000101,0.054346
48425000102,0.069829
48425000200,0.100897
48427950101,0.172293
48427950104,0.012869
48427950105,0.130979
48427950106,0.229807
48427950107,0.218195
48427950108,0.013274
48427950202,0.095239
48427950203,0.214432
48427950204,0.15779
48427950402,0.212284
48427950403,0.326223
48427950404,0.280633
48427950500,0.158174
48427950601,0.239345
48427950602,0.217995
48427950701,0.135766
48427950702,0.195659
48429950200,0.126012
48429950300,0.137165
48429950500,0.100758
48431950100,0.146541
48433950300,0.050757
48435950300,0.036449
48439100101,0.030548
48439100102,0.043935
48439100201,0.003977
48439100202,0.113821
48439100300,0.035466
48439100401,0.12792
48439100402,0.114546
48439100503,0.102119
48439100504,0.140524
48439100505,0.005315
48439100506,0.003486
48439100601,0.033958
48439100602,0.139654
48439100700,0.111652
48439100800,0.074161
48439100900,0.068502
48439101201,0.021993
48439101202,0.024797
48439101301,0.006134
48439101302,0.042447
48439101401,0.013561
48439101402,0.024125
48439101403,0.034559
48439101500,0.08352
48439101700,0.017239
48439102000,0.04434
48439102101,0.080839
48439102102,0.015015
48439102201,0.027686
48439102202,0.00784
48439102301,0.038265
48439102302,0.167817
48439102401,0.017906
48439102402,0.087219
48439102500,0.003246
48439102601,0.03182
48439102602,0.025103
48439102700,0.009359
48439103500,0.011306
48439103601,0.005546
48439103602,0.03619
48439103701,0.007763
48439103702,0.010417
48439103800,0.049275
48439104100,0.165826
48439104202,0.005631
48439104203,0.003174
48439104204,0.016439
48439104301,0.012967
48439104302,0.010253
48439104400,0.007138
48439104502,0.017008
48439104503,0.010188
48439104504,0.012209
48439104505,0.017062
48439104601,0.006454
48439104602,0.006375
48439104603,0.02828
48439104604,0.006744
48439104605,0.01974
48439104701,0.007433
48439104702,0.110854
48439104802,0.004308
48439104803,0.01591
48439104804,0.008122
48439104900,0.006666
48439105007,0.020774
48439105008,0.023772
48439105009,0.019775
48439105201,0.012688
48439105203,0.151888
48439105204,0.039092
48439105206,0.06857
48439105207,0.024029
48439105403,0.016643
48439105404,0.006747
48439105405,0.022156
48439105407,0.185519
48439105408,0.006795
48439105502,0.004501
48439105503,0.008165
48439105505,0.009976
48439105511,0.014448
48439105512,0.015137
48439105513,0.031686
48439105514,0.057617
48439105515,0.006885
48439105516,0.017578
48439105517,0.02924
48439105518,0.01322
48439105519,0.006142
48439105520,0.03379
48439105600,0.011164
48439105701,0.013488
48439105703,0.015177
48439105705,0.009473
48439105706,0.009644
48439105800,0.015526
48439105901,0.01699
48439105902,0.003416
48439106002,0.055219
48439106004,0.00801
48439106005,0.015818
48439106006,0.002832
48439106101,0.037629
48439106102,0.116458
48439106201,0.023112
48439106202,0.003309
48439106300,0.002906
48439106400,0.068559
48439106502,0.010459
48439106503,0.010959
48439106507,0.00502
48439106509,0.012053
48439106512,0.007245
48439106513,0.079784
48439106514,0.008628
48439106515,0.003986
48439106518,0.009936
48439106519,0.014284
48439106520,0.05504
48439106521,0.002662
48439106522,0.007194
48439106523,0.02255
48439106524,0.027364
48439106525,0.007161
48439106526,0.012135
48439106600,0.02365
48439106700,0.028971
48439110102,0.055333
48439110103,0.021228
48439110104,0.070046
48439110202,0.070495
48439110204,0.009327
48439110205,0.003207
48439110206,0.030902
48439110301,0.024432
48439110302,0.055931
48439110401,0.016518
48439110402,0.055086
48439110500,0.20507
48439110600,0.15088
48439110703,0.018282
48439110704,0.030838
48439110705,0.010284
48439110706,0.009961
48439110805,0.09791
48439110806,0.005303
48439110807,0.029603
48439110808,0.069746
48439110809,0.080296
48439110901,0.066514
48439110903,0.039425
48439110905,0.045458
48439110906,0.082371
48439110907,0.0494
48439111003,0.010811
48439111010,0.033644
48439111015,0.028169
48439111018,0.030347
48439111019,0.008192
48439111020,0.008301
48439111021,0.014974
48439111022,0.004894
48439111023,0.005642
48439111024,0.004883
48439111025,0.022624
48439111026,0.012166
48439111027,0.019212
48439111028,0.005531
48439111029,0.01817
48439111030,0.009098
48439111031,0.039744
48439111032,0.001709
48439111033,0.005977
48439111102,0.041495
48439111103,0.18507
48439111104,0.136152
48439111202,0.082883
48439111203,0.01966
48439111204,0.008762
48439111304,0.006442
48439111306,0.007574
48439111307,0.057995
48439111308,0.008169
48439111309,0.017388
48439111311,0.009493
48439111312,0.025096
48439111314,0.021284
48439111315,0.009277
48439111316,0.006806
48439111317,0.016272
48439111318,0.010455
48439111319,0.010722
48439111320,0.009757
48439111402,0.008736
48439111405,0.142461
48439111406,0.010425
48439111407,0.007234
48439111408,0.025283
48439111409,0.009437
48439111410,0.031295
48439111411,0.037398
48439111505,0.055024
48439111506,0.018393
48439111513,0.007464
48439111514,0.019428
48439111516,0.04014
48439111522,0.006865
48439111525,0.022508
48439111526,0.088076
48439111529,0.019998
48439111530,0.009835
48439111531,0.02386
48439111532,0.008912
48439111533,0.021949
48439111534,0.007079
48439111536,0.048037
48439111538,0.045964
48439111540,0.005715
48439111541,0.007194
48439111542,0.009576
48439111543,0.00746
48439111544,0.0064
48439111545,0.019519
48439111546,0.014108
48439111551,0.010453
48439111552,0.012634
48439111553,0.027431
48439111554,0.009442
48439111555,0.008384
48439111556,0.040627
48439111557,0.003632
48439111558,0.005163
48439111559,0.10879
48439111560,0.008935
48439111561,0.004449
48439111562,0.110432
48439111563,0.029044
48439111564,0.05713
48439111565,0.013593
48439111566,0.017387
48439111567,0.01186
48439111568,0.051265
48439111569,0.036692
48439111570,0.005987
48439111571,0.017662
48439111572,0.008443
48439113003,0.023878
48439113004,0.082018
48439113005,0.175503
48439113006,0.00751
48439113007,0.021044
48439113102,0.016483
48439113104,0.013385
48439113107,0.006393
48439113108,0.003675
48439113109,0.02603
48439113110,0.027108
48439113112,0.006497
48439113115,0.028171
48439113116,0.026874
48439113117,0.011299
48439113118,0.020104
48439113119,0.01701
48439113120,0.003246
48439113121,0.09669
48439113122,0.063747
48439113206,0.07544
48439113207,0.013634
48439113210,0.132277
48439113212,0.014151
48439113213,0.019993
48439113214,0.006477
48439113215,0.005022
48439113216,0.008626
48439113217,0.016417
48439113218,0.006895
48439113221,0.078268
48439113222,0.102278
48439113223,0.029835
48439113301,0.097005
48439113302,0.043557
48439113403,0.019413
48439113404,0.014704
48439113407,0.083893
48439113408,0.043326
48439113409,0.08288
48439113410,0.170974
48439113509,0.004387
48439113510,0.005289
48439113511,0.0364
48439113512,0.009461
48439113513,0.050042
48439113514,0.029996
48439113516,0.008026
48439113517,0.031268
48439113519,0.01588
48439113520,0.02725
48439113521,0.023674
48439113522,0.012364
48439113607,0.016178
48439113611,0.056219
48439113612,0.017181
48439113613,0.020979
48439113618,0.008458
48439113619,0.034977
48439113622,0.086043
48439113623,0.020354
48439113624,0.005108
48439113625,0.01407
48439113626,0.010077
48439113628,0.101013
48439113629,0.012925
48439113630,0.04685
48439113632,0.00716
48439113633,0.008435
48439113634,0.007554
48439113635,0.166589
48439113636,0.05088
48439113637,0.058903
48439113638,0.022826
48439113639,0.01245
48439113640,0.016563
48439113707,0.062102
48439113709,0.01251
48439113710,0.007306
48439113711,0.071969
48439113712,0.039903
48439113713,0.02186
48439113714,0.018261
48439113715,0.044044
48439113716,0.052533
48439113803,0.077305
48439113808,0.004481
48439113809,0.01304
48439113810,0.008326
48439113811,0.065402
48439113812,0.004392
48439113813,0.012307
48439113814,0.009984
48439113815,0.006251
48439113816,0.009906
48439113906,0.005732
48439113908,0.018461
48439113912,0.01054
48439113916,0.007812
48439113917,0.011382
48439113918,0.06071
48439113919,0.021589
48439113920,0.01521
48439113923,0.009313
48439113924,0.002197
48439113925,0.00887
48439113930,0.009651
48439113931,0.013828
48439113932,0.008759
48439113933,0.03942
48439113934,0.006917
48439113935,0.026767
48439113936,0.024947
48439113937,0.036999
48439113938,0.005371
48439113939,0.00708
48439113940,0.01519
48439113941,0.009567
48439113942,0.012605
48439113943,0.006581
48439113944,0.011841
48439113945,0.02285
48439113946,0.012304
48439113947,0.010145
48439113948,0.007856
48439113949,0.004621
48439113950,0.023451
48439113951,0.006452
48439113952,0.009118
48439113953,0.050742
48439113954,0.016178
48439113955,0.004741
48439113956,0.019647
48439113957,0.019749
48439113958,0.043291
48439114003,0.090562
48439114006,0.046862
48439114009,0.005127
48439114010,0.003499
48439114011,0.011054
48439114012,0.007654
48439114013,0.014721
48439114014,0.006104
48439114015,0.10194
48439114105,0.053646
48439114106,0.028367
48439114107,0.03184
48439114108,0.006812
48439114109,0.005321
48439114110,0.099567
48439114111,0.045008
48439114112,0.032577
48439114113,0.00542
48439114203,0.018741
48439114204,0.058788
48439114205,0.015873
48439114206,0.047391
48439114207,0.015842
48439121605,0.013393
48439121606,0.03083
48439121608,0.008853
48439121609,0.019418
48439121610,0.012719
48439121611,0.017055
48439121612,0.186664
48439121613,0.331723
48439121614,0.078223
48439121615,0.167996
48439121702,0.012805
48439121703,0.008428
48439121704,0.00671
48439121904,0.055596
48439121905,0.017735
48439121906,0.023532
48439121907,0.008955
48439121908,0.064299
48439122001,0.005876
48439122002,0.010834
48439122100,0.007842
48439122200,0.05992
48439122300,0.012258
48439122401,0.017781
48439122402,0.008673
48439122500,0.016852
48439122600,0.021811
48439122701,0.010823
48439122702,0.04555
48439122801,0.030422
48439122802,0.007491
48439122901,0.012493
48439122902,0.059266
48439123001,0.19412
48439123002,0.029301
48439123100,0.111678
48439123200,0.056452
48439123301,0.088774
48439123302,0.102921
48439123500,0.023888
48439123600,0.060125
48439123700,0.004234
48439980000,0.206005
48441010100,0.01022
48441010200,0.017084
48441010300,0.007001
48441010400,0.007726
48441010500,0.020605
48441010600,0.013763
48441010700,0.004248
48441010800,0.08086
48441010900,0.070693
48441011000,0.022976
48441011200,0.063666
48441011300,0.006998
48441011400,0.083371
48441011500,0.006692
48441011600,0.01888
48441011700,0.126511
48441011900,0.026834
48441012000,0.021718
48441012100,0.026754
48441012200,0.041488
48441012300,0.003092
48441012400,0.075564
48441012500,0.018414
48441012600,0.055506
48441012701,0.013218
48441012702,0.107052
48441012801,0.081169
48441012802,0.064035
48441012900,0.011556
48441013000,0.060515
48441013100,0.073051
48441013200,0.108716
48441013300,0.067281
48441013401,0.072271
48441013402,0.045136
48441013404,0.020909
48441013501,0.072421
48441013502,0.110581
48441013601,0.073961
48441013602,0.056899
48441980000,0.214892
48443950100,0.070994
48447950300,0.067337
48449950100,0.071133
48449950200,0.128573
48449950301,0.027628
48449950302,0.088255
48449950400,0.11932
48449950500,0.079677
48449950600,0.055499
48449950700,0.201056
48449950800,0.245144
48451000100,0.073584
48451000200,0.267128
48451000300,0.057979
48451000400,0.049881
48451000700,0.077907
48451000801,0.102012
48451000802,0.005972
48451000900,0.045006
48451001000,0.240775
48451001101,0.03347
48451001102,0.028124
48451001200,0.006766
48451001301,0.01341
48451001303,0.022837
48451001304,0.014069
48451001401,0.076461
48451001402,0.119503
48451001500,0.138035
48451001600,0.050769
48451001702,0.186213
48451001706,0.016161
48451001707,0.037844
48451001708,0.18225
48451001709,0.06773
48451001710,0.014696
48451001800,0.073136
48451980000,0.03547
48453000101,0.017732
48453000102,0.019662
48453000203,0.010934
48453000204,0.012732
48453000205,0.013562
48453000206,0.016663
48453000302,0.010072
48453000304,0.016667
48453000305,0.061198
48453000307,0.050997
48453000308,0.119439
48453000309,0.020833
48453000401,0.055209
48453000402,0.021323
48453000500,0.010616
48453000601,0.002706
48453000605,0.04335
48453000606,0.058876
48453000607,0.005902
48453000608,0.028046
48453000700,0.03967
48453000801,0.065746
48453000802,0.022069
48453000803,0.025608
48453000804,0.065962
48453000901,0.113672
48453000902,0.012872
48453001000,0.023545
48453001101,0.017273
48453001102,0.106073
48453001103,0.030881
48453001200,0.009014
48453001304,0.100749
48453001307,0.009928
48453001308,0.019176
48453001309,0.026628
48453001310,0.090714
48453001311,0.006762
48453001312,0.013332
48453001401,0.008508
48453001402,0.065445
48453001403,0.075288
48453001501,0.008558
48453001503,0.014918
48453001504,0.006402
48453001505,0.021939
48453001602,0.010372
48453001603,0.013846
48453001604,0.025296
48453001605,0.005202
48453001606,0.055167
48453001910,0.05663
48453001911,0.060823
48453001912,0.077342
48453001913,0.115107
48453001914,0.010504
48453001915,0.017049
48453001916,0.013954
48453001917,0.176324
48453001918,0.036262
48453001919,0.025005
48453001920,0.05647
48453001921,0.0992
48453001922,0.100131
48453001923,0.180996
48453002002,0.022065
48453002003,0.007991
48453002004,0.030078
48453002006,0.033955
48453002007,0.099976
48453002104,0.008715
48453002105,0.006717
48453002106,0.0086
48453002107,0.00887
48453002108,0.007537
48453002109,0.007251
48453002110,0.034362
48453002111,0.01271
48453002112,0.004419
48453002113,0.003486
48453002201,0.004033
48453002211,0.010213
48453002213,0.011353
48453002214,0.007634
48453002215,0.055848
48453002216,0.028033
48453002217,0.145874
48453002218,0.293278
48453002219,0.044107
48453002220,0.013039
48453002221,0.003776
48453002222,0.00529
48453002304,0.042181
48453002307,0.037296
48453002310,0.065162
48453002313,0.036419
48453002314,0.006266
48453002315,0.024017
48453002316,0.037033
48453002319,0.156347
48453002320,0.042068
48453002321,0.0112
48453002322,0.018491
48453002323,0.018171
48453002324,0.028227
48453002325,0.036784
48453002326,0.315951
48453002327,0.012499
48453002403,0.016208
48453002407,0.005725
48453002409,0.013713
48453002410,0.013346
48453002411,0.006462
48453002412,0.02832
48453002413,0.013546
48453002419,0.003617
48453002422,0.019066
48453002423,0.015218
48453002424,0.053385
48453002430,0.007517
48453002432,0.050263
48453002434,0.096271
48453002436,0.147379
48453002437,0.024866
48453002438,0.013821
48453002439,0.007705
48453002440,0.008545
48453002441,0.010851
48453002442,0.016602
48453002443,0.043079
48453002444,0.026877
48453002445,0.016511
48453002446,0.018034
48453002447,0.059972
48453002448,0.005858
48453002449,0.041017
48453002450,0.130073
48453002451,0.049322
48453002452,0.046936
48453002453,0.072167
48453002500,0.030995
48453030000,0.045402
48453030100,0.065951
48453030200,0.011371
48453030300,0.012848
48453030400,0.006169
48453030500,0.010585
48453030600,0.016254
48453030700,0.006244
48453030800,0.017196
48453030900,0.028049
48453031000,0.023153
48453031100,0.180171
48453031200,0.022904
48453031300,0.006076
48453031400,0.029053
48453031500,0.013589
48453031600,0.01819
48453031700,0.010791
48453031800,0.036092
48453031900,0.037077
48453032000,0.037163
48453032100,0.014769
48453032200,0.008965
48453032300,0.061534
48453032400,0.019454
48453032500,0.014643
48453032600,0.009915
48453032700,0.011556
48453032800,0.233044
48453032900,0.020514
48453033000,0.067755
48453033100,0.064752
48453033200,0.024482
48453033300,0.012618
48453033400,0.011248
48453033500,0.008728
48453033600,0.142251
48453033700,0.006715
48453033800,0.004054
48453033900,0.009205
48453034000,0.071595
48453034100,0.009431
48453034200,0.050595
48453034300,0.008974
48453034400,0.006517
48453034500,0.026608
48453034600,0.0241
48453034700,0.015002
48453034800,0.020439
48453034900,0.008666
48453035000,0.021617
48453035100,0.02082
48453035200,0.048543
48453035300,0.269394
48453035400,0.037546
48453035500,0.005973
48453035600,0.17678
48453035700,0.038681
48453035800,0.036377
48453035900,0.038859
48453036000,0.024151
48453036100,0.030518
48453036200,0.011895
48453036300,0.059082
48453036400,0.171319
48453036500,0.171549
48453036600,0.115506
48453036700,0.096896
48453036800,0.045864
48453036900,0.066108
48453037000,0.124621
48453037100,0.250333
48453037200,0.004633
48453037300,0.016282
48453037400,0.176534
48453037500,0.116613
48453037600,0.014403
48453040000,0.013775
48453040100,0.045131
48453040200,0.002516
48453040300,0.009499
48453040400,0.016975
48453040500,0.005884
48453040600,0.039272
48453040700,0.007767
48453040800,0.013867
48453040900,0.185384
48453041000,0.154172
48453041100,0.214961
48453041200,0.013739
48453041300,0.011188
48453041400,0.022469
48453041500,0.042238
48453041600,0.01379
48453041700,0.031738
48453041800,0.025879
48453041900,0.041948
48453042000,0.024543
48453042100,0.009276
48453042200,0.01493
48453042300,0.041341
48453042400,0.023763
48453042500,0.012012
48453042600,0.023561
48453042700,0.004883
48453042800,0.00651
48453042900,0.010989
48453043000,0.00983
48453043100,0.063064
48453043200,0.217034
48453043300,0.008857
48453043400,0.009289
48453043500,0.050049
48453043600,0.007222
48453043700,0.039047
48453043800,0.008804
48453043900,0.004826
48453044000,0.014079
48453044100,0.009467
48453044200,0.009476
48453044300,0.01652
48453044400,0.013167
48453044500,0.006896
48453044600,0.004407
48453044700,0.010986
48453044800,0.032524
48453044900,0.098796
48453045000,0.007568
48453045100,0.029583
48453045200,0.017253
48453045300,0.017616
48453045400,0.052626
48453045500,0.008697
48453045600,0.037434
48453045700,0.072656
48453045800,0.14714
48453045900,0.171491
48453046000,0.032487
48453046100,0.024699
48453046200,0.069661
48453046300,0.025879
48453046400,0.009155
48453046500,0.013088
48453046600,0.013333
48453046700,0.046751
48453046800,0.008985
48453046900,0.004995
48453047000,0.0407
48453980000,0.114238
48455950100,0.114891
48455950200,0.041461
48455950300,0.128185
48455950400,0.085703
48455950500,0.071553
48459950101,0.051549
48459950102,0.201771
48459950200,0.048763
48459950301,0.103575
48459950302,0.026991
48459950400,0.199918
48459950501,0.060637
48459950502,0.014285
48459950600,0.033822
48459950700,0.121145
48461950100,0.060956
48463950100,0.052446
48463950201,0.112487
48463950202,0.032382
48463950300,0.069406
48463950400,0.080128
48463950500,0.07723
48465950202,0.134109
48465950203,0.170741
48465950301,0.075517
48465950302,0.10515
48465950400,0.126283
48465950501,0.08466
48465950502,0.06258
48465950601,0.310038
48465950602,0.130698
48465950701,0.078819
48465950702,0.089883
48465950801,0.24466
48465950802,0.158338
48465980000,0.048556
48467950100,0.033088
48467950200,0.058255
48467950300,0.075128
48467950400,0.01927
48467950500,0.017409
48467950601,0.120644
48467950602,0.078938
48467950700,0.106777
48467950801,0.045057
48467950802,0.075857
48467950901,0.011864
48467950902,0.180424
48467951001,0.016792
48467951002,0.024598
48469000100,0.226877
48469000201,0.197426
48469000202,0.014282
48469000301,0.150511
48469000302,0.155385
48469000400,0.149119
48469000501,0.055352
48469000502,0.008158
48469000601,0.060958
48469000602,0.048874
48469000700,0.021591
48469000800,0.02985
48469001300,0.144833
48469001401,0.175617
48469001402,0.014203
48469001501,0.14514
48469001503,0.090507
48469001504,0.089912
48469001601,0.011049
48469001604,0.002509
48469001605,0.087665
48469001607,0.121064
48469001608,0.012549
48469001700,0.044871
48469980000,0.341082
48471790101,0.022336
48471790102,0.047417
48471790103,0.143723
48471790200,0.069643
48471790301,0.049246
48471790302,0.043038
48471790401,0.1986
48471790402,0.133744
48471790500,0.108493
48471790600,0.044481
48471790700,0.046252
48471790800,0.051985
48473680100,0.040384
48473680201,0.019452
48473680202,0.090681
48473680301,0.069198
48473680302,0.05819
48473680303,0.030339
48473680501,0.018136
48473680502,0.06376
48473680601,0.167226
48473680602,0.02134
48473980000,0.039486
48477170100,0.135623
48477170201,0.070854
48477170202,0.129952
48477170300,0.061509
48477170400,0.100764
48477170501,0.064941
48477170502,0.102632
48477170601,0.052951
48477170602,0.20509
48479000101,0.04726
48479000105,0.078598
48479000106,0.042541
48479000107,0.010136
48479000108,0.00501
48479000109,0.202526
48479000200,0.033187
48479000300,0.013614
48479000601,0.012004
48479000602,0.0306
48479000700,0.087872
48479000800,0.003691
48479000901,0.005534
48479000903,0.080537
48479000904,0.001253
48479001001,0.00179
48479001003,0.041492
48479001004,0.01764
48479001101,0.056307
48479001103,0.115731
48479001104,0.015381
48479001105,0.134241
48479001201,0.021266
48479001202,0.022298
48479001300,0.052363
48479001401,0.041327
48479001402,0.027181
48479001501,0.108293
48479001502,0.02799
48479001601,0.003948
48479001602,0.039933
48479001706,0.036323
48479001709,0.005593
48479001710,0.186482
48479001711,0.042404
48479001714,0.110706
48479001715,0.118778
48479001716,0.005078
48479001717,0.148204
48479001718,0.029251
48479001719,0.00681
48479001720,0.123987
48479001721,0.018351
48479001722,0.026411
48479001723,0.014786
48479001724,0.039063
48479001725,0.038929
48479001726,0.04416
48479001727,0.018849
48479001806,0.029713
48479001809,0.122914
48479001810,0.273238
48479001811,0.100409
48479001813,0.353655
48479001815,0.082031
48479001816,0.226835
48479001818,0.322129
48479001819,0.199973
48479001820,0.128829
48479001821,0.002504
48479001822,0.002926
48479001823,0.003996
48479001824,0.136575
48479001825,0.064148
48479001826,0.086403
48479001827,0.248772
48479001828,0.034938
48479001900,0.008197
48479980000,0.125194
48481740100,0.01568
48481740200,0.110575
48481740300,0.036111
48481740400,0.087476
48481740500,0.01328
48481740600,0.093279
48481740700,0.104785
48481740800,0.117412
48481740901,0.034332
48481740902,0.130905
48481741000,0.050444
48481741100,0.096308
48489950300,0.149101
48489950400,0.077274
48489950500,0.031412
48489950600,0.115348
48489950700,0.057557
48491020106,0.050207
48491020108,0.018211
48491020109,0.035645
48491020111,0.03049
48491020113,0.017595
48491020114,0.089429
48491020115,0.011132
48491020116,0.066774
48491020117,0.226958
48491020118,0.073969
48491020119,0.02201
48491020120,0.02839
48491020121,0.067979
48491020122,0.116886
48491020123,0.072688
48491020124,0.157306
48491020201,0.030178
48491020203,0.012402
48491020205,0.027314
48491020206,0.125478
48491020207,0.150567
48491020208,0.26455
48491020310,0.005839
48491020311,0.045885
48491020319,0.006809
48491020321,0.103615
48491020323,0.00735
48491020325,0.052443
48491020326,0.010429
48491020327,0.088988
48491020329,0.041046
48491020330,0.044251
48491020331,0.09184
48491020332,0.046212
48491020333,0.006771
48491020334,0.007216
48491020335,0.009087
48491020336,0.006801
48491020337,0.005676
48491020338,0.010417
48491020339,0.009928
48491020340,0.007682
48491020341,0.003825
48491020342,0.186155
48491020343,0.008938
48491020344,0.115808
48491020345,0.010814
48491020346,0.016398
48491020347,0.012736
48491020348,0.024748
48491020349,0.047158
48491020350,0.005529
48491020351,0.022488
48491020352,0.043012
48491020353,0.007202
48491020354,0.005615
48491020355,0.015824
48491020356,0.033219
48491020403,0.007482
48491020404,0.00433
48491020405,0.006974
48491020406,0.009074
48491020408,0.024488
48491020409,0.051787
48491020410,0.008051
48491020411,0.021077
48491020503,0.012613
48491020505,0.058919
48491020507,0.028407
48491020508,0.021334
48491020509,0.007454
48491020511,0.02651
48491020512,0.023991
48491020513,0.031822
48491020514,0.012695
48491020515,0.05127
48491020516,0.005699
48491020517,0.01969
48491020602,0.013817
48491020604,0.010569
48491020606,0.014811
48491020607,0.008538
48491020608,0.006266
48491020609,0.019206
48491020701,0.016009
48491020704,0.01614
48491020706,0.030979
48491020707,0.010362
48491020709,0.020585
48491020710,0.056256
48491020711,0.193478
48491020712,0.007994
48491020713,0.009726
48491020808,0.020433
48491020810,0.021846
48491020811,0.013702
48491020812,0.029812
48491020813,0.011107
48491020814,0.012264
48491020815,0.012858
48491020816,0.104136
48491020817,0.107437
48491020818,0.109191
48491020819,0.055875
48491020820,0.014189
48491020821,0.013431
48491020822,0.074486
48491020900,0.014511
48491021000,0.075386
48491021100,0.008225
48491021201,0.107001
48491021202,0.113037
48491021203,0.185407
48491021300,0.01683
48491021402,0.033542
48491021404,0.156714
48491021405,0.016932
48491021406,0.03016
48491021407,0.048177
48491021502,0.044854
48491021503,0.02855
48491021506,0.046875
48491021509,0.014648
48491021510,0.029493
48491021511,0.027681
48491021512,0.022392
48491021513,0.012816
48491021514,0.005648
48491021515,0.066983
48491021516,0.015869
48491021517,0.010958
48491021518,0.004107
48491021601,0.057156
48491021602,0.067827
48491021603,0.017419
48493000102,0.090449
48493000103,0.005088
48493000104,0.056892
48493000201,0.041777
48493000202,0.018756
48493000300,0.083302
48493000402,0.120516
48493000404,0.133461
48493000405,0.014826
48493000406,0.211206
48493000500,0.17692
48493000600,0.013713
48497150101,0.058525
48497150103,0.244951
48497150104,0.016634
48497150201,0.183767
48497150202,0.124363
48497150300,0.091977
48497150402,0.059637
48497150403,0.032677
48497150404,0.043979
48497150405,0.149158
48497150500,0.169719
48497150603,0.102884
48497150604,0.046592
48497150605,0.020461
48497150606,0.137998
48497150607,0.190889
48499950100,0.049758
48499950200,0.066569
48499950301,0.016057
48499950303,0.034852
48499950304,0.106455
48499950401,0.055943
48499950402,0.265524
48499950500,0.062062
48499950601,0.015967
48499950602,0.026967
48499950700,0.058566
48499950800,0.12626
48503950200,0.034977
48503950401,0.153474
48503950402,0.028618
48503950500,0.07333
48503950600,0.084114
48505950303,0.256273
48505950304,0.147945
48505950305,0.275194
48505950306,0.31838
48505950401,0.239287
48505950402,0.165947
48507950100,0.261996
48507950200,0.153574
48507950301,0.105882
48507950302,0.075392
53001950100,0.106374
53001950200,0.177829
53001950301,0.044433
53001950302,0.097111
53001950303,0.202825
53001950400,0.163113
53001950500,0.012651
53003960100,0.13872
53003960200,0.054425
53005010100,0.132467
53005010201,0.068236
53005010203,0.002208
53005010204,0.059587
53005010300,0.11589
53005010400,0.003574
53005010500,0.127815
53005010600,0.06534
53005010701,0.035856
53005010703,0.081069
53005010705,0.005151
53005010707,0.004578
53005010708,0.140578
53005010807,0.058834
53005010809,0.030813
53005010810,0.005335
53005010811,0.057324
53005010814,0.066394
53005010815,0.010875
53005010816,0.01591
53005010817,0.034244
53005010818,0.024797
53005010819,0.019742
53005010820,0.030224
53005010901,0.059102
53005010902,0.017529
53005011001,0.0287
53005011002,0.032777
53005011100,0.017723
53005011201,0.004232
53005011202,0.07725
53005011300,0.05882
53005011401,0.010213
53005011402,0.004285
53005011501,0.104922
53005011504,0.006441
53005011505,0.070376
53005011506,0.167388
53005011600,0.14122
53005011701,0.042149
53005011702,0.050419
53005011801,0.072749
53005011802,0.056149
53005011900,0.021254
53005012000,0.072123
53007960100,0.113441
53007960201,0.164334
53007960202,0.050099
53007960203,0.105171
53007960301,0.115447
53007960302,0.07061
53007960303,0.10341
53007960400,0.078495
53007960501,0.14507
53007960502,0.110097
53007960600,0.233701
53007960700,0.062468
53007960801,0.006429
53007960803,0.005432
53007960804,0.05025
53007961001,0.004395
53007961002,0.116621
53007961101,0.008451
53007961102,0.006112
53007961200,0.029948
53007961301,0.010319
53007961303,0.002386
53007961304,0.009549
53013960200,0.037038
53017950101,0.101364
53017950102,0.144704
53017950200,0.082802
53017950300,0.039731
53017950400,0.028856
53017950500,0.01174
53017950600,0.006757
53017950700,0.002317
53017950800,0.009829
53019940000,0.056398
53019970100,0.137018
53019970200,0.14363
53021020101,0.149933
53021020102,0.058833
53021020103,0.014471
53021020201,0.008464
53021020202,0.004059
53021020300,0.050069
53021020401,0.031102
53021020402,0.009631
53021020403,0.007307
53021020404,0.010686
53021020501,0.092535
53021020503,0.023034
53021020504,0.055372
53021020603,0.007091
53021020605,0.076151
53021020606,0.068127
53021020607,0.003435
53021020608,0.027461
53021020700,0.185196
53021020801,0.139746
53021020802,0.156945
53021980100,0.014553
53023970300,0.067805
53025010100,0.12532
53025010200,0.034104
53025010300,0.202254
53025010401,0.14751
53025010402,0.0606
53025010500,0.063549
53025010600,0.115786
53025010700,0.124044
53025010800,0.019902
53025010901,0.048308
53025010903,0.021298
53025010904,0.005534
53025011001,0.110311
53025011002,0.036089
53025011101,0.115882
53025011102,0.147519
53025011200,0.068866
53025011300,0.080621
53025011401,0.139631
53025011403,0.012875
53025011404,0.128653
53025011405,0.285071
53025011406,0.06755
53033031502,0.15417
53033032706,0.085605
53033032800,0.132804
53037975101,0.102705
53037975102,0.081663
53037975103,0.083554
53037975104,0.142022
53037975201,0.098247
53037975202,0.0236
53037975203,0.244383
53037975300,0.083666
53037975402,0.125453
53037975403,0.003942
53037975404,0.033393
53037975500,0.084795
53037975600,0.136864
53037975700,0.175015
53039950101,0.056783
53039950102,0.093613
53039950103,0.215709
53039950200,0.104871
53039950302,0.101872
53041972000,0.067569
53043960100,0.168873
53043960200,0.122648
53043960300,0.087086
53043960400,0.130206
53047940100,0.13305
53047940200,0.101073
53047970301,0.01662
53047970302,0.180815
53047970303,0.171262
53047970400,0.118353
53047970500,0.212503
53047970601,0.194418
53047970602,0.169087
53047970700,0.097415
53047970800,0.055705
53047970900,0.080933
53047971000,0.10525
53051970100,0.096362
53051970200,0.127841
53051970300,0.06568
53051970400,0.058111
53051970500,0.083055
53053070100,0.108573
53057951101,0.206051
53057951102,0.10406
53057951200,0.054156
53059950100,0.056695
53059950400,0.108467
53061053606,0.013681
53061053700,0.024215
53061053801,0.062966
53061053803,0.091377
53063000201,0.037496
53063000202,0.018088
53063000301,0.006676
53063000302,0.022869
53063000400,0.04135
53063000500,0.123345
53063000600,0.005263
53063000700,0.035332
53063000800,0.050318
53063000900,0.014532
53063001000,0.013945
53063001100,0.004326
53063001200,0.049316
53063001300,0.113885
53063001400,0.074064
53063001500,0.134151
53063001600,0.003564
53063001800,0.248351
53063001900,0.047061
53063002000,0.139442
53063002100,0.191261
53063002300,0.008823
53063002400,0.009375
53063002501,0.07052
53063002502,0.011954
53063002503,0.100571
53063002600,0.020182
53063002900,0.001131
53063003000,0.008773
53063003100,0.016059
53063003200,0.017826
53063003500,0.047749
53063003601,0.009447
53063003602,0.007128
53063003800,0.032953
53063003900,0.042708
53063004001,0.028499
53063004002,0.031667
53063004100,0.01059
53063004200,0.008382
53063004300,0.004998
53063004400,0.014378
53063004500,0.008221
53063004601,0.014122
53063004602,0.002128
53063004701,0.011742
53063004702,0.024477
53063004800,0.004786
53063004900,0.056641
53063005000,0.007618
53063010101,0.127006
53063010102,0.365787
53063010201,0.067871
53063010203,0.012222
53063010204,0.072737
53063010301,0.02939
53063010303,0.033532
53063010304,0.064127
53063010305,0.183994
53063010401,0.097725
53063010403,0.058315
53063010404,0.010067
53063010504,0.199915
53063010505,0.130204
53063010506,0.003994
53063010507,0.066545
53063010508,0.018604
53063010601,0.119286
53063010603,0.025269
53063010604,0.007267
53063010701,0.028356
53063010702,0.001963
53063010800,0.049368
53063010901,0.079334
53063010902,0.005338
53063011000,0.051512
53063011102,0.020326
53063011103,0.059882
53063011104,0.026071
53063011202,0.01132
53063011203,0.009427
53063011204,0.043167
53063011301,0.005325
53063011302,0.020022
53063011400,0.006289
53063011500,0.345494
53063011600,0.178871
53063011701,0.069846
53063011702,0.020441
53063011800,0.081706
53063011900,0.102833
53063012000,0.024611
53063012100,0.03058
53063012200,0.035067
53063012300,0.08033
53063012401,0.030269
53063012402,0.053979
53063012500,0.071009
53063012600,0.22609
53063012701,0.249784
53063012702,0.290606
53063012801,0.102016
53063012802,0.004245
53063012901,0.016698
53063012902,0.009649
53063013001,0.003351
53063013002,0.026528
53063013003,0.004835
53063013101,0.011411
53063013102,0.108547
53063013201,0.032047
53063013300,0.10735
53063013401,0.023155
53063013501,0.030762
53063013502,0.044331
53063013503,0.034403
53063013600,0.105213
53063013700,0.024803
53063013800,0.343549
53063013900,0.177194
53063014001,0.150688
53063014002,0.162349
53063014100,0.17041
53063014200,0.128398
53063014300,0.031619
53063014400,0.017664
53063014500,0.074478
53065941000,0.125519
53065950101,0.171887
53065950102,0.128132
53065950200,0.033861
53065950300,0.154885
53065950500,0.100139
53065950600,0.130565
53065950700,0.19258
53065950800,0.131387
53065950900,0.05117
53065951100,0.074987
53065951301,0.074789
53065951302,0.340442
53065951401,0.062686
53065951402,0.072844
53071920000,0.102717
53071920100,0.06306
53071920200,0.014908
53071920302,0.006426
53071920400,0.091836
53071920500,0.02566
53071920600,0.04167
53071920701,0.030583
53071920702,0.01256
53071920801,0.005483
53071920802,0.070801
53071920901,0.007438
53073010103,0.180306
53075000100,0.140507
53075000201,0.174723
53075000202,0.205691
53075000300,0.102024
53075000400,0.337005
53075000500,0.166344
53075000601,0.061678
53075000602,0.143689
53075000700,0.090303
53075000800,0.081627
53075000900,0.049774
53075001000,0.145383
53077000100,0.011929
53077000200,0.022787
53077000301,0.080529
53077000302,0.041428
53077000401,0.006681
53077000402,0.014822
53077000500,0.010716
53077000600,0.00472
53077000700,0.016296
53077000800,0.01202
53077000902,0.009123
53077000903,0.015381
53077000904,0.007104
53077001000,0.005892
53077001100,0.013505
53077001201,0.006131
53077001202,0.00612
53077001300,0.1082
53077001400,0.016033
53077001502,0.022891
53077001503,0.01855
53077001504,0.024643
53077001601,0.112942
53077001602,0.067373
53077001701,0.154813
53077001702,0.050828
53077001801,0.134316
53077001802,0.117279
53077001901,0.126796
53077001902,0.00651
53077002003,0.012858
53077002004,0.043214
53077002005,0.086811
53077002006,0.038426
53077002101,0.079306
53077002103,0.088225
53077002104,0.026539
53077002201,0.044993
53077002202,0.095686
53077002701,0.021673
53077002801,0.016574
53077002803,0.004354
53077002804,0.007677
53077002900,0.005819
53077003002,0.01243
53077003003,0.105846
53077003004,0.099029
53077003100,0.054758
53077003200,0.015639
53077003400,0.021886
53077940001,0.007796
53077940002,0.027903
53077940003,0.099334
53077940005,0.05258
53077940006,0.002368
53077940007,0.004095
53077940008,0.021904
