GEOID,coverage_gap_score
40001376600,0.082922
40001376700,0.077471
40001376800,0.158494
40001376900,0.215666
40001377000,0.167381
40003955600,0.167941
40003955700,0.164397
40003956000,0.162169
40005587600,0.100503
40005587700,0.196845
40005587800,0.216484
40005587900,0.023345
40009966100,0.19178
40009966200,0.22623
40009966800,0.151324
40011958600,0.229345
40011958700,0.243295
40011958800,0.146896
40011958900,0.202361
40011959000,0.210966
40013795600,0.14334
40013795700,0.093504
40013795900,0.046746
40013796002,0.113492
40013796003,0.141979
40013796004,0.333409
40013796101,0.164069
40013796102,0.149192
40013796200,0.152715
40013796300,0.125062
40013796400,0.126444
40013796500,0.110811
40013796600,0.136652
40015161601,0.179254
40015161602,0.201605
40015161700,0.117656
40015161800,0.114173
40015161900,0.057211
40015162000,0.258483
40015162101,0.261533
40015162102,0.255245
40015162200,0.125897
40015162300,0.148025
40017300100,0.265421
40017300201,0.151202
40017300202,0.204302
40017300300,0.315436
40017300400,0.418871
40017300500,0.308206
40017300600,0.239381
40017300701,0.206733
40017300702,0.16921
40017300802,0.338602
40017300803,0.214572
40017300804,0.325463
40017300805,0.205395
40017300806,0.19234
40017300901,0.211498
40017300902,0.246329
40017300904,0.130218
40017300905,0.102763
40017301001,0.125837
40017301003,0.26341
40017301006,0.081858
40017301010,0.273555
40017301011,0.167973
40017301012,0.05676
40017301013,0.043736
40017301014,0.124837
40017301015,0.101787
40017301100,0.135412
40017301201,0.309249
40017301202,0.298957
40017301301,0.170197
40017301302,0.230114
40017301406,0.127485
40017301407,0.222115
40017301408,0.163844
40017301409,0.32176
40017301410,0.297624
40019892100,0.133725
40019892200,0.20996
40019892301,0.195585
40019892302,0.196917
40019892400,0.119796
40019892501,0.247653
40019892502,0.130758
40019892601,0.296855
40019892602,0.162903
40019892700,0.190967
40019892801,0.015651
40019892802,0.197556
40019892900,0.06822
40019893001,0.20408
40019893002,0.085222
40019893100,0.082822
40021977600,0.234186
40021977701,0.23058
40021977702,0.244805
40021977801,0.182153
40021977802,0.131576
40021977901,0.310898
40021977902,0.102997
40021978000,0.08191
40021978100,0.201977
40021978201,0.168984
40021978202,0.18159
40021978301,0.214947
40021978302,0.300711
40023966900,0.113853
40023967000,0.118643
40023967100,0.143411
40023967200,0.188686
40023967300,0.149155
40027200100,0.02831
40027200200,0.10955
40027200300,0.012608
40027200400,0.012581
40027200500,0.022173
40027200602,0.096168
40027200603,0.019162
40027200604,0.247956
40027200700,0.265863
40027200800,0.142989
40027200900,0.021697
40027201000,0.039473
40027201102,0.020703
40027201103,0.053203
40027201104,0.156655
40027201201,0.007008
40027201202,0.030458
40027201204,0.007857
40027201205,0.077899
40027201302,0.161371
40027201303,0.057156
40027201403,0.12406
40027201404,0.104468
40027201405,0.048721
40027201505,0.1379
40027201508,0.03142
40027201509,0.033471
40027201511,0.005334
40027201512,0.074816
40027201513,0.186626
40027201514,0.025697
40027201602,0.264076
40027201603,0.167572
40027201604,0.173431
40027201607,0.015776
40027201609,0.038475
40027201610,0.154615
40027201611,0.033382
40027201612,0.153008
40027201700,0.195523
40027201801,0.01424
40027201802,0.015534
40027201902,0.008985
40027201903,0.10554
40027201904,0.065048
40027202002,0.013872
40027202004,0.069316
40027202005,0.024449
40027202006,0.040846
40027202007,0.24
40027202008,0.005433
40027202102,0.129447
40027202104,0.125343
40027202105,0.226651
40027202106,0.122971
40027202107,0.28426
40027202201,0.222112
40027202203,0.201494
40027202205,0.00692
40027202207,0.163177
40027202208,0.152505
40027202301,0.304532
40027202302,0.031253
40027202403,0.174256
40027202404,0.182624
40027202405,0.069419
40027202406,0.078601
40027202407,0.305788
40027202501,0.177188
40027202502,0.165167
40027202600,0.109288
40029388100,0.132053
40029388200,0.101419
40031000100,0.102916
40031000200,0.10501
40031000300,0.030174
40031000402,0.063642
40031000403,0.004583
40031000404,0.01168
40031000405,0.052436
40031000503,0.002979
40031000504,0.027509
40031000505,0.013203
40031000506,0.046516
40031000600,0.018113
40031000700,0.004798
40031000800,0.015251
40031000900,0.007337
40031001000,0.008111
40031001100,0.00615
40031001400,0.019468
40031001500,0.010712
40031001600,0.00914
40031001700,0.013622
40031001901,0.145873
40031001902,0.18239
40031002001,0.028723
40031002003,0.225661
40031002004,0.16782
40031002005,0.047278
40031002101,0.165274
40031002102,0.154769
40031002201,0.188712
40031002202,0.192489
40031002301,0.121122
40031002302,0.054586
40031002401,0.270203
40031002403,0.216159
40031002405,0.117496
40031002406,0.036917
40031002500,0.052161
40033871100,0.128237
40033871200,0.246909
40035373100,0.123487
40035373200,0.151917
40035373300,0.17113
40035373400,0.21114
40035373500,0.149265
40037020101,0.280387
40037020102,0.218797
40037020103,0.167341
40037020602,0.173599
40037020603,0.212827
40037020604,0.133055
40037020702,0.196406
40037020704,0.194661
40037020705,0.35243
40037020706,0.205616
40037020707,0.235072
40037020800,0.131045
40037020900,0.247521
40037021000,0.157186
40037021101,0.184708
40037021102,0.146727
40037021201,0.163067
40037021202,0.222202
40037021300,0.291335
40037021401,0.20931
40037021402,0.238578
40037021500,0.144347
40037021600,0.418892
40039950800,0.1977
40039960401,0.208768
40039960402,0.183486
40039960600,0.157158
40039960701,0.142404
40039960702,0.316215
40039961000,0.096081
40041375601,0.247513
40041375602,0.415967
40041375701,0.247597
40041375702,0.20182
40041375803,0.110101
40041375804,0.298005
40041375805,0.44542
40041375806,0.191231
40041375901,0.298527
40041375902,0.152955
40041376000,0.232145
40041376100,0.223339
40041976200,0.228415
40043959100,0.181046
40043959200,0.210932
40043959300,0.156427
40045952600,0.157997
40045952800,0.228123
40047000101,0.087293
40047000102,0.149558
40047000200,0.316871
40047000601,0.257422
40047000602,0.327527
40047000701,0.013277
40047000702,0.139049
40047001100,0.223865
40047001200,0.11595
40047001301,0.204132
40047001302,0.214015
40047001401,0.283666
40047001402,0.316059
40047001500,0.281298
40047001602,0.133791
40047001603,0.222448
40047001604,0.255408
40049681100,0.171828
40049681200,0.137376
40049681300,0.141311
40049681400,0.154719
40049681500,0.144422
40049681600,0.063637
40049681700,0.109996
40049681800,0.150213
40049681900,0.166021
40051000100,0.25154
40051000400,0.138805
40051000501,0.016871
40051000502,0.16476
40051000600,0.210626
40051000701,0.064724
40051000702,0.128199
40051000801,0.199845
40051000802,0.205837
40051000901,0.179483
40051000902,0.200046
40051000904,0.355596
40051000905,0.167199
40051000906,0.144475
40051001000,0.270386
40053956400,0.312533
40053956500,0.13059
40055967100,0.215705
40055967200,0.160162
40059952100,0.095345
40059952200,0.144971
40061279100,0.073494
40061279200,0.214062
40061279300,0.09957
40061279400,0.125266
40063484600,0.072862
40063484700,0.161872
40063484800,0.179214
40063484900,0.156878
40063485000,0.229834
40065968100,0.093297
40065968200,0.228601
40065968300,0.185724
40065968400,0.206091
40065968500,0.107186
40065968600,0.22617
40065968700,0.337554
40065968800,0.337002
40067371600,0.081912
40067371700,0.1201
40067371800,0.114509
40069660198,0.123665
40069660201,0.219485
40069660202,0.352665
40069660300,0.214047
40071000100,0.020329
40071000201,0.128162
40071000202,0.077714
40071000300,0.055724
40071000400,0.221449
40071000500,0.076189
40071000600,0.14879
40071001100,0.230182
40071001200,0.20533
40071001301,0.331636
40071001302,0.195896
40073958100,0.147123
40073958200,0.142159
40073958300,0.202409
40073958400,0.164895
40075963600,0.095904
40075963700,0.10876
40075964200,0.106575
40077087100,0.098202
40077087200,0.200768
40077087300,0.201534
40079040102,0.192735
40079040198,0.18768
40079040299,0.130595
40079040301,0.144413
40079040302,0.068128
40079040303,0.157455
40079040401,0.189613
40079040402,0.242645
40079040500,0.177057
40079040601,0.202755
40079040602,0.214085
40079040700,0.152168
40081961100,0.179138
40081961200,0.116049
40081961300,0.144968
40081961401,0.154909
40081961402,0.069648
40081961500,0.277782
40081961600,0.169098
40081961700,0.181143
40083600101,0.153836
40083600200,0.235236
40083600300,0.2057
40083600401,0.220964
40083600402,0.032898
40083600501,0.184843
40083600502,0.281471
40083600600,0.195463
40083600700,0.23981
40083600801,0.140046
40083600802,0.170165
40083600903,0.152047
40083601000,0.228296
40085094100,0.241965
40085094200,0.178917
40085094300,0.224203
40087400103,0.154958
40087400104,0.179581
40087400105,0.19778
40087400106,0.222463
40087400201,0.105283
40087400203,0.114132
40087400204,0.188413
40087400300,0.208315
40087400400,0.133118
40089098200,0.081371
40089098300,0.148451
40089098400,0.096199
40089098501,0.193906
40089098502,0.151101
40089098600,0.148454
40089098700,0.105464
40089098800,0.186727
40089098900,0.159088
40091779601,0.213259
40091779602,0.244007
40091779700,0.129388
40091779900,0.207397
40091780100,0.228992
40091780200,0.146804
40091780301,0.080015
40091780302,0.166417
40093955100,0.223025
40093955200,0.112276
40093955300,0.209184
40095094698,0.16793
40095094700,0.201901
40095094803,0.1523
40095094804,0.468161
40095094805,0.253969
40095094806,0.348179
40097040100,0.201025
40097040200,0.166929
40097040300,0.098482
40097040400,0.134138
40097040501,0.177195
40097040502,0.201683
40097040600,0.183235
40097040700,0.152225
40097040801,0.18129
40097040802,0.100503
40099790600,0.065103
40099790701,0.110069
40099790702,0.114493
40099790801,0.241458
40099790802,0.177085
40101000100,0.230028
40101000200,0.226069
40101000300,0.228442
40101000400,0.237769
40101000600,0.143127
40101000700,0.186069
40101000801,0.010059
40101000802,0.143312
40101000901,0.141051
40101000902,0.017443
40101001000,0.202145
40101001100,0.086058
40101001200,0.284399
40101001301,0.166901
40101001302,0.243416
40101001401,0.239968
40101001402,0.12251
40101001501,0.181899
40101001502,0.060963
40101001600,0.225789
40103956600,0.153433
40103956900,0.24939
40103957000,0.249034
40103957100,0.235057
40105172100,0.072672
40105172200,0.099317
40105172300,0.098102
40105172400,0.107675
40107080600,0.125965
40107080700,0.110639
40107080900,0.164748
40107081000,0.144359
40109100100,0.007305
40109100201,0.004351
40109100202,0.216037
40109100203,0.012704
40109100300,0.101761
40109100400,0.005722
40109100500,0.14749
40109100800,0.087707
40109100900,0.025305
40109101000,0.066594
40109101100,0.246497
40109101200,0.183157
40109101300,0.10051
40109101400,0.012389
40109101500,0.043926
40109101800,0.280296
40109101900,0.044996
40109102000,0.049038
40109102100,0.06078
40109102200,0.046945
40109102300,0.010749
40109102400,0.020262
40109102500,0.151877
40109103200,0.118361
40109103300,0.010093
40109103900,0.007659
40109104100,0.004862
40109104200,0.11154
40109104300,0.053792
40109104400,0.014935
40109104500,0.008542
40109104600,0.003904
40109104700,0.033528
40109104800,0.160444
40109104900,0.016238
40109105000,0.015518
40109105101,0.058127
40109105201,0.008793
40109105202,0.031468
40109105300,0.17655
40109105400,0.047974
40109105500,0.014439
40109105600,0.056486
40109105903,0.202672
40109105904,0.099732
40109105905,0.042573
40109105906,0.011916
40109105907,0.038159
40109106000,0.077259
40109106100,0.098481
40109106200,0.093872
40109106301,0.019352
40109106302,0.03579
40109106303,0.00856
40109106401,0.063812
40109106402,0.058606
40109106403,0.00989
40109106501,0.013465
40109106502,0.118898
40109106503,0.036852
40109106601,0.162809
40109106602,0.186463
40109106606,0.056285
40109106607,0.0234
40109106608,0.097166
40109106609,0.132664
40109106610,0.009095
40109106611,0.063618
40109106702,0.008864
40109106704,0.180515
40109106705,0.181979
40109106706,0.015098
40109106708,0.013687
40109106709,0.020226
40109106710,0.023552
40109106801,0.21907
40109106802,0.214095
40109106803,0.220403
40109106804,0.088503
40109106902,0.040744
40109106903,0.134244
40109106906,0.040881
40109106907,0.003628
40109106909,0.032979
40109106910,0.004319
40109106911,0.003297
40109106912,0.008785
40109106913,0.079008
40109106914,0.018503
40109106916,0.043181
40109106917,0.016407
40109107001,0.079992
40109107002,0.137729
40109107101,0.221758
40109107103,0.027436
40109107104,0.153757
40109107206,0.065392
40109107207,0.046959
40109107212,0.148141
40109107213,0.116413
40109107214,0.153373
40109107215,0.026062
40109107216,0.005927
40109107217,0.00807
40109107218,0.005295
40109107219,0.005672
40109107220,0.016457
40109107221,0.045047
40109107222,0.025791
40109107223,0.017315
40109107224,0.044478
40109107225,0.004688
40109107226,0.014752
40109107302,0.072759
40109107303,0.035869
40109107305,0.004073
40109107306,0.017868
40109107401,0.06577
40109107404,0.035684
40109107405,0.102711
40109107406,0.083762
40109107407,0.146588
40109107601,0.09785
40109107604,0.009853
40109107605,0.003004
40109107608,0.004978
40109107703,0.009784
40109107704,0.013358
40109107705,0.012645
40109107706,0.005785
40109107707,0.009042
40109107801,0.009673
40109107804,0.031856
40109107805,0.161837
40109107806,0.06575
40109107807,0.004185
40109107808,0.021859
40109107809,0.005054
40109107810,0.009253
40109107900,0.270111
40109108003,0.025888
40109108005,0.099536
40109108006,0.007178
40109108007,0.010823
40109108008,0.030044
40109108009,0.032208
40109108010,0.029119
40109108011,0.039338
40109108101,0.352073
40109108106,0.212782
40109108107,0.202384
40109108109,0.1906
40109108110,0.200867
40109108113,0.207825
40109108114,0.205463
40109108201,0.139123
40109108203,0.005438
40109108204,0.064573
40109108207,0.144849
40109108208,0.010147
40109108215,0.05103
40109108216,0.031446
40109108217,0.010926
40109108222,0.01281
40109108223,0.02166
40109108224,0.02698
40109108225,0.035482
40109108226,0.015854
40109108227,0.002084
40109108228,0.036049
40109108229,0.016931
40109108230,0.007921
40109108231,0.005079
40109108232,0.009831
40109108233,0.012607
40109108234,0.014633
40109108235,0.011615
40109108236,0.021275
40109108237,0.050694
40109108238,0.035473
40109108301,0.018138
40109108302,0.056672
40109108304,0.124575
40109108307,0.007565
40109108309,0.018435
40109108310,0.005011
40109108314,0.025208
40109108317,0.009575
40109108318,0.015902
40109108319,0.078218
40109108320,0.008186
40109108321,0.044501
40109108322,0.032518
40109108323,0.044955
40109108324,0.00652
40109108325,0.018789
40109108326,0.021681
40109108402,0.040035
40109108403,0.018857
40109108404,0.004479
40109108506,0.11709
40109108507,0.149854
40109108508,0.211879
40109108513,0.031123
40109108514,0.113426
40109108515,0.05718
40109108520,0.066264
40109108521,0.236599
40109108523,0.043353
40109108524,0.023209
40109108525,0.016596
40109108526,0.098809
40109108527,0.054252
40109108528,0.005173
40109108529,0.00398
40109108530,0.018705
40109108531,0.043535
40109108532,0.247342
40109108533,0.264607
40109108534,0.060158
40109108535,0.015882
40109108536,0.016149
40109108537,0.023408
40109108538,0.072145
40109108603,0.154623
40109108604,0.052579
40109108701,0.214499
40109108706,0.047814
40109108707,0.014547
40109108708,0.167016
40109108709,0.192687
40109108710,0.03462
40109108711,0.023204
40109108712,0.214072
40109108713,0.274794
40109108802,0.217736
40109108803,0.023176
40109108804,0.062251
40109108805,0.178816
40109108806,0.006621
40109108807,0.015576
40109108900,0.40917
40109109001,0.208483
40109109003,0.157391
40109109004,0.155591
40109109202,0.263284
40109109203,0.301376
40109109204,0.285503
40109109205,0.195627
40109109300,0.177855
40109109400,0.026592
40109109500,0.03717
40109109600,0.020289
40109109700,0.049728
40109109800,0.084501
40109109900,0.023411
40109110000,0.018548
40109980001,0.04918
40109980002,0.216659
40109980003,0.042571
40109980004,0.044832
40109980005,0.015686
40109980006,0.04577
40109980007,0.156485
40109980008,0.034166
40109980009,0.366131
40111000100,0.167016
40111000200,0.196408
40111000300,0.21935
40111000400,0.176393
40111000500,0.256021
40111000601,0.150154
40111000602,0.122156
40111000700,0.073697
40111000800,0.166657
40111000901,0.245495
40111000902,0.23643
40113940001,0.168483
40113940003,0.24392
40113940004,0.178097
40113940005,0.163641
40113940006,0.004864
40113940007,0.268667
40113940008,0.186483
40113940009,0.258148
40113940011,0.224955
40113940012,0.215428
40113940013,0.321597
40113940014,0.424092
40113940015,0.17985
40115574100,0.178221
40115574200,0.310417
40115574300,0.231904
40115574400,0.296378
40115574500,0.342263
40115574600,0.202219
40115574700,0.2278
40115574800,0.159756
40115574900,0.205386
40117957100,0.214626
40117957200,0.195504
40117957300,0.173528
40117957400,0.213341
40117957500,0.187705
40119010101,0.137283
40119010102,0.07779
40119010201,0.025145
40119010202,0.069738
40119010300,0.112386
40119010400,0.150267
40119010501,0.17711
40119010502,0.048258
40119010503,0.135883
40119010600,0.211501
40119010700,0.080096
40119010800,0.256169
40119010901,0.101847
40119010902,0.223773
40119011001,0.185784
40119011002,0.217829
40119011101,0.264648
40119011103,0.260022
40119011104,0.242774
40119011200,0.225803
40119011301,0.16595
40119011302,0.030449
40119011400,0.20859
40121485601,0.366387
40121485602,0.317922
40121485700,0.178883
40121485800,0.158225
40121485900,0.268004
40121486000,0.21459
40121486100,0.106581
40121486200,0.24033
40121486300,0.272627
40121486400,0.177999
40121486500,0.129483
40121486600,0.206566
40121486700,0.14225
40121486800,0.207675
40123088600,0.216526
40123088700,0.178029
40123088801,0.271765
40123088802,0.117988
40123088900,0.241176
40123089000,0.24198
40123089100,0.081184
40123089200,0.060772
40123089300,0.135073
40123089598,0.185626
40123089600,0.231573
40125500200,0.155377
40125500301,0.226776
40125500302,0.309008
40125500400,0.390957
40125500500,0.257197
40125500600,0.379947
40125500700,0.227073
40125500800,0.277902
40125500901,0.174171
40125500902,0.227487
40125501003,0.10778
40125501004,0.214613
40125501005,0.176151
40125501006,0.265854
40125501101,0.141842
40125501103,0.141151
40125501104,0.302825
40125501105,0.283008
40125501201,0.23454
40125501300,0.190226
40127097600,0.158025
40127097701,0.157489
40127097702,0.163495
40127097800,0.132443
40129960000,0.093466
40131050101,0.226085
40131050103,0.352445
40131050104,0.263935
40131050105,0.178951
40131050201,0.274594
40131050202,0.209445
40131050203,0.220837
40131050301,0.203865
40131050302,0.276203
40131050303,0.267943
40131050304,0.213314
40131050403,0.284545
40131050404,0.241522
40131050405,0.221178
40131050406,0.139373
40131050407,0.173267
40131050408,0.259878
40131050409,0.232546
40131050501,0.160218
40131050502,0.170787
40131050601,0.219576
40131050602,0.275696
40131050603,0.297374
40131050604,0.168552
40131050701,0.253892
40131050702,0.22454
40131050801,0.136385
40131050802,0.091496
40133583100,0.155293
40133583200,0.261135
40133583300,0.299881
40133583400,0.194945
40133583500,0.053222
40133583600,0.180938
40133583700,0.173717
40133583800,0.176103
40133583900,0.17339
40135030101,0.102666
40135030103,0.249377
40135030105,0.163524
40135030106,0.243685
40135030201,0.166612
40135030202,0.165688
40135030301,0.194228
40135030303,0.37268
40135030304,0.175112
40135030401,0.214474
40135030403,0.211814
40135030404,0.210128
40137000101,0.036864
40137000102,0.083134
40137000200,0.202664
40137000300,0.204149
40137000400,0.299741
40137000600,0.07393
40137000800,0.149329
40137000901,0.156556
40137000902,0.169252
40137001000,0.060042
40137001100,0.185286
40141070100,0.199198
40141070200,0.141934
40141070300,0.112627
40141070400,0.339471
40141070500,0.144834
40143000200,0.126612
40143000300,0.013107
40143000400,0.005436
40143000500,0.123902
40143000800,0.004145
40143000900,0.003127
40143001000,0.091495
40143001200,0.083195
40143001300,0.037817
40143001400,0.093243
40143001500,0.025261
40143001600,0.139805
40143001700,0.18861
40143001800,0.187456
40143001900,0.228165
40143002000,0.173508
40143002100,0.093736
40143002301,0.145268
40143002500,0.065653
40143002700,0.12452
40143002900,0.178874
40143003000,0.200147
40143003100,0.070623
40143003200,0.042886
40143003300,0.016388
40143003400,0.205298
40143003500,0.186242
40143003600,0.125255
40143003700,0.028558
40143003800,0.051995
40143003900,0.098497
40143004000,0.029947
40143004101,0.022669
40143004200,0.093177
40143004301,0.016505
40143004302,0.012353
40143004400,0.056853
40143004500,0.027028
40143004600,0.111093
40143004700,0.158238
40143004800,0.112475
40143004900,0.176649
40143005001,0.047014
40143005002,0.154322
40143005100,0.063819
40143005200,0.046835
40143005300,0.003932
40143005401,0.090366
40143005403,0.159922
40143005404,0.153102
40143005500,0.203066
40143005600,0.227862
40143005700,0.231248
40143005801,0.034565
40143005805,0.038564
40143005808,0.049952
40143005809,0.020896
40143005810,0.169078
40143005811,0.12432
40143005812,0.004485
40143005813,0.015283
40143005900,0.115707
40143006000,0.10164
40143006200,0.004691
40143006506,0.202678
40143006507,0.233359
40143006600,0.183581
40143006701,0.135683
40143006703,0.029961
40143006708,0.055633
40143006709,0.095589
40143006710,0.077605
40143006711,0.0261
40143006712,0.11368
40143006713,0.094165
40143006801,0.025787
40143006803,0.105825
40143006804,0.115477
40143006901,0.018619
40143006902,0.009359
40143006903,0.016371
40143006905,0.011976
40143006906,0.083411
40143006907,0.023457
40143007000,0.068219
40143007101,0.022769
40143007102,0.035106
40143007200,0.189401
40143007304,0.080419
40143007306,0.037207
40143007308,0.189963
40143007309,0.169463
40143007310,0.068316
40143007311,0.044241
40143007312,0.04403
40143007313,0.11263
40143007314,0.072149
40143007402,0.009301
40143007408,0.031473
40143007409,0.006669
40143007410,0.057506
40143007411,0.038152
40143007412,0.007199
40143007413,0.009124
40143007414,0.02845
40143007415,0.091649
40143007416,0.015169
40143007417,0.131133
40143007503,0.008845
40143007507,0.008424
40143007510,0.022543
40143007511,0.006591
40143007512,0.018083
40143007518,0.00674
40143007519,0.004206
40143007520,0.005616
40143007522,0.043461
40143007523,0.048451
40143007525,0.019294
40143007526,0.038363
40143007527,0.021387
40143007528,0.082146
40143007529,0.011065
40143007530,0.071484
40143007531,0.054813
40143007532,0.009272
40143007533,0.02824
40143007534,0.025604
40143007535,0.101356
40143007536,0.004538
40143007608,0.027454
40143007611,0.037779
40143007612,0.003245
40143007613,0.024799
40143007614,0.059257
40143007615,0.007474
40143007616,0.033475
40143007617,0.010996
40143007619,0.007042
40143007629,0.089791
40143007630,0.142565
40143007631,0.008708
40143007632,0.022716
40143007633,0.049989
40143007634,0.030828
40143007636,0.127108
40143007638,0.054956
40143007639,0.020686
40143007641,0.024231
40143007642,0.035598
40143007643,0.029523
40143007644,0.006983
40143007645,0.010299
40143007646,0.246405
40143007647,0.028541
40143007648,0.053633
40143007649,0.037951
40143007650,0.154663
40143007651,0.272154
40143007652,0.166301
40143007653,0.028846
40143007654,0.01838
40143007655,0.17289
40143007656,0.078399
40143007703,0.163478
40143007704,0.169574
40143007705,0.142149
40143007706,0.013996
40143007707,0.158944
40143007801,0.213475
40143007803,0.196906
40143007804,0.344382
40143007900,0.128671
40143008001,0.257598
40143008002,0.018652
40143008200,0.064316
40143008300,0.185309
40143008400,0.00563
40143008501,0.03881
40143008502,0.074298
40143008600,0.032016
40143008700,0.039952
40143008800,0.050577
40143008900,0.117295
40143009006,0.009406
40143009008,0.07549
40143009010,0.004909
40143009011,0.084444
40143009012,0.042142
40143009013,0.026398
40143009014,0.021809
40143009015,0.037642
40143009016,0.020979
40143009017,0.007707
40143009018,0.014377
40143009019,0.031492
40143009020,0.002951
40143009021,0.045081
40143009101,0.322604
40143009104,0.247193
40143009200,0.16211
40143009300,0.225334
40143009401,0.167795
40143009403,0.08572
40143009404,0.164035
40143009500,0.187079
40143011300,0.025662
40143011400,0.00562
40145030101,0.137738
40145030102,0.164272
40145030201,0.341158
40145030202,0.108835
40145030300,0.128408
40145030402,0.084424
40145030403,0.263141
40145030406,0.020459
40145030407,0.029265
40145030408,0.172738
40145030502,0.07215
40145030505,0.027795
40145030506,0.097348
40145030507,0.004534
40145030508,0.16682
40145030509,0.011613
40145030510,0.158801
40145030511,0.112188
40145030512,0.174795
40145030601,0.023616
40145030603,0.167521
40145030604,0.252508
40145030605,0.08351
40145030798,0.140331
40145030800,0.166323
40147000100,0.038239
40147000200,0.163878
40147000300,0.0677
40147000400,0.192827
40147000500,0.00976
40147000601,0.297811
40147000602,0.301693
40147000700,0.209591
40147000800,0.231959
40147000900,0.016608
40147001000,0.113312
40147001100,0.131865
40147001200,0.157922
40147001300,0.126507
40149964900,0.198819
40149965000,0.213739
40149965100,0.196064
40149965400,0.143372
40151954201,0.127374
40151954202,0.169074
40151954300,0.299171
40151954400,0.167673
40153953100,0.078651
40153953200,0.220402
40153953300,0.169032
40153953400,0.186932
40153953500,0.324078
04001944902,0.020583
04001945100,0.073898
04001970201,0.191289
04001970202,0.069388
04001970300,0.222227
04001970501,0.155152
04001970502,0.182968
04003000101,0.06891
04003000102,0.154294
04003000201,0.056705
04003000202,0.087348
04003000203,0.117432
04003000301,0.124926
04003000303,0.125685
04003000304,0.129964
04003000305,0.325681
04003000400,0.058989
04003000501,0.093679
04003000502,0.103139
04003000503,0.287564
04003000600,0.083994
04003000700,0.303411
04003000800,0.067332
04003000901,0.016283
04003000902,0.193799
04003001000,0.166303
04003001100,0.119878
04003001200,0.087493
04003001301,0.049623
04003001302,0.069833
04003001401,0.021282
04003001402,0.036305
04003001501,0.022969
04003001502,0.020088
04003001601,0.018691
04003001602,0.031595
04003001701,0.115543
04003001702,0.011924
04003001703,0.266679
04003001801,0.013502
04003001802,0.003932
04003001900,0.183128
04003002001,0.096805
04003002002,0.0163
04003002100,0.03069
04005000200,0.025001
04005000601,0.021627
04005000602,0.098867
04005000700,0.239467
04005000800,0.032475
04005000901,0.056996
04005000902,0.005224
04005001000,0.037712
04005001101,0.015407
04005001103,0.184288
04005001104,0.186813
04005001201,0.170391
04005001302,0.137027
04005001500,0.166216
04005001601,0.146144
04005001602,0.164555
04005001700,0.162969
04005002201,0.177056
04005002202,0.044164
04005002302,0.138992
04005945100,0.032107
04005980100,0.513272
04005980200,0.077184
04007000100,0.172643
04007000200,0.191816
04007000301,0.188289
04007000302,0.171353
04007000400,0.160328
04007000500,0.218306
04007000600,0.329951
04007000700,0.205449
04007000800,0.324748
04007000900,0.106822
04007001000,0.171639
04007001100,0.129875
04007001200,0.209213
04007001300,0.127516
04007940200,0.085606
04007940400,0.035693
04009940500,0.049726
04009961100,0.272558
04009961201,0.059091
04009961202,0.346809
04009961300,0.106985
04009961400,0.270228
04009961500,0.115991
04009961600,0.206408
04009961700,0.225793
04011960100,0.09725
04011960200,0.108595
04011960300,0.095073
04012020101,0.070164
04012020102,0.06904
04013010102,0.152152
04013010103,0.256064
04013010104,0.053555
04013030401,0.135067
04013030402,0.027949
04013040502,0.063304
04013040506,0.021329
04013040507,0.044706
04013040512,0.092874
04013040513,0.186185
04013040514,0.022292
04013040515,0.059531
04013040516,0.008844
04013040522,0.061242
04013040523,0.072589
04013040524,0.07313
04013040525,0.058681
04013040526,0.022982
04013040527,0.152917
04013040528,0.05844
04013040529,0.189035
04013040530,0.00787
04013040531,0.088912
04013040532,0.021677
04013040533,0.008157
04013040534,0.01383
04013040535,0.020104
04013040536,0.003354
04013040537,0.034772
04013040538,0.023946
04013040539,0.043807
04013040540,0.092893
04013040541,0.059353
04013050603,0.294508
04013050604,0.300919
04013050609,0.057931
04013050611,0.003316
04013050612,0.003293
04013050613,0.154892
04013050614,0.017754
04013050615,0.004385
04013050616,0.010624
04013050617,0.024307
04013050618,0.004667
04013050619,0.013813
04013050620,0.007959
04013050621,0.035856
04013050701,0.091326
04013050702,0.071949
04013060801,0.072491
04013060802,0.011589
04013060901,0.009144
04013060902,0.032594
04013060903,0.165629
04013060904,0.329853
04013061010,0.133009
04013061011,0.038485
04013061013,0.013772
04013061014,0.020817
04013061015,0.013844
04013061017,0.03861
04013061018,0.009438
04013061020,0.005837
04013061021,0.007905
04013061024,0.054645
04013061026,0.002777
04013061027,0.013111
04013061028,0.024204
04013061029,0.003055
04013061031,0.006292
04013061032,0.003518
04013061033,0.003713
04013061034,0.014475
04013061035,0.048635
04013061036,0.001637
04013061037,0.005052
04013061038,0.004485
04013061039,0.026892
04013061040,0.019253
04013061041,0.002152
04013061042,0.015553
04013061043,0.004016
04013061044,0.00431
04013061045,0.010113
04013061046,0.04827
04013061047,0.014785
04013061048,0.006942
04013061049,0.0018
04013061050,0.030415
04013061051,0.005394
04013061052,0.003975
04013061053,0.00506
04013061054,0.063639
04013061055,0.002985
04013061056,0.003103
04013061057,0.002762
04013061058,0.004901
04013061059,0.008011
04013061060,0.008075
04013061061,0.001673
04013061062,0.005138
04013061063,0.026339
04013061064,0.004108
04013061100,0.272624
04013061200,0.00774
04013061300,0.059491
04013061401,0.089273
04013061402,0.231203
04013071503,0.052293
04013071504,0.017197
04013071505,0.036231
04013071506,0.037749
04013071509,0.011893
04013071510,0.013028
04013071511,0.065741
04013071512,0.006628
04013071513,0.039141
04013071514,0.01153
04013071515,0.04741
04013071516,0.016936
04013071517,0.007893
04013071600,0.253953
04013071701,0.021508
04013071702,0.018295
04013071801,0.008358
04013071802,0.038606
04013071903,0.008861
04013071906,0.042119
04013071909,0.013356
04013071910,0.003479
04013071911,0.01598
04013071912,0.024209
04013071913,0.00631
04013071914,0.00674
04013071915,0.033805
04013082002,0.004015
04013082007,0.007656
04013082008,0.032019
04013082009,0.008625
04013082010,0.028754
04013082012,0.008263
04013082016,0.016954
04013082017,0.016641
04013082018,0.004069
04013082019,0.005916
04013082020,0.010246
04013082021,0.037105
04013082022,0.002394
04013082023,0.120165
04013082024,0.007988
04013082025,0.102013
04013082026,0.009177
04013082027,0.047816
04013082028,0.005586
04013082204,0.011368
04013082205,0.016005
04013082206,0.007392
04013082207,0.002923
04013082208,0.008235
04013082209,0.164651
04013082210,0.009958
04013082211,0.091989
04013082212,0.006386
04013082213,0.004022
04013083000,0.02085
04013092305,0.005307
04013092306,0.017671
04013092307,0.054723
04013092308,0.005389
04013092309,0.003955
04013092311,0.028513
04013092312,0.017171
04013092401,0.012134
04013092402,0.00319
04013092500,0.012636
04013092600,0.015179
04013092705,0.021494
04013092708,0.007054
04013092709,0.004007
04013092710,0.00926
04013092711,0.002801
04013092712,0.025993
04013092713,0.002945
04013092715,0.014376
04013092716,0.002813
04013092717,0.025107
04013092718,0.026008
04013092719,0.011601
04013092720,0.012116
04013092721,0.00208
04013092723,0.004275
04013092724,0.037768
04013092801,0.00502
04013092802,0.046184
04013092900,0.005522
04013093001,0.003268
04013093002,0.002957
04013093101,0.0122
04013093104,0.025685
04013093105,0.003091
04013093106,0.035042
04013093200,0.03339
04013103205,0.020272
04013103206,0.001585
04013103207,0.006375
04013103208,0.069323
04013103209,0.017616
04013103210,0.008637
04013103211,0.045252
04013103212,0.005676
04013103214,0.002992
04013103215,0.013292
04013103216,0.012494
04013103217,0.008915
04013103219,0.090283
04013103220,0.037013
04013103302,0.006024
04013103303,0.005902
04013103304,0.00805
04013103305,0.042794
04013103306,0.014195
04013103400,0.022751
04013103501,0.00495
04013103502,0.007529
04013103604,0.107918
04013103605,0.003731
04013103606,0.007432
04013103607,0.056154
04013103608,0.010659
04013103609,0.004558
04013103611,0.008074
04013103612,0.028802
04013103614,0.006425
04013103615,0.043671
04013103701,0.016741
04013103702,0.050545
04013103900,0.008113
04013104000,0.005191
04013104100,0.003715
04013104202,0.003646
04013104203,0.005112
04013104204,0.005114
04013104205,0.004129
04013104206,0.004935
04013104207,0.003842
04013104212,0.004389
04013104214,0.005464
04013104215,0.006641
04013104216,0.003626
04013104217,0.041445
04013104218,0.005752
04013104219,0.00364
04013104221,0.009361
04013104222,0.004549
04013104223,0.005513
04013104224,0.004112
04013104225,0.006279
04013104226,0.013519
04013104227,0.037367
04013104301,0.008171
04013104302,0.029376
04013104401,0.011681
04013104402,0.012077
04013104501,0.029566
04013104502,0.063281
04013104600,0.02592
04013104701,0.038682
04013104702,0.021727
04013104801,0.019667
04013104802,0.004641
04013104900,0.005262
04013105002,0.005954
04013105003,0.007835
04013105004,0.013749
04013105101,0.004237
04013105102,0.012229
04013105103,0.087353
04013105200,0.007298
04013105300,0.007429
04013105400,0.014137
04013105501,0.003352
04013105502,0.005858
04013105503,0.007728
04013105601,0.024163
04013105602,0.004284
04013105701,0.01128
04013105702,0.006799
04013105800,0.006034
04013105900,0.026118
04013106001,0.00655
04013106002,0.007538
04013106003,0.005572
04013106100,0.007126
04013106200,0.027154
04013106300,0.012899
04013106400,0.004532
04013106501,0.006072
04013106502,0.005884
04013106600,0.006123
04013106701,0.034807
04013106702,0.025254
04013106703,0.042684
04013106801,0.028296
04013106802,0.004815
04013106900,0.003129
04013107001,0.004866
04013107002,0.003223
04013107101,0.027362
04013107102,0.008159
04013107201,0.228668
04013107202,0.002595
04013107300,0.016678
04013107401,0.009873
04013107402,0.027854
04013107403,0.022656
04013107404,0.019528
04013107500,0.009475
04013107601,0.042649
04013107602,0.033482
04013107700,0.011115
04013107800,0.081913
04013107900,0.066252
04013108000,0.002919
04013108100,0.036278
04013108200,0.058967
04013108301,0.145124
04013108302,0.05171
04013108400,0.016728
04013108501,0.016487
04013108502,0.189661
04013108601,0.008118
04013108602,0.011321
04013108802,0.016224
04013108901,0.013744
04013108902,0.00484
04013109001,0.024931
04013109002,0.004775
04013109003,0.004165
04013109101,0.004804
04013109102,0.025078
04013109200,0.009834
04013109300,0.004334
04013109401,0.002245
04013109402,0.035707
04013109500,0.002646
04013109601,0.036489
04013109602,0.007024
04013109603,0.00354
04013109604,0.016674
04013109702,0.009655
04013109703,0.003593
04013109704,0.01399
04013109705,0.02123
04013109706,0.004949
04013109707,0.004339
04013109801,0.022978
04013109802,0.004098
04013109900,0.004735
04013110001,0.010838
04013110002,0.145855
04013110100,0.024924
04013110400,0.004268
04013110501,0.014443
04013110502,0.025615
04013110600,0.008856
04013110701,0.037363
04013110702,0.005326
04013110801,0.041433
04013110802,0.004603
04013110901,0.041171
04013110902,0.050605
04013111000,0.013875
04013111100,0.00408
04013111201,0.004496
04013111202,0.003403
04013111203,0.075765
04013111204,0.020023
04013111300,0.002217
04013111401,0.050631
04013111402,0.004596
04013111501,0.004874
04013111502,0.002716
04013111601,0.006248
04013111602,0.025824
04013111700,0.006269
04013111800,0.04898
04013111900,0.041762
04013112100,0.004811
04013112201,0.0049
04013112202,0.005085
04013112301,0.003348
04013112302,0.016874
04013112401,0.010455
04013112402,0.011376
04013112502,0.004293
04013112504,0.0082
04013112507,0.011963
04013112508,0.046538
04013112510,0.004294
04013112512,0.035458
04013112514,0.007849
04013112515,0.003764
04013112516,0.011489
04013112517,0.008998
04013112518,0.009057
04013112519,0.003065
04013112520,0.047981
04013112521,0.014392
04013112522,0.012129
04013112523,0.025631
04013112524,0.003581
04013112601,0.054133
04013112602,0.004864
04013112700,0.016433
04013112900,0.022069
04013113000,0.00546
04013113100,0.021568
04013113201,0.183365
04013113202,0.287522
04013113204,0.031723
04013113301,0.021911
04013113502,0.025865
04013113503,0.005177
04013113601,0.003905
04013113602,0.167999
04013113701,0.003676
04013113702,0.010462
04013113800,0.06069
04013113900,0.047695
04013114000,0.035835
04013114100,0.063737
04013114200,0.010933
04013114301,0.037474
04013114302,0.010257
04013114401,0.035471
04013114402,0.026494
04013114500,0.008743
04013114600,0.01231
04013114704,0.213311
04013114705,0.449437
04013114800,0.12716
04013114900,0.005627
04013115200,0.02167
04013115300,0.055655
04013115400,0.011652
04013115500,0.004963
04013115600,0.002589
04013115700,0.005984
04013115801,0.026648
04013115802,0.004832
04013115900,0.003568
04013116000,0.004686
04013116100,0.00513
04013116202,0.009807
04013116203,0.011451
04013116204,0.020465
04013116205,0.023558
04013116300,0.003005
04013116400,0.002831
04013116500,0.005948
04013116605,0.01368
04013116606,0.054341
04013116607,0.012958
04013116610,0.128932
04013116611,0.006454
04013116612,0.003068
04013116614,0.006513
04013116615,0.004444
04013116616,0.00696
04013116617,0.131497
04013116618,0.0123
04013116619,0.003724
04013116620,0.009196
04013116621,0.009352
04013116703,0.010639
04013116707,0.017052
04013116708,0.065731
04013116709,0.019172
04013116710,0.006182
04013116711,0.011274
04013116712,0.009564
04013116713,0.011514
04013116714,0.004861
04013116715,0.015137
04013116717,0.033992
04013116718,0.052534
04013116719,0.021906
04013116720,0.012625
04013116721,0.01161
04013116725,0.008639
04013116727,0.021102
04013116728,0.003515
04013116729,0.073556
04013116730,0.050184
04013116731,0.016242
04013116732,0.024825
04013116733,0.066978
04013116734,0.010545
04013116735,0.003587
04013116736,0.003542
04013116737,0.009503
04013116738,0.004906
04013116800,0.008509
04013116900,0.037517
04013117000,0.006756
04013117100,0.005227
04013117200,0.040399
04013117300,0.100508
04013216806,0.02761
04013216807,0.007215
04013216809,0.00698
04013216810,0.034288
04013216813,0.027837
04013216816,0.010602
04013216819,0.005394
04013216820,0.008115
04013216821,0.009809
04013216822,0.015541
04013216826,0.016259
04013216829,0.048159
04013216830,0.012108
04013216831,0.014793
04013216832,0.006423
04013216833,0.101669
04013216834,0.058428
04013216835,0.016083
04013216836,0.020513
04013216837,0.006984
04013216838,0.003268
04013216839,0.003532
04013216840,0.041584
04013216841,0.018649
04013216842,0.009112
04013216843,0.031059
04013216844,0.012141
04013216845,0.064445
04013216849,0.022934
04013216850,0.057318
04013216851,0.086299
04013216852,0.004615
04013216853,0.014851
04013216854,0.035878
04013216855,0.034419
04013216856,0.039188
04013216857,0.042646
04013216858,0.014349
04013216859,0.004229
04013216860,0.081602
04013216861,0.006795
04013216901,0.010853
04013216902,0.003815
04013217001,0.063763
04013217002,0.004669
04013217101,0.031489
04013217102,0.004107
04013217201,0.074531
04013217203,0.047505
04013217204,0.026078
04013217300,0.043418
04013217400,0.043523
04013217501,0.004435
04013217502,0.017713
04013217600,0.01549
04013217700,0.162182
04013217800,0.009681
04013217900,0.025904
04013218000,0.018356
04013218100,0.048045
04013218200,0.005953
04013218300,0.043143
04013318400,0.094244
04013318501,0.009843
04013318700,0.067155
04013318800,0.003707
04013318900,0.006052
04013319001,0.020331
04013319002,0.004953
04013319101,0.094691
04013319103,0.008117
04013319104,0.168406
04013319201,0.005583
04013319202,0.041168
04013319300,0.008403
04013319401,0.005529
04013319402,0.00615
04013319403,0.006078
04013319404,0.03374
04013319500,0.034591
04013319600,0.008074
04013319705,0.092463
04013319706,0.055374
04013319707,0.030229
04013319708,0.006069
04013319709,0.030759
04013319710,0.021592
04013319801,0.007653
04013319802,0.005376
04013319902,0.01232
04013319903,0.023662
04013319904,0.088262
04013319905,0.006255
04013319906,0.032255
04013319907,0.007522
04013319908,0.029383
04013319909,0.015578
04013319910,0.015985
04013320001,0.057065
04013320002,0.136021
04013320007,0.004026
04013320100,0.02152
04013420104,0.084925
04013420105,0.012821
04013420107,0.003877
04013420108,0.011845
04013420109,0.006784
04013420110,0.006747
04013420111,0.005015
04013420112,0.015004
04013420113,0.007919
04013420114,0.031626
04013420115,0.013289
04013420116,0.098709
04013420202,0.05286
04013420206,0.02945
04013420207,0.010704
04013420208,0.006209
04013420209,0.011164
04013420210,0.018503
04013420211,0.016049
04013420212,0.03987
04013420213,0.010564
04013420214,0.130634
04013420215,0.008646
04013420216,0.008392
04013420301,0.045654
04013420302,0.009918
04013420303,0.004372
04013420304,0.044678
04013420401,0.037602
04013420402,0.007268
04013420503,0.031249
04013420504,0.031996
04013420505,0.005456
04013420506,0.102162
04013420602,0.004521
04013420603,0.007792
04013420604,0.005278
04013420704,0.023795
04013420705,0.011892
04013420706,0.014967
04013420707,0.021563
04013420708,0.029179
04013420709,0.025352
04013420710,0.023142
04013420800,0.006683
04013420901,0.006588
04013420902,0.005457
04013421001,0.170693
04013421002,0.020093
04013421101,0.018242
04013421102,0.026044
04013421201,0.017748
04013421202,0.209645
04013421302,0.03759
04013421303,0.014591
04013421304,0.017103
04013421400,0.011162
04013421501,0.006902
04013421502,0.004856
04013421601,0.043538
04013421602,0.008847
04013421701,0.007765
04013421702,0.023418
04013421801,0.003675
04013421802,0.012337
04013421901,0.009642
04013421902,0.03898
04013422001,0.006331
04013422002,0.021928
04013422102,0.019904
04013422103,0.036368
04013422104,0.008055
04013422105,0.008063
04013422106,0.06834
04013422107,0.095406
04013422203,0.041433
04013422209,0.004226
04013422210,0.007971
04013422211,0.009229
04013422212,0.044978
04013422213,0.009876
04013422215,0.006542
04013422216,0.019386
04013422217,0.117296
04013422218,0.003562
04013422219,0.005017
04013422220,0.008756
04013422221,0.042833
04013422222,0.005054
04013422223,0.024517
04013422224,0.031793
04013422225,0.008105
04013422226,0.126736
04013422227,0.006581
04013422301,0.007189
04013422302,0.005792
04013422304,0.088662
04013422305,0.011676
04013422307,0.044595
04013422308,0.012761
04013422309,0.017632
04013422401,0.028157
04013422402,0.004143
04013422403,0.003889
04013422404,0.01037
04013422501,0.00391
04013422502,0.013072
04013422503,0.005052
04013422504,0.048072
04013422506,0.066543
04013422507,0.022249
04013422508,0.006961
04013422509,0.164629
04013422510,0.01357
04013422511,0.009102
04013422512,0.004937
04013422513,0.03391
04013422514,0.073162
04013422607,0.050548
04013422609,0.060153
04013422610,0.016779
04013422615,0.018381
04013422617,0.006851
04013422618,0.016423
04013422620,0.005122
04013422621,0.044632
04013422622,0.010637
04013422623,0.005179
04013422624,0.02068
04013422625,0.033099
04013422626,0.028626
04013422627,0.009303
04013422628,0.012837
04013422629,0.034676
04013422630,0.006349
04013422632,0.019787
04013422633,0.02186
04013422634,0.021086
04013422636,0.016539
04013422637,0.012449
04013422638,0.010036
04013422639,0.034404
04013422640,0.035408
04013422642,0.019421
04013422643,0.009199
04013422647,0.006133
04013422648,0.004393
04013422649,0.009856
04013422650,0.030373
04013422651,0.003521
04013422652,0.022571
04013422653,0.007023
04013422654,0.004097
04013422655,0.036243
04013422656,0.060627
04013422657,0.010075
04013422658,0.007116
04013422659,0.015418
04013422660,0.009565
04013522801,0.493132
04013522802,0.003626
04013522901,0.006514
04013522903,0.111141
04013522904,0.005487
04013523002,0.004239
04013523005,0.005761
04013523006,0.135956
04013523007,0.053027
04013523008,0.003003
04013523102,0.014586
04013523103,0.036677
04013523104,0.017493
04013610001,0.297942
04013610002,0.088717
04013610100,0.007709
04013610201,0.033227
04013610202,0.019328
04013610301,0.058794
04013610302,0.026787
04013610400,0.010178
04013610500,0.024709
04013610600,0.010357
04013610700,0.073155
04013610800,0.013559
04013610901,0.013613
04013610902,0.015255
04013610903,0.025748
04013611000,0.019223
04013611100,0.004412
04013611200,0.004354
04013611300,0.008721
04013611400,0.040124
04013611500,0.003353
04013611600,0.005066
04013611700,0.009868
04013611800,0.017007
04013611900,0.00547
04013612000,0.019322
04013612200,0.035058
04013612301,0.017259
04013612302,0.020378
04013612401,0.002582
04013612402,0.029797
04013612500,0.062506
04013612600,0.00919
04013612700,0.032835
04013612800,0.048907
04013612900,0.009103
04013613000,0.006051
04013613100,0.00413
04013613200,0.011914
04013613300,0.006341
04013613400,0.006384
04013613500,0.120183
04013613601,0.00862
04013613602,0.008804
04013613700,0.054012
04013613800,0.004002
04013613900,0.010289
04013614000,0.003096
04013614100,0.003613
04013614200,0.01425
04013614300,0.04005
04013614400,0.020602
04013614500,0.008597
04013614601,0.03708
04013614602,0.094037
04013614700,0.031585
04013614800,0.003572
04013614900,0.166232
04013615001,0.003112
04013615002,0.026885
04013615100,0.090662
04013615201,0.028918
04013615202,0.056259
04013615300,0.026635
04013615400,0.038308
04013615500,0.027851
04013615600,0.046362
04013615700,0.023995
04013615800,0.002515
04013615900,0.023924
04013616000,0.004687
04013616100,0.005186
04013616200,0.033403
04013616300,0.003568
04013616400,0.056845
04013616500,0.008146
04013616600,0.013614
04013616700,0.031385
04013616800,0.006355
04013616900,0.009247
04013617001,0.025644
04013617002,0.025283
04013617100,0.044315
04013617200,0.007764
04013617300,0.010485
04013617400,0.078576
04013617500,0.023962
04013617600,0.016153
04013617700,0.024798
04013617800,0.048171
04013617900,0.011582
04013618000,0.006577
04013618100,0.005622
04013618200,0.003357
04013618300,0.006129
04013618400,0.002602
04013618500,0.009166
04013618600,0.020109
04013618700,0.002336
04013618800,0.014614
04013618900,0.019194
04013619000,0.027596
04013619100,0.031142
04013619200,0.026841
04013619300,0.00215
04013619400,0.042962
04013619500,0.01016
04013619601,0.027003
04013619602,0.006853
04013619700,0.004905
04013619800,0.006221
04013619900,0.01294
04013723304,0.09243
04013723305,0.105149
04013723306,0.066031
04013723307,0.036987
04013723309,0.001477
04013723310,0.012045
04013723311,0.011364
04013810000,0.041269
04013810100,0.006273
04013810200,0.040798
04013810300,0.003318
04013810400,0.010797
04013810500,0.006329
04013810600,0.026048
04013810700,0.00937
04013810800,0.014361
04013810900,0.005285
04013811000,0.036496
04013811100,0.061544
04013811200,0.052708
04013811300,0.013799
04013811400,0.004845
04013811500,0.002792
04013811600,0.002805
04013811700,0.003082
04013811800,0.028372
04013811900,0.01052
04013812000,0.032101
04013812100,0.025525
04013812200,0.0068
04013812300,0.006966
04013812400,0.007728
04013812500,0.016243
04013812600,0.028542
04013812700,0.004337
04013812801,0.003932
04013812802,0.046441
04013812900,0.006257
04013813000,0.005092
04013813100,0.003409
04013813200,0.0062
04013813300,0.038199
04013813400,0.005809
04013813500,0.02716
04013813600,0.005805
04013813700,0.016083
04013813800,0.019366
04013813900,0.026013
04013814000,0.017364
04013814100,0.004348
04013814200,0.032177
04013814300,0.02433
04013814400,0.024065
04013814500,0.059069
04013814600,0.013202
04013814700,0.003893
04013814801,0.017965
04013814802,0.00712
04013814900,0.005895
04013815000,0.006176
04013815100,0.001905
04013815201,0.018466
04013815202,0.002861
04013815203,0.01694
04013815300,0.05473
04013815401,0.006655
04013815402,0.014399
04013815501,0.004188
04013815502,0.044404
04013815601,0.010595
04013815602,0.004331
04013815700,0.016048
04013815800,0.011864
04013815901,0.055784
04013815902,0.004528
04013816001,0.02878
04013816002,0.007955
04013816003,0.026245
04013816004,0.009665
04013816005,0.008883
04013816100,0.003931
04013816200,0.003917
04013816301,0.028495
04013816302,0.009934
04013816401,0.022241
04013816402,0.004579
04013816501,0.018774
04013816502,0.008708
04013816600,0.00841
04013816700,0.007535
04013816800,0.009463
04013816901,0.004123
04013816902,0.011134
04013816903,0.002328
04013816904,0.005525
04013817000,0.026537
04013817101,0.019028
04013817102,0.026101
04013817103,0.003088
04013817200,0.00893
04013817300,0.022219
04013817400,0.020092
04013817500,0.020352
04013817600,0.010888
04013940700,0.028428
04013941000,0.012906
04013941100,0.106226
04013941200,0.035564
04013941300,0.031254
04013980100,0.094367
04013980400,0.274839
04013980500,0.018713
04013980700,0.034221
04013980900,0.023463
04013981000,0.48468
04015954801,0.170372
04015954802,0.146339
04017940014,0.008299
04017940015,0.010285
04017940100,0.194861
04017940301,0.063442
04017940302,0.321476
04017960100,0.176623
04017960200,0.110787
04017960400,0.05745
04017960500,0.203233
04017960600,0.04313
04017961300,0.073157
04017961701,0.109196
04017961702,0.271374
04017962501,0.194664
04017962502,0.378979
04017963300,0.139842
04017963400,0.122076
04017963700,0.012938
04017963800,0.01879
04017964201,0.088637
04017964202,0.06493
04017964801,0.013056
04017964802,0.200766
04017964901,0.197956
04017964902,0.085602
04017965201,0.262938
04017965202,0.213394
04017965301,0.135623
04017965302,0.035527
04019000100,0.229504
04019000200,0.031184
04019000300,0.003216
04019000401,0.004331
04019000402,0.005044
04019000501,0.008093
04019000502,0.006347
04019000600,0.035416
04019000700,0.002381
04019000800,0.023749
04019001100,0.007219
04019001200,0.017677
04019001302,0.007676
04019001303,0.021516
04019001304,0.03527
04019001400,0.008331
04019001500,0.006316
04019001600,0.023847
04019001700,0.044305
04019001801,0.023836
04019001802,0.007395
04019001900,0.009844
04019002000,0.087508
04019002100,0.005234
04019002201,0.027844
04019002202,0.007133
04019002300,0.009906
04019002400,0.012563
04019002503,0.023972
04019002504,0.004614
04019002505,0.008905
04019002507,0.009025
04019002508,0.002324
04019002509,0.005967
04019002602,0.021979
04019002603,0.023992
04019002604,0.011527
04019002702,0.009297
04019002703,0.0045
04019002704,0.006283
04019002801,0.045079
04019002802,0.01389
04019002803,0.019317
04019002901,0.007284
04019002904,0.039052
04019002905,0.016081
04019002906,0.006068
04019003002,0.008948
04019003003,0.006374
04019003004,0.056173
04019003102,0.003412
04019003103,0.105639
04019003104,0.044485
04019003201,0.008871
04019003202,0.006138
04019003302,0.005249
04019003303,0.008377
04019003304,0.006924
04019003400,0.008772
04019003502,0.010741
04019003503,0.052186
04019003504,0.007944
04019003505,0.032689
04019003506,0.007522
04019003601,0.148204
04019003702,0.007446
04019003704,0.029412
04019003705,0.002958
04019003706,0.004779
04019003707,0.006959
04019003801,0.039777
04019003802,0.004746
04019003901,0.01929
04019003902,0.00261
04019003903,0.008614
04019004008,0.003386
04019004010,0.008385
04019004026,0.006328
04019004029,0.020648
04019004030,0.011287
04019004031,0.061323
04019004032,0.003716
04019004033,0.005362
04019004034,0.001508
04019004035,0.003129
04019004036,0.004322
04019004037,0.004911
04019004038,0.002698
04019004039,0.006358
04019004042,0.031068
04019004043,0.040787
04019004044,0.145951
04019004046,0.00395
04019004047,0.005154
04019004048,0.010374
04019004049,0.002515
04019004050,0.002946
04019004051,0.002601
04019004052,0.234348
04019004053,0.004789
04019004054,0.012084
04019004055,0.026052
04019004056,0.010531
04019004057,0.004549
04019004058,0.003225
04019004061,0.188472
04019004062,0.00895
04019004063,0.024583
04019004065,0.031523
04019004066,0.026972
04019004067,0.076236
04019004068,0.017626
04019004069,0.008516
04019004070,0.044051
04019004071,0.002554
04019004072,0.003288
04019004073,0.007446
04019004074,0.01533
04019004075,0.011784
04019004076,0.003021
04019004077,0.007688
04019004078,0.13488
04019004079,0.014873
04019004080,0.008528
04019004081,0.00707
04019004082,0.005521
04019004109,0.148937
04019004110,0.003137
04019004112,0.025555
04019004114,0.013384
04019004115,0.033568
04019004116,0.008113
04019004117,0.017525
04019004118,0.011856
04019004122,0.003602
04019004126,0.027301
04019004127,0.033301
04019004128,0.035465
04019004129,0.020986
04019004130,0.024458
04019004131,0.033307
04019004132,0.037775
04019004133,0.086906
04019004307,0.128107
04019004310,0.010396
04019004311,0.030636
04019004312,0.003919
04019004313,0.297664
04019004316,0.034513
04019004317,0.029513
04019004320,0.131238
04019004321,0.003833
04019004322,0.003353
04019004323,0.178196
04019004324,0.092861
04019004325,0.351746
04019004326,0.019595
04019004327,0.028787
04019004328,0.035342
04019004330,0.016418
04019004332,0.013753
04019004333,0.002982
04019004335,0.032445
04019004336,0.105674
04019004337,0.033535
04019004338,0.015785
04019004339,0.003736
04019004340,0.038096
04019004404,0.168037
04019004407,0.002028
04019004412,0.012437
04019004413,0.014891
04019004414,0.00335
04019004415,0.044261
04019004418,0.006479
04019004419,0.013164
04019004422,0.004714
04019004423,0.037231
04019004424,0.175884
04019004425,0.078071
04019004426,0.109895
04019004428,0.038764
04019004430,0.016537
04019004431,0.008084
04019004432,0.00505
04019004433,0.003864
04019004434,0.00998
04019004435,0.005843
04019004436,0.020659
04019004437,0.026901
04019004438,0.010976
04019004439,0.006098
04019004440,0.012286
04019004505,0.007486
04019004506,0.010743
04019004508,0.051951
04019004510,0.011782
04019004511,0.00428
04019004512,0.0047
04019004513,0.009534
04019004514,0.005901
04019004515,0.063389
04019004610,0.004665
04019004613,0.006212
04019004614,0.018001
04019004615,0.021039
04019004616,0.029976
04019004617,0.050966
04019004618,0.022249
04019004619,0.036619
04019004620,0.068945
04019004621,0.004585
04019004622,0.179086
04019004623,0.027322
04019004624,0.005994
04019004625,0.250238
04019004626,0.014905
04019004627,0.034057
04019004628,0.01572
04019004630,0.020965
04019004631,0.213594
04019004632,0.259245
04019004633,0.031475
04019004634,0.003064
04019004635,0.053799
04019004636,0.013074
04019004639,0.046454
04019004640,0.01163
04019004641,0.003235
04019004642,0.015024
04019004643,0.035207
04019004644,0.008044
04019004645,0.007055
04019004646,0.013751
04019004647,0.018118
04019004648,0.175775
04019004649,0.021315
04019004650,0.031573
04019004710,0.051831
04019004711,0.030706
04019004712,0.003869
04019004713,0.230208
04019004714,0.01892
04019004715,0.222432
04019004717,0.027178
04019004718,0.011455
04019004720,0.010722
04019004721,0.011087
04019004722,0.032857
04019004723,0.022643
04019004724,0.019916
04019004725,0.064959
04019004726,0.022474
04019004727,0.195573
04019004728,0.346591
04019004729,0.004236
04019004730,0.004443
04019005200,0.143051
04019005300,0.003772
04019005400,0.017433
04019940800,0.047373
04019940900,0.009649
04019941000,0.089749
04019941100,0.009899
04019980001,0.507569
04019980002,0.102527
04019980100,0.039351
04019980200,0.126274
04019980300,0.079599
04019980400,0.199153
04021000201,0.249405
04021000204,0.005164
04021000206,0.041189
04021000208,0.012271
04021000211,0.052716
04021000212,0.086835
04021000215,0.014359
04021000216,0.008014
04021000217,0.117553
04021000218,0.003792
04021000219,0.025905
04021000220,0.015261
04021000221,0.035351
04021000222,0.003446
04021000223,0.00439
04021000224,0.009306
04021000225,0.003629
04021000226,0.005345
04021000227,0.004119
04021000228,0.015511
04021000229,0.05641
04021000307,0.075161
04021000309,0.044632
04021000310,0.016764
04021000311,0.177462
04021000312,0.069269
04021000313,0.011332
04021000315,0.06803
04021000316,0.039133
04021000317,0.003952
04021000319,0.053097
04021000320,0.043068
04021000321,0.026807
04021000322,0.0247
04021000323,0.07801
04021000324,0.018132
04021000325,0.022738
04021000400,0.162244
04021000603,0.087402
04021000604,0.232505
04021000700,0.107301
04021000802,0.090985
04021000804,0.021554
04021000805,0.00805
04021000806,0.003345
04021000807,0.337244
04021000808,0.333997
04021000902,0.080172
04021000903,0.380693
04021000904,0.187934
04021001000,0.177619
04021001100,0.109106
04021001200,0.125555
04021001303,0.077104
04021001305,0.004203
04021001306,0.004259
04021001307,0.137894
04021001308,0.084819
04021001309,0.022919
04021001310,0.023478
04021001403,0.014003
04021001404,0.022825
04021001405,0.037915
04021001406,0.043186
04021001407,0.162624
04021001408,0.184362
04021001500,0.049751
04021001600,0.029733
04021001701,0.221228
04021001704,0.045598
04021001705,0.15782
04021001706,0.093053
04021001707,0.004437
04021001709,0.032079
04021001712,0.149665
04021001713,0.013504
04021001714,0.005576
04021001715,0.038912
04021001716,0.00432
04021001717,0.021675
04021001900,0.017579
04021002001,0.239799
04021002004,0.094482
04021002005,0.129232
04021002104,0.034911
04021002105,0.015993
04021002106,0.112096
04021002107,0.186244
04021002200,0.107539
04021002300,0.262212
04021002400,0.439552
04021941200,0.035184
04021941300,0.028712
04021941401,0.066988
04021941402,0.053774
04023966000,0.089521
04023966101,0.181754
04023966103,0.085995
04023966106,0.185031
04023966107,0.029338
04023966108,0.122172
04023966109,0.05226
04023966110,0.011815
04023966111,0.168304
04023966200,0.049378
04023966301,0.183244
04023966302,0.206337
04023966401,0.04417
04023966402,0.095351
04025000205,0.024231
04025000206,0.033003
04025000207,0.333613
04025000208,0.331161
04025000209,0.311123
04025000210,0.032776
04025000211,0.093879
04025000301,0.03192
04025000302,0.024945
04025000403,0.009425
04025000404,0.003752
04025000405,0.004351
04025000406,0.296321
04025000407,0.001371
04025000501,0.040837
04025000502,0.031797
04025000604,0.005686
04025000608,0.009439
04025000609,0.011235
04025000611,0.089728
04025000612,0.085032
04025000613,0.00278
04025000614,0.003091
04025000615,0.036189
04025000616,0.014998
04025000617,0.131725
04025000618,0.020845
04025000619,0.061254
04025000701,0.109857
04025000702,0.055414
04025000802,0.087327
04025000803,0.018633
04025000804,0.329276
04025000901,0.117136
04025000902,0.003414
04025001002,0.028197
04025001003,0.00895
04025001004,0.064512
04025001103,0.034729
04025001104,0.006141
04025001105,0.112311
04025001106,0.047625
04025001201,0.247335
04025001202,0.021238
04025001300,0.193721
04025001401,0.040839
04025001402,0.333216
04025001403,0.140218
04025001501,0.1137
04025001502,0.107357
04025001601,0.034504
04025001602,0.090036
04025001604,0.123389
04025001605,0.169701
04025001701,0.109738
04025001703,0.292104
04025001704,0.19588
04025001705,0.119048
04025001801,0.110915
04025001803,0.101903
04025001804,0.16503
04025001901,0.06165
04025001902,0.148312
04025001903,0.060673
04025001904,0.057847
04025002001,0.075281
04025002002,0.090475
04025002003,0.140774
04025002005,0.020238
04025002006,0.020659
04025002007,0.081586
04025002100,0.113032
04027012100,0.11934
04027980003,0.037842
04027980004,0.096805
35023970000,0.039742
06007000102,0.015386
06007000103,0.020239
06007000104,0.006006
06007000201,0.21407
06007000202,0.124944
06007000300,0.092842
06007000401,0.031805
06007000403,0.020286
06007000404,0.061958
06007000501,0.20101
06007000502,0.273457
06007000601,0.032477
06007000603,0.032588
06007000604,0.033213
06007000700,0.0242
06007000800,0.05901
06007000901,0.02196
06007000903,0.01983
06007000904,0.161231
06007001000,0.056067
06007001100,0.159274
06007001200,0.006849
06007001300,0.018998
06007001400,0.090202
06007001500,0.021456
06007001601,0.167528
06007001602,0.211406
06007001702,0.16203
06007001703,0.00949
06007001704,0.025303
06007001800,0.14838
06007001900,0.110848
06007002000,0.19829
06007002100,0.157589
06007002200,0.07042
06007002300,0.222261
06007002401,0.08639
06007002402,0.110435
06007002500,0.064529
06007002601,0.303266
06007002602,0.201107
06007002700,0.042142
06007002800,0.022384
06007002900,0.015178
06007003001,0.217706
06007003002,0.019374
06007003100,0.314836
06007003200,0.011436
06007003300,0.017483
06007003400,0.107729
06007003501,0.013694
06007003502,0.146541
06007003600,0.137104
06007003700,0.176387
06011000100,0.123236
06011000200,0.116272
06011000301,0.158168
06011000302,0.18484
06011000400,0.05217
06011000500,0.267145
06015000202,0.20882
06017030601,0.232995
06017030603,0.302271
06017030604,0.025751
06017030605,0.227606
06017030606,0.237288
06017030701,0.030224
06017030706,0.007626
06017030709,0.004826
06017030710,0.002364
06017030801,0.046898
06017030901,0.060763
06017030902,0.033318
06017031000,0.126313
06017031100,0.075471
06017031700,0.035475
06021010101,0.193501
06021010102,0.224605
06021010200,0.163162
06021010300,0.108326
06021010401,0.14436
06021010402,0.245653
06021010501,0.064057
06021010502,0.17727
06023001200,0.01894
06023010102,0.172058
06023010902,0.036086
06023011600,0.127895
06023940000,0.245757
06033000100,0.10316
06033000300,0.042526
06033000401,0.004084
06033000402,0.035631
06033000501,0.081218
06033000502,0.048066
06033000601,0.066204
06033000602,0.131446
06033000702,0.098983
06033000703,0.017565
06033000704,0.042658
06033000801,0.009563
06033000802,0.008795
06033000901,0.021116
06033000902,0.046984
06033001000,0.152864
06033001101,0.042568
06033001102,0.056681
06033001200,0.014934
06033001301,0.057683
06033001302,0.118752
06035040100,0.106094
06035040200,0.052406
06035040302,0.1691
06035040303,0.094819
06035040304,0.269818
06035040305,0.03684
06035040400,0.223992
06035040500,0.116114
06035040600,0.130372
06045010100,0.148906
06045010200,0.166362
06045010601,0.260059
06045010602,0.207023
06045010801,0.12316
06045010802,0.005582
06045011700,0.054321
06045011800,0.179793
06049000100,0.239603
06049000200,0.042588
06049000300,0.197314
06055201800,0.197241
06057000102,0.041567
06057000104,0.043851
06057000105,0.132184
06057000106,0.199365
06057000107,0.144279
06057000200,0.023379
06057000300,0.155091
06057000401,0.016926
06057000403,0.309382
06057000404,0.022271
06057000502,0.035246
06057000503,0.013303
06057000504,0.118758
06057000601,0.078347
06057000602,0.07988
06057000701,0.308313
06057000702,0.220919
06057000801,0.266877
06057000802,0.205796
06057000900,0.187327
06061020200,0.035552
06061020300,0.188912
06061020401,0.053308
06061020402,0.254306
06061020501,0.191785
06061020502,0.039089
06061020601,0.016766
06061020604,0.035155
06061020605,0.127203
06061020606,0.011124
06061020607,0.010186
06061020608,0.03337
06061020710,0.004788
06061020711,0.018032
06061020712,0.008902
06061020713,0.071081
06061020714,0.017298
06061020715,0.002863
06061020717,0.032586
06061020805,0.026862
06061020806,0.03119
06061020901,0.02912
06061020908,0.145297
06061021003,0.020543
06061021034,0.010628
06061021037,0.03224
06061021038,0.00401
06061021039,0.015941
06061021040,0.026493
06061021043,0.02213
06061021044,0.005113
06061021045,0.00556
06061021046,0.011219
06061021047,0.001991
06061021048,0.020195
06061021103,0.012562
06061021106,0.013201
06061021108,0.13995
06061021109,0.030746
06061021122,0.016002
06061021123,0.0231
06061021128,0.040276
06061021129,0.028699
06061021130,0.067295
06061021131,0.010746
06061021203,0.030114
06061021204,0.166859
06061021304,0.071533
06061021323,0.002346
06061021324,0.010773
06061021325,0.002558
06061021326,0.001497
06061021327,0.011308
06061021328,0.005457
06061021401,0.006792
06061021403,0.003228
06061021501,0.186445
06061021502,0.183965
06061021603,0.156741
06061021604,0.202734
06061021801,0.284976
06061021802,0.141628
06061021901,0.086897
06061021902,0.034827
06061022002,0.132816
06061022013,0.260403
06061022014,0.247286
06061022400,0.03391
06061022500,0.005199
06061022600,0.022894
06061022800,0.038923
06061022900,0.027813
06061023000,0.005071
06061023100,0.036651
06061023200,0.006139
06061023300,0.007791
06061023400,0.015674
06061023501,0.010768
06061023502,0.003427
06061023600,0.02245
06061023700,0.06571
06061023800,0.006002
06061023900,0.133266
06063000100,0.198335
06063000201,0.094663
06063000202,0.125677
06063000300,0.123404
06063000400,0.198291
06063000501,0.225152
06063000502,0.16778
06067000100,0.051756
06067000200,0.06412
06067000300,0.009549
06067000400,0.030685
06067000501,0.159096
06067000502,0.348383
06067000600,0.007079
06067000700,0.042907
06067000800,0.055803
06067001102,0.150902
06067001103,0.074424
06067001201,0.034636
06067001202,0.010925
06067001300,0.008109
06067001400,0.020122
06067001500,0.037912
06067001601,0.006025
06067001602,0.057112
06067001702,0.074769
06067001800,0.006005
06067001900,0.067463
06067002000,0.01799
06067002100,0.085572
06067002200,0.039494
06067002300,0.063064
06067002400,0.005497
06067002500,0.005002
06067002600,0.013922
06067002700,0.081946
06067005301,0.034637
06067005402,0.012882
06067005403,0.12733
06067005404,0.018961
06067005502,0.009209
06067005505,0.009936
06067005506,0.007708
06067005508,0.069601
06067005509,0.019387
06067005510,0.01194
06067005601,0.018882
06067005605,0.009379
06067005606,0.006988
06067005701,0.014071
06067005702,0.006394
06067005801,0.004988
06067005803,0.003003
06067005901,0.00791
06067005903,0.008628
06067005904,0.005325
06067006002,0.011425
06067006003,0.141265
06067006004,0.004211
06067006101,0.110399
06067006102,0.013423
06067006202,0.036664
06067006203,0.044205
06067006204,0.005665
06067006300,0.003174
06067006400,0.02492
06067006501,0.047397
06067006502,0.050196
06067006600,0.006888
06067006703,0.009216
06067006704,0.006143
06067006705,0.026183
06067006706,0.019029
06067006801,0.007208
06067006802,0.014899
06067006803,0.018894
06067006901,0.077378
06067006902,0.064034
06067007001,0.020451
06067007007,0.009473
06067007010,0.061158
06067007011,0.029526
06067007012,0.00661
06067007013,0.017025
06067007016,0.008176
06067007017,0.051019
06067007019,0.067017
06067007020,0.051379
06067007021,0.028878
06067007022,0.084174
06067007023,0.006516
06067007024,0.036986
06067007025,0.012211
06067007026,0.001908
06067007027,0.003944
06067007028,0.020189
06067007101,0.075509
06067007103,0.006213
06067007105,0.012914
06067007106,0.006134
06067007107,0.077726
06067007108,0.007076
06067007109,0.026291
06067007110,0.009126
06067007111,0.014486
06067007202,0.005645
06067007204,0.00832
06067007206,0.002834
06067007207,0.035256
06067007208,0.033785
06067007209,0.005171
06067007301,0.007096
06067007402,0.005214
06067007403,0.128883
06067007413,0.030169
06067007414,0.002687
06067007415,0.022738
06067007416,0.019745
06067007417,0.005615
06067007422,0.046248
06067007423,0.099728
06067007424,0.006554
06067007426,0.014435
06067007427,0.010715
06067007428,0.019806
06067007429,0.012844
06067007430,0.017896
06067007431,0.002301
06067007432,0.00521
06067007434,0.005801
06067007435,0.029766
06067007436,0.026893
06067007437,0.004893
06067007438,0.018323
06067007439,0.023151
06067007501,0.081951
06067007503,0.082446
06067007504,0.083391
06067007602,0.015191
06067007603,0.004122
06067007604,0.031912
06067007701,0.006735
06067007702,0.00812
06067007801,0.024761
06067007802,0.008984
06067007903,0.004978
06067007904,0.003689
06067007905,0.011972
06067007906,0.019639
06067008005,0.016327
06067008006,0.015362
06067008007,0.057577
06067008008,0.062883
06067008009,0.006589
06067008010,0.008377
06067008111,0.031581
06067008113,0.076443
06067008117,0.006587
06067008119,0.009222
06067008120,0.005222
06067008122,0.014434
06067008124,0.051177
06067008125,0.003934
06067008127,0.054803
06067008128,0.129114
06067008129,0.04914
06067008130,0.021081
06067008131,0.103124
06067008132,0.11241
06067008133,0.037751
06067008134,0.058627
06067008135,0.149607
06067008136,0.087415
06067008137,0.006138
06067008138,0.022311
06067008139,0.105234
06067008140,0.004862
06067008141,0.010877
06067008142,0.014166
06067008143,0.017657
06067008144,0.008401
06067008145,0.034405
06067008203,0.003631
06067008204,0.05973
06067008206,0.014512
06067008207,0.003956
06067008208,0.023801
06067008209,0.013181
06067008210,0.018842
06067008211,0.00378
06067008402,0.00679
06067008403,0.038079
06067008404,0.012275
06067008501,0.011241
06067008504,0.091564
06067008505,0.027279
06067008506,0.07088
06067008507,0.009195
06067008508,0.019256
06067008509,0.00741
06067008510,0.021667
06067008512,0.003444
06067008702,0.005672
06067008703,0.039247
06067008909,0.036404
06067008912,0.035601
06067008913,0.003842
06067988300,0.00576
06089010100,0.159201
06089010200,0.017383
06089010300,0.092906
06089010400,0.119843
06089010500,0.031945
06089010601,0.028035
06089010602,0.129651
06089010603,0.110095
06089010702,0.108769
06089010703,0.0804
06089010704,0.040255
06089010803,0.018997
06089010804,0.004584
06089010805,0.006447
06089010806,0.128644
06089010807,0.064265
06089010900,0.058041
06089011001,0.006479
06089011002,0.201227
06089011100,0.019552
06089011209,0.039031
06089011300,0.009723
06089011401,0.026902
06089011402,0.006203
06089011403,0.007382
06089011501,0.04129
06089011502,0.024022
06089011600,0.121193
06089011701,0.084429
06089011702,0.29329
06089011703,0.137947
06089011801,0.041553
06089011802,0.054805
06089011803,0.069132
06089011900,0.017269
06089012000,0.145268
06089012101,0.05144
06089012102,0.035386
06089012200,0.092935
06089012301,0.231955
06089012302,0.026336
06089012303,0.003318
06089012400,0.057952
06089012500,0.174916
06089012603,0.170092
06089012604,0.027524
06089012605,0.020538
06089012606,0.08032
06089012701,0.176061
06089012702,0.119921
06091010000,0.081762
06093000300,0.075204
06093000701,0.195102
06093000800,0.166371
06093000901,0.165371
06093000902,0.178618
06093001001,0.182482
06093001002,0.269627
06093001003,0.100256
06093001100,0.144033
06093001200,0.165084
06093001300,0.128414
06097154100,0.105777
06101050101,0.00854
06101050102,0.041683
06101050201,0.062956
06101050202,0.036814
06101050301,0.042347
06101050302,0.005364
06101050401,0.00607
06101050402,0.023657
06101050403,0.050424
06101050501,0.178289
06101050503,0.269914
06101050504,0.336461
06101050601,0.085392
06101050603,0.010845
06101050604,0.159562
06101050701,0.191967
06101050702,0.073015
06101050800,0.063097
06101050900,0.103143
06101051000,0.082594
06101051100,0.083426
06103000100,0.237943
06103000201,0.228462
06103000202,0.044684
06103000300,0.114292
06103000400,0.1876
06103000500,0.220538
06103000600,0.154677
06103000701,0.165155
06103000702,0.125872
06103000800,0.155336
06103000900,0.082364
06103001000,0.072074
06103001101,0.171341
06103001102,0.199895
06105000101,0.197344
06105000102,0.146638
06105000200,0.11364
06105000500,0.085531
06113010102,0.057923
06113010103,0.003204
06113010104,0.031651
06113010105,0.022139
06113010201,0.033504
06113010203,0.094392
06113010204,0.09858
06113010313,0.013798
06113010315,0.033728
06113010401,0.141396
06113010505,0.134287
06113010800,0.204518
06113010901,0.122788
06113010902,0.295791
06113011001,0.103357
06113011002,0.050287
06113011101,0.019073
06113011102,0.078774
06113011103,0.053092
06113011203,0.002386
06113011204,0.020902
06113011207,0.183315
06113011208,0.074453
06113011209,0.050045
06113011210,0.003945
06113011211,0.011933
06113011400,0.140169
06113011500,0.113505
06115040100,0.10002
06115040201,0.304094
06115040202,0.155613
06115040301,0.008275
06115040302,0.03915
06115040304,0.009685
06115040305,0.006036
06115040400,0.005047
06115040500,0.013008
06115040600,0.020472
06115040701,0.017233
06115040702,0.094601
06115040800,0.006207
06115040901,0.00994
06115040902,0.007981
06115041001,0.066981
06115041002,0.004625
06115041101,0.114298
06115041102,0.191628
48001950100,0.02242
48001950401,0.069152
48001950402,0.195165
48001950500,0.123597
48001950600,0.13408
48001950700,0.139396
48001950800,0.12894
48001950901,0.066348
48001950902,0.045866
48001951001,0.034558
48001951002,0.159055
48001951100,0.122131
48005000102,0.090764
48005000104,0.11149
48007950101,0.271207
48007950102,0.181511
48007950103,0.068658
48007950200,0.312443
48007950301,0.093492
48007950302,0.151325
48007950400,0.216233
48007950501,0.085678
48007950502,0.185971
48007950503,0.196712
48009020200,0.097019
48009020300,0.142666
48013960101,0.038174
48013960102,0.149367
48013960203,0.078412
48013960204,0.009867
48013960205,0.09595
48013960206,0.063434
48013960300,0.125416
48013960401,0.417819
48013960403,0.218362
48013960404,0.287944
48013960500,0.037486
48013960601,0.126268
48013960602,0.033483
48015760100,0.005181
48015760201,0.070437
48015760202,0.081299
48015760301,0.017981
48015760302,0.056245
48015760400,0.041324
48015760501,0.044119
48015760502,0.084196
48019000101,0.136149
48019000103,0.146084
48019000104,0.182286
48019000200,0.118149
48019000301,0.093845
48019000302,0.101963
48019000400,0.071414
48021950101,0.016955
48021950102,0.091961
48021950201,0.097405
48021950202,0.110869
48021950301,0.047308
48021950302,0.008967
48021950303,0.037039
48021950401,0.086029
48021950402,0.132631
48021950403,0.091504
48021950503,0.073496
48021950504,0.03283
48021950505,0.019801
48021950506,0.059854
48021950601,0.020229
48021950602,0.025194
48021950700,0.079436
48021950803,0.043559
48021950804,0.005856
48021950805,0.167126
48021950806,0.173917
48023950301,0.068655
48023950302,0.224549
48025950100,0.014901
48025950201,0.172402
48025950203,0.060939
48025950204,0.127157
48025950300,0.037481
48025950400,0.16758
48025950501,0.217998
48025950502,0.20188
48025950600,0.154782
48027020101,0.14194
48027020102,0.015236
48027020201,0.074444
48027020203,0.180141
48027020204,0.116608
48027020301,0.122321
48027020302,0.086025
48027020401,0.021212
48027020402,0.054368
48027020500,0.149688
48027020600,0.105496
48027020701,0.109039
48027020702,0.016017
48027020800,0.09931
48027020900,0.135768
48027021000,0.060213
48027021101,0.106164
48027021102,0.011396
48027021201,0.117296
48027021202,0.052145
48027021203,0.102503
48027021301,0.043466
48027021302,0.083222
48027021304,0.064923
48027021305,0.015698
48027021400,0.063165
48027021501,0.016981
48027021502,0.063411
48027021601,0.093434
48027021602,0.155115
48027021701,0.040851
48027021702,0.164616
48027021801,0.147614
48027021802,0.055468
48027021901,0.106948
48027021905,0.077025
48027021906,0.004326
48027021907,0.016142
48027021908,0.034072
48027022001,0.132684
48027022002,0.00925
48027022101,0.006645
48027022103,0.013207
48027022104,0.029681
48027022105,0.017017
48027022200,0.025391
48027022300,0.048199
48027022401,0.056237
48027022402,0.004886
48027022403,0.008105
48027022405,0.117148
48027022406,0.110208
48027022407,0.002476
48027022501,0.138807
48027022503,0.022144
48027022504,0.004926
48027022600,0.161654
48027022801,0.005227
48027022900,0.181654
48027023001,0.016887
48027023002,0.012738
48027023103,0.161144
48027023104,0.096886
48027023109,0.036429
48027023110,0.030469
48027023111,0.059281
48027023112,0.035579
48027023113,0.011189
48027023114,0.004075
48027023115,0.012005
48027023116,0.049111
48027023117,0.100771
48027023118,0.145117
48027023201,0.112506
48027023202,0.055584
48027023203,0.144768
48027023204,0.027017
48027023301,0.0387
48027023302,0.085874
48027023402,0.009007
48027023404,0.022418
48027023405,0.016826
48027023406,0.022981
48027023500,0.215661
48027980001,0.150534
48027980002,0.344793
48027980003,0.04886
48029110100,0.049445
48029110300,0.016697
48029110500,0.010459
48029110600,0.031303
48029110700,0.057569
48029111000,0.021304
48029111100,0.019951
48029120100,0.027307
48029120301,0.093435
48029120302,0.02683
48029120401,0.035969
48029120402,0.113718
48029120502,0.110453
48029120503,0.006429
48029120504,0.03036
48029120601,0.068569
48029120602,0.14002
48029120701,0.023955
48029120702,0.123477
48029120800,0.007852
48029120901,0.025111
48029120902,0.033426
48029121000,0.020211
48029121110,0.023992
48029121111,0.049173
48029121112,0.062548
48029121115,0.016155
48029121116,0.030129
48029121117,0.018199
48029121118,0.033264
48029121119,0.009579
48029121120,0.019318
48029121121,0.007796
48029121122,0.01921
48029121123,0.040487
48029121124,0.021674
48029121203,0.10156
48029121204,0.04341
48029121205,0.036564
48029121206,0.014867
48029121300,0.004816
48029121402,0.010814
48029121403,0.006438
48029121404,0.059251
48029121501,0.028819
48029121504,0.0165
48029121505,0.034719
48029121506,0.045609
48029121507,0.006752
48029121508,0.008335
48029121601,0.090868
48029121604,0.022764
48029121605,0.006175
48029121606,0.031016
48029121701,0.246056
48029121702,0.027574
48029121802,0.026731
48029121803,0.01885
48029121804,0.011973
48029121808,0.005499
48029121809,0.01445
48029121810,0.026363
48029121811,0.00309
48029121812,0.01208
48029121813,0.052307
48029121903,0.004242
48029121904,0.033353
48029121905,0.09201
48029121906,0.010646
48029121908,0.03802
48029121909,0.012616
48029121910,0.010688
48029121911,0.009732
48029121912,0.02153
48029130200,0.031346
48029130300,0.00686
48029130401,0.068805
48029130402,0.076368
48029130500,0.020665
48029130600,0.006273
48029130700,0.013209
48029130800,0.038063
48029130900,0.02709
48029131000,0.04738
48029131100,0.008312
48029131200,0.200401
48029131300,0.149866
48029131401,0.124886
48029131402,0.111636
48029131503,0.036845
48029131504,0.061884
48029131505,0.007529
48029131506,0.032782
48029131507,0.01259
48029131601,0.106496
48029131606,0.104092
48029131608,0.04396
48029131609,0.024374
48029131610,0.05188
48029131612,0.042584
48029131614,0.011748
48029131615,0.023328
48029131616,0.167678
48029131700,0.051347
48029131801,0.044839
48029131802,0.073398
48029140100,0.046705
48029140200,0.066387
48029140300,0.062129
48029140400,0.021084
48029140500,0.01798
48029140600,0.022342
48029140700,0.008276
48029140800,0.011274
48029140900,0.037882
48029141000,0.031127
48029141101,0.021497
48029141102,0.055831
48029141200,0.006325
48029141300,0.053434
48029141402,0.143601
48029141403,0.10744
48029141404,0.007813
48029141600,0.086111
48029141700,0.062068
48029141800,0.112397
48029141900,0.221766
48029150100,0.056587
48029150300,0.012528
48029150400,0.055362
48029150501,0.039804
48029150502,0.003451
48029150600,0.037231
48029150700,0.011639
48029150800,0.288756
48029150900,0.041989
48029151000,0.050952
48029151100,0.046215
48029151200,0.034589
48029151301,0.024487
48029151302,0.114117
48029151400,0.088335
48029151500,0.118387
48029151600,0.010026
48029151700,0.084609
48029151900,0.082181
48029152000,0.045563
48029152100,0.271473
48029152201,0.047625
48029152202,0.077695
48029160100,0.03166
48029160200,0.059158
48029160300,0.138899
48029160400,0.006916
48029160501,0.008154
48029160502,0.066348
48029160600,0.004455
48029160701,0.035922
48029160702,0.006346
48029160901,0.122623
48029160902,0.017002
48029161000,0.120838
48029161100,0.037324
48029161200,0.051884
48029161302,0.071461
48029161303,0.01424
48029161304,0.012048
48029161400,0.204163
48029161501,0.047533
48029161503,0.158684
48029161504,0.004008
48029161600,0.020046
48029161801,0.071874
48029161802,0.075488
48029161901,0.064323
48029161902,0.063612
48029162001,0.146248
48029162003,0.179011
48029162004,0.103421
48029170101,0.223066
48029170102,0.006436
48029170200,0.00776
48029170300,0.012623
48029170401,0.025305
48029170402,0.008522
48029170500,0.204769
48029170600,0.016293
48029170700,0.005955
48029170800,0.004894
48029170900,0.007761
48029171000,0.006393
48029171100,0.005463
48029171200,0.036467
48029171301,0.005688
48029171302,0.009186
48029171401,0.002744
48029171402,0.056069
48029171501,0.006636
48029171502,0.004716
48029171601,0.00827
48029171602,0.043227
48029171700,0.028166
48029171801,0.025646
48029171802,0.024494
48029171903,0.033639
48029171912,0.010767
48029171913,0.144396
48029171914,0.010946
48029171915,0.027543
48029171916,0.020409
48029171917,0.013103
48029171918,0.006349
48029171919,0.025983
48029171920,0.003946
48029171921,0.081538
48029171922,0.008538
48029171923,0.072876
48029171924,0.00911
48029171926,0.016175
48029171927,0.020906
48029171928,0.005578
48029171929,0.004101
48029172002,0.106862
48029172003,0.03874
48029172004,0.006061
48029172005,0.01091
48029172006,0.010721
48029172008,0.014381
48029172009,0.035308
48029180101,0.00756
48029180102,0.005708
48029180201,0.04787
48029180202,0.008316
48029180300,0.067233
48029180400,0.251371
48029180501,0.140744
48029180503,0.008254
48029180504,0.005891
48029180602,0.023901
48029180603,0.041727
48029180604,0.123382
48029180701,0.050339
48029180702,0.00954
48029180800,0.036422
48029180901,0.036383
48029180902,0.035467
48029181001,0.035382
48029181003,0.155792
48029181004,0.114331
48029181005,0.041789
48029181100,0.011532
48029181200,0.009446
48029181301,0.052484
48029181302,0.077137
48029181303,0.13045
48029181402,0.066901
48029181403,0.295525
48029181404,0.142812
48029181503,0.02387
48029181504,0.016511
48029181505,0.010279
48029181506,0.039319
48029181601,0.041593
48029181602,0.026325
48029181703,0.034094
48029181704,0.084065
48029181705,0.061192
48029181711,0.006198
48029181712,0.042434
48029181713,0.007116
48029181715,0.004406
48029181716,0.039346
48029181718,0.005185
48029181720,0.035292
48029181721,0.035719
48029181722,0.003317
48029181723,0.01075
48029181724,0.13519
48029181725,0.055618
48029181726,0.007343
48029181727,0.011559
48029181729,0.004208
48029181730,0.017131
48029181731,0.004293
48029181732,0.026354
48029181733,0.002484
48029181808,0.008136
48029181809,0.014412
48029181811,0.106247
48029181813,0.018276
48029181814,0.02271
48029181815,0.116811
48029181816,0.007365
48029181817,0.011965
48029181818,0.006632
48029181819,0.012318
48029181820,0.017333
48029181821,0.02745
48029181822,0.034638
48029181823,0.035333
48029181824,0.002066
48029181825,0.036703
48029181826,0.008665
48029181901,0.021102
48029181902,0.01364
48029182001,0.030132
48029182002,0.130733
48029182003,0.017232
48029182101,0.05651
48029182102,0.037271
48029182103,0.143735
48029182105,0.039222
48029182106,0.091155
48029190100,0.044669
48029190200,0.008313
48029190400,0.010573
48029190501,0.042058
48029190503,0.010608
48029190504,0.083352
48029190601,0.095954
48029190603,0.008227
48029190604,0.028754
48029190700,0.013603
48029190800,0.035513
48029190901,0.013077
48029190902,0.061585
48029191003,0.004543
48029191004,0.008454
48029191005,0.052537
48029191006,0.015846
48029191101,0.015379
48029191102,0.014034
48029191201,0.003605
48029191202,0.014461
48029191303,0.012706
48029191304,0.011961
48029191405,0.005879
48029191406,0.036215
48029191408,0.022084
48029191409,0.02332
48029191410,0.053413
48029191411,0.009349
48029191412,0.006266
48029191413,0.01681
48029191503,0.01552
48029191504,0.052019
48029191505,0.015442
48029191506,0.034362
48029191701,0.183089
48029191702,0.016744
48029191804,0.00547
48029191806,0.01461
48029191807,0.011704
48029191808,0.029456
48029191809,0.056233
48029191810,0.017027
48029191811,0.009801
48029191812,0.007173
48029191813,0.009313
48029191814,0.017401
48029191815,0.046978
48029191816,0.054311
48029191818,0.023076
48029191819,0.006577
48029191900,0.051725
48029192000,0.043637
48029192100,0.030122
48029192200,0.159165
48029192300,0.023145
48029980001,0.080901
48029980002,0.231468
48029980003,0.034466
48029980004,0.126172
48029980005,0.018144
48029980100,0.02589
48031950101,0.14754
48031950102,0.086893
48031950201,0.132244
48031950202,0.092203
48033950100,0.230759
48035950100,0.047254
48035950200,0.145886
48035950300,0.201762
48035950400,0.129578
48035950500,0.032739
48035950600,0.210244
48035950700,0.051063
48039660100,0.060242
48039660200,0.09778
48039660301,0.061537
48039660302,0.005064
48039660303,0.034509
48039660401,0.03011
48039660402,0.005086
48039660403,0.078718
48039660501,0.250268
48039660502,0.011328
48039660503,0.061409
48039660504,0.010082
48039660603,0.007314
48039660604,0.003563
48039660605,0.004916
48039660606,0.032325
48039660607,0.020649
48039660608,0.032744
48039660609,0.003804
48039660610,0.061372
48039660611,0.034419
48039660612,0.018157
48039660613,0.006066
48039660614,0.227348
48039660615,0.010385
48039660616,0.004148
48039660703,0.019335
48039660704,0.026948
48039660705,0.010312
48039660706,0.043914
48039660707,0.00762
48039660708,0.051035
48039660803,0.003509
48039660804,0.122302
48039660805,0.005283
48039660806,0.040737
48039660901,0.142692
48039660902,0.055908
48039661000,0.139428
48039661100,0.149179
48039661200,0.169841
48039661300,0.169231
48039661400,0.034808
48039661501,0.064826
48039661502,0.100128
48039661601,0.272553
48039661602,0.098928
48039661700,0.129005
48039661800,0.114803
48039661901,0.042939
48039661902,0.018123
48039662000,0.019755
48039662100,0.111544
48039662200,0.137474
48039662300,0.223986
48039662400,0.182916
48039662500,0.067836
48039662600,0.197589
48039662700,0.040509
48039662800,0.013995
48039662900,0.122927
48039663000,0.175381
48039663100,0.10846
48039663200,0.009666
48039663300,0.051852
48039663400,0.073894
48039663500,0.034632
48039663600,0.018776
48039663700,0.086192
48039663800,0.066256
48039663900,0.098374
48039664000,0.08992
48039664100,0.034072
48039664200,0.070807
48039664300,0.047715
48039664400,0.043603
48039664501,0.019327
48039990000,0.034668
48041000103,0.318576
48041000104,0.20637
48041000105,0.004366
48041000106,0.228832
48041000107,0.013065
48041000108,0.272857
48041000203,0.040687
48041000204,0.025074
48041000205,0.112972
48041000206,0.021981
48041000207,0.066022
48041000301,0.111674
48041000302,0.102096
48041000401,0.081088
48041000402,0.047391
48041000501,0.155739
48041000502,0.033508
48041000603,0.013227
48041000605,0.006763
48041000606,0.012524
48041000700,0.008308
48041000800,0.059105
48041000900,0.014522
48041001001,0.020739
48041001002,0.027521
48041001101,0.008732
48041001102,0.025669
48041001301,0.016233
48041001302,0.059615
48041001303,0.109419
48041001401,0.042348
48041001604,0.00535
48041001605,0.027007
48041001606,0.031663
48041001607,0.132593
48041001608,0.00435
48041001702,0.091433
48041001703,0.101327
48041001704,0.086495
48041001801,0.020661
48041001803,0.004583
48041001804,0.02351
48041001901,0.04631
48041001902,0.025101
48041002001,0.052351
48041002006,0.038681
48041002009,0.029586
48041002010,0.047269
48041002011,0.009535
48041002014,0.019502
48041002016,0.035708
48041002017,0.026052
48041002018,0.01719
48041002019,0.002217
48041002020,0.031633
48041002021,0.007087
48041002022,0.019998
48041002023,0.015191
48041002024,0.015212
48041002025,0.044066
48041002026,0.243949
48041002100,0.012372
48041980000,0.005719
48047950100,0.150173
48047950200,0.156378
48049950100,0.039189
48049950201,0.021867
48049950202,0.183568
48049950300,0.220444
48049950500,0.034646
48049950600,0.151624
48049950700,0.061606
48049950800,0.088954
48049950900,0.011997
48049951000,0.01457
48049951100,0.046646
48049951200,0.181472
48049951300,0.034083
48051970100,0.094097
48051970201,0.051153
48051970202,0.044815
48051970300,0.177698
48051970400,0.093018
48051970501,0.175116
48051970502,0.015309
48053960101,0.019836
48053960102,0.050273
48053960200,0.17145
48053960301,0.211706
48053960302,0.172773
48053960401,0.104776
48053960402,0.054098
48053960501,0.052566
48053960502,0.042227
48053960600,0.026946
48053960701,0.09683
48053960702,0.059573
48053960801,0.120027
48053960802,0.215752
48053960803,0.018664
48055960102,0.030589
48055960103,0.138614
48055960104,0.173329
48055960200,0.047589
48055960300,0.191675
48055960400,0.073211
48055960501,0.057161
48055960502,0.139447
48055960600,0.155414
48055960701,0.078868
48055960702,0.138062
48057000100,0.096619
48057000200,0.190003
48057000300,0.259638
48057000401,0.104288
48057000402,0.180636
48057000501,0.180888
48057000502,0.186019
48057990000,0.038818
48059030101,0.010267
48059030102,0.011952
48059030200,0.044471
48061010101,0.019511
48061010102,0.296375
48061010103,0.063473
48061010201,0.055075
48061010204,0.096209
48061010205,0.170126
48061010301,0.05479
48061010303,0.013755
48061010304,0.045453
48061010403,0.254895
48061010404,0.011221
48061010405,0.065782
48061010406,0.024866
48061010500,0.121946
48061010602,0.341423
48061010603,0.10634
48061010604,0.143918
48061010700,0.072516
48061010801,0.06048
48061010802,0.047633
48061010900,0.199133
48061011000,0.095963
48061011100,0.093245
48061011200,0.161493
48061011301,0.151412
48061011302,0.338856
48061011401,0.110594
48061011402,0.247658
48061011500,0.166854
48061011601,0.050361
48061011602,0.063745
48061011701,0.173722
48061011702,0.16983
48061011801,0.134609
48061011802,0.021907
48061011903,0.017506
48061011904,0.093255
48061011905,0.206109
48061011906,0.038869
48061011907,0.086483
48061011908,0.023813
48061012002,0.034287
48061012003,0.026451
48061012004,0.062022
48061012103,0.070738
48061012104,0.015507
48061012105,0.009899
48061012106,0.003688
48061012201,0.068273
48061012202,0.010221
48061012203,0.006471
48061012301,0.028891
48061012304,0.052797
48061012305,0.099434
48061012402,0.139738
48061012403,0.084619
48061012404,0.079873
48061012506,0.079012
48061012508,0.053972
48061012509,0.043869
48061012510,0.074663
48061012511,0.184195
48061012512,0.354064
48061012513,0.123318
48061012514,0.004362
48061012515,0.021548
48061012516,0.008127
48061012517,0.003851
48061012607,0.025594
48061012608,0.136782
48061012613,0.098404
48061012614,0.034912
48061012615,0.009176
48061012616,0.00275
48061012617,0.024675
48061012700,0.16478
48061012800,0.028165
48061012900,0.295042
48061013002,0.069662
48061013003,0.082834
48061013004,0.201089
48061013102,0.051851
48061013104,0.007542
48061013106,0.104549
48061013203,0.155817
48061013204,0.021132
48061013205,0.142506
48061013206,0.173547
48061013207,0.064267
48061013303,0.263724
48061013305,0.014959
48061013306,0.01456
48061013307,0.030756
48061013308,0.033346
48061013309,0.012536
48061013401,0.175169
48061013402,0.114383
48061013500,0.113391
48061013600,0.336305
48061013700,0.088928
48061013801,0.004542
48061013802,0.012302
48061013901,0.006866
48061013902,0.185112
48061013903,0.035142
48061014001,0.018104
48061014002,0.026834
48061014101,0.002995
48061014102,0.014079
48061014103,0.016864
48061014201,0.16791
48061014202,0.087657
48061014300,0.281316
48061014401,0.102851
48061014402,0.045829
48061014403,0.007834
48061014404,0.004432
48061014501,0.007484
48061014502,0.002033
48061980001,0.11713
48061980100,0.508708
48063950101,0.038883
48063950102,0.191351
48063950200,0.159301
48073950100,0.181204
48073950201,0.077495
48073950202,0.28226
48073950301,0.120245
48073950302,0.152682
48073950400,0.221473
48073950500,0.234784
48073950600,0.189687
48073950700,0.242779
48073950801,0.125112
48073950802,0.190134
48073950900,0.18081
48073951000,0.136365
48073951100,0.202022
48077030302,0.073777
48081950100,0.028385
48081950200,0.152109
48083950300,0.134079
48083950600,0.130614
48083950700,0.029559
48085030101,0.020981
48085030102,0.085562
48085030201,0.054043
48085030202,0.036125
48085030204,0.189415
48085030205,0.143506
48085030206,0.12838
48085030207,0.106728
48085030301,0.011823
48085030302,0.004589
48085030303,0.041475
48085030304,0.013618
48085030306,0.032449
48085030307,0.028673
48085030403,0.05008
48085030404,0.010409
48085030405,0.012336
48085030406,0.007791
48085030407,0.041292
48085030409,0.015255
48085030410,0.026769
48085030504,0.029606
48085030505,0.023169
48085030506,0.011446
48085030507,0.038428
48085030509,0.004221
48085030510,0.005439
48085030511,0.015785
48085030512,0.008344
48085030515,0.006744
48085030516,0.004855
48085030517,0.020082
48085030518,0.00513
48085030519,0.024291
48085030520,0.00374
48085030521,0.003367
48085030524,0.012115
48085030525,0.003355
48085030529,0.026665
48085030531,0.013812
48085030532,0.013602
48085030533,0.002812
48085030534,0.008248
48085030535,0.012077
48085030536,0.002938
48085030537,0.004427
48085030538,0.019297
48085030539,0.009502
48085030540,0.022974
48085030541,0.006457
48085030542,0.01086
48085030543,0.010056
48085030544,0.01226
48085030545,0.037036
48085030546,0.008061
48085030547,0.031854
48085030548,0.006719
48085030549,0.04531
48085030550,0.003606
48085030604,0.043011
48085030605,0.070693
48085030606,0.020634
48085030607,0.01487
48085030608,0.042113
48085030609,0.006587
48085030701,0.113545
48085030702,0.057898
48085030801,0.033485
48085030802,0.011158
48085030901,0.158473
48085030902,0.034884
48085030903,0.008992
48085031003,0.037779
48085031005,0.017118
48085031006,0.087092
48085031007,0.025408
48085031008,0.003572
48085031101,0.157867
48085031102,0.124705
48085031201,0.024075
48085031202,0.028751
48085031308,0.027876
48085031314,0.007535
48085031318,0.007264
48085031319,0.015883
48085031320,0.015796
48085031321,0.004848
48085031322,0.02685
48085031323,0.001356
48085031324,0.001999
48085031325,0.027021
48085031326,0.010813
48085031327,0.04081
48085031328,0.007549
48085031329,0.004774
48085031330,0.006244
48085031331,0.003722
48085031332,0.048838
48085031333,0.008681
48085031334,0.028799
48085031335,0.060363
48085031336,0.009497
48085031408,0.03394
48085031411,0.004843
48085031412,0.023387
48085031413,0.007068
48085031414,0.004519
48085031415,0.082067
48085031416,0.051712
48085031417,0.005358
48085031418,0.013585
48085031419,0.003027
48085031420,0.00533
48085031421,0.004717
48085031422,0.003793
48085031423,0.020761
48085031424,0.004605
48085031425,0.007052
48085031504,0.001819
48085031507,0.030964
48085031508,0.011489
48085031509,0.004772
48085031510,0.028807
48085031511,0.017679
48085031512,0.006139
48085031611,0.028843
48085031613,0.006377
48085031621,0.026016
48085031622,0.012589
48085031623,0.006011
48085031624,0.027062
48085031625,0.005013
48085031626,0.008572
48085031627,0.007191
48085031628,0.002757
48085031629,0.009355
48085031630,0.005123
48085031631,0.012747
48085031632,0.006112
48085031633,0.018775
48085031634,0.004094
48085031635,0.017651
48085031636,0.007735
48085031639,0.006346
48085031641,0.004173
48085031642,0.005226
48085031643,0.004336
48085031645,0.05021
48085031646,0.00629
48085031647,0.029188
48085031649,0.011402
48085031654,0.013825
48085031655,0.021013
48085031657,0.017988
48085031659,0.016994
48085031660,0.006356
48085031661,0.02632
48085031662,0.024848
48085031663,0.026177
48085031664,0.006348
48085031665,0.023839
48085031666,0.013934
48085031667,0.05283
48085031668,0.026132
48085031669,0.007444
48085031670,0.019232
48085031671,0.043684
48085031672,0.00813
48085031673,0.016721
48085031674,0.006962
48085031675,0.006197
48085031676,0.002157
48085031677,0.005574
48085031678,0.009711
48085031679,0.023946
48085031680,0.01268
48085031681,0.006221
48085031682,0.008222
48085031704,0.017954
48085031706,0.037845
48085031708,0.045895
48085031709,0.018273
48085031711,0.041302
48085031713,0.093422
48085031715,0.079473
48085031716,0.089376
48085031717,0.14803
48085031718,0.010915
48085031719,0.004426
48085031720,0.101415
48085031721,0.017973
48085031722,0.164744
48085031723,0.091102
48085031724,0.052955
48085031806,0.032074
48085031807,0.016506
48085031808,0.008781
48085031809,0.014552
48085031810,0.037927
48085031811,0.04817
48085031812,0.018397
48085031813,0.003653
48085031814,0.006029
48085031815,0.004491
48085031816,0.035208
48085031901,0.007297
48085031902,0.053466
48085031903,0.025903
48085031904,0.029544
48085032003,0.008356
48085032008,0.007152
48085032010,0.009584
48085032012,0.005564
48085032013,0.021776
48085032014,0.002819
48085032015,0.011432
48085032016,0.01107
48085032017,0.007942
48085032018,0.085214
48085032019,0.019234
48089750100,0.100924
48089750200,0.119604
48089750300,0.029171
48089750400,0.046245
48089750500,0.064237
48091310100,0.079593
48091310200,0.005603
48091310301,0.275251
48091310302,0.176862
48091310401,0.031583
48091310404,0.006048
48091310405,0.110459
48091310406,0.045176
48091310501,0.125435
48091310502,0.020456
48091310503,0.167216
48091310603,0.021891
48091310604,0.066779
48091310608,0.025387
48091310609,0.012153
48091310610,0.206213
48091310611,0.027566
48091310612,0.082588
48091310613,0.022452
48091310614,0.017728
48091310702,0.10874
48091310703,0.071732
48091310705,0.168456
48091310706,0.031575
48091310707,0.077384
48091310708,0.033237
48091310801,0.054702
48091310803,0.026552
48091310804,0.046113
48091310901,0.092076
48091310903,0.084348
48091310904,0.046628
48091310905,0.013205
48093950101,0.172199
48093950102,0.121393
48093950200,0.032703
48093950300,0.158035
48093950400,0.14537
48095950300,0.114344
48097000100,0.197946
48097000200,0.113021
48097000400,0.111569
48097000500,0.039932
48097000600,0.190028
48097000701,0.02109
48097000702,0.027349
48097000900,0.045393
48097001100,0.057506
48099010101,0.069992
48099010102,0.028569
48099010201,0.069543
48099010202,0.11064
48099010300,0.176441
48099010400,0.045595
48099010501,0.011734
48099010502,0.014912
48099010503,0.043218
48099010504,0.077749
48099010601,0.004843
48099010603,0.005719
48099010604,0.007341
48099010701,0.018345
48099010702,0.291662
48099010802,0.073267
48099010803,0.0585
48099010804,0.09074
48099980000,0.023802
48105950100,0.061131
48107950100,0.021453
48107950200,0.048701
48107950300,0.039666
48113000100,0.190732
48113000201,0.095857
48113000202,0.074358
48113000300,0.088994
48113000401,0.011973
48113000405,0.084262
48113000407,0.026827
48113000408,0.01943
48113000409,0.064519
48113000410,0.012861
48113000501,0.008392
48113000502,0.020911
48113000503,0.079321
48113000605,0.013159
48113000606,0.080158
48113000607,0.004443
48113000608,0.02427
48113000609,0.006622
48113000610,0.005278
48113000611,0.023023
48113000703,0.11913
48113000704,0.022343
48113000705,0.019836
48113000706,0.076522
48113000801,0.005102
48113000802,0.034855
48113000901,0.046288
48113000902,0.096504
48113001001,0.027855
48113001002,0.035475
48113001101,0.060907
48113001102,0.063306
48113001202,0.084497
48113001203,0.276455
48113001204,0.207021
48113001301,0.015972
48113001302,0.0306
48113001400,0.088707
48113001502,0.021163
48113001503,0.003273
48113001504,0.006553
48113001601,0.008267
48113001602,0.009224
48113001703,0.047369
48113001705,0.015316
48113001801,0.056286
48113001802,0.05044
48113001901,0.053427
48113001902,0.038319
48113002001,0.068924
48113002002,0.00857
48113002100,0.041574
48113002200,0.024817
48113002400,0.103192
48113002500,0.047019
48113002703,0.139208
48113003102,0.031382
48113003103,0.162446
48113003700,0.129047
48113004201,0.024713
48113004202,0.00348
48113004300,0.008992
48113004400,0.027434
48113004500,0.008993
48113004600,0.007862
48113004700,0.018996
48113004800,0.012982
48113005000,0.009712
48113005100,0.011426
48113005200,0.009281
48113005300,0.004426
48113005400,0.003881
48113005500,0.02767
48113005600,0.047543
48113005700,0.016468
48113005901,0.02305
48113005902,0.022218
48113006001,0.01239
48113006002,0.055237
48113006100,0.007985
48113006200,0.141137
48113006301,0.010722
48113006302,0.014104
48113006401,0.003968
48113006402,0.043282
48113006501,0.002583
48113006502,0.018054
48113006701,0.003131
48113006702,0.040719
48113006800,0.021041
48113006900,0.015659
48113007101,0.034968
48113007102,0.024925
48113007203,0.022452
48113007204,0.167858
48113007205,0.019293
48113007206,0.066604
48113007301,0.062811
48113007302,0.045975
48113007601,0.019395
48113007604,0.0323
48113007605,0.031046
48113007701,0.042731
48113007702,0.044505
48113007801,0.033478
48113007805,0.017151
48113007809,0.08566
48113007810,0.015026
48113007812,0.006425
48113007815,0.020937
48113007819,0.1008
48113007821,0.029317
48113007822,0.0347
48113007823,0.036296
48113007824,0.010072
48113007825,0.014595
48113007826,0.016161
48113007827,0.046591
48113007828,0.110776
48113007829,0.010022
48113007830,0.104606
48113007831,0.049798
48113007832,0.204186
48113007833,0.013494
48113007834,0.028435
48113007835,0.190458
48113007902,0.058397
48113007903,0.057725
48113007906,0.036902
48113007909,0.055021
48113007910,0.078723
48113007912,0.069884
48113007913,0.053628
48113007914,0.047749
48113007915,0.147482
48113007916,0.066098
48113008000,0.042086
48113008101,0.250826
48113008102,0.173762
48113008200,0.17248
48113008401,0.040078
48113008402,0.008722
48113008500,0.035812
48113008604,0.033841
48113008701,0.046873
48113008703,0.02555
48113008704,0.063014
48113008705,0.055149
48113008801,0.003566
48113008802,0.016641
48113009001,0.0539
48113009002,0.032664
48113009101,0.072087
48113009103,0.003124
48113009104,0.035518
48113009105,0.139615
48113009202,0.008522
48113009203,0.099762
48113009204,0.004882
48113009301,0.026073
48113009303,0.042278
48113009304,0.02238
48113009401,0.007519
48113009402,0.021198
48113009500,0.023606
48113009603,0.021496
48113009604,0.073449
48113009605,0.038468
48113009607,0.009598
48113009608,0.018616
48113009609,0.0119
48113009610,0.071581
48113009611,0.017343
48113009701,0.012265
48113009702,0.004725
48113009802,0.012328
48113009803,0.012838
48113009804,0.014868
48113009900,0.089366
48113010001,0.084157
48113010002,0.167898
48113010003,0.032484
48113010101,0.017208
48113010102,0.011639
48113010500,0.010426
48113010601,0.007912
48113010602,0.061845
48113010701,0.013658
48113010704,0.006078
48113010804,0.00378
48113010805,0.019421
48113010806,0.015257
48113010807,0.005196
48113010808,0.012853
48113010809,0.020369
48113010903,0.014165
48113010904,0.017254
48113010905,0.022889
48113010906,0.020282
48113011002,0.018058
48113011003,0.002918
48113011004,0.027447
48113011101,0.003349
48113011103,0.00817
48113011104,0.002148
48113011105,0.030779
48113011201,0.01009
48113011202,0.0352
48113011300,0.025212
48113011401,0.009575
48113011500,0.054323
48113011601,0.163662
48113011603,0.038147
48113011604,0.021045
48113011701,0.003544
48113011702,0.012935
48113011801,0.009214
48113011802,0.004243
48113011901,0.002618
48113011902,0.062695
48113012000,0.089436
48113012101,0.027846
48113012102,0.009748
48113012206,0.02906
48113012207,0.0102
48113012208,0.159644
48113012209,0.069902
48113012210,0.021879
48113012211,0.03795
48113012212,0.05182
48113012213,0.005695
48113012301,0.094036
48113012302,0.06829
48113012400,0.060457
48113012501,0.156198
48113012502,0.154901
48113012601,0.129136
48113012603,0.105353
48113012604,0.080321
48113012701,0.088448
48113012702,0.166417
48113012801,0.266393
48113012802,0.095085
48113012900,0.099792
48113013005,0.032863
48113013007,0.053681
48113013008,0.004093
48113013009,0.018087
48113013010,0.051157
48113013011,0.025906
48113013012,0.039663
48113013013,0.057846
48113013101,0.010992
48113013102,0.003502
48113013104,0.034237
48113013106,0.009274
48113013107,0.072648
48113013201,0.029425
48113013202,0.050929
48113013300,0.01502
48113013400,0.038108
48113013500,0.002704
48113013605,0.036442
48113013606,0.011594
48113013607,0.005986
48113013608,0.014569
48113013609,0.015589
48113013610,0.005538
48113013611,0.039475
48113013615,0.132354
48113013617,0.062819
48113013618,0.03904
48113013619,0.005952
48113013620,0.076037
48113013621,0.240817
48113013622,0.1218
48113013624,0.047137
48113013625,0.093755
48113013626,0.152497
48113013627,0.209923
48113013628,0.019604
48113013629,0.056073
48113013630,0.390479
48113013631,0.126299
48113013715,0.006304
48113013716,0.018075
48113013717,0.002604
48113013718,0.00615
48113013719,0.059268
48113013720,0.038454
48113013721,0.011731
48113013722,0.016693
48113013725,0.253157
48113013726,0.009456
48113013727,0.013074
48113013728,0.004699
48113013729,0.017459
48113013804,0.02649
48113013805,0.009522
48113013806,0.019054
48113013807,0.018872
48113013808,0.025174
48113013901,0.026306
48113013902,0.004549
48113014001,0.030343
48113014002,0.024973
48113014119,0.011185
48113014120,0.004975
48113014121,0.026269
48113014123,0.016997
48113014124,0.036797
48113014126,0.018734
48113014128,0.005425
48113014130,0.015998
48113014132,0.001854
48113014134,0.033418
48113014135,0.019417
48113014138,0.006168
48113014139,0.007572
48113014140,0.012312
48113014141,0.006373
48113014142,0.003472
48113014143,0.049272
48113014144,0.024931
48113014145,0.034157
48113014146,0.017363
48113014147,0.029958
48113014148,0.02389
48113014149,0.005102
48113014150,0.071033
48113014151,0.018011
48113014152,0.133497
48113014153,0.023517
48113014154,0.00567
48113014155,0.009993
48113014156,0.005342
48113014157,0.012333
48113014158,0.003724
48113014159,0.027542
48113014160,0.011791
48113014161,0.021717
48113014203,0.011843
48113014204,0.005547
48113014205,0.055383
48113014207,0.040167
48113014208,0.041704
48113014209,0.038844
48113014306,0.007432
48113014308,0.019822
48113014309,0.059242
48113014310,0.005385
48113014313,0.056942
48113014314,0.004218
48113014315,0.018421
48113014316,0.162582
48113014317,0.016486
48113014318,0.004272
48113014319,0.103473
48113014320,0.050757
48113014405,0.011034
48113014406,0.030472
48113014407,0.015386
48113014408,0.022441
48113014409,0.035094
48113014410,0.011425
48113014501,0.013144
48113014502,0.016056
48113014601,0.006728
48113014602,0.013149
48113014603,0.005521
48113014701,0.016341
48113014704,0.010437
48113014903,0.077654
48113015001,0.024341
48113015002,0.027941
48113015101,0.004415
48113015102,0.004745
48113015202,0.099692
48113015205,0.028974
48113015206,0.00418
48113015207,0.161339
48113015208,0.003338
48113015303,0.025983
48113015304,0.050242
48113015305,0.007746
48113015306,0.004102
48113015403,0.032728
48113015404,0.080229
48113015405,0.030657
48113015406,0.035686
48113015500,0.04678
48113015600,0.025808
48113015700,0.047821
48113015900,0.054993
48113016001,0.04775
48113016002,0.005149
48113016100,0.045789
48113016201,0.006127
48113016203,0.099488
48113016204,0.006331
48113016301,0.158735
48113016302,0.02397
48113016406,0.013047
48113016407,0.017854
48113016409,0.011601
48113016410,0.013875
48113016412,0.016046
48113016414,0.020386
48113016415,0.002976
48113016416,0.00406
48113016417,0.003714
48113016418,0.139856
48113016419,0.026129
48113016420,0.003338
48113016421,0.173344
48113016511,0.007284
48113016513,0.008664
48113016516,0.00237
48113016517,0.020298
48113016518,0.00856
48113016519,0.008348
48113016521,0.103359
48113016522,0.092595
48113016524,0.024797
48113016525,0.008355
48113016526,0.031244
48113016527,0.007082
48113016528,0.004434
48113016529,0.00206
48113016530,0.021621
48113016531,0.019826
48113016532,0.013152
48113016533,0.050145
48113016534,0.022433
48113016535,0.036052
48113016536,0.008467
48113016607,0.029418
48113016610,0.005525
48113016615,0.004631
48113016616,0.018941
48113016617,0.005953
48113016618,0.006913
48113016619,0.008212
48113016620,0.006541
48113016621,0.008083
48113016622,0.02305
48113016623,0.004962
48113016624,0.032574
48113016626,0.00589
48113016627,0.006921
48113016628,0.03559
48113016629,0.048887
48113016630,0.004428
48113016631,0.010272
48113016632,0.148934
48113016633,0.009295
48113016634,0.062992
48113016635,0.058448
48113016636,0.013591
48113016637,0.018537
48113016638,0.011872
48113016704,0.141002
48113016706,0.020055
48113016707,0.016872
48113016708,0.027577
48113016709,0.0265
48113016710,0.01385
48113016711,0.038272
48113016802,0.049417
48113016803,0.005937
48113016805,0.008482
48113016806,0.005734
48113016902,0.021514
48113016903,0.020733
48113017005,0.041079
48113017006,0.00697
48113017007,0.004878
48113017008,0.048449
48113017009,0.040527
48113017010,0.002543
48113017101,0.026014
48113017102,0.108453
48113017201,0.010406
48113017203,0.061503
48113017204,0.039043
48113017307,0.035541
48113017308,0.002952
48113017309,0.005308
48113017310,0.003807
48113017311,0.011106
48113017312,0.005153
48113017313,0.031924
48113017314,0.003514
48113017315,0.012851
48113017400,0.004224
48113017500,0.088752
48113017602,0.009524
48113017604,0.082546
48113017605,0.006148
48113017606,0.020958
48113017703,0.008497
48113017704,0.020314
48113017705,0.033865
48113017706,0.008786
48113017805,0.020514
48113017806,0.032336
48113017808,0.041235
48113017811,0.07138
48113017812,0.083122
48113017814,0.051204
48113017815,0.004575
48113017816,0.031408
48113017817,0.054585
48113017818,0.008749
48113017819,0.052277
48113017820,0.047134
48113017900,0.071974
48113018001,0.065777
48113018002,0.077567
48113018105,0.012166
48113018110,0.008207
48113018111,0.114916
48113018120,0.003823
48113018121,0.007183
48113018126,0.122559
48113018127,0.099619
48113018128,0.114241
48113018129,0.053898
48113018130,0.056668
48113018132,0.02667
48113018133,0.149671
48113018134,0.040531
48113018135,0.012716
48113018137,0.024633
48113018138,0.006674
48113018140,0.081237
48113018141,0.046932
48113018142,0.028251
48113018143,0.051647
48113018144,0.012544
48113018145,0.05179
48113018146,0.006234
48113018147,0.002392
48113018148,0.019988
48113018149,0.021446
48113018150,0.003084
48113018151,0.01702
48113018152,0.034972
48113018153,0.003654
48113018154,0.038216
48113018155,0.005586
48113018156,0.04406
48113018157,0.012906
48113018158,0.168086
48113018159,0.022387
48113018203,0.035452
48113018204,0.010338
48113018205,0.001763
48113018206,0.004344
48113018300,0.012364
48113018401,0.038358
48113018402,0.046058
48113018403,0.115414
48113018501,0.067037
48113018505,0.051475
48113018506,0.017481
48113018507,0.010986
48113018508,0.02477
48113018600,0.006626
48113018700,0.17634
48113018801,0.00669
48113018802,0.027801
48113018900,0.018263
48113019013,0.007618
48113019016,0.140779
48113019018,0.002935
48113019019,0.051788
48113019020,0.038415
48113019023,0.004129
48113019024,0.005803
48113019025,0.311674
48113019026,0.009477
48113019027,0.010184
48113019028,0.004123
48113019029,0.023256
48113019031,0.014132
48113019032,0.015609
48113019033,0.020059
48113019034,0.009148
48113019035,0.006503
48113019036,0.248609
48113019037,0.007408
48113019039,0.012997
48113019040,0.02014
48113019041,0.010538
48113019042,0.014753
48113019044,0.029693
48113019045,0.029805
48113019046,0.004584
48113019047,0.002541
48113019048,0.005484
48113019049,0.049067
48113019050,0.059844
48113019051,0.038147
48113019052,0.013694
48113019053,0.12541
48113019101,0.021716
48113019102,0.106006
48113019202,0.010418
48113019203,0.007463
48113019205,0.007613
48113019208,0.013863
48113019210,0.012867
48113019211,0.00883
48113019212,0.012107
48113019213,0.10178
48113019214,0.003915
48113019215,0.024172
48113019216,0.007398
48113019301,0.018409
48113019302,0.038731
48113019400,0.006345
48113019501,0.180153
48113019502,0.0233
48113019600,0.01856
48113019700,0.010649
48113019800,0.031165
48113019900,0.033876
48113020000,0.010402
48113020100,0.069711
48113020200,0.086323
48113020300,0.025611
48113020401,0.059237
48113020402,0.027304
48113020500,0.003838
48113020600,0.020377
48113020700,0.0129
48113020800,0.015116
48113020900,0.017648
48113021000,0.005536
48113021100,0.100394
48113021200,0.036738
48113980000,0.101787
48113980100,0.146546
48113980200,0.001661
48115950401,0.146263
48115950402,0.159716
48115950500,0.22766
48115950600,0.117268
48119950100,0.055906
48119950200,0.117465
48121020109,0.007542
48121020110,0.01735
48121020111,0.018997
48121020112,0.082039
48121020115,0.005529
48121020116,0.009285
48121020117,0.081035
48121020118,0.149733
48121020119,0.004894
48121020120,0.020808
48121020121,0.063222
48121020122,0.033993
48121020123,0.081554
48121020124,0.004082
48121020125,0.074189
48121020126,0.005885
48121020127,0.024582
48121020128,0.06716
48121020129,0.017126
48121020130,0.034195
48121020131,0.046056
48121020132,0.042002
48121020133,0.003376
48121020134,0.016585
48121020135,0.120384
48121020136,0.168967
48121020137,0.087404
48121020203,0.011444
48121020204,0.062539
48121020205,0.045512
48121020206,0.120718
48121020207,0.107771
48121020208,0.005351
48121020305,0.025879
48121020310,0.024127
48121020311,0.027133
48121020312,0.019298
48121020313,0.013656
48121020314,0.050478
48121020315,0.057547
48121020316,0.069985
48121020317,0.006646
48121020318,0.028156
48121020319,0.067309
48121020320,0.022431
48121020321,0.004089
48121020322,0.015739
48121020402,0.179772
48121020403,0.021289
48121020404,0.134751
48121020405,0.089027
48121020504,0.036723
48121020505,0.113388
48121020506,0.16155
48121020507,0.008119
48121020508,0.183842
48121020601,0.074778
48121020603,0.150136
48121020604,0.005107
48121020605,0.084074
48121020700,0.007026
48121020800,0.050222
48121020900,0.012953
48121021000,0.010306
48121021100,0.036363
48121021202,0.02601
48121021203,0.22964
48121021204,0.038152
48121021301,0.228064
48121021304,0.011666
48121021305,0.059824
48121021306,0.060139
48121021307,0.005896
48121021410,0.027786
48121021411,0.127671
48121021412,0.127614
48121021413,0.186063
48121021414,0.170219
48121021415,0.030474
48121021416,0.004676
48121021417,0.018977
48121021418,0.012645
48121021419,0.015477
48121021420,0.020254
48121021421,0.031484
48121021422,0.006442
48121021423,0.010522
48121021502,0.076014
48121021505,0.030208
48121021512,0.015144
48121021513,0.065612
48121021514,0.006385
48121021516,0.00676
48121021517,0.24929
48121021518,0.024401
48121021520,0.005373
48121021521,0.071169
48121021522,0.015842
48121021526,0.017314
48121021528,0.009446
48121021529,0.003968
48121021530,0.026962
48121021531,0.01215
48121021532,0.009882
48121021533,0.002405
48121021534,0.005911
48121021535,0.018176
48121021536,0.048126
48121021537,0.033432
48121021538,0.003617
48121021539,0.010852
48121021540,0.003823
48121021611,0.017031
48121021612,0.011839
48121021613,0.006173
48121021614,0.008449
48121021615,0.013969
48121021616,0.00471
48121021618,0.025689
48121021619,0.015843
48121021620,0.034142
48121021621,0.016192
48121021622,0.007983
48121021626,0.019504
48121021630,0.004658
48121021631,0.015188
48121021632,0.00559
48121021633,0.007032
48121021634,0.032455
48121021635,0.008047
48121021637,0.016077
48121021638,0.003883
48121021639,0.012482
48121021640,0.003469
48121021641,0.044768
48121021642,0.056264
48121021643,0.007468
48121021644,0.013858
48121021645,0.086623
48121021646,0.024753
48121021647,0.025
48121021648,0.002051
48121021649,0.077632
48121021650,0.01944
48121021651,0.008843
48121021652,0.008024
48121021653,0.015643
48121021654,0.056394
48121021655,0.019219
48121021715,0.00913
48121021716,0.03335
48121021717,0.005736
48121021719,0.018977
48121021720,0.015208
48121021721,0.002743
48121021722,0.009883
48121021723,0.012964
48121021724,0.005964
48121021725,0.033279
48121021726,0.00684
48121021727,0.006831
48121021728,0.097763
48121021729,0.010591
48121021730,0.00354
48121021731,0.004629
48121021732,0.327261
48121021733,0.041906
48121021734,0.08686
48121021735,0.017462
48121021736,0.017049
48121021737,0.040458
48121021738,0.053377
48121021739,0.121492
48121021740,0.013989
48121021741,0.001862
48121021742,0.020088
48121021743,0.069621
48121021744,0.034002
48121021745,0.022516
48121021746,0.019103
48121021748,0.024131
48121021749,0.022153
48121021750,0.012812
48121021751,0.008096
48121021752,0.002941
48121021754,0.039924
48121021755,0.007799
48121021756,0.060461
48121021757,0.053296
48121021758,0.009729
48121021759,0.03656
48121021800,0.010922
48121021900,0.00394
48123970100,0.046818
48123970201,0.250679
48123970202,0.101524
48123970300,0.091845
48123970400,0.066516
48123970500,0.095253
48125950300,0.106072
48127950201,0.150448
48127950202,0.106503
48127950400,0.155579
48131950100,0.036401
48131950200,0.072288
48131950500,0.021213
48133950100,0.055078
48133950201,0.032984
48133950202,0.042714
48133950301,0.129753
48133950302,0.05249
48133950400,0.030614
48133950500,0.017384
48137950300,0.121809
48139060103,0.031977
48139060104,0.025918
48139060105,0.016103
48139060106,0.007857
48139060206,0.103531
48139060207,0.058603
48139060209,0.007609
48139060211,0.019545
48139060212,0.022953
48139060215,0.01523
48139060216,0.108371
48139060217,0.0102
48139060218,0.003838
48139060219,0.024834
48139060220,0.005581
48139060221,0.004448
48139060300,0.002286
48139060400,0.118759
48139060500,0.034498
48139060601,0.092333
48139060602,0.030793
48139060702,0.048143
48139060704,0.073469
48139060801,0.014145
48139060802,0.0506
48139060803,0.033779
48139060900,0.009491
48139061000,0.105969
48139061100,0.022042
48139061200,0.090403
48139061300,0.058122
48139061401,0.065917
48139061402,0.017021
48139061500,0.079714
48139061600,0.04986
48139061700,0.062071
48143950100,0.09338
48143950201,0.074127
48143950203,0.05938
48143950204,0.033654
48143950301,0.083478
48143950302,0.127612
48143950401,0.237012
48143950402,0.121293
48143950501,0.110567
48143950502,0.15141
48143950600,0.177874
48143950700,0.134693
48145000200,0.13368
48145000300,0.205346
48145000400,0.155508
48145000500,0.036046
48145000700,0.030118
48145000800,0.047217
48147950100,0.040972
48147950300,0.078108
48147950401,0.241113
48147950402,0.134041
48147950500,0.1789
48147950600,0.262279
48147950701,0.04735
48147950702,0.096068
48147950800,0.074853
48149970100,0.047419
48149970200,0.125032
48149970301,0.143199
48149970302,0.064696
48149970400,0.070463
48149970500,0.032245
48149970601,0.035156
48149970602,0.080711
48149970700,0.069865
48151950300,0.035551
48151950400,0.162767
48155950100,0.018533
48157670101,0.005335
48157670102,0.026141
48157670201,0.00368
48157670202,0.017772
48157670300,0.058341
48157670400,0.007134
48157670500,0.098924
48157670602,0.005877
48157670603,0.005264
48157670604,0.003916
48157670700,0.06873
48157670801,0.169449
48157670802,0.004097
48157670803,0.031905
48157670804,0.215833
48157670902,0.205454
48157670903,0.164876
48157670904,0.004992
48157671001,0.005148
48157671002,0.009108
48157671101,0.072014
48157671102,0.007582
48157671200,0.005502
48157671300,0.020551
48157671401,0.022689
48157671402,0.01983
48157671501,0.006609
48157671502,0.052371
48157671601,0.026842
48157671602,0.025667
48157671700,0.03531
48157671800,0.025642
48157671900,0.015988
48157672002,0.061423
48157672003,0.00748
48157672004,0.004176
48157672100,0.124631
48157672201,0.081174
48157672202,0.011328
48157672303,0.031239
48157672304,0.005082
48157672305,0.037216
48157672306,0.009507
48157672401,0.051498
48157672402,0.044451
48157672500,0.011695
48157672602,0.005074
48157672603,0.003582
48157672604,0.006527
48157672701,0.006957
48157672702,0.004984
48157672703,0.017964
48157672801,0.054832
48157672802,0.061002
48157672901,0.011342
48157672902,0.004149
48157672903,0.039242
48157672904,0.048848
48157672905,0.037867
48157672906,0.016892
48157672907,0.003361
48157673004,0.006914
48157673005,0.012976
48157673006,0.009102
48157673007,0.021637
48157673008,0.004571
48157673009,0.042723
48157673010,0.00844
48157673103,0.048355
48157673104,0.007993
48157673105,0.029095
48157673106,0.018578
48157673107,0.006822
48157673108,0.00801
48157673109,0.012821
48157673110,0.006254
48157673111,0.006762
48157673112,0.022808
48157673113,0.003083
48157673201,0.003691
48157673202,0.018705
48157673300,0.032669
48157673401,0.008339
48157673402,0.02736
48157673403,0.032528
48157673404,0.02469
48157673501,0.03702
48157673502,0.00825
48157673600,0.03564
48157673700,0.090894
48157673801,0.234731
48157673802,0.09344
48157673902,0.026934
48157673903,0.023733
48157673904,0.206936
48157674001,0.005899
48157674002,0.015802
48157674100,0.008844
48157674200,0.015815
48157674301,0.00715
48157674302,0.010608
48157674401,0.008437
48157674402,0.025627
48157674403,0.012365
48157674404,0.041621
48157674503,0.004932
48157674504,0.022385
48157674505,0.031186
48157674506,0.005639
48157674507,0.043568
48157674508,0.052094
48157674601,0.104729
48157674602,0.149694
48157674603,0.013242
48157674604,0.080729
48157674701,0.1903
48157674702,0.050657
48157674800,0.032851
48157674900,0.268104
48157675000,0.160706
48157675101,0.019836
48157675102,0.048916
48157675200,0.2699
48157675300,0.211211
48157675401,0.193096
48157675402,0.188996
48157675501,0.094269
48157675502,0.033957
48157675503,0.004614
48157675600,0.019718
48157675701,0.016369
48157675702,0.004003
48157675800,0.073201
48159950101,0.054949
48159950102,0.038477
48159950200,0.119455
48159950300,0.111917
48161000101,0.029815
48161000102,0.233505
48161000200,0.186458
48161000300,0.127267
48161000400,0.05696
48161000600,0.023671
48161000700,0.1227
48161000900,0.189458
48163950101,0.021968
48163950102,0.049913
48163950201,0.1497
48163950202,0.047501
48163950301,0.147842
48163950302,0.098606
48167720100,0.008761
48167720200,0.019195
48167720301,0.044145
48167720302,0.005792
48167720400,0.056376
48167720501,0.016597
48167720504,0.0045
48167720505,0.034761
48167720506,0.005559
48167720507,0.008403
48167720508,0.017774
48167720509,0.121961
48167720510,0.034087
48167720511,0.047546
48167720512,0.003149
48167720601,0.021159
48167720602,0.007905
48167720603,0.003004
48167720604,0.015362
48167720605,0.032043
48167720701,0.058302
48167720702,0.070504
48167720703,0.032387
48167720800,0.013822
48167720900,0.092074
48167721101,0.023247
48167721203,0.109972
48167721204,0.005892
48167721205,0.011097
48167721206,0.131531
48167721209,0.130291
48167721301,0.005055
48167721302,0.016031
48167721401,0.004218
48167721403,0.007298
48167721501,0.081178
48167721502,0.039434
48167721901,0.007964
48167723300,0.025419
48167723401,0.129642
48167723402,0.028271
48167723403,0.041889
48167723503,0.220302
48167723504,0.22179
48167723505,0.031955
48169950101,0.051563
48169950102,0.028671
48169980000,0.26657
48171950100,0.122767
48171950200,0.039382
48171950301,0.241954
48171950302,0.162935
48171950401,0.124181
48171950402,0.279097
48171950500,0.206466
48173950100,0.064771
48175960100,0.154918
48175960200,0.070737
48177000100,0.143584
48177000200,0.090631
48177000300,0.206586
48177000400,0.206625
48177000500,0.142235
48177000600,0.02202
48181000101,0.068881
48181000102,0.073485
48181000302,0.081221
48181000304,0.050272
48181000600,0.082623
48181000700,0.217748
48181000800,0.009787
48181000901,0.175774
48181000903,0.039325
48181000904,0.037463
48181001101,0.030758
48181001103,0.132572
48181001104,0.034713
48181001200,0.005291
48181001300,0.209315
48181001400,0.110329
48181001500,0.121773
48181001700,0.014784
48181001801,0.048911
48181001802,0.023553
48181001803,0.104859
48181001901,0.093425
48181001902,0.019867
48181002000,0.04546
48183010100,0.02195
48183010201,0.168337
48183010202,0.050767
48183010401,0.110173
48183010402,0.056983
48183010700,0.084408
48185180101,0.02978
48185180102,0.10857
48185180201,0.062683
48185180202,0.037302
48185180302,0.090945
48185180303,0.006284
48185180304,0.087401
48185180400,0.049572
48187210100,0.153031
48187210200,0.118794
48187210300,0.220886
48187210400,0.1246
48187210505,0.049671
48187210506,0.115028
48187210508,0.098998
48187210509,0.255831
48187210510,0.205898
48187210511,0.17116
48187210512,0.240771
48187210513,0.049389
48187210603,0.023818
48187210606,0.014135
48187210608,0.151232
48187210609,0.007157
48187210610,0.029593
48187210611,0.002868
48187210612,0.069865
48187210613,0.009093
48187210614,0.02683
48187210705,0.043325
48187210706,0.033638
48187210707,0.025577
48187210709,0.025412
48187210710,0.041868
48187210711,0.017182
48187210712,0.009127
48187210713,0.00207
48187210715,0.009703
48187210716,0.003063
48187210717,0.006099
48187210718,0.009238
48187210803,0.020042
48187210804,0.059376
48187210805,0.090362
48187210806,0.170191
48187210902,0.04425
48187210903,0.063894
48187210904,0.248141
48187210905,0.019209
48193950100,0.050438
48193950200,0.116751
48193950300,0.071631
48201100001,0.107876
48201210400,0.00669
48201210500,0.004477
48201210600,0.008553
48201210700,0.006227
48201210800,0.022349
48201210900,0.024695
48201211000,0.04289
48201211101,0.061246
48201211102,0.004449
48201211200,0.003136
48201211301,0.049649
48201211302,0.080277
48201211400,0.015078
48201211501,0.057846
48201211502,0.070516
48201211600,0.070507
48201211700,0.037528
48201211900,0.004823
48201212300,0.037797
48201212400,0.023255
48201212500,0.044008
48201220100,0.019657
48201220200,0.007419
48201220300,0.019339
48201220400,0.026505
48201220500,0.027742
48201220600,0.010867
48201220701,0.049372
48201220702,0.041093
48201220800,0.074938
48201220900,0.07145
48201221000,0.011582
48201221100,0.012469
48201221200,0.007586
48201221301,0.038648
48201221302,0.00493
48201221400,0.01011
48201221501,0.008186
48201221502,0.026393
48201221601,0.009064
48201221602,0.025056
48201221701,0.010058
48201221702,0.032895
48201221800,0.045814
48201221900,0.070523
48201222000,0.021777
48201222100,0.040133
48201222200,0.048314
48201222300,0.013324
48201222401,0.072342
48201222402,0.01785
48201222501,0.009537
48201222502,0.229503
48201222504,0.015254
48201222505,0.02317
48201222601,0.015024
48201222602,0.008057
48201222701,0.015965
48201222702,0.045427
48201222800,0.032151
48201222900,0.044861
48201223001,0.016454
48201223002,0.007365
48201223100,0.030384
48201230100,0.011508
48201230200,0.004838
48201230300,0.010014
48201230400,0.005688
48201230500,0.056933
48201230600,0.048215
48201230700,0.006585
48201230800,0.028367
48201230900,0.008313
48201231000,0.008541
48201231100,0.105969
48201231200,0.008582
48201231300,0.002068
48201231400,0.003186
48201231500,0.029511
48201231600,0.007453
48201231700,0.08993
48201231800,0.026903
48201231900,0.022595
48201232000,0.009308
48201232100,0.077607
48201232201,0.015826
48201232202,0.027849
48201232203,0.112896
48201232303,0.008433
48201232304,0.068311
48201232305,0.045987
48201232306,0.032601
48201232402,0.019704
48201232403,0.027099
48201232404,0.038941
48201232405,0.054486
48201232500,0.122937
48201232600,0.019722
48201232701,0.028671
48201232703,0.048623
48201232704,0.032315
48201232801,0.053143
48201232802,0.013768
48201232901,0.02725
48201232902,0.044417
48201233001,0.031334
48201233002,0.026488
48201233003,0.017816
48201233101,0.016128
48201233103,0.086102
48201233104,0.054772
48201233105,0.038063
48201233200,0.020495
48201233300,0.052014
48201233400,0.013915
48201233501,0.014128
48201233502,0.032572
48201233600,0.035376
48201233701,0.049618
48201233702,0.026935
48201233703,0.05566
48201240101,0.020989
48201240102,0.041997
48201240400,0.023191
48201240503,0.013418
48201240504,0.006299
48201240505,0.013166
48201240506,0.004536
48201240600,0.015839
48201240703,0.022365
48201240704,0.01731
48201240705,0.00736
48201240706,0.049909
48201240707,0.028217
48201240802,0.006725
48201240803,0.021869
48201240804,0.020306
48201240903,0.033383
48201240904,0.013314
48201240905,0.015127
48201240906,0.00696
48201241001,0.037881
48201241002,0.0047
48201241101,0.012128
48201241103,0.006394
48201241104,0.008098
48201241105,0.193338
48201241201,0.011548
48201241202,0.239918
48201241301,0.029907
48201241302,0.01348
48201241400,0.026615
48201241501,0.036449
48201241502,0.024972
48201241503,0.050026
48201250101,0.053368
48201250102,0.090398
48201250201,0.021934
48201250202,0.022057
48201250303,0.119245
48201250304,0.055816
48201250305,0.029991
48201250306,0.051189
48201250403,0.049767
48201250404,0.005902
48201250405,0.02836
48201250406,0.055143
48201250407,0.120964
48201250408,0.006106
48201250500,0.02509
48201250601,0.070321
48201250602,0.05865
48201250701,0.015128
48201250702,0.00749
48201250801,0.00912
48201250802,0.029662
48201250901,0.020402
48201250902,0.026436
48201251000,0.059123
48201251100,0.029922
48201251200,0.027317
48201251300,0.006439
48201251401,0.015809
48201251402,0.003619
48201251501,0.007233
48201251503,0.003976
48201251504,0.001858
48201251505,0.008148
48201251600,0.048638
48201251701,0.011564
48201251702,0.018863
48201251800,0.357218
48201251902,0.039806
48201251903,0.050462
48201251904,0.008711
48201252001,0.003958
48201252002,0.053929
48201252003,0.050432
48201252100,0.011792
48201252201,0.11712
48201252202,0.134908
48201252303,0.003154
48201252304,0.028941
48201252305,0.01009
48201252306,0.02419
48201252400,0.027994
48201252500,0.146251
48201252601,0.04362
48201252602,0.123985
48201252700,0.107027
48201252800,0.021529
48201252901,0.038617
48201252902,0.01151
48201253000,0.085074
48201253202,0.018746
48201253300,0.008965
48201253502,0.033269
48201310101,0.012918
48201310102,0.012717
48201310200,0.016854
48201310300,0.002669
48201310400,0.007056
48201310500,0.014516
48201310600,0.005705
48201310700,0.041365
48201310800,0.017229
48201310900,0.006126
48201311001,0.09001
48201311002,0.138471
48201311100,0.014279
48201311200,0.041999
48201311300,0.006799
48201311400,0.005508
48201311501,0.008829
48201311502,0.025543
48201311600,0.02684
48201311701,0.025506
48201311702,0.044034
48201311800,0.0549
48201311900,0.014345
48201312000,0.043232
48201312200,0.041012
48201312300,0.01295
48201312400,0.013176
48201312501,0.017223
48201312502,0.019405
48201312601,0.098761
48201312602,0.031664
48201312603,0.025483
48201312700,0.017424
48201312800,0.02474
48201312901,0.014721
48201312902,0.006751
48201313000,0.016396
48201313101,0.020023
48201313102,0.087019
48201313201,0.038077
48201313202,0.010716
48201313300,0.003898
48201313400,0.005022
48201313500,0.010436
48201313600,0.019708
48201313700,0.038283
48201313801,0.024465
48201313802,0.013868
48201313901,0.042956
48201313902,0.007703
48201314001,0.056655
48201314003,0.114067
48201314004,0.019248
48201314005,0.022776
48201314301,0.088811
48201314302,0.044695
48201314401,0.130402
48201314402,0.215219
48201320100,0.00961
48201320201,0.029775
48201320202,0.012767
48201320500,0.028275
48201320601,0.009444
48201320602,0.012326
48201320700,0.041872
48201320800,0.156383
48201320901,0.033647
48201320902,0.007765
48201321001,0.035434
48201321002,0.063085
48201321101,0.05384
48201321102,0.027465
48201321200,0.032916
48201321301,0.029789
48201321302,0.092889
48201321401,0.017572
48201321402,0.129538
48201321500,0.065765
48201321600,0.061453
48201321700,0.00836
48201321800,0.033128
48201321900,0.010017
48201322000,0.062157
48201322100,0.011838
48201322200,0.008167
48201322600,0.086198
48201322701,0.022738
48201322702,0.027648
48201322800,0.026471
48201322900,0.010764
48201323000,0.017599
48201323100,0.017112
48201323200,0.022166
48201323300,0.011707
48201323400,0.017875
48201323500,0.033257
48201323601,0.020833
48201323602,0.057509
48201323701,0.033891
48201323702,0.044043
48201323801,0.005659
48201323802,0.008705
48201323900,0.040538
48201324000,0.03254
48201324101,0.091511
48201324102,0.252545
48201324200,0.084946
48201330101,0.025295
48201330102,0.010582
48201330200,0.00804
48201330301,0.069454
48201330302,0.037567
48201330303,0.02311
48201330400,0.042759
48201330500,0.01574
48201330600,0.012301
48201330700,0.057166
48201330801,0.063092
48201330802,0.089471
48201330901,0.010628
48201330902,0.006996
48201331100,0.015032
48201331200,0.010242
48201331300,0.029338
48201331400,0.046708
48201331501,0.172856
48201331502,0.004093
48201331602,0.003761
48201331603,0.011298
48201331604,0.006753
48201331700,0.041875
48201331800,0.017448
48201331900,0.027702
48201332000,0.025377
48201332100,0.03813
48201332200,0.004337
48201332300,0.018335
48201332400,0.007227
48201332500,0.007988
48201332600,0.004732
48201332700,0.030556
48201332800,0.047746
48201332900,0.018646
48201333000,0.031301
48201333100,0.009685
48201333201,0.026057
48201333203,0.00861
48201333204,0.020972
48201333205,0.07192
48201333301,0.055287
48201333302,0.00872
48201333501,0.029146
48201333502,0.16403
48201333600,0.100728
48201333700,0.056663
48201333801,0.099365
48201333802,0.007069
48201333903,0.018391
48201333904,0.030814
48201333905,0.009112
48201333906,0.01959
48201334001,0.008955
48201334002,0.081296
48201334003,0.043165
48201334101,0.034383
48201334102,0.065993
48201340101,0.076587
48201340102,0.015506
48201340201,0.177502
48201340202,0.026883
48201340203,0.018686
48201340301,0.015694
48201340302,0.015721
48201340400,0.016857
48201340501,0.012645
48201340502,0.053153
48201340600,0.015399
48201340701,0.019107
48201340702,0.015695
48201340800,0.009038
48201340900,0.06176
48201341001,0.082024
48201341002,0.043359
48201341101,0.020307
48201341102,0.039546
48201341201,0.043953
48201341203,0.071044
48201341204,0.059613
48201341302,0.093821
48201341303,0.023429
48201341304,0.087962
48201341400,0.050964
48201341501,0.018761
48201341502,0.049317
48201342001,0.010122
48201342002,0.036044
48201342100,0.015033
48201342200,0.057785
48201342300,0.008167
48201342400,0.076142
48201342500,0.093408
48201342700,0.045193
48201342801,0.028649
48201342802,0.116797
48201342900,0.009661
48201343000,0.028738
48201343100,0.060951
48201343200,0.017838
48201343301,0.022844
48201343302,0.02661
48201343601,0.24133
48201343700,0.134648
48201350101,0.058117
48201350102,0.010252
48201350103,0.002037
48201350104,0.044357
48201350201,0.011198
48201350202,0.050553
48201350300,0.014642
48201350400,0.010406
48201350500,0.010726
48201350601,0.022887
48201350603,0.005153
48201350604,0.009819
48201350700,0.004616
48201350801,0.010003
48201350803,0.023874
48201350804,0.006264
48201410101,0.012825
48201410102,0.053209
48201410201,0.060549
48201410202,0.0321
48201410300,0.028186
48201410401,0.188458
48201410402,0.030752
48201410501,0.086123
48201410502,0.087755
48201410601,0.039582
48201410602,0.01935
48201410703,0.012951
48201410704,0.105686
48201410705,0.02085
48201410706,0.00452
48201410801,0.051093
48201410802,0.01229
48201410900,0.205625
48201411001,0.097436
48201411002,0.039109
48201411003,0.025279
48201411100,0.036067
48201411200,0.107899
48201411301,0.071177
48201411302,0.137478
48201411400,0.014191
48201411503,0.023627
48201411504,0.058999
48201411505,0.024184
48201411506,0.066931
48201411507,0.120891
48201411600,0.025917
48201411700,0.02106
48201411801,0.030166
48201411802,0.025319
48201411901,0.114692
48201411902,0.024975
48201412000,0.046479
48201412201,0.035815
48201412202,0.010822
48201412300,0.07422
48201412400,0.023047
48201412500,0.033245
48201412600,0.042617
48201412700,0.00683
48201412800,0.022371
48201412901,0.107547
48201412902,0.026841
48201413000,0.026876
48201413100,0.029667
48201413203,0.015778
48201413204,0.098283
48201413205,0.055974
48201413206,0.04183
48201413301,0.012997
48201413302,0.005199
48201420100,0.015119
48201420200,0.012349
48201420300,0.005181
48201420400,0.029472
48201420500,0.027947
48201420600,0.05562
48201420700,0.003893
48201420800,0.00447
48201420900,0.019574
48201421000,0.077568
48201421101,0.012587
48201421103,0.004305
48201421104,0.028173
48201421203,0.102057
48201421204,0.013771
48201421205,0.024391
48201421206,0.002312
48201421301,0.001178
48201421302,0.013784
48201421401,0.02915
48201421402,0.024829
48201421403,0.020697
48201421501,0.006924
48201421502,0.008009
48201421601,0.011949
48201421602,0.060974
48201421700,0.004608
48201421801,0.028376
48201421802,0.015337
48201421900,0.013721
48201422000,0.003398
48201422100,0.096203
48201422200,0.021747
48201422302,0.014149
48201422303,0.017904
48201422304,0.027796
48201422403,0.00663
48201422404,0.015801
48201422405,0.022604
48201422406,0.002607
48201422501,0.027405
48201422502,0.005988
48201422601,0.009635
48201422602,0.004973
48201422701,0.003836
48201422702,0.005039
48201422800,0.006472
48201422900,0.016813
48201423001,0.018925
48201423002,0.029675
48201423100,0.045488
48201423201,0.025461
48201423203,0.003443
48201423204,0.02951
48201423301,0.015855
48201423303,0.006965
48201423304,0.007987
48201423401,0.019483
48201423402,0.003907
48201423500,0.036174
48201423600,0.02559
48201430101,0.019437
48201430102,0.016039
48201430200,0.015174
48201430300,0.015727
48201430400,0.005776
48201430500,0.135959
48201430600,0.003077
48201430700,0.08288
48201430800,0.067778
48201430900,0.050006
48201431001,0.00955
48201431002,0.022849
48201431101,0.04562
48201431102,0.019219
48201431203,0.019421
48201431204,0.020036
48201431205,0.01511
48201431206,0.024489
48201431302,0.01017
48201431303,0.012823
48201431304,0.093319
48201431401,0.012848
48201431403,0.108163
48201431404,0.047342
48201431503,0.043335
48201431504,0.018193
48201431505,0.050719
48201431506,0.012445
48201431600,0.016036
48201431701,0.027775
48201431702,0.041251
48201431801,0.015521
48201431803,0.005369
48201431804,0.063787
48201431901,0.02512
48201431902,0.024207
48201432003,0.01299
48201432004,0.028471
48201432005,0.142017
48201432006,0.003701
48201432101,0.058695
48201432102,0.099354
48201432200,0.015001
48201432301,0.048774
48201432302,0.02929
48201432303,0.047224
48201432401,0.004886
48201432402,0.012435
48201432501,0.016968
48201432502,0.0132
48201432600,0.005971
48201432703,0.014826
48201432704,0.019273
48201432705,0.010008
48201432706,0.004443
48201432803,0.006337
48201432804,0.02934
48201432805,0.017876
48201432806,0.090192
48201432901,0.055142
48201432903,0.023363
48201432904,0.04411
48201433003,0.028322
48201433004,0.017555
48201433005,0.061944
48201433006,0.011753
48201433007,0.005219
48201433100,0.065001
48201433201,0.086096
48201433202,0.007267
48201433300,0.009625
48201433400,0.012247
48201433503,0.051602
48201433504,0.054582
48201433505,0.020127
48201433506,0.018062
48201433507,0.038918
48201433601,0.020814
48201433602,0.007387
48201440101,0.007694
48201440102,0.043467
48201450100,0.030782
48201450200,0.036604
48201450301,0.005665
48201450302,0.029489
48201450401,0.049374
48201450402,0.069333
48201450500,0.035544
48201450600,0.011415
48201450700,0.017934
48201450801,0.023597
48201450803,0.025244
48201450804,0.099851
48201450900,0.0852
48201451003,0.016037
48201451004,0.031236
48201451005,0.013253
48201451006,0.047088
48201451100,0.017777
48201451200,0.013498
48201451301,0.006193
48201451302,0.006073
48201451401,0.007392
48201451404,0.03052
48201451405,0.018743
48201451406,0.009847
48201451407,0.012315
48201451501,0.030496
48201451502,0.194297
48201451603,0.026961
48201451604,0.074978
48201451605,0.011076
48201451606,0.038421
48201451700,0.053187
48201451800,0.012447
48201451902,0.015893
48201451903,0.069345
48201451904,0.007465
48201452001,0.00827
48201452002,0.012833
48201452101,0.023144
48201452102,0.015181
48201452103,0.017914
48201452202,0.032921
48201452203,0.068229
48201452204,0.049482
48201452300,0.049544
48201452401,0.027569
48201452402,0.008412
48201452501,0.006329
48201452502,0.034422
48201452601,0.013052
48201452602,0.005348
48201452701,0.00419
48201452702,0.002567
48201452703,0.030594
48201452801,0.037309
48201452802,0.031834
48201452900,0.045714
48201453001,0.042542
48201453002,0.017345
48201453100,0.015605
48201453201,0.013343
48201453202,0.033529
48201453300,0.013999
48201453401,0.024249
48201453403,0.005121
48201453404,0.084341
48201453405,0.005128
48201453501,0.019595
48201453502,0.003709
48201453601,0.039634
48201453603,0.055295
48201453604,0.005499
48201453701,0.006881
48201453702,0.014537
48201453800,0.037114
48201453901,0.005134
48201453902,0.033688
48201454000,0.010065
48201454100,0.006661
48201454200,0.03467
48201454302,0.004067
48201454303,0.025261
48201454304,0.009575
48201454305,0.010186
48201454400,0.083947
48201454502,0.00713
48201454503,0.022127
48201454504,0.006027
48201454505,0.060208
48201454600,0.014289
48201454700,0.157516
48201454801,0.056391
48201454802,0.008039
48201454901,0.017675
48201454902,0.005323
48201455000,0.017446
48201455102,0.012628
48201455103,0.2464
48201455104,0.049682
48201455200,0.033347
48201455300,0.053031
48201510100,0.061078
48201510201,0.045142
48201510202,0.012671
48201510301,0.075273
48201510302,0.015998
48201510400,0.021665
48201510500,0.020315
48201510601,0.066237
48201510602,0.064955
48201510701,0.010458
48201510702,0.024255
48201510801,0.106924
48201510802,0.016213
48201510803,0.077726
48201510901,0.021666
48201510902,0.070739
48201511001,0.014819
48201511003,0.031574
48201511004,0.010426
48201511100,0.02145
48201511201,0.035337
48201511202,0.008869
48201511301,0.017025
48201511302,0.12959
48201511400,0.077658
48201511501,0.017749
48201511502,0.007692
48201511600,0.015953
48201520100,0.011299
48201520200,0.034827
48201520301,0.004068
48201520302,0.006947
48201520400,0.027737
48201520501,0.015443
48201520502,0.006462
48201520601,0.004962
48201520603,0.024023
48201520604,0.007301
48201520700,0.015495
48201521000,0.097239
48201521100,0.004444
48201521201,0.019993
48201521202,0.018094
48201521300,0.006003
48201521401,0.033837
48201521402,0.014386
48201521501,0.022651
48201521502,0.044999
48201521600,0.266005
48201521701,0.04542
48201521702,0.097662
48201521800,0.010729
48201521900,0.004621
48201522001,0.021525
48201522002,0.002827
48201522101,0.003157
48201522102,0.004736
48201522201,0.006537
48201522202,0.008023
48201522301,0.054436
48201522302,0.011956
48201522401,0.006614
48201522402,0.026303
48201522500,0.015344
48201530101,0.03626
48201530102,0.018685
48201530200,0.01463
48201530300,0.008737
48201530400,0.034652
48201530501,0.061751
48201530502,0.002333
48201530600,0.028317
48201530701,0.103078
48201530702,0.026095
48201530800,0.005451
48201530900,0.011318
48201531000,0.007976
48201531100,0.007289
48201531200,0.001543
48201531300,0.005008
48201531400,0.005471
48201531500,0.014382
48201531600,0.003837
48201531700,0.058725
48201531800,0.035607
48201531900,0.016335
48201532003,0.004037
48201532004,0.014684
48201532101,0.014042
48201532102,0.042977
48201532200,0.011164
48201532301,0.03813
48201532302,0.009708
48201532400,0.036588
48201532502,0.014707
48201532503,0.036518
48201532504,0.039088
48201532600,0.017651
48201532700,0.040983
48201532800,0.007143
48201532900,0.049918
48201533000,0.001393
48201533100,0.003211
48201533200,0.002018
48201533301,0.009911
48201533302,0.032631
48201533401,0.022487
48201533402,0.004141
48201533500,0.019023
48201533600,0.023361
48201533701,0.013187
48201533702,0.013119
48201533802,0.006684
48201533803,0.359434
48201533804,0.056828
48201533902,0.033255
48201533903,0.005571
48201533904,0.067234
48201534001,0.066573
48201534002,0.006395
48201534003,0.052005
48201534101,0.041046
48201534102,0.017046
48201534201,0.054997
48201534203,0.013625
48201534204,0.04178
48201534205,0.014316
48201540101,0.019418
48201540102,0.020024
48201540200,0.062183
48201540502,0.012018
48201540503,0.15352
48201540504,0.107105
48201540601,0.018339
48201540602,0.008806
48201540700,0.076248
48201540800,0.009887
48201540901,0.009095
48201540903,0.048074
48201540904,0.14595
48201541004,0.095772
48201541005,0.012935
48201541006,0.014822
48201541007,0.015511
48201541008,0.049276
48201541009,0.026044
48201541100,0.004042
48201541203,0.01833
48201541204,0.054839
48201541205,0.027254
48201541206,0.006363
48201541207,0.045557
48201541301,0.026811
48201541302,0.011342
48201541401,0.089989
48201541402,0.025671
48201541403,0.015982
48201541404,0.011516
48201541500,0.008659
48201541603,0.029989
48201541604,0.016227
48201541701,0.072668
48201541702,0.027614
48201541703,0.143821
48201541801,0.063748
48201541802,0.083144
48201541901,0.002747
48201541902,0.021211
48201542001,0.04862
48201542002,0.007531
48201542003,0.041638
48201542004,0.026537
48201542103,0.015266
48201542104,0.023346
48201542105,0.03682
48201542106,0.003328
48201542107,0.046185
48201542108,0.044726
48201542201,0.010117
48201542202,0.044919
48201542203,0.024479
48201542302,0.006609
48201542303,0.030224
48201542304,0.007816
48201542305,0.002981
48201542401,0.072869
48201542402,0.009191
48201542500,0.066624
48201542600,0.025327
48201542700,0.01186
48201542800,0.004404
48201542901,0.012742
48201542902,0.020425
48201543004,0.033664
48201543005,0.00929
48201543006,0.02629
48201543007,0.014926
48201543008,0.039981
48201543009,0.04157
48201543010,0.048694
48201543011,0.005333
48201543100,0.099749
48201543201,0.008848
48201543202,0.072875
48201550101,0.014089
48201550102,0.027607
48201550201,0.016731
48201550202,0.00803
48201550303,0.007678
48201550304,0.046687
48201550305,0.010251
48201550306,0.031718
48201550307,0.006011
48201550308,0.005484
48201550403,0.069218
48201550404,0.446081
48201550405,0.00916
48201550406,0.01674
48201550407,0.0242
48201550500,0.004337
48201550601,0.036768
48201550602,0.032283
48201550603,0.064601
48201550700,0.05831
48201550800,0.018576
48201550901,0.006688
48201550902,0.003508
48201551000,0.425061
48201551101,0.078509
48201551102,0.051551
48201551201,0.008153
48201551202,0.163144
48201551300,0.050497
48201551400,0.122187
48201551501,0.003558
48201551502,0.028567
48201551601,0.066542
48201551602,0.020822
48201551702,0.030379
48201551703,0.051237
48201551704,0.013166
48201551705,0.069306
48201551800,0.039865
48201551901,0.009026
48201551902,0.063213
48201552002,0.015316
48201552003,0.032587
48201552004,0.085322
48201552101,0.057609
48201552102,0.016881
48201552103,0.035942
48201552200,0.022341
48201552301,0.008066
48201552303,0.025452
48201552304,0.047765
48201552401,0.031389
48201552402,0.01012
48201552501,0.068426
48201552502,0.012143
48201552602,0.065406
48201552603,0.066999
48201552604,0.062164
48201552701,0.048285
48201552702,0.008961
48201552801,0.168123
48201552802,0.069698
48201552901,0.024771
48201552902,0.0105
48201553001,0.028606
48201553002,0.006843
48201553101,0.036458
48201553102,0.00294
48201553201,0.0102
48201553202,0.057131
48201553300,0.041154
48201553401,0.005058
48201553403,0.021304
48201553404,0.031641
48201553405,0.018165
48201553500,0.185397
48201553601,0.019645
48201553602,0.005207
48201553700,0.017806
48201553801,0.005066
48201553803,0.043157
48201553804,0.014936
48201553901,0.007712
48201554001,0.022781
48201554002,0.009961
48201554103,0.006392
48201554104,0.044253
48201554201,0.064311
48201554202,0.010788
48201554301,0.019529
48201554302,0.103648
48201554404,0.089235
48201554405,0.037829
48201554406,0.00305
48201554407,0.006612
48201554408,0.088651
48201554409,0.157277
48201554410,0.04632
48201554501,0.010407
48201554502,0.009241
48201554600,0.031992
48201554701,0.044417
48201554702,0.009407
48201554803,0.009318
48201554804,0.020166
48201554805,0.004593
48201554806,0.032744
48201554807,0.109796
48201554808,0.107168
48201554809,0.02139
48201554902,0.052008
48201554904,0.104788
48201554905,0.008311
48201554906,0.010523
48201554907,0.023659
48201554908,0.038488
48201555001,0.009265
48201555002,0.024669
48201555101,0.022143
48201555102,0.061294
48201555200,0.009814
48201555301,0.021013
48201555303,0.011439
48201555304,0.010568
48201555305,0.023949
48201555401,0.009759
48201555403,0.061768
48201555404,0.022299
48201555501,0.069626
48201555503,0.046508
48201555504,0.003762
48201555505,0.018374
48201555600,0.091246
48201555701,0.059926
48201555703,0.016365
48201555704,0.007914
48201556000,0.073469
48201556100,0.062143
48201980000,0.288949
48201980100,0.28109
48201980200,0.105026
48201980300,0.093608
48201980400,0.136516
48201980700,0.071808
48207950300,0.072293
48207950400,0.041276
48209010100,0.127849
48209010200,0.102049
48209010302,0.131178
48209010305,0.102484
48209010306,0.09924
48209010307,0.095519
48209010308,0.182448
48209010309,0.105257
48209010401,0.033871
48209010402,0.015691
48209010500,0.039762
48209010601,0.00915
48209010602,0.209521
48209010603,0.074427
48209010702,0.047804
48209010703,0.195085
48209010704,0.24016
48209010806,0.070358
48209010807,0.054559
48209010809,0.250451
48209010810,0.102678
48209010811,0.055171
48209010812,0.194161
48209010813,0.006909
48209010814,0.018971
48209010815,0.298602
48209010816,0.280807
48209010817,0.278572
48209010818,0.04349
48209010905,0.035763
48209010909,0.025458
48209010911,0.015584
48209010912,0.046138
48209010913,0.028964
48209010914,0.023061
48209010915,0.006976
48209010916,0.016795
48209010917,0.089266
48209010918,0.013127
48209010919,0.0102
48209010920,0.118052
48209010921,0.021341
48209010922,0.022503
48209010923,0.023528
48209010924,0.014877
48209010925,0.043516
48213950101,0.028791
48213950102,0.019139
48213950201,0.00388
48213950202,0.093483
48213950301,0.156999
48213950302,0.239368
48213950303,0.146264
48213950400,0.271949
48213950500,0.078366
48213950601,0.196472
48213950603,0.18608
48213950604,0.317393
48213950700,0.155041
48213950801,0.254704
48213950802,0.144573
48213950902,0.068607
48213950903,0.249735
48213950904,0.112171
48213950905,0.206406
48213951000,0.129846
48213951101,0.013877
48213951102,0.078192
48213951201,0.183403
48213951202,0.225583
48213951300,0.173581
48213951401,0.066675
48213951402,0.074698
48213951403,0.005674
48215020103,0.116701
48215020104,0.089472
48215020105,0.101351
48215020106,0.072926
48215020107,0.318323
48215020108,0.005097
48215020205,0.226822
48215020206,0.100664
48215020207,0.035677
48215020208,0.197412
48215020209,0.150742
48215020210,0.132024
48215020211,0.339598
48215020303,0.002419
48215020304,0.144302
48215020305,0.06808
48215020306,0.211674
48215020307,0.274363
48215020403,0.202212
48215020405,0.048418
48215020406,0.004657
48215020407,0.110853
48215020408,0.150566
48215020409,0.100592
48215020505,0.277787
48215020506,0.079382
48215020507,0.06534
48215020508,0.325147
48215020509,0.003043
48215020510,0.126055
48215020511,0.061736
48215020512,0.03842
48215020513,0.171038
48215020600,0.076705
48215020724,0.11727
48215020725,0.012806
48215020727,0.003961
48215020728,0.010683
48215020729,0.158724
48215020730,0.21029
48215020731,0.007045
48215020732,0.056671
48215020733,0.029849
48215020734,0.011915
48215020735,0.005373
48215020736,0.008731
48215020804,0.027885
48215020805,0.12833
48215020806,0.181259
48215020807,0.026219
48215020808,0.041621
48215020905,0.02294
48215020906,0.084092
48215020907,0.043891
48215020908,0.077314
48215020909,0.152876
48215020910,0.025948
48215021001,0.068273
48215021002,0.140521
48215021003,0.169539
48215021100,0.082159
48215021201,0.089893
48215021203,0.076544
48215021204,0.035827
48215021306,0.053347
48215021307,0.029399
48215021308,0.122535
48215021309,0.26415
48215021310,0.267165
48215021311,0.025928
48215021312,0.172449
48215021313,0.030889
48215021314,0.052999
48215021315,0.203762
48215021401,0.178291
48215021405,0.104143
48215021406,0.004862
48215021407,0.089012
48215021408,0.12274
48215021409,0.184872
48215021500,0.104136
48215021600,0.030465
48215021703,0.028521
48215021704,0.037923
48215021705,0.059918
48215021706,0.018113
48215021707,0.059242
48215021803,0.055651
48215021804,0.049747
48215021807,0.051817
48215021808,0.236461
48215021809,0.05032
48215021810,0.041219
48215021903,0.16371
48215021904,0.075368
48215021905,0.064284
48215021906,0.0565
48215022005,0.115719
48215022006,0.005051
48215022007,0.00394
48215022008,0.061717
48215022009,0.015144
48215022010,0.082949
48215022011,0.027824
48215022105,0.329074
48215022107,0.181782
48215022108,0.083375
48215022109,0.038923
48215022110,0.005001
48215022111,0.017
48215022112,0.030863
48215022113,0.096995
48215022203,0.160975
48215022204,0.032545
48215022205,0.055789
48215022206,0.034594
48215022301,0.335136
48215022302,0.037089
48215022401,0.051844
48215022402,0.008289
48215022502,0.029198
48215022503,0.0238
48215022504,0.027201
48215022600,0.003414
48215022703,0.164667
48215022704,0.083347
48215022705,0.014588
48215022706,0.021983
48215022801,0.132166
48215022802,0.054552
48215022900,0.121202
48215023000,0.026504
48215023103,0.128538
48215023104,0.037495
48215023105,0.098415
48215023106,0.02065
48215023516,0.07533
48215023517,0.051124
48215023518,0.038873
48215023519,0.001607
48215023520,0.036025
48215023521,0.007097
48215023522,0.032267
48215023523,0.042287
48215023524,0.009406
48215023525,0.029585
48215023526,0.089823
48215023527,0.004217
48215023528,0.074156
48215023529,0.005522
48215023530,0.0153
48215023531,0.013406
48215023532,0.006786
48215023533,0.005668
48215023534,0.027492
48215023535,0.011839
48215023536,0.064329
48215023601,0.084
48215023602,0.023715
48215023700,0.171069
48215023803,0.017712
48215023804,0.184926
48215023805,0.012083
48215023806,0.091502
48215023903,0.285701
48215023905,0.005012
48215023906,0.028767
48215023907,0.087274
48215023908,0.034707
48215024001,0.164137
48215024002,0.053564
48215024003,0.215828
48215024004,0.031331
48215024107,0.120222
48215024108,0.005458
48215024109,0.035508
48215024115,0.017215
48215024116,0.016371
48215024117,0.159858
48215024118,0.126352
48215024119,0.247588
48215024120,0.034845
48215024121,0.0372
48215024122,0.006163
48215024123,0.008475
48215024124,0.019433
48215024125,0.23158
48215024126,0.081378
48215024127,0.008938
48215024128,0.074066
48215024129,0.112366
48215024130,0.031168
48215024131,0.005788
48215024132,0.01706
48215024204,0.269199
48215024206,0.12754
48215024207,0.075408
48215024208,0.077725
48215024209,0.163097
48215024210,0.279326
48215024211,0.051716
48215024212,0.007807
48215024301,0.053428
48215024302,0.006411
48215024403,0.039561
48215024404,0.026098
48215024405,0.119879
48215024406,0.047254
48215024501,0.012278
48215024502,0.098775
48215024600,0.039507
48215980000,0.112133
48217960100,0.032228
48217960200,0.078261
48217960400,0.030091
48217960501,0.008579
48217960502,0.025007
48217960600,0.099932
48217960700,0.127118
48217960800,0.11499
48217960900,0.132856
48217961000,0.147387
48217961100,0.112485
48217961400,0.037021
48221160100,0.107758
48221160204,0.070354
48221160206,0.200738
48221160210,0.110395
48221160211,0.176933
48221160212,0.157731
48221160213,0.07715
48221160214,0.062715
48221160215,0.248751
48221160216,0.054531
48221160217,0.196329
48221160218,0.291266
48221160302,0.035778
48221160303,0.045894
48223950100,0.071601
48223950200,0.103586
48223950301,0.037256
48223950302,0.157631
48223950401,0.075612
48223950402,0.114748
48223950500,0.142114
48223950600,0.088603
48223950700,0.008919
48223950800,0.041813
48225950101,0.217924
48225950102,0.103922
48225950200,0.194623
48225950300,0.21899
48225950400,0.229791
48225950500,0.049042
48225950600,0.163152
48225950700,0.095129
48227950100,0.077361
48227950200,0.02117
48227950300,0.02026
48227950400,0.06585
48227950500,0.145744
48227950600,0.012881
48227950700,0.009287
48227950801,0.076791
48227950802,0.109512
48227950900,0.036127
48231960100,0.032719
48231960200,0.028942
48231960300,0.017807
48231960400,0.124053
48231960500,0.064617
48231960600,0.16416
48231960700,0.041625
48231960800,0.168049
48231960900,0.224069
48231961000,0.135144
48231961101,0.15734
48231961102,0.130645
48231961200,0.091413
48231961300,0.078955
48231961401,0.119861
48231961402,0.066454
48231961501,0.107831
48231961502,0.15672
48231961503,0.131443
48231961600,0.169053
48231961700,0.034938
48235950100,0.136577
48237950100,0.145672
48237950300,0.255414
48237950500,0.132941
48239950100,0.024179
48239950200,0.086422
48239950300,0.014855
48247950200,0.086587
48247950400,0.031481
48249950101,0.106334
48249950102,0.035511
48249950201,0.088061
48249950202,0.153983
48249950301,0.027037
48249950302,0.086798
48249950303,0.20969
48249950400,0.026153
48249950500,0.07981
48249950600,0.097358
48249950700,0.089626
48251130100,0.108822
48251130205,0.046559
48251130210,0.007723
48251130211,0.023545
48251130212,0.117
48251130213,0.067989
48251130214,0.16549
48251130215,0.046185
48251130216,0.006224
48251130217,0.005612
48251130218,0.144897
48251130219,0.022555
48251130220,0.021433
48251130221,0.015297
48251130222,0.009514
48251130302,0.047691
48251130303,0.157363
48251130304,0.088513
48251130405,0.005783
48251130406,0.04426
48251130411,0.043629
48251130412,0.062123
48251130413,0.184999
48251130414,0.081342
48251130415,0.138007
48251130416,0.007552
48251130417,0.049097
48251130418,0.016683
48251130419,0.030272
48251130501,0.01489
48251130502,0.010813
48251130602,0.041777
48251130603,0.228749
48251130604,0.125083
48251130700,0.008187
48251130800,0.124135
48251130900,0.026691
48251131000,0.002762
48251131100,0.176388
48253020101,0.229107
48253020102,0.109056
48253020200,0.173928
48253020300,0.029072
48253020400,0.013738
48253020500,0.034084
48255970100,0.118974
48255970200,0.023997
48255970301,0.144934
48255970302,0.17414
48255970400,0.038857
48257050204,0.017038
48257050207,0.005302
48257050208,0.009735
48257050209,0.004323
48257050210,0.016557
48257050211,0.004397
48257050212,0.010171
48257050213,0.005387
48257050214,0.002136
48257050215,0.024697
48257050300,0.211134
48257050401,0.148124
48257050402,0.018206
48257050500,0.102964
48257050601,0.036041
48257050602,0.074688
48257050701,0.024876
48257050703,0.061951
48257050704,0.105442
48257050801,0.043758
48257050802,0.043702
48257051000,0.199617
48257051100,0.076299
48257051201,0.037914
48257051202,0.043299
48257051301,0.111127
48257051302,0.024886
48259970101,0.165389
48259970102,0.010071
48259970301,0.142544
48259970302,0.246898
48259970403,0.140684
48259970404,0.034484
48259970405,0.06131
48259970406,0.090615
48259970500,0.121719
48261950100,0.068311
48263950100,0.079668
48265960101,0.066091
48265960102,0.089431
48265960200,0.023001
48265960301,0.107242
48265960303,0.238059
48265960304,0.050275
48265960401,0.255986
48265960403,0.253317
48265960404,0.227474
48265960500,0.045852
48265960601,0.192373
48265960602,0.231816
48265960700,0.211653
48265960800,0.058606
48267950100,0.060472
48267950200,0.191996
48269950100,0.133815
48271950100,0.009066
48273020101,0.024276
48273020102,0.034282
48273020200,0.049552
48273020301,0.020469
48273020302,0.179447
48273020401,0.044702
48273020402,0.239152
48273020501,0.048563
48273020502,0.072686
48275950100,0.063448
48275950200,0.019262
48277000101,0.132351
48277000102,0.079122
48277000200,0.012353
48277000301,0.059324
48277000302,0.048823
48277000401,0.179238
48277000402,0.26328
48277000500,0.17634
48277000600,0.168977
48277000700,0.096249
48277000800,0.106984
48277000900,0.128446
48277001000,0.07884
48281950100,0.039728
48281950302,0.15007
48281950303,0.160021
48281950304,0.097041
48281950400,0.200691
48281950500,0.1348
48283950301,0.093328
48283950302,0.14574
48285000100,0.037186
48285000200,0.077962
48285000300,0.014931
48285000400,0.130368
48285000500,0.074478
48285000600,0.186227
48287000100,0.040011
48287000200,0.023389
48287000300,0.023744
48287000400,0.057763
48289950101,0.066237
48289950102,0.056506
48289950201,0.045055
48289950202,0.019487
48289950301,0.062276
48289950302,0.163351
48291700100,0.024793
48291700200,0.225606
48291700301,0.027494
48291700302,0.011751
48291700303,0.139811
48291700400,0.111081
48291700500,0.051807
48291700900,0.0319
48291701000,0.089196
48293970100,0.116715
48293970200,0.018913
48293970300,0.197556
48293970400,0.051974
48293970500,0.187408
48293970600,0.07794
48293970700,0.018662
48293970800,0.028216
48297950100,0.106624
48297950200,0.060558
48297950300,0.0686
48297950400,0.115983
48299970100,0.180263
48299970200,0.132605
48299970300,0.12941
48299970401,0.265963
48299970402,0.044318
48299970501,0.020682
48299970502,0.069254
48299970600,0.074045
48303000100,0.021237
48303000201,0.005806
48303000202,0.040595
48303000301,0.006315
48303000303,0.01889
48303000304,0.064167
48303000402,0.08003
48303000403,0.019323
48303000406,0.032757
48303000407,0.107685
48303000408,0.011109
48303000409,0.007524
48303000410,0.029972
48303000411,0.026781
48303000501,0.040745
48303000502,0.096108
48303000503,0.154796
48303000603,0.029686
48303000605,0.024679
48303000607,0.133293
48303000700,0.05085
48303000901,0.048595
48303000902,0.052001
48303001000,0.034765
48303001200,0.005764
48303001300,0.120012
48303001401,0.144411
48303001402,0.156546
48303001501,0.197561
48303001502,0.013871
48303001601,0.065757
48303001602,0.030842
48303001708,0.041162
48303001709,0.004363
48303001710,0.045451
48303001711,0.008839
48303001712,0.010416
48303001713,0.025468
48303001714,0.010302
48303001715,0.041074
48303001716,0.008175
48303001717,0.00524
48303001804,0.060559
48303001805,0.035318
48303001806,0.037524
48303001807,0.015649
48303001808,0.012801
48303001904,0.009326
48303001905,0.034027
48303001906,0.013828
48303001907,0.01521
48303001908,0.0274
48303002001,0.026548
48303002002,0.007921
48303002102,0.017627
48303002103,0.007734
48303002104,0.002525
48303002203,0.003853
48303002205,0.024482
48303002206,0.00946
48303002207,0.317708
48303002208,0.021611
48303002301,0.027415
48303002302,0.1607
48303002401,0.06602
48303002402,0.017716
48303002500,0.038343
48303010101,0.064366
48303010102,0.183445
48303010201,0.065817
48303010202,0.11121
48303010203,0.031044
48303010204,0.029252
48303010301,0.028766
48303010302,0.154943
48303010402,0.112134
48303010404,0.075594
48303010409,0.015212
48303010410,0.037306
48303010411,0.010452
48303010412,0.220627
48303010413,0.030619
48303010414,0.009871
48303010415,0.03658
48303010416,0.043435
48303010417,0.026511
48303010418,0.050305
48303010419,0.029052
48303010420,0.052156
48303010421,0.011228
48303010422,0.039243
48303010423,0.025979
48303010502,0.050494
48303010504,0.015053
48303010505,0.018155
48303010506,0.076901
48303010509,0.035642
48303010510,0.035784
48303010511,0.02255
48303010512,0.013339
48303010513,0.080323
48303010514,0.007583
48303010601,0.078233
48303010602,0.298595
48303010700,0.10838
48303980000,0.191393
48305950400,0.084117
48305950500,0.058393
48305950600,0.045122
48307950300,0.163779
48307950400,0.114379
48307950500,0.152585
48309000100,0.0632
48309000200,0.072157
48309000300,0.036946
48309000401,0.089895
48309000402,0.05412
48309000598,0.078529
48309000700,0.01503
48309000800,0.04055
48309000900,0.043717
48309001000,0.004998
48309001100,0.00374
48309001200,0.060473
48309001300,0.016962
48309001401,0.008027
48309001402,0.011544
48309001500,0.013464
48309001600,0.060993
48309001700,0.095218
48309001800,0.147803
48309001900,0.077821
48309002000,0.07365
48309002100,0.094151
48309002302,0.078869
48309002498,0.086172
48309002501,0.062108
48309002503,0.037034
48309002504,0.030533
48309002600,0.006838
48309002700,0.02364
48309002800,0.005819
48309002900,0.027255
48309003000,0.003699
48309003200,0.138497
48309003300,0.035044
48309003401,0.137201
48309003402,0.142029
48309003500,0.068219
48309003601,0.008767
48309003602,0.130289
48309003701,0.212152
48309003703,0.126035
48309003708,0.024892
48309003709,0.036437
48309003710,0.019923
48309003711,0.00645
48309003712,0.040454
48309003801,0.048173
48309003802,0.014025
48309003901,0.172603
48309003902,0.127838
48309004000,0.027293
48309004102,0.005632
48309004104,0.008312
48309004105,0.009015
48309004201,0.087337
48309004202,0.167287
48309004300,0.032659
48309980000,0.043488
48311950100,0.026089
48313000100,0.053578
48313000200,0.162962
48313000300,0.175509
48313000400,0.143231
48317950100,0.052478
48317950200,0.065837
48319950100,0.109182
48319950200,0.066364
48321730100,0.224753
48321730202,0.019822
48321730203,0.122508
48321730204,0.286618
48321730301,0.254312
48321730302,0.309646
48321730303,0.013613
48321730400,0.086869
48321730502,0.041427
48321730503,0.18864
48321730600,0.034513
48321730700,0.039405
48323950204,0.022923
48323950206,0.016828
48323950207,0.012941
48323950208,0.254065
48323950209,0.011947
48323950301,0.098882
48323950302,0.095098
48323950400,0.177899
48323950500,0.061222
48323950601,0.053906
48323950602,0.00956
48323950701,0.019878
48323950702,0.045654
48325000101,0.038242
48325000103,0.106384
48325000104,0.167113
48325000200,0.017431
48325000301,0.11571
48325000302,0.057192
48325000401,0.134659
48325000402,0.018189
48325000500,0.034156
48325000801,0.114281
48325000802,0.171307
48327950300,0.095672
48329010123,0.060383
48329010124,0.066643
48329010128,0.043921
48329010129,0.029259
48331950100,0.013977
48331950300,0.130632
48331950401,0.157646
48331950402,0.144594
48331950500,0.131543
48331950700,0.092351
48331950800,0.042626
48333950100,0.010605
48333950200,0.116857
48335950200,0.086019
48335950400,0.090126
48337950100,0.037615
48337950200,0.101143
48337950401,0.130259
48337950402,0.056126
48337950501,0.103049
48337950502,0.113814
48337950600,0.019406
48339690101,0.010209
48339690102,0.059661
48339690203,0.049628
48339690204,0.011383
48339690205,0.0091
48339690206,0.007818
48339690207,0.259581
48339690300,0.052703
48339690403,0.014623
48339690404,0.186322
48339690405,0.12537
48339690406,0.007517
48339690407,0.007843
48339690408,0.012091
48339690501,0.010669
48339690502,0.009613
48339690503,0.024391
48339690603,0.003728
48339690604,0.006894
48339690605,0.066262
48339690606,0.00462
48339690607,0.011673
48339690608,0.017984
48339690609,0.009546
48339690610,0.044112
48339690701,0.013574
48339690702,0.014405
48339690800,0.019256
48339690900,0.004219
48339691000,0.010185
48339691100,0.004518
48339691201,0.123752
48339691202,0.010682
48339691301,0.007483
48339691302,0.007524
48339691401,0.020159
48339691402,0.066859
48339691403,0.061027
48339691500,0.010109
48339691601,0.007554
48339691602,0.038669
48339691700,0.041223
48339691801,0.007981
48339691802,0.010472
48339691900,0.125257
48339692003,0.05574
48339692004,0.038263
48339692005,0.00415
48339692006,0.019471
48339692007,0.02042
48339692008,0.062532
48339692009,0.00631
48339692010,0.05173
48339692101,0.022833
48339692102,0.123738
48339692103,0.043906
48339692201,0.006106
48339692202,0.011687
48339692301,0.159131
48339692302,0.006799
48339692303,0.034784
48339692304,0.003857
48339692401,0.036035
48339692402,0.029003
48339692501,0.047421
48339692502,0.017068
48339692601,0.012134
48339692603,0.010167
48339692604,0.033525
48339692605,0.039933
48339692701,0.016443
48339692702,0.040476
48339692802,0.025336
48339692803,0.079777
48339692804,0.008369
48339692900,0.037327
48339693001,0.116921
48339693002,0.051665
48339693102,0.072253
48339693103,0.163396
48339693104,0.048728
48339693201,0.009599
48339693202,0.022821
48339693301,0.12332
48339693302,0.007493
48339693303,0.059299
48339693304,0.071946
48339693401,0.031478
48339693402,0.026621
48339693501,0.061405
48339693502,0.260312
48339693503,0.050292
48339693600,0.043202
48339693701,0.059889
48339693702,0.006701
48339693703,0.054873
48339693800,0.06043
48339693901,0.132424
48339693902,0.213579
48339693903,0.278957
48339693904,0.028619
48339694001,0.013333
48339694002,0.086289
48339694103,0.007711
48339694104,0.020758
48339694105,0.086681
48339694106,0.066334
48339694107,0.092796
48339694203,0.03839
48339694204,0.012855
48339694205,0.212086
48339694206,0.057634
48339694207,0.035558
48339694208,0.007016
48339694209,0.006162
48339694210,0.027231
48339694303,0.00996
48339694304,0.030474
48339694305,0.042469
48339694306,0.063287
48339694307,0.066204
48339694308,0.059021
48339694309,0.032327
48339694401,0.018675
48339694402,0.038656
48339694403,0.068269
48339694501,0.008941
48339694502,0.043018
48339694503,0.027728
48339694601,0.013236
48339694602,0.009693
48339694603,0.060304
48339694700,0.035624
48347950200,0.091581
48349970100,0.095747
48349970200,0.056581
48349970301,0.036637
48349970302,0.13518
48349970400,0.025178
48349970500,0.005802
48349970600,0.074864
48349970701,0.07407
48349970800,0.112435
48349970901,0.048006
48349970902,0.174419
48349971000,0.100672
48353950100,0.101087
48353950200,0.166142
48353950300,0.112232
48353950400,0.093834
48353950500,0.037182
48355000500,0.179242
48355000601,0.230218
48355000602,0.021774
48355000700,0.023251
48355000800,0.022429
48355000900,0.011225
48355001000,0.060718
48355001100,0.099178
48355001201,0.015547
48355001202,0.02314
48355001300,0.005989
48355001400,0.01267
48355001500,0.014484
48355001601,0.005338
48355001602,0.006357
48355001702,0.128331
48355001703,0.007309
48355001704,0.002579
48355001801,0.008497
48355001802,0.065904
48355001903,0.033896
48355001904,0.017129
48355001905,0.11596
48355001906,0.220961
48355002001,0.044126
48355002002,0.008417
48355002101,0.005744
48355002102,0.007233
48355002200,0.004792
48355002301,0.007726
48355002303,0.017325
48355002304,0.021493
48355002400,0.035414
48355002500,0.011983
48355002601,0.044228
48355002602,0.004928
48355002603,0.005648
48355002703,0.104357
48355002705,0.005878
48355002706,0.175846
48355002707,0.0188
48355002708,0.087699
48355002900,0.275639
48355003002,0.007894
48355003003,0.123863
48355003004,0.017496
48355003101,0.002754
48355003102,0.006768
48355003202,0.039225
48355003204,0.041528
48355003205,0.043407
48355003206,0.028589
48355003303,0.039089
48355003304,0.074072
48355003305,0.010706
48355003306,0.012456
48355003401,0.032718
48355003402,0.02697
48355003500,0.060792
48355003601,0.008332
48355003602,0.011429
48355003603,0.01647
48355003700,0.026657
48355005103,0.107443
48355005104,0.146729
48355005404,0.003856
48355005406,0.035387
48355005407,0.026317
48355005408,0.029061
48355005409,0.020776
48355005410,0.010849
48355005411,0.063539
48355005412,0.004754
48355005413,0.041366
48355005414,0.003878
48355005415,0.010546
48355005416,0.032695
48355005417,0.026626
48355005603,0.018605
48355005604,0.189863
48355005605,0.142608
48355005606,0.191397
48355005801,0.072069
48355005803,0.062749
48355005804,0.035235
48355005900,0.013492
48355006000,0.037026
48355006100,0.05936
48355006201,0.003889
48355006202,0.031696
48355006203,0.051185
48355006204,0.006302
48355006205,0.102004
48355006300,0.137294
48355006400,0.069736
48355980000,0.085604
48363000100,0.10683
48363000200,0.123811
48363000300,0.082014
48363000401,0.115441
48363000402,0.068714
48363000500,0.338585
48363000600,0.14219
48363000700,0.076283
48363000800,0.165908
48363000900,0.321999
48367140101,0.094456
48367140102,0.041164
48367140201,0.161035
48367140202,0.078319
48367140300,0.033316
48367140403,0.017796
48367140408,0.079219
48367140409,0.070005
48367140410,0.0558
48367140411,0.104529
48367140412,0.228838
48367140413,0.019955
48367140414,0.006338
48367140415,0.035607
48367140416,0.028498
48367140502,0.151485
48367140503,0.017284
48367140504,0.061547
48367140601,0.073537
48367140603,0.093821
48367140604,0.138514
48367140707,0.090141
48367140708,0.127532
48367140709,0.100399
48367140710,0.228899
48367140711,0.124506
48367140712,0.055059
48367140713,0.047414
48367140714,0.039432
48371950100,0.024593
48373210203,0.00627
48373210204,0.072085
48373210205,0.256046
48373210206,0.171567
48373210301,0.116855
48373210302,0.022125
48373210402,0.013856
48379950101,0.017087
48379950102,0.099244
48379950200,0.150616
48383950100,0.096719
48385950100,0.050658
48387950100,0.020342
48387950501,0.139175
48387950502,0.100362
48387950600,0.02907
48387950700,0.006624
48391950200,0.079455
48391950400,0.133261
48395960100,0.092538
48395960200,0.017822
48395960300,0.068692
48395960400,0.086414
48395960501,0.224662
48395960502,0.098752
48397040101,0.043637
48397040103,0.181879
48397040104,0.063023
48397040201,0.073093
48397040202,0.142069
48397040203,0.015057
48397040301,0.138349
48397040303,0.106999
48397040304,0.053661
48397040305,0.05158
48397040403,0.210603
48397040404,0.175421
48397040405,0.137808
48397040406,0.301446
48397040407,0.175211
48397040408,0.077544
48397040409,0.026227
48397040410,0.09379
48397040411,0.051793
48397040412,0.045859
48397040503,0.03599
48397040507,0.009073
48397040508,0.08796
48397040509,0.11297
48397040510,0.10742
48397040511,0.009755
48397040512,0.024249
48397040513,0.062128
48397040514,0.025831
48399950100,0.071866
48399950200,0.185785
48399950500,0.042281
48399950600,0.072135
48401950200,0.027387
48401950300,0.144492
48401950400,0.065698
48401950501,0.051412
48401950502,0.208929
48401951000,0.047277
48401951100,0.091334
48407200103,0.048496
48407200104,0.04135
48407200105,0.040931
48407200106,0.007527
48407200107,0.11165
48407200201,0.096532
48407200202,0.286915
48407200301,0.02511
48407200302,0.018219
48409010201,0.131909
48409010202,0.086643
48409010301,0.0433
48409010302,0.13377
48409010500,0.022986
48409010601,0.045749
48409010602,0.005089
48409010603,0.047293
48409010604,0.131585
48409010700,0.037458
48409010800,0.072565
48409010900,0.065479
48409011000,0.127702
48409011100,0.199596
48409011200,0.030306
48409011300,0.038817
48411950100,0.1024
48411950200,0.054404
48413950300,0.012666
48415950100,0.227441
48415950200,0.044668
48415950300,0.075483
48415950600,0.088819
48417950300,0.103131
48423000100,0.219851
48423000201,0.114919
48423000202,0.08728
48423000300,0.08435
48423000400,0.20796
48423000500,0.036295
48423000600,0.170387
48423000700,0.173983
48423000800,0.129002
48423000900,0.131644
48423001000,0.016798
48423001101,0.080952
48423001102,0.183805
48423001200,0.271257
48423001300,0.181709
48423001404,0.04875
48423001405,0.02728
48423001406,0.035303
48423001407,0.103881
48423001408,0.055469
48423001501,0.062052
48423001502,0.030784
48423001602,0.146736
48423001605,0.178779
48423001606,0.212394
48423001607,0.169059
48423001608,0.193554
48423001701,0.092844
48423001702,0.023509
48423001803,0.131829
48423001804,0.042812
48423001805,0.285692
48423001806,0.167427
48423001807,0.123172
48423001906,0.062526
48423001909,0.029406
48423001910,0.014297
48423001911,0.028606
48423001912,0.273987
48423001913,0.243859
48423001914,0.070139
48423001915,0.025041
48423001916,0.008151
48423001917,0.092915
48423002003,0.119897
48423002004,0.039305
48423002006,0.033779
48423002009,0.108774
48423002010,0.006984
48423002011,0.027406
48423002012,0.04277
48423002013,0.083477
48423002101,0.080023
48423002102,0.061955
48423002200,0.042799
48423980000,0.149435
48425000101,0.038277
48425000102,0.054483
48425000200,0.133708
48427950101,0.172018
48427950104,0.017661
48427950105,0.144463
48427950106,0.23004
48427950107,0.214945
48427950108,0.008235
48427950202,0.08724
48427950203,0.206347
48427950204,0.153444
48427950402,0.210569
48427950403,0.325744
48427950404,0.286211
48427950500,0.183462
48427950601,0.268623
48427950602,0.247502
48427950701,0.141528
48427950702,0.212025
48429950200,0.150909
48429950300,0.155897
48429950500,0.101526
48431950100,0.130314
48433950300,0.033717
48435950300,0.035422
48439100101,0.080892
48439100102,0.055406
48439100201,0.003374
48439100202,0.121173
48439100300,0.056566
48439100401,0.13278
48439100402,0.12309
48439100503,0.109887
48439100504,0.145569
48439100505,0.015951
48439100506,0.005048
48439100601,0.032861
48439100602,0.19646
48439100700,0.152541
48439100800,0.082402
48439100900,0.080885
48439101201,0.018519
48439101202,0.021132
48439101301,0.004476
48439101302,0.056391
48439101401,0.013527
48439101402,0.02525
48439101403,0.038587
48439101500,0.107921
48439101700,0.016406
48439102000,0.043102
48439102101,0.069353
48439102102,0.014672
48439102201,0.02149
48439102202,0.02031
48439102301,0.038769
48439102302,0.181615
48439102401,0.017887
48439102402,0.113217
48439102500,0.002331
48439102601,0.030069
48439102602,0.022364
48439102700,0.00609
48439103500,0.009657
48439103601,0.004666
48439103602,0.041185
48439103701,0.005221
48439103702,0.009043
48439103800,0.053322
48439104100,0.160686
48439104202,0.024322
48439104203,0.00272
48439104204,0.014817
48439104301,0.012256
48439104302,0.00717
48439104400,0.004437
48439104502,0.018717
48439104503,0.007959
48439104504,0.012179
48439104505,0.015093
48439104601,0.007704
48439104602,0.006219
48439104603,0.032781
48439104604,0.006689
48439104605,0.019323
48439104701,0.007185
48439104702,0.10966
48439104802,0.002536
48439104803,0.014918
48439104804,0.006068
48439104900,0.010712
48439105007,0.020868
48439105008,0.021766
48439105009,0.018521
48439105201,0.016436
48439105203,0.186891
48439105204,0.054823
48439105206,0.09649
48439105207,0.021007
48439105403,0.014838
48439105404,0.004582
48439105405,0.036705
48439105407,0.223479
48439105408,0.00675
48439105502,0.005021
48439105503,0.027032
48439105505,0.00777
48439105511,0.011762
48439105512,0.013512
48439105513,0.028713
48439105514,0.059273
48439105515,0.003114
48439105516,0.016928
48439105517,0.031254
48439105518,0.038135
48439105519,0.008121
48439105520,0.036137
48439105600,0.011046
48439105701,0.027718
48439105703,0.035431
48439105705,0.006628
48439105706,0.009411
48439105800,0.015227
48439105901,0.016552
48439105902,0.003943
48439106002,0.056952
48439106004,0.005899
48439106005,0.016125
48439106006,0.002216
48439106101,0.03934
48439106102,0.134201
48439106201,0.029298
48439106202,0.029655
48439106300,0.002405
48439106400,0.050422
48439106502,0.008963
48439106503,0.008421
48439106507,0.009173
48439106509,0.042057
48439106512,0.00851
48439106513,0.128165
48439106514,0.007808
48439106515,0.003271
48439106518,0.009299
48439106519,0.013015
48439106520,0.078859
48439106521,0.016501
48439106522,0.005604
48439106523,0.021223
48439106524,0.022638
48439106525,0.011234
48439106526,0.009551
48439106600,0.022873
48439106700,0.03182
48439110102,0.057878
48439110103,0.026387
48439110104,0.089388
48439110202,0.110408
48439110204,0.005858
48439110205,0.004631
48439110206,0.029993
48439110301,0.048047
48439110302,0.063823
48439110401,0.018576
48439110402,0.061999
48439110500,0.22474
48439110600,0.159704
48439110703,0.034448
48439110704,0.034945
48439110705,0.011165
48439110706,0.011787
48439110805,0.099642
48439110806,0.025523
48439110807,0.025049
48439110808,0.070423
48439110809,0.102738
48439110901,0.067368
48439110903,0.045107
48439110905,0.047247
48439110906,0.115162
48439110907,0.052958
48439111003,0.031055
48439111010,0.033745
48439111015,0.026456
48439111018,0.029331
48439111019,0.005911
48439111020,0.006119
48439111021,0.013436
48439111022,0.021706
48439111023,0.004263
48439111024,0.002757
48439111025,0.022153
48439111026,0.009273
48439111027,0.021582
48439111028,0.00444
48439111029,0.015991
48439111030,0.006863
48439111031,0.042626
48439111032,0.001486
48439111033,0.004681
48439111102,0.048839
48439111103,0.213055
48439111104,0.135373
48439111202,0.08194
48439111203,0.041005
48439111204,0.007389
48439111304,0.016809
48439111306,0.01833
48439111307,0.073061
48439111308,0.021668
48439111309,0.017631
48439111311,0.008204
48439111312,0.021465
48439111314,0.023146
48439111315,0.011621
48439111316,0.003079
48439111317,0.012764
48439111318,0.009416
48439111319,0.017824
48439111320,0.009506
48439111402,0.00874
48439111405,0.159493
48439111406,0.007978
48439111407,0.006171
48439111408,0.018753
48439111409,0.008171
48439111410,0.030859
48439111411,0.094083
48439111505,0.054552
48439111506,0.029888
48439111513,0.026801
48439111514,0.014988
48439111516,0.041908
48439111522,0.00549
48439111525,0.020248
48439111526,0.088207
48439111529,0.016495
48439111530,0.010328
48439111531,0.052515
48439111532,0.00668
48439111533,0.018642
48439111534,0.00544
48439111536,0.047273
48439111538,0.039771
48439111540,0.004888
48439111541,0.005072
48439111542,0.007507
48439111543,0.007764
48439111544,0.00528
48439111545,0.017437
48439111546,0.014424
48439111551,0.008172
48439111552,0.010977
48439111553,0.028005
48439111554,0.007759
48439111555,0.008574
48439111556,0.039586
48439111557,0.002728
48439111558,0.006155
48439111559,0.101921
48439111560,0.006424
48439111561,0.003969
48439111562,0.129972
48439111563,0.031483
48439111564,0.064183
48439111565,0.014478
48439111566,0.016457
48439111567,0.008519
48439111568,0.046749
48439111569,0.029188
48439111570,0.007087
48439111571,0.022391
48439111572,0.008084
48439113003,0.023278
48439113004,0.099098
48439113005,0.175544
48439113006,0.008254
48439113007,0.017496
48439113102,0.010566
48439113104,0.011799
48439113107,0.005075
48439113108,0.00309
48439113109,0.023371
48439113110,0.027095
48439113112,0.006444
48439113115,0.031292
48439113116,0.027566
48439113117,0.011022
48439113118,0.018481
48439113119,0.0158
48439113120,0.004191
48439113121,0.096823
48439113122,0.059792
48439113206,0.097965
48439113207,0.009643
48439113210,0.130075
48439113212,0.012147
48439113213,0.020676
48439113214,0.005808
48439113215,0.004281
48439113216,0.005702
48439113217,0.016934
48439113218,0.005966
48439113221,0.101597
48439113222,0.133264
48439113223,0.030256
48439113301,0.105593
48439113302,0.068907
48439113403,0.015277
48439113404,0.013542
48439113407,0.091328
48439113408,0.046095
48439113409,0.095662
48439113410,0.163925
48439113509,0.008284
48439113510,0.00435
48439113511,0.040144
48439113512,0.009272
48439113513,0.077282
48439113514,0.045526
48439113516,0.007864
48439113517,0.026233
48439113519,0.013571
48439113520,0.022367
48439113521,0.023725
48439113522,0.011089
48439113607,0.030836
48439113611,0.084904
48439113612,0.038931
48439113613,0.026529
48439113618,0.005983
48439113619,0.040536
48439113622,0.078526
48439113623,0.018899
48439113624,0.003614
48439113625,0.012964
48439113626,0.009571
48439113628,0.102731
48439113629,0.012433
48439113630,0.051939
48439113632,0.005408
48439113633,0.007848
48439113634,0.008832
48439113635,0.165365
48439113636,0.043752
48439113637,0.058043
48439113638,0.021278
48439113639,0.011723
48439113640,0.013698
48439113707,0.060707
48439113709,0.023467
48439113710,0.004536
48439113711,0.066298
48439113712,0.033671
48439113713,0.017506
48439113714,0.011088
48439113715,0.039744
48439113716,0.052015
48439113803,0.08152
48439113808,0.017795
48439113809,0.014279
48439113810,0.007528
48439113811,0.069978
48439113812,0.004661
48439113813,0.008365
48439113814,0.00847
48439113815,0.026041
48439113816,0.008992
48439113906,0.009952
48439113908,0.013952
48439113912,0.008926
48439113916,0.027257
48439113917,0.009083
48439113918,0.060005
48439113919,0.017218
48439113920,0.017069
48439113923,0.008497
48439113924,0.002944
48439113925,0.008219
48439113930,0.00598
48439113931,0.029338
48439113932,0.017934
48439113933,0.035146
48439113934,0.005594
48439113935,0.028445
48439113936,0.025072
48439113937,0.030387
48439113938,0.004423
48439113939,0.00371
48439113940,0.013037
48439113941,0.010021
48439113942,0.012062
48439113943,0.007499
48439113944,0.007402
48439113945,0.016008
48439113946,0.010859
48439113947,0.008964
48439113948,0.00848
48439113949,0.003395
48439113950,0.021753
48439113951,0.017269
48439113952,0.006354
48439113953,0.048166
48439113954,0.014709
48439113955,0.005229
48439113956,0.025205
48439113957,0.016019
48439113958,0.037919
48439114003,0.094944
48439114006,0.047616
48439114009,0.003199
48439114010,0.002444
48439114011,0.024334
48439114012,0.006199
48439114013,0.03249
48439114014,0.00621
48439114015,0.111433
48439114105,0.053345
48439114106,0.033596
48439114107,0.024051
48439114108,0.024151
48439114109,0.00322
48439114110,0.098477
48439114111,0.03005
48439114112,0.034458
48439114113,0.00287
48439114203,0.011621
48439114204,0.07391
48439114205,0.027025
48439114206,0.042364
48439114207,0.012394
48439121605,0.022538
48439121606,0.03174
48439121608,0.00495
48439121609,0.021865
48439121610,0.011708
48439121611,0.016363
48439121612,0.224264
48439121613,0.329761
48439121614,0.086939
48439121615,0.168307
48439121702,0.01065
48439121703,0.006965
48439121704,0.007665
48439121904,0.056802
48439121905,0.021894
48439121906,0.047023
48439121907,0.006252
48439121908,0.076043
48439122001,0.008859
48439122002,0.014208
48439122100,0.004543
48439122200,0.071232
48439122300,0.010939
48439122401,0.014034
48439122402,0.008004
48439122500,0.016818
48439122600,0.022226
48439122701,0.011248
48439122702,0.049469
48439122801,0.03052
48439122802,0.008348
48439122901,0.011578
48439122902,0.066842
48439123001,0.19796
48439123002,0.032388
48439123100,0.116024
48439123200,0.07452
48439123301,0.097047
48439123302,0.107526
48439123500,0.033291
48439123600,0.054502
48439123700,0.010372
48439980000,0.201606
48441010100,0.009006
48441010200,0.016611
48441010300,0.005548
48441010400,0.005022
48441010500,0.017461
48441010600,0.011945
48441010700,0.00243
48441010800,0.105024
48441010900,0.073154
48441011000,0.044676
48441011200,0.073921
48441011300,0.020216
48441011400,0.107146
48441011500,0.004983
48441011600,0.012287
48441011700,0.127389
48441011900,0.028364
48441012000,0.050636
48441012100,0.014059
48441012200,0.048563
48441012300,0.002916
48441012400,0.093094
48441012500,0.018048
48441012600,0.072855
48441012701,0.01198
48441012702,0.100842
48441012801,0.095742
48441012802,0.067284
48441012900,0.013913
48441013000,0.120359
48441013100,0.061838
48441013200,0.10164
48441013300,0.069644
48441013401,0.078508
48441013402,0.041372
48441013404,0.029335
48441013501,0.082727
48441013502,0.115487
48441013601,0.068638
48441013602,0.073241
48441980000,0.273742
48443950100,0.046044
48447950300,0.053196
48449950100,0.070969
48449950200,0.128433
48449950301,0.027382
48449950302,0.090449
48449950400,0.117433
48449950500,0.115204
48449950600,0.057736
48449950700,0.220052
48449950800,0.267151
48451000100,0.081263
48451000200,0.271534
48451000300,0.049831
48451000400,0.048826
48451000700,0.087389
48451000801,0.104903
48451000802,0.004347
48451000900,0.042692
48451001000,0.251115
48451001101,0.033922
48451001102,0.028949
48451001200,0.00478
48451001301,0.019556
48451001303,0.024326
48451001304,0.050699
48451001401,0.068132
48451001402,0.121747
48451001500,0.133147
48451001600,0.058308
48451001702,0.203929
48451001706,0.013878
48451001707,0.042956
48451001708,0.183687
48451001709,0.077335
48451001710,0.013078
48451001800,0.097451
48451980000,0.086105
48453000101,0.040003
48453000102,0.031557
48453000203,0.010439
48453000204,0.012213
48453000205,0.010621
48453000206,0.013668
48453000302,0.024404
48453000304,0.031385
48453000305,0.057907
48453000307,0.047071
48453000308,0.124463
48453000309,0.04389
48453000401,0.044704
48453000402,0.016717
48453000500,0.009586
48453000601,0.002633
48453000605,0.039473
48453000606,0.056124
48453000607,0.004831
48453000608,0.055903
48453000700,0.04441
48453000801,0.092274
48453000802,0.027202
48453000803,0.021809
48453000804,0.060185
48453000901,0.112329
48453000902,0.037111
48453001000,0.024604
48453001101,0.031491
48453001102,0.106499
48453001103,0.065939
48453001200,0.006584
48453001304,0.105809
48453001307,0.007388
48453001308,0.01469
48453001309,0.052823
48453001310,0.113086
48453001311,0.006275
48453001312,0.010948
48453001401,0.026149
48453001402,0.090966
48453001403,0.062624
48453001501,0.00515
48453001503,0.014198
48453001504,0.004759
48453001505,0.0179
48453001602,0.013773
48453001603,0.014301
48453001604,0.063779
48453001605,0.018453
48453001606,0.079975
48453001910,0.058667
48453001911,0.087815
48453001912,0.087026
48453001913,0.119386
48453001914,0.009292
48453001915,0.0189
48453001916,0.010643
48453001917,0.1945
48453001918,0.035788
48453001919,0.022729
48453001920,0.067524
48453001921,0.162359
48453001922,0.117936
48453001923,0.199691
48453002002,0.015016
48453002003,0.006303
48453002004,0.026204
48453002006,0.019695
48453002007,0.105528
48453002104,0.005627
48453002105,0.005159
48453002106,0.005484
48453002107,0.007036
48453002108,0.006228
48453002109,0.010476
48453002110,0.065698
48453002111,0.013236
48453002112,0.015929
48453002113,0.001704
48453002201,0.010862
48453002211,0.00807
48453002213,0.010994
48453002214,0.038737
48453002215,0.054982
48453002216,0.026127
48453002217,0.173799
48453002218,0.299603
48453002219,0.038998
48453002220,0.011641
48453002221,0.003164
48453002222,0.029447
48453002304,0.036615
48453002307,0.037732
48453002310,0.099061
48453002313,0.03398
48453002314,0.00546
48453002315,0.028389
48453002316,0.039734
48453002319,0.162085
48453002320,0.039706
48453002321,0.018831
48453002322,0.014055
48453002323,0.016367
48453002324,0.030547
48453002325,0.03364
48453002326,0.293299
48453002327,0.025904
48453002403,0.013043
48453002407,0.012133
48453002409,0.009058
48453002410,0.013012
48453002411,0.024616
48453002412,0.024538
48453002413,0.01008
48453002419,0.002309
48453002422,0.03076
48453002423,0.014204
48453002424,0.05129
48453002430,0.005818
48453002432,0.056388
48453002434,0.106277
48453002436,0.153539
48453002437,0.024221
48453002438,0.008727
48453002439,0.007439
48453002440,0.00713
48453002441,0.010139
48453002442,0.01905
48453002443,0.058685
48453002444,0.02955
48453002445,0.014047
48453002446,0.022384
48453002447,0.059352
48453002448,0.032089
48453002449,0.038997
48453002450,0.148126
48453002451,0.050054
48453002452,0.046282
48453002453,0.06394
48453002500,0.049152
48453030000,0.048847
48453030100,0.066682
48453030200,0.007115
48453030300,0.009158
48453030400,0.024664
48453030500,0.00875
48453030600,0.012844
48453030700,0.006143
48453030800,0.012592
48453030900,0.027339
48453031000,0.018377
48453031100,0.20503
48453031200,0.01889
48453031300,0.00515
48453031400,0.019694
48453031500,0.011099
48453031600,0.034999
48453031700,0.006301
48453031800,0.027268
48453031900,0.030655
48453032000,0.034645
48453032100,0.009151
48453032200,0.029538
48453032300,0.056634
48453032400,0.021674
48453032500,0.009996
48453032600,0.006308
48453032700,0.010517
48453032800,0.256593
48453032900,0.036431
48453033000,0.067541
48453033100,0.061842
48453033200,0.048966
48453033300,0.021315
48453033400,0.010137
48453033500,0.011813
48453033600,0.144308
48453033700,0.005426
48453033800,0.025373
48453033900,0.026424
48453034000,0.069525
48453034100,0.006352
48453034200,0.041715
48453034300,0.006978
48453034400,0.004664
48453034500,0.022967
48453034600,0.088637
48453034700,0.015628
48453034800,0.017006
48453034900,0.039611
48453035000,0.016166
48453035100,0.02025
48453035200,0.066795
48453035300,0.283241
48453035400,0.060177
48453035500,0.002609
48453035600,0.179854
48453035700,0.036833
48453035800,0.023786
48453035900,0.063278
48453036000,0.022671
48453036100,0.0557
48453036200,0.008918
48453036300,0.043884
48453036400,0.167705
48453036500,0.189575
48453036600,0.155593
48453036700,0.127771
48453036800,0.053248
48453036900,0.062679
48453037000,0.166433
48453037100,0.24872
48453037200,0.0055
48453037300,0.011482
48453037400,0.185628
48453037500,0.111799
48453037600,0.009826
48453040000,0.029444
48453040100,0.053705
48453040200,0.00249
48453040300,0.007523
48453040400,0.031719
48453040500,0.004827
48453040600,0.038338
48453040700,0.038655
48453040800,0.009991
48453040900,0.199854
48453041000,0.193304
48453041100,0.244125
48453041200,0.024497
48453041300,0.005739
48453041400,0.029652
48453041500,0.03969
48453041600,0.013276
48453041700,0.028727
48453041800,0.029064
48453041900,0.050711
48453042000,0.023647
48453042100,0.012443
48453042200,0.016706
48453042300,0.034913
48453042400,0.026608
48453042500,0.008198
48453042600,0.026514
48453042700,0.002416
48453042800,0.00539
48453042900,0.009672
48453043000,0.008468
48453043100,0.106646
48453043200,0.246965
48453043300,0.008635
48453043400,0.009555
48453043500,0.070555
48453043600,0.005978
48453043700,0.045025
48453043800,0.008212
48453043900,0.003673
48453044000,0.011654
48453044100,0.008047
48453044200,0.009338
48453044300,0.013562
48453044400,0.012767
48453044500,0.022222
48453044600,0.00245
48453044700,0.008722
48453044800,0.027875
48453044900,0.082723
48453045000,0.004909
48453045100,0.028356
48453045200,0.015706
48453045300,0.01512
48453045400,0.049997
48453045500,0.006038
48453045600,0.069346
48453045700,0.073368
48453045800,0.183255
48453045900,0.210279
48453046000,0.038888
48453046100,0.03028
48453046200,0.063308
48453046300,0.02282
48453046400,0.005338
48453046500,0.015031
48453046600,0.019851
48453046700,0.03893
48453046800,0.008515
48453046900,0.005086
48453047000,0.032939
48453980000,0.096304
48455950100,0.114026
48455950200,0.04314
48455950300,0.116703
48455950400,0.08362
48455950500,0.09108
48459950101,0.03551
48459950102,0.194804
48459950200,0.058111
48459950301,0.091892
48459950302,0.035622
48459950400,0.217212
48459950501,0.072982
48459950502,0.037851
48459950600,0.029248
48459950700,0.10582
48461950100,0.076498
48463950100,0.048896
48463950201,0.105418
48463950202,0.041139
48463950300,0.078347
48463950400,0.100327
48463950500,0.11165
48465950202,0.133934
48465950203,0.182387
48465950301,0.0876
48465950302,0.107109
48465950400,0.128249
48465950501,0.070793
48465950502,0.057138
48465950601,0.314848
48465950602,0.13911
48465950701,0.089657
48465950702,0.095408
48465950801,0.263534
48465950802,0.119569
48465980000,0.051221
48467950100,0.021012
48467950200,0.048889
48467950300,0.077467
48467950400,0.027428
48467950500,0.017861
48467950601,0.113558
48467950602,0.062855
48467950700,0.121628
48467950801,0.042287
48467950802,0.058293
48467950901,0.031201
48467950902,0.178849
48467951001,0.009307
48467951002,0.021188
48469000100,0.264123
48469000201,0.217271
48469000202,0.014872
48469000301,0.169916
48469000302,0.173246
48469000400,0.152146
48469000501,0.077147
48469000502,0.007778
48469000601,0.070114
48469000602,0.068419
48469000700,0.01743
48469000800,0.039781
48469001300,0.137412
48469001401,0.191857
48469001402,0.029084
48469001501,0.151372
48469001503,0.093689
48469001504,0.129477
48469001601,0.010169
48469001604,0.002215
48469001605,0.126992
48469001607,0.118575
48469001608,0.021184
48469001700,0.028712
48469980000,0.376915
48471790101,0.016356
48471790102,0.041172
48471790103,0.163109
48471790200,0.063054
48471790301,0.046295
48471790302,0.050472
48471790401,0.208438
48471790402,0.115672
48471790500,0.117551
48471790600,0.060884
48471790700,0.041876
48471790800,0.084146
48473680100,0.051659
48473680201,0.014825
48473680202,0.093914
48473680301,0.057303
48473680302,0.084233
48473680303,0.044285
48473680501,0.027938
48473680502,0.045936
48473680601,0.164023
48473680602,0.017319
48473980000,0.038318
48477170100,0.138247
48477170201,0.077419
48477170202,0.14857
48477170300,0.044917
48477170400,0.112741
48477170501,0.062119
48477170502,0.101193
48477170601,0.067294
48477170602,0.186845
48479000101,0.056127
48479000105,0.076981
48479000106,0.048812
48479000107,0.007681
48479000108,0.002642
48479000109,0.210159
48479000200,0.053403
48479000300,0.01391
48479000601,0.010781
48479000602,0.028441
48479000700,0.087317
48479000800,0.001611
48479000901,0.006314
48479000903,0.097946
48479000904,0.000767
48479001001,0.001572
48479001003,0.033906
48479001004,0.018953
48479001101,0.0902
48479001103,0.122625
48479001104,0.01394
48479001105,0.146608
48479001201,0.054614
48479001202,0.021935
48479001300,0.059348
48479001401,0.035229
48479001402,0.023527
48479001501,0.1241
48479001502,0.031889
48479001601,0.021874
48479001602,0.036864
48479001706,0.037694
48479001709,0.006524
48479001710,0.173997
48479001711,0.038646
48479001714,0.105678
48479001715,0.116925
48479001716,0.002662
48479001717,0.141199
48479001718,0.04682
48479001719,0.005234
48479001720,0.141003
48479001721,0.012785
48479001722,0.020402
48479001723,0.013793
48479001724,0.034189
48479001725,0.035304
48479001726,0.04548
48479001727,0.016095
48479001806,0.026278
48479001809,0.160809
48479001810,0.280253
48479001811,0.138387
48479001813,0.341426
48479001815,0.073716
48479001816,0.240271
48479001818,0.328478
48479001819,0.201481
48479001820,0.134493
48479001821,0.00128
48479001822,0.002353
48479001823,0.002064
48479001824,0.133661
48479001825,0.056949
48479001826,0.063986
48479001827,0.226428
48479001828,0.030825
48479001900,0.006788
48479980000,0.124797
48481740100,0.014468
48481740200,0.084512
48481740300,0.024474
48481740400,0.104773
48481740500,0.024623
48481740600,0.0929
48481740700,0.098696
48481740800,0.119929
48481740901,0.029874
48481740902,0.142163
48481741000,0.044129
48481741100,0.101912
48489950300,0.151754
48489950400,0.063956
48489950500,0.036138
48489950600,0.118564
48489950700,0.037297
48491020106,0.033501
48491020108,0.019005
48491020109,0.026744
48491020111,0.030365
48491020113,0.021
48491020114,0.087737
48491020115,0.009535
48491020116,0.044555
48491020117,0.247821
48491020118,0.074756
48491020119,0.018756
48491020120,0.044789
48491020121,0.068638
48491020122,0.133378
48491020123,0.092328
48491020124,0.192322
48491020201,0.027032
48491020203,0.009267
48491020205,0.027692
48491020206,0.127628
48491020207,0.173062
48491020208,0.281555
48491020310,0.012306
48491020311,0.042737
48491020319,0.005642
48491020321,0.108074
48491020323,0.003963
48491020325,0.065271
48491020326,0.006491
48491020327,0.094639
48491020329,0.074307
48491020330,0.041167
48491020331,0.090568
48491020332,0.05399
48491020333,0.005369
48491020334,0.006242
48491020335,0.007901
48491020336,0.006023
48491020337,0.003584
48491020338,0.00689
48491020339,0.008735
48491020340,0.006306
48491020341,0.021103
48491020342,0.206034
48491020343,0.00744
48491020344,0.161039
48491020345,0.00818
48491020346,0.014878
48491020347,0.006443
48491020348,0.019725
48491020349,0.05659
48491020350,0.003978
48491020351,0.018522
48491020352,0.044604
48491020353,0.030777
48491020354,0.004623
48491020355,0.038907
48491020356,0.032214
48491020403,0.005294
48491020404,0.003283
48491020405,0.017808
48491020406,0.010115
48491020408,0.062435
48491020409,0.060657
48491020410,0.004515
48491020411,0.015964
48491020503,0.02492
48491020505,0.06995
48491020507,0.023821
48491020508,0.023301
48491020509,0.006375
48491020511,0.058542
48491020512,0.029978
48491020513,0.035286
48491020514,0.014064
48491020515,0.044718
48491020516,0.005299
48491020517,0.022032
48491020602,0.01869
48491020604,0.01392
48491020606,0.011983
48491020607,0.022105
48491020608,0.005774
48491020609,0.024626
48491020701,0.017114
48491020704,0.010424
48491020706,0.050618
48491020707,0.006341
48491020709,0.022378
48491020710,0.078156
48491020711,0.191204
48491020712,0.006861
48491020713,0.012915
48491020808,0.017445
48491020810,0.023911
48491020811,0.012476
48491020812,0.025951
48491020813,0.020734
48491020814,0.008095
48491020815,0.011161
48491020816,0.129725
48491020817,0.115903
48491020818,0.11945
48491020819,0.049909
48491020820,0.015293
48491020821,0.022317
48491020822,0.093514
48491020900,0.021352
48491021000,0.077395
48491021100,0.021155
48491021201,0.120241
48491021202,0.146224
48491021203,0.214232
48491021300,0.025952
48491021402,0.063126
48491021404,0.191343
48491021405,0.01949
48491021406,0.029009
48491021407,0.040387
48491021502,0.067108
48491021503,0.027784
48491021506,0.042887
48491021509,0.014816
48491021510,0.024565
48491021511,0.031505
48491021512,0.024005
48491021513,0.01187
48491021514,0.003513
48491021515,0.046726
48491021516,0.009802
48491021517,0.013271
48491021518,0.002345
48491021601,0.064105
48491021602,0.091913
48491021603,0.023376
48493000102,0.086311
48493000103,0.004516
48493000104,0.049028
48493000201,0.037087
48493000202,0.01116
48493000300,0.100002
48493000402,0.125513
48493000404,0.159096
48493000405,0.012518
48493000406,0.261004
48493000500,0.181626
48493000600,0.023924
48497150101,0.077996
48497150103,0.245649
48497150104,0.012577
48497150201,0.213356
48497150202,0.13165
48497150300,0.082378
48497150402,0.058485
48497150403,0.049559
48497150404,0.036797
48497150405,0.158266
48497150500,0.196374
48497150603,0.118795
48497150604,0.040372
48497150605,0.029507
48497150606,0.147314
48497150607,0.208906
48499950100,0.043105
48499950200,0.066159
48499950301,0.025656
48499950303,0.032972
48499950304,0.111133
48499950401,0.053854
48499950402,0.271922
48499950500,0.071824
48499950601,0.023128
48499950602,0.04226
48499950700,0.044429
48499950800,0.139541
48503950200,0.040913
48503950401,0.159587
48503950402,0.04846
48503950500,0.092416
48503950600,0.108357
48505950303,0.265704
48505950304,0.157194
48505950305,0.298099
48505950306,0.322208
48505950401,0.234214
48505950402,0.152286
48507950100,0.231334
48507950200,0.162034
48507950301,0.100266
48507950302,0.092816
53001950100,0.106951
53001950200,0.177615
53001950301,0.032703
53001950302,0.065811
53001950303,0.216984
53001950400,0.16028
53001950500,0.009711
53003960100,0.127801
53003960200,0.044876
53005010100,0.184905
53005010201,0.088612
53005010203,0.003386
53005010204,0.068224
53005010300,0.124806
53005010400,0.003055
53005010500,0.150566
53005010600,0.041079
53005010701,0.045692
53005010703,0.090567
53005010705,0.026589
53005010707,0.004185
53005010708,0.170049
53005010807,0.039586
53005010809,0.028605
53005010810,0.003836
53005010811,0.042642
53005010814,0.053964
53005010815,0.00628
53005010816,0.038557
53005010817,0.019901
53005010818,0.034537
53005010819,0.017114
53005010820,0.027065
53005010901,0.058139
53005010902,0.012298
53005011001,0.03991
53005011002,0.032858
53005011100,0.041012
53005011201,0.002645
53005011202,0.074844
53005011300,0.08179
53005011401,0.010527
53005011402,0.00335
53005011501,0.107351
53005011504,0.006592
53005011505,0.077119
53005011506,0.190675
53005011600,0.126925
53005011701,0.038548
53005011702,0.03076
53005011801,0.047533
53005011802,0.03734
53005011900,0.029966
53005012000,0.04553
53007960100,0.10825
53007960201,0.156164
53007960202,0.062307
53007960203,0.109224
53007960301,0.105233
53007960302,0.041381
53007960303,0.092827
53007960400,0.062096
53007960501,0.113782
53007960502,0.082374
53007960600,0.233666
53007960700,0.037147
53007960801,0.004766
53007960803,0.006118
53007960804,0.055393
53007961001,0.002813
53007961002,0.121094
53007961101,0.004554
53007961102,0.003316
53007961200,0.024317
53007961301,0.007428
53007961303,0.001767
53007961304,0.005416
53013960200,0.022185
53017950101,0.096806
53017950102,0.142842
53017950200,0.086976
53017950300,0.026782
53017950400,0.029637
53017950500,0.012249
53017950600,0.003553
53017950700,0.002744
53017950800,0.007409
53019940000,0.032414
53019970100,0.120127
53019970200,0.127947
53021020101,0.169206
53021020102,0.067902
53021020103,0.031211
53021020201,0.00606
53021020202,0.004154
53021020300,0.041412
53021020401,0.029098
53021020402,0.008413
53021020403,0.005669
53021020404,0.010346
53021020501,0.0926
53021020503,0.023435
53021020504,0.038626
53021020603,0.004405
53021020605,0.073463
53021020606,0.055358
53021020607,0.00341
53021020608,0.030179
53021020700,0.185335
53021020801,0.141786
53021020802,0.160381
53021980100,0.011322
53023970300,0.06404
53025010100,0.139839
53025010200,0.019732
53025010300,0.20331
53025010401,0.157521
53025010402,0.065726
53025010500,0.041421
53025010600,0.13054
53025010700,0.112808
53025010800,0.016245
53025010901,0.028221
53025010903,0.01646
53025010904,0.004755
53025011001,0.103776
53025011002,0.036418
53025011101,0.114102
53025011102,0.153552
53025011200,0.045191
53025011300,0.07615
53025011401,0.139924
53025011403,0.019578
53025011404,0.110913
53025011405,0.304162
53025011406,0.047548
53033031502,0.156494
53033032706,0.076589
53033032800,0.12398
53037975101,0.099175
53037975102,0.052332
53037975103,0.091438
53037975104,0.152251
53037975201,0.096405
53037975202,0.018107
53037975203,0.215237
53037975300,0.06648
53037975402,0.115364
53037975403,0.004376
53037975404,0.031811
53037975500,0.064119
53037975600,0.116487
53037975700,0.164045
53039950101,0.064849
53039950102,0.073833
53039950103,0.246986
53039950200,0.112146
53039950302,0.103011
53041972000,0.07085
53043960100,0.197499
53043960200,0.108432
53043960300,0.080535
53043960400,0.117145
53047940100,0.139287
53047940200,0.103463
53047970301,0.012315
53047970302,0.161358
53047970303,0.154589
53047970400,0.104156
53047970500,0.196598
53047970601,0.171566
53047970602,0.184976
53047970700,0.099444
53047970800,0.060442
53047970900,0.073924
53047971000,0.095881
53051970100,0.09823
53051970200,0.113464
53051970300,0.04397
53051970400,0.041385
53051970500,0.0793
53053070100,0.118218
53057951101,0.202224
53057951102,0.097574
53057951200,0.048377
53059950100,0.066433
53059950400,0.129586
53061053606,0.007801
53061053700,0.032579
53061053801,0.048245
53061053803,0.072743
53063000201,0.028825
53063000202,0.010601
53063000301,0.00391
53063000302,0.020533
53063000400,0.034521
53063000500,0.121705
53063000600,0.018163
53063000700,0.043176
53063000800,0.06038
53063000900,0.028696
53063001000,0.012203
53063001100,0.003148
53063001200,0.050618
53063001300,0.113263
53063001400,0.071489
53063001500,0.13265
53063001600,0.00297
53063001800,0.245071
53063001900,0.051198
53063002000,0.137149
53063002100,0.192987
53063002300,0.006489
53063002400,0.016985
53063002501,0.078992
53063002502,0.036136
53063002503,0.101819
53063002600,0.011672
53063002900,0.00122
53063003000,0.00718
53063003100,0.010293
53063003200,0.011329
53063003500,0.056617
53063003601,0.005175
53063003602,0.022558
53063003800,0.023905
53063003900,0.032329
53063004001,0.024175
53063004002,0.022123
53063004100,0.007017
53063004200,0.006073
53063004300,0.00301
53063004400,0.013115
53063004500,0.007493
53063004601,0.008994
53063004602,0.002019
53063004701,0.007834
53063004702,0.020394
53063004800,0.003182
53063004900,0.053177
53063005000,0.025257
53063010101,0.163444
53063010102,0.380546
53063010201,0.058857
53063010203,0.009859
53063010204,0.068222
53063010301,0.028523
53063010303,0.032204
53063010304,0.080894
53063010305,0.203786
53063010401,0.110171
53063010403,0.061891
53063010404,0.00558
53063010504,0.223419
53063010505,0.166167
53063010506,0.019426
53063010507,0.061758
53063010508,0.016654
53063010601,0.130722
53063010603,0.048178
53063010604,0.005765
53063010701,0.029707
53063010702,0.001579
53063010800,0.048564
53063010901,0.085851
53063010902,0.004623
53063011000,0.077536
53063011102,0.017722
53063011103,0.052194
53063011104,0.023446
53063011202,0.023607
53063011203,0.022554
53063011204,0.045075
53063011301,0.003769
53063011302,0.044823
53063011400,0.007822
53063011500,0.340293
53063011600,0.211304
53063011701,0.089196
53063011702,0.045061
53063011800,0.098907
53063011900,0.119879
53063012000,0.032218
53063012100,0.032523
53063012200,0.035703
53063012300,0.092845
53063012401,0.038093
53063012402,0.072843
53063012500,0.10881
53063012600,0.243529
53063012701,0.267957
53063012702,0.30252
53063012801,0.130828
53063012802,0.003083
53063012901,0.015656
53063012902,0.015424
53063013001,0.00292
53063013002,0.025512
53063013003,0.004487
53063013101,0.008636
53063013102,0.108037
53063013201,0.04982
53063013300,0.109881
53063013401,0.01898
53063013501,0.022668
53063013502,0.047432
53063013503,0.031946
53063013600,0.101898
53063013700,0.01617
53063013800,0.366937
53063013900,0.166659
53063014001,0.161715
53063014002,0.18229
53063014100,0.157816
53063014200,0.120814
53063014300,0.026038
53063014400,0.010277
53063014500,0.093401
53065941000,0.132882
53065950101,0.196832
53065950102,0.126697
53065950200,0.024675
53065950300,0.182565
53065950500,0.108945
53065950600,0.141208
53065950700,0.222034
53065950800,0.135801
53065950900,0.048325
53065951100,0.059986
53065951301,0.055174
53065951302,0.333001
53065951401,0.043312
53065951402,0.070606
53071920000,0.101938
53071920100,0.067152
53071920200,0.008325
53071920302,0.004573
53071920400,0.091486
53071920500,0.019234
53071920600,0.049727
53071920701,0.028049
53071920702,0.007286
53071920801,0.017987
53071920802,0.062813
53071920901,0.006069
53073010103,0.202229
53075000100,0.194527
53075000201,0.173746
53075000202,0.229191
53075000300,0.096029
53075000400,0.346036
53075000500,0.200934
53075000601,0.114461
53075000602,0.177756
53075000700,0.076498
53075000800,0.057021
53075000900,0.061885
53075001000,0.129362
53077000100,0.02863
53077000200,0.013327
53077000301,0.081823
53077000302,0.036735
53077000401,0.004622
53077000402,0.018798
53077000500,0.010233
53077000600,0.003553
53077000700,0.037042
53077000800,0.007267
53077000902,0.006358
53077000903,0.009592
53077000904,0.004878
53077001000,0.005368
53077001100,0.010117
53077001201,0.003323
53077001202,0.00469
53077001300,0.108627
53077001400,0.022156
53077001502,0.01595
53077001503,0.025583
53077001504,0.019499
53077001601,0.084986
53077001602,0.07288
53077001701,0.126626
53077001702,0.031824
53077001801,0.135655
53077001802,0.133188
53077001901,0.119375
53077001902,0.002868
53077002003,0.007876
53077002004,0.033356
53077002005,0.071567
53077002006,0.030276
53077002101,0.104163
53077002103,0.054499
53077002104,0.01429
53077002201,0.037999
53077002202,0.06792
53077002701,0.014338
53077002801,0.012426
53077002803,0.021042
53077002804,0.00442
53077002900,0.027645
53077003002,0.005803
53077003003,0.058489
53077003004,0.097788
53077003100,0.049136
53077003200,0.027658
53077003400,0.017147
53077940001,0.016664
53077940002,0.018498
53077940003,0.115485
53077940005,0.061389
53077940006,0.003323
53077940007,0.01581
53077940008,0.021366
