GEOID,coverage_gap_score
40001376600,0.137593
40001376700,0.151756
40001376800,0.179675
40001376900,0.197447
40001377000,0.21586
40003955600,0.172771
40003955700,0.180919
40003956000,0.190606
40005587600,0.146352
40005587700,0.171075
40005587800,0.197208
40005587900,0.088406
40009966100,0.161003
40009966200,0.18874
40009966800,0.159591
40011958600,0.233621
40011958700,0.26436
40011958800,0.155157
40011958900,0.134916
40011959000,0.204521
40013795600,0.212075
40013795700,0.121824
40013795900,0.117858
40013796002,0.122246
40013796003,0.21857
40013796004,0.355996
40013796101,0.173693
40013796102,0.129204
40013796200,0.121409
40013796300,0.118844
40013796400,0.118731
40013796500,0.093974
40013796600,0.120917
40015161601,0.153308
40015161602,0.211317
40015161700,0.150368
40015161800,0.163935
40015161900,0.137534
40015162000,0.240008
40015162101,0.224529
40015162102,0.201817
40015162200,0.153948
40015162300,0.147594
40017300100,0.243349
40017300201,0.137904
40017300202,0.213182
40017300300,0.302586
40017300400,0.354159
40017300500,0.289377
40017300600,0.169027
40017300701,0.121415
40017300702,0.12508
40017300802,0.339671
40017300803,0.194656
40017300804,0.326132
40017300805,0.187366
40017300806,0.177199
40017300901,0.177513
40017300902,0.200718
40017300904,0.106576
40017300905,0.070172
40017301001,0.103324
40017301003,0.199295
40017301006,0.037234
40017301010,0.260094
40017301011,0.142156
40017301012,0.045287
40017301013,0.04445
40017301014,0.122649
40017301015,0.066535
40017301100,0.096874
40017301201,0.303456
40017301202,0.280717
40017301301,0.141653
40017301302,0.178537
40017301406,0.186874
40017301407,0.192952
40017301408,0.217192
40017301409,0.322675
40017301410,0.266292
40019892100,0.164998
40019892200,0.263902
40019892301,0.233667
40019892302,0.218294
40019892400,0.140486
40019892501,0.257848
40019892502,0.132237
40019892601,0.294707
40019892602,0.154553
40019892700,0.248053
40019892801,0.016647
40019892802,0.177247
40019892900,0.067764
40019893001,0.18275
40019893002,0.071546
40019893100,0.086903
40021977600,0.245696
40021977701,0.28309
40021977702,0.233616
40021977801,0.142995
40021977802,0.142607
40021977901,0.271927
40021977902,0.154511
40021978000,0.062258
40021978100,0.116067
40021978201,0.144426
40021978202,0.174736
40021978301,0.271137
40021978302,0.3129
40023966900,0.193422
40023967000,0.157047
40023967100,0.13632
40023967200,0.140888
40023967300,0.227566
40027200100,0.030452
40027200200,0.104455
40027200300,0.016508
40027200400,0.014538
40027200500,0.025842
40027200602,0.097562
40027200603,0.022134
40027200604,0.235361
40027200700,0.250972
40027200800,0.12294
40027200900,0.024021
40027201000,0.033626
40027201102,0.022154
40027201103,0.094033
40027201104,0.140476
40027201201,0.009247
40027201202,0.030667
40027201204,0.031426
40027201205,0.180209
40027201302,0.13082
40027201303,0.079253
40027201403,0.096582
40027201404,0.146609
40027201405,0.13134
40027201505,0.141136
40027201508,0.053985
40027201509,0.030044
40027201511,0.006273
40027201512,0.082049
40027201513,0.143345
40027201514,0.031292
40027201602,0.259115
40027201603,0.11419
40027201604,0.116706
40027201607,0.017834
40027201609,0.032416
40027201610,0.080707
40027201611,0.034166
40027201612,0.155063
40027201700,0.12192
40027201801,0.011595
40027201802,0.017192
40027201902,0.011847
40027201903,0.056423
40027201904,0.069626
40027202002,0.013943
40027202004,0.025884
40027202005,0.017354
40027202006,0.039889
40027202007,0.231983
40027202008,0.006376
40027202102,0.104946
40027202104,0.063249
40027202105,0.282245
40027202106,0.096066
40027202107,0.279539
40027202201,0.204215
40027202203,0.108471
40027202205,0.010369
40027202207,0.078036
40027202208,0.070323
40027202301,0.295823
40027202302,0.032821
40027202403,0.142738
40027202404,0.151923
40027202405,0.154559
40027202406,0.154162
40027202407,0.3146
40027202501,0.137336
40027202502,0.131858
40027202600,0.132924
40029388100,0.166854
40029388200,0.192388
40031000100,0.061493
40031000200,0.088006
40031000300,0.032415
40031000402,0.059102
40031000403,0.016569
40031000404,0.015914
40031000405,0.041805
40031000503,0.004727
40031000504,0.018175
40031000505,0.016486
40031000506,0.050844
40031000600,0.022022
40031000700,0.005956
40031000800,0.015484
40031000900,0.010443
40031001000,0.011187
40031001100,0.007553
40031001400,0.018473
40031001500,0.012933
40031001600,0.011172
40031001700,0.03806
40031001901,0.150731
40031001902,0.10583
40031002001,0.020702
40031002003,0.26717
40031002004,0.137102
40031002005,0.04127
40031002101,0.17738
40031002102,0.165061
40031002201,0.150576
40031002202,0.22523
40031002301,0.134584
40031002302,0.122982
40031002401,0.355741
40031002403,0.143437
40031002405,0.131005
40031002406,0.021557
40031002500,0.050612
40033871100,0.141035
40033871200,0.26439
40035373100,0.152428
40035373200,0.154207
40035373300,0.138289
40035373400,0.151265
40035373500,0.155378
40037020101,0.279537
40037020102,0.185957
40037020103,0.142604
40037020602,0.138565
40037020603,0.272255
40037020604,0.107436
40037020702,0.211794
40037020704,0.162812
40037020705,0.358841
40037020706,0.223228
40037020707,0.2404
40037020800,0.134025
40037020900,0.227638
40037021000,0.164446
40037021101,0.157412
40037021102,0.140665
40037021201,0.130838
40037021202,0.201179
40037021300,0.250257
40037021401,0.186973
40037021402,0.226217
40037021500,0.167013
40037021600,0.42275
40039950800,0.174905
40039960401,0.231152
40039960402,0.160923
40039960600,0.173992
40039960701,0.103335
40039960702,0.317916
40039961000,0.165434
40041375601,0.191045
40041375602,0.394325
40041375701,0.248115
40041375702,0.191217
40041375803,0.153538
40041375804,0.376151
40041375805,0.445335
40041375806,0.225948
40041375901,0.342817
40041375902,0.224396
40041376000,0.204524
40041376100,0.190577
40041976200,0.199263
40043959100,0.13634
40043959200,0.153214
40043959300,0.193778
40045952600,0.196887
40045952800,0.169885
40047000101,0.032542
40047000102,0.147676
40047000200,0.268521
40047000601,0.219741
40047000602,0.321241
40047000701,0.014776
40047000702,0.05706
40047001100,0.174741
40047001200,0.172619
40047001301,0.110739
40047001302,0.124126
40047001401,0.220383
40047001402,0.297747
40047001500,0.199399
40047001602,0.136854
40047001603,0.142072
40047001604,0.246789
40049681100,0.2315
40049681200,0.159224
40049681300,0.145438
40049681400,0.166482
40049681500,0.169713
40049681600,0.133046
40049681700,0.196986
40049681800,0.159652
40049681900,0.212076
40051000100,0.242359
40051000400,0.103308
40051000501,0.015704
40051000502,0.138771
40051000600,0.18703
40051000701,0.135216
40051000702,0.18158
40051000801,0.170368
40051000802,0.195229
40051000901,0.176403
40051000902,0.189074
40051000904,0.363625
40051000905,0.195828
40051000906,0.114224
40051001000,0.19767
40053956400,0.299665
40053956500,0.189331
40055967100,0.262526
40055967200,0.222986
40059952100,0.174844
40059952200,0.166183
40061279100,0.140579
40061279200,0.245566
40061279300,0.153088
40061279400,0.157417
40063484600,0.140318
40063484700,0.199133
40063484800,0.142028
40063484900,0.146131
40063485000,0.226139
40065968100,0.145854
40065968200,0.143496
40065968300,0.254657
40065968400,0.134362
40065968500,0.079843
40065968600,0.149664
40065968700,0.327071
40065968800,0.338948
40067371600,0.155289
40067371700,0.193991
40067371800,0.156712
40069660198,0.18518
40069660201,0.137871
40069660202,0.309495
40069660300,0.200668
40071000100,0.026905
40071000201,0.11974
40071000202,0.072113
40071000300,0.038224
40071000400,0.162666
40071000500,0.096089
40071000600,0.134266
40071001100,0.209966
40071001200,0.194914
40071001301,0.31966
40071001302,0.188699
40073958100,0.147094
40073958200,0.150598
40073958300,0.186715
40073958400,0.16619
40075963600,0.160392
40075963700,0.144784
40075964200,0.170123
40077087100,0.182615
40077087200,0.208518
40077087300,0.207695
40079040102,0.173638
40079040198,0.247918
40079040299,0.140766
40079040301,0.166124
40079040302,0.147747
40079040303,0.141427
40079040401,0.154036
40079040402,0.219404
40079040500,0.210178
40079040601,0.226111
40079040602,0.229428
40079040700,0.184769
40081961100,0.13237
40081961200,0.182841
40081961300,0.141898
40081961401,0.218244
40081961402,0.144528
40081961500,0.21687
40081961600,0.171722
40081961700,0.150853
40083600101,0.122311
40083600200,0.229059
40083600300,0.180809
40083600401,0.129152
40083600402,0.033569
40083600501,0.19434
40083600502,0.313607
40083600600,0.270762
40083600700,0.1972
40083600801,0.056947
40083600802,0.161146
40083600903,0.121735
40083601000,0.201766
40085094100,0.270196
40085094200,0.190279
40085094300,0.279999
40087400103,0.158193
40087400104,0.12266
40087400105,0.140497
40087400106,0.188563
40087400201,0.141931
40087400203,0.159455
40087400204,0.179145
40087400300,0.177611
40087400400,0.156545
40089098200,0.156133
40089098300,0.155348
40089098400,0.137142
40089098501,0.170768
40089098502,0.212437
40089098600,0.139312
40089098700,0.127007
40089098800,0.151259
40089098900,0.168701
40091779601,0.202005
40091779602,0.26135
40091779700,0.121014
40091779900,0.197938
40091780100,0.26945
40091780200,0.133769
40091780301,0.17384
40091780302,0.130027
40093955100,0.188366
40093955200,0.166221
40093955300,0.192149
40095094698,0.19105
40095094700,0.160643
40095094803,0.148486
40095094804,0.4353
40095094805,0.294988
40095094806,0.350666
40097040100,0.219616
40097040200,0.134139
40097040300,0.153676
40097040400,0.148912
40097040501,0.168591
40097040502,0.19398
40097040600,0.149509
40097040700,0.156882
40097040801,0.199266
40097040802,0.152711
40099790600,0.152698
40099790701,0.168507
40099790702,0.145961
40099790801,0.240701
40099790802,0.214483
40101000100,0.138966
40101000200,0.149654
40101000300,0.139464
40101000400,0.164547
40101000600,0.19901
40101000700,0.135985
40101000801,0.013071
40101000802,0.117748
40101000901,0.126305
40101000902,0.020651
40101001000,0.151563
40101001100,0.125844
40101001200,0.238982
40101001301,0.101392
40101001302,0.223934
40101001401,0.203156
40101001402,0.136256
40101001501,0.167153
40101001502,0.137964
40101001600,0.218639
40103956600,0.155543
40103956900,0.26808
40103957000,0.221425
40103957100,0.196033
40105172100,0.150098
40105172200,0.155504
40105172300,0.193796
40105172400,0.131425
40107080600,0.148491
40107080700,0.185172
40107080900,0.134574
40107081000,0.134676
40109100100,0.007647
40109100201,0.006535
40109100202,0.201298
40109100203,0.016387
40109100300,0.050083
40109100400,0.008511
40109100500,0.119333
40109100800,0.067283
40109100900,0.00712
40109101000,0.054385
40109101100,0.219128
40109101200,0.105821
40109101300,0.057064
40109101400,0.015069
40109101500,0.026971
40109101800,0.273894
40109101900,0.045658
40109102000,0.050727
40109102100,0.022729
40109102200,0.036454
40109102300,0.013086
40109102400,0.020516
40109102500,0.148753
40109103200,0.113695
40109103300,0.011761
40109103900,0.009293
40109104100,0.007812
40109104200,0.073475
40109104300,0.057841
40109104400,0.018044
40109104500,0.011279
40109104600,0.006272
40109104700,0.021451
40109104800,0.161899
40109104900,0.019047
40109105000,0.017435
40109105101,0.038346
40109105201,0.010662
40109105202,0.017599
40109105300,0.117252
40109105400,0.048726
40109105500,0.015605
40109105600,0.024958
40109105903,0.144242
40109105904,0.054111
40109105905,0.045116
40109105906,0.013457
40109105907,0.040019
40109106000,0.071245
40109106100,0.066895
40109106200,0.078041
40109106301,0.015238
40109106302,0.03696
40109106303,0.010982
40109106401,0.052241
40109106402,0.06119
40109106403,0.014249
40109106501,0.017269
40109106502,0.057922
40109106503,0.023488
40109106601,0.094486
40109106602,0.093825
40109106606,0.049018
40109106607,0.025722
40109106608,0.080389
40109106609,0.103133
40109106610,0.010917
40109106611,0.039977
40109106702,0.011176
40109106704,0.08244
40109106705,0.170595
40109106706,0.017237
40109106708,0.017029
40109106709,0.020898
40109106710,0.02201
40109106801,0.13039
40109106802,0.119885
40109106803,0.160902
40109106804,0.029226
40109106902,0.041374
40109106903,0.136889
40109106906,0.044157
40109106907,0.005621
40109106909,0.034119
40109106910,0.005892
40109106911,0.003948
40109106912,0.011684
40109106913,0.073302
40109106914,0.021446
40109106916,0.028797
40109106917,0.017981
40109107001,0.062403
40109107002,0.11385
40109107101,0.22161
40109107103,0.027592
40109107104,0.071364
40109107206,0.023864
40109107207,0.029423
40109107212,0.077871
40109107213,0.069614
40109107214,0.078991
40109107215,0.02799
40109107216,0.006668
40109107217,0.010369
40109107218,0.008192
40109107219,0.007606
40109107220,0.01785
40109107221,0.155184
40109107222,0.017594
40109107223,0.01925
40109107224,0.018346
40109107225,0.005789
40109107226,0.007487
40109107302,0.027517
40109107303,0.019039
40109107305,0.004874
40109107306,0.012649
40109107401,0.05599
40109107404,0.037271
40109107405,0.049214
40109107406,0.039346
40109107407,0.059987
40109107601,0.038148
40109107604,0.012443
40109107605,0.024036
40109107608,0.006516
40109107703,0.014081
40109107704,0.015854
40109107705,0.01672
40109107706,0.007722
40109107707,0.009922
40109107801,0.011586
40109107804,0.010009
40109107805,0.078677
40109107806,0.034576
40109107807,0.005005
40109107808,0.024129
40109107809,0.005697
40109107810,0.012149
40109107900,0.267989
40109108003,0.028019
40109108005,0.099942
40109108006,0.008683
40109108007,0.012213
40109108008,0.02993
40109108009,0.035419
40109108010,0.028766
40109108011,0.028451
40109108101,0.307094
40109108106,0.122522
40109108107,0.109234
40109108109,0.096251
40109108110,0.124101
40109108113,0.143845
40109108114,0.125471
40109108201,0.06428
40109108203,0.008801
40109108204,0.048725
40109108207,0.071803
40109108208,0.012457
40109108215,0.054489
40109108216,0.032489
40109108217,0.01379
40109108222,0.013299
40109108223,0.022713
40109108224,0.029253
40109108225,0.038881
40109108226,0.019517
40109108227,0.003553
40109108228,0.038144
40109108229,0.020528
40109108230,0.008792
40109108231,0.006469
40109108232,0.013018
40109108233,0.014896
40109108234,0.017034
40109108235,0.014322
40109108236,0.024249
40109108237,0.040223
40109108238,0.035045
40109108301,0.017934
40109108302,0.050254
40109108304,0.049095
40109108307,0.011209
40109108309,0.019599
40109108310,0.006482
40109108314,0.027299
40109108317,0.012889
40109108318,0.019919
40109108319,0.05113
40109108320,0.010614
40109108321,0.031696
40109108322,0.034024
40109108323,0.047988
40109108324,0.010323
40109108325,0.021812
40109108326,0.024888
40109108402,0.03826
40109108403,0.021901
40109108404,0.004498
40109108506,0.090983
40109108507,0.11915
40109108508,0.201675
40109108513,0.030683
40109108514,0.089013
40109108515,0.048306
40109108520,0.056123
40109108521,0.235496
40109108523,0.038073
40109108524,0.114768
40109108525,0.017738
40109108526,0.087423
40109108527,0.06283
40109108528,0.043839
40109108529,0.005485
40109108530,0.020059
40109108531,0.0392
40109108532,0.232234
40109108533,0.225878
40109108534,0.050207
40109108535,0.0195
40109108536,0.018966
40109108537,0.114328
40109108538,0.073195
40109108603,0.128123
40109108604,0.027627
40109108701,0.113447
40109108706,0.036197
40109108707,0.017189
40109108708,0.139495
40109108709,0.114394
40109108710,0.035135
40109108711,0.025572
40109108712,0.120597
40109108713,0.209199
40109108802,0.184638
40109108803,0.026576
40109108804,0.048854
40109108805,0.141086
40109108806,0.007748
40109108807,0.016086
40109108900,0.405426
40109109001,0.193661
40109109003,0.120662
40109109004,0.125268
40109109202,0.205813
40109109203,0.280268
40109109204,0.226476
40109109205,0.172908
40109109300,0.083922
40109109400,0.024857
40109109500,0.014447
40109109600,0.018431
40109109700,0.018859
40109109800,0.080182
40109109900,0.017735
40109110000,0.01269
40109980001,0.025072
40109980002,0.18923
40109980003,0.043955
40109980004,0.050203
40109980005,0.021803
40109980006,0.046092
40109980007,0.156461
40109980008,0.029194
40109980009,0.363554
40111000100,0.135503
40111000200,0.185887
40111000300,0.230317
40111000400,0.130499
40111000500,0.278577
40111000601,0.165936
40111000602,0.138317
40111000700,0.136547
40111000800,0.127491
40111000901,0.162451
40111000902,0.173297
40113940001,0.136977
40113940003,0.264184
40113940004,0.164924
40113940005,0.241586
40113940006,0.00826
40113940007,0.259735
40113940008,0.215918
40113940009,0.222498
40113940011,0.247946
40113940012,0.177269
40113940013,0.248884
40113940014,0.42549
40113940015,0.150957
40115574100,0.162511
40115574200,0.283773
40115574300,0.149901
40115574400,0.23076
40115574500,0.258591
40115574600,0.168204
40115574700,0.226442
40115574800,0.159096
40115574900,0.277028
40117957100,0.173417
40117957200,0.141008
40117957300,0.136515
40117957400,0.23906
40117957500,0.171415
40119010101,0.11951
40119010102,0.073386
40119010201,0.026878
40119010202,0.047029
40119010300,0.096717
40119010400,0.151401
40119010501,0.153763
40119010502,0.047775
40119010503,0.131545
40119010600,0.20046
40119010700,0.068581
40119010800,0.257369
40119010901,0.078167
40119010902,0.192208
40119011001,0.150039
40119011002,0.189851
40119011101,0.227087
40119011103,0.25227
40119011104,0.240248
40119011200,0.192888
40119011301,0.162321
40119011302,0.035123
40119011400,0.157473
40121485601,0.434512
40121485602,0.381792
40121485700,0.23389
40121485800,0.196102
40121485900,0.273979
40121486000,0.211574
40121486100,0.080562
40121486200,0.212058
40121486300,0.173865
40121486400,0.14225
40121486500,0.089295
40121486600,0.21354
40121486700,0.135689
40121486800,0.216623
40123088600,0.177319
40123088700,0.232387
40123088801,0.244491
40123088802,0.062713
40123088900,0.234088
40123089000,0.224805
40123089100,0.042575
40123089200,0.027923
40123089300,0.087297
40123089598,0.217865
40123089600,0.202574
40125500200,0.116434
40125500301,0.179137
40125500302,0.308809
40125500400,0.374934
40125500500,0.245426
40125500600,0.34434
40125500700,0.208506
40125500800,0.249897
40125500901,0.143883
40125500902,0.172479
40125501003,0.199345
40125501004,0.185806
40125501005,0.122886
40125501006,0.228632
40125501101,0.122214
40125501103,0.22103
40125501104,0.288733
40125501105,0.278415
40125501201,0.239502
40125501300,0.191498
40127097600,0.235232
40127097701,0.134294
40127097702,0.158591
40127097800,0.158233
40129960000,0.153849
40131050101,0.149172
40131050103,0.35294
40131050104,0.253191
40131050105,0.187355
40131050201,0.214993
40131050202,0.156659
40131050203,0.200873
40131050301,0.138464
40131050302,0.269835
40131050303,0.261775
40131050304,0.157268
40131050403,0.283928
40131050404,0.220012
40131050405,0.215782
40131050406,0.218146
40131050407,0.20297
40131050408,0.254734
40131050409,0.2105
40131050501,0.159649
40131050502,0.13939
40131050601,0.181766
40131050602,0.249734
40131050603,0.298236
40131050604,0.172393
40131050701,0.21472
40131050702,0.16683
40131050801,0.195903
40131050802,0.157223
40133583100,0.144882
40133583200,0.234349
40133583300,0.269157
40133583400,0.133045
40133583500,0.020185
40133583600,0.176244
40133583700,0.154688
40133583800,0.15195
40133583900,0.173694
40135030101,0.148389
40135030103,0.243394
40135030105,0.236226
40135030106,0.235077
40135030201,0.226872
40135030202,0.154349
40135030301,0.165997
40135030303,0.330498
40135030304,0.149027
40135030401,0.204272
40135030403,0.205957
40135030404,0.171898
40137000101,0.072569
40137000102,0.123653
40137000200,0.271504
40137000300,0.19031
40137000400,0.313762
40137000600,0.131059
40137000800,0.2111
40137000901,0.208885
40137000902,0.217568
40137001000,0.146443
40137001100,0.202087
40141070100,0.23014
40141070200,0.217574
40141070300,0.135842
40141070400,0.373352
40141070500,0.171379
40143000200,0.126165
40143000300,0.015814
40143000400,0.007831
40143000500,0.125027
40143000800,0.005201
40143000900,0.003576
40143001000,0.043106
40143001200,0.070411
40143001300,0.033516
40143001400,0.10167
40143001500,0.025966
40143001600,0.088174
40143001700,0.138185
40143001800,0.121971
40143001900,0.172277
40143002000,0.107961
40143002100,0.074347
40143002301,0.095136
40143002500,0.04172
40143002700,0.055892
40143002900,0.082824
40143003000,0.198779
40143003100,0.055442
40143003200,0.020502
40143003300,0.018498
40143003400,0.120696
40143003500,0.118107
40143003600,0.070987
40143003700,0.037159
40143003800,0.064207
40143003900,0.03464
40143004000,0.023418
40143004101,0.024402
40143004200,0.060875
40143004301,0.019038
40143004302,0.015365
40143004400,0.056467
40143004500,0.02784
40143004600,0.056688
40143004700,0.136713
40143004800,0.088723
40143004900,0.137308
40143005001,0.025526
40143005002,0.097609
40143005100,0.032465
40143005200,0.02288
40143005300,0.005739
40143005401,0.142462
40143005403,0.126894
40143005404,0.10061
40143005500,0.191677
40143005600,0.234886
40143005700,0.229253
40143005801,0.029368
40143005805,0.035351
40143005808,0.069013
40143005809,0.02479
40143005810,0.109593
40143005811,0.100608
40143005812,0.005845
40143005813,0.016828
40143005900,0.076301
40143006000,0.045261
40143006200,0.005383
40143006506,0.202822
40143006507,0.222923
40143006600,0.151138
40143006701,0.063784
40143006703,0.029007
40143006708,0.060531
40143006709,0.077802
40143006710,0.063055
40143006711,0.02586
40143006712,0.101277
40143006713,0.070048
40143006801,0.012243
40143006803,0.055718
40143006804,0.043631
40143006901,0.020274
40143006902,0.011305
40143006903,0.019837
40143006905,0.01441
40143006906,0.070442
40143006907,0.02651
40143007000,0.021643
40143007101,0.026773
40143007102,0.033977
40143007200,0.177908
40143007304,0.042701
40143007306,0.028177
40143007308,0.160024
40143007309,0.095824
40143007310,0.040314
40143007311,0.026506
40143007312,0.044612
40143007313,0.119837
40143007314,0.050353
40143007402,0.012974
40143007408,0.03019
40143007409,0.009204
40143007410,0.018913
40143007411,0.013359
40143007412,0.008759
40143007413,0.010419
40143007414,0.027263
40143007415,0.093507
40143007416,0.015013
40143007417,0.12056
40143007503,0.011407
40143007507,0.009882
40143007510,0.025126
40143007511,0.008504
40143007512,0.019815
40143007518,0.008175
40143007519,0.005211
40143007520,0.007677
40143007522,0.043248
40143007523,0.035346
40143007525,0.021327
40143007526,0.038694
40143007527,0.020839
40143007528,0.030126
40143007529,0.01192
40143007530,0.04387
40143007531,0.043468
40143007532,0.011629
40143007533,0.031105
40143007534,0.031667
40143007535,0.081134
40143007536,0.005963
40143007608,0.027644
40143007611,0.038513
40143007612,0.004295
40143007613,0.026987
40143007614,0.060139
40143007615,0.008646
40143007616,0.03686
40143007617,0.012785
40143007619,0.008774
40143007629,0.073043
40143007630,0.102991
40143007631,0.011923
40143007632,0.026011
40143007633,0.041455
40143007634,0.029368
40143007636,0.105257
40143007638,0.040939
40143007639,0.022109
40143007641,0.025153
40143007642,0.037876
40143007643,0.034105
40143007644,0.008596
40143007645,0.011196
40143007646,0.247776
40143007647,0.030924
40143007648,0.055449
40143007649,0.041886
40143007650,0.157253
40143007651,0.262604
40143007652,0.135645
40143007653,0.030423
40143007654,0.020539
40143007655,0.14031
40143007656,0.066916
40143007703,0.133817
40143007704,0.149399
40143007705,0.112519
40143007706,0.014857
40143007707,0.131243
40143007801,0.205003
40143007803,0.172947
40143007804,0.349158
40143007900,0.109837
40143008001,0.262539
40143008002,0.017671
40143008200,0.031303
40143008300,0.164102
40143008400,0.005954
40143008501,0.01316
40143008502,0.041111
40143008600,0.018627
40143008700,0.015473
40143008800,0.047995
40143008900,0.100605
40143009006,0.011259
40143009008,0.050737
40143009010,0.006297
40143009011,0.066245
40143009012,0.146281
40143009013,0.02757
40143009014,0.037561
40143009015,0.040338
40143009016,0.025085
40143009017,0.00943
40143009018,0.017827
40143009019,0.021409
40143009020,0.004035
40143009021,0.032649
40143009101,0.299241
40143009104,0.245366
40143009200,0.097801
40143009300,0.138444
40143009401,0.132253
40143009403,0.066047
40143009404,0.132317
40143009500,0.128727
40143011300,0.02264
40143011400,0.007728
40145030101,0.139058
40145030102,0.160582
40145030201,0.345459
40145030202,0.145416
40145030300,0.166563
40145030402,0.066104
40145030403,0.24612
40145030406,0.023354
40145030407,0.036098
40145030408,0.146973
40145030502,0.059959
40145030505,0.026292
40145030506,0.081577
40145030507,0.006638
40145030508,0.132291
40145030509,0.012509
40145030510,0.126646
40145030511,0.092147
40145030512,0.14522
40145030601,0.082652
40145030603,0.146673
40145030604,0.255266
40145030605,0.171292
40145030798,0.137325
40145030800,0.146264
40147000100,0.040419
40147000200,0.137326
40147000300,0.054264
40147000400,0.17498
40147000500,0.01157
40147000601,0.273223
40147000602,0.303378
40147000700,0.160579
40147000800,0.217249
40147000900,0.017613
40147001000,0.157913
40147001100,0.138896
40147001200,0.170517
40147001300,0.147185
40149964900,0.206682
40149965000,0.268544
40149965100,0.25413
40149965400,0.217728
40151954201,0.188368
40151954202,0.218885
40151954300,0.27686
40151954400,0.240474
40153953100,0.156739
40153953200,0.225543
40153953300,0.146449
40153953400,0.138054
40153953500,0.319668
04001944902,0.03709
04001945100,0.053685
04001970201,0.171978
04001970202,0.069142
04001970300,0.172473
04001970501,0.120112
04001970502,0.155344
04003000101,0.068207
04003000102,0.164638
04003000201,0.052296
04003000202,0.095994
04003000203,0.132017
04003000301,0.105719
04003000303,0.125805
04003000304,0.127047
04003000305,0.321022
04003000400,0.059676
04003000501,0.106866
04003000502,0.173844
04003000503,0.31797
04003000600,0.090467
04003000700,0.311654
04003000800,0.066216
04003000901,0.029881
04003000902,0.219475
04003001000,0.167257
04003001100,0.137302
04003001200,0.126709
04003001301,0.072122
04003001302,0.111524
04003001401,0.04914
04003001402,0.039614
04003001501,0.027537
04003001502,0.027677
04003001601,0.018185
04003001602,0.073406
04003001701,0.189216
04003001702,0.025163
04003001703,0.302892
04003001801,0.029879
04003001802,0.004675
04003001900,0.230665
04003002001,0.184182
04003002002,0.025098
04003002100,0.056634
04005000200,0.028825
04005000601,0.023309
04005000602,0.0565
04005000700,0.243682
04005000800,0.037851
04005000901,0.043272
04005000902,0.007537
04005001000,0.042633
04005001101,0.019961
04005001103,0.166355
04005001104,0.192644
04005001201,0.129459
04005001302,0.111966
04005001500,0.16396
04005001601,0.115209
04005001602,0.101403
04005001700,0.119139
04005002201,0.167627
04005002202,0.048081
04005002302,0.083287
04005945100,0.038844
04005980100,0.515842
04005980200,0.076912
04007000100,0.100693
04007000200,0.182759
04007000301,0.158783
04007000302,0.163354
04007000400,0.153774
04007000500,0.217629
04007000600,0.298022
04007000700,0.155422
04007000800,0.292865
04007000900,0.101233
04007001000,0.114393
04007001100,0.112884
04007001200,0.162868
04007001300,0.060153
04007940200,0.057538
04007940400,0.031188
04009940500,0.05674
04009961100,0.242406
04009961201,0.06091
04009961202,0.349574
04009961300,0.096358
04009961400,0.275027
04009961500,0.11466
04009961600,0.224247
04009961700,0.225327
04011960100,0.068301
04011960200,0.096501
04011960300,0.095527
04012020101,0.082378
04012020102,0.079399
04013010102,0.144019
04013010103,0.25696
04013010104,0.042723
04013030401,0.137443
04013030402,0.020159
04013040502,0.036853
04013040506,0.021023
04013040507,0.046153
04013040512,0.119723
04013040513,0.186749
04013040514,0.035166
04013040515,0.066225
04013040516,0.013559
04013040522,0.083528
04013040523,0.09145
04013040524,0.096653
04013040525,0.068304
04013040526,0.02688
04013040527,0.169979
04013040528,0.048505
04013040529,0.188378
04013040530,0.008819
04013040531,0.085533
04013040532,0.027483
04013040533,0.009313
04013040534,0.012997
04013040535,0.028126
04013040536,0.005051
04013040537,0.041648
04013040538,0.018107
04013040539,0.045214
04013040540,0.100072
04013040541,0.073193
04013050603,0.295255
04013050604,0.312898
04013050609,0.072827
04013050611,0.005689
04013050612,0.005452
04013050613,0.151082
04013050614,0.018685
04013050615,0.005635
04013050616,0.019082
04013050617,0.030854
04013050618,0.006726
04013050619,0.011417
04013050620,0.010941
04013050621,0.042964
04013050701,0.092529
04013050702,0.046676
04013060801,0.073198
04013060802,0.016268
04013060901,0.011154
04013060902,0.037251
04013060903,0.165836
04013060904,0.335147
04013061010,0.133229
04013061011,0.039913
04013061013,0.017346
04013061014,0.023195
04013061015,0.014701
04013061017,0.061374
04013061018,0.011638
04013061020,0.006748
04013061021,0.009061
04013061024,0.05626
04013061026,0.004729
04013061027,0.013753
04013061028,0.016353
04013061029,0.005152
04013061031,0.009556
04013061032,0.00451
04013061033,0.004624
04013061034,0.016841
04013061035,0.048351
04013061036,0.002354
04013061037,0.006842
04013061038,0.006026
04013061039,0.030068
04013061040,0.026243
04013061041,0.005353
04013061042,0.017822
04013061043,0.005971
04013061044,0.007059
04013061045,0.013194
04013061046,0.047226
04013061047,0.015171
04013061048,0.008708
04013061049,0.002405
04013061050,0.034635
04013061051,0.006165
04013061052,0.005137
04013061053,0.007938
04013061054,0.065492
04013061055,0.003744
04013061056,0.004604
04013061057,0.003794
04013061058,0.00821
04013061059,0.010552
04013061060,0.009274
04013061061,0.00262
04013061062,0.007141
04013061063,0.029064
04013061064,0.005851
04013061100,0.271635
04013061200,0.011285
04013061300,0.057448
04013061401,0.036701
04013061402,0.186004
04013071503,0.054474
04013071504,0.019567
04013071505,0.038922
04013071506,0.037469
04013071509,0.013737
04013071510,0.01548
04013071511,0.068486
04013071512,0.008192
04013071513,0.042621
04013071514,0.014144
04013071515,0.047224
04013071516,0.022583
04013071517,0.009237
04013071600,0.258911
04013071701,0.021795
04013071702,0.023017
04013071801,0.012178
04013071802,0.041032
04013071903,0.009119
04013071906,0.043029
04013071909,0.018314
04013071910,0.005167
04013071911,0.010561
04013071912,0.025353
04013071913,0.009752
04013071914,0.007525
04013071915,0.037566
04013082002,0.006388
04013082007,0.009135
04013082008,0.037151
04013082009,0.009126
04013082010,0.020018
04013082012,0.009968
04013082016,0.012077
04013082017,0.018521
04013082018,0.005363
04013082019,0.007481
04013082020,0.013461
04013082021,0.03669
04013082022,0.005511
04013082023,0.119744
04013082024,0.009718
04013082025,0.066707
04013082026,0.006665
04013082027,0.051614
04013082028,0.006026
04013082204,0.014193
04013082205,0.013234
04013082206,0.014134
04013082207,0.005001
04013082208,0.010569
04013082209,0.111409
04013082210,0.010725
04013082211,0.055844
04013082212,0.009885
04013082213,0.045129
04013083000,0.015749
04013092305,0.0062
04013092306,0.020859
04013092307,0.040079
04013092308,0.006445
04013092309,0.006397
04013092311,0.02951
04013092312,0.017691
04013092401,0.013307
04013092402,0.004457
04013092500,0.008084
04013092600,0.018544
04013092705,0.025267
04013092708,0.008223
04013092709,0.005242
04013092710,0.010192
04013092711,0.003211
04013092712,0.016662
04013092713,0.004001
04013092715,0.015806
04013092716,0.003732
04013092717,0.026089
04013092718,0.014641
04013092719,0.014563
04013092720,0.015508
04013092721,0.003066
04013092723,0.004257
04013092724,0.040129
04013092801,0.006508
04013092802,0.050204
04013092900,0.007826
04013093001,0.00493
04013093002,0.00316
04013093101,0.016111
04013093104,0.029311
04013093105,0.004071
04013093106,0.038982
04013093200,0.037073
04013103205,0.023675
04013103206,0.002014
04013103207,0.008983
04013103208,0.068531
04013103209,0.021344
04013103210,0.011104
04013103211,0.033453
04013103212,0.006662
04013103214,0.003988
04013103215,0.016702
04013103216,0.014226
04013103217,0.010447
04013103219,0.094576
04013103220,0.039952
04013103302,0.00871
04013103303,0.006838
04013103304,0.009423
04013103305,0.044334
04013103306,0.014654
04013103400,0.017164
04013103501,0.00614
04013103502,0.010624
04013103604,0.092935
04013103605,0.004782
04013103606,0.008856
04013103607,0.058561
04013103608,0.014691
04013103609,0.008524
04013103611,0.010939
04013103612,0.017479
04013103614,0.008486
04013103615,0.026982
04013103701,0.02037
04013103702,0.05176
04013103900,0.017275
04013104000,0.015145
04013104100,0.01217
04013104202,0.004806
04013104203,0.005991
04013104204,0.005682
04013104205,0.00675
04013104206,0.006878
04013104207,0.010937
04013104212,0.007031
04013104214,0.00772
04013104215,0.009655
04013104216,0.004769
04013104217,0.025742
04013104218,0.00706
04013104219,0.004748
04013104221,0.010396
04013104222,0.005405
04013104223,0.006084
04013104224,0.005184
04013104225,0.008848
04013104226,0.016543
04013104227,0.039936
04013104301,0.009302
04013104302,0.030695
04013104401,0.018026
04013104402,0.022909
04013104501,0.03116
04013104502,0.039999
04013104600,0.019192
04013104701,0.040652
04013104702,0.024503
04013104801,0.024122
04013104802,0.006166
04013104900,0.006478
04013105002,0.006799
04013105003,0.012346
04013105004,0.01777
04013105101,0.007032
04013105102,0.01757
04013105103,0.088364
04013105200,0.011467
04013105300,0.00954
04013105400,0.016346
04013105501,0.008542
04013105502,0.00678
04013105503,0.009663
04013105601,0.025844
04013105602,0.004285
04013105701,0.0128
04013105702,0.006971
04013105800,0.00662
04013105900,0.016938
04013106001,0.01772
04013106002,0.014941
04013106003,0.026669
04013106100,0.007943
04013106200,0.027312
04013106300,0.015519
04013106400,0.005414
04013106501,0.007354
04013106502,0.007914
04013106600,0.007686
04013106701,0.037407
04013106702,0.026294
04013106703,0.046341
04013106801,0.043352
04013106802,0.013732
04013106900,0.003864
04013107001,0.005425
04013107002,0.00396
04013107101,0.02855
04013107102,0.008923
04013107201,0.229609
04013107202,0.003526
04013107300,0.012663
04013107401,0.013508
04013107402,0.027139
04013107403,0.021923
04013107404,0.016241
04013107500,0.012203
04013107601,0.027273
04013107602,0.033105
04013107700,0.013499
04013107800,0.086831
04013107900,0.069279
04013108000,0.003894
04013108100,0.037402
04013108200,0.061398
04013108301,0.144882
04013108302,0.038949
04013108400,0.021034
04013108501,0.019348
04013108502,0.190494
04013108601,0.008435
04013108602,0.012657
04013108802,0.019101
04013108901,0.014414
04013108902,0.005767
04013109001,0.037381
04013109002,0.011108
04013109003,0.023793
04013109101,0.00558
04013109102,0.024651
04013109200,0.012718
04013109300,0.005226
04013109401,0.003788
04013109402,0.041472
04013109500,0.004288
04013109601,0.037426
04013109602,0.008516
04013109603,0.003926
04013109604,0.021532
04013109702,0.010491
04013109703,0.004557
04013109704,0.015019
04013109705,0.02128
04013109706,0.006217
04013109707,0.005727
04013109801,0.013693
04013109802,0.004652
04013109900,0.006184
04013110001,0.013491
04013110002,0.147088
04013110100,0.017107
04013110400,0.006496
04013110501,0.016262
04013110502,0.018191
04013110600,0.012445
04013110701,0.038897
04013110702,0.017726
04013110801,0.026972
04013110802,0.00557
04013110901,0.029809
04013110902,0.053277
04013111000,0.016732
04013111100,0.005853
04013111201,0.007544
04013111202,0.004331
04013111203,0.087083
04013111204,0.023849
04013111300,0.002741
04013111401,0.055898
04013111402,0.006158
04013111501,0.005591
04013111502,0.004094
04013111601,0.011932
04013111602,0.030524
04013111700,0.00936
04013111800,0.03211
04013111900,0.044789
04013112100,0.006955
04013112201,0.0068
04013112202,0.005503
04013112301,0.005163
04013112302,0.018961
04013112401,0.011129
04013112402,0.012196
04013112502,0.005166
04013112504,0.009433
04013112507,0.020644
04013112508,0.070262
04013112510,0.006274
04013112512,0.039265
04013112514,0.012626
04013112515,0.007049
04013112516,0.019959
04013112517,0.009602
04013112518,0.010292
04013112519,0.003811
04013112520,0.050279
04013112521,0.016975
04013112522,0.02139
04013112523,0.027846
04013112524,0.005435
04013112601,0.071892
04013112602,0.007202
04013112700,0.01266
04013112900,0.018822
04013113000,0.006001
04013113100,0.019269
04013113201,0.199195
04013113202,0.291366
04013113204,0.032721
04013113301,0.029109
04013113502,0.142639
04013113503,0.007006
04013113601,0.005986
04013113602,0.180636
04013113701,0.004797
04013113702,0.016732
04013113800,0.0579
04013113900,0.052996
04013114000,0.030427
04013114100,0.063169
04013114200,0.012359
04013114301,0.023545
04013114302,0.010451
04013114401,0.032551
04013114402,0.034719
04013114500,0.013499
04013114600,0.017463
04013114704,0.223019
04013114705,0.450125
04013114800,0.128828
04013114900,0.00579
04013115200,0.022587
04013115300,0.059406
04013115400,0.014001
04013115500,0.006043
04013115600,0.003013
04013115700,0.008302
04013115801,0.015828
04013115802,0.006108
04013115900,0.005254
04013116000,0.005237
04013116100,0.006048
04013116202,0.011236
04013116203,0.01603
04013116204,0.025509
04013116205,0.022687
04013116300,0.003238
04013116400,0.004627
04013116500,0.008022
04013116605,0.014323
04013116606,0.054237
04013116607,0.013821
04013116610,0.129297
04013116611,0.010608
04013116612,0.005161
04013116614,0.008731
04013116615,0.005326
04013116616,0.007274
04013116617,0.132137
04013116618,0.023102
04013116619,0.005344
04013116620,0.010388
04013116621,0.012374
04013116703,0.013321
04013116707,0.017556
04013116708,0.055329
04013116709,0.020294
04013116710,0.006572
04013116711,0.011131
04013116712,0.012208
04013116713,0.013525
04013116714,0.006429
04013116715,0.013485
04013116717,0.036622
04013116718,0.058874
04013116719,0.017458
04013116720,0.015355
04013116721,0.013608
04013116725,0.012388
04013116727,0.024696
04013116728,0.004626
04013116729,0.050422
04013116730,0.056258
04013116731,0.025837
04013116732,0.016302
04013116733,0.075112
04013116734,0.013805
04013116735,0.004195
04013116736,0.004418
04013116737,0.011116
04013116738,0.005721
04013116800,0.010518
04013116900,0.039607
04013117000,0.015807
04013117100,0.006622
04013117200,0.031704
04013117300,0.092344
04013216806,0.028232
04013216807,0.008869
04013216809,0.008093
04013216810,0.028351
04013216813,0.021438
04013216816,0.009042
04013216819,0.007784
04013216820,0.011822
04013216821,0.011727
04013216822,0.018928
04013216826,0.01989
04013216829,0.053936
04013216830,0.014056
04013216831,0.016167
04013216832,0.007014
04013216833,0.081981
04013216834,0.060447
04013216835,0.019596
04013216836,0.0219
04013216837,0.010061
04013216838,0.00625
04013216839,0.004812
04013216840,0.043561
04013216841,0.022119
04013216842,0.012853
04013216843,0.034628
04013216844,0.014826
04013216845,0.059258
04013216849,0.026406
04013216850,0.060919
04013216851,0.096585
04013216852,0.007195
04013216853,0.015522
04013216854,0.038192
04013216855,0.024519
04013216856,0.038151
04013216857,0.032591
04013216858,0.016902
04013216859,0.005007
04013216860,0.071401
04013216861,0.008995
04013216901,0.011656
04013216902,0.004939
04013217001,0.06687
04013217002,0.006982
04013217101,0.031266
04013217102,0.004385
04013217201,0.067924
04013217203,0.047349
04013217204,0.027939
04013217300,0.048207
04013217400,0.047498
04013217501,0.006446
04013217502,0.020921
04013217600,0.018886
04013217700,0.165362
04013217800,0.011764
04013217900,0.017919
04013218000,0.018365
04013218100,0.029965
04013218200,0.008324
04013218300,0.043413
04013318400,0.095198
04013318501,0.011629
04013318700,0.064531
04013318800,0.005115
04013318900,0.008114
04013319001,0.022215
04013319002,0.005836
04013319101,0.096145
04013319103,0.008806
04013319104,0.170089
04013319201,0.00756
04013319202,0.042639
04013319300,0.012181
04013319401,0.008081
04013319402,0.009
04013319403,0.013925
04013319404,0.036332
04013319500,0.02543
04013319600,0.009422
04013319705,0.091769
04013319706,0.072096
04013319707,0.038812
04013319708,0.008831
04013319709,0.032342
04013319710,0.017034
04013319801,0.009965
04013319802,0.006763
04013319902,0.015721
04013319903,0.015572
04013319904,0.089966
04013319905,0.009966
04013319906,0.035197
04013319907,0.009092
04013319908,0.029276
04013319909,0.017536
04013319910,0.019067
04013320001,0.059578
04013320002,0.140716
04013320007,0.005581
04013320100,0.022342
04013420104,0.085364
04013420105,0.015894
04013420107,0.006384
04013420108,0.013967
04013420109,0.009224
04013420110,0.006977
04013420111,0.006381
04013420112,0.017932
04013420113,0.008949
04013420114,0.033292
04013420115,0.019868
04013420116,0.100001
04013420202,0.051852
04013420206,0.019935
04013420207,0.012285
04013420208,0.007781
04013420209,0.014162
04013420210,0.021204
04013420211,0.020443
04013420212,0.040433
04013420213,0.01289
04013420214,0.131575
04013420215,0.010745
04013420216,0.010318
04013420301,0.047547
04013420302,0.011609
04013420303,0.005768
04013420304,0.045218
04013420401,0.044051
04013420402,0.011419
04013420503,0.031957
04013420504,0.032769
04013420505,0.005953
04013420506,0.114882
04013420602,0.005997
04013420603,0.008931
04013420604,0.006956
04013420704,0.015832
04013420705,0.013574
04013420706,0.016947
04013420707,0.0254
04013420708,0.030733
04013420709,0.029746
04013420710,0.027254
04013420800,0.008243
04013420901,0.007282
04013420902,0.007879
04013421001,0.18553
04013421002,0.020247
04013421101,0.022676
04013421102,0.02287
04013421201,0.019686
04013421202,0.206056
04013421302,0.033096
04013421303,0.017579
04013421304,0.013726
04013421400,0.012773
04013421501,0.0091
04013421502,0.00733
04013421601,0.045631
04013421602,0.013175
04013421701,0.010169
04013421702,0.025442
04013421801,0.004959
04013421802,0.015604
04013421901,0.011684
04013421902,0.041799
04013422001,0.008328
04013422002,0.034524
04013422102,0.02139
04013422103,0.039337
04013422104,0.008974
04013422105,0.009649
04013422106,0.073641
04013422107,0.096402
04013422203,0.043244
04013422209,0.005953
04013422210,0.009739
04013422211,0.010158
04013422212,0.048307
04013422213,0.011629
04013422215,0.006901
04013422216,0.022394
04013422217,0.123585
04013422218,0.003825
04013422219,0.005274
04013422220,0.012963
04013422221,0.030652
04013422222,0.006564
04013422223,0.02647
04013422224,0.052428
04013422225,0.014382
04013422226,0.129758
04013422227,0.008437
04013422301,0.009902
04013422302,0.00711
04013422304,0.114335
04013422305,0.013647
04013422307,0.032898
04013422308,0.016365
04013422309,0.01955
04013422401,0.033747
04013422402,0.004984
04013422403,0.006786
04013422404,0.013087
04013422501,0.004538
04013422502,0.01528
04013422503,0.006825
04013422504,0.047486
04013422506,0.072711
04013422507,0.022943
04013422508,0.009593
04013422509,0.163535
04013422510,0.015212
04013422511,0.013053
04013422512,0.005391
04013422513,0.023905
04013422514,0.075832
04013422607,0.05143
04013422609,0.059312
04013422610,0.018489
04013422615,0.013531
04013422617,0.008901
04013422618,0.017638
04013422620,0.007644
04013422621,0.04663
04013422622,0.01172
04013422623,0.00663
04013422624,0.02069
04013422625,0.03443
04013422626,0.02714
04013422627,0.013556
04013422628,0.016121
04013422629,0.039856
04013422630,0.007272
04013422632,0.023287
04013422633,0.016089
04013422634,0.022558
04013422636,0.018955
04013422637,0.015422
04013422638,0.012317
04013422639,0.036379
04013422640,0.029369
04013422642,0.021992
04013422643,0.01206
04013422647,0.008573
04013422648,0.005598
04013422649,0.0113
04013422650,0.018712
04013422651,0.004534
04013422652,0.024661
04013422653,0.008983
04013422654,0.006282
04013422655,0.021982
04013422656,0.061146
04013422657,0.010658
04013422658,0.008298
04013422659,0.018687
04013422660,0.012797
04013522801,0.492574
04013522802,0.004826
04013522901,0.017663
04013522903,0.133606
04013522904,0.005603
04013523002,0.006031
04013523005,0.007911
04013523006,0.136192
04013523007,0.059234
04013523008,0.003861
04013523102,0.010296
04013523103,0.025405
04013523104,0.012527
04013610001,0.307504
04013610002,0.098056
04013610100,0.018024
04013610201,0.058532
04013610202,0.023911
04013610301,0.085105
04013610302,0.017667
04013610400,0.012879
04013610500,0.019044
04013610600,0.016009
04013610700,0.0834
04013610800,0.018974
04013610901,0.017519
04013610902,0.017823
04013610903,0.024493
04013611000,0.021424
04013611100,0.004993
04013611200,0.005678
04013611300,0.014889
04013611400,0.042447
04013611500,0.003991
04013611600,0.006871
04013611700,0.012839
04013611800,0.016618
04013611900,0.018414
04013612000,0.0212
04013612200,0.04042
04013612301,0.022143
04013612302,0.019882
04013612401,0.003252
04013612402,0.032218
04013612500,0.068598
04013612600,0.010056
04013612700,0.034788
04013612800,0.050105
04013612900,0.011429
04013613000,0.006795
04013613100,0.006006
04013613200,0.015057
04013613300,0.010193
04013613400,0.00818
04013613500,0.121683
04013613601,0.010093
04013613602,0.010157
04013613700,0.053588
04013613800,0.005723
04013613900,0.01197
04013614000,0.004201
04013614100,0.006192
04013614200,0.016854
04013614300,0.04532
04013614400,0.021027
04013614500,0.015945
04013614601,0.038917
04013614602,0.096569
04013614700,0.033081
04013614800,0.006097
04013614900,0.168378
04013615001,0.005102
04013615002,0.018431
04013615100,0.085529
04013615201,0.030259
04013615202,0.056477
04013615300,0.027649
04013615400,0.025625
04013615500,0.032338
04013615600,0.048627
04013615700,0.026435
04013615800,0.003944
04013615900,0.018562
04013616000,0.00624
04013616100,0.00471
04013616200,0.034679
04013616300,0.003855
04013616400,0.061872
04013616500,0.013926
04013616600,0.020398
04013616700,0.033022
04013616800,0.010584
04013616900,0.016193
04013617001,0.0345
04013617002,0.038423
04013617100,0.066596
04013617200,0.012857
04013617300,0.011216
04013617400,0.086184
04013617500,0.023478
04013617600,0.017361
04013617700,0.029813
04013617800,0.049407
04013617900,0.01227
04013618000,0.008521
04013618100,0.008583
04013618200,0.004321
04013618300,0.00659
04013618400,0.008623
04013618500,0.014695
04013618600,0.016055
04013618700,0.002954
04013618800,0.016093
04013618900,0.021665
04013619000,0.028241
04013619100,0.032929
04013619200,0.029645
04013619300,0.002889
04013619400,0.045697
04013619500,0.013313
04013619601,0.030876
04013619602,0.01541
04013619700,0.006081
04013619800,0.008511
04013619900,0.014006
04013723304,0.099408
04013723305,0.070409
04013723306,0.072877
04013723307,0.039429
04013723309,0.002106
04013723310,0.020172
04013723311,0.012721
04013810000,0.030367
04013810100,0.0083
04013810200,0.042094
04013810300,0.005313
04013810400,0.012865
04013810500,0.008318
04013810600,0.018255
04013810700,0.011687
04013810800,0.015793
04013810900,0.008129
04013811000,0.038503
04013811100,0.071004
04013811200,0.042635
04013811300,0.016458
04013811400,0.006052
04013811500,0.004149
04013811600,0.004808
04013811700,0.004839
04013811800,0.030551
04013811900,0.011478
04013812000,0.036856
04013812100,0.027166
04013812200,0.008397
04013812300,0.008981
04013812400,0.010599
04013812500,0.017702
04013812600,0.020175
04013812700,0.008095
04013812801,0.004568
04013812802,0.050613
04013812900,0.00792
04013813000,0.007725
04013813100,0.004553
04013813200,0.008055
04013813300,0.026935
04013813400,0.007243
04013813500,0.028369
04013813600,0.007319
04013813700,0.018951
04013813800,0.022911
04013813900,0.01699
04013814000,0.019979
04013814100,0.013604
04013814200,0.033625
04013814300,0.016996
04013814400,0.01544
04013814500,0.061157
04013814600,0.015965
04013814700,0.005509
04013814801,0.035566
04013814802,0.01139
04013814900,0.008452
04013815000,0.007637
04013815100,0.002426
04013815201,0.020546
04013815202,0.003014
04013815203,0.020493
04013815300,0.05453
04013815401,0.008814
04013815402,0.015278
04013815501,0.005169
04013815502,0.04584
04013815601,0.0123
04013815602,0.005235
04013815700,0.017233
04013815800,0.013366
04013815901,0.052259
04013815902,0.006133
04013816001,0.033299
04013816002,0.010355
04013816003,0.029927
04013816004,0.011829
04013816005,0.010184
04013816100,0.007482
04013816200,0.004571
04013816301,0.030495
04013816302,0.012438
04013816401,0.022719
04013816402,0.005803
04013816501,0.020672
04013816502,0.011685
04013816600,0.010205
04013816700,0.007659
04013816800,0.013256
04013816901,0.005953
04013816902,0.012781
04013816903,0.003022
04013816904,0.008206
04013817000,0.018773
04013817101,0.019978
04013817102,0.028422
04013817103,0.004473
04013817200,0.010911
04013817300,0.02511
04013817400,0.021713
04013817500,0.025389
04013817600,0.015616
04013940700,0.029574
04013941000,0.018069
04013941100,0.101616
04013941200,0.04028
04013941300,0.029877
04013980100,0.110044
04013980400,0.276934
04013980500,0.01939
04013980700,0.040247
04013980900,0.023875
04013981000,0.470743
04015954801,0.126206
04015954802,0.112027
04017940014,0.013163
04017940015,0.018085
04017940100,0.145827
04017940301,0.064669
04017940302,0.32448
04017960100,0.158255
04017960200,0.090927
04017960400,0.038746
04017960500,0.150071
04017960600,0.027162
04017961300,0.071065
04017961701,0.103026
04017961702,0.255859
04017962501,0.199131
04017962502,0.374476
04017963300,0.145559
04017963400,0.143864
04017963700,0.063087
04017963800,0.014776
04017964201,0.155574
04017964202,0.064198
04017964801,0.021179
04017964802,0.174782
04017964901,0.197
04017964902,0.085606
04017965201,0.264381
04017965202,0.173143
04017965301,0.140008
04017965302,0.05068
04019000100,0.223658
04019000200,0.020878
04019000300,0.005228
04019000401,0.005576
04019000402,0.006974
04019000501,0.009235
04019000502,0.00847
04019000600,0.025117
04019000700,0.002973
04019000800,0.017234
04019001100,0.00872
04019001200,0.01182
04019001302,0.01072
04019001303,0.026151
04019001304,0.058695
04019001400,0.010305
04019001500,0.009869
04019001600,0.027471
04019001700,0.046848
04019001801,0.015789
04019001802,0.008758
04019001900,0.014773
04019002000,0.088756
04019002100,0.007192
04019002201,0.018929
04019002202,0.008864
04019002300,0.017414
04019002400,0.011163
04019002503,0.02751
04019002504,0.007723
04019002505,0.013206
04019002507,0.011575
04019002508,0.008567
04019002509,0.008181
04019002602,0.024515
04019002603,0.038562
04019002604,0.007077
04019002702,0.011397
04019002703,0.006406
04019002704,0.007323
04019002801,0.0509
04019002802,0.016594
04019002803,0.022218
04019002901,0.010541
04019002904,0.028141
04019002905,0.017902
04019002906,0.007483
04019003002,0.011813
04019003003,0.009591
04019003004,0.056997
04019003102,0.004949
04019003103,0.092203
04019003104,0.027136
04019003201,0.009792
04019003202,0.007761
04019003302,0.007547
04019003303,0.0121
04019003304,0.009837
04019003400,0.009792
04019003502,0.012136
04019003503,0.055299
04019003504,0.008518
04019003505,0.020852
04019003506,0.008777
04019003601,0.142183
04019003702,0.009716
04019003704,0.030878
04019003705,0.004179
04019003706,0.006664
04019003707,0.007267
04019003801,0.041133
04019003802,0.007019
04019003901,0.025446
04019003902,0.004821
04019003903,0.012445
04019004008,0.00706
04019004010,0.010464
04019004026,0.008897
04019004029,0.024553
04019004030,0.013576
04019004031,0.067634
04019004032,0.004514
04019004033,0.00747
04019004034,0.003635
04019004035,0.003922
04019004036,0.007343
04019004037,0.006181
04019004038,0.003597
04019004039,0.00846
04019004042,0.033286
04019004043,0.043707
04019004044,0.147228
04019004046,0.004715
04019004047,0.006259
04019004048,0.013058
04019004049,0.003722
04019004050,0.004013
04019004051,0.005407
04019004052,0.166976
04019004053,0.006451
04019004054,0.013019
04019004055,0.026786
04019004056,0.011618
04019004057,0.005542
04019004058,0.004771
04019004061,0.185292
04019004062,0.009188
04019004063,0.016149
04019004065,0.019626
04019004066,0.028253
04019004067,0.080367
04019004068,0.02076
04019004069,0.010935
04019004070,0.044531
04019004071,0.003649
04019004072,0.005071
04019004073,0.009922
04019004074,0.010795
04019004075,0.01393
04019004076,0.004942
04019004077,0.00935
04019004078,0.13715
04019004079,0.016349
04019004080,0.011476
04019004081,0.00907
04019004082,0.007934
04019004109,0.116687
04019004110,0.003407
04019004112,0.031162
04019004114,0.016452
04019004115,0.023884
04019004116,0.013711
04019004117,0.021013
04019004118,0.019381
04019004122,0.004623
04019004126,0.017423
04019004127,0.042661
04019004128,0.035642
04019004129,0.024962
04019004130,0.027493
04019004131,0.0361
04019004132,0.025566
04019004133,0.040051
04019004307,0.137162
04019004310,0.016317
04019004311,0.020397
04019004312,0.005516
04019004313,0.294353
04019004316,0.031469
04019004317,0.041453
04019004320,0.130021
04019004321,0.005216
04019004322,0.004507
04019004323,0.178634
04019004324,0.103694
04019004325,0.355108
04019004326,0.033827
04019004327,0.040459
04019004328,0.031446
04019004330,0.016663
04019004332,0.015259
04019004333,0.005303
04019004335,0.04433
04019004336,0.111922
04019004337,0.034169
04019004338,0.019718
04019004339,0.007296
04019004340,0.056034
04019004404,0.16879
04019004407,0.002242
04019004412,0.013451
04019004413,0.017256
04019004414,0.004017
04019004415,0.049151
04019004418,0.007866
04019004419,0.0154
04019004422,0.007785
04019004423,0.041829
04019004424,0.183235
04019004425,0.073781
04019004426,0.111351
04019004428,0.041367
04019004430,0.012063
04019004431,0.011445
04019004432,0.007161
04019004433,0.005247
04019004434,0.011813
04019004435,0.008294
04019004436,0.024113
04019004437,0.031058
04019004438,0.011842
04019004439,0.007796
04019004440,0.012727
04019004505,0.016505
04019004506,0.018678
04019004508,0.024064
04019004510,0.02729
04019004511,0.036182
04019004512,0.011815
04019004513,0.010401
04019004514,0.020486
04019004515,0.060752
04019004610,0.006446
04019004613,0.008877
04019004614,0.01262
04019004615,0.016076
04019004616,0.034411
04019004617,0.033879
04019004618,0.017325
04019004619,0.027729
04019004620,0.026868
04019004621,0.004927
04019004622,0.170222
04019004623,0.028781
04019004624,0.007356
04019004625,0.251398
04019004626,0.016586
04019004627,0.038368
04019004628,0.014441
04019004630,0.022003
04019004631,0.213698
04019004632,0.258736
04019004633,0.034987
04019004634,0.003507
04019004635,0.056206
04019004636,0.016593
04019004639,0.054054
04019004640,0.014483
04019004641,0.003793
04019004642,0.014592
04019004643,0.032333
04019004644,0.00832
04019004645,0.01085
04019004646,0.023796
04019004647,0.019341
04019004648,0.191514
04019004649,0.024019
04019004650,0.033249
04019004710,0.046916
04019004711,0.034801
04019004712,0.005516
04019004713,0.196918
04019004714,0.014496
04019004715,0.186807
04019004717,0.028371
04019004718,0.012445
04019004720,0.011734
04019004721,0.01402
04019004722,0.036573
04019004723,0.023435
04019004724,0.021231
04019004725,0.10305
04019004726,0.024944
04019004727,0.136737
04019004728,0.340085
04019004729,0.006367
04019004730,0.008785
04019005200,0.111091
04019005300,0.005643
04019005400,0.015112
04019940800,0.050911
04019940900,0.01454
04019941000,0.090155
04019941100,0.016095
04019980001,0.510479
04019980002,0.083272
04019980100,0.058262
04019980200,0.152571
04019980300,0.081434
04019980400,0.200728
04021000201,0.189547
04021000204,0.008438
04021000206,0.026948
04021000208,0.014231
04021000211,0.041292
04021000212,0.082467
04021000215,0.017248
04021000216,0.008738
04021000217,0.081574
04021000218,0.004656
04021000219,0.027909
04021000220,0.017329
04021000221,0.040101
04021000222,0.0047
04021000223,0.006174
04021000224,0.011869
04021000225,0.005801
04021000226,0.007449
04021000227,0.005882
04021000228,0.030982
04021000229,0.061593
04021000307,0.069245
04021000309,0.040844
04021000310,0.02537
04021000311,0.272365
04021000312,0.091956
04021000313,0.012503
04021000315,0.082277
04021000316,0.024669
04021000317,0.007406
04021000319,0.04248
04021000320,0.049119
04021000321,0.031098
04021000322,0.035949
04021000323,0.078934
04021000324,0.023336
04021000325,0.025943
04021000400,0.108148
04021000603,0.062991
04021000604,0.242117
04021000700,0.103763
04021000802,0.066668
04021000804,0.023748
04021000805,0.01094
04021000806,0.003922
04021000807,0.338267
04021000808,0.3435
04021000902,0.069084
04021000903,0.393298
04021000904,0.120879
04021001000,0.167015
04021001100,0.072378
04021001200,0.123676
04021001303,0.092306
04021001305,0.007178
04021001306,0.006846
04021001307,0.154675
04021001308,0.086064
04021001309,0.036505
04021001310,0.027966
04021001403,0.023174
04021001404,0.019931
04021001405,0.052531
04021001406,0.052318
04021001407,0.171222
04021001408,0.189534
04021001500,0.061335
04021001600,0.039027
04021001701,0.216501
04021001704,0.047392
04021001705,0.162806
04021001706,0.100695
04021001707,0.007399
04021001709,0.03358
04021001712,0.149535
04021001713,0.014621
04021001714,0.008809
04021001715,0.042643
04021001716,0.006539
04021001717,0.026758
04021001900,0.025467
04021002001,0.245156
04021002004,0.10178
04021002005,0.138032
04021002104,0.038529
04021002105,0.017369
04021002106,0.144233
04021002107,0.184441
04021002200,0.08746
04021002300,0.221446
04021002400,0.436504
04021941200,0.050109
04021941300,0.045027
04021941401,0.071619
04021941402,0.072269
04023966000,0.107816
04023966101,0.187507
04023966103,0.06503
04023966106,0.183
04023966107,0.035055
04023966108,0.123453
04023966109,0.065167
04023966110,0.016936
04023966111,0.173724
04023966200,0.046258
04023966301,0.181343
04023966302,0.213118
04023966401,0.046327
04023966402,0.071576
04025000205,0.025838
04025000206,0.042479
04025000207,0.341187
04025000208,0.332182
04025000209,0.318533
04025000210,0.03941
04025000211,0.0953
04025000301,0.023106
04025000302,0.022068
04025000403,0.01104
04025000404,0.005901
04025000405,0.006212
04025000406,0.300847
04025000407,0.002336
04025000501,0.054243
04025000502,0.038298
04025000604,0.006851
04025000608,0.016039
04025000609,0.01398
04025000611,0.091529
04025000612,0.08486
04025000613,0.004236
04025000614,0.003782
04025000615,0.032932
04025000616,0.014733
04025000617,0.133914
04025000618,0.024564
04025000619,0.056775
04025000701,0.12537
04025000702,0.05925
04025000802,0.104821
04025000803,0.122794
04025000804,0.333166
04025000901,0.121935
04025000902,0.004343
04025001002,0.037717
04025001003,0.008967
04025001004,0.066351
04025001103,0.036804
04025001104,0.009356
04025001105,0.114392
04025001106,0.052688
04025001201,0.247335
04025001202,0.018169
04025001300,0.173201
04025001401,0.056679
04025001402,0.330457
04025001403,0.110766
04025001501,0.1208
04025001502,0.108213
04025001601,0.044129
04025001602,0.09814
04025001604,0.121407
04025001605,0.174026
04025001701,0.136308
04025001703,0.265904
04025001704,0.136241
04025001705,0.056652
04025001801,0.101926
04025001803,0.066046
04025001804,0.170653
04025001901,0.06609
04025001902,0.106935
04025001903,0.083435
04025001904,0.0688
04025002001,0.084941
04025002002,0.091087
04025002003,0.145906
04025002005,0.02447
04025002006,0.021924
04025002007,0.085755
04025002100,0.107
04027012100,0.103941
04027980003,0.048055
04027980004,0.114051
35023970000,0.043474
06007000102,0.013092
06007000103,0.022539
06007000104,0.008327
06007000201,0.277259
06007000202,0.198951
06007000300,0.130365
06007000401,0.032534
06007000403,0.024423
06007000404,0.066797
06007000501,0.209245
06007000502,0.262752
06007000601,0.036308
06007000603,0.020499
06007000604,0.034402
06007000700,0.030435
06007000800,0.16319
06007000901,0.027367
06007000903,0.02889
06007000904,0.155783
06007001000,0.048693
06007001100,0.123369
06007001200,0.009247
06007001300,0.042328
06007001400,0.148761
06007001500,0.037765
06007001601,0.141243
06007001602,0.187465
06007001702,0.164793
06007001703,0.010831
06007001704,0.015753
06007001800,0.150355
06007001900,0.114663
06007002000,0.191373
06007002100,0.146611
06007002200,0.103619
06007002300,0.229518
06007002401,0.123374
06007002402,0.113495
06007002500,0.145109
06007002601,0.301179
06007002602,0.154693
06007002700,0.039841
06007002800,0.045666
06007002900,0.073622
06007003001,0.21017
06007003002,0.062424
06007003100,0.314696
06007003200,0.016453
06007003300,0.072463
06007003400,0.1582
06007003501,0.037267
06007003502,0.230445
06007003600,0.14356
06007003700,0.212483
06011000100,0.133419
06011000200,0.144509
06011000301,0.143117
06011000302,0.210721
06011000400,0.03824
06011000500,0.202031
06015000202,0.170579
06017030601,0.205493
06017030603,0.284058
06017030604,0.032628
06017030605,0.209622
06017030606,0.210624
06017030701,0.021964
06017030706,0.010193
06017030709,0.008216
06017030710,0.003389
06017030801,0.038385
06017030901,0.053726
06017030902,0.031895
06017031000,0.099276
06017031100,0.064901
06017031700,0.023269
06021010101,0.1464
06021010102,0.198218
06021010200,0.132955
06021010300,0.115568
06021010401,0.135938
06021010402,0.207022
06021010501,0.127066
06021010502,0.208383
06023001200,0.040591
06023010102,0.179333
06023010902,0.100222
06023011600,0.105052
06023940000,0.209076
06033000100,0.148393
06033000300,0.073999
06033000401,0.017221
06033000402,0.068779
06033000501,0.155235
06033000502,0.109478
06033000601,0.148814
06033000602,0.231868
06033000702,0.192127
06033000703,0.050641
06033000704,0.04357
06033000801,0.039883
06033000802,0.02353
06033000901,0.05468
06033000902,0.062487
06033001000,0.129843
06033001101,0.094154
06033001102,0.118025
06033001200,0.036996
06033001301,0.141668
06033001302,0.172835
06035040100,0.142189
06035040200,0.069576
06035040302,0.180806
06035040303,0.165046
06035040304,0.263435
06035040305,0.053956
06035040400,0.190666
06035040500,0.085066
06035040600,0.105465
06045010100,0.133124
06045010200,0.147348
06045010601,0.214793
06045010602,0.180665
06045010801,0.067861
06045010802,0.020746
06045011700,0.099647
06045011800,0.169995
06049000100,0.205178
06049000200,0.083189
06049000300,0.184225
06055201800,0.240352
06057000102,0.145743
06057000104,0.102213
06057000105,0.217226
06057000106,0.264892
06057000107,0.218435
06057000200,0.027139
06057000300,0.121481
06057000401,0.020855
06057000403,0.302645
06057000404,0.085403
06057000502,0.032243
06057000503,0.017076
06057000504,0.053463
06057000601,0.030303
06057000602,0.046469
06057000701,0.324729
06057000702,0.200934
06057000801,0.350897
06057000802,0.17434
06057000900,0.182185
06061020200,0.030161
06061020300,0.167368
06061020401,0.043475
06061020402,0.248384
06061020501,0.178513
06061020502,0.037083
06061020601,0.023472
06061020604,0.039473
06061020605,0.127054
06061020606,0.014207
06061020607,0.014408
06061020608,0.028583
06061020710,0.006157
06061020711,0.020279
06061020712,0.010409
06061020713,0.068979
06061020714,0.015827
06061020715,0.003833
06061020717,0.025369
06061020805,0.031464
06061020806,0.03471
06061020901,0.020979
06061020908,0.141582
06061021003,0.017804
06061021034,0.013555
06061021037,0.033673
06061021038,0.005483
06061021039,0.040189
06061021040,0.028501
06061021043,0.027045
06061021044,0.007446
06061021045,0.007623
06061021046,0.013555
06061021047,0.002607
06061021048,0.038611
06061021103,0.01936
06061021106,0.013841
06061021108,0.13234
06061021109,0.027427
06061021122,0.01798
06061021123,0.014958
06061021128,0.04077
06061021129,0.036934
06061021130,0.066939
06061021131,0.013509
06061021203,0.030672
06061021204,0.146487
06061021304,0.080152
06061021323,0.004867
06061021324,0.013992
06061021325,0.004245
06061021326,0.004001
06061021327,0.016921
06061021328,0.015212
06061021401,0.007557
06061021403,0.004152
06061021501,0.164734
06061021502,0.161807
06061021603,0.123689
06061021604,0.18295
06061021801,0.282842
06061021802,0.127718
06061021901,0.06441
06061021902,0.027686
06061022002,0.098322
06061022013,0.222762
06061022014,0.209971
06061022400,0.02617
06061022500,0.006298
06061022600,0.022968
06061022800,0.034043
06061022900,0.030814
06061023000,0.009378
06061023100,0.027867
06061023200,0.008052
06061023300,0.009243
06061023400,0.067397
06061023501,0.014316
06061023502,0.007204
06061023600,0.04509
06061023700,0.068893
06061023800,0.009314
06061023900,0.128426
06063000100,0.147538
06063000201,0.1173
06063000202,0.114703
06063000300,0.095092
06063000400,0.18961
06063000501,0.247338
06063000502,0.196377
06067000100,0.041197
06067000200,0.065693
06067000300,0.012099
06067000400,0.027604
06067000501,0.137413
06067000502,0.347906
06067000600,0.008754
06067000700,0.03393
06067000800,0.053666
06067001102,0.177207
06067001103,0.074415
06067001201,0.037987
06067001202,0.012326
06067001300,0.010429
06067001400,0.02255
06067001500,0.024151
06067001601,0.007823
06067001602,0.05739
06067001702,0.067508
06067001800,0.007431
06067001900,0.053419
06067002000,0.014743
06067002100,0.054191
06067002200,0.031199
06067002300,0.068008
06067002400,0.008601
06067002500,0.006429
06067002600,0.0156
06067002700,0.0749
06067005301,0.029555
06067005402,0.014168
06067005403,0.11061
06067005404,0.023783
06067005502,0.010398
06067005505,0.014111
06067005506,0.00926
06067005508,0.072132
06067005509,0.01856
06067005510,0.013724
06067005601,0.021523
06067005605,0.012457
06067005606,0.008323
06067005701,0.017619
06067005702,0.009819
06067005801,0.006437
06067005803,0.004168
06067005901,0.010972
06067005903,0.009407
06067005904,0.006724
06067006002,0.015417
06067006003,0.129977
06067006004,0.006605
06067006101,0.111908
06067006102,0.014832
06067006202,0.033528
06067006203,0.054018
06067006204,0.006886
06067006300,0.005294
06067006400,0.022751
06067006501,0.036557
06067006502,0.045711
06067006600,0.009427
06067006703,0.009154
06067006704,0.0075
06067006705,0.02415
06067006706,0.017085
06067006801,0.007809
06067006802,0.017392
06067006803,0.020724
06067006901,0.06477
06067006902,0.056807
06067007001,0.022542
06067007007,0.009876
06067007010,0.062099
06067007011,0.027527
06067007012,0.00913
06067007013,0.038401
06067007016,0.009251
06067007017,0.057262
06067007019,0.060214
06067007020,0.040905
06067007021,0.023531
06067007022,0.08372
06067007023,0.006977
06067007024,0.037459
06067007025,0.013982
06067007026,0.00338
06067007027,0.005416
06067007028,0.023983
06067007101,0.085382
06067007103,0.007703
06067007105,0.016041
06067007106,0.009075
06067007107,0.077672
06067007108,0.012487
06067007109,0.028608
06067007110,0.009116
06067007111,0.015861
06067007202,0.010424
06067007204,0.010505
06067007206,0.004387
06067007207,0.037296
06067007208,0.024371
06067007209,0.007013
06067007301,0.006634
06067007402,0.007063
06067007403,0.129559
06067007413,0.028127
06067007414,0.00346
06067007415,0.019061
06067007416,0.027114
06067007417,0.007931
06067007422,0.048896
06067007423,0.099552
06067007424,0.008672
06067007426,0.01791
06067007427,0.012677
06067007428,0.024258
06067007429,0.014147
06067007430,0.021377
06067007431,0.003776
06067007432,0.010748
06067007434,0.007355
06067007435,0.030208
06067007436,0.026032
06067007437,0.007415
06067007438,0.018135
06067007439,0.012568
06067007501,0.070011
06067007503,0.078845
06067007504,0.080908
06067007602,0.018214
06067007603,0.005013
06067007604,0.035129
06067007701,0.008198
06067007702,0.011254
06067007801,0.029328
06067007802,0.01409
06067007903,0.008317
06067007904,0.004138
06067007905,0.013514
06067007906,0.021963
06067008005,0.018312
06067008006,0.017004
06067008007,0.064209
06067008008,0.044755
06067008009,0.008423
06067008010,0.01174
06067008111,0.026764
06067008113,0.063567
06067008117,0.009093
06067008119,0.012112
06067008120,0.008712
06067008122,0.015185
06067008124,0.05374
06067008125,0.004573
06067008127,0.061006
06067008128,0.10505
06067008129,0.047258
06067008130,0.018532
06067008131,0.090816
06067008132,0.098399
06067008133,0.03921
06067008134,0.05911
06067008135,0.14156
06067008136,0.094497
06067008137,0.008197
06067008138,0.027118
06067008139,0.106954
06067008140,0.00569
06067008141,0.012592
06067008142,0.015485
06067008143,0.021253
06067008144,0.011258
06067008145,0.039156
06067008203,0.00531
06067008204,0.035566
06067008206,0.018331
06067008207,0.006986
06067008208,0.016715
06067008209,0.01484
06067008210,0.02231
06067008211,0.006046
06067008402,0.009115
06067008403,0.030422
06067008404,0.015822
06067008501,0.014586
06067008504,0.09214
06067008505,0.03133
06067008506,0.071482
06067008507,0.011799
06067008508,0.020519
06067008509,0.010703
06067008510,0.024574
06067008512,0.008866
06067008702,0.007618
06067008703,0.033616
06067008909,0.038349
06067008912,0.038798
06067008913,0.005456
06067988300,0.010977
06089010100,0.082684
06089010200,0.01985
06089010300,0.09546
06089010400,0.064557
06089010500,0.031186
06089010601,0.026658
06089010602,0.107785
06089010603,0.096833
06089010702,0.042785
06089010703,0.069277
06089010704,0.017682
06089010803,0.019396
06089010804,0.008099
06089010805,0.025781
06089010806,0.097641
06089010807,0.070402
06089010900,0.064919
06089011001,0.008476
06089011002,0.106688
06089011100,0.104057
06089011209,0.028436
06089011300,0.033742
06089011401,0.031641
06089011402,0.007684
06089011403,0.014841
06089011501,0.035428
06089011502,0.015993
06089011600,0.090517
06089011701,0.066662
06089011702,0.286328
06089011703,0.104518
06089011801,0.14896
06089011802,0.133714
06089011803,0.051484
06089011900,0.016958
06089012000,0.106451
06089012101,0.043513
06089012102,0.037572
06089012200,0.091278
06089012301,0.161172
06089012302,0.019343
06089012303,0.013965
06089012400,0.060385
06089012500,0.136269
06089012603,0.195445
06089012604,0.052516
06089012605,0.100638
06089012606,0.154849
06089012701,0.229239
06089012702,0.185263
06091010000,0.116504
06093000300,0.085477
06093000701,0.16544
06093000800,0.175301
06093000901,0.137886
06093000902,0.195309
06093001001,0.1465
06093001002,0.236327
06093001003,0.111264
06093001100,0.124352
06093001200,0.12573
06093001300,0.168619
06097154100,0.099485
06101050101,0.02897
06101050102,0.050654
06101050201,0.083682
06101050202,0.03318
06101050301,0.117224
06101050302,0.006514
06101050401,0.013109
06101050402,0.091821
06101050403,0.056182
06101050501,0.183072
06101050503,0.30255
06101050504,0.339198
06101050601,0.065832
06101050603,0.030435
06101050604,0.207698
06101050701,0.165547
06101050702,0.095266
06101050800,0.065579
06101050900,0.170305
06101051000,0.117535
06101051100,0.103115
06103000100,0.230795
06103000201,0.199344
06103000202,0.093161
06103000300,0.109739
06103000400,0.164772
06103000500,0.161535
06103000600,0.135065
06103000701,0.095276
06103000702,0.077997
06103000800,0.109658
06103000900,0.132197
06103001000,0.129094
06103001101,0.140797
06103001102,0.155818
06105000101,0.221509
06105000102,0.148366
06105000200,0.172263
06105000500,0.0978
06113010102,0.062534
06113010103,0.004356
06113010104,0.020854
06113010105,0.024567
06113010201,0.019835
06113010203,0.060098
06113010204,0.045206
06113010313,0.016057
06113010315,0.020333
06113010401,0.126308
06113010505,0.132421
06113010800,0.170297
06113010901,0.222295
06113010902,0.294643
06113011001,0.077233
06113011002,0.050902
06113011101,0.019034
06113011102,0.060254
06113011103,0.038089
06113011203,0.003168
06113011204,0.014532
06113011207,0.185437
06113011208,0.06753
06113011209,0.056635
06113011210,0.005572
06113011211,0.014522
06113011400,0.133852
06113011500,0.18276
06115040100,0.0786
06115040201,0.302572
06115040202,0.11896
06115040301,0.00987
06115040302,0.043376
06115040304,0.012049
06115040305,0.007057
06115040400,0.010855
06115040500,0.035466
06115040600,0.04547
06115040701,0.029039
06115040702,0.111146
06115040800,0.025576
06115040901,0.039934
06115040902,0.012243
06115041001,0.097341
06115041002,0.025071
06115041101,0.112649
06115041102,0.182259
48001950100,0.040959
48001950401,0.098734
48001950402,0.223206
48001950500,0.127509
48001950600,0.063044
48001950700,0.087592
48001950800,0.081083
48001950901,0.056798
48001950902,0.085118
48001951001,0.0514
48001951002,0.14298
48001951100,0.110568
48005000102,0.170574
48005000104,0.128408
48007950101,0.227708
48007950102,0.146
48007950103,0.074788
48007950200,0.301549
48007950301,0.068881
48007950302,0.126008
48007950400,0.194893
48007950501,0.133766
48007950502,0.158545
48007950503,0.179224
48009020200,0.090655
48009020300,0.135392
48013960101,0.081907
48013960102,0.158946
48013960203,0.046247
48013960204,0.014955
48013960205,0.164909
48013960206,0.050572
48013960300,0.086221
48013960401,0.459632
48013960403,0.193183
48013960404,0.278238
48013960500,0.075888
48013960601,0.162556
48013960602,0.068863
48015760100,0.01354
48015760201,0.096314
48015760202,0.109171
48015760301,0.051848
48015760302,0.063422
48015760400,0.03433
48015760501,0.111308
48015760502,0.130404
48019000101,0.136836
48019000103,0.131197
48019000104,0.185068
48019000200,0.123303
48019000301,0.070406
48019000302,0.111113
48019000400,0.051396
48021950101,0.024464
48021950102,0.157619
48021950201,0.120193
48021950202,0.075083
48021950301,0.104408
48021950302,0.020832
48021950303,0.058648
48021950401,0.079877
48021950402,0.055218
48021950403,0.065462
48021950503,0.108196
48021950504,0.088039
48021950505,0.063025
48021950506,0.12688
48021950601,0.045861
48021950602,0.047523
48021950700,0.098506
48021950803,0.047994
48021950804,0.010144
48021950805,0.172402
48021950806,0.169917
48023950301,0.059692
48023950302,0.219643
48025950100,0.019584
48025950201,0.203805
48025950203,0.066759
48025950204,0.175638
48025950300,0.064087
48025950400,0.14466
48025950501,0.229316
48025950502,0.190495
48025950600,0.151307
48027020101,0.142994
48027020102,0.031158
48027020201,0.092844
48027020203,0.218487
48027020204,0.16441
48027020301,0.054369
48027020302,0.083252
48027020401,0.023974
48027020402,0.054551
48027020500,0.133797
48027020600,0.082289
48027020701,0.069013
48027020702,0.015887
48027020800,0.098632
48027020900,0.069338
48027021000,0.024754
48027021101,0.0665
48027021102,0.014738
48027021201,0.100939
48027021202,0.028977
48027021203,0.059348
48027021301,0.044701
48027021302,0.030023
48027021304,0.044525
48027021305,0.016964
48027021400,0.061617
48027021501,0.027108
48027021502,0.065216
48027021601,0.03848
48027021602,0.112423
48027021701,0.03391
48027021702,0.133891
48027021801,0.086705
48027021802,0.026649
48027021901,0.075851
48027021905,0.036897
48027021906,0.006563
48027021907,0.018234
48027021908,0.025035
48027022001,0.071983
48027022002,0.013476
48027022101,0.007364
48027022103,0.015267
48027022104,0.028779
48027022105,0.017612
48027022200,0.018005
48027022300,0.026899
48027022401,0.018804
48027022402,0.009155
48027022403,0.007914
48027022405,0.063497
48027022406,0.056401
48027022407,0.00445
48027022501,0.103796
48027022503,0.014947
48027022504,0.006582
48027022600,0.1492
48027022801,0.006649
48027022900,0.11896
48027023001,0.018772
48027023002,0.008307
48027023103,0.114543
48027023104,0.040128
48027023109,0.03695
48027023110,0.028184
48027023111,0.042435
48027023112,0.036943
48027023113,0.011634
48027023114,0.011259
48027023115,0.01416
48027023116,0.037585
48027023117,0.079553
48027023118,0.111688
48027023201,0.08173
48027023202,0.020178
48027023203,0.098561
48027023204,0.047689
48027023301,0.09846
48027023302,0.177814
48027023402,0.013296
48027023404,0.022047
48027023405,0.022424
48027023406,0.044492
48027023500,0.172637
48027980001,0.165368
48027980002,0.317394
48027980003,0.057926
48029110100,0.046935
48029110300,0.006268
48029110500,0.006251
48029110600,0.021843
48029110700,0.024372
48029111000,0.016849
48029111100,0.019234
48029120100,0.01746
48029120301,0.068349
48029120302,0.023476
48029120401,0.0373
48029120402,0.084102
48029120502,0.094177
48029120503,0.007705
48029120504,0.022746
48029120601,0.060051
48029120602,0.102779
48029120701,0.025127
48029120702,0.12093
48029120800,0.009138
48029120901,0.02797
48029120902,0.03638
48029121000,0.018514
48029121110,0.025184
48029121111,0.032832
48029121112,0.062352
48029121115,0.019436
48029121116,0.029001
48029121117,0.019219
48029121118,0.025676
48029121119,0.012014
48029121120,0.023536
48029121121,0.009758
48029121122,0.020388
48029121123,0.040119
48029121124,0.023633
48029121203,0.097382
48029121204,0.031321
48029121205,0.041591
48029121206,0.020216
48029121300,0.005882
48029121402,0.01246
48029121403,0.006877
48029121404,0.027163
48029121501,0.03118
48029121504,0.019735
48029121505,0.040063
48029121506,0.033798
48029121507,0.008506
48029121508,0.008955
48029121601,0.082316
48029121604,0.016309
48029121605,0.007103
48029121606,0.023292
48029121701,0.230547
48029121702,0.031404
48029121802,0.030296
48029121803,0.024068
48029121804,0.013576
48029121808,0.006737
48029121809,0.017163
48029121810,0.028457
48029121811,0.004185
48029121812,0.012586
48029121813,0.042931
48029121903,0.006256
48029121904,0.038242
48029121905,0.089098
48029121906,0.014662
48029121908,0.082249
48029121909,0.015043
48029121910,0.01289
48029121911,0.033679
48029121912,0.024057
48029130200,0.030646
48029130300,0.008742
48029130401,0.06978
48029130402,0.029416
48029130500,0.021213
48029130600,0.00782
48029130700,0.012918
48029130800,0.028336
48029130900,0.020705
48029131000,0.019045
48029131100,0.010131
48029131200,0.175552
48029131300,0.085375
48029131401,0.07002
48029131402,0.06177
48029131503,0.023178
48029131504,0.064553
48029131505,0.009062
48029131506,0.0243
48029131507,0.014532
48029131601,0.060001
48029131606,0.067523
48029131608,0.030439
48029131609,0.027577
48029131610,0.0562
48029131612,0.024794
48029131614,0.012754
48029131615,0.018951
48029131616,0.165238
48029131700,0.050494
48029131801,0.039632
48029131802,0.037651
48029140100,0.036215
48029140200,0.023004
48029140300,0.030517
48029140400,0.012257
48029140500,0.006721
48029140600,0.025039
48029140700,0.006115
48029140800,0.005962
48029140900,0.038716
48029141000,0.00869
48029141101,0.020858
48029141102,0.015889
48029141200,0.008227
48029141300,0.04031
48029141402,0.076727
48029141403,0.046439
48029141404,0.009838
48029141600,0.040166
48029141700,0.047435
48029141800,0.116449
48029141900,0.190646
48029150100,0.02977
48029150300,0.010792
48029150400,0.047275
48029150501,0.039733
48029150502,0.004014
48029150600,0.040638
48029150700,0.01277
48029150800,0.265275
48029150900,0.036816
48029151000,0.036291
48029151100,0.041929
48029151200,0.031401
48029151301,0.024187
48029151302,0.070492
48029151400,0.075095
48029151500,0.092215
48029151600,0.011167
48029151700,0.036039
48029151900,0.081982
48029152000,0.025545
48029152100,0.2647
48029152201,0.079557
48029152202,0.113097
48029160100,0.013941
48029160200,0.037188
48029160300,0.115468
48029160400,0.008392
48029160501,0.009511
48029160502,0.066514
48029160600,0.005299
48029160701,0.025835
48029160702,0.006932
48029160901,0.11649
48029160902,0.018448
48029161000,0.103519
48029161100,0.030335
48029161200,0.025655
48029161302,0.175828
48029161303,0.014291
48029161304,0.015297
48029161400,0.168724
48029161501,0.033962
48029161503,0.092368
48029161504,0.00455
48029161600,0.017216
48029161801,0.024204
48029161802,0.025454
48029161901,0.044793
48029161902,0.04639
48029162001,0.1311
48029162003,0.157355
48029162004,0.071799
48029170101,0.16681
48029170102,0.007603
48029170200,0.009883
48029170300,0.014171
48029170401,0.021672
48029170402,0.010145
48029170500,0.166491
48029170600,0.015429
48029170700,0.006839
48029170800,0.005385
48029170900,0.008869
48029171000,0.008193
48029171100,0.007798
48029171200,0.025103
48029171301,0.007097
48029171302,0.010773
48029171401,0.003644
48029171402,0.044929
48029171501,0.008266
48029171502,0.006306
48029171601,0.008937
48029171602,0.043654
48029171700,0.021769
48029171801,0.011456
48029171802,0.026597
48029171903,0.01399
48029171912,0.012278
48029171913,0.145528
48029171914,0.012012
48029171915,0.02653
48029171916,0.025891
48029171917,0.016038
48029171918,0.008902
48029171919,0.022723
48029171920,0.004982
48029171921,0.068941
48029171922,0.011302
48029171923,0.072774
48029171924,0.010871
48029171926,0.014665
48029171927,0.011845
48029171928,0.006894
48029171929,0.004853
48029172002,0.100929
48029172003,0.032295
48029172004,0.008137
48029172005,0.013447
48029172006,0.024642
48029172008,0.01558
48029172009,0.036536
48029180101,0.008875
48029180102,0.006671
48029180201,0.029824
48029180202,0.009881
48029180300,0.04986
48029180400,0.245684
48029180501,0.115169
48029180503,0.013529
48029180504,0.00736
48029180602,0.025203
48029180603,0.033781
48029180604,0.113127
48029180701,0.045334
48029180702,0.01097
48029180800,0.020203
48029180901,0.015717
48029180902,0.019308
48029181001,0.024476
48029181003,0.079788
48029181004,0.058287
48029181005,0.034676
48029181100,0.009304
48029181200,0.010954
48029181301,0.052884
48029181302,0.023711
48029181303,0.096123
48029181402,0.059678
48029181403,0.287015
48029181404,0.123644
48029181503,0.02671
48029181504,0.017931
48029181505,0.01148
48029181506,0.03703
48029181601,0.028195
48029181602,0.01427
48029181703,0.033322
48029181704,0.061426
48029181705,0.040674
48029181711,0.007792
48029181712,0.043898
48029181713,0.009084
48029181715,0.004926
48029181716,0.037024
48029181718,0.006315
48029181720,0.035123
48029181721,0.032631
48029181722,0.004384
48029181723,0.013928
48029181724,0.129274
48029181725,0.026229
48029181726,0.009332
48029181727,0.013498
48029181729,0.006651
48029181730,0.021224
48029181731,0.004851
48029181732,0.026501
48029181733,0.003456
48029181808,0.009656
48029181809,0.016176
48029181811,0.074687
48029181813,0.012346
48029181814,0.013415
48029181815,0.083922
48029181816,0.009673
48029181817,0.016481
48029181818,0.007308
48029181819,0.013299
48029181820,0.01722
48029181821,0.027502
48029181822,0.029468
48029181823,0.034145
48029181824,0.00301
48029181825,0.029289
48029181826,0.015086
48029181901,0.024038
48029181902,0.015162
48029182001,0.031355
48029182002,0.067257
48029182003,0.019791
48029182101,0.057491
48029182102,0.030059
48029182103,0.099667
48029182105,0.086361
48029182106,0.068153
48029190100,0.01667
48029190200,0.009432
48029190400,0.012526
48029190501,0.022477
48029190503,0.012321
48029190504,0.04028
48029190601,0.055853
48029190603,0.010282
48029190604,0.011877
48029190700,0.014461
48029190800,0.037877
48029190901,0.01604
48029190902,0.049762
48029191003,0.005895
48029191004,0.008291
48029191005,0.054657
48029191006,0.010477
48029191101,0.018755
48029191102,0.016467
48029191201,0.00972
48029191202,0.016734
48029191303,0.014792
48029191304,0.013623
48029191405,0.00763
48029191406,0.036887
48029191408,0.021988
48029191409,0.025569
48029191410,0.054407
48029191411,0.010327
48029191412,0.007666
48029191413,0.018476
48029191503,0.017643
48029191504,0.055168
48029191505,0.018466
48029191506,0.037059
48029191701,0.187689
48029191702,0.019806
48029191804,0.008348
48029191806,0.017703
48029191807,0.012257
48029191808,0.031839
48029191809,0.056134
48029191810,0.011253
48029191811,0.011611
48029191812,0.009615
48029191813,0.011678
48029191814,0.018049
48029191815,0.047298
48029191816,0.056075
48029191818,0.027694
48029191819,0.008143
48029191900,0.04908
48029192000,0.036082
48029192100,0.021526
48029192200,0.130299
48029192300,0.025535
48029980001,0.099113
48029980002,0.215979
48029980003,0.027891
48029980004,0.114463
48029980005,0.022233
48029980100,0.027339
48031950101,0.085396
48031950102,0.080212
48031950201,0.152981
48031950202,0.081495
48033950100,0.21723
48035950100,0.063621
48035950200,0.141551
48035950300,0.247774
48035950400,0.137723
48035950500,0.030682
48035950600,0.244406
48035950700,0.052521
48039660100,0.051394
48039660200,0.095291
48039660301,0.060795
48039660302,0.00726
48039660303,0.043058
48039660401,0.022027
48039660402,0.005468
48039660403,0.081977
48039660501,0.250256
48039660502,0.012983
48039660503,0.062498
48039660504,0.011173
48039660603,0.007799
48039660604,0.007945
48039660605,0.005859
48039660606,0.033401
48039660607,0.021689
48039660608,0.031698
48039660609,0.005332
48039660610,0.054484
48039660611,0.038715
48039660612,0.013511
48039660613,0.008316
48039660614,0.215158
48039660615,0.011558
48039660616,0.004866
48039660703,0.019696
48039660704,0.029293
48039660705,0.011131
48039660706,0.038974
48039660707,0.009451
48039660708,0.05201
48039660803,0.004751
48039660804,0.108195
48039660805,0.00747
48039660806,0.036063
48039660901,0.10167
48039660902,0.054195
48039661000,0.159711
48039661100,0.122865
48039661200,0.132977
48039661300,0.137526
48039661400,0.029161
48039661501,0.133079
48039661502,0.088579
48039661601,0.264035
48039661602,0.091248
48039661700,0.130091
48039661800,0.107676
48039661901,0.043125
48039661902,0.023953
48039662000,0.046996
48039662100,0.088635
48039662200,0.142492
48039662300,0.194036
48039662400,0.203032
48039662500,0.055986
48039662600,0.200617
48039662700,0.06469
48039662800,0.012489
48039662900,0.153913
48039663000,0.203164
48039663100,0.103478
48039663200,0.010493
48039663300,0.019839
48039663400,0.052478
48039663500,0.015939
48039663600,0.020713
48039663700,0.060623
48039663800,0.070643
48039663900,0.069058
48039664000,0.082077
48039664100,0.040574
48039664200,0.064475
48039664300,0.048882
48039664400,0.058336
48039664501,0.025426
48039990000,0.0354
48041000103,0.271418
48041000104,0.138635
48041000105,0.004919
48041000106,0.174293
48041000107,0.018431
48041000108,0.203275
48041000203,0.04621
48041000204,0.025729
48041000205,0.085467
48041000206,0.020366
48041000207,0.070509
48041000301,0.044676
48041000302,0.051304
48041000401,0.069713
48041000402,0.040289
48041000501,0.128465
48041000502,0.025808
48041000603,0.013034
48041000605,0.008537
48041000606,0.013814
48041000700,0.009766
48041000800,0.038699
48041000900,0.017127
48041001001,0.023447
48041001002,0.03057
48041001101,0.010601
48041001102,0.026745
48041001301,0.018618
48041001302,0.054864
48041001303,0.074693
48041001401,0.042669
48041001604,0.006184
48041001605,0.026592
48041001606,0.028936
48041001607,0.100112
48041001608,0.005168
48041001702,0.081059
48041001703,0.074353
48041001704,0.071083
48041001801,0.027232
48041001803,0.005483
48041001804,0.018927
48041001901,0.048141
48041001902,0.021553
48041002001,0.105621
48041002006,0.041979
48041002009,0.048015
48041002010,0.106113
48041002011,0.020462
48041002014,0.020576
48041002016,0.077734
48041002017,0.027567
48041002018,0.015338
48041002019,0.013396
48041002020,0.023286
48041002021,0.009543
48041002022,0.015329
48041002023,0.016846
48041002024,0.019351
48041002025,0.053457
48041002026,0.235052
48041002100,0.014446
48041980000,0.007992
48047950100,0.145518
48047950200,0.080579
48049950100,0.040662
48049950201,0.055363
48049950202,0.216632
48049950300,0.136022
48049950500,0.02691
48049950600,0.087975
48049950700,0.038809
48049950800,0.059486
48049950900,0.017394
48049951000,0.017077
48049951100,0.038698
48049951200,0.099612
48049951300,0.041951
48051970100,0.106805
48051970201,0.111433
48051970202,0.058089
48051970300,0.144239
48051970400,0.090992
48051970501,0.175501
48051970502,0.039701
48053960101,0.019034
48053960102,0.041915
48053960200,0.141782
48053960301,0.179791
48053960302,0.154685
48053960401,0.117698
48053960402,0.060453
48053960501,0.057671
48053960502,0.046435
48053960600,0.022403
48053960701,0.07117
48053960702,0.050031
48053960801,0.136446
48053960802,0.206264
48053960803,0.026578
48055960102,0.025417
48055960103,0.115151
48055960104,0.176596
48055960200,0.054531
48055960300,0.165497
48055960400,0.057966
48055960501,0.097268
48055960502,0.114419
48055960600,0.168742
48055960701,0.074776
48055960702,0.095508
48057000100,0.096509
48057000200,0.153196
48057000300,0.288716
48057000401,0.149238
48057000402,0.227155
48057000501,0.163428
48057000502,0.159498
48057990000,0.038086
48059030101,0.030207
48059030102,0.025489
48059030200,0.075227
48061010101,0.013217
48061010102,0.288933
48061010103,0.061529
48061010201,0.035113
48061010204,0.065324
48061010205,0.115984
48061010301,0.088608
48061010303,0.024493
48061010304,0.024678
48061010403,0.254963
48061010404,0.012827
48061010405,0.028816
48061010406,0.027793
48061010500,0.115354
48061010602,0.341855
48061010603,0.078778
48061010604,0.108644
48061010700,0.053188
48061010801,0.044711
48061010802,0.061734
48061010900,0.175587
48061011000,0.052523
48061011100,0.074372
48061011200,0.138633
48061011301,0.114915
48061011302,0.340063
48061011401,0.098405
48061011402,0.227564
48061011500,0.122764
48061011601,0.016609
48061011602,0.028134
48061011701,0.110183
48061011702,0.104608
48061011801,0.081245
48061011802,0.006028
48061011903,0.016701
48061011904,0.037309
48061011905,0.269836
48061011906,0.032505
48061011907,0.044706
48061011908,0.017416
48061012002,0.037121
48061012003,0.021195
48061012004,0.03306
48061012103,0.023932
48061012104,0.016082
48061012105,0.012139
48061012106,0.004228
48061012201,0.034542
48061012202,0.014954
48061012203,0.008857
48061012301,0.022768
48061012304,0.07578
48061012305,0.098856
48061012402,0.114286
48061012403,0.03402
48061012404,0.068272
48061012506,0.068013
48061012508,0.042987
48061012509,0.018146
48061012510,0.06105
48061012511,0.149002
48061012512,0.345825
48061012513,0.110912
48061012514,0.005289
48061012515,0.021141
48061012516,0.008361
48061012517,0.005782
48061012607,0.02453
48061012608,0.135634
48061012613,0.077356
48061012614,0.035034
48061012615,0.009113
48061012616,0.003653
48061012617,0.014693
48061012700,0.144818
48061012800,0.022556
48061012900,0.290035
48061013002,0.021436
48061013003,0.05107
48061013004,0.15857
48061013102,0.039366
48061013104,0.008909
48061013106,0.075677
48061013203,0.245345
48061013204,0.022518
48061013205,0.105731
48061013206,0.124521
48061013207,0.047653
48061013303,0.255151
48061013305,0.018387
48061013306,0.016285
48061013307,0.026317
48061013308,0.03683
48061013309,0.013192
48061013401,0.096219
48061013402,0.076684
48061013500,0.084879
48061013600,0.337425
48061013700,0.088574
48061013801,0.004778
48061013802,0.013566
48061013901,0.052793
48061013902,0.098144
48061013903,0.02563
48061014001,0.013931
48061014002,0.023876
48061014101,0.005942
48061014102,0.084966
48061014103,0.02124
48061014201,0.127471
48061014202,0.082559
48061014300,0.286187
48061014401,0.044788
48061014402,0.020626
48061014403,0.010516
48061014404,0.004762
48061014501,0.009084
48061014502,0.003231
48061980001,0.164162
48061980100,0.510742
48063950101,0.045368
48063950102,0.240235
48063950200,0.120859
48073950100,0.177152
48073950201,0.108721
48073950202,0.265444
48073950301,0.138355
48073950302,0.1327
48073950400,0.198116
48073950500,0.219817
48073950600,0.169033
48073950700,0.216912
48073950801,0.128926
48073950802,0.173991
48073950900,0.155782
48073951000,0.125738
48073951100,0.162511
48077030302,0.070855
48081950100,0.083147
48081950200,0.18673
48083950300,0.118211
48083950600,0.17373
48083950700,0.047745
48085030101,0.021875
48085030102,0.069239
48085030201,0.043455
48085030202,0.029508
48085030204,0.199449
48085030205,0.130337
48085030206,0.124205
48085030207,0.08551
48085030301,0.014318
48085030302,0.005287
48085030303,0.033832
48085030304,0.019509
48085030306,0.032013
48085030307,0.034864
48085030403,0.036533
48085030404,0.013817
48085030405,0.016136
48085030406,0.00931
48085030407,0.043178
48085030409,0.013662
48085030410,0.021629
48085030504,0.033849
48085030505,0.025629
48085030506,0.022646
48085030507,0.047021
48085030509,0.005736
48085030510,0.00549
48085030511,0.010875
48085030512,0.019537
48085030515,0.007949
48085030516,0.005814
48085030517,0.022702
48085030518,0.006892
48085030519,0.018405
48085030520,0.005
48085030521,0.004086
48085030524,0.013762
48085030525,0.005474
48085030529,0.031196
48085030531,0.017275
48085030532,0.0149
48085030533,0.003534
48085030534,0.008707
48085030535,0.014564
48085030536,0.003273
48085030537,0.005417
48085030538,0.023592
48085030539,0.010389
48085030540,0.02397
48085030541,0.007826
48085030542,0.016506
48085030543,0.023571
48085030544,0.01483
48085030545,0.040834
48085030546,0.009714
48085030547,0.023494
48085030548,0.00832
48085030549,0.032197
48085030550,0.006099
48085030604,0.010816
48085030605,0.050377
48085030606,0.028111
48085030607,0.017075
48085030608,0.038211
48085030609,0.00602
48085030701,0.075932
48085030702,0.051229
48085030801,0.025335
48085030802,0.012797
48085030901,0.132584
48085030902,0.02251
48085030903,0.014207
48085031003,0.032774
48085031005,0.029842
48085031006,0.104392
48085031007,0.024143
48085031008,0.004988
48085031101,0.13962
48085031102,0.099046
48085031201,0.018511
48085031202,0.055185
48085031308,0.023465
48085031314,0.010666
48085031318,0.008518
48085031319,0.022403
48085031320,0.014125
48085031321,0.006819
48085031322,0.028293
48085031323,0.002132
48085031324,0.002754
48085031325,0.032452
48085031326,0.013001
48085031327,0.030773
48085031328,0.009338
48085031329,0.00566
48085031330,0.006158
48085031331,0.00493
48085031332,0.036485
48085031333,0.01036
48085031334,0.017805
48085031335,0.06047
48085031336,0.012883
48085031408,0.022984
48085031411,0.006139
48085031412,0.035861
48085031413,0.008655
48085031414,0.006222
48085031415,0.075939
48085031416,0.057786
48085031417,0.007301
48085031418,0.017817
48085031419,0.004108
48085031420,0.007659
48085031421,0.005988
48085031422,0.004266
48085031423,0.020078
48085031424,0.005234
48085031425,0.008705
48085031504,0.002392
48085031507,0.033407
48085031508,0.017556
48085031509,0.006843
48085031510,0.024327
48085031511,0.01622
48085031512,0.00772
48085031611,0.028883
48085031613,0.008471
48085031621,0.028726
48085031622,0.014494
48085031623,0.007514
48085031624,0.029911
48085031625,0.008121
48085031626,0.01179
48085031627,0.008745
48085031628,0.005145
48085031629,0.012029
48085031630,0.007723
48085031631,0.013805
48085031632,0.007393
48085031633,0.020889
48085031634,0.004398
48085031635,0.011498
48085031636,0.010645
48085031639,0.01203
48085031641,0.005594
48085031642,0.007038
48085031643,0.005896
48085031645,0.050761
48085031646,0.008053
48085031647,0.022618
48085031649,0.014971
48085031654,0.017827
48085031655,0.02404
48085031657,0.01896
48085031659,0.02133
48085031660,0.008691
48085031661,0.045025
48085031662,0.016307
48085031663,0.030021
48085031664,0.007261
48085031665,0.043003
48085031666,0.01468
48085031667,0.03733
48085031668,0.027663
48085031669,0.007676
48085031670,0.023619
48085031671,0.044777
48085031672,0.008361
48085031673,0.018363
48085031674,0.009818
48085031675,0.009373
48085031676,0.002637
48085031677,0.007311
48085031678,0.013166
48085031679,0.013628
48085031680,0.015582
48085031681,0.008441
48085031682,0.010302
48085031704,0.018236
48085031706,0.040465
48085031708,0.039072
48085031709,0.020056
48085031711,0.033714
48085031713,0.089234
48085031715,0.057398
48085031716,0.08444
48085031717,0.109915
48085031718,0.012381
48085031719,0.004626
48085031720,0.102198
48085031721,0.031989
48085031722,0.162327
48085031723,0.087633
48085031724,0.05377
48085031806,0.033219
48085031807,0.011776
48085031808,0.012295
48085031809,0.01281
48085031810,0.037285
48085031811,0.040455
48085031812,0.018384
48085031813,0.005137
48085031814,0.006104
48085031815,0.004963
48085031816,0.029032
48085031901,0.009543
48085031902,0.052973
48085031903,0.025548
48085031904,0.028698
48085032003,0.01226
48085032008,0.009636
48085032010,0.013265
48085032012,0.006915
48085032013,0.031739
48085032014,0.003745
48085032015,0.012067
48085032016,0.012496
48085032017,0.009567
48085032018,0.078825
48085032019,0.017382
48089750100,0.103935
48089750200,0.189809
48089750300,0.066517
48089750400,0.092006
48089750500,0.103759
48091310100,0.06161
48091310200,0.007777
48091310301,0.270738
48091310302,0.157072
48091310401,0.051638
48091310404,0.010884
48091310405,0.11188
48091310406,0.047125
48091310501,0.086777
48091310502,0.020498
48091310503,0.143014
48091310603,0.027659
48091310604,0.069949
48091310608,0.02936
48091310609,0.015358
48091310610,0.272428
48091310611,0.03647
48091310612,0.064767
48091310613,0.027072
48091310614,0.023889
48091310702,0.134361
48091310703,0.064162
48091310705,0.140243
48091310706,0.034136
48091310707,0.069292
48091310708,0.037105
48091310801,0.050363
48091310803,0.037639
48091310804,0.03284
48091310901,0.07628
48091310903,0.130136
48091310904,0.053579
48091310905,0.019799
48093950101,0.165343
48093950102,0.132839
48093950200,0.058504
48093950300,0.126767
48093950400,0.141534
48095950300,0.115293
48097000100,0.160648
48097000200,0.085014
48097000400,0.102788
48097000500,0.036863
48097000600,0.167452
48097000701,0.018448
48097000702,0.030741
48097000900,0.036988
48097001100,0.057861
48099010101,0.072453
48099010102,0.044108
48099010201,0.077089
48099010202,0.131972
48099010300,0.154387
48099010400,0.073471
48099010501,0.015748
48099010502,0.025645
48099010503,0.042682
48099010504,0.0474
48099010601,0.006849
48099010603,0.007603
48099010604,0.012155
48099010701,0.019847
48099010702,0.280913
48099010802,0.052465
48099010803,0.040717
48099010804,0.062393
48099980000,0.051533
48105950100,0.10811
48107950100,0.028903
48107950200,0.049751
48107950300,0.047107
48113000100,0.171896
48113000201,0.095405
48113000202,0.075461
48113000300,0.076444
48113000401,0.013006
48113000405,0.075611
48113000407,0.026202
48113000408,0.021181
48113000409,0.065527
48113000410,0.015096
48113000501,0.009423
48113000502,0.026016
48113000503,0.063846
48113000605,0.010664
48113000606,0.0854
48113000607,0.005458
48113000608,0.026708
48113000609,0.008026
48113000610,0.004403
48113000611,0.022498
48113000703,0.115715
48113000704,0.024912
48113000705,0.062491
48113000706,0.17957
48113000801,0.005735
48113000802,0.02701
48113000901,0.037197
48113000902,0.091214
48113001001,0.073035
48113001002,0.036248
48113001101,0.050741
48113001102,0.063471
48113001202,0.045046
48113001203,0.262499
48113001204,0.182082
48113001301,0.016267
48113001302,0.031351
48113001400,0.088575
48113001502,0.022266
48113001503,0.004425
48113001504,0.007684
48113001601,0.0084
48113001602,0.010585
48113001703,0.055159
48113001705,0.01784
48113001801,0.054893
48113001802,0.049276
48113001901,0.053223
48113001902,0.040791
48113002001,0.069441
48113002002,0.006604
48113002100,0.036167
48113002200,0.02036
48113002400,0.063223
48113002500,0.046906
48113002703,0.129684
48113003102,0.031566
48113003103,0.163017
48113003700,0.092144
48113004201,0.027174
48113004202,0.003821
48113004300,0.011424
48113004400,0.024288
48113004500,0.011336
48113004600,0.009849
48113004700,0.022216
48113004800,0.005313
48113005000,0.007449
48113005100,0.012375
48113005200,0.012021
48113005300,0.006
48113005400,0.004097
48113005500,0.017548
48113005600,0.01509
48113005700,0.020182
48113005901,0.026547
48113005902,0.010572
48113006001,0.010011
48113006002,0.025626
48113006100,0.008964
48113006200,0.118847
48113006301,0.013802
48113006302,0.017889
48113006401,0.014549
48113006402,0.046327
48113006501,0.005433
48113006502,0.019577
48113006701,0.003946
48113006702,0.031198
48113006800,0.021068
48113006900,0.01527
48113007101,0.030963
48113007102,0.029684
48113007203,0.024571
48113007204,0.157422
48113007205,0.018243
48113007206,0.046907
48113007301,0.046343
48113007302,0.052604
48113007601,0.021791
48113007604,0.039766
48113007605,0.025358
48113007701,0.038175
48113007702,0.03903
48113007801,0.038228
48113007805,0.010548
48113007809,0.084099
48113007810,0.01324
48113007812,0.008877
48113007815,0.020868
48113007819,0.09401
48113007821,0.028879
48113007822,0.027793
48113007823,0.033771
48113007824,0.011408
48113007825,0.017403
48113007826,0.014635
48113007827,0.046443
48113007828,0.111684
48113007829,0.010589
48113007830,0.103731
48113007831,0.054019
48113007832,0.204396
48113007833,0.01354
48113007834,0.023841
48113007835,0.187149
48113007902,0.058455
48113007903,0.059223
48113007906,0.040948
48113007909,0.057914
48113007910,0.077675
48113007912,0.071425
48113007913,0.052596
48113007914,0.04788
48113007915,0.132615
48113007916,0.051564
48113008000,0.042687
48113008101,0.231015
48113008102,0.137469
48113008200,0.140419
48113008401,0.031474
48113008402,0.007106
48113008500,0.027022
48113008604,0.033128
48113008701,0.033797
48113008703,0.016297
48113008704,0.054325
48113008705,0.039761
48113008801,0.005107
48113008802,0.018527
48113009001,0.04277
48113009002,0.037868
48113009101,0.063752
48113009103,0.004148
48113009104,0.033194
48113009105,0.102294
48113009202,0.011063
48113009203,0.090758
48113009204,0.006901
48113009301,0.019539
48113009303,0.034204
48113009304,0.01887
48113009401,0.008603
48113009402,0.022872
48113009500,0.015451
48113009603,0.021297
48113009604,0.050739
48113009605,0.032637
48113009607,0.012961
48113009608,0.017129
48113009609,0.012824
48113009610,0.071137
48113009611,0.018709
48113009701,0.013171
48113009702,0.006303
48113009802,0.013657
48113009803,0.014758
48113009804,0.015299
48113009900,0.071299
48113010001,0.067875
48113010002,0.16484
48113010003,0.027465
48113010101,0.018061
48113010102,0.013254
48113010500,0.012189
48113010601,0.00933
48113010602,0.060171
48113010701,0.014889
48113010704,0.00672
48113010804,0.00584
48113010805,0.020364
48113010806,0.014507
48113010807,0.005976
48113010808,0.012432
48113010809,0.019826
48113010903,0.015595
48113010904,0.018579
48113010905,0.025164
48113010906,0.014403
48113011002,0.0147
48113011003,0.003435
48113011004,0.03036
48113011101,0.004835
48113011103,0.004618
48113011104,0.00339
48113011105,0.021709
48113011201,0.006337
48113011202,0.015636
48113011300,0.025714
48113011401,0.009797
48113011500,0.05411
48113011601,0.141487
48113011603,0.039407
48113011604,0.019685
48113011701,0.00429
48113011702,0.012916
48113011801,0.011137
48113011802,0.005458
48113011901,0.00339
48113011902,0.044751
48113012000,0.087731
48113012101,0.021606
48113012102,0.010087
48113012206,0.015723
48113012207,0.011032
48113012208,0.088051
48113012209,0.070798
48113012210,0.021736
48113012211,0.016063
48113012212,0.024007
48113012213,0.006983
48113012301,0.094515
48113012302,0.066196
48113012400,0.061519
48113012501,0.155677
48113012502,0.154959
48113012601,0.128365
48113012603,0.105572
48113012604,0.07987
48113012701,0.083674
48113012702,0.166531
48113012801,0.242548
48113012802,0.094111
48113012900,0.09287
48113013005,0.029766
48113013007,0.0511
48113013008,0.005423
48113013009,0.016534
48113013010,0.047327
48113013011,0.025199
48113013012,0.037912
48113013013,0.061609
48113013101,0.014979
48113013102,0.004152
48113013104,0.118706
48113013106,0.01265
48113013107,0.177895
48113013201,0.026322
48113013202,0.04176
48113013300,0.016194
48113013400,0.033738
48113013500,0.002935
48113013605,0.023871
48113013606,0.01281
48113013607,0.0065
48113013608,0.014945
48113013609,0.016775
48113013610,0.006812
48113013611,0.040825
48113013615,0.133621
48113013617,0.055404
48113013618,0.045687
48113013619,0.007886
48113013620,0.066292
48113013621,0.232717
48113013622,0.122093
48113013624,0.046945
48113013625,0.091794
48113013626,0.120382
48113013627,0.19931
48113013628,0.022877
48113013629,0.065589
48113013630,0.388744
48113013631,0.136318
48113013715,0.007667
48113013716,0.019856
48113013717,0.003337
48113013718,0.00739
48113013719,0.049538
48113013720,0.03102
48113013721,0.012077
48113013722,0.017774
48113013725,0.25374
48113013726,0.010986
48113013727,0.010267
48113013728,0.005836
48113013729,0.022367
48113013804,0.018658
48113013805,0.009964
48113013806,0.016322
48113013807,0.019361
48113013808,0.028023
48113013901,0.010163
48113013902,0.005578
48113014001,0.02346
48113014002,0.020204
48113014119,0.014921
48113014120,0.006665
48113014121,0.017623
48113014123,0.019004
48113014124,0.030059
48113014126,0.014073
48113014128,0.006496
48113014130,0.01761
48113014132,0.001964
48113014134,0.035971
48113014135,0.012469
48113014138,0.008705
48113014139,0.00776
48113014140,0.015318
48113014141,0.007648
48113014142,0.004207
48113014143,0.048758
48113014144,0.025305
48113014145,0.035403
48113014146,0.017503
48113014147,0.024131
48113014148,0.017115
48113014149,0.00562
48113014150,0.078374
48113014151,0.018775
48113014152,0.134179
48113014153,0.024709
48113014154,0.006003
48113014155,0.010594
48113014156,0.012341
48113014157,0.013921
48113014158,0.003993
48113014159,0.029973
48113014160,0.020889
48113014161,0.019817
48113014203,0.015195
48113014204,0.006945
48113014205,0.055178
48113014207,0.041726
48113014208,0.041496
48113014209,0.038646
48113014306,0.009124
48113014308,0.013086
48113014309,0.061738
48113014310,0.00668
48113014313,0.055669
48113014314,0.006757
48113014315,0.022957
48113014316,0.161909
48113014317,0.016766
48113014318,0.005808
48113014319,0.082825
48113014320,0.052284
48113014405,0.014325
48113014406,0.022883
48113014407,0.017168
48113014408,0.023561
48113014409,0.035736
48113014410,0.013574
48113014501,0.015814
48113014502,0.018596
48113014601,0.008241
48113014602,0.015297
48113014603,0.006377
48113014701,0.018068
48113014704,0.012063
48113014903,0.071359
48113015001,0.018373
48113015002,0.030571
48113015101,0.00513
48113015102,0.005237
48113015202,0.075321
48113015205,0.029694
48113015206,0.004004
48113015207,0.164418
48113015208,0.005601
48113015303,0.025595
48113015304,0.052418
48113015305,0.009812
48113015306,0.004914
48113015403,0.030742
48113015404,0.059822
48113015405,0.030141
48113015406,0.033848
48113015500,0.033744
48113015600,0.022775
48113015700,0.040998
48113015900,0.057227
48113016001,0.053735
48113016002,0.007054
48113016100,0.034242
48113016201,0.006529
48113016203,0.071934
48113016204,0.006993
48113016301,0.125685
48113016302,0.025036
48113016406,0.014009
48113016407,0.015932
48113016409,0.013488
48113016410,0.016621
48113016412,0.018901
48113016414,0.022042
48113016415,0.003621
48113016416,0.004791
48113016417,0.006188
48113016418,0.138139
48113016419,0.025077
48113016420,0.004535
48113016421,0.157793
48113016511,0.009155
48113016513,0.010757
48113016516,0.002769
48113016517,0.013496
48113016518,0.009863
48113016519,0.010661
48113016521,0.10356
48113016522,0.090213
48113016524,0.020725
48113016525,0.010768
48113016526,0.018966
48113016527,0.011125
48113016528,0.005802
48113016529,0.002194
48113016530,0.026587
48113016531,0.021812
48113016532,0.017144
48113016533,0.041644
48113016534,0.026669
48113016535,0.034728
48113016536,0.010371
48113016607,0.030037
48113016610,0.00711
48113016615,0.005299
48113016616,0.015355
48113016617,0.006911
48113016618,0.008348
48113016619,0.009072
48113016620,0.008754
48113016621,0.008765
48113016622,0.015912
48113016623,0.007833
48113016624,0.033794
48113016626,0.007386
48113016627,0.00818
48113016628,0.024335
48113016629,0.051627
48113016630,0.005548
48113016631,0.012126
48113016632,0.148902
48113016633,0.010783
48113016634,0.063256
48113016635,0.060283
48113016636,0.015758
48113016637,0.020725
48113016638,0.013871
48113016704,0.110077
48113016706,0.01851
48113016707,0.017451
48113016708,0.018074
48113016709,0.02454
48113016710,0.012633
48113016711,0.035579
48113016802,0.082469
48113016803,0.007622
48113016805,0.011903
48113016806,0.008158
48113016902,0.031481
48113016903,0.021305
48113017005,0.046159
48113017006,0.025519
48113017007,0.015848
48113017008,0.125722
48113017009,0.042432
48113017010,0.004728
48113017101,0.030938
48113017102,0.101648
48113017201,0.013267
48113017203,0.063514
48113017204,0.03968
48113017307,0.037929
48113017308,0.003525
48113017309,0.012309
48113017310,0.005632
48113017311,0.01374
48113017312,0.006039
48113017313,0.025932
48113017314,0.00522
48113017315,0.012879
48113017400,0.005215
48113017500,0.076023
48113017602,0.010333
48113017604,0.06426
48113017605,0.00805
48113017606,0.022194
48113017703,0.010567
48113017704,0.020756
48113017705,0.041382
48113017706,0.009812
48113017805,0.025585
48113017806,0.024093
48113017808,0.041765
48113017811,0.070764
48113017812,0.083474
48113017814,0.052956
48113017815,0.006419
48113017816,0.038522
48113017817,0.052207
48113017818,0.018261
48113017819,0.053356
48113017820,0.047395
48113017900,0.072782
48113018001,0.065432
48113018002,0.077695
48113018105,0.015228
48113018110,0.010243
48113018111,0.115366
48113018120,0.005498
48113018121,0.007746
48113018126,0.111881
48113018127,0.09291
48113018128,0.114263
48113018129,0.054219
48113018130,0.058289
48113018132,0.02741
48113018133,0.138041
48113018134,0.038962
48113018135,0.010888
48113018137,0.028342
48113018138,0.008621
48113018140,0.054583
48113018141,0.04067
48113018142,0.029699
48113018143,0.040659
48113018144,0.014109
48113018145,0.04096
48113018146,0.00812
48113018147,0.003692
48113018148,0.021929
48113018149,0.019542
48113018150,0.004534
48113018151,0.018953
48113018152,0.031337
48113018153,0.007027
48113018154,0.035702
48113018155,0.007962
48113018156,0.042823
48113018157,0.013276
48113018158,0.176881
48113018159,0.014701
48113018203,0.025208
48113018204,0.012468
48113018205,0.001956
48113018206,0.006396
48113018300,0.01254
48113018401,0.036781
48113018402,0.047185
48113018403,0.101336
48113018501,0.067165
48113018505,0.051081
48113018506,0.018914
48113018507,0.012093
48113018508,0.022995
48113018600,0.0087
48113018700,0.152596
48113018801,0.00969
48113018802,0.02635
48113018900,0.022068
48113019013,0.00912
48113019016,0.136444
48113019018,0.004168
48113019019,0.048091
48113019020,0.036104
48113019023,0.005023
48113019024,0.007962
48113019025,0.310815
48113019026,0.011792
48113019027,0.014353
48113019028,0.004299
48113019029,0.026415
48113019031,0.014747
48113019032,0.01569
48113019033,0.020939
48113019034,0.009435
48113019035,0.008171
48113019036,0.248989
48113019037,0.00859
48113019039,0.016165
48113019040,0.01437
48113019041,0.014097
48113019042,0.015452
48113019044,0.019191
48113019045,0.030657
48113019046,0.006414
48113019047,0.002991
48113019048,0.00707
48113019049,0.034435
48113019050,0.040035
48113019051,0.048036
48113019052,0.014928
48113019053,0.126604
48113019101,0.023126
48113019102,0.102194
48113019202,0.054114
48113019203,0.010848
48113019205,0.010108
48113019208,0.015219
48113019210,0.023061
48113019211,0.017589
48113019212,0.015077
48113019213,0.101695
48113019214,0.00548
48113019215,0.016585
48113019216,0.008616
48113019301,0.076725
48113019302,0.043723
48113019400,0.006348
48113019501,0.175627
48113019502,0.093986
48113019600,0.021131
48113019700,0.011571
48113019800,0.031747
48113019900,0.023541
48113020000,0.014363
48113020100,0.072967
48113020200,0.066502
48113020300,0.017309
48113020401,0.051055
48113020402,0.022183
48113020500,0.004197
48113020600,0.018412
48113020700,0.015766
48113020800,0.017005
48113020900,0.015664
48113021000,0.006696
48113021100,0.098229
48113021200,0.032368
48113980000,0.103705
48113980100,0.148947
48113980200,0.002639
48115950401,0.115439
48115950402,0.132324
48115950500,0.185299
48115950600,0.110734
48119950100,0.047472
48119950200,0.089212
48121020109,0.010323
48121020110,0.018115
48121020111,0.032822
48121020112,0.085212
48121020115,0.006933
48121020116,0.016722
48121020117,0.09083
48121020118,0.101908
48121020119,0.006085
48121020120,0.022715
48121020121,0.066962
48121020122,0.030044
48121020123,0.082058
48121020124,0.006042
48121020125,0.051006
48121020126,0.007994
48121020127,0.015821
48121020128,0.054134
48121020129,0.027201
48121020130,0.037457
48121020131,0.036124
48121020132,0.043982
48121020133,0.005185
48121020134,0.01605
48121020135,0.086764
48121020136,0.132588
48121020137,0.066245
48121020203,0.01403
48121020204,0.066964
48121020205,0.046467
48121020206,0.102033
48121020207,0.101451
48121020208,0.007557
48121020305,0.051882
48121020310,0.040483
48121020311,0.035952
48121020312,0.017562
48121020313,0.019435
48121020314,0.050992
48121020315,0.065226
48121020316,0.060754
48121020317,0.025151
48121020318,0.060657
48121020319,0.095693
48121020320,0.040171
48121020321,0.023466
48121020322,0.039545
48121020402,0.142329
48121020403,0.020395
48121020404,0.08238
48121020405,0.062535
48121020504,0.010551
48121020505,0.05845
48121020506,0.074672
48121020507,0.009062
48121020508,0.178341
48121020601,0.067223
48121020603,0.149542
48121020604,0.006508
48121020605,0.04339
48121020700,0.008146
48121020800,0.070806
48121020900,0.013683
48121021000,0.009822
48121021100,0.035931
48121021202,0.026652
48121021203,0.159428
48121021204,0.010382
48121021301,0.222869
48121021304,0.0139
48121021305,0.061711
48121021306,0.058928
48121021307,0.007515
48121021410,0.015846
48121021411,0.106421
48121021412,0.228039
48121021413,0.117735
48121021414,0.083552
48121021415,0.091359
48121021416,0.005555
48121021417,0.019781
48121021418,0.012195
48121021419,0.01532
48121021420,0.02414
48121021421,0.029957
48121021422,0.007264
48121021423,0.011249
48121021502,0.060865
48121021505,0.017992
48121021512,0.017822
48121021513,0.03556
48121021514,0.006853
48121021516,0.008333
48121021517,0.207816
48121021518,0.027097
48121021520,0.006301
48121021521,0.073232
48121021522,0.016641
48121021526,0.013375
48121021528,0.011225
48121021529,0.005352
48121021530,0.021892
48121021531,0.013897
48121021532,0.013345
48121021533,0.003
48121021534,0.009444
48121021535,0.037045
48121021536,0.050638
48121021537,0.03867
48121021538,0.004439
48121021539,0.01443
48121021540,0.004571
48121021611,0.019804
48121021612,0.012633
48121021613,0.008268
48121021614,0.008819
48121021615,0.015148
48121021616,0.005714
48121021618,0.020493
48121021619,0.012553
48121021620,0.034352
48121021621,0.018861
48121021622,0.009281
48121021626,0.02733
48121021630,0.005895
48121021631,0.0178
48121021632,0.005908
48121021633,0.007416
48121021634,0.029239
48121021635,0.008621
48121021637,0.016854
48121021638,0.00522
48121021639,0.014147
48121021640,0.004095
48121021641,0.043665
48121021642,0.056103
48121021643,0.010882
48121021644,0.017028
48121021645,0.075089
48121021646,0.037033
48121021647,0.025841
48121021648,0.002738
48121021649,0.069099
48121021650,0.029968
48121021651,0.010519
48121021652,0.008504
48121021653,0.027598
48121021654,0.066297
48121021655,0.023931
48121021715,0.010585
48121021716,0.033417
48121021717,0.006432
48121021719,0.021883
48121021720,0.017548
48121021721,0.003919
48121021722,0.012032
48121021723,0.014966
48121021724,0.007666
48121021725,0.035179
48121021726,0.008203
48121021727,0.007919
48121021728,0.098707
48121021729,0.012091
48121021730,0.004929
48121021731,0.006018
48121021732,0.310558
48121021733,0.0458
48121021734,0.06178
48121021735,0.014564
48121021736,0.019194
48121021737,0.047892
48121021738,0.039638
48121021739,0.071832
48121021740,0.017488
48121021741,0.002309
48121021742,0.022856
48121021743,0.071208
48121021744,0.014568
48121021745,0.011521
48121021746,0.023359
48121021748,0.026486
48121021749,0.013566
48121021750,0.015471
48121021751,0.008757
48121021752,0.003764
48121021754,0.026132
48121021755,0.008972
48121021756,0.062919
48121021757,0.043961
48121021758,0.012177
48121021759,0.038562
48121021800,0.01477
48121021900,0.00686
48123970100,0.063135
48123970201,0.206056
48123970202,0.119686
48123970300,0.10919
48123970400,0.065138
48123970500,0.119215
48125950300,0.094427
48127950201,0.115862
48127950202,0.135629
48127950400,0.160951
48131950100,0.094192
48131950200,0.103879
48131950500,0.072306
48133950100,0.077268
48133950201,0.074246
48133950202,0.08062
48133950301,0.133186
48133950302,0.121978
48133950400,0.063421
48133950500,0.02945
48137950300,0.122406
48139060103,0.034869
48139060104,0.023773
48139060105,0.044393
48139060106,0.022
48139060206,0.103871
48139060207,0.041198
48139060209,0.01676
48139060211,0.020076
48139060212,0.024856
48139060215,0.033577
48139060216,0.108759
48139060217,0.013041
48139060218,0.00535
48139060219,0.044689
48139060220,0.012525
48139060221,0.008262
48139060300,0.009081
48139060400,0.107845
48139060500,0.049883
48139060601,0.107693
48139060602,0.030838
48139060702,0.054742
48139060704,0.0712
48139060801,0.022376
48139060802,0.051155
48139060803,0.047598
48139060900,0.01428
48139061000,0.121725
48139061100,0.041031
48139061200,0.092884
48139061300,0.046973
48139061401,0.055112
48139061402,0.019348
48139061500,0.065667
48139061600,0.066945
48139061700,0.065606
48143950100,0.105557
48143950201,0.098301
48143950203,0.024893
48143950204,0.028448
48143950301,0.065331
48143950302,0.073731
48143950401,0.170547
48143950402,0.055623
48143950501,0.101422
48143950502,0.116849
48143950600,0.135711
48143950700,0.144089
48145000200,0.159966
48145000300,0.170485
48145000400,0.121514
48145000500,0.057103
48145000700,0.058281
48145000800,0.050249
48147950100,0.049169
48147950300,0.079406
48147950401,0.225353
48147950402,0.114439
48147950500,0.179123
48147950600,0.254494
48147950701,0.058441
48147950702,0.102142
48147950800,0.069334
48149970100,0.059651
48149970200,0.132333
48149970301,0.120051
48149970302,0.045504
48149970400,0.09929
48149970500,0.061735
48149970601,0.054054
48149970602,0.103663
48149970700,0.09418
48151950300,0.038161
48151950400,0.178166
48155950100,0.043038
48157670101,0.014413
48157670102,0.027417
48157670201,0.003664
48157670202,0.03636
48157670300,0.064174
48157670400,0.008631
48157670500,0.096811
48157670602,0.006261
48157670603,0.006984
48157670604,0.004503
48157670700,0.076136
48157670801,0.187978
48157670802,0.020245
48157670803,0.021393
48157670804,0.246605
48157670902,0.20678
48157670903,0.166201
48157670904,0.011844
48157671001,0.007063
48157671002,0.010766
48157671101,0.064838
48157671102,0.010054
48157671200,0.007159
48157671300,0.025329
48157671401,0.022173
48157671402,0.023388
48157671501,0.008497
48157671502,0.047789
48157671601,0.022858
48157671602,0.019908
48157671700,0.019619
48157671800,0.0207
48157671900,0.010178
48157672002,0.058326
48157672003,0.008392
48157672004,0.005799
48157672100,0.095678
48157672201,0.071834
48157672202,0.055379
48157672303,0.030523
48157672304,0.005685
48157672305,0.037214
48157672306,0.0103
48157672401,0.055651
48157672402,0.029138
48157672500,0.014637
48157672602,0.006049
48157672603,0.004045
48157672604,0.008259
48157672701,0.008859
48157672702,0.006442
48157672703,0.013754
48157672801,0.056267
48157672802,0.100656
48157672901,0.017295
48157672902,0.005665
48157672903,0.054
48157672904,0.05268
48157672905,0.027407
48157672906,0.019865
48157672907,0.005265
48157673004,0.008855
48157673005,0.016825
48157673006,0.012154
48157673007,0.025533
48157673008,0.006182
48157673009,0.045351
48157673010,0.012293
48157673103,0.046473
48157673104,0.009994
48157673105,0.029695
48157673106,0.021757
48157673107,0.008703
48157673108,0.010668
48157673109,0.014963
48157673110,0.007127
48157673111,0.00869
48157673112,0.016052
48157673113,0.004235
48157673201,0.004606
48157673202,0.022574
48157673300,0.024949
48157673401,0.011154
48157673402,0.0203
48157673403,0.024742
48157673404,0.026624
48157673501,0.039121
48157673502,0.009808
48157673600,0.029265
48157673700,0.081353
48157673801,0.217258
48157673802,0.080111
48157673902,0.028934
48157673903,0.029115
48157673904,0.254807
48157674001,0.006737
48157674002,0.011445
48157674100,0.01055
48157674200,0.010505
48157674301,0.0083
48157674302,0.020408
48157674401,0.004874
48157674402,0.038671
48157674403,0.014603
48157674404,0.041105
48157674503,0.005979
48157674504,0.013836
48157674505,0.036852
48157674506,0.009296
48157674507,0.04413
48157674508,0.059031
48157674601,0.037987
48157674602,0.069066
48157674603,0.016742
48157674604,0.025524
48157674701,0.15836
48157674702,0.027532
48157674800,0.026758
48157674900,0.232785
48157675000,0.104109
48157675101,0.013002
48157675102,0.04942
48157675200,0.195213
48157675300,0.187622
48157675401,0.172855
48157675402,0.179748
48157675501,0.069915
48157675502,0.016893
48157675503,0.0072
48157675600,0.024368
48157675701,0.047765
48157675702,0.029212
48157675800,0.074475
48159950101,0.085955
48159950102,0.088231
48159950200,0.122522
48159950300,0.123254
48161000101,0.05465
48161000102,0.242238
48161000200,0.166208
48161000300,0.107861
48161000400,0.074518
48161000600,0.049173
48161000700,0.100418
48161000900,0.218287
48163950101,0.026435
48163950102,0.056002
48163950201,0.144692
48163950202,0.063377
48163950301,0.164209
48163950302,0.14575
48167720100,0.009949
48167720200,0.021186
48167720301,0.044688
48167720302,0.007722
48167720400,0.049876
48167720501,0.011654
48167720504,0.005106
48167720505,0.034398
48167720506,0.006036
48167720507,0.010254
48167720508,0.021021
48167720509,0.120029
48167720510,0.036374
48167720511,0.033419
48167720512,0.004569
48167720601,0.025912
48167720602,0.008882
48167720603,0.00603
48167720604,0.015595
48167720605,0.038208
48167720701,0.069555
48167720702,0.067424
48167720703,0.024672
48167720800,0.020517
48167720900,0.100454
48167721101,0.024669
48167721203,0.077958
48167721204,0.006853
48167721205,0.012812
48167721206,0.099051
48167721209,0.122987
48167721301,0.006333
48167721302,0.015952
48167721401,0.006117
48167721403,0.007833
48167721501,0.087106
48167721502,0.041613
48167721901,0.010601
48167723300,0.071189
48167723401,0.138296
48167723402,0.032565
48167723403,0.08771
48167723503,0.215131
48167723504,0.275665
48167723505,0.034495
48169950101,0.063659
48169950102,0.060064
48169980000,0.269598
48171950100,0.105326
48171950200,0.036322
48171950301,0.228485
48171950302,0.129765
48171950401,0.105594
48171950402,0.253431
48171950500,0.175515
48173950100,0.090802
48175960100,0.16664
48175960200,0.069874
48177000100,0.175192
48177000200,0.086169
48177000300,0.17301
48177000400,0.165812
48177000500,0.135836
48177000600,0.04416
48181000101,0.104672
48181000102,0.130871
48181000302,0.057638
48181000304,0.067053
48181000600,0.102267
48181000700,0.200512
48181000800,0.010481
48181000901,0.174845
48181000903,0.031696
48181000904,0.028712
48181001101,0.073348
48181001103,0.12388
48181001104,0.100262
48181001200,0.008768
48181001300,0.178003
48181001400,0.089307
48181001500,0.094078
48181001700,0.015536
48181001801,0.044435
48181001802,0.043201
48181001803,0.12023
48181001901,0.096562
48181001902,0.035052
48181002000,0.035612
48183010100,0.048126
48183010201,0.164737
48183010202,0.058579
48183010401,0.106804
48183010402,0.117041
48183010700,0.066009
48185180101,0.074479
48185180102,0.105886
48185180201,0.130932
48185180202,0.113382
48185180302,0.102194
48185180303,0.020517
48185180304,0.097773
48185180400,0.076249
48187210100,0.125033
48187210200,0.091935
48187210300,0.196566
48187210400,0.092842
48187210505,0.127464
48187210506,0.130631
48187210508,0.071662
48187210509,0.250957
48187210510,0.155794
48187210511,0.152269
48187210512,0.223736
48187210513,0.053927
48187210603,0.016175
48187210606,0.016555
48187210608,0.146138
48187210609,0.008963
48187210610,0.030594
48187210611,0.004484
48187210612,0.075643
48187210613,0.011367
48187210614,0.029359
48187210705,0.027338
48187210706,0.022061
48187210707,0.021146
48187210709,0.026686
48187210710,0.041886
48187210711,0.018922
48187210712,0.009696
48187210713,0.002505
48187210715,0.010977
48187210716,0.003616
48187210717,0.006865
48187210718,0.011066
48187210803,0.024831
48187210804,0.045647
48187210805,0.059521
48187210806,0.142789
48187210902,0.069564
48187210903,0.118551
48187210904,0.232912
48187210905,0.024745
48193950100,0.055039
48193950200,0.115126
48193950300,0.067481
48201100001,0.102712
48201210400,0.007562
48201210500,0.005041
48201210600,0.011314
48201210700,0.007794
48201210800,0.01829
48201210900,0.02279
48201211000,0.025553
48201211101,0.035946
48201211102,0.004572
48201211200,0.004066
48201211301,0.019476
48201211302,0.032885
48201211400,0.007056
48201211501,0.059965
48201211502,0.02649
48201211600,0.045861
48201211700,0.039071
48201211900,0.006257
48201212300,0.021852
48201212400,0.017431
48201212500,0.034505
48201220100,0.021527
48201220200,0.007784
48201220300,0.021306
48201220400,0.028425
48201220500,0.02833
48201220600,0.0128
48201220701,0.048744
48201220702,0.04277
48201220800,0.033853
48201220900,0.057861
48201221000,0.012942
48201221100,0.013434
48201221200,0.008229
48201221301,0.037426
48201221302,0.005525
48201221400,0.010486
48201221501,0.008868
48201221502,0.025168
48201221601,0.008423
48201221602,0.018435
48201221701,0.011347
48201221702,0.036743
48201221800,0.048203
48201221900,0.07263
48201222000,0.015498
48201222100,0.016161
48201222200,0.018506
48201222300,0.017148
48201222401,0.077604
48201222402,0.018497
48201222501,0.010074
48201222502,0.222139
48201222504,0.030571
48201222505,0.015554
48201222601,0.017885
48201222602,0.009939
48201222701,0.010696
48201222702,0.041075
48201222800,0.03278
48201222900,0.02893
48201223001,0.010084
48201223002,0.008182
48201223100,0.028391
48201230100,0.006656
48201230200,0.006127
48201230300,0.011524
48201230400,0.00638
48201230500,0.025218
48201230600,0.05314
48201230700,0.008827
48201230800,0.0277
48201230900,0.009066
48201231000,0.010836
48201231100,0.09691
48201231200,0.009276
48201231300,0.002471
48201231400,0.004922
48201231500,0.030986
48201231600,0.007993
48201231700,0.057698
48201231800,0.018017
48201231900,0.025534
48201232000,0.011074
48201232100,0.031023
48201232201,0.012607
48201232202,0.027206
48201232203,0.088064
48201232303,0.010866
48201232304,0.059371
48201232305,0.036947
48201232306,0.033291
48201232402,0.018998
48201232403,0.046131
48201232404,0.032418
48201232405,0.046447
48201232500,0.120733
48201232600,0.0189
48201232701,0.026342
48201232703,0.048696
48201232704,0.033659
48201232801,0.055296
48201232802,0.013687
48201232901,0.027477
48201232902,0.042302
48201233001,0.032701
48201233002,0.021671
48201233003,0.016297
48201233101,0.016931
48201233103,0.084193
48201233104,0.148828
48201233105,0.037225
48201233200,0.022492
48201233300,0.053153
48201233400,0.014497
48201233501,0.016452
48201233502,0.032671
48201233600,0.033533
48201233701,0.051105
48201233702,0.019201
48201233703,0.056527
48201240101,0.016193
48201240102,0.046608
48201240400,0.018878
48201240503,0.033875
48201240504,0.006674
48201240505,0.012947
48201240506,0.005687
48201240600,0.01543
48201240703,0.025366
48201240704,0.01812
48201240705,0.008827
48201240706,0.043522
48201240707,0.03072
48201240802,0.00906
48201240803,0.022971
48201240804,0.019793
48201240903,0.046295
48201240904,0.01371
48201240905,0.016159
48201240906,0.013847
48201241001,0.040002
48201241002,0.007622
48201241101,0.015428
48201241103,0.008781
48201241104,0.011747
48201241105,0.191813
48201241201,0.013243
48201241202,0.23101
48201241301,0.02243
48201241302,0.01562
48201241400,0.034012
48201241501,0.032099
48201241502,0.025422
48201241503,0.047368
48201250101,0.028319
48201250102,0.092469
48201250201,0.018455
48201250202,0.022272
48201250303,0.088407
48201250304,0.053216
48201250305,0.019235
48201250306,0.084023
48201250403,0.052461
48201250404,0.00837
48201250405,0.031752
48201250406,0.054783
48201250407,0.125108
48201250408,0.007743
48201250500,0.017859
48201250601,0.055088
48201250602,0.059392
48201250701,0.014932
48201250702,0.009402
48201250801,0.01227
48201250802,0.032618
48201250901,0.022953
48201250902,0.021709
48201251000,0.062487
48201251100,0.019037
48201251200,0.019491
48201251300,0.010077
48201251401,0.031555
48201251402,0.006232
48201251501,0.009273
48201251503,0.005058
48201251504,0.002536
48201251505,0.009565
48201251600,0.050648
48201251701,0.007395
48201251702,0.023605
48201251800,0.360311
48201251902,0.034545
48201251903,0.05688
48201251904,0.009791
48201252001,0.004782
48201252002,0.039176
48201252003,0.055673
48201252100,0.020723
48201252201,0.140238
48201252202,0.127952
48201252303,0.005394
48201252304,0.119689
48201252305,0.018017
48201252306,0.015889
48201252400,0.031188
48201252500,0.140665
48201252601,0.035956
48201252602,0.107377
48201252700,0.079335
48201252800,0.023121
48201252901,0.03052
48201252902,0.012496
48201253000,0.072672
48201253202,0.021276
48201253300,0.010995
48201253502,0.031047
48201310101,0.014324
48201310102,0.012465
48201310200,0.014697
48201310300,0.003662
48201310400,0.00879
48201310500,0.017799
48201310600,0.008067
48201310700,0.043205
48201310800,0.017848
48201310900,0.007625
48201311001,0.073362
48201311002,0.121051
48201311100,0.015379
48201311200,0.042876
48201311300,0.010053
48201311400,0.007355
48201311501,0.04463
48201311502,0.018281
48201311600,0.027792
48201311701,0.029969
48201311702,0.043794
48201311800,0.040423
48201311900,0.014648
48201312000,0.046197
48201312200,0.041178
48201312300,0.0114
48201312400,0.013777
48201312501,0.018004
48201312502,0.011327
48201312601,0.099539
48201312602,0.031901
48201312603,0.01926
48201312700,0.020765
48201312800,0.015004
48201312901,0.014287
48201312902,0.007812
48201313000,0.026209
48201313101,0.02292
48201313102,0.085189
48201313201,0.036507
48201313202,0.023148
48201313300,0.005681
48201313400,0.006486
48201313500,0.014287
48201313600,0.014795
48201313700,0.039029
48201313801,0.025797
48201313802,0.025356
48201313901,0.040956
48201313902,0.010125
48201314001,0.053591
48201314003,0.104715
48201314004,0.034038
48201314005,0.021336
48201314301,0.092366
48201314302,0.039132
48201314401,0.129732
48201314402,0.21583
48201320100,0.010661
48201320201,0.032261
48201320202,0.013696
48201320500,0.028211
48201320601,0.011157
48201320602,0.013173
48201320700,0.042275
48201320800,0.133312
48201320901,0.034819
48201320902,0.011776
48201321001,0.02751
48201321002,0.054799
48201321101,0.045512
48201321102,0.026077
48201321200,0.037458
48201321301,0.027269
48201321302,0.086292
48201321401,0.020509
48201321402,0.119202
48201321500,0.065574
48201321600,0.038586
48201321700,0.010606
48201321800,0.038393
48201321900,0.011939
48201322000,0.061264
48201322100,0.012222
48201322200,0.008692
48201322600,0.058255
48201322701,0.022322
48201322702,0.026878
48201322800,0.025811
48201322900,0.010776
48201323000,0.018868
48201323100,0.017462
48201323200,0.022395
48201323300,0.01293
48201323400,0.020674
48201323500,0.03367
48201323601,0.02177
48201323602,0.059316
48201323701,0.035938
48201323702,0.041782
48201323801,0.007946
48201323802,0.010585
48201323900,0.035904
48201324000,0.030758
48201324101,0.088356
48201324102,0.261452
48201324200,0.086957
48201330101,0.05275
48201330102,0.012647
48201330200,0.009251
48201330301,0.055968
48201330302,0.029289
48201330303,0.019845
48201330400,0.043603
48201330500,0.017226
48201330600,0.01456
48201330700,0.042542
48201330801,0.051055
48201330802,0.093619
48201330901,0.013254
48201330902,0.008544
48201331100,0.01826
48201331200,0.016921
48201331300,0.045317
48201331400,0.046734
48201331501,0.169802
48201331502,0.0085
48201331602,0.004982
48201331603,0.011661
48201331604,0.006739
48201331700,0.042499
48201331800,0.01902
48201331900,0.028832
48201332000,0.016806
48201332100,0.033253
48201332200,0.005775
48201332300,0.020606
48201332400,0.009371
48201332500,0.010155
48201332600,0.006385
48201332700,0.031849
48201332800,0.046814
48201332900,0.018902
48201333000,0.030385
48201333100,0.01072
48201333201,0.027673
48201333203,0.009347
48201333204,0.020488
48201333205,0.068804
48201333301,0.06063
48201333302,0.010824
48201333501,0.033778
48201333502,0.244488
48201333600,0.070444
48201333700,0.057179
48201333801,0.076341
48201333802,0.008466
48201333903,0.020957
48201333904,0.020277
48201333905,0.011142
48201333906,0.018154
48201334001,0.011393
48201334002,0.081439
48201334003,0.030996
48201334101,0.032299
48201334102,0.062155
48201340101,0.065603
48201340102,0.013517
48201340201,0.156574
48201340202,0.029841
48201340203,0.019656
48201340301,0.015889
48201340302,0.017708
48201340400,0.017302
48201340501,0.013583
48201340502,0.053985
48201340600,0.016321
48201340701,0.019576
48201340702,0.014809
48201340800,0.01126
48201340900,0.048021
48201341001,0.068842
48201341002,0.045378
48201341101,0.023306
48201341102,0.03364
48201341201,0.029002
48201341203,0.070663
48201341204,0.051059
48201341302,0.093607
48201341303,0.024676
48201341304,0.077846
48201341400,0.040678
48201341501,0.012919
48201341502,0.049765
48201342001,0.011776
48201342002,0.037407
48201342100,0.017907
48201342200,0.058154
48201342300,0.009794
48201342400,0.064954
48201342500,0.094127
48201342700,0.045423
48201342801,0.030113
48201342802,0.114594
48201342900,0.011678
48201343000,0.031076
48201343100,0.061576
48201343200,0.022287
48201343301,0.02067
48201343302,0.029671
48201343601,0.263251
48201343700,0.131135
48201350101,0.045131
48201350102,0.011411
48201350103,0.004006
48201350104,0.034269
48201350201,0.012824
48201350202,0.042531
48201350300,0.014958
48201350400,0.015277
48201350500,0.01335
48201350601,0.01834
48201350603,0.005661
48201350604,0.010115
48201350700,0.005384
48201350801,0.011325
48201350803,0.018652
48201350804,0.008504
48201410101,0.014721
48201410102,0.054148
48201410201,0.060541
48201410202,0.035623
48201410300,0.029613
48201410401,0.189389
48201410402,0.032295
48201410501,0.086023
48201410502,0.094966
48201410601,0.039875
48201410602,0.020425
48201410703,0.013388
48201410704,0.099719
48201410705,0.020364
48201410706,0.007662
48201410801,0.041289
48201410802,0.013888
48201410900,0.16167
48201411001,0.095686
48201411002,0.044542
48201411003,0.025593
48201411100,0.038137
48201411200,0.111695
48201411301,0.074232
48201411302,0.136363
48201411400,0.017248
48201411503,0.024128
48201411504,0.059608
48201411505,0.020177
48201411506,0.063782
48201411507,0.099399
48201411600,0.029731
48201411700,0.017975
48201411801,0.025958
48201411802,0.021573
48201411901,0.039452
48201411902,0.024605
48201412000,0.050895
48201412201,0.025097
48201412202,0.012139
48201412300,0.075881
48201412400,0.014888
48201412500,0.034276
48201412600,0.041118
48201412700,0.007609
48201412800,0.024367
48201412901,0.107347
48201412902,0.029467
48201413000,0.017557
48201413100,0.031325
48201413203,0.015929
48201413204,0.094805
48201413205,0.054378
48201413206,0.041548
48201413301,0.015136
48201413302,0.007372
48201420100,0.015964
48201420200,0.011446
48201420300,0.005901
48201420400,0.032486
48201420500,0.029862
48201420600,0.06164
48201420700,0.004283
48201420800,0.005719
48201420900,0.01477
48201421000,0.079918
48201421101,0.007717
48201421103,0.004976
48201421104,0.014489
48201421203,0.055611
48201421204,0.011501
48201421205,0.007446
48201421206,0.003006
48201421301,0.001807
48201421302,0.005984
48201421401,0.030127
48201421402,0.056516
48201421403,0.024116
48201421501,0.009064
48201421502,0.00798
48201421601,0.011913
48201421602,0.064516
48201421700,0.006742
48201421801,0.02866
48201421802,0.015344
48201421900,0.016148
48201422000,0.004938
48201422100,0.096258
48201422200,0.027894
48201422302,0.015894
48201422303,0.019957
48201422304,0.027113
48201422403,0.007401
48201422404,0.028551
48201422405,0.023305
48201422406,0.003344
48201422501,0.019834
48201422502,0.006597
48201422601,0.010349
48201422602,0.006885
48201422701,0.005261
48201422702,0.005715
48201422800,0.007194
48201422900,0.006422
48201423001,0.021933
48201423002,0.033527
48201423100,0.043257
48201423201,0.025427
48201423203,0.00446
48201423204,0.029789
48201423301,0.018617
48201423303,0.007033
48201423304,0.009556
48201423401,0.022168
48201423402,0.005142
48201423500,0.031854
48201423600,0.024111
48201430101,0.016545
48201430102,0.012002
48201430200,0.014817
48201430300,0.012024
48201430400,0.007095
48201430500,0.094912
48201430600,0.004546
48201430700,0.076341
48201430800,0.039536
48201430900,0.050142
48201431001,0.010729
48201431002,0.021009
48201431101,0.047736
48201431102,0.020266
48201431203,0.020332
48201431204,0.022439
48201431205,0.012843
48201431206,0.025376
48201431302,0.014863
48201431303,0.012865
48201431304,0.068966
48201431401,0.01398
48201431403,0.081219
48201431404,0.027906
48201431503,0.043274
48201431504,0.017692
48201431505,0.054506
48201431506,0.013084
48201431600,0.01688
48201431701,0.030007
48201431702,0.040871
48201431801,0.017543
48201431803,0.005415
48201431804,0.064778
48201431901,0.0249
48201431902,0.024352
48201432003,0.014538
48201432004,0.021088
48201432005,0.141698
48201432006,0.004183
48201432101,0.064961
48201432102,0.084054
48201432200,0.012757
48201432301,0.053381
48201432302,0.029953
48201432303,0.043579
48201432401,0.004986
48201432402,0.011569
48201432501,0.012935
48201432502,0.013904
48201432600,0.008375
48201432703,0.0344
48201432704,0.010536
48201432705,0.008474
48201432706,0.004837
48201432803,0.007005
48201432804,0.019584
48201432805,0.014319
48201432806,0.033667
48201432901,0.05435
48201432903,0.025492
48201432904,0.042757
48201433003,0.022974
48201433004,0.017821
48201433005,0.041472
48201433006,0.019299
48201433007,0.00444
48201433100,0.050417
48201433201,0.058787
48201433202,0.008196
48201433300,0.006317
48201433400,0.006585
48201433503,0.040859
48201433504,0.019976
48201433505,0.030806
48201433506,0.026146
48201433507,0.032746
48201433601,0.017012
48201433602,0.004862
48201440101,0.005458
48201440102,0.030889
48201450100,0.020038
48201450200,0.017487
48201450301,0.006509
48201450302,0.017729
48201450401,0.049579
48201450402,0.040444
48201450500,0.023436
48201450600,0.013244
48201450700,0.019299
48201450801,0.02301
48201450803,0.027202
48201450804,0.069742
48201450900,0.074941
48201451003,0.017365
48201451004,0.032163
48201451005,0.015578
48201451006,0.047643
48201451100,0.018526
48201451200,0.016662
48201451301,0.006592
48201451302,0.007574
48201451401,0.008354
48201451404,0.035123
48201451405,0.018905
48201451406,0.011066
48201451407,0.014685
48201451501,0.033401
48201451502,0.197283
48201451603,0.017002
48201451604,0.06377
48201451605,0.011868
48201451606,0.032957
48201451700,0.054986
48201451800,0.01312
48201451902,0.012716
48201451903,0.050738
48201451904,0.008818
48201452001,0.009206
48201452002,0.013479
48201452101,0.016315
48201452102,0.01562
48201452103,0.018952
48201452202,0.034151
48201452203,0.052044
48201452204,0.053107
48201452300,0.050555
48201452401,0.029012
48201452402,0.010267
48201452501,0.00704
48201452502,0.034916
48201452601,0.01331
48201452602,0.007607
48201452701,0.006239
48201452702,0.003263
48201452703,0.038724
48201452801,0.039435
48201452802,0.031521
48201452900,0.051884
48201453001,0.042675
48201453002,0.020235
48201453100,0.01561
48201453201,0.013504
48201453202,0.022886
48201453300,0.014831
48201453401,0.024995
48201453403,0.006415
48201453404,0.052913
48201453405,0.004882
48201453501,0.020069
48201453502,0.005546
48201453601,0.038314
48201453603,0.05637
48201453604,0.006764
48201453701,0.008089
48201453702,0.015409
48201453800,0.039813
48201453901,0.007193
48201453902,0.034781
48201454000,0.013927
48201454100,0.008383
48201454200,0.026668
48201454302,0.005608
48201454303,0.020434
48201454304,0.008947
48201454305,0.011445
48201454400,0.08663
48201454502,0.008265
48201454503,0.023048
48201454504,0.008383
48201454505,0.069567
48201454600,0.015687
48201454700,0.157707
48201454801,0.058815
48201454802,0.009602
48201454901,0.019341
48201454902,0.007502
48201455000,0.017827
48201455102,0.015135
48201455103,0.247613
48201455104,0.041296
48201455200,0.021832
48201455300,0.053605
48201510100,0.056974
48201510201,0.048347
48201510202,0.009994
48201510301,0.054854
48201510302,0.01745
48201510400,0.018768
48201510500,0.016345
48201510601,0.049403
48201510602,0.030073
48201510701,0.013023
48201510702,0.026544
48201510801,0.108387
48201510802,0.014809
48201510803,0.082106
48201510901,0.042037
48201510902,0.070713
48201511001,0.015811
48201511003,0.021028
48201511004,0.010874
48201511100,0.024425
48201511201,0.038802
48201511202,0.010821
48201511301,0.022211
48201511302,0.130049
48201511400,0.068915
48201511501,0.021435
48201511502,0.010478
48201511600,0.018901
48201520100,0.012064
48201520200,0.021486
48201520301,0.004979
48201520302,0.008052
48201520400,0.029875
48201520501,0.014793
48201520502,0.007205
48201520601,0.006418
48201520603,0.023203
48201520604,0.008595
48201520700,0.017452
48201521000,0.076236
48201521100,0.005538
48201521201,0.022512
48201521202,0.019774
48201521300,0.008998
48201521401,0.035681
48201521402,0.015951
48201521501,0.02312
48201521502,0.045069
48201521600,0.266999
48201521701,0.046913
48201521702,0.090414
48201521800,0.012104
48201521900,0.0062
48201522001,0.023254
48201522002,0.003733
48201522101,0.003587
48201522102,0.005698
48201522201,0.008873
48201522202,0.009578
48201522301,0.049016
48201522302,0.010011
48201522401,0.007535
48201522402,0.019775
48201522500,0.011623
48201530101,0.037123
48201530102,0.020062
48201530200,0.016063
48201530300,0.009595
48201530400,0.040387
48201530501,0.063427
48201530502,0.0025
48201530600,0.029207
48201530701,0.092647
48201530702,0.030185
48201530800,0.006551
48201530900,0.01298
48201531000,0.0089
48201531100,0.00895
48201531200,0.001961
48201531300,0.00597
48201531400,0.005096
48201531500,0.017052
48201531600,0.005097
48201531700,0.063022
48201531800,0.038313
48201531900,0.018304
48201532003,0.004855
48201532004,0.015311
48201532101,0.015583
48201532102,0.04006
48201532200,0.012222
48201532301,0.03832
48201532302,0.011609
48201532400,0.028226
48201532502,0.017196
48201532503,0.038171
48201532504,0.041892
48201532600,0.019644
48201532700,0.044639
48201532800,0.008056
48201532900,0.052651
48201533000,0.001913
48201533100,0.00444
48201533200,0.002565
48201533301,0.012913
48201533302,0.031038
48201533401,0.02312
48201533402,0.005728
48201533500,0.020199
48201533600,0.029444
48201533701,0.014334
48201533702,0.012825
48201533802,0.009663
48201533803,0.358027
48201533804,0.060767
48201533902,0.031387
48201533903,0.046203
48201533904,0.051245
48201534001,0.068134
48201534002,0.007704
48201534003,0.041311
48201534101,0.029326
48201534102,0.018039
48201534201,0.053194
48201534203,0.015915
48201534204,0.045399
48201534205,0.01653
48201540101,0.021675
48201540102,0.02064
48201540200,0.057173
48201540502,0.0129
48201540503,0.11739
48201540504,0.077466
48201540601,0.019575
48201540602,0.010155
48201540700,0.077112
48201540800,0.019662
48201540901,0.010955
48201540903,0.052034
48201540904,0.147836
48201541004,0.075055
48201541005,0.01706
48201541006,0.017696
48201541007,0.01646
48201541008,0.051213
48201541009,0.032213
48201541100,0.005441
48201541203,0.018907
48201541204,0.055816
48201541205,0.028674
48201541206,0.007625
48201541207,0.04719
48201541301,0.020076
48201541302,0.014019
48201541401,0.072013
48201541402,0.028388
48201541403,0.017854
48201541404,0.013458
48201541500,0.012357
48201541603,0.021343
48201541604,0.017082
48201541701,0.073635
48201541702,0.015942
48201541703,0.108806
48201541801,0.060999
48201541802,0.073736
48201541901,0.003854
48201541902,0.025073
48201542001,0.049095
48201542002,0.008999
48201542003,0.044853
48201542004,0.016469
48201542103,0.016835
48201542104,0.02605
48201542105,0.027793
48201542106,0.005581
48201542107,0.049184
48201542108,0.046067
48201542201,0.013812
48201542202,0.039605
48201542203,0.025786
48201542302,0.008099
48201542303,0.019233
48201542304,0.011079
48201542305,0.004596
48201542401,0.072292
48201542402,0.010039
48201542500,0.064249
48201542600,0.018538
48201542700,0.015637
48201542800,0.007007
48201542901,0.014582
48201542902,0.018148
48201543004,0.018903
48201543005,0.012145
48201543006,0.01898
48201543007,0.019284
48201543008,0.04136
48201543009,0.042836
48201543010,0.050226
48201543011,0.006593
48201543100,0.084294
48201543201,0.008533
48201543202,0.053041
48201550101,0.017419
48201550102,0.026739
48201550201,0.018572
48201550202,0.008389
48201550303,0.01069
48201550304,0.050547
48201550305,0.011796
48201550306,0.034725
48201550307,0.006924
48201550308,0.006564
48201550403,0.071607
48201550404,0.446378
48201550405,0.010239
48201550406,0.021801
48201550407,0.030106
48201550500,0.005932
48201550601,0.023411
48201550602,0.033635
48201550603,0.064239
48201550700,0.057986
48201550800,0.021929
48201550901,0.008613
48201550902,0.003584
48201551000,0.425351
48201551101,0.051797
48201551102,0.053145
48201551201,0.009586
48201551202,0.158218
48201551300,0.031393
48201551400,0.122178
48201551501,0.004636
48201551502,0.027281
48201551601,0.056383
48201551602,0.021967
48201551702,0.024138
48201551703,0.039193
48201551704,0.015197
48201551705,0.072422
48201551800,0.02721
48201551901,0.010631
48201551902,0.047105
48201552002,0.016742
48201552003,0.035625
48201552004,0.08611
48201552101,0.048706
48201552102,0.018702
48201552103,0.035663
48201552200,0.015153
48201552301,0.010021
48201552303,0.025675
48201552304,0.035127
48201552401,0.032017
48201552402,0.012919
48201552501,0.063316
48201552502,0.014522
48201552602,0.0661
48201552603,0.054266
48201552604,0.062211
48201552701,0.045061
48201552702,0.009342
48201552801,0.168072
48201552802,0.070655
48201552901,0.029027
48201552902,0.013783
48201553001,0.020496
48201553002,0.007999
48201553101,0.039639
48201553102,0.003682
48201553201,0.012324
48201553202,0.044979
48201553300,0.042327
48201553401,0.00598
48201553403,0.016727
48201553404,0.020849
48201553405,0.017779
48201553500,0.186988
48201553601,0.022205
48201553602,0.005654
48201553700,0.01925
48201553801,0.005988
48201553803,0.028269
48201553804,0.010309
48201553901,0.010026
48201554001,0.015175
48201554002,0.010345
48201554103,0.007373
48201554104,0.046031
48201554201,0.066061
48201554202,0.01248
48201554301,0.013682
48201554302,0.104523
48201554404,0.095369
48201554405,0.042001
48201554406,0.003547
48201554407,0.007954
48201554408,0.092624
48201554409,0.146799
48201554410,0.049378
48201554501,0.013507
48201554502,0.010306
48201554600,0.033439
48201554701,0.046672
48201554702,0.01165
48201554803,0.011218
48201554804,0.016325
48201554805,0.006203
48201554806,0.028661
48201554807,0.098314
48201554808,0.100395
48201554809,0.022878
48201554902,0.048518
48201554904,0.090329
48201554905,0.012623
48201554906,0.012132
48201554907,0.02929
48201554908,0.027645
48201555001,0.012267
48201555002,0.016695
48201555101,0.024787
48201555102,0.046252
48201555200,0.012089
48201555301,0.023053
48201555303,0.01451
48201555304,0.012016
48201555305,0.017496
48201555401,0.014185
48201555403,0.047425
48201555404,0.027641
48201555501,0.0536
48201555503,0.041183
48201555504,0.004304
48201555505,0.021545
48201555600,0.091486
48201555701,0.055116
48201555703,0.019025
48201555704,0.007064
48201556000,0.059135
48201556100,0.060171
48201980000,0.278088
48201980100,0.262341
48201980200,0.090217
48201980300,0.094634
48201980400,0.135828
48201980700,0.073894
48207950300,0.085511
48207950400,0.065743
48209010100,0.105866
48209010200,0.075823
48209010302,0.134136
48209010305,0.124594
48209010306,0.094456
48209010307,0.078008
48209010308,0.163911
48209010309,0.091434
48209010401,0.028099
48209010402,0.028691
48209010500,0.034697
48209010601,0.010577
48209010602,0.167412
48209010603,0.090441
48209010702,0.050529
48209010703,0.168515
48209010704,0.230486
48209010806,0.064721
48209010807,0.046831
48209010809,0.243289
48209010810,0.109833
48209010811,0.045176
48209010812,0.209059
48209010813,0.008273
48209010814,0.024758
48209010815,0.290701
48209010816,0.266773
48209010817,0.268809
48209010818,0.051238
48209010905,0.028887
48209010909,0.02698
48209010911,0.017846
48209010912,0.038761
48209010913,0.024006
48209010914,0.029422
48209010915,0.008663
48209010916,0.019685
48209010917,0.086445
48209010918,0.013017
48209010919,0.055106
48209010920,0.104049
48209010921,0.019233
48209010922,0.112283
48209010923,0.019937
48209010924,0.018237
48209010925,0.032811
48213950101,0.023993
48213950102,0.014344
48213950201,0.00602
48213950202,0.088666
48213950301,0.133148
48213950302,0.218761
48213950303,0.109689
48213950400,0.242521
48213950500,0.055999
48213950601,0.164719
48213950603,0.147981
48213950604,0.3124
48213950700,0.157969
48213950801,0.220355
48213950802,0.17132
48213950902,0.074924
48213950903,0.265013
48213950904,0.193878
48213950905,0.236278
48213951000,0.101565
48213951101,0.015397
48213951102,0.132849
48213951201,0.156347
48213951202,0.163651
48213951300,0.123111
48213951401,0.072222
48213951402,0.056011
48213951403,0.008066
48215020103,0.050216
48215020104,0.029178
48215020105,0.051477
48215020106,0.180168
48215020107,0.328642
48215020108,0.008773
48215020205,0.20265
48215020206,0.05489
48215020207,0.01194
48215020208,0.151596
48215020209,0.092549
48215020210,0.096365
48215020211,0.339869
48215020303,0.004584
48215020304,0.107329
48215020305,0.04508
48215020306,0.17636
48215020307,0.251198
48215020403,0.123544
48215020405,0.022726
48215020406,0.005689
48215020407,0.048068
48215020408,0.059152
48215020409,0.051824
48215020505,0.310912
48215020506,0.030063
48215020507,0.048182
48215020508,0.324281
48215020509,0.004694
48215020510,0.127649
48215020511,0.024919
48215020512,0.137416
48215020513,0.149358
48215020600,0.05539
48215020724,0.084881
48215020725,0.014992
48215020727,0.004715
48215020728,0.011395
48215020729,0.136072
48215020730,0.186082
48215020731,0.010985
48215020732,0.057403
48215020733,0.021065
48215020734,0.01191
48215020735,0.006763
48215020736,0.00996
48215020804,0.086091
48215020805,0.105095
48215020806,0.168519
48215020807,0.031313
48215020808,0.047199
48215020905,0.026659
48215020906,0.075756
48215020907,0.048023
48215020908,0.071875
48215020909,0.120721
48215020910,0.027416
48215021001,0.043876
48215021002,0.118382
48215021003,0.150536
48215021100,0.049771
48215021201,0.040177
48215021203,0.059803
48215021204,0.036219
48215021306,0.050951
48215021307,0.024059
48215021308,0.114039
48215021309,0.244181
48215021310,0.257331
48215021311,0.036701
48215021312,0.140827
48215021313,0.026147
48215021314,0.040674
48215021315,0.189603
48215021401,0.119508
48215021405,0.08119
48215021406,0.004932
48215021407,0.193979
48215021408,0.113386
48215021409,0.157513
48215021500,0.082163
48215021600,0.025313
48215021703,0.021273
48215021704,0.041696
48215021705,0.046943
48215021706,0.019303
48215021707,0.043962
48215021803,0.037639
48215021804,0.073833
48215021807,0.094905
48215021808,0.286357
48215021809,0.051902
48215021810,0.041185
48215021903,0.153588
48215021904,0.031991
48215021905,0.089977
48215021906,0.062982
48215022005,0.207419
48215022006,0.013614
48215022007,0.004977
48215022008,0.141364
48215022009,0.017122
48215022010,0.144046
48215022011,0.030734
48215022105,0.333141
48215022107,0.120643
48215022108,0.043082
48215022109,0.014909
48215022110,0.005973
48215022111,0.019772
48215022112,0.033122
48215022113,0.119373
48215022203,0.242741
48215022204,0.055166
48215022205,0.022909
48215022206,0.036005
48215022301,0.335726
48215022302,0.038517
48215022401,0.037284
48215022402,0.007382
48215022502,0.014384
48215022503,0.026984
48215022504,0.017076
48215022600,0.019005
48215022703,0.240881
48215022704,0.187758
48215022705,0.015643
48215022706,0.022007
48215022801,0.159084
48215022802,0.055937
48215022900,0.07127
48215023000,0.0484
48215023103,0.111979
48215023104,0.010742
48215023105,0.043256
48215023106,0.024635
48215023516,0.181271
48215023517,0.059863
48215023518,0.052249
48215023519,0.004213
48215023520,0.054062
48215023521,0.018847
48215023522,0.037096
48215023523,0.0481
48215023524,0.013625
48215023525,0.030328
48215023526,0.090056
48215023527,0.006153
48215023528,0.14313
48215023529,0.005764
48215023530,0.017144
48215023531,0.021617
48215023532,0.006541
48215023533,0.007857
48215023534,0.061665
48215023535,0.015062
48215023536,0.045632
48215023601,0.072616
48215023602,0.022446
48215023700,0.148464
48215023803,0.019428
48215023804,0.192996
48215023805,0.015081
48215023806,0.092827
48215023903,0.273734
48215023905,0.007442
48215023906,0.029809
48215023907,0.073794
48215023908,0.034638
48215024001,0.117303
48215024002,0.053084
48215024003,0.273532
48215024004,0.033867
48215024107,0.104849
48215024108,0.009015
48215024109,0.03183
48215024115,0.020958
48215024116,0.020226
48215024117,0.141409
48215024118,0.110832
48215024119,0.238076
48215024120,0.037749
48215024121,0.040798
48215024122,0.008805
48215024123,0.009681
48215024124,0.018874
48215024125,0.213335
48215024126,0.077669
48215024127,0.010713
48215024128,0.057141
48215024129,0.137366
48215024130,0.038969
48215024131,0.007931
48215024132,0.059318
48215024204,0.251976
48215024206,0.057138
48215024207,0.029149
48215024208,0.031083
48215024209,0.116008
48215024210,0.274094
48215024211,0.054858
48215024212,0.012157
48215024301,0.054492
48215024302,0.008547
48215024403,0.036518
48215024404,0.027697
48215024405,0.1974
48215024406,0.052257
48215024501,0.018151
48215024502,0.09727
48215024600,0.040952
48215980000,0.216596
48217960100,0.064155
48217960200,0.077056
48217960400,0.038572
48217960501,0.011236
48217960502,0.047354
48217960600,0.074188
48217960700,0.066425
48217960800,0.046142
48217960900,0.077714
48217961000,0.055561
48217961100,0.140814
48217961400,0.045483
48221160100,0.090766
48221160204,0.090931
48221160206,0.128741
48221160210,0.088005
48221160211,0.14433
48221160212,0.121423
48221160213,0.080936
48221160214,0.063233
48221160215,0.250142
48221160216,0.057313
48221160217,0.201809
48221160218,0.257448
48221160302,0.032958
48221160303,0.040906
48223950100,0.06537
48223950200,0.109866
48223950301,0.05562
48223950302,0.153097
48223950401,0.050815
48223950402,0.076669
48223950500,0.137341
48223950600,0.074173
48223950700,0.02331
48223950800,0.06645
48225950101,0.208746
48225950102,0.111724
48225950200,0.264939
48225950300,0.192173
48225950400,0.224977
48225950500,0.109542
48225950600,0.172766
48225950700,0.092984
48227950100,0.097997
48227950200,0.078848
48227950300,0.045008
48227950400,0.069158
48227950500,0.111005
48227950600,0.034692
48227950700,0.012601
48227950801,0.056356
48227950802,0.087555
48227950900,0.066751
48231960100,0.082786
48231960200,0.037146
48231960300,0.017656
48231960400,0.114769
48231960500,0.063174
48231960600,0.12738
48231960700,0.046846
48231960800,0.158831
48231960900,0.175775
48231961000,0.068187
48231961101,0.204261
48231961102,0.084709
48231961200,0.039426
48231961300,0.061761
48231961401,0.107769
48231961402,0.108185
48231961501,0.103646
48231961502,0.145514
48231961503,0.126462
48231961600,0.130269
48231961700,0.04277
48235950100,0.159338
48237950100,0.160443
48237950300,0.207432
48237950500,0.14232
48239950100,0.042746
48239950200,0.112236
48239950300,0.032426
48247950200,0.147403
48247950400,0.035952
48249950101,0.091332
48249950102,0.05235
48249950201,0.118723
48249950202,0.136202
48249950301,0.027289
48249950302,0.06505
48249950303,0.118089
48249950400,0.022689
48249950500,0.0635
48249950600,0.096804
48249950700,0.07995
48251130100,0.093607
48251130205,0.044095
48251130210,0.009662
48251130211,0.02805
48251130212,0.081926
48251130213,0.055579
48251130214,0.132982
48251130215,0.048765
48251130216,0.007181
48251130217,0.007749
48251130218,0.118372
48251130219,0.028638
48251130220,0.02535
48251130221,0.015997
48251130222,0.018855
48251130302,0.060479
48251130303,0.142703
48251130304,0.103985
48251130405,0.007708
48251130406,0.038751
48251130411,0.044794
48251130412,0.064707
48251130413,0.162716
48251130414,0.160279
48251130415,0.128758
48251130416,0.013273
48251130417,0.061041
48251130418,0.010692
48251130419,0.035257
48251130501,0.054378
48251130502,0.012663
48251130602,0.04713
48251130603,0.199419
48251130604,0.113217
48251130700,0.009558
48251130800,0.072696
48251130900,0.05042
48251131000,0.004843
48251131100,0.149565
48253020101,0.193608
48253020102,0.137818
48253020200,0.104008
48253020300,0.038037
48253020400,0.02895
48253020500,0.028884
48255970100,0.124281
48255970200,0.032096
48255970301,0.147109
48255970302,0.150859
48255970400,0.043889
48257050204,0.014853
48257050207,0.008106
48257050208,0.01747
48257050209,0.005759
48257050210,0.017198
48257050211,0.015524
48257050212,0.035917
48257050213,0.012263
48257050214,0.005438
48257050215,0.029756
48257050300,0.264072
48257050401,0.11371
48257050402,0.01973
48257050500,0.083113
48257050601,0.051353
48257050602,0.131634
48257050701,0.066149
48257050703,0.053582
48257050704,0.135071
48257050801,0.052557
48257050802,0.046309
48257051000,0.180644
48257051100,0.090591
48257051201,0.040247
48257051202,0.046524
48257051301,0.079911
48257051302,0.036951
48259970101,0.155503
48259970102,0.01338
48259970301,0.106134
48259970302,0.22601
48259970403,0.131577
48259970404,0.043553
48259970405,0.060677
48259970406,0.067782
48259970500,0.109823
48261950100,0.11202
48263950100,0.113796
48265960101,0.097892
48265960102,0.140447
48265960200,0.017618
48265960301,0.154038
48265960303,0.229066
48265960304,0.075207
48265960401,0.24154
48265960403,0.240431
48265960404,0.20812
48265960500,0.069564
48265960601,0.163201
48265960602,0.218539
48265960700,0.197683
48265960800,0.10451
48267950100,0.070624
48267950200,0.141628
48269950100,0.107415
48271950100,0.019371
48273020101,0.073517
48273020102,0.08481
48273020200,0.065532
48273020301,0.022045
48273020302,0.151995
48273020401,0.066106
48273020402,0.227057
48273020501,0.073256
48273020502,0.072229
48275950100,0.073532
48275950200,0.057755
48277000101,0.118758
48277000102,0.081372
48277000200,0.014707
48277000301,0.055473
48277000302,0.047927
48277000401,0.104274
48277000402,0.248028
48277000500,0.130316
48277000600,0.140511
48277000700,0.082456
48277000800,0.058251
48277000900,0.100224
48277001000,0.041818
48281950100,0.041872
48281950302,0.105794
48281950303,0.154673
48281950304,0.074688
48281950400,0.150029
48281950500,0.103469
48283950301,0.078104
48283950302,0.148663
48285000100,0.053376
48285000200,0.058215
48285000300,0.026747
48285000400,0.109802
48285000500,0.100728
48285000600,0.163096
48287000100,0.028797
48287000200,0.056846
48287000300,0.07721
48287000400,0.054176
48289950101,0.092012
48289950102,0.068417
48289950201,0.05627
48289950202,0.023887
48289950301,0.116458
48289950302,0.207532
48291700100,0.046192
48291700200,0.142049
48291700301,0.04083
48291700302,0.01788
48291700303,0.108578
48291700400,0.156063
48291700500,0.133479
48291700900,0.040936
48291701000,0.089089
48293970100,0.126963
48293970200,0.062263
48293970300,0.234529
48293970400,0.083865
48293970500,0.159683
48293970600,0.087361
48293970700,0.022344
48293970800,0.035109
48297950100,0.135449
48297950200,0.089247
48297950300,0.102705
48297950400,0.147565
48299970100,0.223882
48299970200,0.11566
48299970300,0.152218
48299970401,0.241284
48299970402,0.044698
48299970501,0.024785
48299970502,0.071002
48299970600,0.080967
48303000100,0.014553
48303000201,0.011012
48303000202,0.031701
48303000301,0.007249
48303000303,0.025759
48303000304,0.042746
48303000402,0.07763
48303000403,0.018033
48303000406,0.026486
48303000407,0.076435
48303000408,0.029574
48303000409,0.01153
48303000410,0.098544
48303000411,0.023468
48303000501,0.02686
48303000502,0.098326
48303000503,0.077377
48303000603,0.049349
48303000605,0.02288
48303000607,0.059648
48303000700,0.036951
48303000901,0.037991
48303000902,0.050028
48303001000,0.018025
48303001200,0.016503
48303001300,0.050809
48303001401,0.076041
48303001402,0.131694
48303001501,0.125683
48303001502,0.015143
48303001601,0.032395
48303001602,0.044
48303001708,0.049508
48303001709,0.007809
48303001710,0.027027
48303001711,0.070938
48303001712,0.015449
48303001713,0.015699
48303001714,0.03714
48303001715,0.048679
48303001716,0.007516
48303001717,0.006525
48303001804,0.062592
48303001805,0.036905
48303001806,0.02581
48303001807,0.018381
48303001808,0.017999
48303001904,0.0125
48303001905,0.038709
48303001906,0.015749
48303001907,0.017289
48303001908,0.021765
48303002001,0.016726
48303002002,0.008809
48303002102,0.020826
48303002103,0.011428
48303002104,0.00393
48303002203,0.006094
48303002205,0.026082
48303002206,0.010583
48303002207,0.317148
48303002208,0.038403
48303002301,0.017658
48303002302,0.136241
48303002401,0.03431
48303002402,0.00636
48303002500,0.044389
48303010101,0.071092
48303010102,0.140773
48303010201,0.037797
48303010202,0.05926
48303010203,0.021603
48303010204,0.036195
48303010301,0.033796
48303010302,0.134261
48303010402,0.088344
48303010404,0.03118
48303010409,0.01538
48303010410,0.037676
48303010411,0.011302
48303010412,0.153756
48303010413,0.032381
48303010414,0.009353
48303010415,0.039911
48303010416,0.038719
48303010417,0.01915
48303010418,0.05291
48303010419,0.018633
48303010420,0.052442
48303010421,0.014496
48303010422,0.046354
48303010423,0.02912
48303010502,0.052078
48303010504,0.016266
48303010505,0.021141
48303010506,0.038812
48303010509,0.038461
48303010510,0.035917
48303010511,0.012797
48303010512,0.015864
48303010513,0.079219
48303010514,0.025948
48303010601,0.039637
48303010602,0.270956
48303010700,0.105321
48303980000,0.094379
48305950400,0.083049
48305950500,0.08717
48305950600,0.068939
48307950300,0.098566
48307950400,0.103542
48307950500,0.153418
48309000100,0.054056
48309000200,0.058478
48309000300,0.039232
48309000401,0.040693
48309000402,0.068309
48309000598,0.057853
48309000700,0.014925
48309000800,0.03322
48309000900,0.044136
48309001000,0.006049
48309001100,0.00577
48309001200,0.049785
48309001300,0.017668
48309001401,0.010313
48309001402,0.015166
48309001500,0.011518
48309001600,0.026446
48309001700,0.071937
48309001800,0.099432
48309001900,0.054826
48309002000,0.049689
48309002100,0.074559
48309002302,0.075951
48309002498,0.067732
48309002501,0.084164
48309002503,0.049549
48309002504,0.023606
48309002600,0.008483
48309002700,0.014542
48309002800,0.008442
48309002900,0.041051
48309003000,0.005057
48309003200,0.111345
48309003300,0.038928
48309003401,0.070118
48309003402,0.107724
48309003500,0.074724
48309003601,0.008445
48309003602,0.128568
48309003701,0.211338
48309003703,0.126331
48309003708,0.017087
48309003709,0.040718
48309003710,0.020696
48309003711,0.010038
48309003712,0.044543
48309003801,0.03518
48309003802,0.020208
48309003901,0.159224
48309003902,0.113407
48309004000,0.032305
48309004102,0.007325
48309004104,0.012555
48309004105,0.011795
48309004201,0.034882
48309004202,0.136164
48309004300,0.035324
48309980000,0.04366
48311950100,0.06905
48313000100,0.052583
48313000200,0.159403
48313000300,0.102553
48313000400,0.131714
48317950100,0.077251
48317950200,0.125339
48319950100,0.055609
48319950200,0.073079
48321730100,0.207051
48321730202,0.069165
48321730203,0.118913
48321730204,0.281572
48321730301,0.237722
48321730302,0.309157
48321730303,0.046991
48321730400,0.113364
48321730502,0.049355
48321730503,0.18506
48321730600,0.062001
48321730700,0.045873
48323950204,0.08636
48323950206,0.084759
48323950207,0.040829
48323950208,0.209176
48323950209,0.03524
48323950301,0.081282
48323950302,0.076193
48323950400,0.161812
48323950500,0.038508
48323950601,0.040111
48323950602,0.007439
48323950701,0.071414
48323950702,0.110168
48325000101,0.033154
48325000103,0.104233
48325000104,0.16804
48325000200,0.020774
48325000301,0.099922
48325000302,0.047396
48325000401,0.103745
48325000402,0.035771
48325000500,0.035893
48325000801,0.081137
48325000802,0.139569
48327950300,0.089134
48329010123,0.080571
48329010124,0.103412
48329010128,0.092635
48329010129,0.063841
48331950100,0.020287
48331950300,0.137759
48331950401,0.149391
48331950402,0.121694
48331950500,0.130173
48331950700,0.111495
48331950800,0.049937
48333950100,0.017766
48333950200,0.153796
48335950200,0.097112
48335950400,0.103666
48337950100,0.029566
48337950200,0.107267
48337950401,0.152306
48337950402,0.070768
48337950501,0.111347
48337950502,0.151399
48337950600,0.014458
48339690101,0.011778
48339690102,0.065172
48339690203,0.053941
48339690204,0.014924
48339690205,0.010255
48339690206,0.019706
48339690207,0.230634
48339690300,0.050443
48339690403,0.018611
48339690404,0.187492
48339690405,0.105561
48339690406,0.009457
48339690407,0.01221
48339690408,0.016419
48339690501,0.012505
48339690502,0.012782
48339690503,0.017557
48339690603,0.004648
48339690604,0.008491
48339690605,0.067726
48339690606,0.006479
48339690607,0.011704
48339690608,0.015895
48339690609,0.01151
48339690610,0.036276
48339690701,0.02432
48339690702,0.033123
48339690800,0.020959
48339690900,0.005543
48339691000,0.011059
48339691100,0.006781
48339691201,0.111106
48339691202,0.011055
48339691301,0.009221
48339691302,0.007756
48339691401,0.020639
48339691402,0.06589
48339691403,0.112712
48339691500,0.01119
48339691601,0.009135
48339691602,0.031486
48339691700,0.037111
48339691801,0.015554
48339691802,0.024194
48339691900,0.125494
48339692003,0.042284
48339692004,0.038543
48339692005,0.005273
48339692006,0.017886
48339692007,0.020445
48339692008,0.059833
48339692009,0.006543
48339692010,0.039166
48339692101,0.059342
48339692102,0.182083
48339692103,0.068847
48339692201,0.029628
48339692202,0.013076
48339692301,0.150005
48339692302,0.008969
48339692303,0.018141
48339692304,0.005435
48339692401,0.038781
48339692402,0.045901
48339692501,0.040696
48339692502,0.0538
48339692601,0.026539
48339692603,0.011086
48339692604,0.020782
48339692605,0.030766
48339692701,0.020548
48339692702,0.032861
48339692802,0.028794
48339692803,0.04666
48339692804,0.00977
48339692900,0.023268
48339693001,0.212982
48339693002,0.074062
48339693102,0.059844
48339693103,0.128888
48339693104,0.0497
48339693201,0.01315
48339693202,0.032986
48339693301,0.093013
48339693302,0.01875
48339693303,0.077798
48339693304,0.115035
48339693401,0.043144
48339693402,0.043346
48339693501,0.088562
48339693502,0.246747
48339693503,0.055799
48339693600,0.050623
48339693701,0.128115
48339693702,0.018895
48339693703,0.057462
48339693800,0.083664
48339693901,0.135369
48339693902,0.191401
48339693903,0.272239
48339693904,0.029491
48339694001,0.016317
48339694002,0.179316
48339694103,0.009444
48339694104,0.022065
48339694105,0.10356
48339694106,0.093926
48339694107,0.123733
48339694203,0.043565
48339694204,0.043277
48339694205,0.286731
48339694206,0.061434
48339694207,0.036248
48339694208,0.026896
48339694209,0.039339
48339694210,0.028794
48339694303,0.017806
48339694304,0.020891
48339694305,0.032086
48339694306,0.067609
48339694307,0.125953
48339694308,0.117643
48339694309,0.086261
48339694401,0.024149
48339694402,0.100048
48339694403,0.129383
48339694501,0.016564
48339694502,0.033801
48339694503,0.020651
48339694601,0.025897
48339694602,0.021416
48339694603,0.063866
48339694700,0.046702
48347950200,0.111001
48349970100,0.095883
48349970200,0.046038
48349970301,0.056794
48349970302,0.137367
48349970400,0.022161
48349970500,0.00694
48349970600,0.111137
48349970701,0.086795
48349970800,0.083122
48349970901,0.04216
48349970902,0.16041
48349971000,0.100262
48353950100,0.103923
48353950200,0.11808
48353950300,0.08249
48353950400,0.079475
48353950500,0.043582
48355000500,0.169378
48355000601,0.218905
48355000602,0.045765
48355000700,0.026434
48355000800,0.02493
48355000900,0.014852
48355001000,0.046684
48355001100,0.072915
48355001201,0.017971
48355001202,0.018059
48355001300,0.007646
48355001400,0.0143
48355001500,0.016109
48355001601,0.006404
48355001602,0.007727
48355001702,0.116972
48355001703,0.007985
48355001704,0.004006
48355001801,0.010288
48355001802,0.045098
48355001903,0.024362
48355001904,0.014193
48355001905,0.112565
48355001906,0.210033
48355002001,0.044261
48355002002,0.010259
48355002101,0.006486
48355002102,0.009411
48355002200,0.006487
48355002301,0.009421
48355002303,0.019919
48355002304,0.024447
48355002400,0.029616
48355002500,0.013839
48355002601,0.052069
48355002602,0.014655
48355002603,0.00653
48355002703,0.103184
48355002705,0.007422
48355002706,0.136685
48355002707,0.018266
48355002708,0.063965
48355002900,0.262862
48355003002,0.009029
48355003003,0.105418
48355003004,0.026253
48355003101,0.003712
48355003102,0.009493
48355003202,0.036661
48355003204,0.040202
48355003205,0.040633
48355003206,0.028074
48355003303,0.038818
48355003304,0.07706
48355003305,0.011453
48355003306,0.015442
48355003401,0.026053
48355003402,0.028303
48355003500,0.07403
48355003601,0.022897
48355003602,0.017231
48355003603,0.031722
48355003700,0.025637
48355005103,0.15797
48355005104,0.182053
48355005404,0.004689
48355005406,0.029055
48355005407,0.028087
48355005408,0.022198
48355005409,0.024044
48355005410,0.012036
48355005411,0.044824
48355005412,0.006665
48355005413,0.034437
48355005414,0.004825
48355005415,0.01385
48355005416,0.033768
48355005417,0.017456
48355005603,0.018968
48355005604,0.177789
48355005605,0.094416
48355005606,0.154222
48355005801,0.06999
48355005803,0.070431
48355005804,0.057352
48355005900,0.052436
48355006000,0.047344
48355006100,0.105219
48355006201,0.005155
48355006202,0.034093
48355006203,0.052279
48355006204,0.007982
48355006205,0.162349
48355006300,0.133469
48355006400,0.066102
48355980000,0.141921
48363000100,0.128112
48363000200,0.130597
48363000300,0.092855
48363000401,0.126098
48363000402,0.120472
48363000500,0.326749
48363000600,0.113801
48363000700,0.076648
48363000800,0.134699
48363000900,0.297471
48367140101,0.060701
48367140102,0.023317
48367140201,0.08529
48367140202,0.082144
48367140300,0.028574
48367140403,0.068835
48367140408,0.068412
48367140409,0.148334
48367140410,0.117678
48367140411,0.102973
48367140412,0.238617
48367140413,0.020353
48367140414,0.009459
48367140415,0.026993
48367140416,0.033069
48367140502,0.142528
48367140503,0.018441
48367140504,0.051887
48367140601,0.083599
48367140603,0.097007
48367140604,0.115342
48367140707,0.08523
48367140708,0.144534
48367140709,0.095669
48367140710,0.210074
48367140711,0.115828
48367140712,0.079944
48367140713,0.052249
48367140714,0.045534
48371950100,0.038326
48373210203,0.017413
48373210204,0.076657
48373210205,0.254989
48373210206,0.206996
48373210301,0.098999
48373210302,0.076134
48373210402,0.024633
48379950101,0.024904
48379950102,0.155704
48379950200,0.172192
48383950100,0.117404
48385950100,0.052507
48387950100,0.023194
48387950501,0.127172
48387950502,0.105311
48387950600,0.028212
48387950700,0.00794
48391950200,0.079286
48391950400,0.14094
48395960100,0.063474
48395960200,0.017896
48395960300,0.066762
48395960400,0.057541
48395960501,0.17806
48395960502,0.09863
48397040101,0.071663
48397040103,0.156522
48397040104,0.092376
48397040201,0.0737
48397040202,0.131862
48397040203,0.020631
48397040301,0.102833
48397040303,0.069526
48397040304,0.029588
48397040305,0.029523
48397040403,0.206912
48397040404,0.115288
48397040405,0.112192
48397040406,0.298773
48397040407,0.174389
48397040408,0.035717
48397040409,0.016754
48397040410,0.026624
48397040411,0.01384
48397040412,0.140025
48397040503,0.029116
48397040507,0.011255
48397040508,0.069298
48397040509,0.083151
48397040510,0.038119
48397040511,0.012797
48397040512,0.054474
48397040513,0.095198
48397040514,0.036482
48399950100,0.092053
48399950200,0.189621
48399950500,0.055514
48399950600,0.102064
48401950200,0.07307
48401950300,0.145367
48401950400,0.095719
48401950501,0.12737
48401950502,0.280403
48401951000,0.1262
48401951100,0.108469
48407200103,0.126058
48407200104,0.076599
48407200105,0.091241
48407200106,0.009788
48407200107,0.096524
48407200201,0.1206
48407200202,0.278804
48407200301,0.082817
48407200302,0.026261
48409010201,0.100803
48409010202,0.063734
48409010301,0.123964
48409010302,0.219968
48409010500,0.029434
48409010601,0.032142
48409010602,0.005973
48409010603,0.047637
48409010604,0.116768
48409010700,0.093534
48409010800,0.052943
48409010900,0.109168
48409011000,0.125434
48409011100,0.237235
48409011200,0.073805
48409011300,0.059635
48411950100,0.108472
48411950200,0.070721
48413950300,0.026813
48415950100,0.205797
48415950200,0.054287
48415950300,0.055875
48415950600,0.073451
48417950300,0.107678
48423000100,0.173419
48423000201,0.10185
48423000202,0.058616
48423000300,0.05044
48423000400,0.125997
48423000500,0.037713
48423000600,0.128978
48423000700,0.144862
48423000800,0.048379
48423000900,0.088469
48423001000,0.021795
48423001101,0.060453
48423001102,0.149001
48423001200,0.264613
48423001300,0.148497
48423001404,0.048615
48423001405,0.044164
48423001406,0.06138
48423001407,0.125097
48423001408,0.067459
48423001501,0.126927
48423001502,0.03497
48423001602,0.125984
48423001605,0.206622
48423001606,0.184232
48423001607,0.142544
48423001608,0.160783
48423001701,0.11042
48423001702,0.057605
48423001803,0.095158
48423001804,0.112491
48423001805,0.287382
48423001806,0.206799
48423001807,0.156315
48423001906,0.047631
48423001909,0.027578
48423001910,0.01409
48423001911,0.02946
48423001912,0.270371
48423001913,0.219928
48423001914,0.063569
48423001915,0.022758
48423001916,0.012659
48423001917,0.074514
48423002003,0.097438
48423002004,0.032013
48423002006,0.034416
48423002009,0.079739
48423002010,0.007796
48423002011,0.0269
48423002012,0.038028
48423002013,0.078595
48423002101,0.098998
48423002102,0.104444
48423002200,0.031657
48423980000,0.106719
48425000101,0.090833
48425000102,0.101083
48425000200,0.083878
48427950101,0.157936
48427950104,0.013707
48427950105,0.051393
48427950106,0.14319
48427950107,0.122812
48427950108,0.010924
48427950202,0.037711
48427950203,0.108145
48427950204,0.06471
48427950402,0.119643
48427950403,0.319177
48427950404,0.249557
48427950500,0.091299
48427950601,0.182165
48427950602,0.169961
48427950701,0.054282
48427950702,0.120305
48429950200,0.131512
48429950300,0.137657
48429950500,0.105674
48431950100,0.115187
48433950300,0.049985
48435950300,0.068118
48439100101,0.075098
48439100102,0.030761
48439100201,0.00463
48439100202,0.086406
48439100300,0.045147
48439100401,0.094864
48439100402,0.087344
48439100503,0.078375
48439100504,0.144104
48439100505,0.021288
48439100506,0.005999
48439100601,0.029095
48439100602,0.175846
48439100700,0.139439
48439100800,0.056043
48439100900,0.055655
48439101201,0.021863
48439101202,0.023865
48439101301,0.00723
48439101302,0.051907
48439101401,0.012322
48439101402,0.020767
48439101403,0.030349
48439101500,0.080915
48439101700,0.017126
48439102000,0.043716
48439102101,0.072785
48439102102,0.017455
48439102201,0.023051
48439102202,0.014297
48439102301,0.030131
48439102302,0.150366
48439102401,0.019301
48439102402,0.087952
48439102500,0.003363
48439102601,0.035697
48439102602,0.015163
48439102700,0.007779
48439103500,0.011657
48439103601,0.00539
48439103602,0.046959
48439103701,0.005693
48439103702,0.011671
48439103800,0.041658
48439104100,0.160776
48439104202,0.014822
48439104203,0.004006
48439104204,0.018131
48439104301,0.013126
48439104302,0.010372
48439104400,0.006893
48439104502,0.018968
48439104503,0.009491
48439104504,0.013316
48439104505,0.013815
48439104601,0.008224
48439104602,0.007297
48439104603,0.026678
48439104604,0.008214
48439104605,0.016055
48439104701,0.008912
48439104702,0.110249
48439104802,0.00486
48439104803,0.017113
48439104804,0.008193
48439104900,0.012551
48439105007,0.020925
48439105008,0.019303
48439105009,0.016452
48439105201,0.016363
48439105203,0.17033
48439105204,0.070348
48439105206,0.066299
48439105207,0.060654
48439105403,0.016923
48439105404,0.005638
48439105405,0.032588
48439105407,0.215592
48439105408,0.007463
48439105502,0.006229
48439105503,0.019641
48439105505,0.009996
48439105511,0.014113
48439105512,0.016887
48439105513,0.031824
48439105514,0.059998
48439105515,0.004661
48439105516,0.019572
48439105517,0.024766
48439105518,0.027869
48439105519,0.009467
48439105520,0.036355
48439105600,0.010624
48439105701,0.03397
48439105703,0.02645
48439105705,0.007286
48439105706,0.011874
48439105800,0.014726
48439105901,0.01783
48439105902,0.004874
48439106002,0.061063
48439106004,0.008425
48439106005,0.016297
48439106006,0.00339
48439106101,0.044575
48439106102,0.125953
48439106201,0.029461
48439106202,0.050713
48439106300,0.008788
48439106400,0.069214
48439106502,0.012284
48439106503,0.01285
48439106507,0.011787
48439106509,0.039909
48439106512,0.009345
48439106513,0.121607
48439106514,0.009174
48439106515,0.005565
48439106518,0.010586
48439106519,0.026319
48439106520,0.073429
48439106521,0.011903
48439106522,0.010782
48439106523,0.028662
48439106524,0.027552
48439106525,0.027261
48439106526,0.020472
48439106600,0.024744
48439106700,0.034485
48439110102,0.038879
48439110103,0.022244
48439110104,0.07344
48439110202,0.096336
48439110204,0.006678
48439110205,0.004912
48439110206,0.024722
48439110301,0.035541
48439110302,0.05295
48439110401,0.01797
48439110402,0.042952
48439110500,0.188545
48439110600,0.145952
48439110703,0.026793
48439110704,0.027385
48439110705,0.012289
48439110706,0.014661
48439110805,0.099344
48439110806,0.016631
48439110807,0.031399
48439110808,0.078441
48439110809,0.078416
48439110901,0.051523
48439110903,0.036861
48439110905,0.051148
48439110906,0.08471
48439110907,0.037727
48439111003,0.020602
48439111010,0.02885
48439111015,0.028541
48439111018,0.025842
48439111019,0.007622
48439111020,0.008509
48439111021,0.014904
48439111022,0.013162
48439111023,0.006189
48439111024,0.004754
48439111025,0.022906
48439111026,0.010524
48439111027,0.018168
48439111028,0.004559
48439111029,0.017264
48439111030,0.011601
48439111031,0.033525
48439111032,0.002665
48439111033,0.006562
48439111102,0.051483
48439111103,0.193896
48439111104,0.126961
48439111202,0.082437
48439111203,0.042102
48439111204,0.011899
48439111304,0.011965
48439111306,0.013616
48439111307,0.06478
48439111308,0.017672
48439111309,0.022103
48439111311,0.010461
48439111312,0.024802
48439111314,0.022923
48439111315,0.071468
48439111316,0.004706
48439111317,0.016427
48439111318,0.012333
48439111319,0.014137
48439111320,0.012386
48439111402,0.010575
48439111405,0.127981
48439111406,0.01652
48439111407,0.009862
48439111408,0.04417
48439111409,0.027425
48439111410,0.037181
48439111411,0.083328
48439111505,0.044835
48439111506,0.024432
48439111513,0.019738
48439111514,0.017885
48439111516,0.045731
48439111522,0.00576
48439111525,0.023378
48439111526,0.086967
48439111529,0.017978
48439111530,0.014662
48439111531,0.060163
48439111532,0.0095
48439111533,0.02108
48439111534,0.007421
48439111536,0.047738
48439111538,0.054668
48439111540,0.006017
48439111541,0.007172
48439111542,0.008198
48439111543,0.008951
48439111544,0.006619
48439111545,0.018096
48439111546,0.015033
48439111551,0.009072
48439111552,0.01352
48439111553,0.02878
48439111554,0.009184
48439111555,0.009351
48439111556,0.040023
48439111557,0.003977
48439111558,0.007192
48439111559,0.09993
48439111560,0.007519
48439111561,0.00414
48439111562,0.22297
48439111563,0.030537
48439111564,0.044444
48439111565,0.016365
48439111566,0.020658
48439111567,0.009944
48439111568,0.050615
48439111569,0.032049
48439111570,0.007621
48439111571,0.022803
48439111572,0.008129
48439113003,0.031771
48439113004,0.079429
48439113005,0.175367
48439113006,0.008738
48439113007,0.019524
48439113102,0.014884
48439113104,0.012504
48439113107,0.006239
48439113108,0.003935
48439113109,0.02683
48439113110,0.031656
48439113112,0.007751
48439113115,0.031014
48439113116,0.039191
48439113117,0.012881
48439113118,0.018299
48439113119,0.014959
48439113120,0.005309
48439113121,0.127181
48439113122,0.105333
48439113206,0.077926
48439113207,0.011241
48439113210,0.132264
48439113212,0.012086
48439113213,0.016155
48439113214,0.005809
48439113215,0.0061
48439113216,0.006482
48439113217,0.016181
48439113218,0.007664
48439113221,0.084596
48439113222,0.079693
48439113223,0.029545
48439113301,0.074477
48439113302,0.053344
48439113403,0.016074
48439113404,0.013511
48439113407,0.061625
48439113408,0.036049
48439113409,0.086295
48439113410,0.148838
48439113509,0.010635
48439113510,0.005318
48439113511,0.029656
48439113512,0.011249
48439113513,0.064764
48439113514,0.031992
48439113516,0.008523
48439113517,0.028058
48439113519,0.01397
48439113520,0.038443
48439113521,0.024887
48439113522,0.02203
48439113607,0.020324
48439113611,0.080355
48439113612,0.033046
48439113613,0.022039
48439113618,0.006665
48439113619,0.030333
48439113622,0.081496
48439113623,0.021216
48439113624,0.00464
48439113625,0.012754
48439113626,0.010337
48439113628,0.107147
48439113629,0.009053
48439113630,0.053256
48439113632,0.007715
48439113633,0.009584
48439113634,0.009155
48439113635,0.166257
48439113636,0.045525
48439113637,0.060388
48439113638,0.023123
48439113639,0.013915
48439113640,0.015572
48439113707,0.063106
48439113709,0.02414
48439113710,0.005743
48439113711,0.069453
48439113712,0.03898
48439113713,0.023473
48439113714,0.013145
48439113715,0.043106
48439113716,0.054645
48439113803,0.076855
48439113808,0.012296
48439113809,0.01445
48439113810,0.048716
48439113811,0.061967
48439113812,0.005085
48439113813,0.010798
48439113814,0.010892
48439113815,0.017433
48439113816,0.012641
48439113906,0.008694
48439113908,0.015395
48439113912,0.010981
48439113916,0.018277
48439113917,0.014998
48439113918,0.060472
48439113919,0.019774
48439113920,0.096689
48439113923,0.008564
48439113924,0.00362
48439113925,0.010137
48439113930,0.009064
48439113931,0.023223
48439113932,0.013633
48439113933,0.035555
48439113934,0.008223
48439113935,0.027434
48439113936,0.027968
48439113937,0.040605
48439113938,0.005328
48439113939,0.005219
48439113940,0.015058
48439113941,0.011271
48439113942,0.014205
48439113943,0.009535
48439113944,0.009903
48439113945,0.017869
48439113946,0.013038
48439113947,0.010459
48439113948,0.049846
48439113949,0.004519
48439113950,0.023687
48439113951,0.012712
48439113952,0.008887
48439113953,0.038385
48439113954,0.016754
48439113955,0.005737
48439113956,0.021488
48439113957,0.019544
48439113958,0.038074
48439114003,0.097778
48439114006,0.048297
48439114009,0.00455
48439114010,0.003198
48439114011,0.018636
48439114012,0.009381
48439114013,0.022414
48439114014,0.008585
48439114015,0.080072
48439114105,0.059321
48439114106,0.033685
48439114107,0.028344
48439114108,0.017527
48439114109,0.005307
48439114110,0.074432
48439114111,0.0305
48439114112,0.024514
48439114113,0.004986
48439114203,0.015922
48439114204,0.068083
48439114205,0.022611
48439114206,0.046604
48439114207,0.017439
48439121605,0.022755
48439121606,0.02716
48439121608,0.006592
48439121609,0.034841
48439121610,0.013431
48439121611,0.020249
48439121612,0.219356
48439121613,0.336481
48439121614,0.067048
48439121615,0.169049
48439121702,0.012907
48439121703,0.008145
48439121704,0.009966
48439121904,0.057233
48439121905,0.021118
48439121906,0.046168
48439121907,0.010417
48439121908,0.062145
48439122001,0.012544
48439122002,0.016747
48439122100,0.006708
48439122200,0.028475
48439122300,0.012102
48439122401,0.016647
48439122402,0.009268
48439122500,0.01839
48439122600,0.022078
48439122701,0.010606
48439122702,0.050746
48439122801,0.031386
48439122802,0.009299
48439122901,0.012338
48439122902,0.06393
48439123001,0.189038
48439123002,0.026564
48439123100,0.107984
48439123200,0.043417
48439123301,0.091574
48439123302,0.108338
48439123500,0.030276
48439123600,0.031127
48439123700,0.008296
48439980000,0.207411
48441010100,0.025564
48441010200,0.024224
48441010300,0.01774
48441010400,0.005729
48441010500,0.008178
48441010600,0.005291
48441010700,0.003759
48441010800,0.088997
48441010900,0.052721
48441011000,0.032054
48441011200,0.067419
48441011300,0.013965
48441011400,0.060739
48441011500,0.006026
48441011600,0.014508
48441011700,0.124655
48441011900,0.022854
48441012000,0.043741
48441012100,0.014665
48441012200,0.041086
48441012300,0.003555
48441012400,0.046522
48441012500,0.013444
48441012600,0.027656
48441012701,0.007523
48441012702,0.049849
48441012801,0.043352
48441012802,0.030023
48441012900,0.014547
48441013000,0.078814
48441013100,0.043136
48441013200,0.112055
48441013300,0.079499
48441013401,0.043004
48441013402,0.01989
48441013404,0.036669
48441013501,0.079527
48441013502,0.084445
48441013601,0.042753
48441013602,0.065498
48441980000,0.24948
48443950100,0.072544
48447950300,0.072663
48449950100,0.071913
48449950200,0.154774
48449950301,0.040208
48449950302,0.082918
48449950400,0.158336
48449950500,0.110644
48449950600,0.071094
48449950700,0.189568
48449950800,0.249094
48451000100,0.061689
48451000200,0.303785
48451000300,0.035975
48451000400,0.034185
48451000700,0.100496
48451000801,0.072732
48451000802,0.008305
48451000900,0.025854
48451001000,0.201837
48451001101,0.033207
48451001102,0.02309
48451001200,0.006657
48451001301,0.024154
48451001303,0.063478
48451001304,0.049918
48451001401,0.037704
48451001402,0.046521
48451001500,0.133631
48451001600,0.059539
48451001702,0.172903
48451001706,0.020841
48451001707,0.066161
48451001708,0.238928
48451001709,0.087474
48451001710,0.024621
48451001800,0.057264
48451980000,0.061291
48453000101,0.030517
48453000102,0.034253
48453000203,0.012209
48453000204,0.014309
48453000205,0.012835
48453000206,0.015785
48453000302,0.013191
48453000304,0.016231
48453000305,0.059779
48453000307,0.011749
48453000308,0.12011
48453000309,0.030071
48453000401,0.016126
48453000402,0.010132
48453000500,0.011857
48453000601,0.002848
48453000605,0.045343
48453000606,0.0598
48453000607,0.005238
48453000608,0.041814
48453000700,0.041419
48453000801,0.07246
48453000802,0.024301
48453000803,0.016834
48453000804,0.018668
48453000901,0.060672
48453000902,0.026402
48453001000,0.009086
48453001101,0.025216
48453001102,0.107532
48453001103,0.043535
48453001200,0.007899
48453001304,0.078243
48453001307,0.008123
48453001308,0.018216
48453001309,0.038248
48453001310,0.080593
48453001311,0.008996
48453001312,0.012965
48453001401,0.018001
48453001402,0.038416
48453001403,0.035209
48453001501,0.014194
48453001503,0.01973
48453001504,0.005663
48453001505,0.021391
48453001602,0.0151
48453001603,0.014421
48453001604,0.048757
48453001605,0.011956
48453001606,0.073975
48453001910,0.043611
48453001911,0.08371
48453001912,0.071928
48453001913,0.084285
48453001914,0.012595
48453001915,0.024229
48453001916,0.014641
48453001917,0.173772
48453001918,0.029389
48453001919,0.026978
48453001920,0.060239
48453001921,0.145159
48453001922,0.107374
48453001923,0.176265
48453002002,0.015655
48453002003,0.008287
48453002004,0.031503
48453002006,0.018238
48453002007,0.094195
48453002104,0.013364
48453002105,0.008091
48453002106,0.007946
48453002107,0.00785
48453002108,0.009602
48453002109,0.014653
48453002110,0.055269
48453002111,0.013295
48453002112,0.02342
48453002113,0.006726
48453002201,0.010617
48453002211,0.009835
48453002213,0.013953
48453002214,0.024779
48453002215,0.020013
48453002216,0.010374
48453002217,0.126933
48453002218,0.276336
48453002219,0.030194
48453002220,0.011971
48453002221,0.003717
48453002222,0.018694
48453002304,0.037361
48453002307,0.034468
48453002310,0.083373
48453002313,0.055206
48453002314,0.006347
48453002315,0.031069
48453002316,0.040408
48453002319,0.162932
48453002320,0.056102
48453002321,0.020204
48453002322,0.032909
48453002323,0.007289
48453002324,0.02903
48453002325,0.035979
48453002326,0.28674
48453002327,0.031896
48453002403,0.017965
48453002407,0.009952
48453002409,0.011589
48453002410,0.015006
48453002411,0.01867
48453002412,0.030575
48453002413,0.011813
48453002419,0.002686
48453002422,0.024749
48453002423,0.014692
48453002424,0.052327
48453002430,0.007428
48453002432,0.058888
48453002434,0.090461
48453002436,0.11014
48453002437,0.027363
48453002438,0.013096
48453002439,0.008941
48453002440,0.010773
48453002441,0.010858
48453002442,0.020425
48453002443,0.05687
48453002444,0.030849
48453002445,0.03076
48453002446,0.027094
48453002447,0.066138
48453002448,0.021683
48453002449,0.021703
48453002450,0.140233
48453002451,0.055301
48453002452,0.019341
48453002453,0.087391
48453002500,0.0458
48453030000,0.039371
48453030100,0.076584
48453030200,0.010349
48453030300,0.014549
48453030400,0.017201
48453030500,0.011556
48453030600,0.015051
48453030700,0.007507
48453030800,0.019829
48453030900,0.030834
48453031000,0.020452
48453031100,0.189252
48453031200,0.021814
48453031300,0.006599
48453031400,0.026697
48453031500,0.012372
48453031600,0.037987
48453031700,0.008326
48453031800,0.02961
48453031900,0.034326
48453032000,0.021574
48453032100,0.011672
48453032200,0.020718
48453032300,0.056962
48453032400,0.024505
48453032500,0.016817
48453032600,0.007467
48453032700,0.01507
48453032800,0.241987
48453032900,0.030523
48453033000,0.075374
48453033100,0.068098
48453033200,0.035627
48453033300,0.028179
48453033400,0.011038
48453033500,0.011992
48453033600,0.144846
48453033700,0.00773
48453033800,0.015457
48453033900,0.017106
48453034000,0.06436
48453034100,0.00945
48453034200,0.064751
48453034300,0.008893
48453034400,0.006347
48453034500,0.024473
48453034600,0.05853
48453034700,0.019104
48453034800,0.021432
48453034900,0.024905
48453035000,0.021742
48453035100,0.022813
48453035200,0.054348
48453035300,0.273151
48453035400,0.061069
48453035500,0.004788
48453035600,0.1769
48453035700,0.039762
48453035800,0.032784
48453035900,0.053683
48453036000,0.025151
48453036100,0.040317
48453036200,0.010424
48453036300,0.050517
48453036400,0.167368
48453036500,0.172339
48453036600,0.125881
48453036700,0.10509
48453036800,0.037806
48453036900,0.06338
48453037000,0.13683
48453037100,0.248734
48453037200,0.005756
48453037300,0.014612
48453037400,0.182745
48453037500,0.11177
48453037600,0.012666
48453040000,0.034811
48453040100,0.086256
48453040200,0.017716
48453040300,0.008856
48453040400,0.025899
48453040500,0.015811
48453040600,0.039509
48453040700,0.026173
48453040800,0.012704
48453040900,0.169132
48453041000,0.187548
48453041100,0.239064
48453041200,0.029052
48453041300,0.008614
48453041400,0.03448
48453041500,0.037827
48453041600,0.012437
48453041700,0.030884
48453041800,0.030652
48453041900,0.046116
48453042000,0.027298
48453042100,0.013043
48453042200,0.018178
48453042300,0.037496
48453042400,0.012771
48453042500,0.012324
48453042600,0.030996
48453042700,0.004698
48453042800,0.008325
48453042900,0.011709
48453043000,0.009881
48453043100,0.104157
48453043200,0.237386
48453043300,0.01531
48453043400,0.013229
48453043500,0.060789
48453043600,0.009298
48453043700,0.033222
48453043800,0.010145
48453043900,0.004606
48453044000,0.013542
48453044100,0.009247
48453044200,0.011575
48453044300,0.016498
48453044400,0.015537
48453044500,0.014353
48453044600,0.003979
48453044700,0.009793
48453044800,0.011817
48453044900,0.092631
48453045000,0.005556
48453045100,0.026305
48453045200,0.016484
48453045300,0.016042
48453045400,0.050804
48453045500,0.006324
48453045600,0.048767
48453045700,0.070778
48453045800,0.168364
48453045900,0.203596
48453046000,0.036015
48453046100,0.051558
48453046200,0.061742
48453046300,0.025837
48453046400,0.007286
48453046500,0.015867
48453046600,0.024065
48453046700,0.042137
48453046800,0.011358
48453046900,0.002829
48453047000,0.020884
48453980000,0.112958
48455950100,0.128472
48455950200,0.063236
48455950300,0.164384
48455950400,0.180135
48455950500,0.076353
48459950101,0.110889
48459950102,0.231083
48459950200,0.062541
48459950301,0.169836
48459950302,0.099885
48459950400,0.202775
48459950501,0.149303
48459950502,0.034174
48459950600,0.047139
48459950700,0.186226
48461950100,0.08391
48463950100,0.069923
48463950201,0.122237
48463950202,0.03923
48463950300,0.063393
48463950400,0.075359
48463950500,0.091896
48465950202,0.047277
48465950203,0.111759
48465950301,0.030127
48465950302,0.094581
48465950400,0.07481
48465950501,0.117955
48465950502,0.063654
48465950601,0.313461
48465950602,0.101943
48465950701,0.072625
48465950702,0.095855
48465950801,0.246921
48465950802,0.159821
48465980000,0.052184
48467950100,0.058295
48467950200,0.066164
48467950300,0.107045
48467950400,0.040812
48467950500,0.022967
48467950601,0.165511
48467950602,0.146913
48467950700,0.123174
48467950801,0.07361
48467950802,0.141441
48467950901,0.034181
48467950902,0.245931
48467951001,0.051334
48467951002,0.053625
48469000100,0.240724
48469000201,0.195445
48469000202,0.014642
48469000301,0.14141
48469000302,0.181641
48469000400,0.093783
48469000501,0.058746
48469000502,0.00948
48469000601,0.04662
48469000602,0.067969
48469000700,0.046992
48469000800,0.03654
48469001300,0.138072
48469001401,0.157407
48469001402,0.027199
48469001501,0.169334
48469001503,0.080017
48469001504,0.115585
48469001601,0.013215
48469001604,0.002887
48469001605,0.121555
48469001607,0.147924
48469001608,0.023382
48469001700,0.071251
48469980000,0.342228
48471790101,0.0213
48471790102,0.075938
48471790103,0.256666
48471790200,0.087104
48471790301,0.120145
48471790302,0.072164
48471790401,0.237585
48471790402,0.098222
48471790500,0.085665
48471790600,0.073598
48471790700,0.086621
48471790800,0.097942
48473680100,0.044908
48473680201,0.017729
48473680202,0.081651
48473680301,0.044953
48473680302,0.089154
48473680303,0.038476
48473680501,0.052482
48473680502,0.100358
48473680601,0.165014
48473680602,0.021829
48473980000,0.039642
48477170100,0.163916
48477170201,0.055445
48477170202,0.115093
48477170300,0.073372
48477170400,0.112691
48477170501,0.062829
48477170502,0.110138
48477170601,0.053816
48477170602,0.2458
48479000101,0.050516
48479000105,0.071557
48479000106,0.034245
48479000107,0.009484
48479000108,0.003735
48479000109,0.173367
48479000200,0.036081
48479000300,0.014524
48479000601,0.011372
48479000602,0.030333
48479000700,0.046348
48479000800,0.002706
48479000901,0.00725
48479000903,0.197821
48479000904,0.001156
48479001001,0.008784
48479001003,0.114842
48479001004,0.026436
48479001101,0.081666
48479001103,0.085064
48479001104,0.022034
48479001105,0.108565
48479001201,0.056249
48479001202,0.023868
48479001300,0.049255
48479001401,0.014916
48479001402,0.024644
48479001501,0.094038
48479001502,0.02971
48479001601,0.014029
48479001602,0.010896
48479001706,0.038089
48479001709,0.005881
48479001710,0.149701
48479001711,0.031108
48479001714,0.046717
48479001715,0.108447
48479001716,0.003728
48479001717,0.125538
48479001718,0.01656
48479001719,0.006473
48479001720,0.113203
48479001721,0.013784
48479001722,0.00791
48479001723,0.007916
48479001724,0.040678
48479001725,0.008998
48479001726,0.044685
48479001727,0.006783
48479001806,0.025261
48479001809,0.107589
48479001810,0.268132
48479001811,0.125019
48479001813,0.317359
48479001815,0.16661
48479001816,0.200584
48479001818,0.230621
48479001819,0.120221
48479001820,0.097074
48479001821,0.004093
48479001822,0.016546
48479001823,0.003099
48479001824,0.052292
48479001825,0.022194
48479001826,0.148222
48479001827,0.103542
48479001828,0.007634
48479001900,0.00746
48479980000,0.057757
48481740100,0.043055
48481740200,0.1066
48481740300,0.052011
48481740400,0.139233
48481740500,0.057171
48481740600,0.097962
48481740700,0.16122
48481740800,0.147265
48481740901,0.047283
48481740902,0.109205
48481741000,0.087504
48481741100,0.10327
48489950300,0.172896
48489950400,0.053285
48489950500,0.035255
48489950600,0.116157
48489950700,0.066346
48491020106,0.10953
48491020108,0.023497
48491020109,0.031838
48491020111,0.03321
48491020113,0.025309
48491020114,0.089107
48491020115,0.012361
48491020116,0.11486
48491020117,0.25293
48491020118,0.077092
48491020119,0.019055
48491020120,0.040046
48491020121,0.068627
48491020122,0.108202
48491020123,0.081146
48491020124,0.183859
48491020201,0.095293
48491020203,0.017561
48491020205,0.035374
48491020206,0.163973
48491020207,0.154843
48491020208,0.270284
48491020310,0.009404
48491020311,0.044186
48491020319,0.006895
48491020321,0.08749
48491020323,0.005349
48491020325,0.059336
48491020326,0.009375
48491020327,0.096079
48491020329,0.059532
48491020330,0.042056
48491020331,0.091199
48491020332,0.041667
48491020333,0.006454
48491020334,0.009591
48491020335,0.009568
48491020336,0.008779
48491020337,0.005547
48491020338,0.009198
48491020339,0.009732
48491020340,0.009586
48491020341,0.016368
48491020342,0.186107
48491020343,0.00859
48491020344,0.145571
48491020345,0.010274
48491020346,0.017225
48491020347,0.009578
48491020348,0.022476
48491020349,0.053348
48491020350,0.006141
48491020351,0.020428
48491020352,0.044788
48491020353,0.019041
48491020354,0.006797
48491020355,0.0307
48491020356,0.032307
48491020403,0.008783
48491020404,0.004485
48491020405,0.017437
48491020406,0.011968
48491020408,0.05079
48491020409,0.065774
48491020410,0.006992
48491020411,0.018433
48491020503,0.022043
48491020505,0.070622
48491020507,0.023125
48491020508,0.018681
48491020509,0.008684
48491020511,0.063678
48491020512,0.027223
48491020513,0.034971
48491020514,0.01461
48491020515,0.045736
48491020516,0.006603
48491020517,0.012603
48491020602,0.024577
48491020604,0.020691
48491020606,0.012929
48491020607,0.028493
48491020608,0.007069
48491020609,0.028611
48491020701,0.01586
48491020704,0.012765
48491020706,0.038592
48491020707,0.008456
48491020709,0.025385
48491020710,0.060432
48491020711,0.193121
48491020712,0.009107
48491020713,0.016041
48491020808,0.025368
48491020810,0.027269
48491020811,0.013797
48491020812,0.02999
48491020813,0.021628
48491020814,0.009356
48491020815,0.01565
48491020816,0.112798
48491020817,0.084744
48491020818,0.085055
48491020819,0.113325
48491020820,0.030177
48491020821,0.026225
48491020822,0.072557
48491020900,0.038404
48491021000,0.07651
48491021100,0.015497
48491021201,0.115219
48491021202,0.126898
48491021203,0.184041
48491021300,0.029135
48491021402,0.048878
48491021404,0.173904
48491021405,0.018907
48491021406,0.022779
48491021407,0.045705
48491021502,0.05712
48491021503,0.024311
48491021506,0.047262
48491021509,0.016118
48491021510,0.026483
48491021511,0.032622
48491021512,0.022339
48491021513,0.013066
48491021514,0.004619
48491021515,0.05217
48491021516,0.010787
48491021517,0.013787
48491021518,0.003075
48491021601,0.154191
48491021602,0.072138
48491021603,0.037134
48493000102,0.147782
48493000103,0.017157
48493000104,0.116839
48493000201,0.037408
48493000202,0.020419
48493000300,0.072409
48493000402,0.145939
48493000404,0.149057
48493000405,0.014971
48493000406,0.255715
48493000500,0.155447
48493000600,0.018874
48497150101,0.047554
48497150103,0.176408
48497150104,0.016859
48497150201,0.127922
48497150202,0.070868
48497150300,0.033143
48497150402,0.064228
48497150403,0.032357
48497150404,0.044373
48497150405,0.147331
48497150500,0.17222
48497150603,0.068654
48497150604,0.044968
48497150605,0.023395
48497150606,0.092816
48497150607,0.129428
48499950100,0.113019
48499950200,0.070426
48499950301,0.028749
48499950303,0.087345
48499950304,0.144873
48499950401,0.091948
48499950402,0.322463
48499950500,0.070054
48499950601,0.036199
48499950602,0.04357
48499950700,0.110062
48499950800,0.118747
48503950200,0.036893
48503950401,0.135519
48503950402,0.046106
48503950500,0.074541
48503950600,0.089207
48505950303,0.243421
48505950304,0.124113
48505950305,0.231299
48505950306,0.313181
48505950401,0.141406
48505950402,0.091031
48507950100,0.220887
48507950200,0.131428
48507950301,0.102432
48507950302,0.081069
53001950100,0.112148
53001950200,0.188696
53001950301,0.089169
53001950302,0.157427
53001950303,0.239531
53001950400,0.161968
53001950500,0.036991
53003960100,0.167663
53003960200,0.07791
53005010100,0.172721
53005010201,0.071629
53005010203,0.004168
53005010204,0.053127
53005010300,0.105644
53005010400,0.004249
53005010500,0.141407
53005010600,0.051696
53005010701,0.043082
53005010703,0.081382
53005010705,0.016239
53005010707,0.005321
53005010708,0.163119
53005010807,0.055942
53005010809,0.031214
53005010810,0.018676
53005010811,0.08204
53005010814,0.09019
53005010815,0.011663
53005010816,0.027379
53005010817,0.020713
53005010818,0.030309
53005010819,0.020425
53005010820,0.040647
53005010901,0.060166
53005010902,0.014979
53005011001,0.060838
53005011002,0.03368
53005011100,0.03837
53005011201,0.003142
53005011202,0.075361
53005011300,0.080978
53005011401,0.010058
53005011402,0.005543
53005011501,0.086214
53005011504,0.007882
53005011505,0.064357
53005011506,0.162976
53005011600,0.080297
53005011701,0.031246
53005011702,0.070562
53005011801,0.054372
53005011802,0.051988
53005011900,0.039844
53005012000,0.069871
53007960100,0.126098
53007960201,0.254207
53007960202,0.147369
53007960203,0.189056
53007960301,0.112099
53007960302,0.108205
53007960303,0.138519
53007960400,0.127241
53007960501,0.090649
53007960502,0.149571
53007960600,0.202946
53007960700,0.072251
53007960801,0.005819
53007960803,0.006566
53007960804,0.052446
53007961001,0.003694
53007961002,0.119497
53007961101,0.006038
53007961102,0.004427
53007961200,0.030823
53007961301,0.009724
53007961303,0.002629
53007961304,0.007452
53013960200,0.074004
53017950101,0.11484
53017950102,0.175012
53017950200,0.07393
53017950300,0.049363
53017950400,0.022814
53017950500,0.014521
53017950600,0.004585
53017950700,0.002857
53017950800,0.03045
53019940000,0.107449
53019970100,0.204168
53019970200,0.204273
53021020101,0.160614
53021020102,0.044644
53021020103,0.033393
53021020201,0.006564
53021020202,0.005476
53021020300,0.021492
53021020401,0.031665
53021020402,0.012976
53021020403,0.007738
53021020404,0.0115
53021020501,0.092171
53021020503,0.026157
53021020504,0.039144
53021020603,0.005452
53021020605,0.077494
53021020606,0.059322
53021020607,0.006679
53021020608,0.027572
53021020700,0.198674
53021020801,0.186547
53021020802,0.17294
53021980100,0.014773
53023970300,0.120279
53025010100,0.125208
53025010200,0.072183
53025010300,0.264536
53025010401,0.1365
53025010402,0.120219
53025010500,0.099964
53025010600,0.101196
53025010700,0.174352
53025010800,0.084768
53025010901,0.102435
53025010903,0.032591
53025010904,0.007872
53025011001,0.141321
53025011002,0.06914
53025011101,0.132467
53025011102,0.09163
53025011200,0.099021
53025011300,0.108248
53025011401,0.134733
53025011403,0.042464
53025011404,0.149595
53025011405,0.293069
53025011406,0.110706
53033031502,0.134985
53033032706,0.135385
53033032800,0.190746
53037975101,0.155298
53037975102,0.145619
53037975103,0.123027
53037975104,0.195987
53037975201,0.153069
53037975202,0.02254
53037975203,0.27662
53037975300,0.127023
53037975402,0.148673
53037975403,0.005627
53037975404,0.03373
53037975500,0.110884
53037975600,0.093779
53037975700,0.171904
53039950101,0.06387
53039950102,0.159684
53039950103,0.245412
53039950200,0.11833
53039950302,0.138106
53041972000,0.104353
53043960100,0.184138
53043960200,0.124099
53043960300,0.112719
53043960400,0.155205
53047940100,0.112368
53047940200,0.118061
53047970301,0.020724
53047970302,0.230739
53047970303,0.232266
53047970400,0.133189
53047970500,0.219604
53047970601,0.147566
53047970602,0.162589
53047970700,0.114115
53047970800,0.097955
53047970900,0.124249
53047971000,0.111325
53051970100,0.144131
53051970200,0.194569
53051970300,0.102144
53051970400,0.117776
53051970500,0.161796
53053070100,0.106302
53057951101,0.222295
53057951102,0.14293
53057951200,0.115527
53059950100,0.067992
53059950400,0.095537
53061053606,0.010351
53061053700,0.0318
53061053801,0.092925
53061053803,0.13065
53063000201,0.029556
53063000202,0.012481
53063000301,0.006657
53063000302,0.024719
53063000400,0.018854
53063000500,0.060321
53063000600,0.011935
53063000700,0.053531
53063000800,0.051199
53063000900,0.036978
53063001000,0.0141
53063001100,0.005171
53063001200,0.050985
53063001300,0.043157
53063001400,0.033936
53063001500,0.133422
53063001600,0.003129
53063001800,0.247008
53063001900,0.018311
53063002000,0.137514
53063002100,0.191554
53063002300,0.007378
53063002400,0.009846
53063002501,0.037161
53063002502,0.025605
53063002503,0.054002
53063002600,0.013527
53063002900,0.005814
53063003000,0.024425
53063003100,0.014899
53063003200,0.027046
53063003500,0.051529
53063003601,0.006171
53063003602,0.017094
53063003800,0.028216
53063003900,0.088198
53063004001,0.027084
53063004002,0.022537
53063004100,0.009138
53063004200,0.006276
53063004300,0.003957
53063004400,0.016297
53063004500,0.009325
53063004601,0.011408
53063004602,0.002536
53063004701,0.008186
53063004702,0.023304
53063004800,0.004541
53063004900,0.051508
53063005000,0.017526
53063010101,0.16092
53063010102,0.401512
53063010201,0.065673
53063010203,0.015731
53063010204,0.124068
53063010301,0.032218
53063010303,0.04542
53063010304,0.086253
53063010305,0.209315
53063010401,0.106461
53063010403,0.051492
53063010404,0.009486
53063010504,0.209437
53063010505,0.155313
53063010506,0.037224
53063010507,0.07455
53063010508,0.03108
53063010601,0.105202
53063010603,0.036019
53063010604,0.006222
53063010701,0.028008
53063010702,0.00165
53063010800,0.040547
53063010901,0.054709
53063010902,0.007053
53063011000,0.059807
53063011102,0.013601
53063011103,0.016191
53063011104,0.024262
53063011202,0.019727
53063011203,0.016359
53063011204,0.048799
53063011301,0.005347
53063011302,0.033775
53063011400,0.008713
53063011500,0.340015
53063011600,0.205097
53063011701,0.076089
53063011702,0.033017
53063011800,0.083973
53063011900,0.104342
53063012000,0.033642
53063012100,0.029767
53063012200,0.036104
53063012300,0.095123
53063012401,0.041042
53063012402,0.065697
53063012500,0.103783
53063012600,0.235008
53063012701,0.266628
53063012702,0.300777
53063012801,0.11255
53063012802,0.004063
53063012901,0.016241
53063012902,0.099194
53063013001,0.003927
53063013002,0.027263
53063013003,0.027468
53063013101,0.01312
53063013102,0.114426
53063013201,0.051349
53063013300,0.109986
53063013401,0.021844
53063013501,0.02873
53063013502,0.148057
53063013503,0.064675
53063013600,0.108227
53063013700,0.022199
53063013800,0.355202
53063013900,0.152394
53063014001,0.066217
53063014002,0.124862
53063014100,0.125665
53063014200,0.119851
53063014300,0.049261
53063014400,0.014463
53063014500,0.08907
53065941000,0.106679
53065950101,0.163264
53065950102,0.128305
53065950200,0.05277
53065950300,0.1116
53065950500,0.137837
53065950600,0.137719
53065950700,0.23356
53065950800,0.167598
53065950900,0.04587
53065951100,0.135491
53065951301,0.146857
53065951302,0.344462
53065951401,0.114114
53065951402,0.0774
53071920000,0.129824
53071920100,0.07647
53071920200,0.026089
53071920302,0.005998
53071920400,0.204106
53071920500,0.048935
53071920600,0.047536
53071920701,0.031654
53071920702,0.007784
53071920801,0.036936
53071920802,0.068204
53071920901,0.007748
53073010103,0.172768
53075000100,0.191536
53075000201,0.228785
53075000202,0.216515
53075000300,0.150152
53075000400,0.349516
53075000500,0.188793
53075000601,0.122418
53075000602,0.172932
53075000700,0.126975
53075000800,0.129691
53075000900,0.102767
53075001000,0.157297
53077000100,0.018878
53077000200,0.01864
53077000301,0.129059
53077000302,0.039884
53077000401,0.014624
53077000402,0.020722
53077000500,0.013335
53077000600,0.005024
53077000700,0.028542
53077000800,0.009288
53077000902,0.0079
53077000903,0.011905
53077000904,0.007614
53077001000,0.008661
53077001100,0.012007
53077001201,0.004501
53077001202,0.006358
53077001300,0.108054
53077001400,0.019304
53077001502,0.015743
53077001503,0.019366
53077001504,0.019126
53077001601,0.073575
53077001602,0.082239
53077001701,0.135889
53077001702,0.042832
53077001801,0.125722
53077001802,0.112289
53077001901,0.119064
53077001902,0.004729
53077002003,0.010841
53077002004,0.033821
53077002005,0.061526
53077002006,0.03151
53077002101,0.101079
53077002103,0.050393
53077002104,0.01832
53077002201,0.031175
53077002202,0.065633
53077002701,0.063624
53077002801,0.015093
53077002803,0.01428
53077002804,0.00541
53077002900,0.018618
53077003002,0.041034
53077003003,0.13416
53077003004,0.122641
53077003100,0.055353
53077003200,0.021187
53077003400,0.032227
53077940001,0.013871
53077940002,0.054173
53077940003,0.123506
53077940005,0.083528
53077940006,0.00419
53077940007,0.025607
53077940008,0.037485
