GEOID,coverage_gap_score
40001376600,0.10722
40001376700,0.105553
40001376800,0.169704
40001376900,0.192401
40001377000,0.161279
40003955600,0.151083
40003955700,0.140074
40003956000,0.135223
40005587600,0.151239
40005587700,0.196207
40005587800,0.180083
40005587900,0.066746
40009966100,0.193143
40009966200,0.238642
40009966800,0.173288
40011958600,0.240024
40011958700,0.237231
40011958800,0.15094
40011958900,0.204578
40011959000,0.197309
40013795600,0.153528
40013795700,0.112995
40013795900,0.076176
40013796002,0.140121
40013796003,0.141612
40013796004,0.399408
40013796101,0.144116
40013796102,0.159373
40013796200,0.180537
40013796300,0.107128
40013796400,0.126873
40013796500,0.145835
40013796600,0.13354
40015161601,0.179976
40015161602,0.194258
40015161700,0.157624
40015161800,0.133327
40015161900,0.094887
40015162000,0.197013
40015162101,0.246516
40015162102,0.241704
40015162200,0.15492
40015162300,0.159845
40017300100,0.256237
40017300201,0.16177
40017300202,0.212005
40017300300,0.290198
40017300400,0.323121
40017300500,0.280521
40017300600,0.204068
40017300701,0.156883
40017300702,0.122106
40017300802,0.312291
40017300803,0.189127
40017300804,0.301812
40017300805,0.190398
40017300806,0.167204
40017300901,0.17213
40017300902,0.178108
40017300904,0.114282
40017300905,0.076728
40017301001,0.080442
40017301003,0.202858
40017301006,0.048792
40017301010,0.27398
40017301011,0.166922
40017301012,0.074055
40017301013,0.043528
40017301014,0.086064
40017301015,0.066327
40017301100,0.097738
40017301201,0.265503
40017301202,0.235885
40017301301,0.180509
40017301302,0.208923
40017301406,0.148905
40017301407,0.227521
40017301408,0.220701
40017301409,0.308641
40017301410,0.244576
40019892100,0.147718
40019892200,0.210509
40019892301,0.206613
40019892302,0.212396
40019892400,0.159662
40019892501,0.24375
40019892502,0.137411
40019892601,0.285483
40019892602,0.202107
40019892700,0.180723
40019892801,0.031784
40019892802,0.224965
40019892900,0.06627
40019893001,0.202038
40019893002,0.135109
40019893100,0.084685
40021977600,0.206908
40021977701,0.196644
40021977702,0.230714
40021977801,0.153913
40021977802,0.13226
40021977901,0.278936
40021977902,0.081299
40021978000,0.111452
40021978100,0.189617
40021978201,0.157848
40021978202,0.121352
40021978301,0.176124
40021978302,0.274144
40023966900,0.148466
40023967000,0.138482
40023967100,0.18805
40023967200,0.210138
40023967300,0.182772
40027200100,0.038988
40027200200,0.075631
40027200300,0.028116
40027200400,0.024567
40027200500,0.031586
40027200602,0.070185
40027200603,0.029665
40027200604,0.24194
40027200700,0.244698
40027200800,0.160568
40027200900,0.036587
40027201000,0.062143
40027201102,0.030272
40027201103,0.073624
40027201104,0.139467
40027201201,0.024865
40027201202,0.031711
40027201204,0.02367
40027201205,0.070099
40027201302,0.185652
40027201303,0.071258
40027201403,0.131561
40027201404,0.142031
40027201405,0.079385
40027201505,0.091872
40027201508,0.033702
40027201509,0.030174
40027201511,0.015538
40027201512,0.067132
40027201513,0.127023
40027201514,0.033775
40027201602,0.239911
40027201603,0.116495
40027201604,0.112378
40027201607,0.033993
40027201609,0.068892
40027201610,0.137281
40027201611,0.026491
40027201612,0.107909
40027201700,0.144787
40027201801,0.023906
40027201802,0.029782
40027201902,0.030265
40027201903,0.08068
40027201904,0.07314
40027202002,0.027129
40027202004,0.057371
40027202005,0.025696
40027202006,0.050017
40027202007,0.202085
40027202008,0.010774
40027202102,0.080049
40027202104,0.055157
40027202105,0.160862
40027202106,0.109708
40027202107,0.246764
40027202201,0.189494
40027202203,0.138755
40027202205,0.012939
40027202207,0.085976
40027202208,0.08988
40027202301,0.261382
40027202302,0.056217
40027202403,0.174361
40027202404,0.211011
40027202405,0.116084
40027202406,0.077158
40027202407,0.309816
40027202501,0.193706
40027202502,0.17668
40027202600,0.155469
40029388100,0.144416
40029388200,0.183328
40031000100,0.128757
40031000200,0.144383
40031000300,0.062627
40031000402,0.096991
40031000403,0.020018
40031000404,0.027333
40031000405,0.088229
40031000503,0.019268
40031000504,0.028092
40031000505,0.032914
40031000506,0.07109
40031000600,0.032821
40031000700,0.018215
40031000800,0.03408
40031000900,0.020373
40031001000,0.021963
40031001100,0.021524
40031001400,0.030255
40031001500,0.026896
40031001600,0.02501
40031001700,0.034018
40031001901,0.107146
40031001902,0.190852
40031002001,0.030637
40031002003,0.225264
40031002004,0.192059
40031002005,0.091999
40031002101,0.152788
40031002102,0.149583
40031002201,0.153066
40031002202,0.186507
40031002301,0.116934
40031002302,0.07501
40031002401,0.271575
40031002403,0.209687
40031002405,0.134677
40031002406,0.047538
40031002500,0.044357
40033871100,0.13831
40033871200,0.24122
40035373100,0.097486
40035373200,0.15103
40035373300,0.177574
40035373400,0.17679
40035373500,0.151697
40037020101,0.242319
40037020102,0.217194
40037020103,0.153251
40037020602,0.14189
40037020603,0.187976
40037020604,0.086222
40037020702,0.162033
40037020704,0.226072
40037020705,0.286567
40037020706,0.171317
40037020707,0.264265
40037020800,0.122968
40037020900,0.20941
40037021000,0.183719
40037021101,0.150927
40037021102,0.125544
40037021201,0.18741
40037021202,0.242282
40037021300,0.24189
40037021401,0.187463
40037021402,0.228176
40037021500,0.127034
40037021600,0.337752
40039950800,0.208952
40039960401,0.20869
40039960402,0.163792
40039960600,0.180855
40039960701,0.137674
40039960702,0.352283
40039961000,0.139317
40041375601,0.209482
40041375602,0.339054
40041375701,0.227908
40041375702,0.192786
40041375803,0.102662
40041375804,0.279414
40041375805,0.43451
40041375806,0.193748
40041375901,0.258347
40041375902,0.1491
40041376000,0.210942
40041376100,0.191865
40041976200,0.199667
40043959100,0.178176
40043959200,0.215412
40043959300,0.173521
40045952600,0.178052
40045952800,0.214738
40047000101,0.076468
40047000102,0.118345
40047000200,0.262848
40047000601,0.234552
40047000602,0.305283
40047000701,0.026372
40047000702,0.13388
40047001100,0.173513
40047001200,0.115397
40047001301,0.180219
40047001302,0.181702
40047001401,0.242101
40047001402,0.281541
40047001500,0.245737
40047001602,0.162038
40047001603,0.19926
40047001604,0.22194
40049681100,0.19071
40049681200,0.168265
40049681300,0.173578
40049681400,0.202703
40049681500,0.162163
40049681600,0.100846
40049681700,0.19528
40049681800,0.164624
40049681900,0.176386
40051000100,0.23622
40051000400,0.1115
40051000501,0.033525
40051000502,0.190901
40051000600,0.184833
40051000701,0.104188
40051000702,0.156021
40051000801,0.196327
40051000802,0.187619
40051000901,0.157009
40051000902,0.19449
40051000904,0.375137
40051000905,0.207089
40051000906,0.155125
40051001000,0.243653
40053956400,0.249117
40053956500,0.12454
40055967100,0.232046
40055967200,0.181505
40059952100,0.140858
40059952200,0.144598
40061279100,0.103819
40061279200,0.199003
40061279300,0.131074
40061279400,0.136605
40063484600,0.126744
40063484700,0.159789
40063484800,0.195944
40063484900,0.190146
40063485000,0.210351
40065968100,0.124443
40065968200,0.1924
40065968300,0.200962
40065968400,0.177839
40065968500,0.124932
40065968600,0.222721
40065968700,0.285932
40065968800,0.321651
40067371600,0.15966
40067371700,0.156267
40067371800,0.15452
40069660198,0.158731
40069660201,0.201738
40069660202,0.383786
40069660300,0.208154
40071000100,0.037715
40071000201,0.12313
40071000202,0.121275
40071000300,0.071898
40071000400,0.205667
40071000500,0.113999
40071000600,0.160092
40071001100,0.216379
40071001200,0.227139
40071001301,0.289028
40071001302,0.186857
40073958100,0.169227
40073958200,0.105785
40073958300,0.158905
40073958400,0.118446
40075963600,0.133309
40075963700,0.139875
40075964200,0.129606
40077087100,0.138028
40077087200,0.171078
40077087300,0.172459
40079040102,0.157083
40079040198,0.160562
40079040299,0.12
40079040301,0.119929
40079040302,0.072657
40079040303,0.109909
40079040401,0.165396
40079040402,0.194347
40079040500,0.138226
40079040601,0.16463
40079040602,0.172541
40079040700,0.173891
40081961100,0.172672
40081961200,0.098695
40081961300,0.120157
40081961401,0.152364
40081961402,0.074806
40081961500,0.22943
40081961600,0.127623
40081961700,0.1488
40083600101,0.143816
40083600200,0.209113
40083600300,0.200209
40083600401,0.160427
40083600402,0.075997
40083600501,0.154788
40083600502,0.225218
40083600600,0.174209
40083600700,0.223581
40083600801,0.075589
40083600802,0.162832
40083600903,0.148294
40083601000,0.188621
40085094100,0.241396
40085094200,0.180072
40085094300,0.246101
40087400103,0.152636
40087400104,0.184114
40087400105,0.189767
40087400106,0.226489
40087400201,0.133485
40087400203,0.134443
40087400204,0.176794
40087400300,0.216461
40087400400,0.153594
40089098200,0.09416
40089098300,0.207834
40089098400,0.134105
40089098501,0.206866
40089098502,0.173286
40089098600,0.140752
40089098700,0.153388
40089098800,0.204338
40089098900,0.196566
40091779601,0.253188
40091779602,0.205552
40091779700,0.136507
40091779900,0.189753
40091780100,0.220217
40091780200,0.161065
40091780301,0.147511
40091780302,0.162641
40093955100,0.177702
40093955200,0.132514
40093955300,0.189702
40095094698,0.20446
40095094700,0.196597
40095094803,0.180496
40095094804,0.455078
40095094805,0.268437
40095094806,0.357369
40097040100,0.191065
40097040200,0.18661
40097040300,0.125457
40097040400,0.139623
40097040501,0.216358
40097040502,0.19575
40097040600,0.13983
40097040700,0.138217
40097040801,0.204469
40097040802,0.119459
40099790600,0.145383
40099790701,0.139881
40099790702,0.193283
40099790801,0.243154
40099790802,0.259807
40101000100,0.194534
40101000200,0.218178
40101000300,0.198587
40101000400,0.199275
40101000600,0.169088
40101000700,0.11752
40101000801,0.022448
40101000802,0.159794
40101000901,0.153652
40101000902,0.030393
40101001000,0.20122
40101001100,0.088251
40101001200,0.221354
40101001301,0.159111
40101001302,0.209595
40101001401,0.21485
40101001402,0.106575
40101001501,0.158471
40101001502,0.094111
40101001600,0.186352
40103956600,0.1743
40103956900,0.237098
40103957000,0.236474
40103957100,0.219109
40105172100,0.111941
40105172200,0.09847
40105172300,0.153127
40105172400,0.138846
40107080600,0.153181
40107080700,0.130752
40107080900,0.188003
40107081000,0.162937
40109100100,0.013336
40109100201,0.010753
40109100202,0.171754
40109100203,0.015357
40109100300,0.064175
40109100400,0.015227
40109100500,0.134949
40109100800,0.09455
40109100900,0.014754
40109101000,0.07511
40109101100,0.209763
40109101200,0.126608
40109101300,0.069677
40109101400,0.017225
40109101500,0.034095
40109101800,0.23775
40109101900,0.02681
40109102000,0.064165
40109102100,0.037393
40109102200,0.04376
40109102300,0.025353
40109102400,0.038117
40109102500,0.091704
40109103200,0.068342
40109103300,0.018503
40109103900,0.025986
40109104100,0.021671
40109104200,0.075152
40109104300,0.078098
40109104400,0.031469
40109104500,0.023803
40109104600,0.019735
40109104700,0.035179
40109104800,0.102259
40109104900,0.032812
40109105000,0.030687
40109105101,0.044607
40109105201,0.026691
40109105202,0.020224
40109105300,0.141157
40109105400,0.068517
40109105500,0.032126
40109105600,0.060501
40109105903,0.102458
40109105904,0.074716
40109105905,0.052
40109105906,0.020001
40109105907,0.046303
40109106000,0.055762
40109106100,0.071025
40109106200,0.076873
40109106301,0.017009
40109106302,0.041798
40109106303,0.01398
40109106401,0.05007
40109106402,0.058842
40109106403,0.02265
40109106501,0.020756
40109106502,0.079103
40109106503,0.0297
40109106601,0.121879
40109106602,0.14242
40109106606,0.049267
40109106607,0.027744
40109106608,0.097595
40109106609,0.117856
40109106610,0.013295
40109106611,0.037903
40109106702,0.014626
40109106704,0.135954
40109106705,0.146298
40109106706,0.02413
40109106708,0.020459
40109106709,0.02689
40109106710,0.029272
40109106801,0.177914
40109106802,0.174716
40109106803,0.136277
40109106804,0.056971
40109106902,0.044373
40109106903,0.079402
40109106906,0.047155
40109106907,0.012305
40109106909,0.035458
40109106910,0.013013
40109106911,0.011526
40109106912,0.017193
40109106913,0.074444
40109106914,0.025091
40109106916,0.036214
40109106917,0.023063
40109107001,0.083443
40109107002,0.09391
40109107101,0.153738
40109107103,0.038837
40109107104,0.140131
40109107206,0.057732
40109107207,0.042462
40109107212,0.136629
40109107213,0.116335
40109107214,0.117366
40109107215,0.042302
40109107216,0.022666
40109107217,0.022654
40109107218,0.033034
40109107219,0.021168
40109107220,0.031471
40109107221,0.034145
40109107222,0.030504
40109107223,0.032232
40109107224,0.041927
40109107225,0.020941
40109107226,0.022477
40109107302,0.070971
40109107303,0.040085
40109107305,0.019228
40109107306,0.029505
40109107401,0.066538
40109107404,0.05602
40109107405,0.058516
40109107406,0.039439
40109107407,0.084335
40109107601,0.088102
40109107604,0.024717
40109107605,0.018059
40109107608,0.009978
40109107703,0.029998
40109107704,0.027751
40109107705,0.028786
40109107706,0.022326
40109107707,0.021124
40109107801,0.026115
40109107804,0.034322
40109107805,0.145863
40109107806,0.031553
40109107807,0.025751
40109107808,0.033011
40109107809,0.018563
40109107810,0.024992
40109107900,0.229642
40109108003,0.029157
40109108005,0.061696
40109108006,0.02411
40109108007,0.023074
40109108008,0.039028
40109108009,0.044032
40109108010,0.040401
40109108011,0.041807
40109108101,0.203278
40109108106,0.150931
40109108107,0.139314
40109108109,0.123806
40109108110,0.140994
40109108113,0.14241
40109108114,0.153225
40109108201,0.08604
40109108203,0.013946
40109108204,0.049439
40109108207,0.067392
40109108208,0.019252
40109108215,0.05254
40109108216,0.033556
40109108217,0.016633
40109108222,0.023111
40109108223,0.025141
40109108224,0.032117
40109108225,0.039912
40109108226,0.023672
40109108227,0.007356
40109108228,0.048377
40109108229,0.023251
40109108230,0.012902
40109108231,0.01012
40109108232,0.014455
40109108233,0.025459
40109108234,0.017305
40109108235,0.026665
40109108236,0.026285
40109108237,0.037003
40109108238,0.040874
40109108301,0.022524
40109108302,0.052288
40109108304,0.075221
40109108307,0.020355
40109108309,0.029408
40109108310,0.012093
40109108314,0.032774
40109108317,0.014906
40109108318,0.020668
40109108319,0.060433
40109108320,0.014611
40109108321,0.029392
40109108322,0.034358
40109108323,0.046955
40109108324,0.013007
40109108325,0.027089
40109108326,0.023823
40109108402,0.036274
40109108403,0.026702
40109108404,0.010326
40109108506,0.108666
40109108507,0.13643
40109108508,0.164012
40109108513,0.035885
40109108514,0.104244
40109108515,0.066843
40109108520,0.065462
40109108521,0.185422
40109108523,0.044743
40109108524,0.013562
40109108525,0.024518
40109108526,0.057378
40109108527,0.045353
40109108528,0.012487
40109108529,0.009192
40109108530,0.023496
40109108531,0.067569
40109108532,0.279417
40109108533,0.226258
40109108534,0.047111
40109108535,0.033009
40109108536,0.034959
40109108537,0.016099
40109108538,0.07382
40109108603,0.175527
40109108604,0.035866
40109108701,0.135619
40109108706,0.036037
40109108707,0.024176
40109108708,0.15054
40109108709,0.154253
40109108710,0.041712
40109108711,0.030466
40109108712,0.184751
40109108713,0.209492
40109108802,0.179889
40109108803,0.057946
40109108804,0.078128
40109108805,0.170341
40109108806,0.012203
40109108807,0.028401
40109108900,0.363477
40109109001,0.183277
40109109003,0.149442
40109109004,0.139258
40109109202,0.187909
40109109203,0.252684
40109109204,0.212075
40109109205,0.150274
40109109300,0.114469
40109109400,0.015323
40109109500,0.027097
40109109600,0.021399
40109109700,0.024155
40109109800,0.067726
40109109900,0.028131
40109110000,0.02508
40109980001,0.030814
40109980002,0.180455
40109980003,0.052177
40109980004,0.049422
40109980005,0.023567
40109980006,0.051785
40109980007,0.135309
40109980008,0.029668
40109980009,0.299256
40111000100,0.185045
40111000200,0.199313
40111000300,0.20628
40111000400,0.173176
40111000500,0.202395
40111000601,0.187373
40111000602,0.134651
40111000700,0.098199
40111000800,0.167727
40111000901,0.20927
40111000902,0.233421
40113940001,0.201559
40113940003,0.233319
40113940004,0.206491
40113940005,0.151754
40113940006,0.018155
40113940007,0.233485
40113940008,0.187796
40113940009,0.254047
40113940011,0.198693
40113940012,0.228595
40113940013,0.283036
40113940014,0.373905
40113940015,0.219617
40115574100,0.16047
40115574200,0.252175
40115574300,0.211927
40115574400,0.245476
40115574500,0.259337
40115574600,0.182795
40115574700,0.229055
40115574800,0.142358
40115574900,0.160984
40117957100,0.211545
40117957200,0.196972
40117957300,0.202178
40117957400,0.23212
40117957500,0.200842
40119010101,0.156033
40119010102,0.106367
40119010201,0.037236
40119010202,0.043062
40119010300,0.11331
40119010400,0.094032
40119010501,0.169168
40119010502,0.046033
40119010503,0.121516
40119010600,0.170011
40119010700,0.074249
40119010800,0.214095
40119010901,0.096035
40119010902,0.178304
40119011001,0.168924
40119011002,0.19418
40119011101,0.237526
40119011103,0.245451
40119011104,0.228124
40119011200,0.213367
40119011301,0.169792
40119011302,0.049156
40119011400,0.183185
40121485601,0.322325
40121485602,0.271353
40121485700,0.180121
40121485800,0.134534
40121485900,0.245693
40121486000,0.160733
40121486100,0.12672
40121486200,0.207781
40121486300,0.209382
40121486400,0.182211
40121486500,0.122107
40121486600,0.200974
40121486700,0.163538
40121486800,0.220687
40123088600,0.201264
40123088700,0.177047
40123088801,0.261673
40123088802,0.123849
40123088900,0.228614
40123089000,0.20589
40123089100,0.099146
40123089200,0.057662
40123089300,0.152603
40123089598,0.164158
40123089600,0.234542
40125500200,0.182671
40125500301,0.236103
40125500302,0.296201
40125500400,0.348279
40125500500,0.238318
40125500600,0.310662
40125500700,0.240914
40125500800,0.270315
40125500901,0.186509
40125500902,0.232267
40125501003,0.14143
40125501004,0.18786
40125501005,0.194117
40125501006,0.300318
40125501101,0.149973
40125501103,0.155171
40125501104,0.28537
40125501105,0.303685
40125501201,0.240183
40125501300,0.209114
40127097600,0.16245
40127097701,0.184629
40127097702,0.190749
40127097800,0.168388
40129960000,0.114989
40131050101,0.221742
40131050103,0.338164
40131050104,0.264108
40131050105,0.180362
40131050201,0.226599
40131050202,0.186014
40131050203,0.176526
40131050301,0.216573
40131050302,0.258482
40131050303,0.246015
40131050304,0.208277
40131050403,0.28023
40131050404,0.249019
40131050405,0.17358
40131050406,0.104535
40131050407,0.125974
40131050408,0.19545
40131050409,0.180757
40131050501,0.189634
40131050502,0.170728
40131050601,0.190212
40131050602,0.174499
40131050603,0.226434
40131050604,0.137023
40131050701,0.228204
40131050702,0.241438
40131050801,0.127281
40131050802,0.11743
40133583100,0.187208
40133583200,0.238029
40133583300,0.288774
40133583400,0.211969
40133583500,0.072951
40133583600,0.190141
40133583700,0.189224
40133583800,0.216871
40133583900,0.197528
40135030101,0.113929
40135030103,0.234254
40135030105,0.12492
40135030106,0.217096
40135030201,0.160945
40135030202,0.151545
40135030301,0.187621
40135030303,0.297806
40135030304,0.172021
40135030401,0.187859
40135030403,0.191053
40135030404,0.179589
40137000101,0.08467
40137000102,0.141795
40137000200,0.180036
40137000300,0.18568
40137000400,0.290368
40137000600,0.135785
40137000800,0.155748
40137000901,0.167099
40137000902,0.198996
40137001000,0.107314
40137001100,0.170254
40141070100,0.18217
40141070200,0.194269
40141070300,0.15039
40141070400,0.310458
40141070500,0.150689
40143000200,0.078207
40143000300,0.021944
40143000400,0.014943
40143000500,0.07488
40143000800,0.015228
40143000900,0.008722
40143001000,0.037149
40143001200,0.079268
40143001300,0.04409
40143001400,0.049849
40143001500,0.035066
40143001600,0.116914
40143001700,0.143491
40143001800,0.132393
40143001900,0.165743
40143002000,0.137887
40143002100,0.091849
40143002301,0.129166
40143002500,0.063749
40143002700,0.075564
40143002900,0.142518
40143003000,0.12014
40143003100,0.043622
40143003200,0.023264
40143003300,0.026861
40143003400,0.143301
40143003500,0.090512
40143003600,0.098213
40143003700,0.027473
40143003800,0.030827
40143003900,0.066161
40143004000,0.026323
40143004101,0.046533
40143004200,0.077591
40143004301,0.02234
40143004302,0.020342
40143004400,0.066735
40143004500,0.03616
40143004600,0.096988
40143004700,0.137697
40143004800,0.103989
40143004900,0.162569
40143005001,0.02337
40143005002,0.078876
40143005100,0.038636
40143005200,0.037852
40143005300,0.011422
40143005401,0.140708
40143005403,0.191924
40143005404,0.179445
40143005500,0.224239
40143005600,0.228182
40143005700,0.209638
40143005801,0.038197
40143005805,0.055019
40143005808,0.091065
40143005809,0.036184
40143005810,0.15414
40143005811,0.135444
40143005812,0.008754
40143005813,0.02614
40143005900,0.118743
40143006000,0.080144
40143006200,0.020216
40143006506,0.120073
40143006507,0.249905
40143006600,0.131178
40143006701,0.111578
40143006703,0.041403
40143006708,0.070643
40143006709,0.086908
40143006710,0.075412
40143006711,0.031649
40143006712,0.092827
40143006713,0.081872
40143006801,0.023837
40143006803,0.077944
40143006804,0.077855
40143006901,0.025416
40143006902,0.016989
40143006903,0.026185
40143006905,0.021056
40143006906,0.087529
40143006907,0.0426
40143007000,0.04586
40143007101,0.01994
40143007102,0.044256
40143007200,0.163485
40143007304,0.06863
40143007306,0.033187
40143007308,0.178241
40143007309,0.14316
40143007310,0.047581
40143007311,0.035389
40143007312,0.060021
40143007313,0.063349
40143007314,0.082006
40143007402,0.028237
40143007408,0.045059
40143007409,0.013775
40143007410,0.037742
40143007411,0.029427
40143007412,0.013464
40143007413,0.021655
40143007414,0.03283
40143007415,0.101381
40143007416,0.017229
40143007417,0.085907
40143007503,0.019278
40143007507,0.016266
40143007510,0.033828
40143007511,0.01389
40143007512,0.027735
40143007518,0.015132
40143007519,0.008623
40143007520,0.012573
40143007522,0.046243
40143007523,0.040588
40143007525,0.02832
40143007526,0.051162
40143007527,0.027605
40143007528,0.048576
40143007529,0.020003
40143007530,0.060588
40143007531,0.053826
40143007532,0.021295
40143007533,0.03868
40143007534,0.037647
40143007535,0.101287
40143007536,0.019668
40143007608,0.034423
40143007611,0.039036
40143007612,0.009709
40143007613,0.038965
40143007614,0.070315
40143007615,0.016786
40143007616,0.049972
40143007617,0.021337
40143007619,0.016184
40143007629,0.089994
40143007630,0.11809
40143007631,0.016919
40143007632,0.036447
40143007633,0.053335
40143007634,0.036564
40143007636,0.110759
40143007638,0.046056
40143007639,0.029867
40143007641,0.033175
40143007642,0.046085
40143007643,0.034808
40143007644,0.015747
40143007645,0.015084
40143007646,0.163922
40143007647,0.040396
40143007648,0.062705
40143007649,0.049834
40143007650,0.131735
40143007651,0.244769
40143007652,0.154404
40143007653,0.039429
40143007654,0.024171
40143007655,0.165325
40143007656,0.085017
40143007703,0.167386
40143007704,0.145785
40143007705,0.149642
40143007706,0.015528
40143007707,0.158095
40143007801,0.193969
40143007803,0.180426
40143007804,0.379478
40143007900,0.152863
40143008001,0.240517
40143008002,0.050751
40143008200,0.054905
40143008300,0.173462
40143008400,0.011374
40143008501,0.031933
40143008502,0.062761
40143008600,0.029421
40143008700,0.027811
40143008800,0.066939
40143008900,0.110438
40143009006,0.024877
40143009008,0.070338
40143009010,0.013362
40143009011,0.103148
40143009012,0.028292
40143009013,0.03381
40143009014,0.02205
40143009015,0.048185
40143009016,0.028328
40143009017,0.011879
40143009018,0.020683
40143009019,0.025492
40143009020,0.01933
40143009021,0.039874
40143009101,0.285316
40143009104,0.242878
40143009200,0.158784
40143009300,0.213691
40143009401,0.198368
40143009403,0.121296
40143009404,0.206889
40143009500,0.166741
40143011300,0.025125
40143011400,0.024308
40145030101,0.162315
40145030102,0.166021
40145030201,0.309379
40145030202,0.123689
40145030300,0.207598
40145030402,0.073832
40145030403,0.199456
40145030406,0.02829
40145030407,0.034006
40145030408,0.160048
40145030502,0.07409
40145030505,0.028688
40145030506,0.109602
40145030507,0.012711
40145030508,0.154595
40145030509,0.020002
40145030510,0.159189
40145030511,0.112425
40145030512,0.165885
40145030601,0.034671
40145030603,0.164481
40145030604,0.216017
40145030605,0.083886
40145030798,0.150251
40145030800,0.149055
40147000100,0.053034
40147000200,0.185298
40147000300,0.112759
40147000400,0.211801
40147000500,0.025736
40147000601,0.245781
40147000602,0.293599
40147000700,0.198726
40147000800,0.240847
40147000900,0.031888
40147001000,0.141695
40147001100,0.180806
40147001200,0.234547
40147001300,0.153223
40149964900,0.217107
40149965000,0.20035
40149965100,0.163719
40149965400,0.191259
40151954201,0.135623
40151954202,0.178214
40151954300,0.263757
40151954400,0.227602
40153953100,0.133209
40153953200,0.178394
40153953300,0.182939
40153953400,0.200881
40153953500,0.312788
04001944902,0.060871
04001945100,0.101055
04001970201,0.171663
04001970202,0.096005
04001970300,0.171982
04001970501,0.105164
04001970502,0.149496
04003000101,0.091254
04003000102,0.178343
04003000201,0.070816
04003000202,0.10238
04003000203,0.145954
04003000301,0.109662
04003000303,0.09375
04003000304,0.146934
04003000305,0.220597
04003000400,0.065365
04003000501,0.087392
04003000502,0.117025
04003000503,0.264832
04003000600,0.086778
04003000700,0.224237
04003000800,0.043938
04003000901,0.02174
04003000902,0.076643
04003001000,0.09271
04003001100,0.072049
04003001200,0.084312
04003001301,0.077121
04003001302,0.108996
04003001401,0.03617
04003001402,0.042172
04003001501,0.034001
04003001502,0.044951
04003001601,0.018409
04003001602,0.056523
04003001701,0.105459
04003001702,0.041906
04003001703,0.20363
04003001801,0.027597
04003001802,0.017194
04003001900,0.118571
04003002001,0.10271
04003002002,0.04179
04003002100,0.036645
04005000200,0.03954
04005000601,0.035254
04005000602,0.080801
04005000700,0.180331
04005000800,0.052912
04005000901,0.047769
04005000902,0.022401
04005001000,0.051181
04005001101,0.027347
04005001103,0.099028
04005001104,0.117293
04005001201,0.118879
04005001302,0.079977
04005001500,0.12962
04005001601,0.121442
04005001602,0.128364
04005001700,0.125933
04005002201,0.144371
04005002202,0.065631
04005002302,0.0997
04005945100,0.05967
04005980100,0.403728
04005980200,0.045692
04007000100,0.119994
04007000200,0.174652
04007000301,0.166
04007000302,0.16964
04007000400,0.152932
04007000500,0.201541
04007000600,0.267227
04007000700,0.193147
04007000800,0.303034
04007000900,0.13706
04007001000,0.161084
04007001100,0.128213
04007001200,0.165918
04007001300,0.120439
04007940200,0.117074
04007940400,0.055347
04009940500,0.109137
04009961100,0.209504
04009961201,0.106715
04009961202,0.27263
04009961300,0.120736
04009961400,0.217068
04009961500,0.146053
04009961600,0.186886
04009961700,0.196982
04011960100,0.099874
04011960200,0.108258
04011960300,0.102761
04012020101,0.129458
04012020102,0.088426
04013010102,0.123128
04013010103,0.152865
04013010104,0.037317
04013030401,0.074617
04013030402,0.027193
04013040502,0.090934
04013040506,0.025497
04013040507,0.04129
04013040512,0.167174
04013040513,0.086128
04013040514,0.036856
04013040515,0.072651
04013040516,0.017525
04013040522,0.109542
04013040523,0.071324
04013040524,0.073331
04013040525,0.102565
04013040526,0.025858
04013040527,0.123853
04013040528,0.057724
04013040529,0.146551
04013040530,0.015901
04013040531,0.084368
04013040532,0.022741
04013040533,0.017817
04013040534,0.01895
04013040535,0.04489
04013040536,0.012314
04013040537,0.072378
04013040538,0.026971
04013040539,0.068078
04013040540,0.06701
04013040541,0.077604
04013050603,0.225711
04013050604,0.241497
04013050609,0.059766
04013050611,0.01364
04013050612,0.012422
04013050613,0.071808
04013050614,0.019861
04013050615,0.013174
04013050616,0.033392
04013050617,0.046233
04013050618,0.018548
04013050619,0.016321
04013050620,0.015846
04013050621,0.033603
04013050701,0.057409
04013050702,0.032108
04013060801,0.045191
04013060802,0.060769
04013060901,0.019534
04013060902,0.032332
04013060903,0.069838
04013060904,0.263018
04013061010,0.063251
04013061011,0.026434
04013061013,0.01926
04013061014,0.023139
04013061015,0.018551
04013061017,0.035564
04013061018,0.014333
04013061020,0.013785
04013061021,0.013611
04013061024,0.048888
04013061026,0.015301
04013061027,0.019743
04013061028,0.020071
04013061029,0.01511
04013061031,0.019656
04013061032,0.011802
04013061033,0.015468
04013061034,0.020372
04013061035,0.043398
04013061036,0.011353
04013061037,0.013937
04013061038,0.015564
04013061039,0.026195
04013061040,0.021853
04013061041,0.018258
04013061042,0.022567
04013061043,0.013116
04013061044,0.014024
04013061045,0.017967
04013061046,0.044135
04013061047,0.021457
04013061048,0.014834
04013061049,0.010794
04013061050,0.030799
04013061051,0.013656
04013061052,0.013083
04013061053,0.0163
04013061054,0.053936
04013061055,0.011566
04013061056,0.011919
04013061057,0.012086
04013061058,0.01401
04013061059,0.016116
04013061060,0.017536
04013061061,0.010694
04013061062,0.013541
04013061063,0.027091
04013061064,0.012966
04013061100,0.124128
04013061200,0.018131
04013061300,0.039365
04013061401,0.034187
04013061402,0.070674
04013071503,0.047883
04013071504,0.020113
04013071505,0.038933
04013071506,0.033438
04013071509,0.016605
04013071510,0.020552
04013071511,0.053956
04013071512,0.013268
04013071513,0.040369
04013071514,0.018044
04013071515,0.040815
04013071516,0.036499
04013071517,0.01732
04013071600,0.220316
04013071701,0.024111
04013071702,0.04337
04013071801,0.032482
04013071802,0.03437
04013071903,0.01336
04013071906,0.030265
04013071909,0.02491
04013071910,0.015703
04013071911,0.022059
04013071912,0.034144
04013071913,0.040441
04013071914,0.014651
04013071915,0.025837
04013082002,0.016763
04013082007,0.018267
04013082008,0.027827
04013082009,0.016127
04013082010,0.022741
04013082012,0.017559
04013082016,0.020713
04013082017,0.024699
04013082018,0.015472
04013082019,0.012844
04013082020,0.015566
04013082021,0.031937
04013082022,0.019052
04013082023,0.054512
04013082024,0.027352
04013082025,0.035339
04013082026,0.016487
04013082027,0.039088
04013082028,0.01543
04013082204,0.023361
04013082205,0.017682
04013082206,0.01532
04013082207,0.013583
04013082208,0.01994
04013082209,0.046928
04013082210,0.022649
04013082211,0.026214
04013082212,0.014002
04013082213,0.011581
04013083000,0.020465
04013092305,0.016175
04013092306,0.020114
04013092307,0.033316
04013092308,0.012583
04013092309,0.012394
04013092311,0.030252
04013092312,0.02539
04013092401,0.021028
04013092402,0.011926
04013092500,0.017141
04013092600,0.043913
04013092705,0.026504
04013092708,0.020651
04013092709,0.012948
04013092710,0.028799
04013092711,0.014752
04013092712,0.02083
04013092713,0.014946
04013092715,0.027884
04013092716,0.011944
04013092717,0.03111
04013092718,0.024749
04013092719,0.022761
04013092720,0.022672
04013092721,0.011617
04013092723,0.015096
04013092724,0.039077
04013092801,0.016385
04013092802,0.035966
04013092900,0.021446
04013093001,0.012676
04013093002,0.011841
04013093101,0.038101
04013093104,0.02535
04013093105,0.011605
04013093106,0.029067
04013093200,0.034572
04013103205,0.023829
04013103206,0.015713
04013103207,0.014139
04013103208,0.053636
04013103209,0.021852
04013103210,0.01387
04013103211,0.021689
04013103212,0.010031
04013103214,0.012529
04013103215,0.029356
04013103216,0.013765
04013103217,0.010921
04013103219,0.071651
04013103220,0.028807
04013103302,0.011447
04013103303,0.018705
04013103304,0.014263
04013103305,0.031413
04013103306,0.020543
04013103400,0.019645
04013103501,0.013487
04013103502,0.03012
04013103604,0.063172
04013103605,0.012443
04013103606,0.010657
04013103607,0.052381
04013103608,0.018107
04013103609,0.016645
04013103611,0.020801
04013103612,0.017348
04013103614,0.016261
04013103615,0.029013
04013103701,0.024495
04013103702,0.045326
04013103900,0.019498
04013104000,0.020765
04013104100,0.022477
04013104202,0.011973
04013104203,0.013232
04013104204,0.00935
04013104205,0.013062
04013104206,0.012845
04013104207,0.01109
04013104212,0.012696
04013104214,0.015615
04013104215,0.017903
04013104216,0.0211
04013104217,0.025574
04013104218,0.013839
04013104219,0.012745
04013104221,0.016085
04013104222,0.01332
04013104223,0.013354
04013104224,0.013126
04013104225,0.013419
04013104226,0.020733
04013104227,0.031921
04013104301,0.02139
04013104302,0.028714
04013104401,0.02063
04013104402,0.019721
04013104501,0.024895
04013104502,0.029339
04013104600,0.022135
04013104701,0.031
04013104702,0.023726
04013104801,0.030255
04013104802,0.009342
04013104900,0.009662
04013105002,0.013236
04013105003,0.01485
04013105004,0.02779
04013105101,0.013853
04013105102,0.030755
04013105103,0.039739
04013105200,0.016504
04013105300,0.013998
04013105400,0.021358
04013105501,0.014598
04013105502,0.015734
04013105503,0.020057
04013105601,0.030816
04013105602,0.012537
04013105701,0.015392
04013105702,0.013173
04013105800,0.009936
04013105900,0.023511
04013106001,0.02691
04013106002,0.014038
04013106003,0.01299
04013106100,0.013126
04013106200,0.034587
04013106300,0.013867
04013106400,0.014406
04013106501,0.010501
04013106502,0.01289
04013106600,0.013205
04013106701,0.02802
04013106702,0.031707
04013106703,0.03244
04013106801,0.036723
04013106802,0.016603
04013106900,0.012185
04013107001,0.016465
04013107002,0.011709
04013107101,0.034874
04013107102,0.014315
04013107201,0.163005
04013107202,0.011332
04013107300,0.015691
04013107401,0.013872
04013107402,0.026857
04013107403,0.0208
04013107404,0.022873
04013107500,0.017517
04013107601,0.019775
04013107602,0.025037
04013107700,0.019177
04013107800,0.063251
04013107900,0.05275
04013108000,0.011735
04013108100,0.024967
04013108200,0.041777
04013108301,0.064801
04013108302,0.026339
04013108400,0.025704
04013108501,0.027057
04013108502,0.083763
04013108601,0.014577
04013108602,0.015535
04013108802,0.015206
04013108901,0.016786
04013108902,0.011964
04013109001,0.033018
04013109002,0.012774
04013109003,0.012517
04013109101,0.016262
04013109102,0.030827
04013109200,0.028575
04013109300,0.016013
04013109401,0.011607
04013109402,0.02943
04013109500,0.014781
04013109601,0.030713
04013109602,0.016919
04013109603,0.011774
04013109604,0.020657
04013109702,0.029036
04013109703,0.015202
04013109704,0.022711
04013109705,0.021093
04013109706,0.014151
04013109707,0.012654
04013109801,0.016061
04013109802,0.01827
04013109900,0.022342
04013110001,0.016177
04013110002,0.065352
04013110100,0.018447
04013110400,0.012562
04013110501,0.016215
04013110502,0.015034
04013110600,0.018882
04013110701,0.041951
04013110702,0.013046
04013110801,0.02288
04013110802,0.009729
04013110901,0.027761
04013110902,0.042002
04013111000,0.016983
04013111100,0.013105
04013111201,0.014985
04013111202,0.01233
04013111203,0.052405
04013111204,0.023229
04013111300,0.011294
04013111401,0.048056
04013111402,0.012317
04013111501,0.012503
04013111502,0.012175
04013111601,0.015492
04013111602,0.03443
04013111700,0.014126
04013111800,0.02146
04013111900,0.057464
04013112100,0.012972
04013112201,0.014036
04013112202,0.020185
04013112301,0.015377
04013112302,0.019782
04013112401,0.015345
04013112402,0.016277
04013112502,0.012301
04013112504,0.019098
04013112507,0.018314
04013112508,0.050214
04013112510,0.015734
04013112512,0.028452
04013112514,0.015679
04013112515,0.015528
04013112516,0.018901
04013112517,0.018978
04013112518,0.016252
04013112519,0.011679
04013112520,0.046941
04013112521,0.030412
04013112522,0.019551
04013112523,0.031609
04013112524,0.018777
04013112601,0.056353
04013112602,0.015348
04013112700,0.018709
04013112900,0.017853
04013113000,0.018655
04013113100,0.016986
04013113201,0.043654
04013113202,0.065295
04013113204,0.031702
04013113301,0.025509
04013113502,0.014994
04013113503,0.017932
04013113601,0.028135
04013113602,0.048514
04013113701,0.017556
04013113702,0.015984
04013113800,0.036914
04013113900,0.041392
04013114000,0.02474
04013114100,0.045959
04013114200,0.015348
04013114301,0.023164
04013114302,0.01602
04013114401,0.030836
04013114402,0.024683
04013114500,0.015488
04013114600,0.019284
04013114704,0.061291
04013114705,0.242434
04013114800,0.065455
04013114900,0.016451
04013115200,0.025092
04013115300,0.051569
04013115400,0.019506
04013115500,0.016203
04013115600,0.014897
04013115700,0.017231
04013115801,0.020148
04013115802,0.016106
04013115900,0.016118
04013116000,0.017005
04013116100,0.016083
04013116202,0.016657
04013116203,0.02968
04013116204,0.027316
04013116205,0.022502
04013116300,0.015035
04013116400,0.023529
04013116500,0.017117
04013116605,0.01795
04013116606,0.048351
04013116607,0.021283
04013116610,0.059113
04013116611,0.036547
04013116612,0.012056
04013116614,0.01679
04013116615,0.016772
04013116616,0.019635
04013116617,0.05981
04013116618,0.021281
04013116619,0.013574
04013116620,0.017642
04013116621,0.015712
04013116703,0.019574
04013116707,0.018668
04013116708,0.042781
04013116709,0.020558
04013116710,0.013253
04013116711,0.015362
04013116712,0.021087
04013116713,0.018704
04013116714,0.013576
04013116715,0.01879
04013116717,0.039176
04013116718,0.040965
04013116719,0.017651
04013116720,0.018051
04013116721,0.016767
04013116725,0.029481
04013116727,0.037712
04013116728,0.011616
04013116729,0.037852
04013116730,0.09782
04013116731,0.037698
04013116732,0.020389
04013116733,0.108846
04013116734,0.021541
04013116735,0.014876
04013116736,0.015479
04013116737,0.01706
04013116738,0.012588
04013116800,0.022481
04013116900,0.042974
04013117000,0.012914
04013117100,0.013702
04013117200,0.029631
04013117300,0.052341
04013216806,0.032485
04013216807,0.014598
04013216809,0.014905
04013216810,0.02351
04013216813,0.021526
04013216816,0.013803
04013216819,0.013875
04013216820,0.016221
04013216821,0.015135
04013216822,0.02012
04013216826,0.022086
04013216829,0.044055
04013216830,0.017853
04013216831,0.030544
04013216832,0.013065
04013216833,0.056806
04013216834,0.050797
04013216835,0.019763
04013216836,0.02389
04013216837,0.015228
04013216838,0.011376
04013216839,0.015945
04013216840,0.03871
04013216841,0.022241
04013216842,0.016083
04013216843,0.02732
04013216844,0.018209
04013216845,0.039391
04013216849,0.030572
04013216850,0.042023
04013216851,0.071164
04013216852,0.008621
04013216853,0.014277
04013216854,0.032862
04013216855,0.022572
04013216856,0.044471
04013216857,0.027653
04013216858,0.023269
04013216859,0.013049
04013216860,0.04337
04013216861,0.014523
04013216901,0.017161
04013216902,0.01189
04013217001,0.04788
04013217002,0.013573
04013217101,0.043656
04013217102,0.015692
04013217201,0.033985
04013217203,0.03526
04013217204,0.02651
04013217300,0.039789
04013217400,0.032306
04013217501,0.01236
04013217502,0.015582
04013217600,0.02034
04013217700,0.079445
04013217800,0.012498
04013217900,0.018401
04013218000,0.016158
04013218100,0.019905
04013218200,0.014143
04013218300,0.038533
04013318400,0.05149
04013318501,0.019206
04013318700,0.0347
04013318800,0.012283
04013318900,0.010597
04013319001,0.015152
04013319002,0.013169
04013319101,0.045272
04013319103,0.018797
04013319104,0.099813
04013319201,0.012868
04013319202,0.030649
04013319300,0.016
04013319401,0.013014
04013319402,0.01029
04013319403,0.012086
04013319404,0.028775
04013319500,0.01885
04013319600,0.011608
04013319705,0.051748
04013319706,0.071975
04013319707,0.023955
04013319708,0.017585
04013319709,0.038169
04013319710,0.020603
04013319801,0.014785
04013319802,0.009601
04013319902,0.020374
04013319903,0.012632
04013319904,0.043353
04013319905,0.011152
04013319906,0.030099
04013319907,0.014145
04013319908,0.028679
04013319909,0.018118
04013319910,0.0236
04013320001,0.03729
04013320002,0.097349
04013320007,0.008699
04013320100,0.023977
04013420104,0.042604
04013420105,0.019216
04013420107,0.013762
04013420108,0.017257
04013420109,0.020653
04013420110,0.013398
04013420111,0.012972
04013420112,0.019721
04013420113,0.019016
04013420114,0.050621
04013420115,0.032731
04013420116,0.061365
04013420202,0.038846
04013420206,0.019856
04013420207,0.016409
04013420208,0.01425
04013420209,0.012562
04013420210,0.016197
04013420211,0.024283
04013420212,0.035148
04013420213,0.013848
04013420214,0.070916
04013420215,0.018041
04013420216,0.015165
04013420301,0.040402
04013420302,0.016939
04013420303,0.012152
04013420304,0.040081
04013420401,0.095492
04013420402,0.028785
04013420503,0.02894
04013420504,0.025086
04013420505,0.013239
04013420506,0.115814
04013420602,0.021363
04013420603,0.014786
04013420604,0.01378
04013420704,0.015512
04013420705,0.01732
04013420706,0.019701
04013420707,0.026559
04013420708,0.030638
04013420709,0.024762
04013420710,0.025496
04013420800,0.013232
04013420901,0.013587
04013420902,0.012686
04013421001,0.151016
04013421002,0.020326
04013421101,0.056228
04013421102,0.043689
04013421201,0.021457
04013421202,0.09583
04013421302,0.027209
04013421303,0.025211
04013421304,0.016648
04013421400,0.01459
04013421501,0.014383
04013421502,0.016698
04013421601,0.042579
04013421602,0.014578
04013421701,0.01465
04013421702,0.030013
04013421801,0.017667
04013421802,0.019347
04013421901,0.014513
04013421902,0.030966
04013422001,0.018413
04013422002,0.027332
04013422102,0.018022
04013422103,0.030995
04013422104,0.014121
04013422105,0.019617
04013422106,0.078136
04013422107,0.055197
04013422203,0.044998
04013422209,0.012974
04013422210,0.010834
04013422211,0.014989
04013422212,0.037099
04013422213,0.016741
04013422215,0.016559
04013422216,0.020602
04013422217,0.069906
04013422218,0.008459
04013422219,0.011897
04013422220,0.021636
04013422221,0.02261
04013422222,0.010274
04013422223,0.018361
04013422224,0.036527
04013422225,0.017673
04013422226,0.07265
04013422227,0.013609
04013422301,0.021174
04013422302,0.016803
04013422304,0.062205
04013422305,0.012897
04013422307,0.026937
04013422308,0.01884
04013422309,0.020788
04013422401,0.032971
04013422402,0.012662
04013422403,0.016017
04013422404,0.017724
04013422501,0.012488
04013422502,0.018766
04013422503,0.010132
04013422504,0.045845
04013422506,0.057547
04013422507,0.019827
04013422508,0.015059
04013422509,0.071201
04013422510,0.019196
04013422511,0.01683
04013422512,0.012717
04013422513,0.024877
04013422514,0.059526
04013422607,0.051225
04013422609,0.05378
04013422610,0.019826
04013422615,0.019358
04013422617,0.015371
04013422618,0.019606
04013422620,0.028112
04013422621,0.041235
04013422622,0.015615
04013422623,0.01479
04013422624,0.02221
04013422625,0.034987
04013422626,0.015954
04013422627,0.026914
04013422628,0.040948
04013422629,0.04146
04013422630,0.013192
04013422632,0.03379
04013422633,0.021692
04013422634,0.037711
04013422636,0.019958
04013422637,0.012892
04013422638,0.022713
04013422639,0.031793
04013422640,0.025627
04013422642,0.022736
04013422643,0.021782
04013422647,0.014755
04013422648,0.012465
04013422649,0.016315
04013422650,0.017524
04013422651,0.014788
04013422652,0.02617
04013422653,0.015116
04013422654,0.012769
04013422655,0.020192
04013422656,0.029423
04013422657,0.015569
04013422658,0.015598
04013422659,0.022036
04013422660,0.01983
04013522801,0.281384
04013522802,0.012813
04013522901,0.015158
04013522903,0.082672
04013522904,0.012969
04013523002,0.014099
04013523005,0.013779
04013523006,0.066477
04013523007,0.076599
04013523008,0.011523
04013523102,0.018511
04013523103,0.02486
04013523104,0.019968
04013610001,0.205461
04013610002,0.105824
04013610100,0.024089
04013610201,0.029653
04013610202,0.021347
04013610301,0.036814
04013610302,0.017596
04013610400,0.020153
04013610500,0.018732
04013610600,0.015551
04013610700,0.08751
04013610800,0.042997
04013610901,0.031
04013610902,0.020705
04013610903,0.024808
04013611000,0.022346
04013611100,0.012149
04013611200,0.012667
04013611300,0.020189
04013611400,0.03547
04013611500,0.011339
04013611600,0.013581
04013611700,0.025233
04013611800,0.016583
04013611900,0.021297
04013612000,0.022754
04013612200,0.038405
04013612301,0.025689
04013612302,0.016721
04013612401,0.010822
04013612402,0.030706
04013612500,0.05468
04013612600,0.016511
04013612700,0.027747
04013612800,0.0399
04013612900,0.015799
04013613000,0.013297
04013613100,0.01261
04013613200,0.018181
04013613300,0.014491
04013613400,0.014269
04013613500,0.060466
04013613601,0.014679
04013613602,0.016085
04013613700,0.039167
04013613800,0.013229
04013613900,0.016617
04013614000,0.015201
04013614100,0.01155
04013614200,0.019501
04013614300,0.037245
04013614400,0.034565
04013614500,0.018688
04013614601,0.026669
04013614602,0.042294
04013614700,0.027385
04013614800,0.011653
04013614900,0.087004
04013615001,0.012875
04013615002,0.018916
04013615100,0.039706
04013615201,0.027674
04013615202,0.048205
04013615300,0.024232
04013615400,0.022474
04013615500,0.025548
04013615600,0.038835
04013615700,0.029027
04013615800,0.012443
04013615900,0.021553
04013616000,0.018114
04013616100,0.009982
04013616200,0.024886
04013616300,0.012364
04013616400,0.045168
04013616500,0.013716
04013616600,0.013841
04013616700,0.027593
04013616800,0.014527
04013616900,0.015156
04013617001,0.056685
04013617002,0.040982
04013617100,0.036788
04013617200,0.020317
04013617300,0.016857
04013617400,0.071107
04013617500,0.023209
04013617600,0.017337
04013617700,0.029394
04013617800,0.036063
04013617900,0.017298
04013618000,0.015344
04013618100,0.013223
04013618200,0.010629
04013618300,0.009929
04013618400,0.011805
04013618500,0.016279
04013618600,0.016244
04013618700,0.007848
04013618800,0.018528
04013618900,0.020435
04013619000,0.026787
04013619100,0.025533
04013619200,0.030579
04013619300,0.014872
04013619400,0.034632
04013619500,0.016789
04013619601,0.026246
04013619602,0.014247
04013619700,0.012684
04013619800,0.010031
04013619900,0.017717
04013723304,0.072184
04013723305,0.081926
04013723306,0.079308
04013723307,0.036448
04013723309,0.011008
04013723310,0.019484
04013723311,0.01851
04013810000,0.025289
04013810100,0.014327
04013810200,0.029435
04013810300,0.015079
04013810400,0.016429
04013810500,0.013822
04013810600,0.018455
04013810700,0.011939
04013810800,0.018449
04013810900,0.01839
04013811000,0.03617
04013811100,0.051972
04013811200,0.031564
04013811300,0.015125
04013811400,0.012778
04013811500,0.011905
04013811600,0.01372
04013811700,0.011889
04013811800,0.026992
04013811900,0.017935
04013812000,0.049231
04013812100,0.025057
04013812200,0.019494
04013812300,0.016244
04013812400,0.015597
04013812500,0.019796
04013812600,0.018847
04013812700,0.017437
04013812801,0.011916
04013812802,0.042605
04013812900,0.010336
04013813000,0.015913
04013813100,0.012379
04013813200,0.012759
04013813300,0.02154
04013813400,0.018235
04013813500,0.026085
04013813600,0.012835
04013813700,0.02304
04013813800,0.021075
04013813900,0.018111
04013814000,0.021736
04013814100,0.011843
04013814200,0.031671
04013814300,0.017974
04013814400,0.017364
04013814500,0.057122
04013814600,0.018715
04013814700,0.013994
04013814801,0.017561
04013814802,0.019509
04013814900,0.014068
04013815000,0.014387
04013815100,0.010892
04013815201,0.024131
04013815202,0.011493
04013815203,0.020719
04013815300,0.045253
04013815401,0.017756
04013815402,0.018586
04013815501,0.013536
04013815502,0.039956
04013815601,0.01616
04013815602,0.012857
04013815700,0.018706
04013815800,0.017853
04013815901,0.029696
04013815902,0.012871
04013816001,0.026978
04013816002,0.015739
04013816003,0.024007
04013816004,0.020515
04013816005,0.015886
04013816100,0.020959
04013816200,0.011786
04013816301,0.028437
04013816302,0.020378
04013816401,0.021482
04013816402,0.011984
04013816501,0.020684
04013816502,0.013781
04013816600,0.026747
04013816700,0.01428
04013816800,0.016866
04013816901,0.012678
04013816902,0.017826
04013816903,0.011299
04013816904,0.014231
04013817000,0.018289
04013817101,0.021639
04013817102,0.024309
04013817103,0.011707
04013817200,0.016047
04013817300,0.027252
04013817400,0.022076
04013817500,0.022939
04013817600,0.019159
04013940700,0.050408
04013941000,0.037154
04013941100,0.088032
04013941200,0.086117
04013941300,0.042386
04013980100,0.12218
04013980400,0.125691
04013980500,0.018404
04013980700,0.032806
04013980900,0.030532
04013981000,0.136031
04015954801,0.129313
04015954802,0.109263
04017940014,0.038881
04017940015,0.038243
04017940100,0.158971
04017940301,0.099796
04017940302,0.274489
04017960100,0.116839
04017960200,0.105963
04017960400,0.074017
04017960500,0.15604
04017960600,0.050299
04017961300,0.113633
04017961701,0.108322
04017961702,0.228395
04017962501,0.178592
04017962502,0.251193
04017963300,0.142595
04017963400,0.113323
04017963700,0.026273
04017963800,0.03239
04017964201,0.095294
04017964202,0.098449
04017964801,0.041823
04017964802,0.173399
04017964901,0.161187
04017964902,0.104834
04017965201,0.205764
04017965202,0.177829
04017965301,0.120843
04017965302,0.072357
04019000100,0.121158
04019000200,0.020196
04019000300,0.012227
04019000401,0.009926
04019000402,0.01479
04019000501,0.015828
04019000502,0.013579
04019000600,0.017751
04019000700,0.011438
04019000800,0.022102
04019001100,0.01429
04019001200,0.019958
04019001302,0.015896
04019001303,0.018924
04019001304,0.018323
04019001400,0.014994
04019001500,0.011314
04019001600,0.02287
04019001700,0.039436
04019001801,0.017031
04019001802,0.014147
04019001900,0.017956
04019002000,0.049903
04019002100,0.017354
04019002201,0.018293
04019002202,0.018357
04019002300,0.015484
04019002400,0.016722
04019002503,0.029299
04019002504,0.020417
04019002505,0.032977
04019002507,0.018972
04019002508,0.01449
04019002509,0.02183
04019002602,0.027902
04019002603,0.025996
04019002604,0.033873
04019002702,0.016039
04019002703,0.013588
04019002704,0.019575
04019002801,0.035763
04019002802,0.018114
04019002803,0.02087
04019002901,0.014852
04019002904,0.028992
04019002905,0.024977
04019002906,0.014044
04019003002,0.015987
04019003003,0.014179
04019003004,0.044546
04019003102,0.012398
04019003103,0.058319
04019003104,0.024549
04019003201,0.012545
04019003202,0.013789
04019003302,0.015542
04019003303,0.01715
04019003304,0.014337
04019003400,0.015386
04019003502,0.01557
04019003503,0.04086
04019003504,0.015415
04019003505,0.020065
04019003506,0.014658
04019003601,0.064408
04019003702,0.01865
04019003704,0.029185
04019003705,0.015819
04019003706,0.012751
04019003707,0.01791
04019003801,0.038038
04019003802,0.017163
04019003901,0.052616
04019003902,0.020456
04019003903,0.038807
04019004008,0.012794
04019004010,0.016288
04019004026,0.014636
04019004029,0.026532
04019004030,0.017587
04019004031,0.040821
04019004032,0.01242
04019004033,0.014291
04019004034,0.01127
04019004035,0.015412
04019004036,0.021551
04019004037,0.013925
04019004038,0.011301
04019004039,0.014309
04019004042,0.026206
04019004043,0.045986
04019004044,0.065419
04019004046,0.012142
04019004047,0.013419
04019004048,0.01438
04019004049,0.011638
04019004050,0.018289
04019004051,0.01234
04019004052,0.153202
04019004053,0.014177
04019004054,0.016901
04019004055,0.024852
04019004056,0.015778
04019004057,0.013646
04019004058,0.012741
04019004061,0.11061
04019004062,0.015045
04019004063,0.017251
04019004065,0.019025
04019004066,0.024284
04019004067,0.051583
04019004068,0.025495
04019004069,0.01913
04019004070,0.04079
04019004071,0.011974
04019004072,0.012099
04019004073,0.015418
04019004074,0.021286
04019004075,0.018181
04019004076,0.012878
04019004077,0.012512
04019004078,0.06258
04019004079,0.019685
04019004080,0.01538
04019004081,0.014976
04019004082,0.014067
04019004109,0.097313
04019004110,0.012577
04019004112,0.044205
04019004114,0.020096
04019004115,0.026181
04019004116,0.018315
04019004117,0.025618
04019004118,0.02201
04019004122,0.015559
04019004126,0.018014
04019004127,0.054742
04019004128,0.032114
04019004129,0.037526
04019004130,0.028078
04019004131,0.04071
04019004132,0.045081
04019004133,0.084464
04019004307,0.113554
04019004310,0.030982
04019004311,0.018647
04019004312,0.020602
04019004313,0.230065
04019004316,0.050505
04019004317,0.038949
04019004320,0.063031
04019004321,0.014882
04019004322,0.015888
04019004323,0.129653
04019004324,0.103346
04019004325,0.274021
04019004326,0.028206
04019004327,0.056004
04019004328,0.042715
04019004330,0.020822
04019004332,0.022643
04019004333,0.014754
04019004335,0.031034
04019004336,0.101877
04019004337,0.026172
04019004338,0.019466
04019004339,0.01178
04019004340,0.062997
04019004404,0.074154
04019004407,0.014664
04019004412,0.014859
04019004413,0.013591
04019004414,0.014547
04019004415,0.048689
04019004418,0.014404
04019004419,0.031822
04019004422,0.016412
04019004423,0.056705
04019004424,0.147871
04019004425,0.058815
04019004426,0.05334
04019004428,0.058425
04019004430,0.02137
04019004431,0.015198
04019004432,0.009103
04019004433,0.011917
04019004434,0.018626
04019004435,0.02384
04019004436,0.021716
04019004437,0.037314
04019004438,0.017858
04019004439,0.013079
04019004440,0.017066
04019004505,0.017132
04019004506,0.020278
04019004508,0.064482
04019004510,0.016597
04019004511,0.012324
04019004512,0.012784
04019004513,0.01572
04019004514,0.013472
04019004515,0.045276
04019004610,0.01643
04019004613,0.017842
04019004614,0.015849
04019004615,0.016555
04019004616,0.033906
04019004617,0.053772
04019004618,0.038172
04019004619,0.044874
04019004620,0.086877
04019004621,0.012514
04019004622,0.101467
04019004623,0.022281
04019004624,0.010247
04019004625,0.108212
04019004626,0.034552
04019004627,0.030223
04019004628,0.018318
04019004630,0.022717
04019004631,0.153177
04019004632,0.114146
04019004633,0.031229
04019004634,0.021331
04019004635,0.044952
04019004636,0.019344
04019004639,0.036824
04019004640,0.017253
04019004641,0.011204
04019004642,0.020336
04019004643,0.034528
04019004644,0.012547
04019004645,0.014509
04019004646,0.016478
04019004647,0.017394
04019004648,0.13812
04019004649,0.058083
04019004650,0.029632
04019004710,0.04335
04019004711,0.02839
04019004712,0.012347
04019004713,0.144308
04019004714,0.016849
04019004715,0.144198
04019004717,0.027439
04019004718,0.02528
04019004720,0.014922
04019004721,0.01742
04019004722,0.042761
04019004723,0.023043
04019004724,0.022343
04019004725,0.036774
04019004726,0.025474
04019004727,0.146328
04019004728,0.265931
04019004729,0.012018
04019004730,0.01276
04019005200,0.124419
04019005300,0.014641
04019005400,0.014966
04019940800,0.088833
04019940900,0.035886
04019941000,0.045913
04019941100,0.040933
04019980001,0.218259
04019980002,0.052857
04019980100,0.042658
04019980200,0.047864
04019980300,0.057846
04019980400,0.128734
04021000201,0.16961
04021000204,0.014632
04021000206,0.022411
04021000208,0.028834
04021000211,0.034208
04021000212,0.046183
04021000215,0.027135
04021000216,0.014339
04021000217,0.118661
04021000218,0.012102
04021000219,0.028068
04021000220,0.017797
04021000221,0.031741
04021000222,0.012239
04021000223,0.012679
04021000224,0.016722
04021000225,0.012497
04021000226,0.013329
04021000227,0.02462
04021000228,0.023167
04021000229,0.045222
04021000307,0.103334
04021000309,0.027057
04021000310,0.026142
04021000311,0.083381
04021000312,0.023684
04021000313,0.016817
04021000315,0.034345
04021000316,0.039209
04021000317,0.021574
04021000319,0.04745
04021000320,0.036883
04021000321,0.029804
04021000322,0.025398
04021000323,0.108483
04021000324,0.023664
04021000325,0.037388
04021000400,0.143659
04021000603,0.040679
04021000604,0.183286
04021000700,0.07223
04021000802,0.094001
04021000804,0.027897
04021000805,0.023751
04021000806,0.012867
04021000807,0.26419
04021000808,0.267103
04021000902,0.109308
04021000903,0.283599
04021000904,0.165456
04021001000,0.170255
04021001100,0.134892
04021001200,0.088908
04021001303,0.119392
04021001305,0.025958
04021001306,0.018802
04021001307,0.140134
04021001308,0.133014
04021001309,0.046139
04021001310,0.072013
04021001403,0.039514
04021001404,0.041609
04021001405,0.080433
04021001406,0.081345
04021001407,0.160206
04021001408,0.125351
04021001500,0.094875
04021001600,0.057881
04021001701,0.179307
04021001704,0.105693
04021001705,0.147036
04021001706,0.108384
04021001707,0.027702
04021001709,0.031508
04021001712,0.075796
04021001713,0.01833
04021001714,0.015593
04021001715,0.096387
04021001716,0.013269
04021001717,0.036783
04021001900,0.050393
04021002001,0.204671
04021002004,0.103335
04021002005,0.145664
04021002104,0.05314
04021002105,0.029118
04021002106,0.098991
04021002107,0.144617
04021002200,0.105079
04021002300,0.195904
04021002400,0.358905
04021941200,0.066788
04021941300,0.061102
04021941401,0.116225
04021941402,0.100387
04023966000,0.082843
04023966101,0.167149
04023966103,0.068453
04023966106,0.192994
04023966107,0.082525
04023966108,0.109662
04023966109,0.080129
04023966110,0.054118
04023966111,0.115958
04023966200,0.080176
04023966301,0.159551
04023966302,0.183971
04023966401,0.090356
04023966402,0.081331
04025000205,0.03715
04025000206,0.062883
04025000207,0.357593
04025000208,0.266943
04025000209,0.249685
04025000210,0.082444
04025000211,0.094807
04025000301,0.028811
04025000302,0.046592
04025000403,0.022596
04025000404,0.017851
04025000405,0.020683
04025000406,0.234063
04025000407,0.016487
04025000501,0.053293
04025000502,0.063633
04025000604,0.015299
04025000608,0.0308
04025000609,0.037244
04025000611,0.104278
04025000612,0.111821
04025000613,0.017978
04025000614,0.021739
04025000615,0.033915
04025000616,0.027532
04025000617,0.138078
04025000618,0.054003
04025000619,0.086565
04025000701,0.084627
04025000702,0.122602
04025000802,0.105133
04025000803,0.017974
04025000804,0.26233
04025000901,0.097786
04025000902,0.018231
04025001002,0.045748
04025001003,0.02408
04025001004,0.043672
04025001103,0.041531
04025001104,0.021749
04025001105,0.122984
04025001106,0.095246
04025001201,0.185241
04025001202,0.038037
04025001300,0.172237
04025001401,0.084635
04025001402,0.235709
04025001403,0.117639
04025001501,0.125118
04025001502,0.113246
04025001601,0.097529
04025001602,0.134076
04025001604,0.092308
04025001605,0.137549
04025001701,0.067525
04025001703,0.226009
04025001704,0.132948
04025001705,0.105379
04025001801,0.06391
04025001803,0.113765
04025001804,0.168001
04025001901,0.036592
04025001902,0.115054
04025001903,0.073015
04025001904,0.101611
04025002001,0.043699
04025002002,0.132466
04025002003,0.130632
04025002005,0.030813
04025002006,0.029688
04025002007,0.121139
04025002100,0.094952
04027012100,0.127011
04027980003,0.043335
04027980004,0.114095
35023970000,0.065733
06007000102,0.01876
06007000103,0.043426
06007000104,0.022007
06007000201,0.157425
06007000202,0.072654
06007000300,0.057471
06007000401,0.042959
06007000403,0.030279
06007000404,0.066158
06007000501,0.153846
06007000502,0.222627
06007000601,0.039976
06007000603,0.026551
06007000604,0.045787
06007000700,0.021891
06007000800,0.040104
06007000901,0.036099
06007000903,0.030343
06007000904,0.129558
06007001000,0.089006
06007001100,0.173899
06007001200,0.026146
06007001300,0.027115
06007001400,0.076947
06007001500,0.036851
06007001601,0.323
06007001602,0.254
06007001702,0.079979
06007001703,0.191
06007001704,0.027558
06007001800,0.129364
06007001900,0.091515
06007002000,0.193872
06007002100,0.122926
06007002200,0.249
06007002300,0.252
06007002401,0.078474
06007002402,0.092395
06007002500,0.078018
06007002601,0.240058
06007002602,0.149759
06007002700,0.066152
06007002800,0.045935
06007002900,0.047101
06007003001,0.173742
06007003002,0.044337
06007003100,0.25946
06007003200,0.030674
06007003300,0.048599
06007003400,0.105694
06007003501,0.033412
06007003502,0.141836
06007003600,0.109298
06007003700,0.165606
06011000100,0.112319
06011000200,0.106362
06011000301,0.160972
06011000302,0.148812
06011000400,0.070855
06011000500,0.197859
06015000202,0.171111
06017030601,0.175342
06017030603,0.227752
06017030604,0.101256
06017030605,0.194638
06017030606,0.187403
06017030701,0.027986
06017030706,0.02303
06017030709,0.020937
06017030710,0.016815
06017030801,0.057214
06017030901,0.072453
06017030902,0.05407
06017031000,0.147851
06017031100,0.108803
06017031700,0.025931
06021010101,0.179081
06021010102,0.175922
06021010200,0.145057
06021010300,0.097592
06021010401,0.126586
06021010402,0.17727
06021010501,0.091277
06021010502,0.140339
06023001200,0.039286
06023010102,0.15911
06023010902,0.058351
06023011600,0.111381
06023940000,0.196684
06033000100,0.090596
06033000300,0.071294
06033000401,0.018957
06033000402,0.041028
06033000501,0.104681
06033000502,0.070987
06033000601,0.091249
06033000602,0.152984
06033000702,0.116448
06033000703,0.043859
06033000704,0.036872
06033000801,0.028443
06033000802,0.025278
06033000901,0.032778
06033000902,0.050038
06033001000,0.09969
06033001101,0.06422
06033001102,0.051561
06033001200,0.038503
06033001301,0.068965
06033001302,0.107925
06035040100,0.164595
06035040200,0.068401
06035040302,0.143622
06035040303,0.101222
06035040304,0.23142
06035040305,0.03293
06035040400,0.170377
06035040500,0.104476
06035040600,0.145375
06045010100,0.139909
06045010200,0.138109
06045010601,0.212921
06045010602,0.192609
06045010801,0.091172
06045010802,0.036139
06045011700,0.08252
06045011800,0.162543
06049000100,0.186091
06049000200,0.070719
06049000300,0.155455
06055201800,0.177934
06057000102,0.028466
06057000104,0.055157
06057000105,0.110518
06057000106,0.172542
06057000107,0.120963
06057000200,0.053955
06057000300,0.152174
06057000401,0.040121
06057000403,0.256431
06057000404,0.040379
06057000502,0.053321
06057000503,0.027624
06057000504,0.065496
06057000601,0.06554
06057000602,0.094519
06057000701,0.231471
06057000702,0.195139
06057000801,0.184582
06057000802,0.125003
06057000900,0.137932
06061020200,0.041343
06061020300,0.146491
06061020401,0.079021
06061020402,0.192403
06061020501,0.128276
06061020502,0.058115
06061020601,0.034575
06061020604,0.048548
06061020605,0.083253
06061020606,0.028597
06061020607,0.024355
06061020608,0.043604
06061020710,0.019586
06061020711,0.029523
06061020712,0.024804
06061020713,0.085183
06061020714,0.029709
06061020715,0.017341
06061020717,0.031224
06061020805,0.027664
06061020806,0.035471
06061020901,0.03026
06061020908,0.081347
06061021003,0.024881
06061021034,0.023151
06061021037,0.044238
06061021038,0.014553
06061021039,0.024563
06061021040,0.034176
06061021043,0.036859
06061021044,0.019307
06061021045,0.020072
06061021046,0.026593
06061021047,0.016814
06061021048,0.022839
06061021103,0.034499
06061021106,0.027728
06061021108,0.092781
06061021109,0.045328
06061021122,0.029226
06061021123,0.023305
06061021128,0.034166
06061021129,0.027966
06061021130,0.045045
06061021131,0.026505
06061021203,0.024681
06061021204,0.12886
06061021304,0.048942
06061021323,0.017044
06061021324,0.025929
06061021325,0.017539
06061021326,0.016849
06061021327,0.029153
06061021328,0.020782
06061021401,0.020378
06061021403,0.020999
06061021501,0.169327
06061021502,0.136837
06061021603,0.163636
06061021604,0.189197
06061021801,0.225122
06061021802,0.127427
06061021901,0.080325
06061021902,0.034085
06061022002,0.10761
06061022013,0.19672
06061022014,0.211729
06061022400,0.035645
06061022500,0.020307
06061022600,0.024858
06061022800,0.031181
06061022900,0.030893
06061023000,0.019729
06061023100,0.031379
06061023200,0.02091
06061023300,0.023119
06061023400,0.035266
06061023501,0.026161
06061023502,0.017882
06061023600,0.032443
06061023700,0.065571
06061023800,0.019891
06061023900,0.081301
06063000100,0.114571
06063000201,0.096293
06063000202,0.106663
06063000300,0.118147
06063000400,0.166439
06063000501,0.163173
06063000502,0.146364
06067000100,0.059721
06067000200,0.060103
06067000300,0.019426
06067000400,0.033789
06067000501,0.133669
06067000502,0.266748
06067000600,0.019147
06067000700,0.033224
06067000800,0.040702
06067001102,0.085038
06067001103,0.04799
06067001201,0.040517
06067001202,0.018682
06067001300,0.017993
06067001400,0.027938
06067001500,0.02436
06067001601,0.016861
06067001602,0.048202
06067001702,0.080331
06067001800,0.015897
06067001900,0.073012
06067002000,0.02487
06067002100,0.058516
06067002200,0.054754
06067002300,0.062837
06067002400,0.021372
06067002500,0.019614
06067002600,0.021952
06067002700,0.092914
06067005301,0.061891
06067005402,0.028032
06067005403,0.088946
06067005404,0.033153
06067005502,0.022438
06067005505,0.021869
06067005506,0.019316
06067005508,0.050729
06067005509,0.027862
06067005510,0.021847
06067005601,0.028405
06067005605,0.022522
06067005606,0.022641
06067005701,0.028866
06067005702,0.029526
06067005801,0.013968
06067005803,0.017015
06067005901,0.018194
06067005903,0.015616
06067005904,0.022754
06067006002,0.022
06067006003,0.09219
06067006004,0.018776
06067006101,0.084537
06067006102,0.02419
06067006202,0.047325
06067006203,0.035168
06067006204,0.019368
06067006300,0.021848
06067006400,0.0413
06067006501,0.063887
06067006502,0.03429
06067006600,0.02634
06067006703,0.020458
06067006704,0.023613
06067006705,0.047205
06067006706,0.040843
06067006801,0.022553
06067006802,0.023131
06067006803,0.036657
06067006901,0.113043
06067006902,0.083687
06067007001,0.035485
06067007007,0.028832
06067007010,0.041355
06067007011,0.032577
06067007012,0.022286
06067007013,0.025426
06067007016,0.024032
06067007017,0.032665
06067007019,0.041878
06067007020,0.063857
06067007021,0.058149
06067007022,0.068316
06067007023,0.015043
06067007024,0.041156
06067007025,0.024685
06067007026,0.015944
06067007027,0.018578
06067007028,0.029325
06067007101,0.116317
06067007103,0.020793
06067007105,0.022719
06067007106,0.021113
06067007107,0.071617
06067007108,0.01511
06067007109,0.029479
06067007110,0.016725
06067007111,0.022074
06067007202,0.026999
06067007204,0.023631
06067007206,0.018075
06067007207,0.053354
06067007208,0.029883
06067007209,0.026556
06067007301,0.021524
06067007402,0.030592
06067007403,0.068814
06067007413,0.057121
06067007414,0.016393
06067007415,0.027003
06067007416,0.025217
06067007417,0.020273
06067007422,0.048869
06067007423,0.069209
06067007424,0.018181
06067007426,0.027191
06067007427,0.026563
06067007428,0.029111
06067007429,0.021968
06067007430,0.025582
06067007431,0.016458
06067007432,0.014251
06067007434,0.019363
06067007435,0.044929
06067007436,0.036326
06067007437,0.019013
06067007438,0.028493
06067007439,0.021648
06067007501,0.078682
06067007503,0.06784
06067007504,0.105858
06067007602,0.028375
06067007603,0.021359
06067007604,0.039427
06067007701,0.024976
06067007702,0.023495
06067007801,0.042682
06067007802,0.025818
06067007903,0.027009
06067007904,0.013545
06067007905,0.028164
06067007906,0.031321
06067008005,0.031173
06067008006,0.028902
06067008007,0.064749
06067008008,0.045764
06067008009,0.021023
06067008010,0.023632
06067008111,0.051392
06067008113,0.076241
06067008117,0.015732
06067008119,0.028035
06067008120,0.02194
06067008122,0.027728
06067008124,0.0599
06067008125,0.016995
06067008127,0.054426
06067008128,0.095525
06067008129,0.052125
06067008130,0.031328
06067008131,0.120407
06067008132,0.102669
06067008133,0.054383
06067008134,0.073706
06067008135,0.109243
06067008136,0.064861
06067008137,0.023839
06067008138,0.045836
06067008139,0.068748
06067008140,0.021617
06067008141,0.029069
06067008142,0.026202
06067008143,0.031819
06067008144,0.022409
06067008145,0.058074
06067008203,0.021226
06067008204,0.039518
06067008206,0.032887
06067008207,0.01933
06067008208,0.026439
06067008209,0.0261
06067008210,0.046869
06067008211,0.019005
06067008402,0.022966
06067008403,0.032241
06067008404,0.031238
06067008501,0.024747
06067008504,0.058677
06067008505,0.038554
06067008506,0.07718
06067008507,0.022423
06067008508,0.038533
06067008509,0.029747
06067008510,0.036298
06067008512,0.017979
06067008702,0.019542
06067008703,0.056151
06067008909,0.048738
06067008912,0.048321
06067008913,0.022725
06067988300,0.018516
06089010100,0.133031
06089010200,0.027232
06089010300,0.063888
06089010400,0.071918
06089010500,0.044591
06089010601,0.038214
06089010602,0.121405
06089010603,0.071294
06089010702,0.085648
06089010703,0.100273
06089010704,0.046088
06089010803,0.030295
06089010804,0.019659
06089010805,0.021187
06089010806,0.119317
06089010807,0.086095
06089010900,0.059616
06089011001,0.058846
06089011002,0.174779
06089011100,0.022171
06089011209,0.056445
06089011300,0.024926
06089011401,0.04559
06089011402,0.018751
06089011403,0.024774
06089011501,0.059414
06089011502,0.023948
06089011600,0.146131
06089011701,0.087318
06089011702,0.204744
06089011703,0.158972
06089011801,0.057443
06089011802,0.083275
06089011803,0.08518
06089011900,0.031019
06089012000,0.123037
06089012101,0.060185
06089012102,0.058602
06089012200,0.065368
06089012301,0.166859
06089012302,0.033747
06089012303,0.026332
06089012400,0.048775
06089012500,0.147162
06089012603,0.141807
06089012604,0.041629
06089012605,0.064646
06089012606,0.090907
06089012701,0.144581
06089012702,0.110173
06091010000,0.08862
06093000300,0.061744
06093000701,0.164237
06093000800,0.15957
06093000901,0.127166
06093000902,0.142407
06093001001,0.190949
06093001002,0.189423
06093001003,0.070524
06093001100,0.153601
06093001200,0.17413
06093001300,0.127491
06097154100,0.082154
06101050101,0.033192
06101050102,0.056479
06101050201,0.045239
06101050202,0.028468
06101050301,0.065075
06101050302,0.022311
06101050401,0.022778
06101050402,0.042571
06101050403,0.064296
06101050501,0.158972
06101050503,0.210152
06101050504,0.276541
06101050601,0.102799
06101050603,0.024726
06101050604,0.112249
06101050701,0.184356
06101050702,0.108142
06101050800,0.066376
06101050900,0.101796
06101051000,0.139671
06101051100,0.084784
06103000100,0.202238
06103000201,0.166064
06103000202,0.051286
06103000300,0.101778
06103000400,0.173939
06103000500,0.186342
06103000600,0.157268
06103000701,0.135798
06103000702,0.124167
06103000800,0.133075
06103000900,0.087913
06103001000,0.054821
06103001101,0.19542
06103001102,0.189428
06105000101,0.146959
06105000102,0.117579
06105000200,0.110831
06105000500,0.072195
06113010102,0.072966
06113010103,0.020773
06113010104,0.030231
06113010105,0.030899
06113010201,0.029167
06113010203,0.087834
06113010204,0.081096
06113010313,0.026664
06113010315,0.027082
06113010401,0.115438
06113010505,0.089041
06113010800,0.162416
06113010901,0.066192
06113010902,0.226537
06113011001,0.102446
06113011002,0.046876
06113011101,0.028524
06113011102,0.080098
06113011103,0.047554
06113011203,0.018303
06113011204,0.018028
06113011207,0.111027
06113011208,0.082916
06113011209,0.053858
06113011210,0.014445
06113011211,0.019905
06113011400,0.118277
06113011500,0.086851
06115040100,0.121484
06115040201,0.240507
06115040202,0.169137
06115040301,0.027339
06115040302,0.040333
06115040304,0.029358
06115040305,0.021597
06115040400,0.024115
06115040500,0.039067
06115040600,0.032778
06115040701,0.023264
06115040702,0.055554
06115040800,0.028606
06115040901,0.043714
06115040902,0.044419
06115041001,0.104245
06115041002,0.029418
06115041101,0.105747
06115041102,0.157895
48001950100,0.044104
48001950401,0.049929
48001950402,0.140763
48001950500,0.141703
48001950600,0.141327
48001950700,0.13732
48001950800,0.133429
48001950901,0.077597
48001950902,0.069753
48001951001,0.043681
48001951002,0.109873
48001951100,0.099861
48005000102,0.062786
48005000104,0.079555
48007950101,0.193112
48007950102,0.131753
48007950103,0.080174
48007950200,0.200052
48007950301,0.082324
48007950302,0.105267
48007950400,0.14249
48007950501,0.069531
48007950502,0.162361
48007950503,0.166589
48009020200,0.066347
48009020300,0.099228
48013960101,0.071432
48013960102,0.108433
48013960203,0.09915
48013960204,0.027016
48013960205,0.084299
48013960206,0.100724
48013960300,0.125409
48013960401,0.33162
48013960403,0.199293
48013960404,0.230395
48013960500,0.053783
48013960601,0.14409
48013960602,0.037523
48015760100,0.015449
48015760201,0.044269
48015760202,0.053595
48015760301,0.026009
48015760302,0.03842
48015760400,0.028854
48015760501,0.041923
48015760502,0.057453
48019000101,0.138757
48019000103,0.159173
48019000104,0.1787
48019000200,0.127491
48019000301,0.094446
48019000302,0.087936
48019000400,0.061031
48021950101,0.038126
48021950102,0.077952
48021950201,0.130983
48021950202,0.137666
48021950301,0.048855
48021950302,0.029999
48021950303,0.040762
48021950401,0.109437
48021950402,0.110105
48021950403,0.098364
48021950503,0.063755
48021950504,0.057014
48021950505,0.049474
48021950506,0.070633
48021950601,0.039883
48021950602,0.04044
48021950700,0.079576
48021950803,0.062961
48021950804,0.028653
48021950805,0.114705
48021950806,0.112373
48023950301,0.05695
48023950302,0.212476
48025950100,0.027386
48025950201,0.122027
48025950203,0.081398
48025950204,0.124608
48025950300,0.026823
48025950400,0.130523
48025950501,0.166988
48025950502,0.143196
48025950600,0.115882
48027020101,0.121023
48027020102,0.025556
48027020201,0.048158
48027020203,0.141119
48027020204,0.136117
48027020301,0.091922
48027020302,0.090011
48027020401,0.055519
48027020402,0.091062
48027020500,0.121812
48027020600,0.113024
48027020701,0.135974
48027020702,0.035665
48027020800,0.110938
48027020900,0.131822
48027021000,0.077035
48027021101,0.095605
48027021102,0.020883
48027021201,0.119243
48027021202,0.062747
48027021203,0.108434
48027021301,0.037607
48027021302,0.051955
48027021304,0.035468
48027021305,0.020615
48027021400,0.052752
48027021501,0.027445
48027021502,0.061441
48027021601,0.0922
48027021602,0.172989
48027021701,0.032592
48027021702,0.157119
48027021801,0.110047
48027021802,0.045151
48027021901,0.080301
48027021905,0.027051
48027021906,0.021588
48027021907,0.022373
48027021908,0.025765
48027022001,0.128762
48027022002,0.021661
48027022101,0.013604
48027022103,0.022195
48027022104,0.029432
48027022105,0.026737
48027022200,0.021279
48027022300,0.077962
48027022401,0.047203
48027022402,0.013425
48027022403,0.014345
48027022405,0.04468
48027022406,0.042074
48027022407,0.0108
48027022501,0.088014
48027022503,0.017594
48027022504,0.016781
48027022600,0.122672
48027022801,0.012559
48027022900,0.152547
48027023001,0.026737
48027023002,0.020137
48027023103,0.140052
48027023104,0.064055
48027023109,0.028224
48027023110,0.07107
48027023111,0.092461
48027023112,0.027333
48027023113,0.018543
48027023114,0.01184
48027023115,0.01575
48027023116,0.095401
48027023117,0.108854
48027023118,0.15325
48027023201,0.128125
48027023202,0.062142
48027023203,0.111594
48027023204,0.031794
48027023301,0.055482
48027023302,0.058859
48027023402,0.026537
48027023404,0.032789
48027023405,0.035878
48027023406,0.030042
48027023500,0.178338
48027980001,0.174804
48027980002,0.290581
48027980003,0.067933
48029110100,0.030367
48029110300,0.0198
48029110500,0.013358
48029110600,0.020901
48029110700,0.053358
48029111000,0.034852
48029111100,0.026951
48029120100,0.019513
48029120301,0.105922
48029120302,0.051511
48029120401,0.02981
48029120402,0.120934
48029120502,0.070909
48029120503,0.01358
48029120504,0.054205
48029120601,0.086715
48029120602,0.14268
48029120701,0.034676
48029120702,0.072692
48029120800,0.01326
48029120901,0.030823
48029120902,0.046615
48029121000,0.019492
48029121110,0.019657
48029121111,0.0244
48029121112,0.043665
48029121115,0.024936
48029121116,0.047265
48029121117,0.023662
48029121118,0.02984
48029121119,0.01693
48029121120,0.017667
48029121121,0.012002
48029121122,0.018505
48029121123,0.057633
48029121124,0.0207
48029121203,0.055619
48029121204,0.024121
48029121205,0.03088
48029121206,0.020104
48029121300,0.012938
48029121402,0.016041
48029121403,0.014036
48029121404,0.039608
48029121501,0.028443
48029121504,0.018461
48029121505,0.036445
48029121506,0.028478
48029121507,0.014914
48029121508,0.014837
48029121601,0.086375
48029121604,0.024184
48029121605,0.018785
48029121606,0.038568
48029121701,0.193888
48029121702,0.046816
48029121802,0.032874
48029121803,0.0144
48029121804,0.017068
48029121808,0.010249
48029121809,0.022645
48029121810,0.020273
48029121811,0.01287
48029121812,0.01569
48029121813,0.075892
48029121903,0.015226
48029121904,0.028118
48029121905,0.047955
48029121906,0.017186
48029121908,0.03873
48029121909,0.017049
48029121910,0.021652
48029121911,0.016717
48029121912,0.028541
48029130200,0.033037
48029130300,0.014334
48029130401,0.039104
48029130402,0.085902
48029130500,0.021611
48029130600,0.013911
48029130700,0.022201
48029130800,0.027678
48029130900,0.033021
48029131000,0.06993
48029131100,0.022407
48029131200,0.195333
48029131300,0.123807
48029131401,0.134106
48029131402,0.114768
48029131503,0.018861
48029131504,0.043647
48029131505,0.010679
48029131506,0.036846
48029131507,0.017492
48029131601,0.089634
48029131606,0.119302
48029131608,0.04973
48029131609,0.036481
48029131610,0.039752
48029131612,0.027224
48029131614,0.022223
48029131615,0.026095
48029131616,0.084839
48029131700,0.031806
48029131801,0.049355
48029131802,0.076122
48029140100,0.03777
48029140200,0.053319
48029140300,0.080812
48029140400,0.02511
48029140500,0.021611
48029140600,0.025961
48029140700,0.013958
48029140800,0.016674
48029140900,0.033117
48029141000,0.029407
48029141101,0.058002
48029141102,0.045306
48029141200,0.013483
48029141300,0.058211
48029141402,0.11816
48029141403,0.108715
48029141404,0.017673
48029141600,0.100539
48029141700,0.071253
48029141800,0.13783
48029141900,0.19469
48029150100,0.06923
48029150300,0.02181
48029150400,0.078252
48029150501,0.049975
48029150502,0.01192
48029150600,0.032972
48029150700,0.01754
48029150800,0.223567
48029150900,0.069116
48029151000,0.071729
48029151100,0.067233
48029151200,0.058553
48029151301,0.046104
48029151302,0.05596
48029151400,0.089997
48029151500,0.135448
48029151600,0.017787
48029151700,0.07995
48029151900,0.106599
48029152000,0.06818
48029152100,0.229998
48029152201,0.081758
48029152202,0.102397
48029160100,0.023807
48029160200,0.081476
48029160300,0.147707
48029160400,0.022388
48029160501,0.01491
48029160502,0.100869
48029160600,0.01313
48029160701,0.054088
48029160702,0.02145
48029160901,0.106398
48029160902,0.037289
48029161000,0.134087
48029161100,0.061098
48029161200,0.074497
48029161302,0.05416
48029161303,0.019614
48029161304,0.031768
48029161400,0.181678
48029161501,0.101417
48029161503,0.074767
48029161504,0.015934
48029161600,0.055018
48029161801,0.063939
48029161802,0.082615
48029161901,0.091296
48029161902,0.102485
48029162001,0.162177
48029162003,0.15019
48029162004,0.11234
48029170101,0.179287
48029170102,0.013565
48029170200,0.015083
48029170300,0.019756
48029170401,0.065437
48029170402,0.014766
48029170500,0.161633
48029170600,0.047248
48029170700,0.015743
48029170800,0.013093
48029170900,0.014197
48029171000,0.01434
48029171100,0.013184
48029171200,0.028738
48029171301,0.01404
48029171302,0.015681
48029171401,0.011428
48029171402,0.039416
48029171501,0.015033
48029171502,0.012772
48029171601,0.035075
48029171602,0.050084
48029171700,0.030818
48029171801,0.019212
48029171802,0.03338
48029171903,0.035917
48029171912,0.013141
48029171913,0.088634
48029171914,0.01292
48029171915,0.026136
48029171916,0.01749
48029171917,0.015152
48029171918,0.011373
48029171919,0.062146
48029171920,0.016154
48029171921,0.091638
48029171922,0.01705
48029171923,0.052516
48029171924,0.012156
48029171926,0.01554
48029171927,0.019735
48029171928,0.009833
48029171929,0.012241
48029172002,0.133811
48029172003,0.058105
48029172004,0.017552
48029172005,0.014086
48029172006,0.034693
48029172008,0.022747
48029172009,0.024278
48029180101,0.013668
48029180102,0.009953
48029180201,0.023746
48029180202,0.014797
48029180300,0.086983
48029180400,0.202142
48029180501,0.146087
48029180503,0.016337
48029180504,0.023751
48029180602,0.032525
48029180603,0.026517
48029180604,0.091536
48029180701,0.059344
48029180702,0.019615
48029180800,0.037577
48029180901,0.025515
48029180902,0.024688
48029181001,0.036326
48029181003,0.097042
48029181004,0.077051
48029181005,0.039342
48029181100,0.014568
48029181200,0.015024
48029181301,0.045795
48029181302,0.045202
48029181303,0.099474
48029181402,0.040162
48029181403,0.241324
48029181404,0.077313
48029181503,0.023655
48029181504,0.017291
48029181505,0.013558
48029181506,0.05518
48029181601,0.042072
48029181602,0.019554
48029181703,0.031669
48029181704,0.12074
48029181705,0.07358
48029181711,0.010808
48029181712,0.040002
48029181713,0.01168
48029181715,0.009619
48029181716,0.052131
48029181718,0.010064
48029181720,0.034805
48029181721,0.046297
48029181722,0.018463
48029181723,0.011619
48029181724,0.075619
48029181725,0.048885
48029181726,0.011824
48029181727,0.016981
48029181729,0.010686
48029181730,0.020798
48029181731,0.008761
48029181732,0.033606
48029181733,0.008895
48029181808,0.015281
48029181809,0.019039
48029181811,0.115251
48029181813,0.018672
48029181814,0.014215
48029181815,0.075807
48029181816,0.010865
48029181817,0.015259
48029181818,0.013429
48029181819,0.012878
48029181820,0.019402
48029181821,0.034498
48029181822,0.061487
48029181823,0.036233
48029181824,0.008332
48029181825,0.067708
48029181826,0.012046
48029181901,0.020927
48029181902,0.017081
48029182001,0.036299
48029182002,0.108065
48029182003,0.017507
48029182101,0.031115
48029182102,0.021231
48029182103,0.140527
48029182105,0.041765
48029182106,0.092096
48029190100,0.039631
48029190200,0.014605
48029190400,0.011735
48029190501,0.029981
48029190503,0.015783
48029190504,0.067088
48029190601,0.050616
48029190603,0.015363
48029190604,0.028681
48029190700,0.016957
48029190800,0.026294
48029190901,0.018018
48029190902,0.081619
48029191003,0.01243
48029191004,0.014272
48029191005,0.04251
48029191006,0.015223
48029191101,0.017969
48029191102,0.025241
48029191201,0.011213
48029191202,0.019421
48029191303,0.013615
48029191304,0.023019
48029191405,0.01
48029191406,0.027056
48029191408,0.018389
48029191409,0.023616
48029191410,0.050416
48029191411,0.010926
48029191412,0.01129
48029191413,0.01578
48029191503,0.01573
48029191504,0.045717
48029191505,0.016118
48029191506,0.03045
48029191701,0.090078
48029191702,0.021169
48029191804,0.020705
48029191806,0.015377
48029191807,0.013023
48029191808,0.024523
48029191809,0.044073
48029191810,0.013015
48029191811,0.012395
48029191812,0.01096
48029191813,0.013096
48029191814,0.01638
48029191815,0.034638
48029191816,0.040016
48029191818,0.02137
48029191819,0.010585
48029191900,0.029425
48029192000,0.08252
48029192100,0.042638
48029192200,0.159706
48029192300,0.01951
48029980001,0.08461
48029980002,0.165529
48029980003,0.061513
48029980004,0.074798
48029980005,0.026023
48029980100,0.042861
48031950101,0.148246
48031950102,0.112818
48031950201,0.093513
48031950202,0.098839
48033950100,0.152742
48035950100,0.046484
48035950200,0.150852
48035950300,0.220598
48035950400,0.108215
48035950500,0.06546
48035950600,0.179395
48035950700,0.058154
48039660100,0.030524
48039660200,0.042083
48039660301,0.025011
48039660302,0.005604
48039660303,0.021052
48039660401,0.025334
48039660402,0.009373
48039660403,0.065134
48039660501,0.129902
48039660502,0.010927
48039660503,0.035164
48039660504,0.007319
48039660603,0.00646
48039660604,0.005435
48039660605,0.005905
48039660606,0.022542
48039660607,0.015171
48039660608,0.020685
48039660609,0.006015
48039660610,0.036291
48039660611,0.023514
48039660612,0.008326
48039660613,0.00772
48039660614,0.160296
48039660615,0.014567
48039660616,0.006686
48039660703,0.017172
48039660704,0.018732
48039660705,0.008746
48039660706,0.044345
48039660707,0.009481
48039660708,0.048458
48039660803,0.006532
48039660804,0.080019
48039660805,0.006223
48039660806,0.023225
48039660901,0.136712
48039660902,0.043595
48039661000,0.106907
48039661100,0.125532
48039661200,0.138632
48039661300,0.1528
48039661400,0.041889
48039661501,0.054753
48039661502,0.072993
48039661601,0.222969
48039661602,0.054105
48039661700,0.096488
48039661800,0.082261
48039661901,0.04515
48039661902,0.028185
48039662000,0.024572
48039662100,0.087248
48039662200,0.122322
48039662300,0.17622
48039662400,0.115585
48039662500,0.062043
48039662600,0.150802
48039662700,0.04876
48039662800,0.020012
48039662900,0.080857
48039663000,0.115636
48039663100,0.092487
48039663200,0.010874
48039663300,0.023031
48039663400,0.035991
48039663500,0.019334
48039663600,0.012175
48039663700,0.081903
48039663800,0.025378
48039663900,0.054272
48039664000,0.07659
48039664100,0.020039
48039664200,0.080984
48039664300,0.024934
48039664400,0.035783
48039664501,0.021696
48039990000,0.029911
48041000103,0.245889
48041000104,0.183753
48041000105,0.013435
48041000106,0.134414
48041000107,0.008623
48041000108,0.1742
48041000203,0.034563
48041000204,0.017625
48041000205,0.072812
48041000206,0.028644
48041000207,0.06989
48041000301,0.092582
48041000302,0.090427
48041000401,0.089259
48041000402,0.051357
48041000501,0.14596
48041000502,0.044139
48041000603,0.017749
48041000605,0.012358
48041000606,0.015121
48041000700,0.009884
48041000800,0.023671
48041000900,0.014276
48041001001,0.013725
48041001002,0.014423
48041001101,0.008376
48041001102,0.01674
48041001301,0.013871
48041001302,0.05732
48041001303,0.097101
48041001401,0.025342
48041001604,0.006731
48041001605,0.017465
48041001606,0.033382
48041001607,0.116045
48041001608,0.00617
48041001702,0.076145
48041001703,0.085015
48041001704,0.0737
48041001801,0.021198
48041001803,0.006188
48041001804,0.010076
48041001901,0.03086
48041001902,0.022734
48041002001,0.024844
48041002006,0.03224
48041002009,0.017462
48041002010,0.05114
48041002011,0.021008
48041002014,0.018775
48041002016,0.029975
48041002017,0.019808
48041002018,0.012812
48041002019,0.004787
48041002020,0.019942
48041002021,0.009892
48041002022,0.011061
48041002023,0.011725
48041002024,0.009588
48041002025,0.053879
48041002026,0.179982
48041002100,0.006722
48041980000,0.011591
48047950100,0.09254
48047950200,0.121459
48049950100,0.056027
48049950201,0.060264
48049950202,0.186865
48049950300,0.173503
48049950500,0.041258
48049950600,0.153197
48049950700,0.075031
48049950800,0.12911
48049950900,0.02948
48049951000,0.023642
48049951100,0.088358
48049951200,0.168795
48049951300,0.037486
48051970100,0.109973
48051970201,0.059365
48051970202,0.045723
48051970300,0.152925
48051970400,0.05998
48051970501,0.145826
48051970502,0.029118
48053960101,0.03106
48053960102,0.062087
48053960200,0.140653
48053960301,0.191216
48053960302,0.161007
48053960401,0.075064
48053960402,0.080837
48053960501,0.068394
48053960502,0.077219
48053960600,0.032009
48053960701,0.08466
48053960702,0.112275
48053960801,0.090432
48053960802,0.186371
48053960803,0.050863
48055960102,0.034626
48055960103,0.145412
48055960104,0.202048
48055960200,0.088089
48055960300,0.173419
48055960400,0.128108
48055960501,0.09848
48055960502,0.152034
48055960600,0.120329
48055960701,0.127763
48055960702,0.146047
48057000100,0.090604
48057000200,0.154984
48057000300,0.208359
48057000401,0.079144
48057000402,0.110773
48057000501,0.144167
48057000502,0.191929
48057990000,0.032049
48059030101,0.030429
48059030102,0.037992
48059030200,0.060713
48061010101,0.017816
48061010102,0.23127
48061010103,0.032094
48061010201,0.039866
48061010204,0.106218
48061010205,0.091893
48061010301,0.027652
48061010303,0.02128
48061010304,0.025679
48061010403,0.192317
48061010404,0.007845
48061010405,0.022051
48061010406,0.016107
48061010500,0.04075
48061010602,0.272709
48061010603,0.099547
48061010604,0.131603
48061010700,0.083539
48061010801,0.070828
48061010802,0.036456
48061010900,0.162433
48061011000,0.071
48061011100,0.083495
48061011200,0.133033
48061011301,0.141085
48061011302,0.274819
48061011401,0.066281
48061011402,0.193257
48061011500,0.154166
48061011601,0.026289
48061011602,0.049039
48061011701,0.123627
48061011702,0.139028
48061011801,0.085694
48061011802,0.013296
48061011903,0.02652
48061011904,0.055713
48061011905,0.136447
48061011906,0.026075
48061011907,0.063334
48061011908,0.022672
48061012002,0.027851
48061012003,0.023286
48061012004,0.042232
48061012103,0.037792
48061012104,0.025249
48061012105,0.016537
48061012106,0.013833
48061012201,0.048147
48061012202,0.025918
48061012203,0.01636
48061012301,0.021997
48061012304,0.061095
48061012305,0.054291
48061012402,0.12806
48061012403,0.051531
48061012404,0.07037
48061012506,0.026646
48061012508,0.052694
48061012509,0.025955
48061012510,0.074009
48061012511,0.102343
48061012512,0.278858
48061012513,0.086182
48061012514,0.007018
48061012515,0.020039
48061012516,0.013104
48061012517,0.005898
48061012607,0.029693
48061012608,0.063558
48061012613,0.052358
48061012614,0.027894
48061012615,0.009558
48061012616,0.005704
48061012617,0.012404
48061012700,0.160206
48061012800,0.041676
48061012900,0.229747
48061013002,0.041947
48061013003,0.049613
48061013004,0.133178
48061013102,0.064958
48061013104,0.015157
48061013106,0.108227
48061013203,0.078217
48061013204,0.018359
48061013205,0.136201
48061013206,0.148144
48061013207,0.074179
48061013303,0.210059
48061013305,0.013729
48061013306,0.017003
48061013307,0.024226
48061013308,0.030816
48061013309,0.010602
48061013401,0.093713
48061013402,0.094847
48061013500,0.053635
48061013600,0.273692
48061013700,0.044767
48061013801,0.006909
48061013802,0.014318
48061013901,0.006883
48061013902,0.111575
48061013903,0.018391
48061014001,0.010468
48061014002,0.038518
48061014101,0.00687
48061014102,0.008789
48061014103,0.018503
48061014201,0.144492
48061014202,0.101055
48061014300,0.137575
48061014401,0.064631
48061014402,0.039502
48061014403,0.009923
48061014404,0.011019
48061014501,0.008676
48061014502,0.005456
48061980001,0.060932
48061980100,0.423235
48063950101,0.082827
48063950102,0.171765
48063950200,0.144666
48073950100,0.150512
48073950201,0.106776
48073950202,0.223443
48073950301,0.159617
48073950302,0.17734
48073950400,0.205367
48073950500,0.210965
48073950600,0.185708
48073950700,0.195159
48073950801,0.129354
48073950802,0.162427
48073950900,0.177528
48073951000,0.16452
48073951100,0.159151
48077030302,0.05518
48081950100,0.068467
48081950200,0.153615
48083950300,0.141054
48083950600,0.133384
48083950700,0.046767
48085030101,0.026793
48085030102,0.062643
48085030201,0.04983
48085030202,0.040384
48085030204,0.119304
48085030205,0.077439
48085030206,0.059334
48085030207,0.061914
48085030301,0.021183
48085030302,0.013211
48085030303,0.025679
48085030304,0.02322
48085030306,0.028864
48085030307,0.034029
48085030403,0.029912
48085030404,0.014216
48085030405,0.013003
48085030406,0.01337
48085030407,0.043147
48085030409,0.020186
48085030410,0.018611
48085030504,0.028338
48085030505,0.022351
48085030506,0.010719
48085030507,0.035244
48085030509,0.008762
48085030510,0.009747
48085030511,0.011111
48085030512,0.011133
48085030515,0.010387
48085030516,0.007955
48085030517,0.025328
48085030518,0.016717
48085030519,0.020364
48085030520,0.008012
48085030521,0.008155
48085030524,0.012628
48085030525,0.007634
48085030529,0.026614
48085030531,0.020629
48085030532,0.018795
48085030533,0.008047
48085030534,0.01194
48085030535,0.015942
48085030536,0.007055
48085030537,0.012006
48085030538,0.025447
48085030539,0.01298
48085030540,0.023586
48085030541,0.011718
48085030542,0.014307
48085030543,0.01161
48085030544,0.021394
48085030545,0.036214
48085030546,0.012349
48085030547,0.025486
48085030548,0.015149
48085030549,0.027104
48085030550,0.01186
48085030604,0.023776
48085030605,0.04561
48085030606,0.020937
48085030607,0.022616
48085030608,0.043492
48085030609,0.013145
48085030701,0.069056
48085030702,0.034935
48085030801,0.028984
48085030802,0.022763
48085030901,0.135903
48085030902,0.035123
48085030903,0.019651
48085031003,0.037337
48085031005,0.019788
48085031006,0.099294
48085031007,0.033706
48085031008,0.024318
48085031101,0.108566
48085031102,0.108266
48085031201,0.030254
48085031202,0.023534
48085031308,0.018273
48085031314,0.01809
48085031318,0.01887
48085031319,0.01859
48085031320,0.013587
48085031321,0.013155
48085031322,0.028393
48085031323,0.01034
48085031324,0.010979
48085031325,0.035459
48085031326,0.02058
48085031327,0.025109
48085031328,0.016981
48085031329,0.009394
48085031330,0.01482
48085031331,0.008237
48085031332,0.035405
48085031333,0.015444
48085031334,0.018958
48085031335,0.053279
48085031336,0.018865
48085031408,0.023876
48085031411,0.014295
48085031412,0.020936
48085031413,0.016209
48085031414,0.009571
48085031415,0.03487
48085031416,0.027788
48085031417,0.010478
48085031418,0.020359
48085031419,0.014555
48085031420,0.018065
48085031421,0.015252
48085031422,0.007949
48085031423,0.035753
48085031424,0.010442
48085031425,0.010919
48085031504,0.006821
48085031507,0.040305
48085031508,0.015216
48085031509,0.01957
48085031510,0.020489
48085031511,0.016116
48085031512,0.012463
48085031611,0.025586
48085031613,0.011465
48085031621,0.029153
48085031622,0.017131
48085031623,0.009895
48085031624,0.032085
48085031625,0.010982
48085031626,0.014759
48085031627,0.012079
48085031628,0.009404
48085031629,0.012089
48085031630,0.009358
48085031631,0.018837
48085031632,0.013129
48085031633,0.021256
48085031634,0.008244
48085031635,0.014363
48085031636,0.013708
48085031639,0.010544
48085031641,0.010202
48085031642,0.011427
48085031643,0.010324
48085031645,0.045972
48085031646,0.010383
48085031647,0.019185
48085031649,0.018532
48085031654,0.013665
48085031655,0.024403
48085031657,0.019234
48085031659,0.011427
48085031660,0.013222
48085031661,0.019143
48085031662,0.013726
48085031663,0.029105
48085031664,0.01149
48085031665,0.019906
48085031666,0.017313
48085031667,0.034097
48085031668,0.023231
48085031669,0.011305
48085031670,0.018141
48085031671,0.039165
48085031672,0.01203
48085031673,0.018427
48085031674,0.011114
48085031675,0.008245
48085031676,0.007197
48085031677,0.010283
48085031678,0.015672
48085031679,0.011339
48085031680,0.028596
48085031681,0.011248
48085031682,0.013798
48085031704,0.022066
48085031706,0.035046
48085031708,0.035467
48085031709,0.018884
48085031711,0.024582
48085031713,0.065871
48085031715,0.060597
48085031716,0.068945
48085031717,0.113953
48085031718,0.012433
48085031719,0.010493
48085031720,0.0659
48085031721,0.018195
48085031722,0.119117
48085031723,0.056944
48085031724,0.040581
48085031806,0.020311
48085031807,0.012323
48085031808,0.012936
48085031809,0.018798
48085031810,0.032106
48085031811,0.040229
48085031812,0.012582
48085031813,0.011627
48085031814,0.009078
48085031815,0.010316
48085031816,0.030999
48085031901,0.015207
48085031902,0.031071
48085031903,0.018338
48085031904,0.022784
48085032003,0.015438
48085032008,0.017047
48085032010,0.030596
48085032012,0.01272
48085032013,0.03553
48085032014,0.011712
48085032015,0.01707
48085032016,0.018793
48085032017,0.016006
48085032018,0.036513
48085032019,0.017509
48089750100,0.061381
48089750200,0.086535
48089750300,0.025363
48089750400,0.030835
48089750500,0.043528
48091310100,0.078596
48091310200,0.009423
48091310301,0.222129
48091310302,0.154091
48091310401,0.048622
48091310404,0.01115
48091310405,0.053198
48091310406,0.058025
48091310501,0.089692
48091310502,0.03857
48091310503,0.104543
48091310603,0.038359
48091310604,0.05285
48091310608,0.031121
48091310609,0.029288
48091310610,0.131655
48091310611,0.050216
48091310612,0.066035
48091310613,0.034175
48091310614,0.044612
48091310702,0.106361
48091310703,0.067586
48091310705,0.155971
48091310706,0.039702
48091310707,0.080843
48091310708,0.049698
48091310801,0.041317
48091310803,0.03847
48091310804,0.047535
48091310901,0.062808
48091310903,0.083588
48091310904,0.062145
48091310905,0.0311
48093950101,0.150236
48093950102,0.109719
48093950200,0.062158
48093950300,0.116754
48093950400,0.149431
48095950300,0.10074
48097000100,0.137382
48097000200,0.070721
48097000400,0.089614
48097000500,0.03258
48097000600,0.143599
48097000701,0.034107
48097000702,0.064393
48097000900,0.039332
48097001100,0.039163
48099010101,0.051906
48099010102,0.036764
48099010201,0.077469
48099010202,0.102296
48099010300,0.179534
48099010400,0.052338
48099010501,0.017136
48099010502,0.019919
48099010503,0.035964
48099010504,0.088586
48099010601,0.016859
48099010603,0.015833
48099010604,0.014434
48099010701,0.023318
48099010702,0.243278
48099010802,0.085457
48099010803,0.093375
48099010804,0.116863
48099980000,0.045247
48105950100,0.065723
48107950100,0.072884
48107950200,0.045888
48107950300,0.046917
48113000100,0.11237
48113000201,0.063252
48113000202,0.041909
48113000300,0.056827
48113000401,0.015891
48113000405,0.039005
48113000407,0.027298
48113000408,0.022583
48113000409,0.041218
48113000410,0.016008
48113000501,0.027225
48113000502,0.01837
48113000503,0.046839
48113000605,0.010817
48113000606,0.085382
48113000607,0.009608
48113000608,0.026803
48113000609,0.010676
48113000610,0.01145
48113000611,0.018935
48113000703,0.036694
48113000704,0.018819
48113000705,0.015833
48113000706,0.04253
48113000801,0.011908
48113000802,0.027452
48113000901,0.035681
48113000902,0.048795
48113001001,0.022772
48113001002,0.029662
48113001101,0.029861
48113001102,0.043763
48113001202,0.058816
48113001203,0.191053
48113001204,0.155616
48113001301,0.012038
48113001302,0.034734
48113001400,0.071323
48113001502,0.022123
48113001503,0.012699
48113001504,0.014366
48113001601,0.014647
48113001602,0.011541
48113001703,0.038006
48113001705,0.013589
48113001801,0.035125
48113001802,0.036978
48113001901,0.043588
48113001902,0.031416
48113002001,0.048448
48113002002,0.013502
48113002100,0.022436
48113002200,0.02009
48113002400,0.054384
48113002500,0.030296
48113002703,0.09781
48113003102,0.01933
48113003103,0.082166
48113003700,0.121562
48113004201,0.034801
48113004202,0.012268
48113004300,0.011968
48113004400,0.026976
48113004500,0.022222
48113004600,0.010614
48113004700,0.02742
48113004800,0.014178
48113005000,0.013851
48113005100,0.014152
48113005200,0.013499
48113005300,0.01052
48113005400,0.015056
48113005500,0.023285
48113005600,0.022504
48113005700,0.028034
48113005901,0.024288
48113005902,0.019489
48113006001,0.014318
48113006002,0.039122
48113006100,0.020317
48113006200,0.074858
48113006301,0.026531
48113006302,0.018279
48113006401,0.011556
48113006402,0.051809
48113006501,0.010259
48113006502,0.019431
48113006701,0.013525
48113006702,0.030539
48113006800,0.025751
48113006900,0.019387
48113007101,0.039292
48113007102,0.027225
48113007203,0.02371
48113007204,0.097011
48113007205,0.022409
48113007206,0.06395
48113007301,0.051515
48113007302,0.053338
48113007601,0.026567
48113007604,0.011595
48113007605,0.031986
48113007701,0.033797
48113007702,0.04213
48113007801,0.026731
48113007805,0.014221
48113007809,0.046017
48113007810,0.017324
48113007812,0.023823
48113007815,0.02191
48113007819,0.058448
48113007821,0.025281
48113007822,0.024224
48113007823,0.038118
48113007824,0.012072
48113007825,0.016619
48113007826,0.023182
48113007827,0.033433
48113007828,0.080011
48113007829,0.014616
48113007830,0.066005
48113007831,0.042487
48113007832,0.149909
48113007833,0.015618
48113007834,0.033568
48113007835,0.084567
48113007902,0.035193
48113007903,0.041067
48113007906,0.018789
48113007909,0.040037
48113007910,0.048517
48113007912,0.052737
48113007913,0.0441
48113007914,0.032901
48113007915,0.099609
48113007916,0.037313
48113008000,0.031451
48113008101,0.184259
48113008102,0.138275
48113008200,0.137905
48113008401,0.054114
48113008402,0.022436
48113008500,0.037025
48113008604,0.047174
48113008701,0.060748
48113008703,0.022057
48113008704,0.041285
48113008705,0.070456
48113008801,0.014761
48113008802,0.030583
48113009001,0.068085
48113009002,0.018315
48113009101,0.054118
48113009103,0.011216
48113009104,0.042549
48113009105,0.129012
48113009202,0.018856
48113009203,0.064407
48113009204,0.015297
48113009301,0.025049
48113009303,0.058175
48113009304,0.027355
48113009401,0.011867
48113009402,0.012388
48113009500,0.015683
48113009603,0.016784
48113009604,0.051041
48113009605,0.028366
48113009607,0.015513
48113009608,0.013322
48113009609,0.022109
48113009610,0.069606
48113009611,0.01968
48113009701,0.018428
48113009702,0.010624
48113009802,0.019477
48113009803,0.022156
48113009804,0.018715
48113009900,0.067243
48113010001,0.055907
48113010002,0.122678
48113010003,0.026036
48113010101,0.035465
48113010102,0.018393
48113010500,0.014969
48113010601,0.020239
48113010602,0.057751
48113010701,0.021623
48113010704,0.016238
48113010804,0.016322
48113010805,0.029346
48113010806,0.026177
48113010807,0.015756
48113010808,0.017269
48113010809,0.030325
48113010903,0.018692
48113010904,0.020802
48113010905,0.019377
48113010906,0.016393
48113011002,0.020797
48113011003,0.010426
48113011004,0.035339
48113011101,0.016196
48113011103,0.015218
48113011104,0.014336
48113011105,0.023891
48113011201,0.022236
48113011202,0.025557
48113011300,0.031043
48113011401,0.023361
48113011500,0.054209
48113011601,0.133975
48113011603,0.043273
48113011604,0.022837
48113011701,0.014052
48113011702,0.021016
48113011801,0.019263
48113011802,0.015299
48113011901,0.010389
48113011902,0.043969
48113012000,0.040125
48113012101,0.030572
48113012102,0.021133
48113012206,0.014941
48113012207,0.015924
48113012208,0.062723
48113012209,0.039189
48113012210,0.017742
48113012211,0.030044
48113012212,0.028726
48113012213,0.010094
48113012301,0.066616
48113012302,0.052246
48113012400,0.035368
48113012501,0.109315
48113012502,0.107834
48113012601,0.10583
48113012603,0.066045
48113012604,0.062826
48113012701,0.055601
48113012702,0.118086
48113012801,0.163033
48113012802,0.060139
48113012900,0.057383
48113013005,0.027052
48113013007,0.031046
48113013008,0.008641
48113013009,0.017693
48113013010,0.034375
48113013011,0.025661
48113013012,0.023843
48113013013,0.030561
48113013101,0.014677
48113013102,0.007326
48113013104,0.022017
48113013106,0.011306
48113013107,0.027169
48113013201,0.021953
48113013202,0.033419
48113013300,0.021912
48113013400,0.034903
48113013500,0.009884
48113013605,0.018916
48113013606,0.01293
48113013607,0.013693
48113013608,0.01686
48113013609,0.019292
48113013610,0.011568
48113013611,0.033828
48113013615,0.093687
48113013617,0.051035
48113013618,0.040652
48113013619,0.009424
48113013620,0.04139
48113013621,0.111933
48113013622,0.054706
48113013624,0.030029
48113013625,0.062178
48113013626,0.081519
48113013627,0.103446
48113013628,0.014687
48113013629,0.035903
48113013630,0.293783
48113013631,0.056295
48113013715,0.014189
48113013716,0.014846
48113013717,0.011569
48113013718,0.014114
48113013719,0.050156
48113013720,0.035528
48113013721,0.013987
48113013722,0.023476
48113013725,0.142313
48113013726,0.026178
48113013727,0.011586
48113013728,0.0116
48113013729,0.017895
48113013804,0.016893
48113013805,0.014377
48113013806,0.014003
48113013807,0.023895
48113013808,0.028724
48113013901,0.01446
48113013902,0.011841
48113014001,0.025492
48113014002,0.019946
48113014119,0.015366
48113014120,0.009908
48113014121,0.016759
48113014123,0.025075
48113014124,0.019133
48113014126,0.011725
48113014128,0.008684
48113014130,0.019277
48113014132,0.008789
48113014134,0.028101
48113014135,0.009646
48113014138,0.012032
48113014139,0.007916
48113014140,0.011353
48113014141,0.008118
48113014142,0.008848
48113014143,0.046759
48113014144,0.025051
48113014145,0.022872
48113014146,0.017294
48113014147,0.018576
48113014148,0.014673
48113014149,0.006426
48113014150,0.044287
48113014151,0.012171
48113014152,0.087793
48113014153,0.022662
48113014154,0.013894
48113014155,0.012534
48113014156,0.006989
48113014157,0.017352
48113014158,0.009152
48113014159,0.021939
48113014160,0.010471
48113014161,0.019144
48113014203,0.011622
48113014204,0.014155
48113014205,0.049716
48113014207,0.031765
48113014208,0.03931
48113014209,0.030366
48113014306,0.012955
48113014308,0.01403
48113014309,0.064699
48113014310,0.011023
48113014313,0.0494
48113014314,0.008841
48113014315,0.014918
48113014316,0.077513
48113014317,0.013287
48113014318,0.012143
48113014319,0.060422
48113014320,0.030807
48113014405,0.015654
48113014406,0.026763
48113014407,0.018179
48113014408,0.024938
48113014409,0.030809
48113014410,0.017828
48113014501,0.015279
48113014502,0.022256
48113014601,0.012084
48113014602,0.018023
48113014603,0.011004
48113014701,0.020516
48113014704,0.017145
48113014903,0.05441
48113015001,0.015348
48113015002,0.024113
48113015101,0.014965
48113015102,0.01107
48113015202,0.091705
48113015205,0.030839
48113015206,0.009896
48113015207,0.081363
48113015208,0.009442
48113015303,0.030121
48113015304,0.059083
48113015305,0.014297
48113015306,0.014375
48113015403,0.030022
48113015404,0.089945
48113015405,0.028452
48113015406,0.034112
48113015500,0.034798
48113015600,0.034192
48113015700,0.045708
48113015900,0.040883
48113016001,0.052544
48113016002,0.017092
48113016100,0.052655
48113016201,0.015627
48113016203,0.082164
48113016204,0.01075
48113016301,0.135218
48113016302,0.029371
48113016406,0.0162
48113016407,0.020275
48113016409,0.018452
48113016410,0.023802
48113016412,0.014081
48113016414,0.017363
48113016415,0.01079
48113016416,0.015358
48113016417,0.011383
48113016418,0.075152
48113016419,0.022625
48113016420,0.009668
48113016421,0.124669
48113016511,0.014433
48113016513,0.013354
48113016516,0.010142
48113016517,0.016309
48113016518,0.016157
48113016519,0.018006
48113016521,0.060396
48113016522,0.05918
48113016524,0.01953
48113016525,0.018584
48113016526,0.019081
48113016527,0.016861
48113016528,0.018244
48113016529,0.012839
48113016530,0.023091
48113016531,0.029786
48113016532,0.019123
48113016533,0.061744
48113016534,0.027015
48113016535,0.048166
48113016536,0.01622
48113016607,0.023309
48113016610,0.012545
48113016615,0.016847
48113016616,0.022102
48113016617,0.013592
48113016618,0.019202
48113016619,0.022702
48113016620,0.018459
48113016621,0.017724
48113016622,0.01799
48113016623,0.014867
48113016624,0.045506
48113016626,0.012682
48113016627,0.012858
48113016628,0.024154
48113016629,0.041108
48113016630,0.012368
48113016631,0.026897
48113016632,0.068385
48113016633,0.021426
48113016634,0.041613
48113016635,0.046058
48113016636,0.022976
48113016637,0.029022
48113016638,0.020896
48113016704,0.116787
48113016706,0.02281
48113016707,0.028362
48113016708,0.013886
48113016709,0.025298
48113016710,0.017962
48113016711,0.056011
48113016802,0.031746
48113016803,0.018612
48113016805,0.018083
48113016806,0.027521
48113016902,0.029401
48113016903,0.023779
48113017005,0.050732
48113017006,0.020247
48113017007,0.018473
48113017008,0.041102
48113017009,0.049557
48113017010,0.014066
48113017101,0.024555
48113017102,0.067467
48113017201,0.019599
48113017203,0.054519
48113017204,0.042235
48113017307,0.046181
48113017308,0.010971
48113017309,0.012862
48113017310,0.012145
48113017311,0.015972
48113017312,0.008392
48113017313,0.027328
48113017314,0.015991
48113017315,0.014288
48113017400,0.011348
48113017500,0.069321
48113017602,0.015385
48113017604,0.055976
48113017605,0.012072
48113017606,0.022547
48113017703,0.014154
48113017704,0.017956
48113017705,0.024803
48113017706,0.014868
48113017805,0.024434
48113017806,0.022624
48113017808,0.035014
48113017811,0.042491
48113017812,0.059351
48113017814,0.03945
48113017815,0.013018
48113017816,0.036762
48113017817,0.047281
48113017818,0.011855
48113017819,0.033401
48113017820,0.02994
48113017900,0.049487
48113018001,0.045926
48113018002,0.058355
48113018105,0.017366
48113018110,0.018714
48113018111,0.077941
48113018120,0.011831
48113018121,0.019426
48113018126,0.072938
48113018127,0.065762
48113018128,0.074999
48113018129,0.042214
48113018130,0.043107
48113018132,0.038481
48113018133,0.095361
48113018134,0.018023
48113018135,0.01182
48113018137,0.016224
48113018138,0.011896
48113018140,0.073522
48113018141,0.033613
48113018142,0.029082
48113018143,0.046367
48113018144,0.022701
48113018145,0.038678
48113018146,0.015163
48113018147,0.007253
48113018148,0.025852
48113018149,0.018115
48113018150,0.012325
48113018151,0.02937
48113018152,0.034677
48113018153,0.007767
48113018154,0.025307
48113018155,0.014021
48113018156,0.038382
48113018157,0.016738
48113018158,0.114923
48113018159,0.016937
48113018203,0.025099
48113018204,0.016229
48113018205,0.009588
48113018206,0.014072
48113018300,0.02467
48113018401,0.028966
48113018402,0.032687
48113018403,0.072106
48113018501,0.04139
48113018505,0.046641
48113018506,0.021524
48113018507,0.015813
48113018508,0.02059
48113018600,0.013962
48113018700,0.132548
48113018801,0.012111
48113018802,0.023221
48113018900,0.025069
48113019013,0.014349
48113019016,0.103296
48113019018,0.009841
48113019019,0.029644
48113019020,0.037613
48113019023,0.007878
48113019024,0.01066
48113019025,0.233521
48113019026,0.015783
48113019027,0.020764
48113019028,0.010574
48113019029,0.030926
48113019031,0.017694
48113019032,0.020599
48113019033,0.025837
48113019034,0.015506
48113019035,0.014621
48113019036,0.142672
48113019037,0.016427
48113019039,0.020359
48113019040,0.016249
48113019041,0.014593
48113019042,0.020687
48113019044,0.019232
48113019045,0.033318
48113019046,0.012769
48113019047,0.027713
48113019048,0.010063
48113019049,0.030624
48113019050,0.040501
48113019051,0.023798
48113019052,0.015295
48113019053,0.06339
48113019101,0.025276
48113019102,0.048123
48113019202,0.015487
48113019203,0.016022
48113019205,0.014059
48113019208,0.018163
48113019210,0.017425
48113019211,0.016268
48113019212,0.015369
48113019213,0.046832
48113019214,0.01125
48113019215,0.015166
48113019216,0.019606
48113019301,0.014285
48113019302,0.017452
48113019400,0.00889
48113019501,0.072955
48113019502,0.013149
48113019600,0.025981
48113019700,0.015669
48113019800,0.035266
48113019900,0.022475
48113020000,0.017391
48113020100,0.073768
48113020200,0.078023
48113020300,0.021851
48113020401,0.032816
48113020402,0.01892
48113020500,0.011642
48113020600,0.024648
48113020700,0.016517
48113020800,0.015638
48113020900,0.027858
48113021000,0.016425
48113021100,0.062008
48113021200,0.041181
48113980000,0.076198
48113980100,0.09572
48113980200,0.006656
48115950401,0.159824
48115950402,0.156684
48115950500,0.196472
48115950600,0.110878
48119950100,0.065055
48119950200,0.135031
48121020109,0.019277
48121020110,0.019636
48121020111,0.018999
48121020112,0.072944
48121020115,0.01515
48121020116,0.022214
48121020117,0.045465
48121020118,0.088104
48121020119,0.008714
48121020120,0.024828
48121020121,0.053695
48121020122,0.033729
48121020123,0.046156
48121020124,0.012621
48121020125,0.051805
48121020126,0.015881
48121020127,0.016674
48121020128,0.049711
48121020129,0.041233
48121020130,0.041644
48121020131,0.036585
48121020132,0.055891
48121020133,0.008937
48121020134,0.016872
48121020135,0.104738
48121020136,0.1399
48121020137,0.06062
48121020203,0.015622
48121020204,0.090204
48121020205,0.110791
48121020206,0.129286
48121020207,0.052989
48121020208,0.026649
48121020305,0.021401
48121020310,0.019931
48121020311,0.02769
48121020312,0.014654
48121020313,0.037944
48121020314,0.031257
48121020315,0.044473
48121020316,0.036585
48121020317,0.013655
48121020318,0.026234
48121020319,0.0868
48121020320,0.018521
48121020321,0.011235
48121020322,0.020805
48121020402,0.117329
48121020403,0.018541
48121020404,0.081309
48121020405,0.046935
48121020504,0.027912
48121020505,0.063027
48121020506,0.098462
48121020507,0.015821
48121020508,0.073697
48121020601,0.042794
48121020603,0.069138
48121020604,0.022482
48121020605,0.067243
48121020700,0.014648
48121020800,0.048459
48121020900,0.016875
48121021000,0.011914
48121021100,0.03354
48121021202,0.025927
48121021203,0.124889
48121021204,0.021226
48121021301,0.140418
48121021304,0.01572
48121021305,0.046786
48121021306,0.052643
48121021307,0.009826
48121021410,0.024412
48121021411,0.079383
48121021412,0.0526
48121021413,0.057531
48121021414,0.111338
48121021415,0.032125
48121021416,0.007456
48121021417,0.020519
48121021418,0.011054
48121021419,0.016737
48121021420,0.022965
48121021421,0.016516
48121021422,0.013102
48121021423,0.016047
48121021502,0.031052
48121021505,0.015052
48121021512,0.024034
48121021513,0.041171
48121021514,0.008546
48121021516,0.018332
48121021517,0.180483
48121021518,0.027368
48121021520,0.010805
48121021521,0.066179
48121021522,0.026313
48121021526,0.012818
48121021528,0.013051
48121021529,0.009197
48121021530,0.01407
48121021531,0.025908
48121021532,0.01433
48121021533,0.006694
48121021534,0.012766
48121021535,0.016914
48121021536,0.044085
48121021537,0.036491
48121021538,0.008915
48121021539,0.016362
48121021540,0.008889
48121021611,0.019985
48121021612,0.014027
48121021613,0.013837
48121021614,0.020153
48121021615,0.017028
48121021616,0.015982
48121021618,0.020067
48121021619,0.016259
48121021620,0.034623
48121021621,0.019412
48121021622,0.009897
48121021626,0.01854
48121021630,0.009555
48121021631,0.019763
48121021632,0.010298
48121021633,0.010875
48121021634,0.029393
48121021635,0.010777
48121021637,0.01901
48121021638,0.011107
48121021639,0.016371
48121021640,0.007696
48121021641,0.041343
48121021642,0.03552
48121021643,0.012244
48121021644,0.018802
48121021645,0.080281
48121021646,0.017893
48121021647,0.027028
48121021648,0.006919
48121021649,0.038436
48121021650,0.016308
48121021651,0.015013
48121021652,0.012481
48121021653,0.01877
48121021654,0.04334
48121021655,0.019695
48121021715,0.011964
48121021716,0.021918
48121021717,0.011846
48121021719,0.034524
48121021720,0.020109
48121021721,0.006116
48121021722,0.01275
48121021723,0.015326
48121021724,0.008771
48121021725,0.034735
48121021726,0.009853
48121021727,0.009489
48121021728,0.052268
48121021729,0.013721
48121021730,0.008135
48121021731,0.007184
48121021732,0.201175
48121021733,0.040332
48121021734,0.074778
48121021735,0.01578
48121021736,0.017116
48121021737,0.030673
48121021738,0.038668
48121021739,0.072084
48121021740,0.011722
48121021741,0.011657
48121021742,0.024531
48121021743,0.064808
48121021744,0.018861
48121021745,0.01389
48121021746,0.029634
48121021748,0.031428
48121021749,0.010166
48121021750,0.02435
48121021751,0.009649
48121021752,0.006073
48121021754,0.023999
48121021755,0.01467
48121021756,0.057833
48121021757,0.04342
48121021758,0.013852
48121021759,0.033896
48121021800,0.015239
48121021900,0.012537
48123970100,0.067211
48123970201,0.1877
48123970202,0.056938
48123970300,0.084452
48123970400,0.059525
48123970500,0.063493
48125950300,0.104642
48127950201,0.154158
48127950202,0.096991
48127950400,0.156313
48131950100,0.041041
48131950200,0.053774
48131950500,0.04352
48133950100,0.056653
48133950201,0.041628
48133950202,0.050575
48133950301,0.117749
48133950302,0.117747
48133950400,0.06036
48133950500,0.052615
48137950300,0.148279
48139060103,0.046865
48139060104,0.021309
48139060105,0.028782
48139060106,0.033734
48139060206,0.059591
48139060207,0.053001
48139060209,0.017298
48139060211,0.026934
48139060212,0.021775
48139060215,0.019207
48139060216,0.059548
48139060217,0.02062
48139060218,0.024641
48139060219,0.02464
48139060220,0.014084
48139060221,0.01506
48139060300,0.010116
48139060400,0.092104
48139060500,0.0346
48139060601,0.048265
48139060602,0.021661
48139060702,0.035562
48139060704,0.06245
48139060801,0.023323
48139060802,0.030291
48139060803,0.05502
48139060900,0.032644
48139061000,0.088677
48139061100,0.0394
48139061200,0.07727
48139061300,0.054526
48139061401,0.040416
48139061402,0.022811
48139061500,0.081438
48139061600,0.041564
48139061700,0.049454
48143950100,0.069332
48143950201,0.094592
48143950203,0.068236
48143950204,0.03287
48143950301,0.130984
48143950302,0.124519
48143950401,0.194869
48143950402,0.080916
48143950501,0.135874
48143950502,0.164542
48143950600,0.164977
48143950700,0.12266
48145000200,0.130433
48145000300,0.180185
48145000400,0.181415
48145000500,0.056074
48145000700,0.044073
48145000800,0.061862
48147950100,0.069176
48147950300,0.058768
48147950401,0.191669
48147950402,0.118562
48147950500,0.158279
48147950600,0.232772
48147950701,0.047041
48147950702,0.069046
48147950800,0.060304
48149970100,0.056741
48149970200,0.108883
48149970301,0.148672
48149970302,0.106198
48149970400,0.096801
48149970500,0.04946
48149970601,0.050578
48149970602,0.091189
48149970700,0.060436
48151950300,0.052987
48151950400,0.140536
48155950100,0.059486
48157670101,0.007225
48157670102,0.019821
48157670201,0.005028
48157670202,0.006772
48157670300,0.04175
48157670400,0.007602
48157670500,0.045845
48157670602,0.007298
48157670603,0.007701
48157670604,0.006926
48157670700,0.055188
48157670801,0.083904
48157670802,0.009992
48157670803,0.011757
48157670804,0.168282
48157670902,0.143987
48157670903,0.080733
48157670904,0.006338
48157671001,0.007006
48157671002,0.008918
48157671101,0.030733
48157671102,0.008409
48157671200,0.008379
48157671300,0.01046
48157671401,0.019487
48157671402,0.015707
48157671501,0.010994
48157671502,0.030881
48157671601,0.016597
48157671602,0.011397
48157671700,0.018271
48157671800,0.01337
48157671900,0.007291
48157672002,0.042861
48157672003,0.00589
48157672004,0.006577
48157672100,0.049563
48157672201,0.069821
48157672202,0.010909
48157672303,0.027101
48157672304,0.006239
48157672305,0.028005
48157672306,0.008376
48157672401,0.038997
48157672402,0.01603
48157672500,0.009818
48157672602,0.006822
48157672603,0.006182
48157672604,0.007415
48157672701,0.007885
48157672702,0.006571
48157672703,0.009919
48157672801,0.039879
48157672802,0.057401
48157672901,0.013084
48157672902,0.006967
48157672903,0.018551
48157672904,0.036661
48157672905,0.014952
48157672906,0.013835
48157672907,0.006406
48157673004,0.007453
48157673005,0.007828
48157673006,0.008152
48157673007,0.012127
48157673008,0.006274
48157673009,0.02817
48157673010,0.005862
48157673103,0.022931
48157673104,0.007399
48157673105,0.034268
48157673106,0.015737
48157673107,0.011171
48157673108,0.009149
48157673109,0.009922
48157673110,0.007102
48157673111,0.007523
48157673112,0.008537
48157673113,0.005577
48157673201,0.005808
48157673202,0.016871
48157673300,0.015079
48157673401,0.008874
48157673402,0.010996
48157673403,0.013392
48157673404,0.021824
48157673501,0.03021
48157673502,0.008477
48157673600,0.033339
48157673700,0.082911
48157673801,0.173855
48157673802,0.072594
48157673902,0.00905
48157673903,0.010145
48157673904,0.128349
48157674001,0.006526
48157674002,0.009406
48157674100,0.00887
48157674200,0.009364
48157674301,0.007132
48157674302,0.009611
48157674401,0.006299
48157674402,0.015957
48157674403,0.010075
48157674404,0.027897
48157674503,0.006557
48157674504,0.008273
48157674505,0.037961
48157674506,0.011381
48157674507,0.018887
48157674508,0.04095
48157674601,0.045693
48157674602,0.057831
48157674603,0.016559
48157674604,0.028329
48157674701,0.119704
48157674702,0.014865
48157674800,0.020656
48157674900,0.191386
48157675000,0.126511
48157675101,0.010858
48157675102,0.037855
48157675200,0.146798
48157675300,0.143
48157675401,0.118364
48157675402,0.132368
48157675501,0.037773
48157675502,0.010368
48157675503,0.007076
48157675600,0.019319
48157675701,0.025268
48157675702,0.012649
48157675800,0.058619
48159950101,0.073434
48159950102,0.064821
48159950200,0.090281
48159950300,0.101039
48161000101,0.062483
48161000102,0.204713
48161000200,0.145782
48161000300,0.123337
48161000400,0.059234
48161000600,0.050595
48161000700,0.105655
48161000900,0.185459
48163950101,0.045156
48163950102,0.036957
48163950201,0.139373
48163950202,0.074413
48163950301,0.137067
48163950302,0.109394
48167720100,0.008573
48167720200,0.01584
48167720301,0.01995
48167720302,0.0085
48167720400,0.022944
48167720501,0.007384
48167720504,0.006502
48167720505,0.02508
48167720506,0.00581
48167720507,0.007999
48167720508,0.01293
48167720509,0.060269
48167720510,0.026874
48167720511,0.020943
48167720512,0.006719
48167720601,0.008625
48167720602,0.008924
48167720603,0.006218
48167720604,0.012781
48167720605,0.066873
48167720701,0.063994
48167720702,0.058819
48167720703,0.027646
48167720800,0.016328
48167720900,0.047036
48167721101,0.017231
48167721203,0.10628
48167721204,0.006935
48167721205,0.009052
48167721206,0.121548
48167721209,0.053836
48167721301,0.006695
48167721302,0.012292
48167721401,0.006561
48167721403,0.006771
48167721501,0.058136
48167721502,0.02554
48167721901,0.017425
48167723300,0.013903
48167723401,0.111551
48167723402,0.022655
48167723403,0.016997
48167723503,0.180853
48167723504,0.165957
48167723505,0.031314
48169950101,0.094518
48169950102,0.048895
48169980000,0.262181
48171950100,0.106752
48171950200,0.037926
48171950301,0.211723
48171950302,0.134544
48171950401,0.134277
48171950402,0.225236
48171950500,0.188706
48173950100,0.072061
48175960100,0.099029
48175960200,0.055108
48177000100,0.140362
48177000200,0.109473
48177000300,0.186982
48177000400,0.184672
48177000500,0.126979
48177000600,0.054483
48181000101,0.059487
48181000102,0.051777
48181000302,0.06837
48181000304,0.060599
48181000600,0.077209
48181000700,0.165255
48181000800,0.013837
48181000901,0.123207
48181000903,0.046083
48181000904,0.03325
48181001101,0.030153
48181001103,0.108299
48181001104,0.054482
48181001200,0.015408
48181001300,0.152815
48181001400,0.096932
48181001500,0.123829
48181001700,0.030675
48181001801,0.053439
48181001802,0.031713
48181001803,0.068478
48181001901,0.075104
48181001902,0.041112
48181002000,0.041101
48183010100,0.026218
48183010201,0.134625
48183010202,0.044229
48183010401,0.098753
48183010402,0.042901
48183010700,0.083586
48185180101,0.043364
48185180102,0.08671
48185180201,0.068129
48185180202,0.04239
48185180302,0.060672
48185180303,0.019755
48185180304,0.06761
48185180400,0.042578
48187210100,0.138722
48187210200,0.104844
48187210300,0.20531
48187210400,0.142256
48187210505,0.041636
48187210506,0.134856
48187210508,0.116011
48187210509,0.192962
48187210510,0.184078
48187210511,0.1773
48187210512,0.187812
48187210513,0.055563
48187210603,0.032431
48187210606,0.022285
48187210608,0.079769
48187210609,0.014561
48187210610,0.027273
48187210611,0.017291
48187210612,0.057244
48187210613,0.012689
48187210614,0.027273
48187210705,0.021543
48187210706,0.020662
48187210707,0.022074
48187210709,0.020663
48187210710,0.029346
48187210711,0.022013
48187210712,0.012587
48187210713,0.011344
48187210715,0.016166
48187210716,0.008891
48187210717,0.014481
48187210718,0.017558
48187210803,0.04536
48187210804,0.045223
48187210805,0.09952
48187210806,0.1776
48187210902,0.046423
48187210903,0.07997
48187210904,0.26588
48187210905,0.038282
48193950100,0.055265
48193950200,0.096059
48193950300,0.10597
48201100001,0.052568
48201210400,0.008141
48201210500,0.006146
48201210600,0.007954
48201210700,0.008715
48201210800,0.011171
48201210900,0.01626
48201211000,0.01916
48201211101,0.033388
48201211102,0.006845
48201211200,0.006086
48201211301,0.018409
48201211302,0.02345
48201211400,0.010534
48201211501,0.053198
48201211502,0.047077
48201211600,0.037442
48201211700,0.023445
48201211900,0.006684
48201212300,0.015927
48201212400,0.014996
48201212500,0.01999
48201220100,0.016583
48201220200,0.009466
48201220300,0.015649
48201220400,0.017671
48201220500,0.016751
48201220600,0.009046
48201220701,0.031775
48201220702,0.025202
48201220800,0.024049
48201220900,0.041507
48201221000,0.008828
48201221100,0.012123
48201221200,0.00802
48201221301,0.028653
48201221302,0.006508
48201221400,0.011919
48201221501,0.009226
48201221502,0.022645
48201221601,0.011103
48201221602,0.013759
48201221701,0.012742
48201221702,0.026103
48201221800,0.031946
48201221900,0.04117
48201222000,0.012108
48201222100,0.0147
48201222200,0.019676
48201222300,0.013712
48201222401,0.052845
48201222402,0.014246
48201222501,0.009636
48201222502,0.119853
48201222504,0.011216
48201222505,0.012243
48201222601,0.010911
48201222602,0.007474
48201222701,0.010248
48201222702,0.027432
48201222800,0.027227
48201222900,0.018914
48201223001,0.014917
48201223002,0.009923
48201223100,0.019557
48201230100,0.009665
48201230200,0.007366
48201230300,0.011257
48201230400,0.007186
48201230500,0.024854
48201230600,0.036493
48201230700,0.008327
48201230800,0.020702
48201230900,0.008055
48201231000,0.010675
48201231100,0.058614
48201231200,0.012419
48201231300,0.008643
48201231400,0.009422
48201231500,0.027155
48201231600,0.008389
48201231700,0.043231
48201231800,0.013856
48201231900,0.023365
48201232000,0.012838
48201232100,0.025635
48201232201,0.010014
48201232202,0.023664
48201232203,0.104178
48201232303,0.014097
48201232304,0.046976
48201232305,0.063812
48201232306,0.025097
48201232402,0.019062
48201232403,0.019976
48201232404,0.051727
48201232405,0.069218
48201232500,0.086329
48201232600,0.01731
48201232701,0.040034
48201232703,0.032416
48201232704,0.018976
48201232801,0.034449
48201232802,0.011945
48201232901,0.017755
48201232902,0.029535
48201233001,0.0223
48201233002,0.039515
48201233003,0.02376
48201233101,0.011597
48201233103,0.031605
48201233104,0.024017
48201233105,0.030073
48201233200,0.013028
48201233300,0.032938
48201233400,0.012117
48201233501,0.012555
48201233502,0.026204
48201233600,0.032123
48201233701,0.039148
48201233702,0.012531
48201233703,0.034384
48201240101,0.022757
48201240102,0.033013
48201240400,0.012318
48201240503,0.010397
48201240504,0.007466
48201240505,0.010697
48201240506,0.006112
48201240600,0.016051
48201240703,0.018418
48201240704,0.015094
48201240705,0.009487
48201240706,0.020723
48201240707,0.018132
48201240802,0.013061
48201240803,0.024231
48201240804,0.015312
48201240903,0.024146
48201240904,0.013242
48201240905,0.01712
48201240906,0.008269
48201241001,0.038997
48201241002,0.00873
48201241101,0.011125
48201241103,0.012523
48201241104,0.012921
48201241105,0.089669
48201241201,0.015612
48201241202,0.136653
48201241301,0.016537
48201241302,0.016497
48201241400,0.026915
48201241501,0.026315
48201241502,0.0185
48201241503,0.036964
48201250101,0.028176
48201250102,0.055851
48201250201,0.040737
48201250202,0.045265
48201250303,0.09146
48201250304,0.068773
48201250305,0.012091
48201250306,0.051489
48201250403,0.035335
48201250404,0.006797
48201250405,0.021571
48201250406,0.036141
48201250407,0.072198
48201250408,0.009442
48201250500,0.014461
48201250601,0.04531
48201250602,0.032893
48201250701,0.016865
48201250702,0.007612
48201250801,0.009424
48201250802,0.020655
48201250901,0.015305
48201250902,0.009483
48201251000,0.051095
48201251100,0.018397
48201251200,0.012117
48201251300,0.013393
48201251401,0.010819
48201251402,0.006879
48201251501,0.010409
48201251503,0.005183
48201251504,0.004835
48201251505,0.00859
48201251600,0.057036
48201251701,0.010972
48201251702,0.049711
48201251800,0.364185
48201251902,0.028269
48201251903,0.063579
48201251904,0.011941
48201252001,0.010539
48201252002,0.045021
48201252003,0.033742
48201252100,0.015701
48201252201,0.063658
48201252202,0.086705
48201252303,0.010407
48201252304,0.011892
48201252305,0.009379
48201252306,0.011144
48201252400,0.018937
48201252500,0.088033
48201252601,0.021393
48201252602,0.100293
48201252700,0.128153
48201252800,0.021524
48201252901,0.020919
48201252902,0.013805
48201253000,0.033556
48201253202,0.016167
48201253300,0.008761
48201253502,0.027008
48201310101,0.008417
48201310102,0.009736
48201310200,0.008967
48201310300,0.005507
48201310400,0.008757
48201310500,0.010953
48201310600,0.006635
48201310700,0.022093
48201310800,0.021728
48201310900,0.008182
48201311001,0.077286
48201311002,0.098803
48201311100,0.012347
48201311200,0.030282
48201311300,0.007123
48201311400,0.006825
48201311501,0.007812
48201311502,0.011329
48201311600,0.015415
48201311701,0.014443
48201311702,0.033854
48201311800,0.027831
48201311900,0.018334
48201312000,0.043726
48201312200,0.024332
48201312300,0.012136
48201312400,0.009878
48201312501,0.017039
48201312502,0.012574
48201312601,0.061111
48201312602,0.021389
48201312603,0.016154
48201312700,0.01316
48201312800,0.010489
48201312901,0.009067
48201312902,0.005414
48201313000,0.017234
48201313101,0.012722
48201313102,0.046127
48201313201,0.039004
48201313202,0.011865
48201313300,0.006581
48201313400,0.006819
48201313500,0.008362
48201313600,0.009855
48201313700,0.050571
48201313801,0.027434
48201313802,0.021573
48201313901,0.025442
48201313902,0.009198
48201314001,0.031469
48201314003,0.088104
48201314004,0.013554
48201314005,0.013488
48201314301,0.038844
48201314302,0.034719
48201314401,0.095828
48201314402,0.155996
48201320100,0.010456
48201320201,0.027991
48201320202,0.011237
48201320500,0.022808
48201320601,0.008671
48201320602,0.010223
48201320700,0.030145
48201320800,0.120484
48201320901,0.024576
48201320902,0.005734
48201321001,0.023416
48201321002,0.047999
48201321101,0.027186
48201321102,0.02425
48201321200,0.018404
48201321301,0.028239
48201321302,0.051595
48201321401,0.017954
48201321402,0.074125
48201321500,0.041133
48201321600,0.023948
48201321700,0.008751
48201321800,0.025899
48201321900,0.010027
48201322000,0.035223
48201322100,0.009421
48201322200,0.007704
48201322600,0.093834
48201322701,0.018069
48201322702,0.026537
48201322800,0.026817
48201322900,0.009023
48201323000,0.014557
48201323100,0.010777
48201323200,0.018419
48201323300,0.010533
48201323400,0.016339
48201323500,0.022729
48201323601,0.014009
48201323602,0.037392
48201323701,0.019581
48201323702,0.035852
48201323801,0.006824
48201323802,0.008498
48201323900,0.046009
48201324000,0.04033
48201324101,0.045439
48201324102,0.187836
48201324200,0.048235
48201330101,0.016722
48201330102,0.011121
48201330200,0.008589
48201330301,0.041346
48201330302,0.054078
48201330303,0.034954
48201330400,0.021866
48201330500,0.012852
48201330600,0.013022
48201330700,0.071449
48201330801,0.069668
48201330802,0.079451
48201330901,0.008812
48201330902,0.007842
48201331100,0.013516
48201331200,0.015449
48201331300,0.028794
48201331400,0.024491
48201331501,0.077773
48201331502,0.006183
48201331602,0.006398
48201331603,0.013842
48201331604,0.006454
48201331700,0.023221
48201331800,0.01468
48201331900,0.021576
48201332000,0.01202
48201332100,0.036648
48201332200,0.006663
48201332300,0.016548
48201332400,0.009272
48201332500,0.008988
48201332600,0.013152
48201332700,0.021759
48201332800,0.036056
48201332900,0.021622
48201333000,0.029411
48201333100,0.010497
48201333201,0.020381
48201333203,0.008043
48201333204,0.012867
48201333205,0.042271
48201333301,0.021109
48201333302,0.00966
48201333501,0.025386
48201333502,0.085719
48201333600,0.089881
48201333700,0.035406
48201333801,0.095446
48201333802,0.00808
48201333903,0.016163
48201333904,0.015044
48201333905,0.014639
48201333906,0.020738
48201334001,0.007414
48201334002,0.049719
48201334003,0.050181
48201334101,0.01905
48201334102,0.035855
48201340101,0.048021
48201340102,0.014538
48201340201,0.138177
48201340202,0.018926
48201340203,0.009815
48201340301,0.006698
48201340302,0.00904
48201340400,0.008945
48201340501,0.010476
48201340502,0.03061
48201340600,0.011469
48201340701,0.020764
48201340702,0.015134
48201340800,0.008004
48201340900,0.041813
48201341001,0.067973
48201341002,0.036166
48201341101,0.01298
48201341102,0.015011
48201341201,0.019409
48201341203,0.048959
48201341204,0.025214
48201341302,0.058085
48201341303,0.019659
48201341304,0.040894
48201341400,0.021491
48201341501,0.007987
48201341502,0.036486
48201342001,0.007077
48201342002,0.027504
48201342100,0.013092
48201342200,0.038091
48201342300,0.008976
48201342400,0.074631
48201342500,0.050943
48201342700,0.021321
48201342801,0.018568
48201342802,0.056882
48201342900,0.014164
48201343000,0.02868
48201343100,0.024044
48201343200,0.014421
48201343301,0.033447
48201343302,0.023254
48201343601,0.170232
48201343700,0.066998
48201350101,0.030124
48201350102,0.009491
48201350103,0.008858
48201350104,0.051958
48201350201,0.011416
48201350202,0.055257
48201350300,0.018559
48201350400,0.007801
48201350500,0.010705
48201350601,0.010497
48201350603,0.007205
48201350604,0.007381
48201350700,0.006371
48201350801,0.009712
48201350803,0.010738
48201350804,0.006817
48201410101,0.009763
48201410102,0.034623
48201410201,0.042053
48201410202,0.023413
48201410300,0.019424
48201410401,0.073078
48201410402,0.025176
48201410501,0.053587
48201410502,0.062998
48201410601,0.017772
48201410602,0.013762
48201410703,0.007802
48201410704,0.054586
48201410705,0.01239
48201410706,0.00585
48201410801,0.025523
48201410802,0.009211
48201410900,0.087715
48201411001,0.052458
48201411002,0.028011
48201411003,0.01619
48201411100,0.023794
48201411200,0.071364
48201411301,0.051029
48201411302,0.086744
48201411400,0.009442
48201411503,0.012834
48201411504,0.031931
48201411505,0.010549
48201411506,0.04194
48201411507,0.050374
48201411600,0.012325
48201411700,0.01018
48201411801,0.017623
48201411802,0.013467
48201411901,0.051291
48201411902,0.01818
48201412000,0.03283
48201412201,0.016738
48201412202,0.007803
48201412300,0.058483
48201412400,0.009238
48201412500,0.036802
48201412600,0.025968
48201412700,0.006577
48201412800,0.017118
48201412901,0.070977
48201412902,0.018499
48201413000,0.00895
48201413100,0.018504
48201413203,0.011651
48201413204,0.046348
48201413205,0.033104
48201413206,0.018453
48201413301,0.009287
48201413302,0.005093
48201420100,0.017379
48201420200,0.00848
48201420300,0.006458
48201420400,0.022744
48201420500,0.016322
48201420600,0.049631
48201420700,0.005973
48201420800,0.006843
48201420900,0.00781
48201421000,0.052846
48201421101,0.009972
48201421103,0.006105
48201421104,0.023924
48201421203,0.045309
48201421204,0.011313
48201421205,0.014269
48201421206,0.005822
48201421301,0.005389
48201421302,0.008938
48201421401,0.025953
48201421402,0.016928
48201421403,0.019002
48201421501,0.008785
48201421502,0.009701
48201421601,0.01063
48201421602,0.045229
48201421700,0.007293
48201421801,0.021625
48201421802,0.009945
48201421900,0.011276
48201422000,0.005521
48201422100,0.065127
48201422200,0.009802
48201422302,0.009714
48201422303,0.012715
48201422304,0.02079
48201422403,0.008598
48201422404,0.010685
48201422405,0.022424
48201422406,0.006123
48201422501,0.014713
48201422502,0.007919
48201422601,0.009399
48201422602,0.00817
48201422701,0.008834
48201422702,0.012805
48201422800,0.007319
48201422900,0.009467
48201423001,0.015698
48201423002,0.039595
48201423100,0.031069
48201423201,0.019972
48201423203,0.006827
48201423204,0.021601
48201423301,0.014069
48201423303,0.006681
48201423304,0.008953
48201423401,0.016057
48201423402,0.006127
48201423500,0.033601
48201423600,0.02824
48201430101,0.012758
48201430102,0.011347
48201430200,0.0098
48201430300,0.00875
48201430400,0.006011
48201430500,0.075555
48201430600,0.005298
48201430700,0.056455
48201430800,0.037277
48201430900,0.03481
48201431001,0.010286
48201431002,0.024159
48201431101,0.033907
48201431102,0.017937
48201431203,0.016533
48201431204,0.018006
48201431205,0.011757
48201431206,0.015694
48201431302,0.009103
48201431303,0.009846
48201431304,0.043062
48201431401,0.009282
48201431403,0.056063
48201431404,0.015679
48201431503,0.029129
48201431504,0.01027
48201431505,0.038444
48201431506,0.008824
48201431600,0.01
48201431701,0.016471
48201431702,0.026613
48201431801,0.011157
48201431803,0.006158
48201431804,0.037562
48201431901,0.013745
48201431902,0.015611
48201432003,0.013499
48201432004,0.010978
48201432005,0.070374
48201432006,0.005858
48201432101,0.041761
48201432102,0.05438
48201432200,0.010808
48201432301,0.037594
48201432302,0.024775
48201432303,0.047701
48201432401,0.006448
48201432402,0.018117
48201432501,0.010647
48201432502,0.011969
48201432600,0.00843
48201432703,0.010021
48201432704,0.008277
48201432705,0.010284
48201432706,0.00944
48201432803,0.007674
48201432804,0.017098
48201432805,0.016292
48201432806,0.045877
48201432901,0.03833
48201432903,0.019109
48201432904,0.03314
48201433003,0.04215
48201433004,0.016668
48201433005,0.047979
48201433006,0.013114
48201433007,0.006927
48201433100,0.07236
48201433201,0.035066
48201433202,0.008547
48201433300,0.007134
48201433400,0.008345
48201433503,0.060662
48201433504,0.015591
48201433505,0.019109
48201433506,0.019523
48201433507,0.058788
48201433601,0.016346
48201433602,0.007552
48201440101,0.006697
48201440102,0.031926
48201450100,0.025623
48201450200,0.020139
48201450301,0.006749
48201450302,0.025911
48201450401,0.031143
48201450402,0.038676
48201450500,0.024972
48201450600,0.014789
48201450700,0.019008
48201450801,0.021519
48201450803,0.021237
48201450804,0.079676
48201450900,0.045886
48201451003,0.012938
48201451004,0.021678
48201451005,0.012106
48201451006,0.029385
48201451100,0.016211
48201451200,0.010785
48201451301,0.00618
48201451302,0.008074
48201451401,0.008672
48201451404,0.019617
48201451405,0.013889
48201451406,0.013335
48201451407,0.011866
48201451501,0.015017
48201451502,0.083403
48201451603,0.012576
48201451604,0.065146
48201451605,0.006867
48201451606,0.036108
48201451700,0.044518
48201451800,0.017913
48201451902,0.007397
48201451903,0.076561
48201451904,0.009566
48201452001,0.009338
48201452002,0.011719
48201452101,0.013706
48201452102,0.010486
48201452103,0.011518
48201452202,0.02216
48201452203,0.050203
48201452204,0.034186
48201452300,0.041142
48201452401,0.020346
48201452402,0.008996
48201452501,0.007477
48201452502,0.026429
48201452601,0.014991
48201452602,0.006456
48201452701,0.006736
48201452702,0.005966
48201452703,0.037046
48201452801,0.027742
48201452802,0.025252
48201452900,0.044352
48201453001,0.029001
48201453002,0.016781
48201453100,0.020835
48201453201,0.016281
48201453202,0.016942
48201453300,0.013604
48201453401,0.021605
48201453403,0.006936
48201453404,0.032858
48201453405,0.006777
48201453501,0.016423
48201453502,0.007126
48201453601,0.025428
48201453603,0.040765
48201453604,0.007509
48201453701,0.008353
48201453702,0.014266
48201453800,0.02522
48201453901,0.007759
48201453902,0.021542
48201454000,0.011554
48201454100,0.009985
48201454200,0.023635
48201454302,0.00569
48201454303,0.035244
48201454304,0.009447
48201454305,0.011455
48201454400,0.054446
48201454502,0.006831
48201454503,0.013814
48201454504,0.007088
48201454505,0.037398
48201454600,0.011142
48201454700,0.067571
48201454801,0.041763
48201454802,0.008554
48201454901,0.01255
48201454902,0.007513
48201455000,0.015544
48201455102,0.007818
48201455103,0.126569
48201455104,0.023571
48201455200,0.025293
48201455300,0.035668
48201510100,0.026786
48201510201,0.028457
48201510202,0.007614
48201510301,0.022249
48201510302,0.012423
48201510400,0.010815
48201510500,0.009005
48201510601,0.037613
48201510602,0.024164
48201510701,0.007909
48201510702,0.0174
48201510801,0.077896
48201510802,0.012796
48201510803,0.052624
48201510901,0.008898
48201510902,0.03069
48201511001,0.016959
48201511003,0.01311
48201511004,0.008373
48201511100,0.009762
48201511201,0.0269
48201511202,0.00807
48201511301,0.016751
48201511302,0.067832
48201511400,0.049883
48201511501,0.01137
48201511502,0.008735
48201511600,0.011215
48201520100,0.008563
48201520200,0.020837
48201520301,0.007026
48201520302,0.008813
48201520400,0.021882
48201520501,0.010451
48201520502,0.01125
48201520601,0.007687
48201520603,0.017599
48201520604,0.00916
48201520700,0.011407
48201521000,0.051922
48201521100,0.007356
48201521201,0.019506
48201521202,0.028549
48201521300,0.00931
48201521401,0.031039
48201521402,0.012231
48201521501,0.019491
48201521502,0.032173
48201521600,0.139437
48201521701,0.025353
48201521702,0.052944
48201521800,0.012525
48201521900,0.007407
48201522001,0.02793
48201522002,0.006399
48201522101,0.005918
48201522102,0.007194
48201522201,0.007909
48201522202,0.010158
48201522301,0.04043
48201522302,0.01094
48201522401,0.011869
48201522402,0.036337
48201522500,0.008513
48201530101,0.029986
48201530102,0.013276
48201530200,0.013068
48201530300,0.010659
48201530400,0.026561
48201530501,0.035871
48201530502,0.005513
48201530600,0.011749
48201530701,0.071197
48201530702,0.016919
48201530800,0.007926
48201530900,0.011937
48201531000,0.007321
48201531100,0.006823
48201531200,0.0049
48201531300,0.006688
48201531400,0.007936
48201531500,0.014568
48201531600,0.009549
48201531700,0.043168
48201531800,0.044835
48201531900,0.015685
48201532003,0.005958
48201532004,0.010042
48201532101,0.010302
48201532102,0.023788
48201532200,0.011444
48201532301,0.026018
48201532302,0.013715
48201532400,0.020126
48201532502,0.013064
48201532503,0.025721
48201532504,0.029203
48201532600,0.015617
48201532700,0.031584
48201532800,0.008888
48201532900,0.034128
48201533000,0.004879
48201533100,0.006749
48201533200,0.005299
48201533301,0.010203
48201533302,0.023432
48201533401,0.016697
48201533402,0.007857
48201533500,0.01924
48201533600,0.01535
48201533701,0.011889
48201533702,0.011011
48201533802,0.009482
48201533803,0.278241
48201533804,0.026477
48201533902,0.031642
48201533903,0.005895
48201533904,0.075969
48201534001,0.057691
48201534002,0.013625
48201534003,0.056738
48201534101,0.019464
48201534102,0.016181
48201534201,0.044005
48201534203,0.013734
48201534204,0.023733
48201534205,0.013586
48201540101,0.014817
48201540102,0.021428
48201540200,0.060713
48201540502,0.009062
48201540503,0.14261
48201540504,0.105954
48201540601,0.014209
48201540602,0.01989
48201540700,0.055145
48201540800,0.011047
48201540901,0.00806
48201540903,0.044642
48201540904,0.086335
48201541004,0.032448
48201541005,0.012426
48201541006,0.009537
48201541007,0.010455
48201541008,0.037656
48201541009,0.01824
48201541100,0.006425
48201541203,0.012643
48201541204,0.038398
48201541205,0.020921
48201541206,0.006386
48201541207,0.031201
48201541301,0.016598
48201541302,0.010839
48201541401,0.0848
48201541402,0.02093
48201541403,0.017116
48201541404,0.009579
48201541500,0.01633
48201541603,0.018084
48201541604,0.01159
48201541701,0.056052
48201541702,0.011499
48201541703,0.150838
48201541801,0.051314
48201541802,0.049576
48201541901,0.005956
48201541902,0.015394
48201542001,0.031138
48201542002,0.007083
48201542003,0.029121
48201542004,0.009309
48201542103,0.014558
48201542104,0.013932
48201542105,0.015831
48201542106,0.006102
48201542107,0.039841
48201542108,0.032566
48201542201,0.007839
48201542202,0.045832
48201542203,0.022505
48201542302,0.008454
48201542303,0.010594
48201542304,0.008526
48201542305,0.005929
48201542401,0.053245
48201542402,0.00929
48201542500,0.029142
48201542600,0.009719
48201542700,0.01123
48201542800,0.006586
48201542901,0.016259
48201542902,0.01312
48201543004,0.013638
48201543005,0.01168
48201543006,0.011578
48201543007,0.013647
48201543008,0.028676
48201543009,0.030243
48201543010,0.035521
48201543011,0.006758
48201543100,0.065821
48201543201,0.011404
48201543202,0.035409
48201550101,0.012864
48201550102,0.030998
48201550201,0.012034
48201550202,0.009865
48201550303,0.007232
48201550304,0.030686
48201550305,0.016377
48201550306,0.029458
48201550307,0.01158
48201550308,0.00619
48201550403,0.048419
48201550404,0.359227
48201550405,0.014358
48201550406,0.022019
48201550407,0.018614
48201550500,0.006775
48201550601,0.015112
48201550602,0.024012
48201550603,0.047941
48201550700,0.054879
48201550800,0.017667
48201550901,0.007822
48201550902,0.006001
48201551000,0.338073
48201551101,0.034678
48201551102,0.026806
48201551201,0.008068
48201551202,0.081455
48201551300,0.019444
48201551400,0.079835
48201551501,0.006434
48201551502,0.037086
48201551601,0.061902
48201551602,0.017375
48201551702,0.030343
48201551703,0.056967
48201551704,0.010131
48201551705,0.052627
48201551800,0.027976
48201551901,0.006911
48201551902,0.034686
48201552002,0.013381
48201552003,0.022628
48201552004,0.046044
48201552101,0.036882
48201552102,0.014551
48201552103,0.028526
48201552200,0.013453
48201552301,0.008837
48201552303,0.023522
48201552304,0.024762
48201552401,0.025335
48201552402,0.019364
48201552501,0.041274
48201552502,0.013602
48201552602,0.038197
48201552603,0.03626
48201552604,0.034947
48201552701,0.023821
48201552702,0.008411
48201552801,0.069784
48201552802,0.041055
48201552901,0.019233
48201552902,0.009218
48201553001,0.017091
48201553002,0.008144
48201553101,0.025883
48201553102,0.005957
48201553201,0.011678
48201553202,0.057827
48201553300,0.029092
48201553401,0.007537
48201553403,0.012612
48201553404,0.009802
48201553405,0.015201
48201553500,0.092066
48201553601,0.016321
48201553602,0.009411
48201553700,0.014084
48201553801,0.006406
48201553803,0.016275
48201553804,0.010445
48201553901,0.01002
48201554001,0.012149
48201554002,0.007704
48201554103,0.007394
48201554104,0.042383
48201554201,0.041827
48201554202,0.011488
48201554301,0.00748
48201554302,0.062528
48201554404,0.062779
48201554405,0.03573
48201554406,0.006342
48201554407,0.007003
48201554408,0.058434
48201554409,0.102039
48201554410,0.03249
48201554501,0.013331
48201554502,0.007196
48201554600,0.018125
48201554701,0.032093
48201554702,0.008514
48201554803,0.010974
48201554804,0.012693
48201554805,0.006262
48201554806,0.045868
48201554807,0.052653
48201554808,0.039873
48201554809,0.016315
48201554902,0.027206
48201554904,0.054588
48201554905,0.011672
48201554906,0.008358
48201554907,0.012588
48201554908,0.041361
48201555001,0.008849
48201555002,0.010616
48201555101,0.030041
48201555102,0.025852
48201555200,0.017629
48201555301,0.021295
48201555303,0.015193
48201555304,0.009899
48201555305,0.013735
48201555401,0.022913
48201555403,0.056477
48201555404,0.022022
48201555501,0.072693
48201555503,0.023986
48201555504,0.005278
48201555505,0.013553
48201555600,0.056628
48201555701,0.033695
48201555703,0.010827
48201555704,0.006941
48201556000,0.046968
48201556100,0.041011
48201980000,0.168538
48201980100,0.194694
48201980200,0.060796
48201980300,0.054597
48201980400,0.084019
48201980700,0.040272
48207950300,0.07337
48207950400,0.051202
48209010100,0.101131
48209010200,0.115473
48209010302,0.117519
48209010305,0.117471
48209010306,0.089857
48209010307,0.115285
48209010308,0.160109
48209010309,0.110359
48209010401,0.052126
48209010402,0.024031
48209010500,0.083405
48209010601,0.015462
48209010602,0.176353
48209010603,0.093103
48209010702,0.064376
48209010703,0.181206
48209010704,0.222
48209010806,0.067991
48209010807,0.058483
48209010809,0.186549
48209010810,0.078417
48209010811,0.064741
48209010812,0.165719
48209010813,0.022879
48209010814,0.042198
48209010815,0.306844
48209010816,0.228326
48209010817,0.217041
48209010818,0.076605
48209010905,0.061121
48209010909,0.023547
48209010911,0.021562
48209010912,0.045652
48209010913,0.043297
48209010914,0.034034
48209010915,0.015329
48209010916,0.031475
48209010917,0.063306
48209010918,0.020468
48209010919,0.021311
48209010920,0.095005
48209010921,0.066066
48209010922,0.020169
48209010923,0.021063
48209010924,0.01476
48209010925,0.048055
48213950101,0.029745
48213950102,0.032783
48213950201,0.025297
48213950202,0.068547
48213950301,0.128344
48213950302,0.216515
48213950303,0.137819
48213950400,0.19865
48213950500,0.072817
48213950601,0.1668
48213950603,0.136175
48213950604,0.242886
48213950700,0.116677
48213950801,0.178556
48213950802,0.1441
48213950902,0.077488
48213950903,0.176744
48213950904,0.094046
48213950905,0.132768
48213951000,0.102341
48213951101,0.051561
48213951102,0.062716
48213951201,0.164695
48213951202,0.181305
48213951300,0.141391
48213951401,0.06726
48213951402,0.085975
48213951403,0.060317
48215020103,0.042362
48215020104,0.051941
48215020105,0.075953
48215020106,0.040933
48215020107,0.255892
48215020108,0.016676
48215020205,0.161653
48215020206,0.065645
48215020207,0.027311
48215020208,0.096094
48215020209,0.115324
48215020210,0.119947
48215020211,0.28574
48215020303,0.007995
48215020304,0.129042
48215020305,0.044342
48215020306,0.150578
48215020307,0.198138
48215020403,0.104072
48215020405,0.025229
48215020406,0.01615
48215020407,0.045096
48215020408,0.079101
48215020409,0.042763
48215020505,0.198336
48215020506,0.042282
48215020507,0.067302
48215020508,0.265892
48215020509,0.017663
48215020510,0.072701
48215020511,0.029097
48215020512,0.01609
48215020513,0.125685
48215020600,0.054742
48215020724,0.084935
48215020725,0.020603
48215020727,0.016553
48215020728,0.020358
48215020729,0.07581
48215020730,0.165469
48215020731,0.017649
48215020732,0.030185
48215020733,0.020291
48215020734,0.016735
48215020735,0.016319
48215020736,0.016059
48215020804,0.02668
48215020805,0.092568
48215020806,0.098086
48215020807,0.017208
48215020808,0.019946
48215020905,0.024526
48215020906,0.068045
48215020907,0.027987
48215020908,0.04358
48215020909,0.104119
48215020910,0.029659
48215021001,0.039885
48215021002,0.088866
48215021003,0.115629
48215021100,0.053292
48215021201,0.040414
48215021203,0.086632
48215021204,0.024692
48215021306,0.062866
48215021307,0.035656
48215021308,0.102926
48215021309,0.181094
48215021310,0.21811
48215021311,0.044315
48215021312,0.14759
48215021313,0.041441
48215021314,0.070093
48215021315,0.115513
48215021401,0.099802
48215021405,0.095016
48215021406,0.011785
48215021407,0.049106
48215021408,0.076569
48215021409,0.165119
48215021500,0.093786
48215021600,0.034795
48215021703,0.019496
48215021704,0.038558
48215021705,0.031306
48215021706,0.016688
48215021707,0.027042
48215021803,0.032084
48215021804,0.039756
48215021807,0.06172
48215021808,0.15964
48215021809,0.060269
48215021810,0.032286
48215021903,0.064752
48215021904,0.044009
48215021905,0.049489
48215021906,0.054152
48215022005,0.043289
48215022006,0.019507
48215022007,0.00789
48215022008,0.030123
48215022009,0.027992
48215022010,0.081528
48215022011,0.040596
48215022105,0.258621
48215022107,0.08953
48215022108,0.04976
48215022109,0.031121
48215022110,0.01754
48215022111,0.030136
48215022112,0.034155
48215022113,0.063514
48215022203,0.101315
48215022204,0.034323
48215022205,0.050782
48215022206,0.037528
48215022301,0.277127
48215022302,0.046039
48215022401,0.031144
48215022402,0.011655
48215022502,0.022544
48215022503,0.027103
48215022504,0.017733
48215022600,0.007991
48215022703,0.075096
48215022704,0.032408
48215022705,0.017487
48215022706,0.02438
48215022801,0.060142
48215022802,0.083403
48215022900,0.08149
48215023000,0.038181
48215023103,0.065281
48215023104,0.027203
48215023105,0.044065
48215023106,0.01542
48215023516,0.049841
48215023517,0.031379
48215023518,0.05557
48215023519,0.013565
48215023520,0.048347
48215023521,0.019726
48215023522,0.042713
48215023523,0.0513
48215023524,0.018103
48215023525,0.060608
48215023526,0.072747
48215023527,0.017713
48215023528,0.059837
48215023529,0.017718
48215023530,0.03367
48215023531,0.016027
48215023532,0.012667
48215023533,0.015
48215023534,0.026
48215023535,0.012158
48215023536,0.068148
48215023601,0.040294
48215023602,0.027285
48215023700,0.102367
48215023803,0.023892
48215023804,0.116671
48215023805,0.012949
48215023806,0.052656
48215023903,0.222252
48215023905,0.018848
48215023906,0.024755
48215023907,0.076213
48215023908,0.029115
48215024001,0.109225
48215024002,0.038434
48215024003,0.142513
48215024004,0.036132
48215024107,0.088682
48215024108,0.019223
48215024109,0.054613
48215024115,0.03034
48215024116,0.027121
48215024117,0.118364
48215024118,0.091169
48215024119,0.199665
48215024120,0.069438
48215024121,0.047553
48215024122,0.019278
48215024123,0.02173
48215024124,0.032625
48215024125,0.188882
48215024126,0.080637
48215024127,0.02106
48215024128,0.040984
48215024129,0.064206
48215024130,0.096593
48215024131,0.012493
48215024132,0.029455
48215024204,0.199386
48215024206,0.09144
48215024207,0.046678
48215024208,0.050606
48215024209,0.127553
48215024210,0.230187
48215024211,0.089891
48215024212,0.034383
48215024301,0.071182
48215024302,0.026845
48215024403,0.042964
48215024404,0.055982
48215024405,0.076416
48215024406,0.042819
48215024501,0.010064
48215024502,0.057548
48215024600,0.034417
48215980000,0.038518
48217960100,0.035196
48217960200,0.053789
48217960400,0.104513
48217960501,0.036324
48217960502,0.0425
48217960600,0.09504
48217960700,0.091925
48217960800,0.103418
48217960900,0.146889
48217961000,0.130879
48217961100,0.109039
48217961400,0.052091
48221160100,0.076086
48221160204,0.052166
48221160206,0.14277
48221160210,0.063977
48221160211,0.164133
48221160212,0.146773
48221160213,0.067787
48221160214,0.039335
48221160215,0.180739
48221160216,0.090713
48221160217,0.111058
48221160218,0.188456
48221160302,0.044468
48221160303,0.036309
48223950100,0.061503
48223950200,0.063554
48223950301,0.075881
48223950302,0.094144
48223950401,0.066311
48223950402,0.114428
48223950500,0.124642
48223950600,0.037717
48223950700,0.031808
48223950800,0.057682
48225950101,0.17477
48225950102,0.101216
48225950200,0.16907
48225950300,0.1636
48225950400,0.184883
48225950500,0.069412
48225950600,0.160217
48225950700,0.066795
48227950100,0.134112
48227950200,0.028459
48227950300,0.045283
48227950400,0.094233
48227950500,0.152061
48227950600,0.02788
48227950700,0.021329
48227950801,0.106366
48227950802,0.138023
48227950900,0.054773
48231960100,0.059867
48231960200,0.034241
48231960300,0.029076
48231960400,0.106638
48231960500,0.074141
48231960600,0.120678
48231960700,0.03644
48231960800,0.147118
48231960900,0.174076
48231961000,0.109799
48231961101,0.073388
48231961102,0.069381
48231961200,0.049424
48231961300,0.053203
48231961401,0.065263
48231961402,0.04485
48231961501,0.073566
48231961502,0.07567
48231961503,0.110252
48231961600,0.130324
48231961700,0.046893
48235950100,0.131797
48237950100,0.119862
48237950300,0.183664
48237950500,0.113536
48239950100,0.022294
48239950200,0.04233
48239950300,0.017661
48247950200,0.085905
48247950400,0.047062
48249950101,0.06462
48249950102,0.026795
48249950201,0.061143
48249950202,0.081921
48249950301,0.021037
48249950302,0.089824
48249950303,0.125397
48249950400,0.013679
48249950500,0.047177
48249950600,0.036196
48249950700,0.055002
48251130100,0.064281
48251130205,0.025098
48251130210,0.021584
48251130211,0.029624
48251130212,0.092085
48251130213,0.056878
48251130214,0.111873
48251130215,0.030582
48251130216,0.009195
48251130217,0.016602
48251130218,0.092407
48251130219,0.016059
48251130220,0.01842
48251130221,0.020712
48251130222,0.012261
48251130302,0.064096
48251130303,0.13021
48251130304,0.078646
48251130405,0.026467
48251130406,0.041457
48251130411,0.072628
48251130412,0.083281
48251130413,0.121629
48251130414,0.053105
48251130415,0.100515
48251130416,0.026741
48251130417,0.063092
48251130418,0.018723
48251130419,0.062224
48251130501,0.032968
48251130502,0.030612
48251130602,0.035496
48251130603,0.141809
48251130604,0.075178
48251130700,0.014835
48251130800,0.075194
48251130900,0.039358
48251131000,0.017684
48251131100,0.145039
48253020101,0.197581
48253020102,0.062971
48253020200,0.151892
48253020300,0.052041
48253020400,0.025814
48253020500,0.045059
48255970100,0.101075
48255970200,0.028401
48255970301,0.155843
48255970302,0.134139
48255970400,0.053431
48257050204,0.017457
48257050207,0.016021
48257050208,0.020112
48257050209,0.013057
48257050210,0.048767
48257050211,0.016896
48257050212,0.01826
48257050213,0.015678
48257050214,0.010109
48257050215,0.020483
48257050300,0.151297
48257050401,0.124294
48257050402,0.021156
48257050500,0.101023
48257050601,0.054244
48257050602,0.062247
48257050701,0.043307
48257050703,0.055617
48257050704,0.081117
48257050801,0.040269
48257050802,0.034482
48257051000,0.160068
48257051100,0.067234
48257051201,0.061927
48257051202,0.041859
48257051301,0.096271
48257051302,0.045107
48259970101,0.129672
48259970102,0.024707
48259970301,0.068029
48259970302,0.187392
48259970403,0.112893
48259970404,0.02354
48259970405,0.032712
48259970406,0.075509
48259970500,0.087814
48261950100,0.064022
48263950100,0.098644
48265960101,0.093787
48265960102,0.097956
48265960200,0.033352
48265960301,0.098234
48265960303,0.211459
48265960304,0.056757
48265960401,0.280764
48265960403,0.21922
48265960404,0.203366
48265960500,0.069244
48265960601,0.181624
48265960602,0.192614
48265960700,0.193622
48265960800,0.070367
48267950100,0.081066
48267950200,0.171317
48269950100,0.112977
48271950100,0.027573
48273020101,0.039742
48273020102,0.036657
48273020200,0.052714
48273020301,0.018767
48273020302,0.147863
48273020401,0.04007
48273020402,0.185078
48273020501,0.025121
48273020502,0.069128
48275950100,0.081976
48275950200,0.057123
48277000101,0.109565
48277000102,0.070955
48277000200,0.039338
48277000301,0.059174
48277000302,0.058541
48277000401,0.132802
48277000402,0.226197
48277000500,0.163031
48277000600,0.177793
48277000700,0.107173
48277000800,0.121899
48277000900,0.148254
48277001000,0.109804
48281950100,0.051016
48281950302,0.141752
48281950303,0.097523
48281950304,0.092966
48281950400,0.180707
48281950500,0.139894
48283950301,0.090342
48283950302,0.095359
48285000100,0.032912
48285000200,0.097662
48285000300,0.034091
48285000400,0.124195
48285000500,0.079128
48285000600,0.151882
48287000100,0.026172
48287000200,0.040021
48287000300,0.058687
48287000400,0.063347
48289950101,0.095928
48289950102,0.05751
48289950201,0.056759
48289950202,0.028945
48289950301,0.121182
48289950302,0.120406
48291700100,0.037298
48291700200,0.140014
48291700301,0.042371
48291700302,0.027777
48291700303,0.101806
48291700400,0.075951
48291700500,0.055078
48291700900,0.036371
48291701000,0.099917
48293970100,0.117596
48293970200,0.052555
48293970300,0.183244
48293970400,0.063862
48293970500,0.184719
48293970600,0.079973
48293970700,0.040245
48293970800,0.051737
48297950100,0.075247
48297950200,0.050428
48297950300,0.093332
48297950400,0.081592
48299970100,0.167692
48299970200,0.112871
48299970300,0.131936
48299970401,0.185254
48299970402,0.069328
48299970501,0.026499
48299970502,0.061928
48299970600,0.115178
48303000100,0.019353
48303000201,0.021752
48303000202,0.071957
48303000301,0.020396
48303000303,0.031859
48303000304,0.089262
48303000402,0.057663
48303000403,0.033486
48303000406,0.047504
48303000407,0.112423
48303000408,0.026456
48303000409,0.01885
48303000410,0.027567
48303000411,0.022649
48303000501,0.047212
48303000502,0.067476
48303000503,0.117717
48303000603,0.033161
48303000605,0.029767
48303000607,0.122504
48303000700,0.042517
48303000901,0.04461
48303000902,0.074947
48303001000,0.058309
48303001200,0.014571
48303001300,0.063355
48303001401,0.061677
48303001402,0.140585
48303001501,0.090599
48303001502,0.03306
48303001601,0.054397
48303001602,0.03831
48303001708,0.034329
48303001709,0.012111
48303001710,0.035821
48303001711,0.016073
48303001712,0.013783
48303001713,0.014031
48303001714,0.020292
48303001715,0.030888
48303001716,0.010039
48303001717,0.01013
48303001804,0.050439
48303001805,0.032241
48303001806,0.020265
48303001807,0.02967
48303001808,0.015678
48303001904,0.012044
48303001905,0.03475
48303001906,0.015984
48303001907,0.017889
48303001908,0.015663
48303002001,0.018141
48303002002,0.014833
48303002102,0.017766
48303002103,0.014442
48303002104,0.009467
48303002203,0.019382
48303002205,0.021276
48303002206,0.013328
48303002207,0.263523
48303002208,0.022267
48303002301,0.019913
48303002302,0.156585
48303002401,0.062773
48303002402,0.022177
48303002500,0.053764
48303010101,0.074409
48303010102,0.114667
48303010201,0.086555
48303010202,0.073195
48303010203,0.052371
48303010204,0.04765
48303010301,0.057032
48303010302,0.129694
48303010402,0.117655
48303010404,0.059997
48303010409,0.020259
48303010410,0.030375
48303010411,0.013638
48303010412,0.088335
48303010413,0.045908
48303010414,0.013683
48303010415,0.032932
48303010416,0.0635
48303010417,0.030747
48303010418,0.080191
48303010419,0.029995
48303010420,0.062199
48303010421,0.019223
48303010422,0.05442
48303010423,0.062019
48303010502,0.035325
48303010504,0.01592
48303010505,0.021021
48303010506,0.050045
48303010509,0.029122
48303010510,0.027711
48303010511,0.013961
48303010512,0.021926
48303010513,0.098448
48303010514,0.022862
48303010601,0.101601
48303010602,0.233942
48303010700,0.073815
48303980000,0.093968
48305950400,0.06441
48305950500,0.091137
48305950600,0.050791
48307950300,0.162012
48307950400,0.142762
48307950500,0.143264
48309000100,0.052561
48309000200,0.071807
48309000300,0.028643
48309000401,0.096054
48309000402,0.060393
48309000598,0.100405
48309000700,0.038632
48309000800,0.086936
48309000900,0.057788
48309001000,0.018096
48309001100,0.024713
48309001200,0.093742
48309001300,0.027833
48309001401,0.026189
48309001402,0.027304
48309001500,0.032333
48309001600,0.075095
48309001700,0.128571
48309001800,0.152336
48309001900,0.074084
48309002000,0.079957
48309002100,0.113618
48309002302,0.105119
48309002498,0.095049
48309002501,0.069555
48309002503,0.045616
48309002504,0.063853
48309002600,0.019906
48309002700,0.02131
48309002800,0.017906
48309002900,0.033431
48309003000,0.016051
48309003200,0.101192
48309003300,0.045922
48309003401,0.084284
48309003402,0.092601
48309003500,0.060953
48309003601,0.032245
48309003602,0.118039
48309003701,0.184221
48309003703,0.066621
48309003708,0.024941
48309003709,0.050234
48309003710,0.031997
48309003711,0.021349
48309003712,0.031041
48309003801,0.043978
48309003802,0.037022
48309003901,0.149961
48309003902,0.138077
48309004000,0.033614
48309004102,0.021426
48309004104,0.018013
48309004105,0.022658
48309004201,0.052494
48309004202,0.089081
48309004300,0.046278
48309980000,0.044391
48311950100,0.050612
48313000100,0.05955
48313000200,0.188087
48313000300,0.141643
48313000400,0.128584
48317950100,0.080099
48317950200,0.078748
48319950100,0.10704
48319950200,0.105847
48321730100,0.182291
48321730202,0.022783
48321730203,0.067857
48321730204,0.225312
48321730301,0.186114
48321730302,0.244057
48321730303,0.02294
48321730400,0.093472
48321730502,0.053364
48321730503,0.146254
48321730600,0.037494
48321730700,0.023521
48323950204,0.04907
48323950206,0.030561
48323950207,0.023155
48323950208,0.205748
48323950209,0.024309
48323950301,0.107995
48323950302,0.109304
48323950400,0.159026
48323950500,0.09741
48323950601,0.086611
48323950602,0.013949
48323950701,0.048708
48323950702,0.088803
48325000101,0.064289
48325000103,0.091719
48325000104,0.125425
48325000200,0.044048
48325000301,0.149861
48325000302,0.063012
48325000401,0.135805
48325000402,0.032563
48325000500,0.077215
48325000801,0.117938
48325000802,0.165287
48327950300,0.113468
48329010123,0.068989
48329010124,0.086222
48329010128,0.051126
48329010129,0.030227
48331950100,0.044078
48331950300,0.094709
48331950401,0.087581
48331950402,0.123868
48331950500,0.072408
48331950700,0.08219
48331950800,0.042587
48333950100,0.033563
48333950200,0.107346
48335950200,0.101145
48335950400,0.080172
48337950100,0.060601
48337950200,0.110082
48337950401,0.113204
48337950402,0.069973
48337950501,0.069229
48337950502,0.074889
48337950600,0.035123
48339690101,0.021432
48339690102,0.065865
48339690203,0.06216
48339690204,0.022157
48339690205,0.011863
48339690206,0.00986
48339690207,0.180638
48339690300,0.037097
48339690403,0.032331
48339690404,0.090138
48339690405,0.078699
48339690406,0.009385
48339690407,0.013539
48339690408,0.024999
48339690501,0.012134
48339690502,0.012876
48339690503,0.01432
48339690603,0.006014
48339690604,0.013961
48339690605,0.050823
48339690606,0.007808
48339690607,0.007847
48339690608,0.016131
48339690609,0.008449
48339690610,0.047078
48339690701,0.015474
48339690702,0.01358
48339690800,0.018089
48339690900,0.006181
48339691000,0.006982
48339691100,0.005425
48339691201,0.067421
48339691202,0.007786
48339691301,0.02536
48339691302,0.009771
48339691401,0.015385
48339691402,0.047592
48339691403,0.048833
48339691500,0.009705
48339691601,0.007729
48339691602,0.018578
48339691700,0.018017
48339691801,0.009181
48339691802,0.012874
48339691900,0.072253
48339692003,0.040171
48339692004,0.030108
48339692005,0.005891
48339692006,0.013205
48339692007,0.018201
48339692008,0.030426
48339692009,0.009868
48339692010,0.058684
48339692101,0.022299
48339692102,0.064522
48339692103,0.037149
48339692201,0.017337
48339692202,0.019176
48339692301,0.096261
48339692302,0.01662
48339692303,0.023336
48339692304,0.007068
48339692401,0.025863
48339692402,0.018116
48339692501,0.057547
48339692502,0.014161
48339692601,0.034256
48339692603,0.022708
48339692604,0.042364
48339692605,0.040068
48339692701,0.023388
48339692702,0.041846
48339692802,0.033687
48339692803,0.039868
48339692804,0.012143
48339692900,0.031925
48339693001,0.079254
48339693002,0.046721
48339693102,0.074585
48339693103,0.157335
48339693104,0.040347
48339693201,0.019055
48339693202,0.020813
48339693301,0.112958
48339693302,0.011475
48339693303,0.047746
48339693304,0.047067
48339693401,0.042464
48339693402,0.032583
48339693501,0.054919
48339693502,0.206775
48339693503,0.051396
48339693600,0.053353
48339693701,0.048392
48339693702,0.011659
48339693703,0.063433
48339693800,0.059627
48339693901,0.097672
48339693902,0.183768
48339693903,0.228106
48339693904,0.022708
48339694001,0.024195
48339694002,0.069564
48339694103,0.012376
48339694104,0.032181
48339694105,0.065906
48339694106,0.078935
48339694107,0.096
48339694203,0.036785
48339694204,0.025684
48339694205,0.156031
48339694206,0.048063
48339694207,0.022546
48339694208,0.009103
48339694209,0.00882
48339694210,0.018608
48339694303,0.008101
48339694304,0.017343
48339694305,0.020976
48339694306,0.068526
48339694307,0.063671
48339694308,0.046155
48339694309,0.02505
48339694401,0.019853
48339694402,0.026838
48339694403,0.069735
48339694501,0.027829
48339694502,0.03402
48339694503,0.017309
48339694601,0.025828
48339694602,0.026882
48339694603,0.068382
48339694700,0.059392
48347950200,0.076955
48349970100,0.069009
48349970200,0.037099
48349970301,0.03556
48349970302,0.103739
48349970400,0.027828
48349970500,0.024158
48349970600,0.06748
48349970701,0.076023
48349970800,0.079556
48349970901,0.047672
48349970902,0.124714
48349971000,0.084004
48353950100,0.133925
48353950200,0.155114
48353950300,0.108772
48353950400,0.066362
48353950500,0.042772
48355000500,0.118042
48355000601,0.173353
48355000602,0.017937
48355000700,0.013992
48355000800,0.015031
48355000900,0.009131
48355001000,0.046026
48355001100,0.070136
48355001201,0.012416
48355001202,0.011945
48355001300,0.007948
48355001400,0.008558
48355001500,0.012964
48355001601,0.007918
48355001602,0.010546
48355001702,0.083436
48355001703,0.009529
48355001704,0.009956
48355001801,0.013945
48355001802,0.043165
48355001903,0.021518
48355001904,0.010752
48355001905,0.058866
48355001906,0.161771
48355002001,0.036033
48355002002,0.009719
48355002101,0.007927
48355002102,0.007175
48355002200,0.017021
48355002301,0.015982
48355002303,0.013754
48355002304,0.018327
48355002400,0.020559
48355002500,0.009655
48355002601,0.032941
48355002602,0.00621
48355002603,0.007746
48355002703,0.049312
48355002705,0.007351
48355002706,0.139122
48355002707,0.017144
48355002708,0.080277
48355002900,0.139156
48355003002,0.010037
48355003003,0.094467
48355003004,0.014641
48355003101,0.005923
48355003102,0.009155
48355003202,0.013225
48355003204,0.045988
48355003205,0.030263
48355003206,0.024028
48355003303,0.03469
48355003304,0.031778
48355003305,0.014491
48355003306,0.01695
48355003401,0.018094
48355003402,0.022043
48355003500,0.033456
48355003601,0.01156
48355003602,0.008849
48355003603,0.014332
48355003700,0.015283
48355005103,0.105935
48355005104,0.058529
48355005404,0.006533
48355005406,0.032411
48355005407,0.020996
48355005408,0.027938
48355005409,0.01455
48355005410,0.011332
48355005411,0.064103
48355005412,0.005987
48355005413,0.033054
48355005414,0.009042
48355005415,0.009258
48355005416,0.029
48355005417,0.015077
48355005603,0.021618
48355005604,0.132283
48355005605,0.092707
48355005606,0.09704
48355005801,0.032165
48355005803,0.04753
48355005804,0.040813
48355005900,0.017485
48355006000,0.030449
48355006100,0.040699
48355006201,0.006171
48355006202,0.024885
48355006203,0.04177
48355006204,0.006642
48355006205,0.088315
48355006300,0.071325
48355006400,0.038225
48355980000,0.055159
48363000100,0.083211
48363000200,0.100035
48363000300,0.056943
48363000401,0.140968
48363000402,0.096832
48363000500,0.26899
48363000600,0.092038
48363000700,0.043186
48363000800,0.137048
48363000900,0.224966
48367140101,0.07862
48367140102,0.028081
48367140201,0.09101
48367140202,0.032045
48367140300,0.037603
48367140403,0.039991
48367140408,0.087435
48367140409,0.102591
48367140410,0.073678
48367140411,0.091281
48367140412,0.206057
48367140413,0.051646
48367140414,0.043766
48367140415,0.047719
48367140416,0.051818
48367140502,0.06542
48367140503,0.031393
48367140504,0.043919
48367140601,0.045324
48367140603,0.075591
48367140604,0.094413
48367140707,0.051816
48367140708,0.071755
48367140709,0.054096
48367140710,0.150149
48367140711,0.077622
48367140712,0.04835
48367140713,0.039796
48367140714,0.034199
48371950100,0.032542
48373210203,0.019664
48373210204,0.048445
48373210205,0.173101
48373210206,0.12251
48373210301,0.071627
48373210302,0.030527
48373210402,0.035312
48379950101,0.032682
48379950102,0.08292
48379950200,0.10412
48383950100,0.065162
48385950100,0.096187
48387950100,0.040989
48387950501,0.09176
48387950502,0.165185
48387950600,0.044137
48387950700,0.035917
48391950200,0.076368
48391950400,0.086349
48395960100,0.127705
48395960200,0.03388
48395960300,0.043248
48395960400,0.054064
48395960501,0.123023
48395960502,0.08839
48397040101,0.024766
48397040103,0.13491
48397040104,0.049565
48397040201,0.026062
48397040202,0.069898
48397040203,0.024321
48397040301,0.063391
48397040303,0.065839
48397040304,0.024697
48397040305,0.026082
48397040403,0.114846
48397040404,0.074548
48397040405,0.088829
48397040406,0.239278
48397040407,0.108307
48397040408,0.041645
48397040409,0.023569
48397040410,0.043049
48397040411,0.026646
48397040412,0.038801
48397040503,0.045763
48397040507,0.018556
48397040508,0.045811
48397040509,0.076497
48397040510,0.048749
48397040511,0.020005
48397040512,0.020484
48397040513,0.051489
48397040514,0.06176
48399950100,0.095077
48399950200,0.153544
48399950500,0.046499
48399950600,0.094109
48401950200,0.032597
48401950300,0.084705
48401950400,0.065508
48401950501,0.080055
48401950502,0.16638
48401951000,0.080973
48401951100,0.083501
48407200103,0.062015
48407200104,0.042623
48407200105,0.052226
48407200106,0.020533
48407200107,0.134116
48407200201,0.067188
48407200202,0.205598
48407200301,0.033452
48407200302,0.028134
48409010201,0.127359
48409010202,0.085998
48409010301,0.042323
48409010302,0.047072
48409010500,0.01235
48409010601,0.019288
48409010602,0.005791
48409010603,0.012795
48409010604,0.03489
48409010700,0.037842
48409010800,0.048939
48409010900,0.067815
48409011000,0.09159
48409011100,0.128137
48409011200,0.03092
48409011300,0.041161
48411950100,0.136151
48411950200,0.05871
48413950300,0.029391
48415950100,0.222016
48415950200,0.103459
48415950300,0.08933
48415950600,0.121044
48417950300,0.085801
48423000100,0.177697
48423000201,0.08029
48423000202,0.089961
48423000300,0.081085
48423000400,0.132855
48423000500,0.024891
48423000600,0.122319
48423000700,0.126595
48423000800,0.072816
48423000900,0.118297
48423001000,0.023192
48423001101,0.074966
48423001102,0.16497
48423001200,0.211897
48423001300,0.150474
48423001404,0.040803
48423001405,0.048221
48423001406,0.034877
48423001407,0.068682
48423001408,0.079522
48423001501,0.094268
48423001502,0.034304
48423001602,0.166959
48423001605,0.16573
48423001606,0.192052
48423001607,0.152213
48423001608,0.154217
48423001701,0.076294
48423001702,0.041751
48423001803,0.118342
48423001804,0.049899
48423001805,0.228236
48423001806,0.115913
48423001807,0.104658
48423001906,0.058152
48423001909,0.043123
48423001910,0.021879
48423001911,0.033259
48423001912,0.218151
48423001913,0.225964
48423001914,0.096602
48423001915,0.042734
48423001916,0.025299
48423001917,0.111401
48423002003,0.111098
48423002004,0.051543
48423002006,0.041358
48423002009,0.0726
48423002010,0.018399
48423002011,0.036128
48423002012,0.046929
48423002013,0.10035
48423002101,0.098597
48423002102,0.046972
48423002200,0.044299
48423980000,0.117603
48425000101,0.054211
48425000102,0.063429
48425000200,0.079946
48427950101,0.127419
48427950104,0.022346
48427950105,0.082872
48427950106,0.164078
48427950107,0.154995
48427950108,0.041385
48427950202,0.085812
48427950203,0.154731
48427950204,0.096879
48427950402,0.138873
48427950403,0.265536
48427950404,0.212854
48427950500,0.098134
48427950601,0.177535
48427950602,0.154398
48427950701,0.080873
48427950702,0.129412
48429950200,0.12088
48429950300,0.134648
48429950500,0.085989
48431950100,0.1606
48433950300,0.066538
48435950300,0.042801
48439100101,0.037243
48439100102,0.034903
48439100201,0.010149
48439100202,0.08337
48439100300,0.049113
48439100401,0.123221
48439100402,0.114502
48439100503,0.101936
48439100504,0.087573
48439100505,0.015641
48439100506,0.017064
48439100601,0.060357
48439100602,0.156026
48439100700,0.107367
48439100800,0.080094
48439100900,0.074493
48439101201,0.026176
48439101202,0.034133
48439101301,0.017092
48439101302,0.05497
48439101401,0.021155
48439101402,0.040044
48439101403,0.049684
48439101500,0.096111
48439101700,0.016263
48439102000,0.023464
48439102101,0.068616
48439102102,0.036969
48439102201,0.029624
48439102202,0.019707
48439102301,0.081131
48439102302,0.181681
48439102401,0.040791
48439102402,0.107078
48439102500,0.022365
48439102601,0.039343
48439102602,0.016849
48439102700,0.009917
48439103500,0.016369
48439103601,0.024523
48439103602,0.034378
48439103701,0.016401
48439103702,0.019986
48439103800,0.063664
48439104100,0.077193
48439104202,0.016317
48439104203,0.007114
48439104204,0.025757
48439104301,0.014392
48439104302,0.011685
48439104400,0.015596
48439104502,0.019468
48439104503,0.013267
48439104504,0.022531
48439104505,0.017879
48439104601,0.018089
48439104602,0.015849
48439104603,0.045113
48439104604,0.024456
48439104605,0.034249
48439104701,0.013322
48439104702,0.069623
48439104802,0.009828
48439104803,0.021446
48439104804,0.01347
48439104900,0.018235
48439105007,0.020336
48439105008,0.020082
48439105009,0.024248
48439105201,0.032292
48439105203,0.153839
48439105204,0.049926
48439105206,0.109883
48439105207,0.026885
48439105403,0.022325
48439105404,0.010162
48439105405,0.039054
48439105407,0.154689
48439105408,0.02207
48439105502,0.011238
48439105503,0.016877
48439105505,0.012961
48439105511,0.016384
48439105512,0.01436
48439105513,0.036091
48439105514,0.061983
48439105515,0.013777
48439105516,0.033331
48439105517,0.024076
48439105518,0.017722
48439105519,0.011018
48439105520,0.041494
48439105600,0.010184
48439105701,0.012113
48439105703,0.023282
48439105705,0.013106
48439105706,0.014604
48439105800,0.018243
48439105901,0.023167
48439105902,0.013793
48439106002,0.064364
48439106004,0.016871
48439106005,0.025112
48439106006,0.013438
48439106101,0.057698
48439106102,0.09219
48439106201,0.031177
48439106202,0.020454
48439106300,0.012857
48439106400,0.052739
48439106502,0.016736
48439106503,0.013238
48439106507,0.020354
48439106509,0.023268
48439106512,0.017453
48439106513,0.068026
48439106514,0.014931
48439106515,0.013537
48439106518,0.012198
48439106519,0.016207
48439106520,0.046391
48439106521,0.016088
48439106522,0.017409
48439106523,0.024584
48439106524,0.032904
48439106525,0.013194
48439106526,0.021895
48439106600,0.041171
48439106700,0.041761
48439110102,0.049745
48439110103,0.02697
48439110104,0.071304
48439110202,0.072065
48439110204,0.012104
48439110205,0.005743
48439110206,0.037547
48439110301,0.037931
48439110302,0.055107
48439110401,0.024141
48439110402,0.092607
48439110500,0.168189
48439110600,0.11622
48439110703,0.036162
48439110704,0.060426
48439110705,0.020314
48439110706,0.027709
48439110805,0.060389
48439110806,0.022956
48439110807,0.053565
48439110808,0.08571
48439110809,0.070127
48439110901,0.090758
48439110903,0.051707
48439110905,0.044524
48439110906,0.076522
48439110907,0.046533
48439111003,0.020835
48439111010,0.036057
48439111015,0.03529
48439111018,0.031212
48439111019,0.016464
48439111020,0.013709
48439111021,0.018531
48439111022,0.015764
48439111023,0.0112
48439111024,0.010757
48439111025,0.02573
48439111026,0.019538
48439111027,0.018036
48439111028,0.013931
48439111029,0.015281
48439111030,0.009138
48439111031,0.039023
48439111032,0.005167
48439111033,0.011487
48439111102,0.045932
48439111103,0.143631
48439111104,0.088448
48439111202,0.048743
48439111203,0.031606
48439111204,0.017039
48439111304,0.009373
48439111306,0.019023
48439111307,0.044084
48439111308,0.017775
48439111309,0.022736
48439111311,0.016933
48439111312,0.02917
48439111314,0.024319
48439111315,0.01421
48439111316,0.012381
48439111317,0.028362
48439111318,0.016784
48439111319,0.017477
48439111320,0.016284
48439111402,0.01503
48439111405,0.132671
48439111406,0.012095
48439111407,0.013376
48439111408,0.027218
48439111409,0.01444
48439111410,0.027169
48439111411,0.035319
48439111505,0.056972
48439111506,0.02819
48439111513,0.01629
48439111514,0.025539
48439111516,0.041147
48439111522,0.020978
48439111525,0.020687
48439111526,0.078389
48439111529,0.029512
48439111530,0.013488
48439111531,0.020889
48439111532,0.014626
48439111533,0.025851
48439111534,0.012481
48439111536,0.028385
48439111538,0.03758
48439111540,0.013846
48439111541,0.01093
48439111542,0.009529
48439111543,0.011904
48439111544,0.008349
48439111545,0.017282
48439111546,0.012147
48439111551,0.010618
48439111552,0.017244
48439111553,0.023862
48439111554,0.016991
48439111555,0.011913
48439111556,0.037426
48439111557,0.005953
48439111558,0.011922
48439111559,0.086769
48439111560,0.014261
48439111561,0.012364
48439111562,0.05049
48439111563,0.033791
48439111564,0.058073
48439111565,0.018146
48439111566,0.015206
48439111567,0.014216
48439111568,0.049738
48439111569,0.03337
48439111570,0.011273
48439111571,0.025634
48439111572,0.008432
48439113003,0.028072
48439113004,0.063932
48439113005,0.115535
48439113006,0.011472
48439113007,0.020041
48439113102,0.017477
48439113104,0.01113
48439113107,0.00751
48439113108,0.009717
48439113109,0.026075
48439113110,0.01965
48439113112,0.010326
48439113115,0.033152
48439113116,0.027438
48439113117,0.014837
48439113118,0.020943
48439113119,0.018869
48439113120,0.010871
48439113121,0.062779
48439113122,0.042912
48439113206,0.084742
48439113207,0.014094
48439113210,0.066647
48439113212,0.010431
48439113213,0.015301
48439113214,0.008004
48439113215,0.010304
48439113216,0.008557
48439113217,0.01658
48439113218,0.008337
48439113221,0.054406
48439113222,0.054102
48439113223,0.027909
48439113301,0.091237
48439113302,0.046808
48439113403,0.018344
48439113404,0.016679
48439113407,0.087138
48439113408,0.050907
48439113409,0.081446
48439113410,0.095492
48439113509,0.009362
48439113510,0.007529
48439113511,0.03716
48439113512,0.013257
48439113513,0.044338
48439113514,0.038965
48439113516,0.013791
48439113517,0.025307
48439113519,0.014136
48439113520,0.023669
48439113521,0.023818
48439113522,0.011042
48439113607,0.016914
48439113611,0.034122
48439113612,0.016449
48439113613,0.023528
48439113618,0.011961
48439113619,0.045043
48439113622,0.079422
48439113623,0.020349
48439113624,0.006479
48439113625,0.014378
48439113626,0.01066
48439113628,0.060426
48439113629,0.009727
48439113630,0.053304
48439113632,0.014482
48439113633,0.011329
48439113634,0.007369
48439113635,0.076404
48439113636,0.035984
48439113637,0.048291
48439113638,0.020567
48439113639,0.022435
48439113640,0.020645
48439113707,0.034878
48439113709,0.013673
48439113710,0.008673
48439113711,0.056252
48439113712,0.026208
48439113713,0.017982
48439113714,0.0167
48439113715,0.043903
48439113716,0.026301
48439113803,0.065043
48439113808,0.009985
48439113809,0.011707
48439113810,0.007529
48439113811,0.058718
48439113812,0.006013
48439113813,0.025213
48439113814,0.015375
48439113815,0.01747
48439113816,0.017281
48439113906,0.01236
48439113908,0.026618
48439113912,0.016816
48439113916,0.016702
48439113917,0.013074
48439113918,0.058217
48439113919,0.025261
48439113920,0.010913
48439113923,0.013757
48439113924,0.006105
48439113925,0.012168
48439113930,0.012967
48439113931,0.021681
48439113932,0.015783
48439113933,0.043674
48439113934,0.014553
48439113935,0.031943
48439113936,0.027683
48439113937,0.039623
48439113938,0.007425
48439113939,0.011423
48439113940,0.022812
48439113941,0.014918
48439113942,0.014973
48439113943,0.008166
48439113944,0.011984
48439113945,0.01634
48439113946,0.015779
48439113947,0.016504
48439113948,0.009375
48439113949,0.020495
48439113950,0.030467
48439113951,0.01074
48439113952,0.018208
48439113953,0.048186
48439113954,0.022817
48439113955,0.009495
48439113956,0.02348
48439113957,0.017533
48439113958,0.044654
48439114003,0.056904
48439114006,0.023296
48439114009,0.01791
48439114010,0.016746
48439114011,0.02336
48439114012,0.023249
48439114013,0.019908
48439114014,0.008089
48439114015,0.082535
48439114105,0.081294
48439114106,0.040885
48439114107,0.039623
48439114108,0.024702
48439114109,0.010941
48439114110,0.045448
48439114111,0.02057
48439114112,0.018074
48439114113,0.012844
48439114203,0.031832
48439114204,0.047924
48439114205,0.053895
48439114206,0.052604
48439114207,0.033634
48439121605,0.025537
48439121606,0.026754
48439121608,0.011116
48439121609,0.011248
48439121610,0.018093
48439121611,0.014189
48439121612,0.131048
48439121613,0.267154
48439121614,0.085255
48439121615,0.105371
48439121702,0.01483
48439121703,0.013114
48439121704,0.011739
48439121904,0.052204
48439121905,0.021264
48439121906,0.024222
48439121907,0.016421
48439121908,0.07262
48439122001,0.010641
48439122002,0.014378
48439122100,0.015062
48439122200,0.040992
48439122300,0.013488
48439122401,0.024208
48439122402,0.013777
48439122500,0.025158
48439122600,0.028308
48439122701,0.01881
48439122702,0.064241
48439122801,0.040192
48439122802,0.017335
48439122901,0.017045
48439122902,0.058742
48439123001,0.141543
48439123002,0.044311
48439123100,0.065169
48439123200,0.040315
48439123301,0.050517
48439123302,0.064566
48439123500,0.022739
48439123600,0.033845
48439123700,0.008728
48439980000,0.164982
48441010100,0.022854
48441010200,0.041001
48441010300,0.021587
48441010400,0.018766
48441010500,0.024946
48441010600,0.022153
48441010700,0.016795
48441010800,0.099117
48441010900,0.112282
48441011000,0.04283
48441011200,0.04357
48441011300,0.020103
48441011400,0.087534
48441011500,0.016091
48441011600,0.024731
48441011700,0.090381
48441011900,0.055956
48441012000,0.039818
48441012100,0.034906
48441012200,0.080792
48441012300,0.017566
48441012400,0.063946
48441012500,0.026345
48441012600,0.03255
48441012701,0.021782
48441012702,0.074173
48441012801,0.055785
48441012802,0.052705
48441012900,0.027166
48441013000,0.061776
48441013100,0.064931
48441013200,0.083936
48441013300,0.065675
48441013401,0.104145
48441013402,0.052169
48441013404,0.0325
48441013501,0.073769
48441013502,0.076592
48441013601,0.049112
48441013602,0.062204
48441980000,0.199943
48443950100,0.067452
48447950300,0.051217
48449950100,0.070564
48449950200,0.109857
48449950301,0.052358
48449950302,0.088852
48449950400,0.095136
48449950500,0.080894
48449950600,0.061168
48449950700,0.199037
48449950800,0.217903
48451000100,0.106108
48451000200,0.216962
48451000300,0.057324
48451000400,0.050272
48451000700,0.095356
48451000801,0.094051
48451000802,0.015293
48451000900,0.041652
48451001000,0.160338
48451001101,0.063722
48451001102,0.048106
48451001200,0.018659
48451001301,0.022208
48451001303,0.030456
48451001304,0.033326
48451001401,0.066285
48451001402,0.092094
48451001500,0.073645
48451001600,0.04341
48451001702,0.141851
48451001706,0.021365
48451001707,0.038496
48451001708,0.103611
48451001709,0.055821
48451001710,0.027349
48451001800,0.096057
48451980000,0.050841
48453000101,0.036939
48453000102,0.045172
48453000203,0.014322
48453000204,0.016082
48453000205,0.017428
48453000206,0.021552
48453000302,0.015672
48453000304,0.01565
48453000305,0.044869
48453000307,0.039445
48453000308,0.063488
48453000309,0.027302
48453000401,0.03444
48453000402,0.020322
48453000500,0.026368
48453000601,0.012618
48453000605,0.037809
48453000606,0.051789
48453000607,0.010913
48453000608,0.036782
48453000700,0.026875
48453000801,0.09995
48453000802,0.058587
48453000803,0.019483
48453000804,0.047536
48453000901,0.090204
48453000902,0.025375
48453001000,0.019556
48453001101,0.025528
48453001102,0.057103
48453001103,0.030224
48453001200,0.012607
48453001304,0.126064
48453001307,0.01555
48453001308,0.019319
48453001309,0.057618
48453001310,0.114353
48453001311,0.01229
48453001312,0.02273
48453001401,0.017644
48453001402,0.03512
48453001403,0.042786
48453001501,0.013004
48453001503,0.018902
48453001504,0.011562
48453001505,0.020913
48453001602,0.024334
48453001603,0.03708
48453001604,0.040031
48453001605,0.014421
48453001606,0.068821
48453001910,0.095
48453001911,0.072158
48453001912,0.110863
48453001913,0.143775
48453001914,0.017448
48453001915,0.021593
48453001916,0.017784
48453001917,0.178181
48453001918,0.070898
48453001919,0.028159
48453001920,0.054626
48453001921,0.11404
48453001922,0.126559
48453001923,0.183739
48453002002,0.018541
48453002003,0.011552
48453002004,0.023989
48453002006,0.017004
48453002007,0.041502
48453002104,0.018753
48453002105,0.017444
48453002106,0.019551
48453002107,0.019844
48453002108,0.027354
48453002109,0.019548
48453002110,0.084682
48453002111,0.0482
48453002112,0.019797
48453002113,0.012741
48453002201,0.023526
48453002211,0.022817
48453002213,0.025105
48453002214,0.042101
48453002215,0.058013
48453002216,0.027603
48453002217,0.166415
48453002218,0.232249
48453002219,0.058909
48453002220,0.045206
48453002221,0.022292
48453002222,0.024583
48453002304,0.030957
48453002307,0.032349
48453002310,0.116534
48453002313,0.035403
48453002314,0.018573
48453002315,0.028117
48453002316,0.031669
48453002319,0.125123
48453002320,0.046205
48453002321,0.037226
48453002322,0.0276
48453002323,0.022817
48453002324,0.022369
48453002325,0.042771
48453002326,0.136663
48453002327,0.023274
48453002403,0.017412
48453002407,0.024054
48453002409,0.015525
48453002410,0.018818
48453002411,0.02065
48453002412,0.023343
48453002413,0.040243
48453002419,0.015498
48453002422,0.047289
48453002423,0.016809
48453002424,0.048782
48453002430,0.014953
48453002432,0.054814
48453002434,0.15977
48453002436,0.168734
48453002437,0.034512
48453002438,0.019682
48453002439,0.016731
48453002440,0.016623
48453002441,0.021804
48453002442,0.023569
48453002443,0.044115
48453002444,0.036243
48453002445,0.023551
48453002446,0.022974
48453002447,0.054688
48453002448,0.02299
48453002449,0.047278
48453002450,0.103955
48453002451,0.047205
48453002452,0.077024
48453002453,0.104417
48453002500,0.031171
48453030000,0.081676
48453030100,0.071647
48453030200,0.017332
48453030300,0.016571
48453030400,0.016166
48453030500,0.021385
48453030600,0.027468
48453030700,0.020026
48453030800,0.016716
48453030900,0.024908
48453031000,0.023951
48453031100,0.179626
48453031200,0.024914
48453031300,0.017195
48453031400,0.022139
48453031500,0.017253
48453031600,0.028366
48453031700,0.016009
48453031800,0.032477
48453031900,0.033114
48453032000,0.02272
48453032100,0.018055
48453032200,0.022888
48453032300,0.043062
48453032400,0.020759
48453032500,0.021307
48453032600,0.014014
48453032700,0.013267
48453032800,0.214407
48453032900,0.026871
48453033000,0.092147
48453033100,0.062081
48453033200,0.033806
48453033300,0.019472
48453033400,0.028026
48453033500,0.022893
48453033600,0.083761
48453033700,0.014971
48453033800,0.018124
48453033900,0.020043
48453034000,0.088594
48453034100,0.015399
48453034200,0.032839
48453034300,0.014912
48453034400,0.014329
48453034500,0.026346
48453034600,0.045807
48453034700,0.026863
48453034800,0.021923
48453034900,0.023159
48453035000,0.023129
48453035100,0.024797
48453035200,0.063966
48453035300,0.26271
48453035400,0.049777
48453035500,0.008365
48453035600,0.130808
48453035700,0.03953
48453035800,0.03057
48453035900,0.060726
48453036000,0.025748
48453036100,0.040069
48453036200,0.018116
48453036300,0.082544
48453036400,0.125522
48453036500,0.165011
48453036600,0.128386
48453036700,0.123136
48453036800,0.084608
48453036900,0.050337
48453037000,0.142928
48453037100,0.120283
48453037200,0.011476
48453037300,0.022875
48453037400,0.094838
48453037500,0.059265
48453037600,0.026729
48453040000,0.024795
48453040100,0.061346
48453040200,0.013686
48453040300,0.024671
48453040400,0.020703
48453040500,0.015443
48453040600,0.050664
48453040700,0.024708
48453040800,0.017143
48453040900,0.187762
48453041000,0.153659
48453041100,0.19404
48453041200,0.025978
48453041300,0.012843
48453041400,0.027804
48453041500,0.048698
48453041600,0.037284
48453041700,0.035438
48453041800,0.026787
48453041900,0.054313
48453042000,0.02785
48453042100,0.018925
48453042200,0.022049
48453042300,0.033158
48453042400,0.032039
48453042500,0.018281
48453042600,0.026464
48453042700,0.010212
48453042800,0.016546
48453042900,0.014102
48453043000,0.020557
48453043100,0.077805
48453043200,0.203018
48453043300,0.019055
48453043400,0.021932
48453043500,0.053055
48453043600,0.022037
48453043700,0.074693
48453043800,0.017488
48453043900,0.010715
48453044000,0.017853
48453044100,0.015681
48453044200,0.014273
48453044300,0.023857
48453044400,0.017024
48453044500,0.016183
48453044600,0.010285
48453044700,0.017311
48453044800,0.038834
48453044900,0.076712
48453045000,0.015411
48453045100,0.042924
48453045200,0.022321
48453045300,0.018133
48453045400,0.041468
48453045500,0.0192
48453045600,0.064906
48453045700,0.061763
48453045800,0.167968
48453045900,0.164925
48453046000,0.062656
48453046100,0.038395
48453046200,0.056589
48453046300,0.032225
48453046400,0.012305
48453046500,0.022862
48453046600,0.023128
48453046700,0.043606
48453046800,0.014601
48453046900,0.010359
48453047000,0.036242
48453980000,0.116495
48455950100,0.093561
48455950200,0.04217
48455950300,0.121061
48455950400,0.062254
48455950500,0.075558
48459950101,0.067268
48459950102,0.146319
48459950200,0.052687
48459950301,0.101171
48459950302,0.043454
48459950400,0.183724
48459950501,0.060931
48459950502,0.046045
48459950600,0.04412
48459950700,0.090652
48461950100,0.063677
48463950100,0.085708
48463950201,0.106635
48463950202,0.050685
48463950300,0.10664
48463950400,0.111322
48463950500,0.114754
48465950202,0.108914
48465950203,0.143467
48465950301,0.056768
48465950302,0.109019
48465950400,0.13099
48465950501,0.096646
48465950502,0.076228
48465950601,0.263757
48465950602,0.154348
48465950701,0.108509
48465950702,0.11682
48465950801,0.187213
48465950802,0.162388
48465980000,0.050887
48467950100,0.047648
48467950200,0.054404
48467950300,0.053981
48467950400,0.035432
48467950500,0.031688
48467950601,0.100577
48467950602,0.058661
48467950700,0.09268
48467950801,0.041651
48467950802,0.092717
48467950901,0.033548
48467950902,0.141049
48467951001,0.025451
48467951002,0.032609
48469000100,0.185331
48469000201,0.173759
48469000202,0.01942
48469000301,0.154227
48469000302,0.147012
48469000400,0.141496
48469000501,0.067068
48469000502,0.017499
48469000601,0.067416
48469000602,0.033804
48469000700,0.026507
48469000800,0.031258
48469001300,0.134351
48469001401,0.116621
48469001402,0.021013
48469001501,0.098297
48469001503,0.090936
48469001504,0.092507
48469001601,0.009779
48469001604,0.004716
48469001605,0.085741
48469001607,0.072262
48469001608,0.010337
48469001700,0.040161
48469980000,0.286995
48471790101,0.031093
48471790102,0.064885
48471790103,0.077821
48471790200,0.065603
48471790301,0.040078
48471790302,0.036023
48471790401,0.12939
48471790402,0.063139
48471790500,0.088896
48471790600,0.056257
48471790700,0.044383
48471790800,0.039033
48473680100,0.037102
48473680201,0.029672
48473680202,0.057952
48473680301,0.034436
48473680302,0.066048
48473680303,0.044351
48473680501,0.026105
48473680502,0.064429
48473680601,0.116262
48473680602,0.028718
48473980000,0.044273
48477170100,0.092113
48477170201,0.095227
48477170202,0.135583
48477170300,0.063181
48477170400,0.077049
48477170501,0.061939
48477170502,0.071542
48477170601,0.061138
48477170602,0.175209
48479000101,0.048358
48479000105,0.076199
48479000106,0.049882
48479000107,0.021354
48479000108,0.010065
48479000109,0.146513
48479000200,0.04361
48479000300,0.022601
48479000601,0.016494
48479000602,0.035843
48479000700,0.042695
48479000800,0.008793
48479000901,0.017824
48479000903,0.039505
48479000904,0.007394
48479001001,0.008562
48479001003,0.026313
48479001004,0.018465
48479001101,0.046009
48479001103,0.111925
48479001104,0.022236
48479001105,0.133324
48479001201,0.022095
48479001202,0.026686
48479001300,0.044202
48479001401,0.028051
48479001402,0.025912
48479001501,0.106357
48479001502,0.032938
48479001601,0.014388
48479001602,0.020259
48479001706,0.040415
48479001709,0.010894
48479001710,0.180332
48479001711,0.032193
48479001714,0.077058
48479001715,0.062395
48479001716,0.005752
48479001717,0.080112
48479001718,0.01699
48479001719,0.011431
48479001720,0.058097
48479001721,0.023851
48479001722,0.012091
48479001723,0.013389
48479001724,0.0389
48479001725,0.014158
48479001726,0.027336
48479001727,0.009405
48479001806,0.024583
48479001809,0.087591
48479001810,0.201275
48479001811,0.080531
48479001813,0.266597
48479001815,0.049057
48479001816,0.163544
48479001818,0.184375
48479001819,0.153982
48479001820,0.123477
48479001821,0.009052
48479001822,0.008511
48479001823,0.008982
48479001824,0.06622
48479001825,0.028895
48479001826,0.063161
48479001827,0.123191
48479001828,0.024525
48479001900,0.012356
48479980000,0.06893
48481740100,0.01732
48481740200,0.067593
48481740300,0.025563
48481740400,0.077754
48481740500,0.013351
48481740600,0.059924
48481740700,0.073074
48481740800,0.066906
48481740901,0.038104
48481740902,0.122038
48481741000,0.035904
48481741100,0.073361
48489950300,0.135413
48489950400,0.034358
48489950500,0.018503
48489950600,0.07487
48489950700,0.046544
48491020106,0.059575
48491020108,0.033022
48491020109,0.034259
48491020111,0.034852
48491020113,0.045095
48491020114,0.051077
48491020115,0.019705
48491020116,0.073962
48491020117,0.203203
48491020118,0.061954
48491020119,0.022152
48491020120,0.055301
48491020121,0.078139
48491020122,0.144159
48491020123,0.088406
48491020124,0.153323
48491020201,0.035952
48491020203,0.016503
48491020205,0.03599
48491020206,0.101146
48491020207,0.154341
48491020208,0.254276
48491020310,0.014432
48491020311,0.046268
48491020319,0.013536
48491020321,0.135304
48491020323,0.012552
48491020325,0.072901
48491020326,0.022117
48491020327,0.084779
48491020329,0.071937
48491020330,0.061444
48491020331,0.050187
48491020332,0.069656
48491020333,0.00993
48491020334,0.010873
48491020335,0.015572
48491020336,0.010331
48491020337,0.021993
48491020338,0.012727
48491020339,0.015615
48491020340,0.018816
48491020341,0.017122
48491020342,0.184342
48491020343,0.015947
48491020344,0.129323
48491020345,0.015617
48491020346,0.021584
48491020347,0.015721
48491020348,0.025083
48491020349,0.035351
48491020350,0.009392
48491020351,0.022513
48491020352,0.033689
48491020353,0.018181
48491020354,0.010639
48491020355,0.03999
48491020356,0.033931
48491020403,0.010647
48491020404,0.009215
48491020405,0.014075
48491020406,0.015737
48491020408,0.030868
48491020409,0.050795
48491020410,0.01028
48491020411,0.023406
48491020503,0.030948
48491020505,0.048664
48491020507,0.022824
48491020508,0.034091
48491020509,0.016018
48491020511,0.027326
48491020512,0.048696
48491020513,0.060002
48491020514,0.015707
48491020515,0.036732
48491020516,0.014006
48491020517,0.027327
48491020602,0.022149
48491020604,0.018487
48491020606,0.019738
48491020607,0.023013
48491020608,0.013767
48491020609,0.02378
48491020701,0.029924
48491020704,0.017582
48491020706,0.037436
48491020707,0.012313
48491020709,0.021924
48491020710,0.080787
48491020711,0.090721
48491020712,0.012911
48491020713,0.01552
48491020808,0.048772
48491020810,0.037896
48491020811,0.019605
48491020812,0.035546
48491020813,0.017145
48491020814,0.022496
48491020815,0.024915
48491020816,0.118643
48491020817,0.136156
48491020818,0.139752
48491020819,0.055805
48491020820,0.017294
48491020821,0.026611
48491020822,0.108009
48491020900,0.03003
48491021000,0.126885
48491021100,0.020217
48491021201,0.053702
48491021202,0.121859
48491021203,0.188079
48491021300,0.041201
48491021402,0.052414
48491021404,0.159434
48491021405,0.040422
48491021406,0.056878
48491021407,0.040115
48491021502,0.042087
48491021503,0.049028
48491021506,0.043344
48491021509,0.021556
48491021510,0.022719
48491021511,0.045091
48491021512,0.046117
48491021513,0.022389
48491021514,0.00959
48491021515,0.041899
48491021516,0.017473
48491021517,0.023116
48491021518,0.008495
48491021601,0.04125
48491021602,0.088077
48491021603,0.025698
48493000102,0.087092
48493000103,0.020147
48493000104,0.073375
48493000201,0.072262
48493000202,0.038106
48493000300,0.13573
48493000402,0.134201
48493000404,0.137351
48493000405,0.031929
48493000406,0.145997
48493000500,0.150525
48493000600,0.031984
48497150101,0.047273
48497150103,0.175
48497150104,0.035857
48497150201,0.12633
48497150202,0.096911
48497150300,0.048393
48497150402,0.060043
48497150403,0.037854
48497150404,0.0852
48497150405,0.117324
48497150500,0.1182
48497150603,0.065431
48497150604,0.071629
48497150605,0.043962
48497150606,0.103374
48497150607,0.122802
48499950100,0.059856
48499950200,0.056563
48499950301,0.037336
48499950303,0.06321
48499950304,0.076519
48499950401,0.086892
48499950402,0.17481
48499950500,0.064384
48499950601,0.03745
48499950602,0.055189
48499950700,0.051311
48499950800,0.122727
48503950200,0.049305
48503950401,0.176974
48503950402,0.052146
48503950500,0.090044
48503950600,0.093674
48505950303,0.212745
48505950304,0.166091
48505950305,0.222667
48505950306,0.270349
48505950401,0.198029
48505950402,0.146666
48507950100,0.15595
48507950200,0.159497
48507950301,0.104558
48507950302,0.100153
53001950100,0.088416
53001950200,0.173653
53001950301,0.075849
53001950302,0.094495
53001950303,0.194804
53001950400,0.08245
53001950500,0.024492
53003960100,0.095083
53003960200,0.064465
53005010100,0.11667
53005010201,0.097393
53005010203,0.014491
53005010204,0.088103
53005010300,0.129565
53005010400,0.014011
53005010500,0.106454
53005010600,0.048311
53005010701,0.053495
53005010703,0.110042
53005010705,0.020718
53005010707,0.015679
53005010708,0.133798
53005010807,0.070514
53005010809,0.032298
53005010810,0.01407
53005010811,0.045449
53005010814,0.053925
53005010815,0.023516
53005010816,0.027143
53005010817,0.017615
53005010818,0.021287
53005010819,0.030865
53005010820,0.032698
53005010901,0.037156
53005010902,0.023731
53005011001,0.046953
53005011002,0.048931
53005011100,0.036525
53005011201,0.016752
53005011202,0.045585
53005011300,0.064165
53005011401,0.022043
53005011402,0.025125
53005011501,0.137602
53005011504,0.024251
53005011505,0.107691
53005011506,0.147318
53005011600,0.120502
53005011701,0.029763
53005011702,0.042706
53005011801,0.055716
53005011802,0.07185
53005011900,0.048612
53005012000,0.088747
53007960100,0.094719
53007960201,0.096992
53007960202,0.079977
53007960203,0.093939
53007960301,0.138257
53007960302,0.079826
53007960303,0.122447
53007960400,0.09598
53007960501,0.079031
53007960502,0.106653
53007960600,0.163488
53007960700,0.044885
53007960801,0.020545
53007960803,0.021637
53007960804,0.078927
53007961001,0.017668
53007961002,0.085791
53007961101,0.01788
53007961102,0.0215
53007961200,0.065403
53007961301,0.023362
53007961303,0.015801
53007961304,0.02315
53013960200,0.057382
53017950101,0.108529
53017950102,0.139947
53017950200,0.102948
53017950300,0.047855
53017950400,0.040261
53017950500,0.025169
53017950600,0.017846
53017950700,0.015462
53017950800,0.021609
53019940000,0.053649
53019970100,0.092921
53019970200,0.090463
53021020101,0.133474
53021020102,0.076465
53021020103,0.039152
53021020201,0.019168
53021020202,0.018545
53021020300,0.03443
53021020401,0.035147
53021020402,0.024879
53021020403,0.01903
53021020404,0.03329
53021020501,0.050218
53021020503,0.027035
53021020504,0.027615
53021020603,0.016685
53021020605,0.037297
53021020606,0.029163
53021020607,0.013355
53021020608,0.037327
53021020700,0.184071
53021020801,0.112838
53021020802,0.155492
53021980100,0.022173
53023970300,0.076656
53025010100,0.142243
53025010200,0.049243
53025010300,0.15546
53025010401,0.167152
53025010402,0.081527
53025010500,0.078285
53025010600,0.135354
53025010700,0.115286
53025010800,0.036981
53025010901,0.043412
53025010903,0.029054
53025010904,0.015837
53025011001,0.062373
53025011002,0.03592
53025011101,0.055811
53025011102,0.092231
53025011200,0.06638
53025011300,0.094945
53025011401,0.18399
53025011403,0.038705
53025011404,0.169142
53025011405,0.235935
53025011406,0.099847
53033031502,0.134627
53033032706,0.045524
53033032800,0.090038
53037975101,0.082868
53037975102,0.039411
53037975103,0.064896
53037975104,0.085165
53037975201,0.063895
53037975202,0.051843
53037975203,0.171251
53037975300,0.092891
53037975402,0.072633
53037975403,0.018158
53037975404,0.041895
53037975500,0.062666
53037975600,0.082522
53037975700,0.109622
53039950101,0.087786
53039950102,0.102965
53039950103,0.1815
53039950200,0.09823
53039950302,0.082543
53041972000,0.066266
53043960100,0.157523
53043960200,0.119995
53043960300,0.082616
53043960400,0.098157
53047940100,0.141308
53047940200,0.125376
53047970301,0.044289
53047970302,0.140399
53047970303,0.14883
53047970400,0.082316
53047970500,0.161761
53047970601,0.127662
53047970602,0.159344
53047970700,0.081141
53047970800,0.057177
53047970900,0.105844
53047971000,0.120358
53051970100,0.110657
53051970200,0.096168
53051970300,0.072295
53051970400,0.063289
53051970500,0.081281
53053070100,0.092257
53057951101,0.155626
53057951102,0.087545
53057951200,0.041537
53059950100,0.080701
53059950400,0.122176
53061053606,0.029104
53061053700,0.044764
53061053801,0.055173
53061053803,0.0548
53063000201,0.037483
53063000202,0.037457
53063000301,0.020713
53063000302,0.034295
53063000400,0.038116
53063000500,0.09679
53063000600,0.018058
53063000700,0.034166
53063000800,0.079308
53063000900,0.028349
53063001000,0.026621
53063001100,0.016409
53063001200,0.062171
53063001300,0.072606
53063001400,0.053594
53063001500,0.069592
53063001600,0.01821
53063001800,0.124725
53063001900,0.032049
53063002000,0.071457
53063002100,0.090322
53063002300,0.026286
53063002400,0.023655
53063002501,0.040252
53063002502,0.028492
53063002503,0.062911
53063002600,0.026456
53063002900,0.016809
53063003000,0.025785
53063003100,0.025927
53063003200,0.021446
53063003500,0.038893
53063003601,0.025948
53063003602,0.028148
53063003800,0.032214
53063003900,0.03893
53063004001,0.030185
53063004002,0.027521
53063004100,0.023223
53063004200,0.021491
53063004300,0.019936
53063004400,0.026366
53063004500,0.023618
53063004601,0.039249
53063004602,0.015156
53063004701,0.019721
53063004702,0.037687
53063004800,0.01844
53063004900,0.060161
53063005000,0.028739
53063010101,0.116295
53063010102,0.266939
53063010201,0.095955
53063010203,0.029437
53063010204,0.058929
53063010301,0.035947
53063010303,0.063292
53063010304,0.071911
53063010305,0.156038
53063010401,0.088023
53063010403,0.089837
53063010404,0.033655
53063010504,0.182558
53063010505,0.134437
53063010506,0.02629
53063010507,0.090084
53063010508,0.038781
53063010601,0.135182
53063010603,0.040841
53063010604,0.022326
53063010701,0.044058
53063010702,0.017228
53063010800,0.077931
53063010901,0.073926
53063010902,0.020604
53063011000,0.04204
53063011102,0.033394
53063011103,0.052027
53063011104,0.033468
53063011202,0.034778
53063011203,0.029154
53063011204,0.051727
53063011301,0.021512
53063011302,0.039349
53063011400,0.022392
53063011500,0.268584
53063011600,0.149302
53063011701,0.078314
53063011702,0.062532
53063011800,0.096977
53063011900,0.108879
53063012000,0.032522
53063012100,0.039795
53063012200,0.040642
53063012300,0.106823
53063012401,0.045258
53063012402,0.079712
53063012500,0.081343
53063012600,0.196413
53063012701,0.211108
53063012702,0.231541
53063012801,0.105601
53063012802,0.015219
53063012901,0.027882
53063012902,0.014295
53063013001,0.01683
53063013002,0.036593
53063013003,0.023168
53063013101,0.022411
53063013102,0.070859
53063013201,0.050425
53063013300,0.07958
53063013401,0.034041
53063013501,0.077254
53063013502,0.06403
53063013503,0.047612
53063013600,0.044595
53063013700,0.029568
53063013800,0.245642
53063013900,0.099457
53063014001,0.116365
53063014002,0.098865
53063014100,0.092239
53063014200,0.09833
53063014300,0.048628
53063014400,0.026839
53063014500,0.055253
53065941000,0.157579
53065950101,0.151713
53065950102,0.099316
53065950200,0.05224
53065950300,0.148976
53065950500,0.114922
53065950600,0.130685
53065950700,0.175608
53065950800,0.105369
53065950900,0.060444
53065951100,0.077946
53065951301,0.073388
53065951302,0.316453
53065951401,0.083256
53065951402,0.049835
53071920000,0.085807
53071920100,0.061708
53071920200,0.023532
53071920302,0.017947
53071920400,0.077235
53071920500,0.039341
53071920600,0.031904
53071920701,0.036294
53071920702,0.017425
53071920801,0.017795
53071920802,0.060852
53071920901,0.017205
53073010103,0.151146
53075000100,0.115922
53075000201,0.135776
53075000202,0.178394
53075000300,0.092646
53075000400,0.247188
53075000500,0.14983
53075000601,0.066479
53075000602,0.128758
53075000700,0.064486
53075000800,0.063422
53075000900,0.070433
53075001000,0.150592
53077000100,0.025403
53077000200,0.02224
53077000301,0.056184
53077000302,0.042305
53077000401,0.020181
53077000402,0.033144
53077000500,0.023687
53077000600,0.018263
53077000700,0.030175
53077000800,0.017464
53077000902,0.019919
53077000903,0.023053
53077000904,0.015793
53077001000,0.019402
53077001100,0.02829
53077001201,0.017863
53077001202,0.022223
53077001300,0.060394
53077001400,0.023364
53077001502,0.026025
53077001503,0.023627
53077001504,0.028678
53077001601,0.068316
53077001602,0.042163
53077001701,0.138789
53077001702,0.033829
53077001801,0.092479
53077001802,0.137229
53077001901,0.06151
53077001902,0.020087
53077002003,0.021787
53077002004,0.047766
53077002005,0.047823
53077002006,0.035506
53077002101,0.120096
53077002103,0.046735
53077002104,0.029469
53077002201,0.03985
53077002202,0.084358
53077002701,0.043492
53077002801,0.040401
53077002803,0.025497
53077002804,0.019411
53077002900,0.035962
53077003002,0.034763
53077003003,0.114981
53077003004,0.084847
53077003100,0.06528
53077003200,0.038184
53077003400,0.031554
53077940001,0.035712
53077940002,0.052329
53077940003,0.133364
53077940005,0.080348
53077940006,0.019074
53077940007,0.025996
53077940008,0.040195
