GEOID,coverage_gap_score
40001376600,0.0
40001376700,0.0
40001376800,0.0
40001376900,0.0
40001377000,0.0
40003955600,0.0
40003955700,0.0
40003956000,0.0
40005587600,0.0
40005587700,0.0
40005587800,0.0
40005587900,0.0
40009966100,0.0
40009966200,0.0
40009966800,0.0
40011958600,0.0
40011958700,0.0
40011958800,0.0
40011958900,0.0
40011959000,0.0
40013795600,0.0
40013795700,0.0
40013795900,0.0
40013796002,0.0
40013796003,0.0
40013796004,0.0
40013796101,0.0
40013796102,0.0
40013796200,0.0
40013796300,0.0
40013796400,0.0
40013796500,0.0
40013796600,0.0
40015161601,0.0
40015161602,0.0
40015161700,0.0
40015161800,0.0
40015161900,0.0
40015162000,0.0
40015162101,0.0
40015162102,0.0
40015162200,0.0
40015162300,0.0
40017300100,0.0
40017300201,0.0
40017300202,0.0
40017300300,0.0
40017300400,0.0
40017300500,0.0
40017300600,0.0
40017300701,0.0
40017300702,0.0
40017300802,0.0
40017300803,0.0
40017300804,0.0
40017300805,0.0
40017300806,0.0
40017300901,0.0
40017300902,0.0
40017300904,0.0
40017300905,0.0
40017301001,0.0
40017301003,0.0
40017301006,0.0
40017301010,0.0
40017301011,0.0
40017301012,0.0
40017301013,0.0
40017301014,0.0
40017301015,0.0
40017301100,0.0
40017301201,0.0
40017301202,0.0
40017301301,0.0
40017301302,0.0
40017301406,0.0
40017301407,0.0
40017301408,0.0
40017301409,0.0
40017301410,0.0
40019892100,0.0
40019892200,0.0
40019892301,0.0
40019892302,0.0
40019892400,0.0
40019892501,0.0
40019892502,0.0
40019892601,0.0
40019892602,0.0
40019892700,0.0
40019892801,0.0
40019892802,0.0
40019892900,0.0
40019893001,0.0
40019893002,0.0
40019893100,0.0
40021977600,0.0
40021977701,0.0
40021977702,0.0
40021977801,0.0
40021977802,0.0
40021977901,0.0
40021977902,0.0
40021978000,0.0
40021978100,0.0
40021978201,0.0
40021978202,0.0
40021978301,0.0
40021978302,0.0
40023966900,0.0
40023967000,0.0
40023967100,0.0
40023967200,0.0
40023967300,0.0
40027200100,0.0
40027200200,0.0
40027200300,0.0
40027200400,0.0
40027200500,0.0
40027200602,0.0
40027200603,0.0
40027200604,0.0
40027200700,0.0
40027200800,0.0
40027200900,0.0
40027201000,0.0
40027201102,0.0
40027201103,0.0
40027201104,0.0
40027201201,0.0
40027201202,0.0
40027201204,0.0
40027201205,0.0
40027201302,0.0
40027201303,0.0
40027201403,0.0
40027201404,0.0
40027201405,0.0
40027201505,0.0
40027201508,0.0
40027201509,0.0
40027201511,0.0
40027201512,0.0
40027201513,0.0
40027201514,0.0
40027201602,0.0
40027201603,0.0
40027201604,0.0
40027201607,0.0
40027201609,0.0
40027201610,0.0
40027201611,0.0
40027201612,0.0
40027201700,0.0
40027201801,0.0
40027201802,0.0
40027201902,0.0
40027201903,0.0
40027201904,0.0
40027202002,0.0
40027202004,0.0
40027202005,0.0
40027202006,0.0
40027202007,0.0
40027202008,0.0
40027202102,0.0
40027202104,0.0
40027202105,0.0
40027202106,0.0
40027202107,0.0
40027202201,0.0
40027202203,0.0
40027202205,0.0
40027202207,0.0
40027202208,0.0
40027202301,0.0
40027202302,0.0
40027202403,0.0
40027202404,0.0
40027202405,0.0
40027202406,0.0
40027202407,0.0
40027202501,0.0
40027202502,0.0
40027202600,0.0
40029388100,0.0
40029388200,0.0
40031000100,0.0
40031000200,0.0
40031000300,0.0
40031000402,0.0
40031000403,0.0
40031000404,0.0
40031000405,0.0
40031000503,0.0
40031000504,0.0
40031000505,0.0
40031000506,0.0
40031000600,0.0
40031000700,0.0
40031000800,0.0
40031000900,0.0
40031001000,0.0
40031001100,0.0
40031001400,0.0
40031001500,0.0
40031001600,0.0
40031001700,0.0
40031001901,0.0
40031001902,0.0
40031002001,0.0
40031002003,0.0
40031002004,0.0
40031002005,0.0
40031002101,0.0
40031002102,0.0
40031002201,0.0
40031002202,0.0
40031002301,0.0
40031002302,0.0
40031002401,0.0
40031002403,0.0
40031002405,0.0
40031002406,0.0
40031002500,0.0
40033871100,0.0
40033871200,0.0
40035373100,0.0
40035373200,0.0
40035373300,0.0
40035373400,0.0
40035373500,0.0
40037020101,0.0
40037020102,0.0
40037020103,0.0
40037020602,0.0
40037020603,0.0
40037020604,0.0
40037020702,0.0
40037020704,0.0
40037020705,0.0
40037020706,0.0
40037020707,0.0
40037020800,0.0
40037020900,0.0
40037021000,0.0
40037021101,0.0
40037021102,0.0
40037021201,0.0
40037021202,0.0
40037021300,0.0
40037021401,0.0
40037021402,0.0
40037021500,0.0
40037021600,0.0
40039950800,0.0
40039960401,0.0
40039960402,0.0
40039960600,0.0
40039960701,0.0
40039960702,0.0
40039961000,0.0
40041375601,0.0
40041375602,0.0
40041375701,0.0
40041375702,0.0
40041375803,0.0
40041375804,0.0
40041375805,0.0
40041375806,0.0
40041375901,0.0
40041375902,0.0
40041376000,0.0
40041376100,0.0
40041976200,0.0
40043959100,0.0
40043959200,0.0
40043959300,0.0
40045952600,0.0
40045952800,0.0
40047000101,0.0
40047000102,0.0
40047000200,0.0
40047000601,0.0
40047000602,0.0
40047000701,0.0
40047000702,0.0
40047001100,0.0
40047001200,0.0
40047001301,0.0
40047001302,0.0
40047001401,0.0
40047001402,0.0
40047001500,0.0
40047001602,0.0
40047001603,0.0
40047001604,0.0
40049681100,0.0
40049681200,0.0
40049681300,0.0
40049681400,0.0
40049681500,0.0
40049681600,0.0
40049681700,0.0
40049681800,0.0
40049681900,0.0
40051000100,0.0
40051000400,0.0
40051000501,0.0
40051000502,0.0
40051000600,0.0
40051000701,0.0
40051000702,0.0
40051000801,0.0
40051000802,0.0
40051000901,0.0
40051000902,0.0
40051000904,0.0
40051000905,0.0
40051000906,0.0
40051001000,0.0
40053956400,0.0
40053956500,0.0
40055967100,0.0
40055967200,0.0
40059952100,0.0
40059952200,0.0
40061279100,0.0
40061279200,0.0
40061279300,0.0
40061279400,0.0
40063484600,0.0
40063484700,0.0
40063484800,0.0
40063484900,0.0
40063485000,0.0
40065968100,0.0
40065968200,0.0
40065968300,0.0
40065968400,0.0
40065968500,0.0
40065968600,0.0
40065968700,0.0
40065968800,0.0
40067371600,0.0
40067371700,0.0
40067371800,0.0
40069660198,0.0
40069660201,0.0
40069660202,0.0
40069660300,0.0
40071000100,0.0
40071000201,0.0
40071000202,0.0
40071000300,0.0
40071000400,0.0
40071000500,0.0
40071000600,0.0
40071001100,0.0
40071001200,0.0
40071001301,0.0
40071001302,0.0
40073958100,0.0
40073958200,0.0
40073958300,0.0
40073958400,0.0
40075963600,0.0
40075963700,0.0
40075964200,0.0
40077087100,0.0
40077087200,0.0
40077087300,0.0
40079040102,0.0
40079040198,0.0
40079040299,0.0
40079040301,0.0
40079040302,0.0
40079040303,0.0
40079040401,0.0
40079040402,0.0
40079040500,0.0
40079040601,0.0
40079040602,0.0
40079040700,0.0
40081961100,0.0
40081961200,0.0
40081961300,0.0
40081961401,0.0
40081961402,0.0
40081961500,0.0
40081961600,0.0
40081961700,0.0
40083600101,0.0
40083600200,0.0
40083600300,0.0
40083600401,0.0
40083600402,0.0
40083600501,0.0
40083600502,0.0
40083600600,0.0
40083600700,0.0
40083600801,0.0
40083600802,0.0
40083600903,0.0
40083601000,0.0
40085094100,0.0
40085094200,0.0
40085094300,0.0
40087400103,0.0
40087400104,0.0
40087400105,0.0
40087400106,0.0
40087400201,0.0
40087400203,0.0
40087400204,0.0
40087400300,0.0
40087400400,0.0
40089098200,0.0
40089098300,0.0
40089098400,0.0
40089098501,0.0
40089098502,0.0
40089098600,0.0
40089098700,0.0
40089098800,0.0
40089098900,0.0
40091779601,0.0
40091779602,0.0
40091779700,0.0
40091779900,0.0
40091780100,0.0
40091780200,0.0
40091780301,0.0
40091780302,0.0
40093955100,0.0
40093955200,0.0
40093955300,0.0
40095094698,0.0
40095094700,0.0
40095094803,0.0
40095094804,0.0
40095094805,0.0
40095094806,0.0
40097040100,0.0
40097040200,0.0
40097040300,0.0
40097040400,0.0
40097040501,0.0
40097040502,0.0
40097040600,0.0
40097040700,0.0
40097040801,0.0
40097040802,0.0
40099790600,0.0
40099790701,0.0
40099790702,0.0
40099790801,0.0
40099790802,0.0
40101000100,0.0
40101000200,0.0
40101000300,0.0
40101000400,0.0
40101000600,0.0
40101000700,0.0
40101000801,0.0
40101000802,0.0
40101000901,0.0
40101000902,0.0
40101001000,0.0
40101001100,0.0
40101001200,0.0
40101001301,0.0
40101001302,0.0
40101001401,0.0
40101001402,0.0
40101001501,0.0
40101001502,0.0
40101001600,0.0
40103956600,0.0
40103956900,0.0
40103957000,0.0
40103957100,0.0
40105172100,0.0
40105172200,0.0
40105172300,0.0
40105172400,0.0
40107080600,0.0
40107080700,0.0
40107080900,0.0
40107081000,0.0
40109100100,0.0
40109100201,0.0
40109100202,0.0
40109100203,0.0
40109100300,0.0
40109100400,0.0
40109100500,0.0
40109100800,0.0
40109100900,0.0
40109101000,0.0
40109101100,0.0
40109101200,0.0
40109101300,0.0
40109101400,0.0
40109101500,0.0
40109101800,0.0
40109101900,0.0
40109102000,0.0
40109102100,0.0
40109102200,0.0
40109102300,0.0
40109102400,0.0
40109102500,0.0
40109103200,0.0
40109103300,0.0
40109103900,0.0
40109104100,0.0
40109104200,0.0
40109104300,0.0
40109104400,0.0
40109104500,0.0
40109104600,0.0
40109104700,0.0
40109104800,0.0
40109104900,0.0
40109105000,0.0
40109105101,0.0
40109105201,0.0
40109105202,0.0
40109105300,0.0
40109105400,0.0
40109105500,0.0
40109105600,0.0
40109105903,0.0
40109105904,0.0
40109105905,0.0
40109105906,0.0
40109105907,0.0
40109106000,0.0
40109106100,0.0
40109106200,0.0
40109106301,0.0
40109106302,0.0
40109106303,0.0
40109106401,0.0
40109106402,0.0
40109106403,0.0
40109106501,0.0
40109106502,0.0
40109106503,0.0
40109106601,0.0
40109106602,0.0
40109106606,0.0
40109106607,0.0
40109106608,0.0
40109106609,0.0
40109106610,0.0
40109106611,0.0
40109106702,0.0
40109106704,0.0
40109106705,0.0
40109106706,0.0
40109106708,0.0
40109106709,0.0
40109106710,0.0
40109106801,0.0
40109106802,0.0
40109106803,0.0
40109106804,0.0
40109106902,0.0
40109106903,0.0
40109106906,0.0
40109106907,0.0
40109106909,0.0
40109106910,0.0
40109106911,0.0
40109106912,0.0
40109106913,0.0
40109106914,0.0
40109106916,0.0
40109106917,0.0
40109107001,0.0
40109107002,0.0
40109107101,0.0
40109107103,0.0
40109107104,0.0
40109107206,0.0
40109107207,0.0
40109107212,0.0
40109107213,0.0
40109107214,0.0
40109107215,0.0
40109107216,0.0
40109107217,0.0
40109107218,0.0
40109107219,0.0
40109107220,0.0
40109107221,0.0
40109107222,0.0
40109107223,0.0
40109107224,0.0
40109107225,0.0
40109107226,0.0
40109107302,0.0
40109107303,0.0
40109107305,0.0
40109107306,0.0
40109107401,0.0
40109107404,0.0
40109107405,0.0
40109107406,0.0
40109107407,0.0
40109107601,0.0
40109107604,0.0
40109107605,0.0
40109107608,0.0
40109107703,0.0
40109107704,0.0
40109107705,0.0
40109107706,0.0
40109107707,0.0
40109107801,0.0
40109107804,0.0
40109107805,0.0
40109107806,0.0
40109107807,0.0
40109107808,0.0
40109107809,0.0
40109107810,0.0
40109107900,0.0
40109108003,0.0
40109108005,0.0
40109108006,0.0
40109108007,0.0
40109108008,0.0
40109108009,0.0
40109108010,0.0
40109108011,0.0
40109108101,0.0
40109108106,0.0
40109108107,0.0
40109108109,0.0
40109108110,0.0
40109108113,0.0
40109108114,0.0
40109108201,0.0
40109108203,0.0
40109108204,0.0
40109108207,0.0
40109108208,0.0
40109108215,0.0
40109108216,0.0
40109108217,0.0
40109108222,0.0
40109108223,0.0
40109108224,0.0
40109108225,0.0
40109108226,0.0
40109108227,0.0
40109108228,0.0
40109108229,0.0
40109108230,0.0
40109108231,0.0
40109108232,0.0
40109108233,0.0
40109108234,0.0
40109108235,0.0
40109108236,0.0
40109108237,0.0
40109108238,0.0
40109108301,0.0
40109108302,0.0
40109108304,0.0
40109108307,0.0
40109108309,0.0
40109108310,0.0
40109108314,0.0
40109108317,0.0
40109108318,0.0
40109108319,0.0
40109108320,0.0
40109108321,0.0
40109108322,0.0
40109108323,0.0
40109108324,0.0
40109108325,0.0
40109108326,0.0
40109108402,0.0
40109108403,0.0
40109108404,0.0
40109108506,0.0
40109108507,0.0
40109108508,0.0
40109108513,0.0
40109108514,0.0
40109108515,0.0
40109108520,0.0
40109108521,0.0
40109108523,0.0
40109108524,0.0
40109108525,0.0
40109108526,0.0
40109108527,0.0
40109108528,0.0
40109108529,0.0
40109108530,0.0
40109108531,0.0
40109108532,0.0
40109108533,0.0
40109108534,0.0
40109108535,0.0
40109108536,0.0
40109108537,0.0
40109108538,0.0
40109108603,0.0
40109108604,0.0
40109108701,0.0
40109108706,0.0
40109108707,0.0
40109108708,0.0
40109108709,0.0
40109108710,0.0
40109108711,0.0
40109108712,0.0
40109108713,0.0
40109108802,0.0
40109108803,0.0
40109108804,0.0
40109108805,0.0
40109108806,0.0
40109108807,0.0
40109108900,0.0
40109109001,0.0
40109109003,0.0
40109109004,0.0
40109109202,0.0
40109109203,0.0
40109109204,0.0
40109109205,0.0
40109109300,0.0
40109109400,0.0
40109109500,0.0
40109109600,0.0
40109109700,0.0
40109109800,0.0
40109109900,0.0
40109110000,0.0
40109980001,0.0
40109980002,0.0
40109980003,0.0
40109980004,0.0
40109980005,0.0
40109980006,0.0
40109980007,0.0
40109980008,0.0
40109980009,0.0
40111000100,0.0
40111000200,0.0
40111000300,0.0
40111000400,0.0
40111000500,0.0
40111000601,0.0
40111000602,0.0
40111000700,0.0
40111000800,0.0
40111000901,0.0
40111000902,0.0
40113940001,0.0
40113940003,0.0
40113940004,0.0
40113940005,0.0
40113940006,0.0
40113940007,0.0
40113940008,0.0
40113940009,0.0
40113940011,0.0
40113940012,0.0
40113940013,0.0
40113940014,0.0
40113940015,0.0
40115574100,0.0
40115574200,0.0
40115574300,0.0
40115574400,0.0
40115574500,0.0
40115574600,0.0
40115574700,0.0
40115574800,0.0
40115574900,0.0
40117957100,0.0
40117957200,0.0
40117957300,0.0
40117957400,0.0
40117957500,0.0
40119010101,0.0
40119010102,0.0
40119010201,0.0
40119010202,0.0
40119010300,0.0
40119010400,0.0
40119010501,0.0
40119010502,0.0
40119010503,0.0
40119010600,0.0
40119010700,0.0
40119010800,0.0
40119010901,0.0
40119010902,0.0
40119011001,0.0
40119011002,0.0
40119011101,0.0
40119011103,0.0
40119011104,0.0
40119011200,0.0
40119011301,0.0
40119011302,0.0
40119011400,0.0
40121485601,0.0
40121485602,0.0
40121485700,0.0
40121485800,0.0
40121485900,0.0
40121486000,0.0
40121486100,0.0
40121486200,0.0
40121486300,0.0
40121486400,0.0
40121486500,0.0
40121486600,0.0
40121486700,0.0
40121486800,0.0
40123088600,0.0
40123088700,0.0
40123088801,0.0
40123088802,0.0
40123088900,0.0
40123089000,0.0
40123089100,0.0
40123089200,0.0
40123089300,0.0
40123089598,0.0
40123089600,0.0
40125500200,0.0
40125500301,0.0
40125500302,0.0
40125500400,0.0
40125500500,0.0
40125500600,0.0
40125500700,0.0
40125500800,0.0
40125500901,0.0
40125500902,0.0
40125501003,0.0
40125501004,0.0
40125501005,0.0
40125501006,0.0
40125501101,0.0
40125501103,0.0
40125501104,0.0
40125501105,0.0
40125501201,0.0
40125501300,0.0
40127097600,0.0
40127097701,0.0
40127097702,0.0
40127097800,0.0
40129960000,0.0
40131050101,0.0
40131050103,0.0
40131050104,0.0
40131050105,0.0
40131050201,0.0
40131050202,0.0
40131050203,0.0
40131050301,0.0
40131050302,0.0
40131050303,0.0
40131050304,0.0
40131050403,0.0
40131050404,0.0
40131050405,0.0
40131050406,0.0
40131050407,0.0
40131050408,0.0
40131050409,0.0
40131050501,0.0
40131050502,0.0
40131050601,0.0
40131050602,0.0
40131050603,0.0
40131050604,0.0
40131050701,0.0
40131050702,0.0
40131050801,0.0
40131050802,0.0
40133583100,0.0
40133583200,0.0
40133583300,0.0
40133583400,0.0
40133583500,0.0
40133583600,0.0
40133583700,0.0
40133583800,0.0
40133583900,0.0
40135030101,0.0
40135030103,0.0
40135030105,0.0
40135030106,0.0
40135030201,0.0
40135030202,0.0
40135030301,0.0
40135030303,0.0
40135030304,0.0
40135030401,0.0
40135030403,0.0
40135030404,0.0
40137000101,0.0
40137000102,0.0
40137000200,0.0
40137000300,0.0
40137000400,0.0
40137000600,0.0
40137000800,0.0
40137000901,0.0
40137000902,0.0
40137001000,0.0
40137001100,0.0
40141070100,0.0
40141070200,0.0
40141070300,0.0
40141070400,0.0
40141070500,0.0
40143000200,0.0
40143000300,0.0
40143000400,0.0
40143000500,0.0
40143000800,0.0
40143000900,0.0
40143001000,0.0
40143001200,0.0
40143001300,0.0
40143001400,0.0
40143001500,0.0
40143001600,0.0
40143001700,0.0
40143001800,0.0
40143001900,0.0
40143002000,0.0
40143002100,0.0
40143002301,0.0
40143002500,0.0
40143002700,0.0
40143002900,0.0
40143003000,0.0
40143003100,0.0
40143003200,0.0
40143003300,0.0
40143003400,0.0
40143003500,0.0
40143003600,0.0
40143003700,0.0
40143003800,0.0
40143003900,0.0
40143004000,0.0
40143004101,0.0
40143004200,0.0
40143004301,0.0
40143004302,0.0
40143004400,0.0
40143004500,0.0
40143004600,0.0
40143004700,0.0
40143004800,0.0
40143004900,0.0
40143005001,0.0
40143005002,0.0
40143005100,0.0
40143005200,0.0
40143005300,0.0
40143005401,0.0
40143005403,0.0
40143005404,0.0
40143005500,0.0
40143005600,0.0
40143005700,0.0
40143005801,0.0
40143005805,0.0
40143005808,0.0
40143005809,0.0
40143005810,0.0
40143005811,0.0
40143005812,0.0
40143005813,0.0
40143005900,0.0
40143006000,0.0
40143006200,0.0
40143006506,0.0
40143006507,0.0
40143006600,0.0
40143006701,0.0
40143006703,0.0
40143006708,0.0
40143006709,0.0
40143006710,0.0
40143006711,0.0
40143006712,0.0
40143006713,0.0
40143006801,0.0
40143006803,0.0
40143006804,0.0
40143006901,0.0
40143006902,0.0
40143006903,0.0
40143006905,0.0
40143006906,0.0
40143006907,0.0
40143007000,0.0
40143007101,0.0
40143007102,0.0
40143007200,0.0
40143007304,0.0
40143007306,0.0
40143007308,0.0
40143007309,0.0
40143007310,0.0
40143007311,0.0
40143007312,0.0
40143007313,0.0
40143007314,0.0
40143007402,0.0
40143007408,0.0
40143007409,0.0
40143007410,0.0
40143007411,0.0
40143007412,0.0
40143007413,0.0
40143007414,0.0
40143007415,0.0
40143007416,0.0
40143007417,0.0
40143007503,0.0
40143007507,0.0
40143007510,0.0
40143007511,0.0
40143007512,0.0
40143007518,0.0
40143007519,0.0
40143007520,0.0
40143007522,0.0
40143007523,0.0
40143007525,0.0
40143007526,0.0
40143007527,0.0
40143007528,0.0
40143007529,0.0
40143007530,0.0
40143007531,0.0
40143007532,0.0
40143007533,0.0
40143007534,0.0
40143007535,0.0
40143007536,0.0
40143007608,0.0
40143007611,0.0
40143007612,0.0
40143007613,0.0
40143007614,0.0
40143007615,0.0
40143007616,0.0
40143007617,0.0
40143007619,0.0
40143007629,0.0
40143007630,0.0
40143007631,0.0
40143007632,0.0
40143007633,0.0
40143007634,0.0
40143007636,0.0
40143007638,0.0
40143007639,0.0
40143007641,0.0
40143007642,0.0
40143007643,0.0
40143007644,0.0
40143007645,0.0
40143007646,0.0
40143007647,0.0
40143007648,0.0
40143007649,0.0
40143007650,0.0
40143007651,0.0
40143007652,0.0
40143007653,0.0
40143007654,0.0
40143007655,0.0
40143007656,0.0
40143007703,0.0
40143007704,0.0
40143007705,0.0
40143007706,0.0
40143007707,0.0
40143007801,0.0
40143007803,0.0
40143007804,0.0
40143007900,0.0
40143008001,0.0
40143008002,0.0
40143008200,0.0
40143008300,0.0
40143008400,0.0
40143008501,0.0
40143008502,0.0
40143008600,0.0
40143008700,0.0
40143008800,0.0
40143008900,0.0
40143009006,0.0
40143009008,0.0
40143009010,0.0
40143009011,0.0
40143009012,0.0
40143009013,0.0
40143009014,0.0
40143009015,0.0
40143009016,0.0
40143009017,0.0
40143009018,0.0
40143009019,0.0
40143009020,0.0
40143009021,0.0
40143009101,0.0
40143009104,0.0
40143009200,0.0
40143009300,0.0
40143009401,0.0
40143009403,0.0
40143009404,0.0
40143009500,0.0
40143011300,0.0
40143011400,0.0
40145030101,0.0
40145030102,0.0
40145030201,0.0
40145030202,0.0
40145030300,0.0
40145030402,0.0
40145030403,0.0
40145030406,0.0
40145030407,0.0
40145030408,0.0
40145030502,0.0
40145030505,0.0
40145030506,0.0
40145030507,0.0
40145030508,0.0
40145030509,0.0
40145030510,0.0
40145030511,0.0
40145030512,0.0
40145030601,0.0
40145030603,0.0
40145030604,0.0
40145030605,0.0
40145030798,0.0
40145030800,0.0
40147000100,0.0
40147000200,0.0
40147000300,0.0
40147000400,0.0
40147000500,0.0
40147000601,0.0
40147000602,0.0
40147000700,0.0
40147000800,0.0
40147000900,0.0
40147001000,0.0
40147001100,0.0
40147001200,0.0
40147001300,0.0
40149964900,0.0
40149965000,0.0
40149965100,0.0
40149965400,0.0
40151954201,0.0
40151954202,0.0
40151954300,0.0
40151954400,0.0
40153953100,0.0
40153953200,0.0
40153953300,0.0
40153953400,0.0
40153953500,0.0
04001944902,0.0
04001945100,0.0
04001970201,0.0
04001970202,0.0
04001970300,0.0
04001970501,0.0
04001970502,0.0
04003000101,0.0
04003000102,0.0
04003000201,0.0
04003000202,0.0
04003000203,0.0
04003000301,0.0
04003000303,0.0
04003000304,0.0
04003000305,0.0
04003000400,0.0
04003000501,0.0
04003000502,0.0
04003000503,0.0
04003000600,0.0
04003000700,0.0
04003000800,0.0
04003000901,0.0
04003000902,0.0
04003001000,0.0
04003001100,0.0
04003001200,0.0
04003001301,0.0
04003001302,0.0
04003001401,0.0
04003001402,0.0
04003001501,0.0
04003001502,0.0
04003001601,0.0
04003001602,0.0
04003001701,0.0
04003001702,0.0
04003001703,0.0
04003001801,0.0
04003001802,0.0
04003001900,0.0
04003002001,0.0
04003002002,0.0
04003002100,0.0
04005000200,0.0
04005000601,0.0
04005000602,0.0
04005000700,0.0
04005000800,0.0
04005000901,0.0
04005000902,0.0
04005001000,0.0
04005001101,0.0
04005001103,0.0
04005001104,0.0
04005001201,0.0
04005001302,0.0
04005001500,0.0
04005001601,0.0
04005001602,0.0
04005001700,0.0
04005002201,0.0
04005002202,0.0
04005002302,0.0
04005945100,0.0
04005980100,0.0
04005980200,0.0
04007000100,0.0
04007000200,0.0
04007000301,0.0
04007000302,0.0
04007000400,0.0
04007000500,0.0
04007000600,0.0
04007000700,0.0
04007000800,0.0
04007000900,0.0
04007001000,0.0
04007001100,0.0
04007001200,0.0
04007001300,0.0
04007940200,0.0
04007940400,0.0
04009940500,0.0
04009961100,0.0
04009961201,0.0
04009961202,0.0
04009961300,0.0
04009961400,0.0
04009961500,0.0
04009961600,0.0
04009961700,0.0
04011960100,0.0
04011960200,0.0
04011960300,0.0
04012020101,0.0
04012020102,0.0
04013010102,0.0
04013010103,0.0
04013010104,0.0
04013030401,0.0
04013030402,0.0
04013040502,0.0
04013040506,0.0
04013040507,0.0
04013040512,0.0
04013040513,0.0
04013040514,0.0
04013040515,0.0
04013040516,0.0
04013040522,0.0
04013040523,0.0
04013040524,0.0
04013040525,0.0
04013040526,0.0
04013040527,0.0
04013040528,0.0
04013040529,0.0
04013040530,0.0
04013040531,0.0
04013040532,0.0
04013040533,0.0
04013040534,0.0
04013040535,0.0
04013040536,0.0
04013040537,0.0
04013040538,0.0
04013040539,0.0
04013040540,0.0
04013040541,0.0
04013050603,0.0
04013050604,0.0
04013050609,0.0
04013050611,0.0
04013050612,0.0
04013050613,0.0
04013050614,0.0
04013050615,0.0
04013050616,0.0
04013050617,0.0
04013050618,0.0
04013050619,0.0
04013050620,0.0
04013050621,0.0
04013050701,0.0
04013050702,0.0
04013060801,0.0
04013060802,0.0
04013060901,0.0
04013060902,0.0
04013060903,0.0
04013060904,0.0
04013061010,0.0
04013061011,0.0
04013061013,0.0
04013061014,0.0
04013061015,0.0
04013061017,0.0
04013061018,0.0
04013061020,0.0
04013061021,0.0
04013061024,0.0
04013061026,0.0
04013061027,0.0
04013061028,0.0
04013061029,0.0
04013061031,0.0
04013061032,0.0
04013061033,0.0
04013061034,0.0
04013061035,0.0
04013061036,0.0
04013061037,0.0
04013061038,0.0
04013061039,0.0
04013061040,0.0
04013061041,0.0
04013061042,0.0
04013061043,0.0
04013061044,0.0
04013061045,0.0
04013061046,0.0
04013061047,0.0
04013061048,0.0
04013061049,0.0
04013061050,0.0
04013061051,0.0
04013061052,0.0
04013061053,0.0
04013061054,0.0
04013061055,0.0
04013061056,0.0
04013061057,0.0
04013061058,0.0
04013061059,0.0
04013061060,0.0
04013061061,0.0
04013061062,0.0
04013061063,0.0
04013061064,0.0
04013061100,0.0
04013061200,0.0
04013061300,0.0
04013061401,0.0
04013061402,0.0
04013071503,0.0
04013071504,0.0
04013071505,0.0
04013071506,0.0
04013071509,0.0
04013071510,0.0
04013071511,0.0
04013071512,0.0
04013071513,0.0
04013071514,0.0
04013071515,0.0
04013071516,0.0
04013071517,0.0
04013071600,0.0
04013071701,0.0
04013071702,0.0
04013071801,0.0
04013071802,0.0
04013071903,0.0
04013071906,0.0
04013071909,0.0
04013071910,0.0
04013071911,0.0
04013071912,0.0
04013071913,0.0
04013071914,0.0
04013071915,0.0
04013082002,0.0
04013082007,0.0
04013082008,0.0
04013082009,0.0
04013082010,0.0
04013082012,0.0
04013082016,0.0
04013082017,0.0
04013082018,0.0
04013082019,0.0
04013082020,0.0
04013082021,0.0
04013082022,0.0
04013082023,0.0
04013082024,0.0
04013082025,0.0
04013082026,0.0
04013082027,0.0
04013082028,0.0
04013082204,0.0
04013082205,0.0
04013082206,0.0
04013082207,0.0
04013082208,0.0
04013082209,0.0
04013082210,0.0
04013082211,0.0
04013082212,0.0
04013082213,0.0
04013083000,0.0
04013092305,0.0
04013092306,0.0
04013092307,0.0
04013092308,0.0
04013092309,0.0
04013092311,0.0
04013092312,0.0
04013092401,0.0
04013092402,0.0
04013092500,0.0
04013092600,0.0
04013092705,0.0
04013092708,0.0
04013092709,0.0
04013092710,0.0
04013092711,0.0
04013092712,0.0
04013092713,0.0
04013092715,0.0
04013092716,0.0
04013092717,0.0
04013092718,0.0
04013092719,0.0
04013092720,0.0
04013092721,0.0
04013092723,0.0
04013092724,0.0
04013092801,0.0
04013092802,0.0
04013092900,0.0
04013093001,0.0
04013093002,0.0
04013093101,0.0
04013093104,0.0
04013093105,0.0
04013093106,0.0
04013093200,0.0
04013103205,0.0
04013103206,0.0
04013103207,0.0
04013103208,0.0
04013103209,0.0
04013103210,0.0
04013103211,0.0
04013103212,0.0
04013103214,0.0
04013103215,0.0
04013103216,0.0
04013103217,0.0
04013103219,0.0
04013103220,0.0
04013103302,0.0
04013103303,0.0
04013103304,0.0
04013103305,0.0
04013103306,0.0
04013103400,0.0
04013103501,0.0
04013103502,0.0
04013103604,0.0
04013103605,0.0
04013103606,0.0
04013103607,0.0
04013103608,0.0
04013103609,0.0
04013103611,0.0
04013103612,0.0
04013103614,0.0
04013103615,0.0
04013103701,0.0
04013103702,0.0
04013103900,0.0
04013104000,0.0
04013104100,0.0
04013104202,0.0
04013104203,0.0
04013104204,0.0
04013104205,0.0
04013104206,0.0
04013104207,0.0
04013104212,0.0
04013104214,0.0
04013104215,0.0
04013104216,0.0
04013104217,0.0
04013104218,0.0
04013104219,0.0
04013104221,0.0
04013104222,0.0
04013104223,0.0
04013104224,0.0
04013104225,0.0
04013104226,0.0
04013104227,0.0
04013104301,0.0
04013104302,0.0
04013104401,0.0
04013104402,0.0
04013104501,0.0
04013104502,0.0
04013104600,0.0
04013104701,0.0
04013104702,0.0
04013104801,0.0
04013104802,0.0
04013104900,0.0
04013105002,0.0
04013105003,0.0
04013105004,0.0
04013105101,0.0
04013105102,0.0
04013105103,0.0
04013105200,0.0
04013105300,0.0
04013105400,0.0
04013105501,0.0
04013105502,0.0
04013105503,0.0
04013105601,0.0
04013105602,0.0
04013105701,0.0
04013105702,0.0
04013105800,0.0
04013105900,0.0
04013106001,0.0
04013106002,0.0
04013106003,0.0
04013106100,0.0
04013106200,0.0
04013106300,0.0
04013106400,0.0
04013106501,0.0
04013106502,0.0
04013106600,0.0
04013106701,0.0
04013106702,0.0
04013106703,0.0
04013106801,0.0
04013106802,0.0
04013106900,0.0
04013107001,0.0
04013107002,0.0
04013107101,0.0
04013107102,0.0
04013107201,0.0
04013107202,0.0
04013107300,0.0
04013107401,0.0
04013107402,0.0
04013107403,0.0
04013107404,0.0
04013107500,0.0
04013107601,0.0
04013107602,0.0
04013107700,0.0
04013107800,0.0
04013107900,0.0
04013108000,0.0
04013108100,0.0
04013108200,0.0
04013108301,0.0
04013108302,0.0
04013108400,0.0
04013108501,0.0
04013108502,0.0
04013108601,0.0
04013108602,0.0
04013108802,0.0
04013108901,0.0
04013108902,0.0
04013109001,0.0
04013109002,0.0
04013109003,0.0
04013109101,0.0
04013109102,0.0
04013109200,0.0
04013109300,0.0
04013109401,0.0
04013109402,0.0
04013109500,0.0
04013109601,0.0
04013109602,0.0
04013109603,0.0
04013109604,0.0
04013109702,0.0
04013109703,0.0
04013109704,0.0
04013109705,0.0
04013109706,0.0
04013109707,0.0
04013109801,0.0
04013109802,0.0
04013109900,0.0
04013110001,0.0
04013110002,0.0
04013110100,0.0
04013110400,0.0
04013110501,0.0
04013110502,0.0
04013110600,0.0
04013110701,0.0
04013110702,0.0
04013110801,0.0
04013110802,0.0
04013110901,0.0
04013110902,0.0
04013111000,0.0
04013111100,0.0
04013111201,0.0
04013111202,0.0
04013111203,0.0
04013111204,0.0
04013111300,0.0
04013111401,0.0
04013111402,0.0
04013111501,0.0
04013111502,0.0
04013111601,0.0
04013111602,0.0
04013111700,0.0
04013111800,0.0
04013111900,0.0
04013112100,0.0
04013112201,0.0
04013112202,0.0
04013112301,0.0
04013112302,0.0
04013112401,0.0
04013112402,0.0
04013112502,0.0
04013112504,0.0
04013112507,0.0
04013112508,0.0
04013112510,0.0
04013112512,0.0
04013112514,0.0
04013112515,0.0
04013112516,0.0
04013112517,0.0
04013112518,0.0
04013112519,0.0
04013112520,0.0
04013112521,0.0
04013112522,0.0
04013112523,0.0
04013112524,0.0
04013112601,0.0
04013112602,0.0
04013112700,0.0
04013112900,0.0
04013113000,0.0
04013113100,0.0
04013113201,0.0
04013113202,0.0
04013113204,0.0
04013113301,0.0
04013113502,0.0
04013113503,0.0
04013113601,0.0
04013113602,0.0
04013113701,0.0
04013113702,0.0
04013113800,0.0
04013113900,0.0
04013114000,0.0
04013114100,0.0
04013114200,0.0
04013114301,0.0
04013114302,0.0
04013114401,0.0
04013114402,0.0
04013114500,0.0
04013114600,0.0
04013114704,0.0
04013114705,0.0
04013114800,0.0
04013114900,0.0
04013115200,0.0
04013115300,0.0
04013115400,0.0
04013115500,0.0
04013115600,0.0
04013115700,0.0
04013115801,0.0
04013115802,0.0
04013115900,0.0
04013116000,0.0
04013116100,0.0
04013116202,0.0
04013116203,0.0
04013116204,0.0
04013116205,0.0
04013116300,0.0
04013116400,0.0
04013116500,0.0
04013116605,0.0
04013116606,0.0
04013116607,0.0
04013116610,0.0
04013116611,0.0
04013116612,0.0
04013116614,0.0
04013116615,0.0
04013116616,0.0
04013116617,0.0
04013116618,0.0
04013116619,0.0
04013116620,0.0
04013116621,0.0
04013116703,0.0
04013116707,0.0
04013116708,0.0
04013116709,0.0
04013116710,0.0
04013116711,0.0
04013116712,0.0
04013116713,0.0
04013116714,0.0
04013116715,0.0
04013116717,0.0
04013116718,0.0
04013116719,0.0
04013116720,0.0
04013116721,0.0
04013116725,0.0
04013116727,0.0
04013116728,0.0
04013116729,0.0
04013116730,0.0
04013116731,0.0
04013116732,0.0
04013116733,0.0
04013116734,0.0
04013116735,0.0
04013116736,0.0
04013116737,0.0
04013116738,0.0
04013116800,0.0
04013116900,0.0
04013117000,0.0
04013117100,0.0
04013117200,0.0
04013117300,0.0
04013216806,0.0
04013216807,0.0
04013216809,0.0
04013216810,0.0
04013216813,0.0
04013216816,0.0
04013216819,0.0
04013216820,0.0
04013216821,0.0
04013216822,0.0
04013216826,0.0
04013216829,0.0
04013216830,0.0
04013216831,0.0
04013216832,0.0
04013216833,0.0
04013216834,0.0
04013216835,0.0
04013216836,0.0
04013216837,0.0
04013216838,0.0
04013216839,0.0
04013216840,0.0
04013216841,0.0
04013216842,0.0
04013216843,0.0
04013216844,0.0
04013216845,0.0
04013216849,0.0
04013216850,0.0
04013216851,0.0
04013216852,0.0
04013216853,0.0
04013216854,0.0
04013216855,0.0
04013216856,0.0
04013216857,0.0
04013216858,0.0
04013216859,0.0
04013216860,0.0
04013216861,0.0
04013216901,0.0
04013216902,0.0
04013217001,0.0
04013217002,0.0
04013217101,0.0
04013217102,0.0
04013217201,0.0
04013217203,0.0
04013217204,0.0
04013217300,0.0
04013217400,0.0
04013217501,0.0
04013217502,0.0
04013217600,0.0
04013217700,0.0
04013217800,0.0
04013217900,0.0
04013218000,0.0
04013218100,0.0
04013218200,0.0
04013218300,0.0
04013318400,0.0
04013318501,0.0
04013318700,0.0
04013318800,0.0
04013318900,0.0
04013319001,0.0
04013319002,0.0
04013319101,0.0
04013319103,0.0
04013319104,0.0
04013319201,0.0
04013319202,0.0
04013319300,0.0
04013319401,0.0
04013319402,0.0
04013319403,0.0
04013319404,0.0
04013319500,0.0
04013319600,0.0
04013319705,0.0
04013319706,0.0
04013319707,0.0
04013319708,0.0
04013319709,0.0
04013319710,0.0
04013319801,0.0
04013319802,0.0
04013319902,0.0
04013319903,0.0
04013319904,0.0
04013319905,0.0
04013319906,0.0
04013319907,0.0
04013319908,0.0
04013319909,0.0
04013319910,0.0
04013320001,0.0
04013320002,0.0
04013320007,0.0
04013320100,0.0
04013420104,0.0
04013420105,0.0
04013420107,0.0
04013420108,0.0
04013420109,0.0
04013420110,0.0
04013420111,0.0
04013420112,0.0
04013420113,0.0
04013420114,0.0
04013420115,0.0
04013420116,0.0
04013420202,0.0
04013420206,0.0
04013420207,0.0
04013420208,0.0
04013420209,0.0
04013420210,0.0
04013420211,0.0
04013420212,0.0
04013420213,0.0
04013420214,0.0
04013420215,0.0
04013420216,0.0
04013420301,0.0
04013420302,0.0
04013420303,0.0
04013420304,0.0
04013420401,0.0
04013420402,0.0
04013420503,0.0
04013420504,0.0
04013420505,0.0
04013420506,0.0
04013420602,0.0
04013420603,0.0
04013420604,0.0
04013420704,0.0
04013420705,0.0
04013420706,0.0
04013420707,0.0
04013420708,0.0
04013420709,0.0
04013420710,0.0
04013420800,0.0
04013420901,0.0
04013420902,0.0
04013421001,0.0
04013421002,0.0
04013421101,0.0
04013421102,0.0
04013421201,0.0
04013421202,0.0
04013421302,0.0
04013421303,0.0
04013421304,0.0
04013421400,0.0
04013421501,0.0
04013421502,0.0
04013421601,0.0
04013421602,0.0
04013421701,0.0
04013421702,0.0
04013421801,0.0
04013421802,0.0
04013421901,0.0
04013421902,0.0
04013422001,0.0
04013422002,0.0
04013422102,0.0
04013422103,0.0
04013422104,0.0
04013422105,0.0
04013422106,0.0
04013422107,0.0
04013422203,0.0
04013422209,0.0
04013422210,0.0
04013422211,0.0
04013422212,0.0
04013422213,0.0
04013422215,0.0
04013422216,0.0
04013422217,0.0
04013422218,0.0
04013422219,0.0
04013422220,0.0
04013422221,0.0
04013422222,0.0
04013422223,0.0
04013422224,0.0
04013422225,0.0
04013422226,0.0
04013422227,0.0
04013422301,0.0
04013422302,0.0
04013422304,0.0
04013422305,0.0
04013422307,0.0
04013422308,0.0
04013422309,0.0
04013422401,0.0
04013422402,0.0
04013422403,0.0
04013422404,0.0
04013422501,0.0
04013422502,0.0
04013422503,0.0
04013422504,0.0
04013422506,0.0
04013422507,0.0
04013422508,0.0
04013422509,0.0
04013422510,0.0
04013422511,0.0
04013422512,0.0
04013422513,0.0
04013422514,0.0
04013422607,0.0
04013422609,0.0
04013422610,0.0
04013422615,0.0
04013422617,0.0
04013422618,0.0
04013422620,0.0
04013422621,0.0
04013422622,0.0
04013422623,0.0
04013422624,0.0
04013422625,0.0
04013422626,0.0
04013422627,0.0
04013422628,0.0
04013422629,0.0
04013422630,0.0
04013422632,0.0
04013422633,0.0
04013422634,0.0
04013422636,0.0
04013422637,0.0
04013422638,0.0
04013422639,0.0
04013422640,0.0
04013422642,0.0
04013422643,0.0
04013422647,0.0
04013422648,0.0
04013422649,0.0
04013422650,0.0
04013422651,0.0
04013422652,0.0
04013422653,0.0
04013422654,0.0
04013422655,0.0
04013422656,0.0
04013422657,0.0
04013422658,0.0
04013422659,0.0
04013422660,0.0
04013522801,0.0
04013522802,0.0
04013522901,0.0
04013522903,0.0
04013522904,0.0
04013523002,0.0
04013523005,0.0
04013523006,0.0
04013523007,0.0
04013523008,0.0
04013523102,0.0
04013523103,0.0
04013523104,0.0
04013610001,0.0
04013610002,0.0
04013610100,0.0
04013610201,0.0
04013610202,0.0
04013610301,0.0
04013610302,0.0
04013610400,0.0
04013610500,0.0
04013610600,0.0
04013610700,0.0
04013610800,0.0
04013610901,0.0
04013610902,0.0
04013610903,0.0
04013611000,0.0
04013611100,0.0
04013611200,0.0
04013611300,0.0
04013611400,0.0
04013611500,0.0
04013611600,0.0
04013611700,0.0
04013611800,0.0
04013611900,0.0
04013612000,0.0
04013612200,0.0
04013612301,0.0
04013612302,0.0
04013612401,0.0
04013612402,0.0
04013612500,0.0
04013612600,0.0
04013612700,0.0
04013612800,0.0
04013612900,0.0
04013613000,0.0
04013613100,0.0
04013613200,0.0
04013613300,0.0
04013613400,0.0
04013613500,0.0
04013613601,0.0
04013613602,0.0
04013613700,0.0
04013613800,0.0
04013613900,0.0
04013614000,0.0
04013614100,0.0
04013614200,0.0
04013614300,0.0
04013614400,0.0
04013614500,0.0
04013614601,0.0
04013614602,0.0
04013614700,0.0
04013614800,0.0
04013614900,0.0
04013615001,0.0
04013615002,0.0
04013615100,0.0
04013615201,0.0
04013615202,0.0
04013615300,0.0
04013615400,0.0
04013615500,0.0
04013615600,0.0
04013615700,0.0
04013615800,0.0
04013615900,0.0
04013616000,0.0
04013616100,0.0
04013616200,0.0
04013616300,0.0
04013616400,0.0
04013616500,0.0
04013616600,0.0
04013616700,0.0
04013616800,0.0
04013616900,0.0
04013617001,0.0
04013617002,0.0
04013617100,0.0
04013617200,0.0
04013617300,0.0
04013617400,0.0
04013617500,0.0
04013617600,0.0
04013617700,0.0
04013617800,0.0
04013617900,0.0
04013618000,0.0
04013618100,0.0
04013618200,0.0
04013618300,0.0
04013618400,0.0
04013618500,0.0
04013618600,0.0
04013618700,0.0
04013618800,0.0
04013618900,0.0
04013619000,0.0
04013619100,0.0
04013619200,0.0
04013619300,0.0
04013619400,0.0
04013619500,0.0
04013619601,0.0
04013619602,0.0
04013619700,0.0
04013619800,0.0
04013619900,0.0
04013723304,0.0
04013723305,0.0
04013723306,0.0
04013723307,0.0
04013723309,0.0
04013723310,0.0
04013723311,0.0
04013810000,0.0
04013810100,0.0
04013810200,0.0
04013810300,0.0
04013810400,0.0
04013810500,0.0
04013810600,0.0
04013810700,0.0
04013810800,0.0
04013810900,0.0
04013811000,0.0
04013811100,0.0
04013811200,0.0
04013811300,0.0
04013811400,0.0
04013811500,0.0
04013811600,0.0
04013811700,0.0
04013811800,0.0
04013811900,0.0
04013812000,0.0
04013812100,0.0
04013812200,0.0
04013812300,0.0
04013812400,0.0
04013812500,0.0
04013812600,0.0
04013812700,0.0
04013812801,0.0
04013812802,0.0
04013812900,0.0
04013813000,0.0
04013813100,0.0
04013813200,0.0
04013813300,0.0
04013813400,0.0
04013813500,0.0
04013813600,0.0
04013813700,0.0
04013813800,0.0
04013813900,0.0
04013814000,0.0
04013814100,0.0
04013814200,0.0
04013814300,0.0
04013814400,0.0
04013814500,0.0
04013814600,0.0
04013814700,0.0
04013814801,0.0
04013814802,0.0
04013814900,0.0
04013815000,0.0
04013815100,0.0
04013815201,0.0
04013815202,0.0
04013815203,0.0
04013815300,0.0
04013815401,0.0
04013815402,0.0
04013815501,0.0
04013815502,0.0
04013815601,0.0
04013815602,0.0
04013815700,0.0
04013815800,0.0
04013815901,0.0
04013815902,0.0
04013816001,0.0
04013816002,0.0
04013816003,0.0
04013816004,0.0
04013816005,0.0
04013816100,0.0
04013816200,0.0
04013816301,0.0
04013816302,0.0
04013816401,0.0
04013816402,0.0
04013816501,0.0
04013816502,0.0
04013816600,0.0
04013816700,0.0
04013816800,0.0
04013816901,0.0
04013816902,0.0
04013816903,0.0
04013816904,0.0
04013817000,0.0
04013817101,0.0
04013817102,0.0
04013817103,0.0
04013817200,0.0
04013817300,0.0
04013817400,0.0
04013817500,0.0
04013817600,0.0
04013940700,0.0
04013941000,0.0
04013941100,0.0
04013941200,0.0
04013941300,0.0
04013980100,0.0
04013980400,0.0
04013980500,0.0
04013980700,0.0
04013980900,0.0
04013981000,0.0
04015954801,0.0
04015954802,0.0
04017940014,0.0
04017940015,0.0
04017940100,0.0
04017940301,0.0
04017940302,0.0
04017960100,0.0
04017960200,0.0
04017960400,0.0
04017960500,0.0
04017960600,0.0
04017961300,0.0
04017961701,0.0
04017961702,0.0
04017962501,0.0
04017962502,0.0
04017963300,0.0
04017963400,0.0
04017963700,0.0
04017963800,0.0
04017964201,0.0
04017964202,0.0
04017964801,0.0
04017964802,0.0
04017964901,0.0
04017964902,0.0
04017965201,0.0
04017965202,0.0
04017965301,0.0
04017965302,0.0
04019000100,0.0
04019000200,0.0
04019000300,0.0
04019000401,0.0
04019000402,0.0
04019000501,0.0
04019000502,0.0
04019000600,0.0
04019000700,0.0
04019000800,0.0
04019001100,0.0
04019001200,0.0
04019001302,0.0
04019001303,0.0
04019001304,0.0
04019001400,0.0
04019001500,0.0
04019001600,0.0
04019001700,0.0
04019001801,0.0
04019001802,0.0
04019001900,0.0
04019002000,0.0
04019002100,0.0
04019002201,0.0
04019002202,0.0
04019002300,0.0
04019002400,0.0
04019002503,0.0
04019002504,0.0
04019002505,0.0
04019002507,0.0
04019002508,0.0
04019002509,0.0
04019002602,0.0
04019002603,0.0
04019002604,0.0
04019002702,0.0
04019002703,0.0
04019002704,0.0
04019002801,0.0
04019002802,0.0
04019002803,0.0
04019002901,0.0
04019002904,0.0
04019002905,0.0
04019002906,0.0
04019003002,0.0
04019003003,0.0
04019003004,0.0
04019003102,0.0
04019003103,0.0
04019003104,0.0
04019003201,0.0
04019003202,0.0
04019003302,0.0
04019003303,0.0
04019003304,0.0
04019003400,0.0
04019003502,0.0
04019003503,0.0
04019003504,0.0
04019003505,0.0
04019003506,0.0
04019003601,0.0
04019003702,0.0
04019003704,0.0
04019003705,0.0
04019003706,0.0
04019003707,0.0
04019003801,0.0
04019003802,0.0
04019003901,0.0
04019003902,0.0
04019003903,0.0
04019004008,0.0
04019004010,0.0
04019004026,0.0
04019004029,0.0
04019004030,0.0
04019004031,0.0
04019004032,0.0
04019004033,0.0
04019004034,0.0
04019004035,0.0
04019004036,0.0
04019004037,0.0
04019004038,0.0
04019004039,0.0
04019004042,0.0
04019004043,0.0
04019004044,0.0
04019004046,0.0
04019004047,0.0
04019004048,0.0
04019004049,0.0
04019004050,0.0
04019004051,0.0
04019004052,0.0
04019004053,0.0
04019004054,0.0
04019004055,0.0
04019004056,0.0
04019004057,0.0
04019004058,0.0
04019004061,0.0
04019004062,0.0
04019004063,0.0
04019004065,0.0
04019004066,0.0
04019004067,0.0
04019004068,0.0
04019004069,0.0
04019004070,0.0
04019004071,0.0
04019004072,0.0
04019004073,0.0
04019004074,0.0
04019004075,0.0
04019004076,0.0
04019004077,0.0
04019004078,0.0
04019004079,0.0
04019004080,0.0
04019004081,0.0
04019004082,0.0
04019004109,0.0
04019004110,0.0
04019004112,0.0
04019004114,0.0
04019004115,0.0
04019004116,0.0
04019004117,0.0
04019004118,0.0
04019004122,0.0
04019004126,0.0
04019004127,0.0
04019004128,0.0
04019004129,0.0
04019004130,0.0
04019004131,0.0
04019004132,0.0
04019004133,0.0
04019004307,0.0
04019004310,0.0
04019004311,0.0
04019004312,0.0
04019004313,0.0
04019004316,0.0
04019004317,0.0
04019004320,0.0
04019004321,0.0
04019004322,0.0
04019004323,0.0
04019004324,0.0
04019004325,0.0
04019004326,0.0
04019004327,0.0
04019004328,0.0
04019004330,0.0
04019004332,0.0
04019004333,0.0
04019004335,0.0
04019004336,0.0
04019004337,0.0
04019004338,0.0
04019004339,0.0
04019004340,0.0
04019004404,0.0
04019004407,0.0
04019004412,0.0
04019004413,0.0
04019004414,0.0
04019004415,0.0
04019004418,0.0
04019004419,0.0
04019004422,0.0
04019004423,0.0
04019004424,0.0
04019004425,0.0
04019004426,0.0
04019004428,0.0
04019004430,0.0
04019004431,0.0
04019004432,0.0
04019004433,0.0
04019004434,0.0
04019004435,0.0
04019004436,0.0
04019004437,0.0
04019004438,0.0
04019004439,0.0
04019004440,0.0
04019004505,0.0
04019004506,0.0
04019004508,0.0
04019004510,0.0
04019004511,0.0
04019004512,0.0
04019004513,0.0
04019004514,0.0
04019004515,0.0
04019004610,0.0
04019004613,0.0
04019004614,0.0
04019004615,0.0
04019004616,0.0
04019004617,0.0
04019004618,0.0
04019004619,0.0
04019004620,0.0
04019004621,0.0
04019004622,0.0
04019004623,0.0
04019004624,0.0
04019004625,0.0
04019004626,0.0
04019004627,0.0
04019004628,0.0
04019004630,0.0
04019004631,0.0
04019004632,0.0
04019004633,0.0
04019004634,0.0
04019004635,0.0
04019004636,0.0
04019004639,0.0
04019004640,0.0
04019004641,0.0
04019004642,0.0
04019004643,0.0
04019004644,0.0
04019004645,0.0
04019004646,0.0
04019004647,0.0
04019004648,0.0
04019004649,0.0
04019004650,0.0
04019004710,0.0
04019004711,0.0
04019004712,0.0
04019004713,0.0
04019004714,0.0
04019004715,0.0
04019004717,0.0
04019004718,0.0
04019004720,0.0
04019004721,0.0
04019004722,0.0
04019004723,0.0
04019004724,0.0
04019004725,0.0
04019004726,0.0
04019004727,0.0
04019004728,0.0
04019004729,0.0
04019004730,0.0
04019005200,0.0
04019005300,0.0
04019005400,0.0
04019940800,0.0
04019940900,0.0
04019941000,0.0
04019941100,0.0
04019980001,0.0
04019980002,0.0
04019980100,0.0
04019980200,0.0
04019980300,0.0
04019980400,0.0
04021000201,0.0
04021000204,0.0
04021000206,0.0
04021000208,0.0
04021000211,0.0
04021000212,0.0
04021000215,0.0
04021000216,0.0
04021000217,0.0
04021000218,0.0
04021000219,0.0
04021000220,0.0
04021000221,0.0
04021000222,0.0
04021000223,0.0
04021000224,0.0
04021000225,0.0
04021000226,0.0
04021000227,0.0
04021000228,0.0
04021000229,0.0
04021000307,0.0
04021000309,0.0
04021000310,0.0
04021000311,0.0
04021000312,0.0
04021000313,0.0
04021000315,0.0
04021000316,0.0
04021000317,0.0
04021000319,0.0
04021000320,0.0
04021000321,0.0
04021000322,0.0
04021000323,0.0
04021000324,0.0
04021000325,0.0
04021000400,0.0
04021000603,0.0
04021000604,0.0
04021000700,0.0
04021000802,0.0
04021000804,0.0
04021000805,0.0
04021000806,0.0
04021000807,0.0
04021000808,0.0
04021000902,0.0
04021000903,0.0
04021000904,0.0
04021001000,0.0
04021001100,0.0
04021001200,0.0
04021001303,0.0
04021001305,0.0
04021001306,0.0
04021001307,0.0
04021001308,0.0
04021001309,0.0
04021001310,0.0
04021001403,0.0
04021001404,0.0
04021001405,0.0
04021001406,0.0
04021001407,0.0
04021001408,0.0
04021001500,0.0
04021001600,0.0
04021001701,0.0
04021001704,0.0
04021001705,0.0
04021001706,0.0
04021001707,0.0
04021001709,0.0
04021001712,0.0
04021001713,0.0
04021001714,0.0
04021001715,0.0
04021001716,0.0
04021001717,0.0
04021001900,0.0
04021002001,0.0
04021002004,0.0
04021002005,0.0
04021002104,0.0
04021002105,0.0
04021002106,0.0
04021002107,0.0
04021002200,0.0
04021002300,0.0
04021002400,0.0
04021941200,0.0
04021941300,0.0
04021941401,0.0
04021941402,0.0
04023966000,0.0
04023966101,0.0
04023966103,0.0
04023966106,0.0
04023966107,0.0
04023966108,0.0
04023966109,0.0
04023966110,0.0
04023966111,0.0
04023966200,0.0
04023966301,0.0
04023966302,0.0
04023966401,0.0
04023966402,0.0
04025000205,0.0
04025000206,0.0
04025000207,0.0
04025000208,0.0
04025000209,0.0
04025000210,0.0
04025000211,0.0
04025000301,0.0
04025000302,0.0
04025000403,0.0
04025000404,0.0
04025000405,0.0
04025000406,0.0
04025000407,0.0
04025000501,0.0
04025000502,0.0
04025000604,0.0
04025000608,0.0
04025000609,0.0
04025000611,0.0
04025000612,0.0
04025000613,0.0
04025000614,0.0
04025000615,0.0
04025000616,0.0
04025000617,0.0
04025000618,0.0
04025000619,0.0
04025000701,0.0
04025000702,0.0
04025000802,0.0
04025000803,0.0
04025000804,0.0
04025000901,0.0
04025000902,0.0
04025001002,0.0
04025001003,0.0
04025001004,0.0
04025001103,0.0
04025001104,0.0
04025001105,0.0
04025001106,0.0
04025001201,0.0
04025001202,0.0
04025001300,0.0
04025001401,0.0
04025001402,0.0
04025001403,0.0
04025001501,0.0
04025001502,0.0
04025001601,0.0
04025001602,0.0
04025001604,0.0
04025001605,0.0
04025001701,0.0
04025001703,0.0
04025001704,0.0
04025001705,0.0
04025001801,0.0
04025001803,0.0
04025001804,0.0
04025001901,0.0
04025001902,0.0
04025001903,0.0
04025001904,0.0
04025002001,0.0
04025002002,0.0
04025002003,0.0
04025002005,0.0
04025002006,0.0
04025002007,0.0
04025002100,0.0
04027012100,0.0
04027980003,0.0
04027980004,0.0
35023970000,0.0
06007000102,0.0
06007000103,0.0
06007000104,0.0
06007000201,0.0
06007000202,0.0
06007000300,0.0
06007000401,0.0
06007000403,0.0
06007000404,0.0
06007000501,0.0
06007000502,0.0
06007000601,0.0
06007000603,0.0
06007000604,0.0
06007000700,0.0
06007000800,0.0
06007000901,0.0
06007000903,0.0
06007000904,0.0
06007001000,0.0
06007001100,0.0
06007001200,0.0
06007001300,0.0
06007001400,0.0
06007001500,0.0
06007001601,0.0
06007001602,0.0
06007001702,0.0
06007001703,0.0
06007001704,0.0
06007001800,0.0
06007001900,0.0
06007002000,0.0
06007002100,0.0
06007002200,0.0
06007002300,0.0
06007002401,0.0
06007002402,0.0
06007002500,0.0
06007002601,0.0
06007002602,0.0
06007002700,0.0
06007002800,0.0
06007002900,0.0
06007003001,0.0
06007003002,0.0
06007003100,0.0
06007003200,0.0
06007003300,0.0
06007003400,0.0
06007003501,0.0
06007003502,0.0
06007003600,0.0
06007003700,0.0
06011000100,0.0
06011000200,0.0
06011000301,0.0
06011000302,0.0
06011000400,0.0
06011000500,0.0
06015000202,0.0
06017030601,0.0
06017030603,0.0
06017030604,0.0
06017030605,0.0
06017030606,0.0
06017030701,0.0
06017030706,0.0
06017030709,0.0
06017030710,0.0
06017030801,0.0
06017030901,0.0
06017030902,0.0
06017031000,0.0
06017031100,0.0
06017031700,0.0
06021010101,0.0
06021010102,0.0
06021010200,0.0
06021010300,0.0
06021010401,0.0
06021010402,0.0
06021010501,0.0
06021010502,0.0
06023001200,0.0
06023010102,0.0
06023010902,0.0
06023011600,0.0
06023940000,0.0
06033000100,0.0
06033000300,0.0
06033000401,0.0
06033000402,0.0
06033000501,0.0
06033000502,0.0
06033000601,0.0
06033000602,0.0
06033000702,0.0
06033000703,0.0
06033000704,0.0
06033000801,0.0
06033000802,0.0
06033000901,0.0
06033000902,0.0
06033001000,0.0
06033001101,0.0
06033001102,0.0
06033001200,0.0
06033001301,0.0
06033001302,0.0
06035040100,0.0
06035040200,0.0
06035040302,0.0
06035040303,0.0
06035040304,0.0
06035040305,0.0
06035040400,0.0
06035040500,0.0
06035040600,0.0
06045010100,0.0
06045010200,0.0
06045010601,0.0
06045010602,0.0
06045010801,0.0
06045010802,0.0
06045011700,0.0
06045011800,0.0
06049000100,0.0
06049000200,0.0
06049000300,0.0
06055201800,0.0
06057000102,0.0
06057000104,0.0
06057000105,0.0
06057000106,0.0
06057000107,0.0
06057000200,0.0
06057000300,0.0
06057000401,0.0
06057000403,0.0
06057000404,0.0
06057000502,0.0
06057000503,0.0
06057000504,0.0
06057000601,0.0
06057000602,0.0
06057000701,0.0
06057000702,0.0
06057000801,0.0
06057000802,0.0
06057000900,0.0
06061020200,0.0
06061020300,0.0
06061020401,0.0
06061020402,0.0
06061020501,0.0
06061020502,0.0
06061020601,0.0
06061020604,0.0
06061020605,0.0
06061020606,0.0
06061020607,0.0
06061020608,0.0
06061020710,0.0
06061020711,0.0
06061020712,0.0
06061020713,0.0
06061020714,0.0
06061020715,0.0
06061020717,0.0
06061020805,0.0
06061020806,0.0
06061020901,0.0
06061020908,0.0
06061021003,0.0
06061021034,0.0
06061021037,0.0
06061021038,0.0
06061021039,0.0
06061021040,0.0
06061021043,0.0
06061021044,0.0
06061021045,0.0
06061021046,0.0
06061021047,0.0
06061021048,0.0
06061021103,0.0
06061021106,0.0
06061021108,0.0
06061021109,0.0
06061021122,0.0
06061021123,0.0
06061021128,0.0
06061021129,0.0
06061021130,0.0
06061021131,0.0
06061021203,0.0
06061021204,0.0
06061021304,0.0
06061021323,0.0
06061021324,0.0
06061021325,0.0
06061021326,0.0
06061021327,0.0
06061021328,0.0
06061021401,0.0
06061021403,0.0
06061021501,0.0
06061021502,0.0
06061021603,0.0
06061021604,0.0
06061021801,0.0
06061021802,0.0
06061021901,0.0
06061021902,0.0
06061022002,0.0
06061022013,0.0
06061022014,0.0
06061022400,0.0
06061022500,0.0
06061022600,0.0
06061022800,0.0
06061022900,0.0
06061023000,0.0
06061023100,0.0
06061023200,0.0
06061023300,0.0
06061023400,0.0
06061023501,0.0
06061023502,0.0
06061023600,0.0
06061023700,0.0
06061023800,0.0
06061023900,0.0
06063000100,0.0
06063000201,0.0
06063000202,0.0
06063000300,0.0
06063000400,0.0
06063000501,0.0
06063000502,0.0
06067000100,0.0
06067000200,0.0
06067000300,0.0
06067000400,0.0
06067000501,0.0
06067000502,0.0
06067000600,0.0
06067000700,0.0
06067000800,0.0
06067001102,0.0
06067001103,0.0
06067001201,0.0
06067001202,0.0
06067001300,0.0
06067001400,0.0
06067001500,0.0
06067001601,0.0
06067001602,0.0
06067001702,0.0
06067001800,0.0
06067001900,0.0
06067002000,0.0
06067002100,0.0
06067002200,0.0
06067002300,0.0
06067002400,0.0
06067002500,0.0
06067002600,0.0
06067002700,0.0
06067005301,0.0
06067005402,0.0
06067005403,0.0
06067005404,0.0
06067005502,0.0
06067005505,0.0
06067005506,0.0
06067005508,0.0
06067005509,0.0
06067005510,0.0
06067005601,0.0
06067005605,0.0
06067005606,0.0
06067005701,0.0
06067005702,0.0
06067005801,0.0
06067005803,0.0
06067005901,0.0
06067005903,0.0
06067005904,0.0
06067006002,0.0
06067006003,0.0
06067006004,0.0
06067006101,0.0
06067006102,0.0
06067006202,0.0
06067006203,0.0
06067006204,0.0
06067006300,0.0
06067006400,0.0
06067006501,0.0
06067006502,0.0
06067006600,0.0
06067006703,0.0
06067006704,0.0
06067006705,0.0
06067006706,0.0
06067006801,0.0
06067006802,0.0
06067006803,0.0
06067006901,0.0
06067006902,0.0
06067007001,0.0
06067007007,0.0
06067007010,0.0
06067007011,0.0
06067007012,0.0
06067007013,0.0
06067007016,0.0
06067007017,0.0
06067007019,0.0
06067007020,0.0
06067007021,0.0
06067007022,0.0
06067007023,0.0
06067007024,0.0
06067007025,0.0
06067007026,0.0
06067007027,0.0
06067007028,0.0
06067007101,0.0
06067007103,0.0
06067007105,0.0
06067007106,0.0
06067007107,0.0
06067007108,0.0
06067007109,0.0
06067007110,0.0
06067007111,0.0
06067007202,0.0
06067007204,0.0
06067007206,0.0
06067007207,0.0
06067007208,0.0
06067007209,0.0
06067007301,0.0
06067007402,0.0
06067007403,0.0
06067007413,0.0
06067007414,0.0
06067007415,0.0
06067007416,0.0
06067007417,0.0
06067007422,0.0
06067007423,0.0
06067007424,0.0
06067007426,0.0
06067007427,0.0
06067007428,0.0
06067007429,0.0
06067007430,0.0
06067007431,0.0
06067007432,0.0
06067007434,0.0
06067007435,0.0
06067007436,0.0
06067007437,0.0
06067007438,0.0
06067007439,0.0
06067007501,0.0
06067007503,0.0
06067007504,0.0
06067007602,0.0
06067007603,0.0
06067007604,0.0
06067007701,0.0
06067007702,0.0
06067007801,0.0
06067007802,0.0
06067007903,0.0
06067007904,0.0
06067007905,0.0
06067007906,0.0
06067008005,0.0
06067008006,0.0
06067008007,0.0
06067008008,0.0
06067008009,0.0
06067008010,0.0
06067008111,0.0
06067008113,0.0
06067008117,0.0
06067008119,0.0
06067008120,0.0
06067008122,0.0
06067008124,0.0
06067008125,0.0
06067008127,0.0
06067008128,0.0
06067008129,0.0
06067008130,0.0
06067008131,0.0
06067008132,0.0
06067008133,0.0
06067008134,0.0
06067008135,0.0
06067008136,0.0
06067008137,0.0
06067008138,0.0
06067008139,0.0
06067008140,0.0
06067008141,0.0
06067008142,0.0
06067008143,0.0
06067008144,0.0
06067008145,0.0
06067008203,0.0
06067008204,0.0
06067008206,0.0
06067008207,0.0
06067008208,0.0
06067008209,0.0
06067008210,0.0
06067008211,0.0
06067008402,0.0
06067008403,0.0
06067008404,0.0
06067008501,0.0
06067008504,0.0
06067008505,0.0
06067008506,0.0
06067008507,0.0
06067008508,0.0
06067008509,0.0
06067008510,0.0
06067008512,0.0
06067008702,0.0
06067008703,0.0
06067008909,0.0
06067008912,0.0
06067008913,0.0
06067988300,0.0
06089010100,0.0
06089010200,0.0
06089010300,0.0
06089010400,0.0
06089010500,0.0
06089010601,0.0
06089010602,0.0
06089010603,0.0
06089010702,0.0
06089010703,0.0
06089010704,0.0
06089010803,0.0
06089010804,0.0
06089010805,0.0
06089010806,0.0
06089010807,0.0
06089010900,0.0
06089011001,0.0
06089011002,0.0
06089011100,0.0
06089011209,0.0
06089011300,0.0
06089011401,0.0
06089011402,0.0
06089011403,0.0
06089011501,0.0
06089011502,0.0
06089011600,0.0
06089011701,0.0
06089011702,0.0
06089011703,0.0
06089011801,0.0
06089011802,0.0
06089011803,0.0
06089011900,0.0
06089012000,0.0
06089012101,0.0
06089012102,0.0
06089012200,0.0
06089012301,0.0
06089012302,0.0
06089012303,0.0
06089012400,0.0
06089012500,0.0
06089012603,0.0
06089012604,0.0
06089012605,0.0
06089012606,0.0
06089012701,0.0
06089012702,0.0
06091010000,0.0
06093000300,0.0
06093000701,0.0
06093000800,0.0
06093000901,0.0
06093000902,0.0
06093001001,0.0
06093001002,0.0
06093001003,0.0
06093001100,0.0
06093001200,0.0
06093001300,0.0
06097154100,0.0
06101050101,0.0
06101050102,0.0
06101050201,0.0
06101050202,0.0
06101050301,0.0
06101050302,0.0
06101050401,0.0
06101050402,0.0
06101050403,0.0
06101050501,0.0
06101050503,0.0
06101050504,0.0
06101050601,0.0
06101050603,0.0
06101050604,0.0
06101050701,0.0
06101050702,0.0
06101050800,0.0
06101050900,0.0
06101051000,0.0
06101051100,0.0
06103000100,0.0
06103000201,0.0
06103000202,0.0
06103000300,0.0
06103000400,0.0
06103000500,0.0
06103000600,0.0
06103000701,0.0
06103000702,0.0
06103000800,0.0
06103000900,0.0
06103001000,0.0
06103001101,0.0
06103001102,0.0
06105000101,0.0
06105000102,0.0
06105000200,0.0
06105000500,0.0
06113010102,0.0
06113010103,0.0
06113010104,0.0
06113010105,0.0
06113010201,0.0
06113010203,0.0
06113010204,0.0
06113010313,0.0
06113010315,0.0
06113010401,0.0
06113010505,0.0
06113010800,0.0
06113010901,0.0
06113010902,0.0
06113011001,0.0
06113011002,0.0
06113011101,0.0
06113011102,0.0
06113011103,0.0
06113011203,0.0
06113011204,0.0
06113011207,0.0
06113011208,0.0
06113011209,0.0
06113011210,0.0
06113011211,0.0
06113011400,0.0
06113011500,0.0
06115040100,0.0
06115040201,0.0
06115040202,0.0
06115040301,0.0
06115040302,0.0
06115040304,0.0
06115040305,0.0
06115040400,0.0
06115040500,0.0
06115040600,0.0
06115040701,0.0
06115040702,0.0
06115040800,0.0
06115040901,0.0
06115040902,0.0
06115041001,0.0
06115041002,0.0
06115041101,0.0
06115041102,0.0
48001950100,0.017247
48001950401,0.037859
48001950402,0.165183
48001950500,0.118225
48001950600,0.126639
48001950700,0.127619
48001950800,0.118266
48001950901,0.060069
48001950902,0.04374
48001951001,0.028177
48001951002,0.153561
48001951100,0.11584
48005000102,0.087966
48005000104,0.101424
48007950101,0.280055
48007950102,0.173204
48007950103,0.074145
48007950200,0.307574
48007950301,0.086568
48007950302,0.140996
48007950400,0.209567
48007950501,0.080836
48007950502,0.185486
48007950503,0.188228
48009020200,0.092903
48009020300,0.132415
48013960101,0.040674
48013960102,0.144623
48013960203,0.076057
48013960204,0.009692
48013960205,0.08442
48013960206,0.063066
48013960300,0.118633
48013960401,0.412741
48013960403,0.207985
48013960404,0.272989
48013960500,0.033572
48013960601,0.126202
48013960602,0.030392
48015760100,0.00504
48015760201,0.057503
48015760202,0.080813
48015760301,0.018101
48015760302,0.050842
48015760400,0.033144
48015760501,0.041946
48015760502,0.082537
48019000101,0.119924
48019000103,0.13436
48019000104,0.176977
48019000200,0.1169
48019000301,0.084064
48019000302,0.101119
48019000400,0.056693
48021950101,0.017964
48021950102,0.087117
48021950201,0.09763
48021950202,0.106389
48021950301,0.037657
48021950302,0.009339
48021950303,0.03006
48021950401,0.079409
48021950402,0.115614
48021950403,0.084507
48021950503,0.066291
48021950504,0.033717
48021950505,0.020923
48021950506,0.055773
48021950601,0.020302
48021950602,0.025324
48021950700,0.072253
48021950803,0.045593
48021950804,0.006034
48021950805,0.167113
48021950806,0.171805
48023950301,0.074276
48023950302,0.221638
48025950100,0.014983
48025950201,0.165269
48025950203,0.061741
48025950204,0.127654
48025950300,0.033552
48025950400,0.155536
48025950501,0.21247
48025950502,0.186845
48025950600,0.153338
48027020101,0.130724
48027020102,0.0154
48027020201,0.075198
48027020203,0.163835
48027020204,0.117017
48027020301,0.106514
48027020302,0.071343
48027020401,0.02235
48027020402,0.051339
48027020500,0.131851
48027020600,0.101935
48027020701,0.108039
48027020702,0.015505
48027020800,0.08841
48027020900,0.120442
48027021000,0.061467
48027021101,0.10257
48027021102,0.009482
48027021201,0.102926
48027021202,0.046032
48027021203,0.089771
48027021301,0.044559
48027021302,0.076217
48027021304,0.053231
48027021305,0.015523
48027021400,0.062323
48027021501,0.014921
48027021502,0.051853
48027021601,0.079739
48027021602,0.149531
48027021701,0.035371
48027021702,0.149433
48027021801,0.136142
48027021802,0.045859
48027021901,0.104835
48027021905,0.054233
48027021906,0.004571
48027021907,0.016937
48027021908,0.027166
48027022001,0.118698
48027022002,0.009798
48027022101,0.007278
48027022103,0.016193
48027022104,0.028767
48027022105,0.019413
48027022200,0.019041
48027022300,0.048557
48027022401,0.047975
48027022402,0.004704
48027022403,0.008672
48027022405,0.084904
48027022406,0.075747
48027022407,0.001786
48027022501,0.132541
48027022503,0.017234
48027022504,0.005268
48027022600,0.149605
48027022801,0.004783
48027022900,0.169178
48027023001,0.016785
48027023002,0.012197
48027023103,0.144212
48027023104,0.077298
48027023109,0.035788
48027023110,0.028539
48027023111,0.058785
48027023112,0.03705
48027023113,0.011262
48027023114,0.003941
48027023115,0.013471
48027023116,0.048784
48027023117,0.091579
48027023118,0.141892
48027023201,0.108435
48027023202,0.047618
48027023203,0.125918
48027023204,0.029617
48027023301,0.043166
48027023302,0.071441
48027023402,0.009196
48027023404,0.018627
48027023405,0.017197
48027023406,0.019826
48027023500,0.193437
48027980001,0.163346
48027980002,0.334272
48027980003,0.046694
48029110100,0.047282
48029110300,0.013395
48029110500,0.007816
48029110600,0.024115
48029110700,0.051746
48029111000,0.020798
48029111100,0.019211
48029120100,0.020532
48029120301,0.091587
48029120302,0.026489
48029120401,0.03467
48029120402,0.112528
48029120502,0.10354
48029120503,0.007471
48029120504,0.032758
48029120601,0.066665
48029120602,0.137504
48029120701,0.024108
48029120702,0.1214
48029120800,0.007685
48029120901,0.01947
48029120902,0.035122
48029121000,0.017772
48029121110,0.022579
48029121111,0.036553
48029121112,0.066285
48029121115,0.016822
48029121116,0.030812
48029121117,0.016852
48029121118,0.028225
48029121119,0.01032
48029121120,0.019054
48029121121,0.008378
48029121122,0.021393
48029121123,0.041119
48029121124,0.021356
48029121203,0.098709
48029121204,0.033309
48029121205,0.03706
48029121206,0.015635
48029121300,0.004284
48029121402,0.010492
48029121403,0.005638
48029121404,0.047522
48029121501,0.030074
48029121504,0.017203
48029121505,0.03841
48029121506,0.035033
48029121507,0.007391
48029121508,0.008661
48029121601,0.075875
48029121604,0.018299
48029121605,0.006576
48029121606,0.024633
48029121701,0.23333
48029121702,0.02772
48029121802,0.029005
48029121803,0.013771
48029121804,0.012742
48029121808,0.005983
48029121809,0.014416
48029121810,0.025869
48029121811,0.003022
48029121812,0.012543
48029121813,0.050992
48029121903,0.004983
48029121904,0.034666
48029121905,0.09001
48029121906,0.010649
48029121908,0.037266
48029121909,0.012042
48029121910,0.00887
48029121911,0.009477
48029121912,0.023729
48029130200,0.031386
48029130300,0.008134
48029130401,0.068551
48029130402,0.06966
48029130500,0.021237
48029130600,0.006851
48029130700,0.011573
48029130800,0.028303
48029130900,0.024551
48029131000,0.045775
48029131100,0.005644
48029131200,0.19264
48029131300,0.131501
48029131401,0.114193
48029131402,0.100439
48029131503,0.025444
48029131504,0.049403
48029131505,0.008549
48029131506,0.033286
48029131507,0.012874
48029131601,0.099631
48029131606,0.097696
48029131608,0.034864
48029131609,0.025512
48029131610,0.049849
48029131612,0.03725
48029131614,0.012404
48029131615,0.025523
48029131616,0.163949
48029131700,0.055073
48029131801,0.041296
48029131802,0.070256
48029140100,0.046778
48029140200,0.059705
48029140300,0.059099
48029140400,0.023759
48029140500,0.019664
48029140600,0.022121
48029140700,0.00736
48029140800,0.009976
48029140900,0.039297
48029141000,0.02644
48029141101,0.020957
48029141102,0.046016
48029141200,0.006336
48029141300,0.048958
48029141402,0.128182
48029141403,0.104037
48029141404,0.007985
48029141600,0.089109
48029141700,0.057153
48029141800,0.113261
48029141900,0.2113
48029150100,0.05583
48029150300,0.012798
48029150400,0.052318
48029150501,0.039856
48029150502,0.002861
48029150600,0.037901
48029150700,0.011384
48029150800,0.280581
48029150900,0.039031
48029151000,0.044988
48029151100,0.044917
48029151200,0.034145
48029151301,0.024567
48029151302,0.092484
48029151400,0.071499
48029151500,0.112304
48029151600,0.011313
48029151700,0.071131
48029151900,0.078063
48029152000,0.043705
48029152100,0.267106
48029152201,0.04829
48029152202,0.08411
48029160100,0.02668
48029160200,0.05532
48029160300,0.131231
48029160400,0.006733
48029160501,0.008794
48029160502,0.069098
48029160600,0.004397
48029160701,0.029269
48029160702,0.005824
48029160901,0.124744
48029160902,0.015983
48029161000,0.113373
48029161100,0.035661
48029161200,0.04809
48029161302,0.055896
48029161303,0.014521
48029161304,0.010974
48029161400,0.196052
48029161501,0.048911
48029161503,0.125712
48029161504,0.003369
48029161600,0.016628
48029161801,0.060795
48029161802,0.070472
48029161901,0.064567
48029161902,0.062851
48029162001,0.136354
48029162003,0.171246
48029162004,0.093141
48029170101,0.213847
48029170102,0.007295
48029170200,0.007356
48029170300,0.013441
48029170401,0.025952
48029170402,0.008647
48029170500,0.189101
48029170600,0.017253
48029170700,0.006518
48029170800,0.005376
48029170900,0.008064
48029171000,0.006947
48029171100,0.005805
48029171200,0.027238
48029171301,0.006531
48029171302,0.00938
48029171401,0.002616
48029171402,0.046655
48029171501,0.006554
48029171502,0.004733
48029171601,0.008034
48029171602,0.042696
48029171700,0.020184
48029171801,0.01909
48029171802,0.020046
48029171903,0.029149
48029171912,0.011069
48029171913,0.145318
48029171914,0.010958
48029171915,0.025361
48029171916,0.017079
48029171917,0.012722
48029171918,0.006666
48029171919,0.025136
48029171920,0.003826
48029171921,0.071517
48029171922,0.008944
48029171923,0.074724
48029171924,0.009215
48029171926,0.016257
48029171927,0.014818
48029171928,0.006081
48029171929,0.004642
48029172002,0.099974
48029172003,0.039655
48029172004,0.006701
48029172005,0.011679
48029172006,0.011714
48029172008,0.013294
48029172009,0.034863
48029180101,0.005671
48029180102,0.005986
48029180201,0.032876
48029180202,0.008368
48029180300,0.061301
48029180400,0.241209
48029180501,0.130282
48029180503,0.009008
48029180504,0.007775
48029180602,0.023399
48029180603,0.028481
48029180604,0.097127
48029180701,0.047979
48029180702,0.008797
48029180800,0.034292
48029180901,0.027212
48029180902,0.025264
48029181001,0.030399
48029181003,0.132062
48029181004,0.098842
48029181005,0.03785
48029181100,0.011077
48029181200,0.009945
48029181301,0.051272
48029181302,0.06448
48029181303,0.114278
48029181402,0.062403
48029181403,0.288633
48029181404,0.108692
48029181503,0.024192
48029181504,0.016907
48029181505,0.010928
48029181506,0.03585
48029181601,0.034356
48029181602,0.014948
48029181703,0.026751
48029181704,0.08327
48029181705,0.058315
48029181711,0.006951
48029181712,0.041676
48029181713,0.007037
48029181715,0.00438
48029181716,0.035649
48029181718,0.005869
48029181720,0.031298
48029181721,0.035058
48029181722,0.004054
48029181723,0.008952
48029181724,0.125267
48029181725,0.053175
48029181726,0.00775
48029181727,0.01283
48029181729,0.005305
48029181730,0.017735
48029181731,0.003958
48029181732,0.024038
48029181733,0.002189
48029181808,0.008338
48029181809,0.015507
48029181811,0.100523
48029181813,0.015233
48029181814,0.016824
48029181815,0.101488
48029181816,0.00781
48029181817,0.007712
48029181818,0.005913
48029181819,0.011176
48029181820,0.016836
48029181821,0.026779
48029181822,0.03332
48029181823,0.032347
48029181824,0.002045
48029181825,0.038072
48029181826,0.008879
48029181901,0.019693
48029181902,0.013213
48029182001,0.031666
48029182002,0.111277
48029182003,0.013671
48029182101,0.056078
48029182102,0.033524
48029182103,0.137642
48029182105,0.034843
48029182106,0.079554
48029190100,0.039992
48029190200,0.008899
48029190400,0.010152
48029190501,0.034715
48029190503,0.010736
48029190504,0.077024
48029190601,0.073175
48029190603,0.008611
48029190604,0.02661
48029190700,0.013403
48029190800,0.035112
48029190901,0.013589
48029190902,0.057358
48029191003,0.00486
48029191004,0.008943
48029191005,0.055055
48029191006,0.010847
48029191101,0.016131
48029191102,0.014438
48029191201,0.003548
48029191202,0.014267
48029191303,0.013128
48029191304,0.012077
48029191405,0.005793
48029191406,0.033715
48029191408,0.021711
48029191409,0.025019
48029191410,0.051601
48029191411,0.010041
48029191412,0.005988
48029191413,0.015422
48029191503,0.017033
48029191504,0.052668
48029191505,0.016495
48029191506,0.035513
48029191701,0.178717
48029191702,0.016378
48029191804,0.006434
48029191806,0.01479
48029191807,0.011321
48029191808,0.030868
48029191809,0.054567
48029191810,0.0134
48029191811,0.010048
48029191812,0.007737
48029191813,0.011664
48029191814,0.013927
48029191815,0.045167
48029191816,0.052439
48029191818,0.022759
48029191819,0.006695
48029191900,0.050939
48029192000,0.044634
48029192100,0.034239
48029192200,0.153055
48029192300,0.022898
48029980001,0.082936
48029980002,0.212528
48029980003,0.03411
48029980004,0.116805
48029980005,0.018133
48029980100,0.025053
48031950101,0.138046
48031950102,0.080954
48031950201,0.109513
48031950202,0.086015
48033950100,0.252224
48035950100,0.047367
48035950200,0.138489
48035950300,0.202117
48035950400,0.130213
48035950500,0.031985
48035950600,0.209584
48035950700,0.050676
48039660100,0.050951
48039660200,0.077845
48039660301,0.0471
48039660302,0.003397
48039660303,0.031817
48039660401,0.026551
48039660402,0.005251
48039660403,0.078763
48039660501,0.25149
48039660502,0.010873
48039660503,0.060555
48039660504,0.01108
48039660603,0.007418
48039660604,0.003249
48039660605,0.004082
48039660606,0.029688
48039660607,0.019356
48039660608,0.030163
48039660609,0.004383
48039660610,0.055396
48039660611,0.034292
48039660612,0.014378
48039660613,0.005668
48039660614,0.214962
48039660615,0.008997
48039660616,0.00453
48039660703,0.020455
48039660704,0.026258
48039660705,0.011365
48039660706,0.045657
48039660707,0.009399
48039660708,0.045396
48039660803,0.003238
48039660804,0.11197
48039660805,0.005114
48039660806,0.035022
48039660901,0.132899
48039660902,0.05393
48039661000,0.131811
48039661100,0.139171
48039661200,0.158028
48039661300,0.167623
48039661400,0.034054
48039661501,0.057153
48039661502,0.084978
48039661601,0.265812
48039661602,0.08685
48039661700,0.127774
48039661800,0.09958
48039661901,0.045415
48039661902,0.01967
48039662000,0.020024
48039662100,0.104564
48039662200,0.130879
48039662300,0.214201
48039662400,0.167317
48039662500,0.066169
48039662600,0.183849
48039662700,0.04104
48039662800,0.011539
48039662900,0.122712
48039663000,0.175733
48039663100,0.107014
48039663200,0.00941
48039663300,0.039975
48039663400,0.061366
48039663500,0.03073
48039663600,0.018811
48039663700,0.085549
48039663800,0.063246
48039663900,0.090423
48039664000,0.082642
48039664100,0.029384
48039664200,0.064078
48039664300,0.046859
48039664400,0.038823
48039664501,0.015515
48039990000,0.030371
48041000103,0.307872
48041000104,0.197526
48041000105,0.004209
48041000106,0.213639
48041000107,0.009494
48041000108,0.257152
48041000203,0.040463
48041000204,0.025172
48041000205,0.093645
48041000206,0.02024
48041000207,0.057181
48041000301,0.104428
48041000302,0.093851
48041000401,0.078039
48041000402,0.048505
48041000501,0.150988
48041000502,0.03352
48041000603,0.010295
48041000605,0.008011
48041000606,0.014376
48041000700,0.008698
48041000800,0.043773
48041000900,0.015082
48041001001,0.017822
48041001002,0.023809
48041001101,0.009242
48041001102,0.026504
48041001301,0.015481
48041001302,0.059091
48041001303,0.105736
48041001401,0.043068
48041001604,0.005367
48041001605,0.027049
48041001606,0.034207
48041001607,0.13053
48041001608,0.004047
48041001702,0.08967
48041001703,0.10007
48041001704,0.082652
48041001801,0.020992
48041001803,0.0046
48041001804,0.020045
48041001901,0.045814
48041001902,0.023611
48041002001,0.042666
48041002006,0.040482
48041002009,0.029322
48041002010,0.047901
48041002011,0.010661
48041002014,0.018174
48041002016,0.035929
48041002017,0.025799
48041002018,0.014961
48041002019,0.001941
48041002020,0.024795
48041002021,0.0079
48041002022,0.014575
48041002023,0.015594
48041002024,0.016043
48041002025,0.046097
48041002026,0.234914
48041002100,0.010699
48041980000,0.005343
48047950100,0.143598
48047950200,0.141062
48049950100,0.036919
48049950201,0.021935
48049950202,0.183661
48049950300,0.207402
48049950500,0.03015
48049950600,0.142838
48049950700,0.054336
48049950800,0.093226
48049950900,0.009012
48049951000,0.015266
48049951100,0.042859
48049951200,0.169298
48049951300,0.028384
48051970100,0.103027
48051970201,0.051475
48051970202,0.038621
48051970300,0.170774
48051970400,0.091073
48051970501,0.175495
48051970502,0.015642
48053960101,0.016882
48053960102,0.042162
48053960200,0.161511
48053960301,0.200551
48053960302,0.162924
48053960401,0.100394
48053960402,0.055947
48053960501,0.051547
48053960502,0.046477
48053960600,0.02241
48053960701,0.085609
48053960702,0.060335
48053960801,0.096934
48053960802,0.2121
48053960803,0.020348
48055960102,0.022983
48055960103,0.125129
48055960104,0.162542
48055960200,0.048231
48055960300,0.178941
48055960400,0.072085
48055960501,0.054876
48055960502,0.128455
48055960600,0.154554
48055960701,0.07989
48055960702,0.128963
48057000100,0.090109
48057000200,0.180213
48057000300,0.276679
48057000401,0.106683
48057000402,0.169483
48057000501,0.169402
48057000502,0.184796
48057990000,0.033936
48059030101,0.008743
48059030102,0.012332
48059030200,0.040777
48061010101,0.014471
48061010102,0.30588
48061010103,0.049362
48061010201,0.052043
48061010204,0.097858
48061010205,0.140608
48061010301,0.043089
48061010303,0.01073
48061010304,0.035482
48061010403,0.248974
48061010404,0.011733
48061010405,0.046599
48061010406,0.021624
48061010500,0.093525
48061010602,0.343504
48061010603,0.100512
48061010604,0.137347
48061010700,0.069491
48061010801,0.059285
48061010802,0.045808
48061010900,0.19386
48061011000,0.095271
48061011100,0.08807
48061011200,0.153589
48061011301,0.148971
48061011302,0.338541
48061011401,0.095671
48061011402,0.242069
48061011500,0.166529
48061011601,0.049278
48061011602,0.062564
48061011701,0.163
48061011702,0.17089
48061011801,0.123893
48061011802,0.021837
48061011903,0.020651
48061011904,0.081511
48061011905,0.190877
48061011906,0.028719
48061011907,0.081406
48061011908,0.022349
48061012002,0.033878
48061012003,0.027383
48061012004,0.055096
48061012103,0.077836
48061012104,0.015771
48061012105,0.008561
48061012106,0.003267
48061012201,0.070048
48061012202,0.01028
48061012203,0.005553
48061012301,0.023281
48061012304,0.049694
48061012305,0.09822
48061012402,0.130325
48061012403,0.080028
48061012404,0.066003
48061012506,0.061291
48061012508,0.052733
48061012509,0.045397
48061012510,0.073605
48061012511,0.162816
48061012512,0.348551
48061012513,0.110434
48061012514,0.004317
48061012515,0.024655
48061012516,0.007355
48061012517,0.003879
48061012607,0.023805
48061012608,0.135066
48061012613,0.092955
48061012614,0.036898
48061012615,0.008243
48061012616,0.00275
48061012617,0.019197
48061012700,0.160521
48061012800,0.027779
48061012900,0.287973
48061013002,0.06928
48061013003,0.070538
48061013004,0.193793
48061013102,0.053327
48061013104,0.006921
48061013106,0.102191
48061013203,0.140167
48061013204,0.020486
48061013205,0.139903
48061013206,0.163958
48061013207,0.062574
48061013303,0.260043
48061013305,0.014724
48061013306,0.016931
48061013307,0.032754
48061013308,0.038863
48061013309,0.009446
48061013401,0.162581
48061013402,0.108909
48061013500,0.094287
48061013600,0.336322
48061013700,0.088097
48061013801,0.004505
48061013802,0.01177
48061013901,0.004935
48061013902,0.171496
48061013903,0.025903
48061014001,0.014026
48061014002,0.025547
48061014101,0.003581
48061014102,0.009529
48061014103,0.01316
48061014201,0.165778
48061014202,0.08728
48061014300,0.260228
48061014401,0.096659
48061014402,0.048679
48061014403,0.008993
48061014404,0.00425
48061014501,0.007063
48061014502,0.00249
48061980001,0.113694
48061980100,0.508968
48063950101,0.040875
48063950102,0.193701
48063950200,0.142338
48073950100,0.185271
48073950201,0.075944
48073950202,0.2709
48073950301,0.120071
48073950302,0.148708
48073950400,0.21496
48073950500,0.228114
48073950600,0.183234
48073950700,0.231802
48073950801,0.119618
48073950802,0.174475
48073950900,0.176856
48073951000,0.13905
48073951100,0.19109
48077030302,0.074408
48081950100,0.028369
48081950200,0.155283
48083950300,0.125497
48083950600,0.13028
48083950700,0.026316
48085030101,0.018122
48085030102,0.07855
48085030201,0.051809
48085030202,0.030343
48085030204,0.177538
48085030205,0.121258
48085030206,0.105519
48085030207,0.092518
48085030301,0.012473
48085030302,0.004866
48085030303,0.035915
48085030304,0.014194
48085030306,0.032875
48085030307,0.026933
48085030403,0.0416
48085030404,0.011318
48085030405,0.008186
48085030406,0.007509
48085030407,0.041765
48085030409,0.016328
48085030410,0.021446
48085030504,0.029665
48085030505,0.022575
48085030506,0.009855
48085030507,0.039954
48085030509,0.003931
48085030510,0.005479
48085030511,0.011268
48085030512,0.008296
48085030515,0.006155
48085030516,0.004624
48085030517,0.019584
48085030518,0.004773
48085030519,0.019207
48085030520,0.003859
48085030521,0.003603
48085030524,0.011621
48085030525,0.003622
48085030529,0.027139
48085030531,0.014007
48085030532,0.013627
48085030533,0.003588
48085030534,0.009
48085030535,0.013233
48085030536,0.002563
48085030537,0.004028
48085030538,0.020383
48085030539,0.009434
48085030540,0.020869
48085030541,0.006059
48085030542,0.010363
48085030543,0.010063
48085030544,0.013321
48085030545,0.036749
48085030546,0.008351
48085030547,0.034283
48085030548,0.006187
48085030549,0.036866
48085030550,0.00353
48085030604,0.037694
48085030605,0.059877
48085030606,0.019762
48085030607,0.015975
48085030608,0.040528
48085030609,0.005769
48085030701,0.094937
48085030702,0.057557
48085030801,0.02673
48085030802,0.011331
48085030901,0.148242
48085030902,0.026752
48085030903,0.008141
48085031003,0.036208
48085031005,0.017485
48085031006,0.087226
48085031007,0.02448
48085031008,0.003921
48085031101,0.145
48085031102,0.123886
48085031201,0.021594
48085031202,0.025036
48085031308,0.019875
48085031314,0.008465
48085031318,0.006753
48085031319,0.013192
48085031320,0.015139
48085031321,0.004941
48085031322,0.027876
48085031323,0.001941
48085031324,0.001988
48085031325,0.029004
48085031326,0.010831
48085031327,0.032134
48085031328,0.007488
48085031329,0.004677
48085031330,0.005872
48085031331,0.002982
48085031332,0.03933
48085031333,0.009531
48085031334,0.02201
48085031335,0.05929
48085031336,0.009622
48085031408,0.025942
48085031411,0.005289
48085031412,0.017752
48085031413,0.00656
48085031414,0.004671
48085031415,0.075762
48085031416,0.051559
48085031417,0.005668
48085031418,0.011806
48085031419,0.003415
48085031420,0.005078
48085031421,0.005199
48085031422,0.003482
48085031423,0.018971
48085031424,0.00531
48085031425,0.008048
48085031504,0.001842
48085031507,0.031283
48085031508,0.011759
48085031509,0.005024
48085031510,0.023587
48085031511,0.014139
48085031512,0.005797
48085031611,0.026711
48085031613,0.007101
48085031621,0.024643
48085031622,0.013086
48085031623,0.006214
48085031624,0.026777
48085031625,0.005976
48085031626,0.00883
48085031627,0.007635
48085031628,0.003989
48085031629,0.00935
48085031630,0.004971
48085031631,0.011111
48085031632,0.005614
48085031633,0.018143
48085031634,0.004177
48085031635,0.012607
48085031636,0.007899
48085031639,0.005624
48085031641,0.004117
48085031642,0.006081
48085031643,0.004069
48085031645,0.049733
48085031646,0.006298
48085031647,0.022424
48085031649,0.01193
48085031654,0.009593
48085031655,0.023198
48085031657,0.017555
48085031659,0.013069
48085031660,0.006449
48085031661,0.026221
48085031662,0.017811
48085031663,0.030024
48085031664,0.006467
48085031665,0.022875
48085031666,0.013722
48085031667,0.049893
48085031668,0.024184
48085031669,0.006393
48085031670,0.018539
48085031671,0.043353
48085031672,0.007371
48085031673,0.016625
48085031674,0.007085
48085031675,0.004638
48085031676,0.002297
48085031677,0.005965
48085031678,0.011252
48085031679,0.016354
48085031680,0.013846
48085031681,0.00649
48085031682,0.008562
48085031704,0.017884
48085031706,0.038212
48085031708,0.047056
48085031709,0.016267
48085031711,0.032677
48085031713,0.095309
48085031715,0.078851
48085031716,0.092714
48085031717,0.147793
48085031718,0.011936
48085031719,0.004453
48085031720,0.103047
48085031721,0.016212
48085031722,0.163042
48085031723,0.093848
48085031724,0.053216
48085031806,0.02717
48085031807,0.012797
48085031808,0.008682
48085031809,0.014911
48085031810,0.03537
48085031811,0.050839
48085031812,0.016296
48085031813,0.003563
48085031814,0.005164
48085031815,0.005393
48085031816,0.029497
48085031901,0.007214
48085031902,0.045641
48085031903,0.024469
48085031904,0.026736
48085032003,0.009477
48085032008,0.007623
48085032010,0.011996
48085032012,0.005911
48085032013,0.023582
48085032014,0.003537
48085032015,0.011848
48085032016,0.0093
48085032017,0.008162
48085032018,0.068406
48085032019,0.01916
48089750100,0.099999
48089750200,0.119758
48089750300,0.027647
48089750400,0.041541
48089750500,0.063401
48091310100,0.067227
48091310200,0.004987
48091310301,0.267601
48091310302,0.164647
48091310401,0.031735
48091310404,0.005441
48091310405,0.11034
48091310406,0.047333
48091310501,0.105199
48091310502,0.021908
48091310503,0.144953
48091310603,0.021462
48091310604,0.067632
48091310608,0.026824
48091310609,0.011765
48091310610,0.179721
48091310611,0.029536
48091310612,0.066728
48091310613,0.023679
48091310614,0.019906
48091310702,0.102961
48091310703,0.061391
48091310705,0.161533
48091310706,0.028623
48091310707,0.068583
48091310708,0.03148
48091310801,0.051747
48091310803,0.026918
48091310804,0.036359
48091310901,0.074725
48091310903,0.08324
48091310904,0.044784
48091310905,0.013744
48093950101,0.162849
48093950102,0.120289
48093950200,0.034415
48093950300,0.150867
48093950400,0.144324
48095950300,0.111457
48097000100,0.19075
48097000200,0.10626
48097000400,0.105746
48097000500,0.035758
48097000600,0.189723
48097000701,0.018354
48097000702,0.027988
48097000900,0.03821
48097001100,0.057028
48099010101,0.063677
48099010102,0.024571
48099010201,0.060967
48099010202,0.108937
48099010300,0.168401
48099010400,0.042304
48099010501,0.009605
48099010502,0.013573
48099010503,0.045945
48099010504,0.071756
48099010601,0.005221
48099010603,0.005911
48099010604,0.008672
48099010701,0.018452
48099010702,0.28639
48099010802,0.065443
48099010803,0.061138
48099010804,0.084319
48099980000,0.02789
48105950100,0.064188
48107950100,0.023187
48107950200,0.042684
48107950300,0.042337
48113000100,0.175256
48113000201,0.098337
48113000202,0.07292
48113000300,0.079113
48113000401,0.011696
48113000405,0.073829
48113000407,0.028363
48113000408,0.019365
48113000409,0.065992
48113000410,0.011364
48113000501,0.0085
48113000502,0.020489
48113000503,0.075548
48113000605,0.01092
48113000606,0.08097
48113000607,0.005467
48113000608,0.025021
48113000609,0.006488
48113000610,0.005635
48113000611,0.023189
48113000703,0.094306
48113000704,0.020933
48113000705,0.020549
48113000706,0.066786
48113000801,0.004997
48113000802,0.035975
48113000901,0.046722
48113000902,0.090869
48113001001,0.025142
48113001002,0.035676
48113001101,0.053774
48113001102,0.063742
48113001202,0.079396
48113001203,0.271021
48113001204,0.202068
48113001301,0.017272
48113001302,0.030806
48113001400,0.087784
48113001502,0.019413
48113001503,0.00435
48113001504,0.006794
48113001601,0.008802
48113001602,0.008049
48113001703,0.042651
48113001705,0.014857
48113001801,0.054981
48113001802,0.048904
48113001901,0.05599
48113001902,0.037748
48113002001,0.069041
48113002002,0.007973
48113002100,0.037421
48113002200,0.020692
48113002400,0.081969
48113002500,0.04647
48113002703,0.140787
48113003102,0.032454
48113003103,0.162361
48113003700,0.129898
48113004201,0.024438
48113004202,0.002981
48113004300,0.009141
48113004400,0.02995
48113004500,0.009664
48113004600,0.008493
48113004700,0.02203
48113004800,0.014421
48113005000,0.009369
48113005100,0.011127
48113005200,0.010203
48113005300,0.00367
48113005400,0.003852
48113005500,0.020557
48113005600,0.038517
48113005700,0.016726
48113005901,0.017584
48113005902,0.017795
48113006001,0.009906
48113006002,0.047992
48113006100,0.006647
48113006200,0.136192
48113006301,0.011697
48113006302,0.015322
48113006401,0.003595
48113006402,0.045521
48113006501,0.002484
48113006502,0.018
48113006701,0.003231
48113006702,0.032991
48113006800,0.02037
48113006900,0.015741
48113007101,0.038639
48113007102,0.02498
48113007203,0.023357
48113007204,0.149994
48113007205,0.017714
48113007206,0.063118
48113007301,0.060877
48113007302,0.047257
48113007601,0.019887
48113007604,0.019203
48113007605,0.035179
48113007701,0.041649
48113007702,0.044313
48113007801,0.029878
48113007805,0.012564
48113007809,0.07703
48113007810,0.015157
48113007812,0.006781
48113007815,0.020228
48113007819,0.094497
48113007821,0.03042
48113007822,0.03089
48113007823,0.034606
48113007824,0.011229
48113007825,0.014059
48113007826,0.018076
48113007827,0.046004
48113007828,0.111004
48113007829,0.009584
48113007830,0.10395
48113007831,0.051615
48113007832,0.203069
48113007833,0.013397
48113007834,0.03146
48113007835,0.187748
48113007902,0.057805
48113007903,0.058128
48113007906,0.03087
48113007909,0.0583
48113007910,0.079601
48113007912,0.071385
48113007913,0.052815
48113007914,0.049531
48113007915,0.139712
48113007916,0.06391
48113008000,0.043255
48113008101,0.239577
48113008102,0.172614
48113008200,0.176309
48113008401,0.038939
48113008402,0.007401
48113008500,0.029442
48113008604,0.031908
48113008701,0.045995
48113008703,0.019505
48113008704,0.052102
48113008705,0.055255
48113008801,0.003713
48113008802,0.016365
48113009001,0.054817
48113009002,0.022397
48113009101,0.058922
48113009103,0.002807
48113009104,0.036054
48113009105,0.137303
48113009202,0.007395
48113009203,0.082583
48113009204,0.004353
48113009301,0.020823
48113009303,0.042632
48113009304,0.02232
48113009401,0.008049
48113009402,0.017271
48113009500,0.017355
48113009603,0.022515
48113009604,0.069793
48113009605,0.035409
48113009607,0.0103
48113009608,0.017779
48113009609,0.013035
48113009610,0.071097
48113009611,0.016793
48113009701,0.013217
48113009702,0.004189
48113009802,0.012672
48113009803,0.013325
48113009804,0.013716
48113009900,0.089895
48113010001,0.070027
48113010002,0.169257
48113010003,0.030718
48113010101,0.016741
48113010102,0.011903
48113010500,0.009879
48113010601,0.008264
48113010602,0.058627
48113010701,0.011263
48113010704,0.005233
48113010804,0.004368
48113010805,0.018372
48113010806,0.016129
48113010807,0.005067
48113010808,0.012878
48113010809,0.020107
48113010903,0.013646
48113010904,0.015237
48113010905,0.020984
48113010906,0.014523
48113011002,0.013901
48113011003,0.002655
48113011004,0.028948
48113011101,0.003077
48113011103,0.005991
48113011104,0.00265
48113011105,0.0257
48113011201,0.00836
48113011202,0.028243
48113011300,0.022526
48113011401,0.010549
48113011500,0.049238
48113011601,0.155083
48113011603,0.035668
48113011604,0.017484
48113011701,0.003377
48113011702,0.012286
48113011801,0.00923
48113011802,0.004552
48113011901,0.003308
48113011902,0.052611
48113012000,0.067428
48113012101,0.026007
48113012102,0.009838
48113012206,0.021473
48113012207,0.009827
48113012208,0.128377
48113012209,0.058482
48113012210,0.02266
48113012211,0.037569
48113012212,0.043326
48113012213,0.006524
48113012301,0.094198
48113012302,0.069114
48113012400,0.05823
48113012501,0.158359
48113012502,0.157595
48113012601,0.132215
48113012603,0.108709
48113012604,0.080933
48113012701,0.084802
48113012702,0.165925
48113012801,0.254439
48113012802,0.095591
48113012900,0.093194
48113013005,0.031496
48113013007,0.054005
48113013008,0.003621
48113013009,0.020308
48113013010,0.049558
48113013011,0.026993
48113013012,0.040009
48113013013,0.049549
48113013101,0.011115
48113013102,0.00479
48113013104,0.028026
48113013106,0.00858
48113013107,0.058031
48113013201,0.030166
48113013202,0.043552
48113013300,0.015759
48113013400,0.039366
48113013500,0.003078
48113013605,0.026673
48113013606,0.012202
48113013607,0.006501
48113013608,0.014402
48113013609,0.015743
48113013610,0.00481
48113013611,0.040897
48113013615,0.12837
48113013617,0.064702
48113013618,0.041165
48113013619,0.006516
48113013620,0.070782
48113013621,0.222825
48113013622,0.103382
48113013624,0.045924
48113013625,0.096676
48113013626,0.131218
48113013627,0.190611
48113013628,0.01846
48113013629,0.057691
48113013630,0.391344
48113013631,0.107333
48113013715,0.006721
48113013716,0.013864
48113013717,0.002502
48113013718,0.006184
48113013719,0.060552
48113013720,0.038084
48113013721,0.011274
48113013722,0.016219
48113013725,0.254949
48113013726,0.009054
48113013727,0.010805
48113013728,0.00519
48113013729,0.013124
48113013804,0.018677
48113013805,0.010742
48113013806,0.01782
48113013807,0.020308
48113013808,0.025893
48113013901,0.016411
48113013902,0.005546
48113014001,0.024321
48113014002,0.024082
48113014119,0.012254
48113014120,0.005775
48113014121,0.021322
48113014123,0.015753
48113014124,0.031471
48113014126,0.014297
48113014128,0.005847
48113014130,0.014875
48113014132,0.002614
48113014134,0.03394
48113014135,0.014494
48113014138,0.005635
48113014139,0.007955
48113014140,0.011483
48113014141,0.006192
48113014142,0.003349
48113014143,0.052415
48113014144,0.026052
48113014145,0.035553
48113014146,0.016152
48113014147,0.025907
48113014148,0.01864
48113014149,0.006121
48113014150,0.066465
48113014151,0.016863
48113014152,0.129775
48113014153,0.021607
48113014154,0.006303
48113014155,0.010478
48113014156,0.005055
48113014157,0.013613
48113014158,0.00408
48113014159,0.027243
48113014160,0.013549
48113014161,0.020862
48113014203,0.008483
48113014204,0.004649
48113014205,0.052626
48113014207,0.039602
48113014208,0.044131
48113014209,0.038678
48113014306,0.006678
48113014308,0.014378
48113014309,0.059051
48113014310,0.005702
48113014313,0.054946
48113014314,0.005574
48113014315,0.013595
48113014316,0.161516
48113014317,0.016814
48113014318,0.004736
48113014319,0.08845
48113014320,0.053063
48113014405,0.012152
48113014406,0.023353
48113014407,0.015823
48113014408,0.023219
48113014409,0.033489
48113014410,0.010755
48113014501,0.012547
48113014502,0.016316
48113014601,0.006061
48113014602,0.01331
48113014603,0.004773
48113014701,0.015421
48113014704,0.007344
48113014903,0.077042
48113015001,0.01676
48113015002,0.021316
48113015101,0.004895
48113015102,0.005349
48113015202,0.096975
48113015205,0.029362
48113015206,0.004025
48113015207,0.161198
48113015208,0.002736
48113015303,0.024489
48113015304,0.048475
48113015305,0.008537
48113015306,0.004841
48113015403,0.030956
48113015404,0.079938
48113015405,0.027779
48113015406,0.035153
48113015500,0.043019
48113015600,0.028107
48113015700,0.043377
48113015900,0.056031
48113016001,0.049324
48113016002,0.005861
48113016100,0.043011
48113016201,0.006645
48113016203,0.09033
48113016204,0.005269
48113016301,0.153267
48113016302,0.024788
48113016406,0.012723
48113016407,0.019616
48113016409,0.011465
48113016410,0.013616
48113016412,0.011795
48113016414,0.016722
48113016415,0.002969
48113016416,0.004403
48113016417,0.003317
48113016418,0.140145
48113016419,0.023817
48113016420,0.004148
48113016421,0.158539
48113016511,0.006897
48113016513,0.00942
48113016516,0.002757
48113016517,0.015187
48113016518,0.008967
48113016519,0.008942
48113016521,0.102747
48113016522,0.090824
48113016524,0.018782
48113016525,0.008628
48113016526,0.021179
48113016527,0.007734
48113016528,0.005216
48113016529,0.002062
48113016530,0.01749
48113016531,0.019435
48113016532,0.008445
48113016533,0.049106
48113016534,0.018546
48113016535,0.037073
48113016536,0.007767
48113016607,0.030072
48113016610,0.005913
48113016615,0.004884
48113016616,0.019753
48113016617,0.005625
48113016618,0.007362
48113016619,0.009577
48113016620,0.006904
48113016621,0.008596
48113016622,0.017736
48113016623,0.006088
48113016624,0.035161
48113016626,0.005194
48113016627,0.006094
48113016628,0.027864
48113016629,0.048162
48113016630,0.004179
48113016631,0.012033
48113016632,0.148867
48113016633,0.009717
48113016634,0.062164
48113016635,0.060368
48113016636,0.012887
48113016637,0.018336
48113016638,0.011675
48113016704,0.139286
48113016706,0.018647
48113016707,0.017158
48113016708,0.018392
48113016709,0.021468
48113016710,0.014807
48113016711,0.041812
48113016802,0.046657
48113016803,0.006479
48113016805,0.006916
48113016806,0.006799
48113016902,0.02178
48113016903,0.016486
48113017005,0.040274
48113017006,0.006955
48113017007,0.005989
48113017008,0.0402
48113017009,0.04056
48113017010,0.002727
48113017101,0.02066
48113017102,0.107946
48113017201,0.011008
48113017203,0.058355
48113017204,0.037244
48113017307,0.034222
48113017308,0.002783
48113017309,0.005192
48113017310,0.004551
48113017311,0.00976
48113017312,0.005373
48113017313,0.030053
48113017314,0.003939
48113017315,0.012132
48113017400,0.004408
48113017500,0.084606
48113017602,0.008761
48113017604,0.075557
48113017605,0.00569
48113017606,0.018754
48113017703,0.009321
48113017704,0.021072
48113017705,0.03419
48113017706,0.009347
48113017805,0.018361
48113017806,0.025196
48113017808,0.041497
48113017811,0.074485
48113017812,0.085528
48113017814,0.052189
48113017815,0.005073
48113017816,0.031727
48113017817,0.052575
48113017818,0.006763
48113017819,0.050719
48113017820,0.046871
48113017900,0.071163
48113018001,0.067508
48113018002,0.077679
48113018105,0.012898
48113018110,0.009699
48113018111,0.117445
48113018120,0.003607
48113018121,0.006902
48113018126,0.115267
48113018127,0.103528
48113018128,0.115068
48113018129,0.053025
48113018130,0.058046
48113018132,0.026128
48113018133,0.145847
48113018134,0.029111
48113018135,0.010152
48113018137,0.017171
48113018138,0.005094
48113018140,0.081691
48113018141,0.046029
48113018142,0.029924
48113018143,0.048028
48113018144,0.013614
48113018145,0.050934
48113018146,0.006949
48113018147,0.002418
48113018148,0.020225
48113018149,0.022148
48113018150,0.00347
48113018151,0.019014
48113018152,0.034395
48113018153,0.002921
48113018154,0.032147
48113018155,0.005291
48113018156,0.044673
48113018157,0.011393
48113018158,0.167465
48113018159,0.015899
48113018203,0.026183
48113018204,0.009481
48113018205,0.001734
48113018206,0.006139
48113018300,0.011613
48113018401,0.039619
48113018402,0.049389
48113018403,0.123855
48113018501,0.066563
48113018505,0.051688
48113018506,0.016906
48113018507,0.01043
48113018508,0.023744
48113018600,0.006711
48113018700,0.164558
48113018801,0.005105
48113018802,0.026501
48113018900,0.018118
48113019013,0.00772
48113019016,0.139716
48113019018,0.003234
48113019019,0.049837
48113019020,0.036694
48113019023,0.003961
48113019024,0.006214
48113019025,0.308153
48113019026,0.010411
48113019027,0.008458
48113019028,0.004081
48113019029,0.025498
48113019031,0.014078
48113019032,0.015418
48113019033,0.020423
48113019034,0.008847
48113019035,0.006627
48113019036,0.248923
48113019037,0.008433
48113019039,0.013064
48113019040,0.015556
48113019041,0.011141
48113019042,0.012903
48113019044,0.023258
48113019045,0.031304
48113019046,0.00488
48113019047,0.002282
48113019048,0.006875
48113019049,0.039001
48113019050,0.048813
48113019051,0.031199
48113019052,0.013967
48113019053,0.128297
48113019101,0.022381
48113019102,0.102225
48113019202,0.00879
48113019203,0.007263
48113019205,0.009168
48113019208,0.013992
48113019210,0.013975
48113019211,0.009658
48113019212,0.0093
48113019213,0.077869
48113019214,0.004441
48113019215,0.019206
48113019216,0.008731
48113019301,0.015972
48113019302,0.031209
48113019400,0.004961
48113019501,0.156814
48113019502,0.018933
48113019600,0.018946
48113019700,0.009811
48113019800,0.032147
48113019900,0.026241
48113020000,0.010461
48113020100,0.070914
48113020200,0.080733
48113020300,0.022785
48113020401,0.051774
48113020402,0.023593
48113020500,0.003943
48113020600,0.022347
48113020700,0.013678
48113020800,0.012124
48113020900,0.018073
48113021000,0.004928
48113021100,0.100192
48113021200,0.03577
48113980000,0.104398
48113980100,0.143873
48113980200,0.001667
48115950401,0.143203
48115950402,0.15139
48115950500,0.219342
48115950600,0.115619
48119950100,0.050686
48119950200,0.1117
48121020109,0.007925
48121020110,0.017621
48121020111,0.018427
48121020112,0.082321
48121020115,0.005446
48121020116,0.010053
48121020117,0.077366
48121020118,0.136078
48121020119,0.005719
48121020120,0.020849
48121020121,0.06244
48121020122,0.03277
48121020123,0.080866
48121020124,0.003944
48121020125,0.066779
48121020126,0.00669
48121020127,0.017852
48121020128,0.063847
48121020129,0.016201
48121020130,0.035914
48121020131,0.042411
48121020132,0.041867
48121020133,0.003959
48121020134,0.019171
48121020135,0.121165
48121020136,0.164237
48121020137,0.085629
48121020203,0.009773
48121020204,0.062424
48121020205,0.045416
48121020206,0.119293
48121020207,0.103302
48121020208,0.005422
48121020305,0.020388
48121020310,0.019259
48121020311,0.027713
48121020312,0.014532
48121020313,0.014794
48121020314,0.048531
48121020315,0.057192
48121020316,0.054572
48121020317,0.007121
48121020318,0.034328
48121020319,0.062985
48121020320,0.018673
48121020321,0.003576
48121020322,0.016395
48121020402,0.165459
48121020403,0.021183
48121020404,0.117125
48121020405,0.080735
48121020504,0.034321
48121020505,0.101844
48121020506,0.150088
48121020507,0.008519
48121020508,0.164033
48121020601,0.064914
48121020603,0.151923
48121020604,0.005942
48121020605,0.076935
48121020700,0.007756
48121020800,0.052659
48121020900,0.0129
48121021000,0.01043
48121021100,0.035662
48121021202,0.025453
48121021203,0.205892
48121021204,0.034393
48121021301,0.210702
48121021304,0.009682
48121021305,0.067348
48121021306,0.059785
48121021307,0.005756
48121021410,0.027273
48121021411,0.116478
48121021412,0.116471
48121021413,0.158803
48121021414,0.163081
48121021415,0.027224
48121021416,0.004692
48121021417,0.019686
48121021418,0.013784
48121021419,0.014675
48121021420,0.021486
48121021421,0.03078
48121021422,0.005885
48121021423,0.010525
48121021502,0.054085
48121021505,0.024227
48121021512,0.015467
48121021513,0.061616
48121021514,0.006599
48121021516,0.006036
48121021517,0.230065
48121021518,0.026441
48121021520,0.00571
48121021521,0.071335
48121021522,0.015387
48121021526,0.013442
48121021528,0.010537
48121021529,0.003954
48121021530,0.020735
48121021531,0.012399
48121021532,0.010041
48121021533,0.002616
48121021534,0.006462
48121021535,0.014674
48121021536,0.048677
48121021537,0.037899
48121021538,0.004053
48121021539,0.011287
48121021540,0.004876
48121021611,0.018661
48121021612,0.012329
48121021613,0.007049
48121021614,0.007628
48121021615,0.014795
48121021616,0.005588
48121021618,0.019559
48121021619,0.014175
48121021620,0.031501
48121021621,0.017364
48121021622,0.00888
48121021626,0.018741
48121021630,0.004959
48121021631,0.015905
48121021632,0.005328
48121021633,0.007405
48121021634,0.03198
48121021635,0.008101
48121021637,0.016155
48121021638,0.004668
48121021639,0.011634
48121021640,0.004226
48121021641,0.045734
48121021642,0.053873
48121021643,0.007988
48121021644,0.015029
48121021645,0.08182
48121021646,0.022096
48121021647,0.02395
48121021648,0.002261
48121021649,0.070381
48121021650,0.019296
48121021651,0.00876
48121021652,0.007525
48121021653,0.01356
48121021654,0.054295
48121021655,0.018862
48121021715,0.009226
48121021716,0.033127
48121021717,0.00566
48121021719,0.01862
48121021720,0.015626
48121021721,0.002984
48121021722,0.009909
48121021723,0.013972
48121021724,0.00602
48121021725,0.035253
48121021726,0.006096
48121021727,0.007134
48121021728,0.099218
48121021729,0.011716
48121021730,0.004729
48121021731,0.004502
48121021732,0.319542
48121021733,0.037847
48121021734,0.084948
48121021735,0.016951
48121021736,0.016984
48121021737,0.039769
48121021738,0.050717
48121021739,0.109809
48121021740,0.010599
48121021741,0.002092
48121021742,0.019735
48121021743,0.070435
48121021744,0.029355
48121021745,0.017186
48121021746,0.020399
48121021748,0.025065
48121021749,0.015209
48121021750,0.013803
48121021751,0.008404
48121021752,0.003417
48121021754,0.031773
48121021755,0.007866
48121021756,0.063253
48121021757,0.044854
48121021758,0.010218
48121021759,0.034203
48121021800,0.011529
48121021900,0.004226
48123970100,0.044722
48123970201,0.244277
48123970202,0.102042
48123970300,0.092995
48123970400,0.06049
48123970500,0.091291
48125950300,0.101732
48127950201,0.141037
48127950202,0.107082
48127950400,0.155533
48131950100,0.037925
48131950200,0.065937
48131950500,0.023414
48133950100,0.054858
48133950201,0.033341
48133950202,0.041857
48133950301,0.123536
48133950302,0.059208
48133950400,0.027246
48133950500,0.018084
48137950300,0.117841
48139060103,0.031268
48139060104,0.018914
48139060105,0.014793
48139060106,0.00852
48139060206,0.100844
48139060207,0.054027
48139060209,0.008741
48139060211,0.015525
48139060212,0.018614
48139060215,0.015074
48139060216,0.106457
48139060217,0.010671
48139060218,0.003619
48139060219,0.024669
48139060220,0.004952
48139060221,0.00575
48139060300,0.0018
48139060400,0.111739
48139060500,0.031061
48139060601,0.094126
48139060602,0.024291
48139060702,0.048795
48139060704,0.067725
48139060801,0.0142
48139060802,0.046713
48139060803,0.036732
48139060900,0.010574
48139061000,0.107381
48139061100,0.023248
48139061200,0.093723
48139061300,0.057422
48139061401,0.061263
48139061402,0.017895
48139061500,0.07783
48139061600,0.05097
48139061700,0.05523
48143950100,0.095772
48143950201,0.079909
48143950203,0.052251
48143950204,0.028713
48143950301,0.079113
48143950302,0.114479
48143950401,0.22405
48143950402,0.09669
48143950501,0.107756
48143950502,0.149967
48143950600,0.165751
48143950700,0.133694
48145000200,0.137956
48145000300,0.196528
48145000400,0.153357
48145000500,0.035025
48145000700,0.027393
48145000800,0.04318
48147950100,0.039074
48147950300,0.076939
48147950401,0.233762
48147950402,0.125245
48147950500,0.177594
48147950600,0.257745
48147950701,0.041009
48147950702,0.092976
48147950800,0.069571
48149970100,0.040419
48149970200,0.126465
48149970301,0.135516
48149970302,0.063195
48149970400,0.069846
48149970500,0.030474
48149970601,0.039496
48149970602,0.079161
48149970700,0.06812
48151950300,0.034527
48151950400,0.163679
48155950100,0.020504
48157670101,0.00564
48157670102,0.025529
48157670201,0.003091
48157670202,0.01268
48157670300,0.057898
48157670400,0.005701
48157670500,0.097018
48157670602,0.006017
48157670603,0.005623
48157670604,0.003021
48157670700,0.069508
48157670801,0.169254
48157670802,0.004772
48157670803,0.023297
48157670804,0.216443
48157670902,0.205493
48157670903,0.164914
48157670904,0.004953
48157671001,0.005501
48157671002,0.009523
48157671101,0.066345
48157671102,0.007803
48157671200,0.004961
48157671300,0.0142
48157671401,0.021272
48157671402,0.021483
48157671501,0.006634
48157671502,0.047761
48157671601,0.022192
48157671602,0.020001
48157671700,0.032753
48157671800,0.021736
48157671900,0.011637
48157672002,0.060056
48157672003,0.006644
48157672004,0.004861
48157672100,0.105559
48157672201,0.078013
48157672202,0.012433
48157672303,0.031296
48157672304,0.005599
48157672305,0.038083
48157672306,0.009163
48157672401,0.052226
48157672402,0.03415
48157672500,0.011611
48157672602,0.00423
48157672603,0.003516
48157672604,0.007691
48157672701,0.006825
48157672702,0.005365
48157672703,0.014484
48157672801,0.053302
48157672802,0.066525
48157672901,0.010407
48157672902,0.00385
48157672903,0.034157
48157672904,0.049613
48157672905,0.027988
48157672906,0.016783
48157672907,0.003579
48157673004,0.007004
48157673005,0.010682
48157673006,0.010003
48157673007,0.019248
48157673008,0.004576
48157673009,0.043363
48157673010,0.005484
48157673103,0.046041
48157673104,0.008697
48157673105,0.028623
48157673106,0.019876
48157673107,0.006924
48157673108,0.008495
48157673109,0.011791
48157673110,0.005929
48157673111,0.00795
48157673112,0.018788
48157673113,0.002813
48157673201,0.003695
48157673202,0.019046
48157673300,0.025179
48157673401,0.008092
48157673402,0.021116
48157673403,0.0246
48157673404,0.023385
48157673501,0.035369
48157673502,0.00925
48157673600,0.036684
48157673700,0.091974
48157673801,0.229874
48157673802,0.089596
48157673902,0.018758
48157673903,0.018762
48157673904,0.198987
48157674001,0.005409
48157674002,0.013689
48157674100,0.008243
48157674200,0.016229
48157674301,0.006679
48157674302,0.010728
48157674401,0.006707
48157674402,0.024855
48157674403,0.013606
48157674404,0.041022
48157674503,0.005021
48157674504,0.015971
48157674505,0.030589
48157674506,0.005978
48157674507,0.043336
48157674508,0.050809
48157674601,0.089429
48157674602,0.126422
48157674603,0.014825
48157674604,0.065506
48157674701,0.172384
48157674702,0.036815
48157674800,0.025073
48157674900,0.262081
48157675000,0.151979
48157675101,0.01408
48157675102,0.046432
48157675200,0.247757
48157675300,0.199811
48157675401,0.184077
48157675402,0.173378
48157675501,0.078288
48157675502,0.023913
48157675503,0.005312
48157675600,0.014985
48157675701,0.016839
48157675702,0.003774
48157675800,0.066899
48159950101,0.049971
48159950102,0.037836
48159950200,0.116161
48159950300,0.107166
48161000101,0.031129
48161000102,0.218926
48161000200,0.177535
48161000300,0.115507
48161000400,0.058176
48161000600,0.025606
48161000700,0.108231
48161000900,0.19693
48163950101,0.021777
48163950102,0.043651
48163950201,0.14666
48163950202,0.050109
48163950301,0.149999
48163950302,0.105889
48167720100,0.009522
48167720200,0.020575
48167720301,0.043637
48167720302,0.005821
48167720400,0.050721
48167720501,0.013081
48167720504,0.004245
48167720505,0.036982
48167720506,0.005214
48167720507,0.008369
48167720508,0.019157
48167720509,0.119621
48167720510,0.033507
48167720511,0.038108
48167720512,0.002882
48167720601,0.015707
48167720602,0.008465
48167720603,0.002983
48167720604,0.014594
48167720605,0.037333
48167720701,0.061671
48167720702,0.070212
48167720703,0.030011
48167720800,0.01317
48167720900,0.090992
48167721101,0.022394
48167721203,0.108658
48167721204,0.005841
48167721205,0.012234
48167721206,0.131189
48167721209,0.106769
48167721301,0.005458
48167721302,0.017837
48167721401,0.005075
48167721403,0.006613
48167721501,0.085365
48167721502,0.039106
48167721901,0.008129
48167723300,0.020408
48167723401,0.1206
48167723402,0.031905
48167723403,0.038474
48167723503,0.208318
48167723504,0.218445
48167723505,0.035133
48169950101,0.05516
48169950102,0.027058
48169980000,0.257426
48171950100,0.113439
48171950200,0.03026
48171950301,0.23415
48171950302,0.144527
48171950401,0.108789
48171950402,0.26904
48171950500,0.188029
48173950100,0.069216
48175960100,0.152169
48175960200,0.061614
48177000100,0.147609
48177000200,0.083838
48177000300,0.195787
48177000400,0.198545
48177000500,0.141515
48177000600,0.022245
48181000101,0.0658
48181000102,0.070915
48181000302,0.07859
48181000304,0.045628
48181000600,0.081363
48181000700,0.208649
48181000800,0.008979
48181000901,0.175638
48181000903,0.036735
48181000904,0.031196
48181001101,0.029875
48181001103,0.126429
48181001104,0.042226
48181001200,0.005525
48181001300,0.192363
48181001400,0.098734
48181001500,0.117426
48181001700,0.013769
48181001801,0.04714
48181001802,0.019211
48181001803,0.105912
48181001901,0.091125
48181001902,0.020321
48181002000,0.041419
48183010100,0.021928
48183010201,0.153392
48183010202,0.048836
48183010401,0.108724
48183010402,0.06125
48183010700,0.086205
48185180101,0.032905
48185180102,0.096673
48185180201,0.058784
48185180202,0.035076
48185180302,0.087516
48185180303,0.007463
48185180304,0.087404
48185180400,0.041584
48187210100,0.139723
48187210200,0.10851
48187210300,0.211673
48187210400,0.117733
48187210505,0.041678
48187210506,0.106081
48187210508,0.096181
48187210509,0.244994
48187210510,0.190131
48187210511,0.157105
48187210512,0.226536
48187210513,0.046482
48187210603,0.018612
48187210606,0.015119
48187210608,0.14822
48187210609,0.007553
48187210610,0.029368
48187210611,0.002258
48187210612,0.070451
48187210613,0.009309
48187210614,0.024511
48187210705,0.031438
48187210706,0.024184
48187210707,0.020351
48187210709,0.024343
48187210710,0.041255
48187210711,0.017679
48187210712,0.00919
48187210713,0.002124
48187210715,0.01111
48187210716,0.003316
48187210717,0.006156
48187210718,0.008885
48187210803,0.019972
48187210804,0.062731
48187210805,0.080771
48187210806,0.163802
48187210902,0.039421
48187210903,0.055869
48187210904,0.24402
48187210905,0.018657
48193950100,0.045354
48193950200,0.112844
48193950300,0.070376
48201100001,0.10376
48201210400,0.007207
48201210500,0.004651
48201210600,0.008713
48201210700,0.006714
48201210800,0.018566
48201210900,0.023614
48201211000,0.030783
48201211101,0.050726
48201211102,0.004275
48201211200,0.002963
48201211301,0.037966
48201211302,0.053173
48201211400,0.014238
48201211501,0.057595
48201211502,0.066614
48201211600,0.055086
48201211700,0.039015
48201211900,0.005099
48201212300,0.02977
48201212400,0.02159
48201212500,0.036338
48201220100,0.021006
48201220200,0.006574
48201220300,0.018798
48201220400,0.026655
48201220500,0.027529
48201220600,0.011076
48201220701,0.049147
48201220702,0.040543
48201220800,0.054355
48201220900,0.063534
48201221000,0.011035
48201221100,0.011115
48201221200,0.008313
48201221301,0.037424
48201221302,0.005553
48201221400,0.009274
48201221501,0.007887
48201221502,0.026206
48201221601,0.008626
48201221602,0.019743
48201221701,0.007931
48201221702,0.035135
48201221800,0.040044
48201221900,0.07012
48201222000,0.016291
48201222100,0.029888
48201222200,0.038312
48201222300,0.009211
48201222401,0.07235
48201222402,0.015578
48201222501,0.010217
48201222502,0.216222
48201222504,0.012216
48201222505,0.017183
48201222601,0.011713
48201222602,0.006631
48201222701,0.012775
48201222702,0.043077
48201222800,0.032746
48201222900,0.031927
48201223001,0.012676
48201223002,0.007658
48201223100,0.027907
48201230100,0.009935
48201230200,0.005794
48201230300,0.010561
48201230400,0.006345
48201230500,0.044815
48201230600,0.049762
48201230700,0.006786
48201230800,0.027692
48201230900,0.007616
48201231000,0.008936
48201231100,0.101484
48201231200,0.008711
48201231300,0.002257
48201231400,0.003143
48201231500,0.02788
48201231600,0.008594
48201231700,0.077037
48201231800,0.021628
48201231900,0.022792
48201232000,0.009718
48201232100,0.055841
48201232201,0.013307
48201232202,0.02845
48201232203,0.106239
48201232303,0.007515
48201232304,0.059703
48201232305,0.044638
48201232306,0.03247
48201232402,0.019038
48201232403,0.026858
48201232404,0.039869
48201232405,0.055459
48201232500,0.124969
48201232600,0.019521
48201232701,0.028942
48201232703,0.044751
48201232704,0.032998
48201232801,0.051531
48201232802,0.014697
48201232901,0.027408
48201232902,0.043122
48201233001,0.032619
48201233002,0.027848
48201233003,0.018022
48201233101,0.016395
48201233103,0.067585
48201233104,0.044904
48201233105,0.037951
48201233200,0.017486
48201233300,0.054254
48201233400,0.013741
48201233501,0.015378
48201233502,0.031469
48201233600,0.03652
48201233701,0.050544
48201233702,0.019048
48201233703,0.056502
48201240101,0.017439
48201240102,0.04203
48201240400,0.019724
48201240503,0.007674
48201240504,0.006725
48201240505,0.012167
48201240506,0.003654
48201240600,0.014737
48201240703,0.020141
48201240704,0.016609
48201240705,0.006977
48201240706,0.036788
48201240707,0.027308
48201240802,0.006577
48201240803,0.022402
48201240804,0.018183
48201240903,0.031487
48201240904,0.011765
48201240905,0.013684
48201240906,0.005176
48201241001,0.041705
48201241002,0.005512
48201241101,0.012892
48201241103,0.005678
48201241104,0.010251
48201241105,0.194257
48201241201,0.011159
48201241202,0.224257
48201241301,0.02204
48201241302,0.013269
48201241400,0.025144
48201241501,0.032378
48201241502,0.02482
48201241503,0.048017
48201250101,0.043995
48201250102,0.091085
48201250201,0.022125
48201250202,0.026401
48201250303,0.106523
48201250304,0.057685
48201250305,0.021906
48201250306,0.021228
48201250403,0.047109
48201250404,0.005972
48201250405,0.028967
48201250406,0.053462
48201250407,0.122305
48201250408,0.006821
48201250500,0.017488
48201250601,0.058453
48201250602,0.058697
48201250701,0.013805
48201250702,0.009046
48201250801,0.010019
48201250802,0.031467
48201250901,0.022837
48201250902,0.019298
48201251000,0.059736
48201251100,0.024192
48201251200,0.022027
48201251300,0.006774
48201251401,0.013705
48201251402,0.003616
48201251501,0.007588
48201251503,0.003505
48201251504,0.002226
48201251505,0.008436
48201251600,0.049235
48201251701,0.007985
48201251702,0.020049
48201251800,0.358488
48201251902,0.036324
48201251903,0.055465
48201251904,0.009091
48201252001,0.003396
48201252002,0.046026
48201252003,0.04994
48201252100,0.010701
48201252201,0.100908
48201252202,0.13437
48201252303,0.003601
48201252304,0.020344
48201252305,0.009369
48201252306,0.017513
48201252400,0.027634
48201252500,0.143976
48201252601,0.036964
48201252602,0.124557
48201252700,0.111208
48201252800,0.017802
48201252901,0.032676
48201252902,0.009933
48201253000,0.061617
48201253202,0.018706
48201253300,0.009255
48201253502,0.031274
48201310101,0.01268
48201310102,0.011906
48201310200,0.014103
48201310300,0.002351
48201310400,0.007928
48201310500,0.013915
48201310600,0.004136
48201310700,0.030379
48201310800,0.016606
48201310900,0.006321
48201311001,0.080591
48201311002,0.132537
48201311100,0.014466
48201311200,0.042388
48201311300,0.005095
48201311400,0.005663
48201311501,0.007272
48201311502,0.017722
48201311600,0.026597
48201311701,0.02102
48201311702,0.046188
48201311800,0.044738
48201311900,0.014042
48201312000,0.044109
48201312200,0.038931
48201312300,0.011617
48201312400,0.014879
48201312501,0.016351
48201312502,0.014315
48201312601,0.099094
48201312602,0.029001
48201312603,0.023871
48201312700,0.017393
48201312800,0.017075
48201312901,0.014022
48201312902,0.007971
48201313000,0.017005
48201313101,0.018267
48201313102,0.087013
48201313201,0.038319
48201313202,0.010955
48201313300,0.004366
48201313400,0.005364
48201313500,0.007932
48201313600,0.014024
48201313700,0.038965
48201313801,0.02521
48201313802,0.015562
48201313901,0.038587
48201313902,0.007239
48201314001,0.050467
48201314003,0.116101
48201314004,0.018172
48201314005,0.019384
48201314301,0.070872
48201314302,0.040109
48201314401,0.136214
48201314402,0.218381
48201320100,0.009605
48201320201,0.030559
48201320202,0.013237
48201320500,0.027055
48201320601,0.007407
48201320602,0.010443
48201320700,0.040144
48201320800,0.146262
48201320901,0.033197
48201320902,0.004567
48201321001,0.029251
48201321002,0.05649
48201321101,0.045766
48201321102,0.023841
48201321200,0.029344
48201321301,0.026311
48201321302,0.078095
48201321401,0.018452
48201321402,0.107844
48201321500,0.063801
48201321600,0.043816
48201321700,0.008197
48201321800,0.035902
48201321900,0.009863
48201322000,0.062135
48201322100,0.011932
48201322200,0.007977
48201322600,0.082882
48201322701,0.019798
48201322702,0.024853
48201322800,0.02661
48201322900,0.010515
48201323000,0.019428
48201323100,0.017296
48201323200,0.022804
48201323300,0.012904
48201323400,0.016942
48201323500,0.032859
48201323601,0.023611
48201323602,0.056581
48201323701,0.034031
48201323702,0.0429
48201323801,0.006161
48201323802,0.009686
48201323900,0.041981
48201324000,0.034425
48201324101,0.087509
48201324102,0.253988
48201324200,0.084858
48201330101,0.019627
48201330102,0.011004
48201330200,0.007647
48201330301,0.061494
48201330302,0.036869
48201330303,0.022981
48201330400,0.043767
48201330500,0.014996
48201330600,0.014447
48201330700,0.059388
48201330801,0.061204
48201330802,0.092501
48201330901,0.010482
48201330902,0.007148
48201331100,0.015326
48201331200,0.009739
48201331300,0.030852
48201331400,0.047616
48201331501,0.170481
48201331502,0.003807
48201331602,0.003893
48201331603,0.01087
48201331604,0.00714
48201331700,0.043018
48201331800,0.018179
48201331900,0.026541
48201332000,0.01931
48201332100,0.034937
48201332200,0.005238
48201332300,0.018277
48201332400,0.009323
48201332500,0.009635
48201332600,0.00489
48201332700,0.030281
48201332800,0.046069
48201332900,0.017281
48201333000,0.028715
48201333100,0.010487
48201333201,0.027252
48201333203,0.007831
48201333204,0.023268
48201333205,0.074998
48201333301,0.039707
48201333302,0.009035
48201333501,0.028417
48201333502,0.146984
48201333600,0.094126
48201333700,0.056271
48201333801,0.095261
48201333802,0.007451
48201333903,0.016918
48201333904,0.023134
48201333905,0.009184
48201333906,0.019225
48201334001,0.007268
48201334002,0.081506
48201334003,0.04175
48201334101,0.031694
48201334102,0.064693
48201340101,0.068684
48201340102,0.013011
48201340201,0.172868
48201340202,0.027539
48201340203,0.018095
48201340301,0.015844
48201340302,0.017135
48201340400,0.018356
48201340501,0.011348
48201340502,0.055158
48201340600,0.015341
48201340701,0.019601
48201340702,0.014632
48201340800,0.008886
48201340900,0.054349
48201341001,0.083466
48201341002,0.046533
48201341101,0.020002
48201341102,0.032013
48201341201,0.03269
48201341203,0.071028
48201341204,0.056868
48201341302,0.094685
48201341303,0.023959
48201341304,0.080386
48201341400,0.043017
48201341501,0.014134
48201341502,0.051841
48201342001,0.010462
48201342002,0.035538
48201342100,0.015004
48201342200,0.05623
48201342300,0.008248
48201342400,0.077052
48201342500,0.093273
48201342700,0.045876
48201342801,0.026746
48201342802,0.115029
48201342900,0.009512
48201343000,0.027946
48201343100,0.059728
48201343200,0.019822
48201343301,0.025579
48201343302,0.028149
48201343601,0.245971
48201343700,0.13209
48201350101,0.048351
48201350102,0.011306
48201350103,0.002422
48201350104,0.04299
48201350201,0.011289
48201350202,0.049726
48201350300,0.014955
48201350400,0.007178
48201350500,0.01078
48201350601,0.017828
48201350603,0.004649
48201350604,0.008203
48201350700,0.005134
48201350801,0.01001
48201350803,0.019216
48201350804,0.005212
48201410101,0.015146
48201410102,0.050993
48201410201,0.061741
48201410202,0.031626
48201410300,0.028346
48201410401,0.190046
48201410402,0.03028
48201410501,0.087344
48201410502,0.091646
48201410601,0.038743
48201410602,0.019179
48201410703,0.012245
48201410704,0.094354
48201410705,0.02145
48201410706,0.004552
48201410801,0.043809
48201410802,0.012179
48201410900,0.174983
48201411001,0.099088
48201411002,0.041492
48201411003,0.02303
48201411100,0.035061
48201411200,0.109748
48201411301,0.072261
48201411302,0.136873
48201411400,0.014281
48201411503,0.02412
48201411504,0.060423
48201411505,0.018789
48201411506,0.066837
48201411507,0.104442
48201411600,0.02197
48201411700,0.019016
48201411801,0.027649
48201411802,0.024137
48201411901,0.102035
48201411902,0.025366
48201412000,0.04723
48201412201,0.027696
48201412202,0.010275
48201412300,0.074663
48201412400,0.015881
48201412500,0.034574
48201412600,0.042257
48201412700,0.006809
48201412800,0.023953
48201412901,0.10979
48201412902,0.023508
48201413000,0.019689
48201413100,0.03068
48201413203,0.015041
48201413204,0.109123
48201413205,0.055769
48201413206,0.042418
48201413301,0.012512
48201413302,0.005104
48201420100,0.012113
48201420200,0.009439
48201420300,0.004219
48201420400,0.029149
48201420500,0.025723
48201420600,0.057948
48201420700,0.004097
48201420800,0.004943
48201420900,0.014163
48201421000,0.078493
48201421101,0.010614
48201421103,0.004599
48201421104,0.027372
48201421203,0.080528
48201421204,0.012579
48201421205,0.021872
48201421206,0.002909
48201421301,0.001301
48201421302,0.011315
48201421401,0.028859
48201421402,0.010387
48201421403,0.021297
48201421501,0.007415
48201421502,0.007503
48201421601,0.011248
48201421602,0.067286
48201421700,0.004432
48201421801,0.027308
48201421802,0.01642
48201421900,0.014483
48201422000,0.003204
48201422100,0.096679
48201422200,0.013647
48201422302,0.016377
48201422303,0.018119
48201422304,0.026853
48201422403,0.006984
48201422404,0.013774
48201422405,0.023803
48201422406,0.004259
48201422501,0.021389
48201422502,0.005709
48201422601,0.009177
48201422602,0.00502
48201422701,0.004334
48201422702,0.004983
48201422800,0.006339
48201422900,0.013404
48201423001,0.019454
48201423002,0.028745
48201423100,0.043377
48201423201,0.024206
48201423203,0.003867
48201423204,0.027227
48201423301,0.01649
48201423303,0.007314
48201423304,0.008495
48201423401,0.019768
48201423402,0.003954
48201423500,0.037804
48201423600,0.024338
48201430101,0.018608
48201430102,0.014577
48201430200,0.014829
48201430300,0.014916
48201430400,0.006437
48201430500,0.128156
48201430600,0.003232
48201430700,0.085468
48201430800,0.058094
48201430900,0.048756
48201431001,0.009647
48201431002,0.019117
48201431101,0.04714
48201431102,0.019399
48201431203,0.019615
48201431204,0.02169
48201431205,0.012597
48201431206,0.02366
48201431302,0.012179
48201431303,0.012249
48201431304,0.077453
48201431401,0.012829
48201431403,0.093486
48201431404,0.03406
48201431503,0.045939
48201431504,0.016334
48201431505,0.053381
48201431506,0.012232
48201431600,0.015404
48201431701,0.028827
48201431702,0.04176
48201431801,0.015655
48201431803,0.005586
48201431804,0.067371
48201431901,0.023564
48201431902,0.024517
48201432003,0.014677
48201432004,0.021768
48201432005,0.142625
48201432006,0.003301
48201432101,0.057703
48201432102,0.084747
48201432200,0.012934
48201432301,0.048539
48201432302,0.029655
48201432303,0.047012
48201432401,0.004149
48201432402,0.011657
48201432501,0.012885
48201432502,0.012477
48201432600,0.006399
48201432703,0.014887
48201432704,0.011263
48201432705,0.009035
48201432706,0.00382
48201432803,0.006221
48201432804,0.023038
48201432805,0.016248
48201432806,0.077136
48201432901,0.055325
48201432903,0.023913
48201432904,0.041504
48201433003,0.030582
48201433004,0.018344
48201433005,0.052158
48201433006,0.00986
48201433007,0.004722
48201433100,0.064323
48201433201,0.064261
48201433202,0.008761
48201433300,0.006562
48201433400,0.009385
48201433503,0.053936
48201433504,0.03478
48201433505,0.02117
48201433506,0.018116
48201433507,0.039218
48201433601,0.020227
48201433602,0.005666
48201440101,0.005777
48201440102,0.037924
48201450100,0.029224
48201450200,0.033216
48201450301,0.004844
48201450302,0.028857
48201450401,0.051038
48201450402,0.056706
48201450500,0.036952
48201450600,0.01253
48201450700,0.018033
48201450801,0.022963
48201450803,0.026922
48201450804,0.090296
48201450900,0.076358
48201451003,0.01795
48201451004,0.029759
48201451005,0.014046
48201451006,0.048138
48201451100,0.017484
48201451200,0.014016
48201451301,0.005614
48201451302,0.005584
48201451401,0.007741
48201451404,0.029268
48201451405,0.019377
48201451406,0.009083
48201451407,0.015016
48201451501,0.030412
48201451502,0.195841
48201451603,0.019501
48201451604,0.072748
48201451605,0.011922
48201451606,0.038367
48201451700,0.052484
48201451800,0.011697
48201451902,0.012393
48201451903,0.068958
48201451904,0.00661
48201452001,0.009858
48201452002,0.014111
48201452101,0.017142
48201452102,0.015235
48201452103,0.01689
48201452202,0.029032
48201452203,0.057383
48201452204,0.04866
48201452300,0.050216
48201452401,0.028156
48201452402,0.008024
48201452501,0.006895
48201452502,0.034994
48201452601,0.01265
48201452602,0.00499
48201452701,0.004363
48201452702,0.002789
48201452703,0.031783
48201452801,0.03912
48201452802,0.031022
48201452900,0.048246
48201453001,0.041462
48201453002,0.017799
48201453100,0.015815
48201453201,0.01231
48201453202,0.023874
48201453300,0.011958
48201453401,0.025258
48201453403,0.005763
48201453404,0.062079
48201453405,0.005109
48201453501,0.017696
48201453502,0.003793
48201453601,0.041531
48201453603,0.052759
48201453604,0.006085
48201453701,0.007478
48201453702,0.015233
48201453800,0.03747
48201453901,0.005491
48201453902,0.030682
48201454000,0.009267
48201454100,0.00601
48201454200,0.029696
48201454302,0.004381
48201454303,0.024556
48201454304,0.009666
48201454305,0.009363
48201454400,0.094121
48201454502,0.006535
48201454503,0.022558
48201454504,0.00657
48201454505,0.060797
48201454600,0.013273
48201454700,0.157616
48201454801,0.058511
48201454802,0.008587
48201454901,0.017338
48201454902,0.00663
48201455000,0.01627
48201455102,0.012074
48201455103,0.246223
48201455104,0.042736
48201455200,0.034042
48201455300,0.051013
48201510100,0.059223
48201510201,0.041401
48201510202,0.011189
48201510301,0.0557
48201510302,0.015897
48201510400,0.017614
48201510500,0.014679
48201510601,0.06288
48201510602,0.052173
48201510701,0.010767
48201510702,0.025774
48201510801,0.103365
48201510802,0.014251
48201510803,0.079583
48201510901,0.016775
48201510902,0.069352
48201511001,0.015046
48201511003,0.023943
48201511004,0.010066
48201511100,0.018646
48201511201,0.034472
48201511202,0.010117
48201511301,0.018678
48201511302,0.130144
48201511400,0.06868
48201511501,0.016351
48201511502,0.007757
48201511600,0.014454
48201520100,0.009905
48201520200,0.025108
48201520301,0.004843
48201520302,0.006609
48201520400,0.029554
48201520501,0.012731
48201520502,0.006699
48201520601,0.005333
48201520603,0.026198
48201520604,0.007821
48201520700,0.015238
48201521000,0.083639
48201521100,0.005213
48201521201,0.020611
48201521202,0.019252
48201521300,0.006682
48201521401,0.036315
48201521402,0.015952
48201521501,0.024769
48201521502,0.044271
48201521600,0.267261
48201521701,0.044272
48201521702,0.089883
48201521800,0.01022
48201521900,0.004601
48201522001,0.022534
48201522002,0.003889
48201522101,0.003556
48201522102,0.005174
48201522201,0.006608
48201522202,0.009634
48201522301,0.055995
48201522302,0.010292
48201522401,0.006806
48201522402,0.024587
48201522500,0.013619
48201530101,0.037841
48201530102,0.018792
48201530200,0.013852
48201530300,0.007632
48201530400,0.034665
48201530501,0.058198
48201530502,0.00219
48201530600,0.018574
48201530701,0.097045
48201530702,0.022123
48201530800,0.004797
48201530900,0.010139
48201531000,0.006502
48201531100,0.007083
48201531200,0.00184
48201531300,0.004934
48201531400,0.005875
48201531500,0.015903
48201531600,0.004297
48201531700,0.062516
48201531800,0.036516
48201531900,0.016928
48201532003,0.004794
48201532004,0.01375
48201532101,0.013785
48201532102,0.04114
48201532200,0.01198
48201532301,0.03668
48201532302,0.009635
48201532400,0.030357
48201532502,0.014697
48201532503,0.035662
48201532504,0.038172
48201532600,0.01866
48201532700,0.042034
48201532800,0.006709
48201532900,0.050172
48201533000,0.000997
48201533100,0.003609
48201533200,0.001823
48201533301,0.009827
48201533302,0.031026
48201533401,0.02242
48201533402,0.004749
48201533500,0.017946
48201533600,0.020361
48201533701,0.012198
48201533702,0.0135
48201533802,0.007269
48201533803,0.353098
48201533804,0.051078
48201533902,0.030199
48201533903,0.004384
48201533904,0.06369
48201534001,0.066149
48201534002,0.006968
48201534003,0.04977
48201534101,0.030178
48201534102,0.016588
48201534201,0.052569
48201534203,0.01345
48201534204,0.036999
48201534205,0.009932
48201540101,0.019309
48201540102,0.020457
48201540200,0.063565
48201540502,0.013739
48201540503,0.150905
48201540504,0.102743
48201540601,0.019875
48201540602,0.009784
48201540700,0.081482
48201540800,0.010456
48201540901,0.009712
48201540903,0.047254
48201540904,0.142669
48201541004,0.081248
48201541005,0.013353
48201541006,0.015839
48201541007,0.015968
48201541008,0.049396
48201541009,0.025855
48201541100,0.003853
48201541203,0.018612
48201541204,0.055177
48201541205,0.028373
48201541206,0.005718
48201541207,0.044589
48201541301,0.021504
48201541302,0.012236
48201541401,0.082219
48201541402,0.028102
48201541403,0.019081
48201541404,0.012427
48201541500,0.008781
48201541603,0.022095
48201541604,0.016351
48201541701,0.071696
48201541702,0.021777
48201541703,0.142978
48201541801,0.061381
48201541802,0.075147
48201541901,0.002715
48201541902,0.021699
48201542001,0.046976
48201542002,0.00782
48201542003,0.042369
48201542004,0.020335
48201542103,0.015847
48201542104,0.022137
48201542105,0.030755
48201542106,0.003933
48201542107,0.047209
48201542108,0.0464
48201542201,0.010917
48201542202,0.043366
48201542203,0.023359
48201542302,0.00597
48201542303,0.020819
48201542304,0.00883
48201542305,0.002909
48201542401,0.070692
48201542402,0.007807
48201542500,0.065806
48201542600,0.01853
48201542700,0.011062
48201542800,0.004498
48201542901,0.011924
48201542902,0.017286
48201543004,0.022569
48201543005,0.009354
48201543006,0.019646
48201543007,0.016576
48201543008,0.039968
48201543009,0.04202
48201543010,0.050407
48201543011,0.006308
48201543100,0.079574
48201543201,0.008479
48201543202,0.059842
48201550101,0.014242
48201550102,0.027099
48201550201,0.01455
48201550202,0.00748
48201550303,0.006108
48201550304,0.044432
48201550305,0.012193
48201550306,0.030562
48201550307,0.006333
48201550308,0.003958
48201550403,0.073047
48201550404,0.446468
48201550405,0.00935
48201550406,0.016816
48201550407,0.022312
48201550500,0.003578
48201550601,0.024925
48201550602,0.033098
48201550603,0.05975
48201550700,0.058107
48201550800,0.01982
48201550901,0.006696
48201550902,0.00283
48201551000,0.423361
48201551101,0.059039
48201551102,0.050203
48201551201,0.007722
48201551202,0.162353
48201551300,0.03588
48201551400,0.121998
48201551501,0.003658
48201551502,0.028986
48201551601,0.064587
48201551602,0.019128
48201551702,0.031972
48201551703,0.051966
48201551704,0.013215
48201551705,0.069963
48201551800,0.033078
48201551901,0.010092
48201551902,0.050323
48201552002,0.014336
48201552003,0.032026
48201552004,0.08659
48201552101,0.049785
48201552102,0.01687
48201552103,0.036821
48201552200,0.018558
48201552301,0.008144
48201552303,0.022997
48201552304,0.038344
48201552401,0.031161
48201552402,0.009623
48201552501,0.062638
48201552502,0.012694
48201552602,0.064988
48201552603,0.057328
48201552604,0.064016
48201552701,0.046415
48201552702,0.008028
48201552801,0.164541
48201552802,0.068143
48201552901,0.024927
48201552902,0.011088
48201553001,0.022388
48201553002,0.006968
48201553101,0.036737
48201553102,0.002776
48201553201,0.010227
48201553202,0.050228
48201553300,0.039307
48201553401,0.004789
48201553403,0.016475
48201553404,0.022269
48201553405,0.01669
48201553500,0.1881
48201553601,0.021655
48201553602,0.004642
48201553700,0.01818
48201553801,0.005146
48201553803,0.031211
48201553804,0.011585
48201553901,0.008318
48201554001,0.016971
48201554002,0.009226
48201554103,0.006441
48201554104,0.045205
48201554201,0.065534
48201554202,0.010235
48201554301,0.013533
48201554302,0.105113
48201554404,0.096334
48201554405,0.04003
48201554406,0.003251
48201554407,0.006964
48201554408,0.086551
48201554409,0.150336
48201554410,0.046661
48201554501,0.011638
48201554502,0.007804
48201554600,0.030485
48201554701,0.042244
48201554702,0.009971
48201554803,0.00974
48201554804,0.016434
48201554805,0.005271
48201554806,0.032967
48201554807,0.088109
48201554808,0.088043
48201554809,0.019664
48201554902,0.048925
48201554904,0.089074
48201554905,0.009024
48201554906,0.010307
48201554907,0.016443
48201554908,0.035463
48201555001,0.009933
48201555002,0.018747
48201555101,0.023953
48201555102,0.048089
48201555200,0.009873
48201555301,0.024078
48201555303,0.011364
48201555304,0.011303
48201555305,0.018444
48201555401,0.012833
48201555403,0.053399
48201555404,0.019771
48201555501,0.070241
48201555503,0.035324
48201555504,0.003796
48201555505,0.018261
48201555600,0.090915
48201555701,0.05546
48201555703,0.016106
48201555704,0.007788
48201556000,0.069605
48201556100,0.06225
48201980000,0.259637
48201980100,0.263299
48201980200,0.105095
48201980300,0.093311
48201980400,0.139865
48201980700,0.072767
48207950300,0.070526
48207950400,0.041319
48209010100,0.111986
48209010200,0.093189
48209010302,0.120699
48209010305,0.092994
48209010306,0.079209
48209010307,0.094169
48209010308,0.170281
48209010309,0.105622
48209010401,0.028911
48209010402,0.012295
48209010500,0.040255
48209010601,0.008079
48209010602,0.199921
48209010603,0.071285
48209010702,0.04619
48209010703,0.191537
48209010704,0.228598
48209010806,0.06394
48209010807,0.046207
48209010809,0.236819
48209010810,0.098583
48209010811,0.046346
48209010812,0.181468
48209010813,0.006006
48209010814,0.019156
48209010815,0.292342
48209010816,0.27182
48209010817,0.26666
48209010818,0.040985
48209010905,0.037247
48209010909,0.027388
48209010911,0.016653
48209010912,0.038983
48209010913,0.026404
48209010914,0.018945
48209010915,0.007389
48209010916,0.01559
48209010917,0.071027
48209010918,0.012328
48209010919,0.00923
48209010920,0.094969
48209010921,0.022038
48209010922,0.015064
48209010923,0.018312
48209010924,0.012967
48209010925,0.036101
48213950101,0.028868
48213950102,0.014858
48213950201,0.004047
48213950202,0.092433
48213950301,0.148537
48213950302,0.232104
48213950303,0.137611
48213950400,0.263415
48213950500,0.072749
48213950601,0.192063
48213950603,0.182891
48213950604,0.31303
48213950700,0.152496
48213950801,0.254979
48213950802,0.147122
48213950902,0.069115
48213950903,0.246166
48213950904,0.114813
48213950905,0.191427
48213951000,0.125413
48213951101,0.015627
48213951102,0.066868
48213951201,0.16649
48213951202,0.21507
48213951300,0.162956
48213951401,0.067658
48213951402,0.069345
48213951403,0.005627
48215020103,0.091245
48215020104,0.083834
48215020105,0.096872
48215020106,0.060657
48215020107,0.31714
48215020108,0.00514
48215020205,0.219346
48215020206,0.085176
48215020207,0.031997
48215020208,0.188061
48215020209,0.138779
48215020210,0.1291
48215020211,0.339265
48215020303,0.003323
48215020304,0.141918
48215020305,0.064337
48215020306,0.199314
48215020307,0.256702
48215020403,0.179963
48215020405,0.03008
48215020406,0.004317
48215020407,0.088416
48215020408,0.135437
48215020409,0.076433
48215020505,0.273969
48215020506,0.073113
48215020507,0.060996
48215020508,0.324016
48215020509,0.003369
48215020510,0.126902
48215020511,0.042017
48215020512,0.029136
48215020513,0.155674
48215020600,0.073497
48215020724,0.104356
48215020725,0.011318
48215020727,0.00373
48215020728,0.010244
48215020729,0.12862
48215020730,0.204592
48215020731,0.006622
48215020732,0.044334
48215020733,0.023769
48215020734,0.010899
48215020735,0.004656
48215020736,0.008751
48215020804,0.025622
48215020805,0.115527
48215020806,0.160388
48215020807,0.020767
48215020808,0.031038
48215020905,0.021873
48215020906,0.085097
48215020907,0.035081
48215020908,0.062121
48215020909,0.135112
48215020910,0.025561
48215021001,0.058757
48215021002,0.122592
48215021003,0.154524
48215021100,0.079622
48215021201,0.077444
48215021203,0.078836
48215021204,0.028936
48215021306,0.048747
48215021307,0.026145
48215021308,0.110561
48215021309,0.246888
48215021310,0.260295
48215021311,0.028553
48215021312,0.169821
48215021313,0.030226
48215021314,0.051847
48215021315,0.17878
48215021401,0.166841
48215021405,0.101787
48215021406,0.004649
48215021407,0.072046
48215021408,0.10288
48215021409,0.178225
48215021500,0.100353
48215021600,0.031671
48215021703,0.024262
48215021704,0.036403
48215021705,0.052411
48215021706,0.018799
48215021707,0.048179
48215021803,0.053402
48215021804,0.044474
48215021807,0.050454
48215021808,0.224421
48215021809,0.054155
48215021810,0.041542
48215021903,0.139695
48215021904,0.066013
48215021905,0.061213
48215021906,0.057073
48215022005,0.090719
48215022006,0.005025
48215022007,0.004388
48215022008,0.05324
48215022009,0.015247
48215022010,0.084016
48215022011,0.02892
48215022105,0.324113
48215022107,0.159377
48215022108,0.075222
48215022109,0.036099
48215022110,0.005134
48215022111,0.01912
48215022112,0.032605
48215022113,0.087366
48215022203,0.148324
48215022204,0.032891
48215022205,0.052737
48215022206,0.030904
48215022301,0.334992
48215022302,0.036129
48215022401,0.046142
48215022402,0.008065
48215022502,0.025442
48215022503,0.024394
48215022504,0.020128
48215022600,0.003632
48215022703,0.13657
48215022704,0.065736
48215022705,0.014205
48215022706,0.024906
48215022801,0.131566
48215022802,0.058952
48215022900,0.09545
48215023000,0.026111
48215023103,0.128332
48215023104,0.033224
48215023105,0.080949
48215023106,0.019918
48215023516,0.063935
48215023517,0.036471
48215023518,0.04141
48215023519,0.002093
48215023520,0.035336
48215023521,0.007982
48215023522,0.031836
48215023523,0.043451
48215023524,0.008619
48215023525,0.032321
48215023526,0.092186
48215023527,0.004263
48215023528,0.068774
48215023529,0.005276
48215023530,0.014153
48215023531,0.012248
48215023532,0.007911
48215023533,0.006513
48215023534,0.02349
48215023535,0.009953
48215023536,0.06385
48215023601,0.076245
48215023602,0.023444
48215023700,0.15407
48215023803,0.018189
48215023804,0.183793
48215023805,0.010467
48215023806,0.091753
48215023903,0.281366
48215023905,0.004445
48215023906,0.022608
48215023907,0.084137
48215023908,0.028434
48215024001,0.14923
48215024002,0.054523
48215024003,0.204248
48215024004,0.032861
48215024107,0.105074
48215024108,0.006172
48215024109,0.038445
48215024115,0.018507
48215024116,0.015765
48215024117,0.144378
48215024118,0.111884
48215024119,0.241074
48215024120,0.038146
48215024121,0.037431
48215024122,0.006749
48215024123,0.007384
48215024124,0.018675
48215024125,0.222961
48215024126,0.080173
48215024127,0.00877
48215024128,0.051393
48215024129,0.093831
48215024130,0.035077
48215024131,0.008791
48215024132,0.018629
48215024204,0.252668
48215024206,0.119507
48215024207,0.068415
48215024208,0.064149
48215024209,0.156616
48215024210,0.272848
48215024211,0.052413
48215024212,0.008539
48215024301,0.051672
48215024302,0.007147
48215024403,0.034974
48215024404,0.025076
48215024405,0.109411
48215024406,0.048885
48215024501,0.00608
48215024502,0.096905
48215024600,0.0394
48215980000,0.09069
48217960100,0.033315
48217960200,0.076596
48217960400,0.034664
48217960501,0.008465
48217960502,0.01962
48217960600,0.087645
48217960700,0.108644
48217960800,0.101817
48217960900,0.12757
48217961000,0.138779
48217961100,0.114945
48217961400,0.028559
48221160100,0.096253
48221160204,0.06341
48221160206,0.187984
48221160210,0.094066
48221160211,0.179276
48221160212,0.155057
48221160213,0.077621
48221160214,0.065241
48221160215,0.248816
48221160216,0.053395
48221160217,0.182401
48221160218,0.278907
48221160302,0.031075
48221160303,0.041095
48223950100,0.066714
48223950200,0.099852
48223950301,0.036446
48223950302,0.154181
48223950401,0.06902
48223950402,0.103209
48223950500,0.128332
48223950600,0.067721
48223950700,0.008914
48223950800,0.037491
48225950101,0.204144
48225950102,0.102366
48225950200,0.202059
48225950300,0.206884
48225950400,0.221612
48225950500,0.049549
48225950600,0.166083
48225950700,0.093691
48227950100,0.078736
48227950200,0.019953
48227950300,0.022399
48227950400,0.067424
48227950500,0.145921
48227950600,0.014213
48227950700,0.010254
48227950801,0.076205
48227950802,0.103597
48227950900,0.035216
48231960100,0.035113
48231960200,0.024484
48231960300,0.013134
48231960400,0.120928
48231960500,0.067216
48231960600,0.154574
48231960700,0.039017
48231960800,0.162785
48231960900,0.214234
48231961000,0.129419
48231961101,0.144472
48231961102,0.120283
48231961200,0.078522
48231961300,0.069309
48231961401,0.102094
48231961402,0.06122
48231961501,0.100374
48231961502,0.136637
48231961503,0.127579
48231961600,0.154396
48231961700,0.028004
48235950100,0.139708
48237950100,0.143619
48237950300,0.245728
48237950500,0.128311
48239950100,0.020968
48239950200,0.082352
48239950300,0.01256
48247950200,0.085257
48247950400,0.027354
48249950101,0.09538
48249950102,0.02854
48249950201,0.076715
48249950202,0.148652
48249950301,0.025561
48249950302,0.089419
48249950303,0.196444
48249950400,0.020576
48249950500,0.073792
48249950600,0.070788
48249950700,0.082481
48251130100,0.100163
48251130205,0.042896
48251130210,0.006214
48251130211,0.022363
48251130212,0.104739
48251130213,0.061282
48251130214,0.155061
48251130215,0.039051
48251130216,0.006885
48251130217,0.006786
48251130218,0.139427
48251130219,0.016215
48251130220,0.017842
48251130221,0.01573
48251130222,0.007948
48251130302,0.048898
48251130303,0.148516
48251130304,0.083664
48251130405,0.006753
48251130406,0.038418
48251130411,0.044404
48251130412,0.065467
48251130413,0.17454
48251130414,0.077944
48251130415,0.135068
48251130416,0.007493
48251130417,0.055067
48251130418,0.016273
48251130419,0.032389
48251130501,0.016004
48251130502,0.010748
48251130602,0.035556
48251130603,0.21238
48251130604,0.105712
48251130700,0.006951
48251130800,0.11275
48251130900,0.025988
48251131000,0.003121
48251131100,0.166905
48253020101,0.228321
48253020102,0.056865
48253020200,0.162595
48253020300,0.028223
48253020400,0.012168
48253020500,0.028218
48255970100,0.12029
48255970200,0.024459
48255970301,0.147349
48255970302,0.163964
48255970400,0.042221
48257050204,0.013068
48257050207,0.005978
48257050208,0.011127
48257050209,0.003909
48257050210,0.015127
48257050211,0.004952
48257050212,0.010949
48257050213,0.005264
48257050214,0.002059
48257050215,0.019101
48257050300,0.200003
48257050401,0.134092
48257050402,0.018406
48257050500,0.100336
48257050601,0.035335
48257050602,0.07022
48257050701,0.023126
48257050703,0.057294
48257050704,0.099078
48257050801,0.039371
48257050802,0.034471
48257051000,0.188584
48257051100,0.076655
48257051201,0.038734
48257051202,0.041604
48257051301,0.105202
48257051302,0.023557
48259970101,0.16515
48259970102,0.010107
48259970301,0.115274
48259970302,0.231991
48259970403,0.123898
48259970404,0.024498
48259970405,0.049146
48259970406,0.078374
48259970500,0.119825
48261950100,0.067593
48263950100,0.091399
48265960101,0.064691
48265960102,0.082685
48265960200,0.019064
48265960301,0.104056
48265960303,0.231234
48265960304,0.046194
48265960401,0.249436
48265960403,0.246008
48265960404,0.221813
48265960500,0.046023
48265960601,0.184241
48265960602,0.223695
48265960700,0.201338
48265960800,0.052592
48267950100,0.057979
48267950200,0.183855
48269950100,0.133473
48271950100,0.010566
48273020101,0.023798
48273020102,0.030652
48273020200,0.045818
48273020301,0.01966
48273020302,0.171966
48273020401,0.04668
48273020402,0.230727
48273020501,0.038066
48273020502,0.067738
48275950100,0.064918
48275950200,0.021881
48277000101,0.133316
48277000102,0.078932
48277000200,0.011817
48277000301,0.055332
48277000302,0.038488
48277000401,0.162369
48277000402,0.255558
48277000500,0.163072
48277000600,0.160391
48277000700,0.09055
48277000800,0.103
48277000900,0.12004
48277001000,0.073975
48281950100,0.036708
48281950302,0.140264
48281950303,0.139666
48281950304,0.086313
48281950400,0.188255
48281950500,0.129308
48283950301,0.087296
48283950302,0.143574
48285000100,0.03434
48285000200,0.074609
48285000300,0.017543
48285000400,0.128508
48285000500,0.080932
48285000600,0.176934
48287000100,0.030187
48287000200,0.02428
48287000300,0.027406
48287000400,0.057621
48289950101,0.06904
48289950102,0.054078
48289950201,0.042325
48289950202,0.01661
48289950301,0.064169
48289950302,0.154477
48291700100,0.02567
48291700200,0.198609
48291700301,0.030075
48291700302,0.01256
48291700303,0.123616
48291700400,0.110624
48291700500,0.047704
48291700900,0.032959
48291701000,0.091353
48293970100,0.117301
48293970200,0.019454
48293970300,0.187086
48293970400,0.048255
48293970500,0.178609
48293970600,0.078758
48293970700,0.018232
48293970800,0.029398
48297950100,0.108208
48297950200,0.059956
48297950300,0.073213
48297950400,0.115412
48299970100,0.185288
48299970200,0.113665
48299970300,0.129149
48299970401,0.252908
48299970402,0.0447
48299970501,0.020734
48299970502,0.066633
48299970600,0.076436
48303000100,0.015765
48303000201,0.006469
48303000202,0.042438
48303000301,0.006227
48303000303,0.018469
48303000304,0.058662
48303000402,0.064049
48303000403,0.017892
48303000406,0.031019
48303000407,0.102166
48303000408,0.010904
48303000409,0.008585
48303000410,0.024239
48303000411,0.021007
48303000501,0.032208
48303000502,0.099248
48303000503,0.141816
48303000603,0.030544
48303000605,0.025868
48303000607,0.124641
48303000700,0.049462
48303000901,0.03708
48303000902,0.048255
48303001000,0.035882
48303001200,0.004877
48303001300,0.092892
48303001401,0.114498
48303001402,0.140682
48303001501,0.16894
48303001502,0.015087
48303001601,0.057495
48303001602,0.027836
48303001708,0.042092
48303001709,0.003357
48303001710,0.036826
48303001711,0.0067
48303001712,0.011605
48303001713,0.018766
48303001714,0.009459
48303001715,0.04171
48303001716,0.006593
48303001717,0.004582
48303001804,0.059726
48303001805,0.039364
48303001806,0.029135
48303001807,0.018012
48303001808,0.013565
48303001904,0.010703
48303001905,0.035569
48303001906,0.016522
48303001907,0.015166
48303001908,0.019322
48303002001,0.019239
48303002002,0.007523
48303002102,0.017277
48303002103,0.007121
48303002104,0.003086
48303002203,0.004466
48303002205,0.024883
48303002206,0.007798
48303002207,0.315472
48303002208,0.017918
48303002301,0.021256
48303002302,0.152381
48303002401,0.055694
48303002402,0.016278
48303002500,0.038921
48303010101,0.070077
48303010102,0.172583
48303010201,0.061582
48303010202,0.092646
48303010203,0.036065
48303010204,0.026936
48303010301,0.031489
48303010302,0.139865
48303010402,0.105967
48303010404,0.060329
48303010409,0.018016
48303010410,0.038155
48303010411,0.010717
48303010412,0.189764
48303010413,0.031757
48303010414,0.009205
48303010415,0.039791
48303010416,0.035262
48303010417,0.019823
48303010418,0.053643
48303010419,0.027441
48303010420,0.054209
48303010421,0.012846
48303010422,0.040987
48303010423,0.02759
48303010502,0.047537
48303010504,0.016129
48303010505,0.017337
48303010506,0.06347
48303010509,0.03407
48303010510,0.038104
48303010511,0.014616
48303010512,0.01238
48303010513,0.082639
48303010514,0.007454
48303010601,0.072261
48303010602,0.287204
48303010700,0.107963
48303980000,0.158111
48305950400,0.078864
48305950500,0.061634
48305950600,0.045659
48307950300,0.152225
48307950400,0.114549
48307950500,0.162189
48309000100,0.062347
48309000200,0.064313
48309000300,0.034348
48309000401,0.086744
48309000402,0.050172
48309000598,0.064655
48309000700,0.014561
48309000800,0.037522
48309000900,0.042895
48309001000,0.005861
48309001100,0.004498
48309001200,0.054757
48309001300,0.01788
48309001401,0.007939
48309001402,0.010091
48309001500,0.011687
48309001600,0.0549
48309001700,0.091339
48309001800,0.136121
48309001900,0.068074
48309002000,0.066278
48309002100,0.083547
48309002302,0.078101
48309002498,0.075394
48309002501,0.053944
48309002503,0.035411
48309002504,0.03033
48309002600,0.006597
48309002700,0.016905
48309002800,0.006242
48309002900,0.023598
48309003000,0.004041
48309003200,0.131778
48309003300,0.03833
48309003401,0.104849
48309003402,0.135955
48309003500,0.065062
48309003601,0.007164
48309003602,0.129107
48309003701,0.204451
48309003703,0.113053
48309003708,0.018547
48309003709,0.037006
48309003710,0.019093
48309003711,0.005373
48309003712,0.031104
48309003801,0.040253
48309003802,0.014233
48309003901,0.155582
48309003902,0.122343
48309004000,0.022652
48309004102,0.005896
48309004104,0.00801
48309004105,0.008726
48309004201,0.062219
48309004202,0.157225
48309004300,0.032582
48309980000,0.041053
48311950100,0.033502
48313000100,0.050253
48313000200,0.155978
48313000300,0.151638
48313000400,0.130831
48317950100,0.05501
48317950200,0.065316
48319950100,0.098291
48319950200,0.073687
48321730100,0.218636
48321730202,0.020306
48321730203,0.106943
48321730204,0.282167
48321730301,0.241428
48321730302,0.306508
48321730303,0.014857
48321730400,0.088387
48321730502,0.036747
48321730503,0.189822
48321730600,0.033277
48321730700,0.034248
48323950204,0.024372
48323950206,0.016235
48323950207,0.01499
48323950208,0.242084
48323950209,0.012498
48323950301,0.088668
48323950302,0.083069
48323950400,0.166058
48323950500,0.056919
48323950601,0.058988
48323950602,0.007541
48323950701,0.023275
48323950702,0.053465
48325000101,0.037238
48325000103,0.105453
48325000104,0.166932
48325000200,0.017249
48325000301,0.110219
48325000302,0.050851
48325000401,0.127054
48325000402,0.017835
48325000500,0.033995
48325000801,0.100719
48325000802,0.163095
48327950300,0.094452
48329010123,0.059582
48329010124,0.066698
48329010128,0.043897
48329010129,0.023478
48331950100,0.013439
48331950300,0.130628
48331950401,0.133651
48331950402,0.134274
48331950500,0.125546
48331950700,0.082206
48331950800,0.042064
48333950100,0.010717
48333950200,0.119158
48335950200,0.083207
48335950400,0.087474
48337950100,0.034588
48337950200,0.103944
48337950401,0.131102
48337950402,0.058159
48337950501,0.096072
48337950502,0.103925
48337950600,0.015542
48339690101,0.011439
48339690102,0.060591
48339690203,0.047523
48339690204,0.01077
48339690205,0.009067
48339690206,0.00838
48339690207,0.249509
48339690300,0.049929
48339690403,0.017106
48339690404,0.1859
48339690405,0.109671
48339690406,0.008282
48339690407,0.009583
48339690408,0.013529
48339690501,0.009888
48339690502,0.010894
48339690503,0.019139
48339690603,0.003702
48339690604,0.007823
48339690605,0.069231
48339690606,0.005195
48339690607,0.012279
48339690608,0.016049
48339690609,0.009492
48339690610,0.045372
48339690701,0.013069
48339690702,0.014525
48339690800,0.019298
48339690900,0.004133
48339691000,0.010128
48339691100,0.004974
48339691201,0.109721
48339691202,0.010607
48339691301,0.007946
48339691302,0.00688
48339691401,0.018005
48339691402,0.060401
48339691403,0.05821
48339691500,0.008755
48339691601,0.00811
48339691602,0.032905
48339691700,0.037894
48339691801,0.008164
48339691802,0.01123
48339691900,0.124466
48339692003,0.044511
48339692004,0.038823
48339692005,0.004235
48339692006,0.019865
48339692007,0.019853
48339692008,0.050061
48339692009,0.006296
48339692010,0.051062
48339692101,0.022821
48339692102,0.121634
48339692103,0.044064
48339692201,0.007609
48339692202,0.0091
48339692301,0.16073
48339692302,0.006454
48339692303,0.03163
48339692304,0.00392
48339692401,0.032127
48339692402,0.026613
48339692501,0.045261
48339692502,0.012882
48339692601,0.013332
48339692603,0.009721
48339692604,0.031471
48339692605,0.038973
48339692701,0.012341
48339692702,0.039527
48339692802,0.022513
48339692803,0.059656
48339692804,0.00976
48339692900,0.03632
48339693001,0.109698
48339693002,0.046485
48339693102,0.065534
48339693103,0.159945
48339693104,0.044573
48339693201,0.009322
48339693202,0.022641
48339693301,0.119889
48339693302,0.007948
48339693303,0.059007
48339693304,0.065402
48339693401,0.034999
48339693402,0.027552
48339693501,0.065604
48339693502,0.253017
48339693503,0.048793
48339693600,0.041142
48339693701,0.057747
48339693702,0.00714
48339693703,0.059489
48339693800,0.052811
48339693901,0.114692
48339693902,0.206956
48339693903,0.275359
48339693904,0.029691
48339694001,0.012682
48339694002,0.080967
48339694103,0.00827
48339694104,0.020582
48339694105,0.084158
48339694106,0.072165
48339694107,0.095682
48339694203,0.041207
48339694204,0.012979
48339694205,0.207131
48339694206,0.058222
48339694207,0.037678
48339694208,0.007358
48339694209,0.006573
48339694210,0.027709
48339694303,0.007416
48339694304,0.024387
48339694305,0.036809
48339694306,0.066388
48339694307,0.072502
48339694308,0.062322
48339694309,0.034445
48339694401,0.015006
48339694402,0.034465
48339694403,0.07327
48339694501,0.009069
48339694502,0.03294
48339694503,0.021574
48339694601,0.01178
48339694602,0.010213
48339694603,0.06061
48339694700,0.036913
48347950200,0.09171
48349970100,0.094058
48349970200,0.049815
48349970301,0.035104
48349970302,0.132086
48349970400,0.020764
48349970500,0.005478
48349970600,0.074482
48349970701,0.071086
48349970800,0.100544
48349970901,0.04565
48349970902,0.160153
48349971000,0.096088
48353950100,0.094956
48353950200,0.159544
48353950300,0.104421
48353950400,0.08469
48353950500,0.031929
48355000500,0.169278
48355000601,0.222072
48355000602,0.021757
48355000700,0.017604
48355000800,0.020265
48355000900,0.00857
48355001000,0.052045
48355001100,0.087849
48355001201,0.017316
48355001202,0.017225
48355001300,0.006418
48355001400,0.010487
48355001500,0.01345
48355001601,0.006049
48355001602,0.005412
48355001702,0.112207
48355001703,0.006863
48355001704,0.00291
48355001801,0.0089
48355001802,0.053816
48355001903,0.027158
48355001904,0.014346
48355001905,0.09803
48355001906,0.209128
48355002001,0.044859
48355002002,0.008927
48355002101,0.00586
48355002102,0.007832
48355002200,0.005172
48355002301,0.007205
48355002303,0.015198
48355002304,0.017775
48355002400,0.029839
48355002500,0.012481
48355002601,0.048493
48355002602,0.005172
48355002603,0.005504
48355002703,0.102946
48355002705,0.00529
48355002706,0.171179
48355002707,0.017948
48355002708,0.081458
48355002900,0.307849
48355003002,0.008925
48355003003,0.111868
48355003004,0.016806
48355003101,0.003157
48355003102,0.008057
48355003202,0.027324
48355003204,0.041798
48355003205,0.038675
48355003206,0.027324
48355003303,0.042683
48355003304,0.060862
48355003305,0.010846
48355003306,0.01234
48355003401,0.024409
48355003402,0.022163
48355003500,0.060796
48355003601,0.010689
48355003602,0.009547
48355003603,0.016078
48355003700,0.021109
48355005103,0.109946
48355005104,0.122202
48355005404,0.004001
48355005406,0.0296
48355005407,0.022918
48355005408,0.029063
48355005409,0.019706
48355005410,0.011033
48355005411,0.060451
48355005412,0.004712
48355005413,0.039094
48355005414,0.004137
48355005415,0.012627
48355005416,0.031303
48355005417,0.018832
48355005603,0.018036
48355005604,0.17475
48355005605,0.130078
48355005606,0.181831
48355005801,0.069846
48355005803,0.062541
48355005804,0.035923
48355005900,0.01164
48355006000,0.036792
48355006100,0.058666
48355006201,0.003528
48355006202,0.03371
48355006203,0.054256
48355006204,0.006106
48355006205,0.111703
48355006300,0.134439
48355006400,0.067937
48355980000,0.089874
48363000100,0.102376
48363000200,0.120353
48363000300,0.077542
48363000401,0.119478
48363000402,0.069674
48363000500,0.33768
48363000600,0.126384
48363000700,0.072385
48363000800,0.156199
48363000900,0.314237
48367140101,0.083359
48367140102,0.027213
48367140201,0.135716
48367140202,0.056276
48367140300,0.035661
48367140403,0.017508
48367140408,0.075965
48367140409,0.075872
48367140410,0.055464
48367140411,0.10349
48367140412,0.220861
48367140413,0.020072
48367140414,0.006615
48367140415,0.028194
48367140416,0.031742
48367140502,0.125224
48367140503,0.01738
48367140504,0.054282
48367140601,0.072922
48367140603,0.093657
48367140604,0.120509
48367140707,0.088572
48367140708,0.128035
48367140709,0.096944
48367140710,0.21821
48367140711,0.104019
48367140712,0.056683
48367140713,0.047712
48367140714,0.040036
48371950100,0.024825
48373210203,0.005774
48373210204,0.068835
48373210205,0.256124
48373210206,0.1608
48373210301,0.096627
48373210302,0.022654
48373210402,0.014051
48379950101,0.014634
48379950102,0.094983
48379950200,0.147473
48383950100,0.093954
48385950100,0.053395
48387950100,0.021173
48387950501,0.131337
48387950502,0.102657
48387950600,0.025225
48387950700,0.006314
48391950200,0.078126
48391950400,0.124848
48395960100,0.08851
48395960200,0.018628
48395960300,0.063646
48395960400,0.07483
48395960501,0.204689
48395960502,0.091888
48397040101,0.040865
48397040103,0.171992
48397040104,0.066678
48397040201,0.051515
48397040202,0.125306
48397040203,0.014237
48397040301,0.120443
48397040303,0.097328
48397040304,0.040786
48397040305,0.040387
48397040403,0.193703
48397040404,0.155006
48397040405,0.123683
48397040406,0.298697
48397040407,0.16147
48397040408,0.070112
48397040409,0.024794
48397040410,0.082806
48397040411,0.045242
48397040412,0.042392
48397040503,0.033628
48397040507,0.009158
48397040508,0.072154
48397040509,0.096745
48397040510,0.098181
48397040511,0.011105
48397040512,0.023149
48397040513,0.059868
48397040514,0.025153
48399950100,0.070767
48399950200,0.183355
48399950500,0.042749
48399950600,0.069783
48401950200,0.0323
48401950300,0.145447
48401950400,0.067433
48401950501,0.050058
48401950502,0.211439
48401951000,0.051027
48401951100,0.091749
48407200103,0.052768
48407200104,0.038807
48407200105,0.041268
48407200106,0.007081
48407200107,0.107934
48407200201,0.088969
48407200202,0.297972
48407200301,0.024995
48407200302,0.014605
48409010201,0.127995
48409010202,0.083099
48409010301,0.039394
48409010302,0.107542
48409010500,0.018133
48409010601,0.041321
48409010602,0.004965
48409010603,0.034877
48409010604,0.10794
48409010700,0.040763
48409010800,0.069402
48409010900,0.067832
48409011000,0.120577
48409011100,0.193075
48409011200,0.030159
48409011300,0.039236
48411950100,0.104308
48411950200,0.054264
48413950300,0.012971
48415950100,0.224677
48415950200,0.051124
48415950300,0.067499
48415950600,0.087868
48417950300,0.101711
48423000100,0.20932
48423000201,0.101983
48423000202,0.092121
48423000300,0.080087
48423000400,0.19674
48423000500,0.030946
48423000600,0.153565
48423000700,0.160883
48423000800,0.124198
48423000900,0.132967
48423001000,0.014762
48423001101,0.084762
48423001102,0.185489
48423001200,0.26589
48423001300,0.176073
48423001404,0.044241
48423001405,0.028515
48423001406,0.032913
48423001407,0.10147
48423001408,0.062762
48423001501,0.060446
48423001502,0.023166
48423001602,0.146004
48423001605,0.171805
48423001606,0.204653
48423001607,0.161367
48423001608,0.185942
48423001701,0.088127
48423001702,0.024401
48423001803,0.133588
48423001804,0.043038
48423001805,0.275119
48423001806,0.156893
48423001807,0.122928
48423001906,0.051659
48423001909,0.02942
48423001910,0.012358
48423001911,0.027531
48423001912,0.265266
48423001913,0.234334
48423001914,0.075029
48423001915,0.020285
48423001916,0.008927
48423001917,0.091175
48423002003,0.114741
48423002004,0.041038
48423002006,0.034645
48423002009,0.094818
48423002010,0.007392
48423002011,0.026466
48423002012,0.046114
48423002013,0.084453
48423002101,0.073855
48423002102,0.062253
48423002200,0.03284
48423980000,0.143178
48425000101,0.040352
48425000102,0.055557
48425000200,0.115067
48427950101,0.180559
48427950104,0.015718
48427950105,0.134225
48427950106,0.224633
48427950107,0.21118
48427950108,0.008583
48427950202,0.086005
48427950203,0.204341
48427950204,0.149041
48427950402,0.204737
48427950403,0.324652
48427950404,0.279854
48427950500,0.168059
48427950601,0.253308
48427950602,0.228444
48427950701,0.12845
48427950702,0.196479
48429950200,0.14145
48429950300,0.149462
48429950500,0.099631
48431950100,0.139693
48433950300,0.034331
48435950300,0.033553
48439100101,0.058325
48439100102,0.044984
48439100201,0.003496
48439100202,0.112223
48439100300,0.048522
48439100401,0.134655
48439100402,0.123131
48439100503,0.108437
48439100504,0.145259
48439100505,0.009255
48439100506,0.004889
48439100601,0.033902
48439100602,0.175017
48439100700,0.133304
48439100800,0.082071
48439100900,0.07767
48439101201,0.01836
48439101202,0.021915
48439101301,0.004749
48439101302,0.05168
48439101401,0.014448
48439101402,0.026015
48439101403,0.036976
48439101500,0.099254
48439101700,0.015733
48439102000,0.042214
48439102101,0.071645
48439102102,0.013511
48439102201,0.021564
48439102202,0.016122
48439102301,0.040055
48439102302,0.176928
48439102401,0.017183
48439102402,0.102066
48439102500,0.002542
48439102601,0.027178
48439102602,0.019454
48439102700,0.006368
48439103500,0.009069
48439103601,0.003666
48439103602,0.038003
48439103701,0.005193
48439103702,0.009429
48439103800,0.05469
48439104100,0.161635
48439104202,0.01777
48439104203,0.002539
48439104204,0.014831
48439104301,0.011021
48439104302,0.007678
48439104400,0.004833
48439104502,0.017457
48439104503,0.007948
48439104504,0.011284
48439104505,0.016234
48439104601,0.006826
48439104602,0.006089
48439104603,0.031894
48439104604,0.005744
48439104605,0.021823
48439104701,0.007568
48439104702,0.111219
48439104802,0.002677
48439104803,0.015378
48439104804,0.00596
48439104900,0.00884
48439105007,0.019629
48439105008,0.020687
48439105009,0.017129
48439105201,0.014729
48439105203,0.17174
48439105204,0.046145
48439105206,0.088112
48439105207,0.019131
48439105403,0.014315
48439105404,0.004354
48439105405,0.030291
48439105407,0.207881
48439105408,0.006323
48439105502,0.004318
48439105503,0.020825
48439105505,0.007881
48439105511,0.011277
48439105512,0.013168
48439105513,0.029204
48439105514,0.059012
48439105515,0.003852
48439105516,0.017057
48439105517,0.033355
48439105518,0.026898
48439105519,0.006481
48439105520,0.034364
48439105600,0.011242
48439105701,0.020537
48439105703,0.028817
48439105705,0.006593
48439105706,0.008745
48439105800,0.014335
48439105901,0.016564
48439105902,0.003212
48439106002,0.055315
48439106004,0.005863
48439106005,0.014603
48439106006,0.001781
48439106101,0.038322
48439106102,0.120702
48439106201,0.02819
48439106202,0.020489
48439106300,0.002494
48439106400,0.053753
48439106502,0.008542
48439106503,0.00823
48439106507,0.007249
48439106509,0.028833
48439106512,0.008016
48439106513,0.106552
48439106514,0.007493
48439106515,0.003279
48439106518,0.009471
48439106519,0.012365
48439106520,0.065263
48439106521,0.011633
48439106522,0.006021
48439106523,0.022012
48439106524,0.023561
48439106525,0.00726
48439106526,0.009955
48439106600,0.023682
48439106700,0.031787
48439110102,0.055898
48439110103,0.024771
48439110104,0.082254
48439110202,0.090974
48439110204,0.006219
48439110205,0.003625
48439110206,0.032084
48439110301,0.039006
48439110302,0.060751
48439110401,0.017442
48439110402,0.061671
48439110500,0.219761
48439110600,0.157036
48439110703,0.027109
48439110704,0.03446
48439110705,0.010203
48439110706,0.011733
48439110805,0.09865
48439110806,0.01819
48439110807,0.025252
48439110808,0.069909
48439110809,0.093914
48439110901,0.069209
48439110903,0.045097
48439110905,0.047414
48439110906,0.103917
48439110907,0.05307
48439111003,0.023813
48439111010,0.031343
48439111015,0.026352
48439111018,0.031263
48439111019,0.006239
48439111020,0.006562
48439111021,0.014081
48439111022,0.015992
48439111023,0.004547
48439111024,0.00443
48439111025,0.020804
48439111026,0.009643
48439111027,0.021372
48439111028,0.004315
48439111029,0.015877
48439111030,0.006541
48439111031,0.043904
48439111032,0.00113
48439111033,0.004456
48439111102,0.047003
48439111103,0.203881
48439111104,0.139307
48439111202,0.082135
48439111203,0.032031
48439111204,0.006812
48439111304,0.012367
48439111306,0.01454
48439111307,0.060087
48439111308,0.015232
48439111309,0.013659
48439111311,0.008077
48439111312,0.020612
48439111314,0.023477
48439111315,0.009059
48439111316,0.004431
48439111317,0.014495
48439111318,0.009047
48439111319,0.015195
48439111320,0.008874
48439111402,0.008615
48439111405,0.151074
48439111406,0.007968
48439111407,0.007107
48439111408,0.01943
48439111409,0.008166
48439111410,0.030302
48439111411,0.071772
48439111505,0.057492
48439111506,0.026005
48439111513,0.019245
48439111514,0.01621
48439111516,0.041838
48439111522,0.005664
48439111525,0.018416
48439111526,0.083996
48439111529,0.018222
48439111530,0.008801
48439111531,0.036721
48439111532,0.006639
48439111533,0.019852
48439111534,0.005556
48439111536,0.047438
48439111538,0.039559
48439111540,0.005258
48439111541,0.00556
48439111542,0.007836
48439111543,0.007386
48439111544,0.005661
48439111545,0.017765
48439111546,0.014213
48439111551,0.007205
48439111552,0.011824
48439111553,0.026734
48439111554,0.007967
48439111555,0.007777
48439111556,0.03842
48439111557,0.002948
48439111558,0.006126
48439111559,0.105781
48439111560,0.00672
48439111561,0.003994
48439111562,0.11157
48439111563,0.03168
48439111564,0.062203
48439111565,0.013957
48439111566,0.016523
48439111567,0.009358
48439111568,0.049247
48439111569,0.032341
48439111570,0.0067
48439111571,0.0208
48439111572,0.008451
48439113003,0.022861
48439113004,0.095202
48439113005,0.175516
48439113006,0.007308
48439113007,0.01771
48439113102,0.012316
48439113104,0.012114
48439113107,0.005152
48439113108,0.003245
48439113109,0.023111
48439113110,0.025337
48439113112,0.006374
48439113115,0.030799
48439113116,0.025498
48439113117,0.011079
48439113118,0.019196
48439113119,0.014451
48439113120,0.004136
48439113121,0.097617
48439113122,0.061503
48439113206,0.08919
48439113207,0.010836
48439113210,0.131636
48439113212,0.013499
48439113213,0.019188
48439113214,0.005744
48439113215,0.004905
48439113216,0.006603
48439113217,0.015702
48439113218,0.006015
48439113221,0.092183
48439113222,0.10511
48439113223,0.029187
48439113301,0.104203
48439113302,0.060569
48439113403,0.014961
48439113404,0.012722
48439113407,0.091553
48439113408,0.046369
48439113409,0.091618
48439113410,0.167063
48439113509,0.005672
48439113510,0.003942
48439113511,0.040871
48439113512,0.008706
48439113513,0.064832
48439113514,0.04147
48439113516,0.007971
48439113517,0.026335
48439113519,0.013312
48439113520,0.024609
48439113521,0.025009
48439113522,0.011047
48439113607,0.023678
48439113611,0.069845
48439113612,0.029461
48439113613,0.020913
48439113618,0.005729
48439113619,0.039901
48439113622,0.077099
48439113623,0.018974
48439113624,0.00416
48439113625,0.012634
48439113626,0.008903
48439113628,0.100922
48439113629,0.011092
48439113630,0.051901
48439113632,0.005561
48439113633,0.0064
48439113634,0.00806
48439113635,0.165134
48439113636,0.045479
48439113637,0.05504
48439113638,0.022091
48439113639,0.01074
48439113640,0.014107
48439113707,0.060784
48439113709,0.018329
48439113710,0.004911
48439113711,0.066873
48439113712,0.03261
48439113713,0.019113
48439113714,0.011858
48439113715,0.040856
48439113716,0.052153
48439113803,0.080695
48439113808,0.012596
48439113809,0.012104
48439113810,0.00649
48439113811,0.06999
48439113812,0.004413
48439113813,0.010013
48439113814,0.009663
48439113815,0.018406
48439113816,0.009281
48439113906,0.008601
48439113908,0.014303
48439113912,0.009325
48439113916,0.019578
48439113917,0.0097
48439113918,0.05969
48439113919,0.018497
48439113920,0.012479
48439113923,0.008355
48439113924,0.001948
48439113925,0.008366
48439113930,0.005834
48439113931,0.023513
48439113932,0.01445
48439113933,0.035783
48439113934,0.005171
48439113935,0.028142
48439113936,0.025758
48439113937,0.033663
48439113938,0.0044
48439113939,0.003655
48439113940,0.01421
48439113941,0.010107
48439113942,0.011031
48439113943,0.00676
48439113944,0.008862
48439113945,0.016867
48439113946,0.011434
48439113947,0.009168
48439113948,0.006925
48439113949,0.003532
48439113950,0.021415
48439113951,0.014487
48439113952,0.006449
48439113953,0.051336
48439113954,0.015981
48439113955,0.004574
48439113956,0.022104
48439113957,0.015749
48439113958,0.03863
48439114003,0.091945
48439114006,0.04748
48439114009,0.003716
48439114010,0.002308
48439114011,0.019804
48439114012,0.006054
48439114013,0.024695
48439114014,0.004888
48439114015,0.108514
48439114105,0.052472
48439114106,0.029908
48439114107,0.02545
48439114108,0.01816
48439114109,0.003303
48439114110,0.083374
48439114111,0.027196
48439114112,0.027367
48439114113,0.002944
48439114203,0.011221
48439114204,0.068692
48439114205,0.022086
48439114206,0.042958
48439114207,0.012843
48439121605,0.019463
48439121606,0.032979
48439121608,0.005705
48439121609,0.018027
48439121610,0.01202
48439121611,0.015603
48439121612,0.209071
48439121613,0.329335
48439121614,0.084494
48439121615,0.167679
48439121702,0.010803
48439121703,0.00637
48439121704,0.005867
48439121904,0.055259
48439121905,0.021076
48439121906,0.03576
48439121907,0.007137
48439121908,0.074206
48439122001,0.006415
48439122002,0.011634
48439122100,0.005237
48439122200,0.060917
48439122300,0.011508
48439122401,0.016879
48439122402,0.007648
48439122500,0.018039
48439122600,0.022492
48439122701,0.011243
48439122702,0.049615
48439122801,0.032203
48439122802,0.007187
48439122901,0.011096
48439122902,0.063333
48439123001,0.19819
48439123002,0.032727
48439123100,0.113543
48439123200,0.064718
48439123301,0.093129
48439123302,0.106548
48439123500,0.029701
48439123600,0.050512
48439123700,0.008122
48439980000,0.202481
48441010100,0.007679
48441010200,0.016225
48441010300,0.005006
48441010400,0.005299
48441010500,0.015365
48441010600,0.009784
48441010700,0.002797
48441010800,0.095389
48441010900,0.075271
48441011000,0.034931
48441011200,0.069258
48441011300,0.015046
48441011400,0.093318
48441011500,0.005067
48441011600,0.012777
48441011700,0.127547
48441011900,0.027496
48441012000,0.039218
48441012100,0.020157
48441012200,0.045336
48441012300,0.003156
48441012400,0.075411
48441012500,0.016367
48441012600,0.053538
48441012701,0.010039
48441012702,0.095991
48441012801,0.081285
48441012802,0.055697
48441012900,0.01219
48441013000,0.103737
48441013100,0.057727
48441013200,0.100137
48441013300,0.0659
48441013401,0.071599
48441013402,0.037667
48441013404,0.02347
48441013501,0.080779
48441013502,0.107752
48441013601,0.057316
48441013602,0.064412
48441980000,0.253416
48443950100,0.05502
48447950300,0.051361
48449950100,0.070827
48449950200,0.127693
48449950301,0.026571
48449950302,0.087569
48449950400,0.116177
48449950500,0.101098
48449950600,0.056059
48449950700,0.210678
48449950800,0.2599
48451000100,0.079577
48451000200,0.266589
48451000300,0.047035
48451000400,0.043686
48451000700,0.081246
48451000801,0.095537
48451000802,0.004433
48451000900,0.037764
48451001000,0.236736
48451001101,0.034324
48451001102,0.030128
48451001200,0.004531
48451001301,0.014904
48451001303,0.021509
48451001304,0.038356
48451001401,0.061342
48451001402,0.106557
48451001500,0.137145
48451001600,0.057175
48451001702,0.198657
48451001706,0.013154
48451001707,0.040908
48451001708,0.175523
48451001709,0.072088
48451001710,0.012085
48451001800,0.086444
48451980000,0.070466
48453000101,0.032364
48453000102,0.027909
48453000203,0.010766
48453000204,0.01156
48453000205,0.010968
48453000206,0.01367
48453000302,0.016647
48453000304,0.018376
48453000305,0.059075
48453000307,0.040017
48453000308,0.122965
48453000309,0.035099
48453000401,0.043451
48453000402,0.016388
48453000500,0.009884
48453000601,0.002814
48453000605,0.041154
48453000606,0.057157
48453000607,0.005358
48453000608,0.045798
48453000700,0.043191
48453000801,0.079856
48453000802,0.025686
48453000803,0.019482
48453000804,0.053215
48453000901,0.104484
48453000902,0.029504
48453001000,0.021173
48453001101,0.024919
48453001102,0.106385
48453001103,0.047732
48453001200,0.006505
48453001304,0.106359
48453001307,0.00738
48453001308,0.015791
48453001309,0.045791
48453001310,0.106858
48453001311,0.007087
48453001312,0.010719
48453001401,0.019307
48453001402,0.067046
48453001403,0.060956
48453001501,0.005857
48453001503,0.012674
48453001504,0.004951
48453001505,0.019977
48453001602,0.011083
48453001603,0.013258
48453001604,0.049703
48453001605,0.013453
48453001606,0.068949
48453001910,0.06086
48453001911,0.074955
48453001912,0.083167
48453001913,0.121788
48453001914,0.009496
48453001915,0.014574
48453001916,0.011283
48453001917,0.189722
48453001918,0.038438
48453001919,0.022325
48453001920,0.054211
48453001921,0.136797
48453001922,0.11114
48453001923,0.193954
48453002002,0.013144
48453002003,0.005982
48453002004,0.022867
48453002006,0.0193
48453002007,0.082327
48453002104,0.005709
48453002105,0.004857
48453002106,0.005999
48453002107,0.00725
48453002108,0.006066
48453002109,0.007122
48453002110,0.052856
48453002111,0.013557
48453002112,0.011264
48453002113,0.001832
48453002201,0.008018
48453002211,0.007709
48453002213,0.011175
48453002214,0.028943
48453002215,0.046372
48453002216,0.023239
48453002217,0.164012
48453002218,0.291151
48453002219,0.037101
48453002220,0.012087
48453002221,0.002772
48453002222,0.021984
48453002304,0.037561
48453002307,0.034481
48453002310,0.086162
48453002313,0.032511
48453002314,0.006039
48453002315,0.028098
48453002316,0.037583
48453002319,0.162425
48453002320,0.042281
48453002321,0.015581
48453002322,0.014203
48453002323,0.014348
48453002324,0.030182
48453002325,0.033974
48453002326,0.30864
48453002327,0.019259
48453002403,0.013834
48453002407,0.009573
48453002409,0.011471
48453002410,0.013336
48453002411,0.017933
48453002412,0.023527
48453002413,0.012397
48453002419,0.002394
48453002422,0.027721
48453002423,0.013453
48453002424,0.050004
48453002430,0.005882
48453002432,0.053141
48453002434,0.102084
48453002436,0.143955
48453002437,0.024106
48453002438,0.009534
48453002439,0.007147
48453002440,0.006765
48453002441,0.00875
48453002442,0.017156
48453002443,0.051105
48453002444,0.027444
48453002445,0.013577
48453002446,0.018981
48453002447,0.060964
48453002448,0.023818
48453002449,0.03439
48453002450,0.141574
48453002451,0.049983
48453002452,0.041248
48453002453,0.063566
48453002500,0.042141
48453030000,0.047635
48453030100,0.065895
48453030200,0.007956
48453030300,0.009414
48453030400,0.017488
48453030500,0.00843
48453030600,0.013574
48453030700,0.006471
48453030800,0.013717
48453030900,0.026448
48453031000,0.018316
48453031100,0.194704
48453031200,0.019519
48453031300,0.005099
48453031400,0.019787
48453031500,0.011354
48453031600,0.028736
48453031700,0.007455
48453031800,0.027334
48453031900,0.030155
48453032000,0.028419
48453032100,0.009817
48453032200,0.02243
48453032300,0.056784
48453032400,0.021175
48453032500,0.011181
48453032600,0.00604
48453032700,0.010939
48453032800,0.248732
48453032900,0.030095
48453033000,0.067225
48453033100,0.064969
48453033200,0.039644
48453033300,0.015487
48453033400,0.010129
48453033500,0.010594
48453033600,0.144404
48453033700,0.005295
48453033800,0.017762
48453033900,0.019831
48453034000,0.069432
48453034100,0.00736
48453034200,0.042612
48453034300,0.007101
48453034400,0.005324
48453034500,0.024175
48453034600,0.065666
48453034700,0.01341
48453034800,0.018065
48453034900,0.029219
48453035000,0.017605
48453035100,0.018039
48453035200,0.062581
48453035300,0.278111
48453035400,0.048532
48453035500,0.003022
48453035600,0.178078
48453035700,0.037418
48453035800,0.026768
48453035900,0.054089
48453036000,0.022336
48453036100,0.043546
48453036200,0.009696
48453036300,0.048295
48453036400,0.170191
48453036500,0.183186
48453036600,0.140831
48453036700,0.11542
48453036800,0.052523
48453036900,0.06249
48453037000,0.150797
48453037100,0.249783
48453037200,0.004353
48453037300,0.0132
48453037400,0.181994
48453037500,0.115538
48453037600,0.011526
48453040000,0.023339
48453040100,0.046717
48453040200,0.002448
48453040300,0.007326
48453040400,0.025952
48453040500,0.004518
48453040600,0.039143
48453040700,0.028806
48453040800,0.011057
48453040900,0.196873
48453041000,0.179563
48453041100,0.235299
48453041200,0.019095
48453041300,0.006316
48453041400,0.025117
48453041500,0.04178
48453041600,0.014828
48453041700,0.029867
48453041800,0.029836
48453041900,0.048962
48453042000,0.022664
48453042100,0.010065
48453042200,0.016057
48453042300,0.035075
48453042400,0.02246
48453042500,0.008349
48453042600,0.02547
48453042700,0.002566
48453042800,0.006275
48453042900,0.009781
48453043000,0.007798
48453043100,0.086697
48453043200,0.234481
48453043300,0.008452
48453043400,0.008844
48453043500,0.061938
48453043600,0.005909
48453043700,0.043693
48453043800,0.008759
48453043900,0.004793
48453044000,0.011277
48453044100,0.008883
48453044200,0.008686
48453044300,0.014773
48453044400,0.011941
48453044500,0.017207
48453044600,0.003012
48453044700,0.01007
48453044800,0.025045
48453044900,0.086922
48453045000,0.005149
48453045100,0.029982
48453045200,0.016423
48453045300,0.015311
48453045400,0.049571
48453045500,0.006872
48453045600,0.058875
48453045700,0.071397
48453045800,0.167346
48453045900,0.19384
48453046000,0.036091
48453046100,0.025142
48453046200,0.066893
48453046300,0.022487
48453046400,0.006639
48453046500,0.013896
48453046600,0.015254
48453046700,0.0406
48453046800,0.009178
48453046900,0.0038
48453047000,0.030822
48453980000,0.099798
48455950100,0.114894
48455950200,0.040817
48455950300,0.118993
48455950400,0.0776
48455950500,0.081812
48459950101,0.037335
48459950102,0.194744
48459950200,0.054829
48459950301,0.087831
48459950302,0.029891
48459950400,0.204593
48459950501,0.062885
48459950502,0.029157
48459950600,0.030266
48459950700,0.106326
48461950100,0.072423
48463950100,0.049388
48463950201,0.10591
48463950202,0.036093
48463950300,0.074638
48463950400,0.090538
48463950500,0.0973
48465950202,0.127549
48465950203,0.173446
48465950301,0.078862
48465950302,0.105671
48465950400,0.126922
48465950501,0.071926
48465950502,0.056165
48465950601,0.312605
48465950602,0.13932
48465950701,0.086555
48465950702,0.090867
48465950801,0.256557
48465950802,0.126821
48465980000,0.046908
48467950100,0.022825
48467950200,0.048032
48467950300,0.076077
48467950400,0.023054
48467950500,0.017387
48467950601,0.113926
48467950602,0.062513
48467950700,0.115077
48467950801,0.040526
48467950802,0.059633
48467950901,0.023266
48467950902,0.176832
48467951001,0.0107
48467951002,0.021512
48469000100,0.248687
48469000201,0.210094
48469000202,0.014646
48469000301,0.163215
48469000302,0.165912
48469000400,0.146678
48469000501,0.071507
48469000502,0.007953
48469000601,0.067459
48469000602,0.058732
48469000700,0.017262
48469000800,0.03649
48469001300,0.13358
48469001401,0.183943
48469001402,0.022961
48469001501,0.15055
48469001503,0.093759
48469001504,0.113257
48469001601,0.009668
48469001604,0.002029
48469001605,0.112123
48469001607,0.117393
48469001608,0.017666
48469001700,0.032763
48469980000,0.364141
48471790101,0.016948
48471790102,0.041048
48471790103,0.144146
48471790200,0.063654
48471790301,0.042331
48471790302,0.047032
48471790401,0.199788
48471790402,0.101116
48471790500,0.107868
48471790600,0.050883
48471790700,0.041592
48471790800,0.068085
48473680100,0.046182
48473680201,0.015255
48473680202,0.092991
48473680301,0.049521
48473680302,0.070275
48473680303,0.037704
48473680501,0.02252
48473680502,0.049122
48473680601,0.163971
48473680602,0.017922
48473980000,0.040693
48477170100,0.136406
48477170201,0.075009
48477170202,0.13956
48477170300,0.050475
48477170400,0.096669
48477170501,0.064091
48477170502,0.101739
48477170601,0.062225
48477170602,0.193726
48479000101,0.053437
48479000105,0.0788
48479000106,0.048384
48479000107,0.008497
48479000108,0.003072
48479000109,0.210849
48479000200,0.045532
48479000300,0.014151
48479000601,0.01088
48479000602,0.028378
48479000700,0.082092
48479000800,0.002026
48479000901,0.005513
48479000903,0.081533
48479000904,0.000825
48479001001,0.0017
48479001003,0.033147
48479001004,0.017892
48479001101,0.07512
48479001103,0.123628
48479001104,0.014854
48479001105,0.14615
48479001201,0.036388
48479001202,0.022616
48479001300,0.054076
48479001401,0.033283
48479001402,0.022414
48479001501,0.119929
48479001502,0.030944
48479001601,0.015795
48479001602,0.031443
48479001706,0.0367
48479001709,0.004725
48479001710,0.174501
48479001711,0.035898
48479001714,0.099777
48479001715,0.117419
48479001716,0.002928
48479001717,0.140113
48479001718,0.029024
48479001719,0.004799
48479001720,0.125019
48479001721,0.012529
48479001722,0.019316
48479001723,0.01281
48479001724,0.035549
48479001725,0.030237
48479001726,0.044553
48479001727,0.012717
48479001806,0.026341
48479001809,0.139497
48479001810,0.27296
48479001811,0.122847
48479001813,0.347185
48479001815,0.070407
48479001816,0.2277
48479001818,0.319378
48479001819,0.194538
48479001820,0.136219
48479001821,0.001297
48479001822,0.001949
48479001823,0.002308
48479001824,0.121815
48479001825,0.051677
48479001826,0.066412
48479001827,0.231133
48479001828,0.033146
48479001900,0.006413
48479980000,0.1124
48481740100,0.012603
48481740200,0.085464
48481740300,0.026626
48481740400,0.093753
48481740500,0.019646
48481740600,0.09393
48481740700,0.097212
48481740800,0.118796
48481740901,0.029448
48481740902,0.140962
48481741000,0.044451
48481741100,0.100842
48489950300,0.14946
48489950400,0.057503
48489950500,0.034312
48489950600,0.116944
48489950700,0.037452
48491020106,0.03586
48491020108,0.017243
48491020109,0.026695
48491020111,0.03116
48491020113,0.019199
48491020114,0.08765
48491020115,0.00964
48491020116,0.050249
48491020117,0.238459
48491020118,0.07063
48491020119,0.017095
48491020120,0.037097
48491020121,0.069092
48491020122,0.127578
48491020123,0.084736
48491020124,0.177452
48491020201,0.025002
48491020203,0.009372
48491020205,0.024839
48491020206,0.126777
48491020207,0.163073
48491020208,0.273941
48491020310,0.009792
48491020311,0.04236
48491020319,0.005705
48491020321,0.106278
48491020323,0.00438
48491020325,0.061071
48491020326,0.006667
48491020327,0.091365
48491020329,0.059377
48491020330,0.042606
48491020331,0.091227
48491020332,0.051468
48491020333,0.005113
48491020334,0.006131
48491020335,0.007841
48491020336,0.005747
48491020337,0.004318
48491020338,0.007785
48491020339,0.007872
48491020340,0.006028
48491020341,0.014372
48491020342,0.198215
48491020343,0.006566
48491020344,0.139863
48491020345,0.008499
48491020346,0.016203
48491020347,0.007357
48491020348,0.020453
48491020349,0.052839
48491020350,0.004132
48491020351,0.019118
48491020352,0.043763
48491020353,0.022781
48491020354,0.004672
48491020355,0.029342
48491020356,0.029879
48491020403,0.006314
48491020404,0.004027
48491020405,0.014466
48491020406,0.010575
48491020408,0.046105
48491020409,0.053116
48491020410,0.005488
48491020411,0.016778
48491020503,0.020617
48491020505,0.06526
48491020507,0.024156
48491020508,0.021104
48491020509,0.006759
48491020511,0.042995
48491020512,0.02796
48491020513,0.033201
48491020514,0.01297
48491020515,0.045695
48491020516,0.005176
48491020517,0.018487
48491020602,0.014978
48491020604,0.011067
48491020606,0.013459
48491020607,0.013986
48491020608,0.005051
48491020609,0.020843
48491020701,0.015852
48491020704,0.012135
48491020706,0.044021
48491020707,0.006726
48491020709,0.020153
48491020710,0.066412
48491020711,0.192292
48491020712,0.006586
48491020713,0.010779
48491020808,0.018399
48491020810,0.022386
48491020811,0.012293
48491020812,0.025124
48491020813,0.016533
48491020814,0.008427
48491020815,0.011119
48491020816,0.115656
48491020817,0.113256
48491020818,0.117458
48491020819,0.049214
48491020820,0.013361
48491020821,0.01614
48491020822,0.084757
48491020900,0.017654
48491021000,0.076302
48491021100,0.016981
48491021201,0.115959
48491021202,0.133824
48491021203,0.204014
48491021300,0.02109
48491021402,0.051469
48491021404,0.17798
48491021405,0.018802
48491021406,0.032177
48491021407,0.042648
48491021502,0.059564
48491021503,0.028808
48491021506,0.044385
48491021509,0.014064
48491021510,0.024179
48491021511,0.030936
48491021512,0.023873
48491021513,0.012043
48491021514,0.004192
48491021515,0.051939
48491021516,0.010423
48491021517,0.011843
48491021518,0.002692
48491021601,0.056285
48491021602,0.082805
48491021603,0.020699
48493000102,0.080449
48493000103,0.004026
48493000104,0.047729
48493000201,0.037219
48493000202,0.011885
48493000300,0.093465
48493000402,0.119133
48493000404,0.144795
48493000405,0.013316
48493000406,0.241576
48493000500,0.173208
48493000600,0.019711
48497150101,0.061336
48497150103,0.236112
48497150104,0.012559
48497150201,0.186649
48497150202,0.119831
48497150300,0.07104
48497150402,0.056322
48497150403,0.042596
48497150404,0.036941
48497150405,0.148904
48497150500,0.183348
48497150603,0.102966
48497150604,0.040794
48497150605,0.025332
48497150606,0.131757
48497150607,0.194247
48499950100,0.041158
48499950200,0.066479
48499950301,0.020025
48499950303,0.030236
48499950304,0.107233
48499950401,0.051728
48499950402,0.262348
48499950500,0.068123
48499950601,0.019711
48499950602,0.036945
48499950700,0.046456
48499950800,0.135424
48503950200,0.038582
48503950401,0.157764
48503950402,0.041991
48503950500,0.085615
48503950600,0.096649
48505950303,0.262452
48505950304,0.156432
48505950305,0.285842
48505950306,0.3195
48505950401,0.228487
48505950402,0.147779
48507950100,0.252977
48507950200,0.160267
48507950301,0.101732
48507950302,0.084961
53001950100,0.0
53001950200,0.0
53001950301,0.0
53001950302,0.0
53001950303,0.0
53001950400,0.0
53001950500,0.0
53003960100,0.0
53003960200,0.0
53005010100,0.0
53005010201,0.0
53005010203,0.0
53005010204,0.0
53005010300,0.0
53005010400,0.0
53005010500,0.0
53005010600,0.0
53005010701,0.0
53005010703,0.0
53005010705,0.0
53005010707,0.0
53005010708,0.0
53005010807,0.0
53005010809,0.0
53005010810,0.0
53005010811,0.0
53005010814,0.0
53005010815,0.0
53005010816,0.0
53005010817,0.0
53005010818,0.0
53005010819,0.0
53005010820,0.0
53005010901,0.0
53005010902,0.0
53005011001,0.0
53005011002,0.0
53005011100,0.0
53005011201,0.0
53005011202,0.0
53005011300,0.0
53005011401,0.0
53005011402,0.0
53005011501,0.0
53005011504,0.0
53005011505,0.0
53005011506,0.0
53005011600,0.0
53005011701,0.0
53005011702,0.0
53005011801,0.0
53005011802,0.0
53005011900,0.0
53005012000,0.0
53007960100,0.0
53007960201,0.0
53007960202,0.0
53007960203,0.0
53007960301,0.0
53007960302,0.0
53007960303,0.0
53007960400,0.0
53007960501,0.0
53007960502,0.0
53007960600,0.0
53007960700,0.0
53007960801,0.0
53007960803,0.0
53007960804,0.0
53007961001,0.0
53007961002,0.0
53007961101,0.0
53007961102,0.0
53007961200,0.0
53007961301,0.0
53007961303,0.0
53007961304,0.0
53013960200,0.0
53017950101,0.0
53017950102,0.0
53017950200,0.0
53017950300,0.0
53017950400,0.0
53017950500,0.0
53017950600,0.0
53017950700,0.0
53017950800,0.0
53019940000,0.0
53019970100,0.0
53019970200,0.0
53021020101,0.0
53021020102,0.0
53021020103,0.0
53021020201,0.0
53021020202,0.0
53021020300,0.0
53021020401,0.0
53021020402,0.0
53021020403,0.0
53021020404,0.0
53021020501,0.0
53021020503,0.0
53021020504,0.0
53021020603,0.0
53021020605,0.0
53021020606,0.0
53021020607,0.0
53021020608,0.0
53021020700,0.0
53021020801,0.0
53021020802,0.0
53021980100,0.0
53023970300,0.0
53025010100,0.0
53025010200,0.0
53025010300,0.0
53025010401,0.0
53025010402,0.0
53025010500,0.0
53025010600,0.0
53025010700,0.0
53025010800,0.0
53025010901,0.0
53025010903,0.0
53025010904,0.0
53025011001,0.0
53025011002,0.0
53025011101,0.0
53025011102,0.0
53025011200,0.0
53025011300,0.0
53025011401,0.0
53025011403,0.0
53025011404,0.0
53025011405,0.0
53025011406,0.0
53033031502,0.0
53033032706,0.0
53033032800,0.0
53037975101,0.0
53037975102,0.0
53037975103,0.0
53037975104,0.0
53037975201,0.0
53037975202,0.0
53037975203,0.0
53037975300,0.0
53037975402,0.0
53037975403,0.0
53037975404,0.0
53037975500,0.0
53037975600,0.0
53037975700,0.0
53039950101,0.0
53039950102,0.0
53039950103,0.0
53039950200,0.0
53039950302,0.0
53041972000,0.0
53043960100,0.0
53043960200,0.0
53043960300,0.0
53043960400,0.0
53047940100,0.0
53047940200,0.0
53047970301,0.0
53047970302,0.0
53047970303,0.0
53047970400,0.0
53047970500,0.0
53047970601,0.0
53047970602,0.0
53047970700,0.0
53047970800,0.0
53047970900,0.0
53047971000,0.0
53051970100,0.0
53051970200,0.0
53051970300,0.0
53051970400,0.0
53051970500,0.0
53053070100,0.0
53057951101,0.0
53057951102,0.0
53057951200,0.0
53059950100,0.0
53059950400,0.0
53061053606,0.0
53061053700,0.0
53061053801,0.0
53061053803,0.0
53063000201,0.0
53063000202,0.0
53063000301,0.0
53063000302,0.0
53063000400,0.0
53063000500,0.0
53063000600,0.0
53063000700,0.0
53063000800,0.0
53063000900,0.0
53063001000,0.0
53063001100,0.0
53063001200,0.0
53063001300,0.0
53063001400,0.0
53063001500,0.0
53063001600,0.0
53063001800,0.0
53063001900,0.0
53063002000,0.0
53063002100,0.0
53063002300,0.0
53063002400,0.0
53063002501,0.0
53063002502,0.0
53063002503,0.0
53063002600,0.0
53063002900,0.0
53063003000,0.0
53063003100,0.0
53063003200,0.0
53063003500,0.0
53063003601,0.0
53063003602,0.0
53063003800,0.0
53063003900,0.0
53063004001,0.0
53063004002,0.0
53063004100,0.0
53063004200,0.0
53063004300,0.0
53063004400,0.0
53063004500,0.0
53063004601,0.0
53063004602,0.0
53063004701,0.0
53063004702,0.0
53063004800,0.0
53063004900,0.0
53063005000,0.0
53063010101,0.0
53063010102,0.0
53063010201,0.0
53063010203,0.0
53063010204,0.0
53063010301,0.0
53063010303,0.0
53063010304,0.0
53063010305,0.0
53063010401,0.0
53063010403,0.0
53063010404,0.0
53063010504,0.0
53063010505,0.0
53063010506,0.0
53063010507,0.0
53063010508,0.0
53063010601,0.0
53063010603,0.0
53063010604,0.0
53063010701,0.0
53063010702,0.0
53063010800,0.0
53063010901,0.0
53063010902,0.0
53063011000,0.0
53063011102,0.0
53063011103,0.0
53063011104,0.0
53063011202,0.0
53063011203,0.0
53063011204,0.0
53063011301,0.0
53063011302,0.0
53063011400,0.0
53063011500,0.0
53063011600,0.0
53063011701,0.0
53063011702,0.0
53063011800,0.0
53063011900,0.0
53063012000,0.0
53063012100,0.0
53063012200,0.0
53063012300,0.0
53063012401,0.0
53063012402,0.0
53063012500,0.0
53063012600,0.0
53063012701,0.0
53063012702,0.0
53063012801,0.0
53063012802,0.0
53063012901,0.0
53063012902,0.0
53063013001,0.0
53063013002,0.0
53063013003,0.0
53063013101,0.0
53063013102,0.0
53063013201,0.0
53063013300,0.0
53063013401,0.0
53063013501,0.0
53063013502,0.0
53063013503,0.0
53063013600,0.0
53063013700,0.0
53063013800,0.0
53063013900,0.0
53063014001,0.0
53063014002,0.0
53063014100,0.0
53063014200,0.0
53063014300,0.0
53063014400,0.0
53063014500,0.0
53065941000,0.0
53065950101,0.0
53065950102,0.0
53065950200,0.0
53065950300,0.0
53065950500,0.0
53065950600,0.0
53065950700,0.0
53065950800,0.0
53065950900,0.0
53065951100,0.0
53065951301,0.0
53065951302,0.0
53065951401,0.0
53065951402,0.0
53071920000,0.0
53071920100,0.0
53071920200,0.0
53071920302,0.0
53071920400,0.0
53071920500,0.0
53071920600,0.0
53071920701,0.0
53071920702,0.0
53071920801,0.0
53071920802,0.0
53071920901,0.0
53073010103,0.0
53075000100,0.0
53075000201,0.0
53075000202,0.0
53075000300,0.0
53075000400,0.0
53075000500,0.0
53075000601,0.0
53075000602,0.0
53075000700,0.0
53075000800,0.0
53075000900,0.0
53075001000,0.0
53077000100,0.0
53077000200,0.0
53077000301,0.0
53077000302,0.0
53077000401,0.0
53077000402,0.0
53077000500,0.0
53077000600,0.0
53077000700,0.0
53077000800,0.0
53077000902,0.0
53077000903,0.0
53077000904,0.0
53077001000,0.0
53077001100,0.0
53077001201,0.0
53077001202,0.0
53077001300,0.0
53077001400,0.0
53077001502,0.0
53077001503,0.0
53077001504,0.0
53077001601,0.0
53077001602,0.0
53077001701,0.0
53077001702,0.0
53077001801,0.0
53077001802,0.0
53077001901,0.0
53077001902,0.0
53077002003,0.0
53077002004,0.0
53077002005,0.0
53077002006,0.0
53077002101,0.0
53077002103,0.0
53077002104,0.0
53077002201,0.0
53077002202,0.0
53077002701,0.0
53077002801,0.0
53077002803,0.0
53077002804,0.0
53077002900,0.0
53077003002,0.0
53077003003,0.0
53077003004,0.0
53077003100,0.0
53077003200,0.0
53077003400,0.0
53077940001,0.0
53077940002,0.0
53077940003,0.0
53077940005,0.0
53077940006,0.0
53077940007,0.0
53077940008,0.0
