GEOID,coverage_gap_score
40001376600,0.090339
40001376700,0.088096
40001376800,0.138598
40001376900,0.16772
40001377000,0.139528
40003955600,0.111601
40003955700,0.104062
40003956000,0.131499
40005587600,0.091959
40005587700,0.128704
40005587800,0.159269
40005587900,0.042765
40009966100,0.135883
40009966200,0.172494
40009966800,0.11779
40011958600,0.211177
40011958700,0.22391
40011958800,0.093253
40011958900,0.127275
40011959000,0.14577
40013795600,0.149017
40013795700,0.06519
40013795900,0.061724
40013796002,0.086319
40013796003,0.139178
40013796004,0.311946
40013796101,0.090274
40013796102,0.102813
40013796200,0.13494
40013796300,0.140629
40013796400,0.100723
40013796500,0.104342
40013796600,0.067612
40015161601,0.119377
40015161602,0.156625
40015161700,0.110806
40015161800,0.086202
40015161900,0.063061
40015162000,0.166065
40015162101,0.17471
40015162102,0.16509
40015162200,0.083108
40015162300,0.101193
40017300100,0.222649
40017300201,0.135793
40017300202,0.146163
40017300300,0.281691
40017300400,0.386515
40017300500,0.26497
40017300600,0.16184
40017300701,0.127986
40017300702,0.10051
40017300802,0.338779
40017300803,0.175789
40017300804,0.31886
40017300805,0.172958
40017300806,0.153222
40017300901,0.142775
40017300902,0.161823
40017300904,0.101175
40017300905,0.079692
40017301001,0.12649
40017301003,0.186872
40017301006,0.054538
40017301010,0.233909
40017301011,0.138688
40017301012,0.072832
40017301013,0.053872
40017301014,0.095452
40017301015,0.080896
40017301100,0.091116
40017301201,0.279353
40017301202,0.242351
40017301301,0.13995
40017301302,0.158946
40017301406,0.107897
40017301407,0.18516
40017301408,0.140919
40017301409,0.314066
40017301410,0.245536
40019892100,0.116816
40019892200,0.218645
40019892301,0.153282
40019892302,0.196362
40019892400,0.100628
40019892501,0.213003
40019892502,0.112232
40019892601,0.273518
40019892602,0.135992
40019892700,0.178816
40019892801,0.016651
40019892802,0.160932
40019892900,0.06696
40019893001,0.151975
40019893002,0.09433
40019893100,0.082768
40021977600,0.209737
40021977701,0.220428
40021977702,0.205044
40021977801,0.083199
40021977802,0.107347
40021977901,0.286609
40021977902,0.119303
40021978000,0.082995
40021978100,0.128961
40021978201,0.111987
40021978202,0.095604
40021978301,0.176685
40021978302,0.242862
40023966900,0.130617
40023967000,0.090429
40023967100,0.124799
40023967200,0.138387
40023967300,0.161173
40027200100,0.035957
40027200200,0.108952
40027200300,0.014661
40027200400,0.016713
40027200500,0.022418
40027200602,0.085136
40027200603,0.019187
40027200604,0.209645
40027200700,0.225895
40027200800,0.122862
40027200900,0.036798
40027201000,0.056305
40027201102,0.019052
40027201103,0.085227
40027201104,0.108973
40027201201,0.008315
40027201202,0.028832
40027201204,0.017656
40027201205,0.080229
40027201302,0.137537
40027201303,0.067746
40027201403,0.116931
40027201404,0.107866
40027201405,0.065689
40027201505,0.116501
40027201508,0.040496
40027201509,0.049042
40027201511,0.004246
40027201512,0.075439
40027201513,0.114275
40027201514,0.046618
40027201602,0.22858
40027201603,0.107298
40027201604,0.104651
40027201607,0.037665
40027201609,0.05519
40027201610,0.099967
40027201611,0.046509
40027201612,0.117522
40027201700,0.105431
40027201801,0.019998
40027201802,0.015422
40027201902,0.013218
40027201903,0.071629
40027201904,0.068266
40027202002,0.0188
40027202004,0.042116
40027202005,0.020409
40027202006,0.035482
40027202007,0.204932
40027202008,0.005635
40027202102,0.124546
40027202104,0.065886
40027202105,0.177372
40027202106,0.105381
40027202107,0.251435
40027202201,0.17959
40027202203,0.125063
40027202205,0.004259
40027202207,0.106707
40027202208,0.08804
40027202301,0.266695
40027202302,0.033162
40027202403,0.140671
40027202404,0.156481
40027202405,0.081454
40027202406,0.076063
40027202407,0.281851
40027202501,0.142387
40027202502,0.133907
40027202600,0.087902
40029388100,0.094814
40029388200,0.105689
40031000100,0.083276
40031000200,0.103302
40031000300,0.052066
40031000402,0.083224
40031000403,0.009935
40031000404,0.01489
40031000405,0.068015
40031000503,0.003279
40031000504,0.013631
40031000505,0.014304
40031000506,0.049414
40031000600,0.019965
40031000700,0.00544
40031000800,0.017764
40031000900,0.012998
40031001000,0.014313
40031001100,0.015334
40031001400,0.023039
40031001500,0.011495
40031001600,0.013277
40031001700,0.027259
40031001901,0.081896
40031001902,0.115111
40031002001,0.01688
40031002003,0.225776
40031002004,0.139751
40031002005,0.065948
40031002101,0.159066
40031002102,0.139168
40031002201,0.11351
40031002202,0.194263
40031002301,0.109925
40031002302,0.062706
40031002401,0.23479
40031002403,0.158539
40031002405,0.096521
40031002406,0.039495
40031002500,0.060378
40033871100,0.095986
40033871200,0.197679
40035373100,0.085985
40035373200,0.125964
40035373300,0.145894
40035373400,0.135661
40035373500,0.12701
40037020101,0.242497
40037020102,0.191751
40037020103,0.132895
40037020602,0.113398
40037020603,0.175059
40037020604,0.048872
40037020702,0.142373
40037020704,0.175619
40037020705,0.304123
40037020706,0.157268
40037020707,0.199064
40037020800,0.09311
40037020900,0.207181
40037021000,0.136537
40037021101,0.124799
40037021102,0.105386
40037021201,0.140129
40037021202,0.19538
40037021300,0.2318
40037021401,0.173926
40037021402,0.208384
40037021500,0.112677
40037021600,0.382636
40039950800,0.159906
40039960401,0.192803
40039960402,0.139924
40039960600,0.141497
40039960701,0.11085
40039960702,0.284131
40039961000,0.089441
40041375601,0.15329
40041375602,0.372875
40041375701,0.204456
40041375702,0.149308
40041375803,0.085996
40041375804,0.323923
40041375805,0.416012
40041375806,0.195064
40041375901,0.259127
40041375902,0.163307
40041376000,0.168122
40041376100,0.175847
40041976200,0.156693
40043959100,0.100514
40043959200,0.134249
40043959300,0.156366
40045952600,0.13866
40045952800,0.151251
40047000101,0.046919
40047000102,0.120356
40047000200,0.26268
40047000601,0.195549
40047000602,0.306702
40047000701,0.01137
40047000702,0.078562
40047001100,0.155109
40047001200,0.124758
40047001301,0.12181
40047001302,0.127842
40047001401,0.195113
40047001402,0.276453
40047001500,0.205422
40047001602,0.119495
40047001603,0.141484
40047001604,0.182941
40049681100,0.175369
40049681200,0.116857
40049681300,0.126833
40049681400,0.145232
40049681500,0.106945
40049681600,0.070179
40049681700,0.113822
40049681800,0.118399
40049681900,0.156345
40051000100,0.197026
40051000400,0.056156
40051000501,0.029118
40051000502,0.109059
40051000600,0.147469
40051000701,0.073533
40051000702,0.106419
40051000801,0.142645
40051000802,0.15398
40051000901,0.114011
40051000902,0.157223
40051000904,0.349988
40051000905,0.154914
40051000906,0.123516
40051001000,0.208399
40053956400,0.229385
40053956500,0.11521
40055967100,0.201863
40055967200,0.165517
40059952100,0.082367
40059952200,0.090819
40061279100,0.083566
40061279200,0.191454
40061279300,0.101246
40061279400,0.111757
40063484600,0.082146
40063484700,0.151293
40063484800,0.130322
40063484900,0.122709
40063485000,0.174289
40065968100,0.091298
40065968200,0.139054
40065968300,0.187096
40065968400,0.122237
40065968500,0.100757
40065968600,0.157647
40065968700,0.289693
40065968800,0.33778
40067371600,0.08391
40067371700,0.135147
40067371800,0.11263
40069660198,0.124617
40069660201,0.135872
40069660202,0.295376
40069660300,0.159188
40071000100,0.018997
40071000201,0.099032
40071000202,0.08695
40071000300,0.059871
40071000400,0.14289
40071000500,0.075798
40071000600,0.098741
40071001100,0.201882
40071001200,0.18528
40071001301,0.299284
40071001302,0.17801
40073958100,0.130735
40073958200,0.086676
40073958300,0.140195
40073958400,0.10595
40075963600,0.089849
40075963700,0.083342
40075964200,0.098707
40077087100,0.096765
40077087200,0.15607
40077087300,0.110299
40079040102,0.114071
40079040198,0.186653
40079040299,0.081869
40079040301,0.086492
40079040302,0.066325
40079040303,0.075877
40079040401,0.10564
40079040402,0.138922
40079040500,0.130506
40079040601,0.129758
40079040602,0.136315
40079040700,0.124833
40081961100,0.130541
40081961200,0.112739
40081961300,0.10218
40081961401,0.150526
40081961402,0.077305
40081961500,0.203003
40081961600,0.124776
40081961700,0.127843
40083600101,0.133683
40083600200,0.196084
40083600300,0.17693
40083600401,0.145814
40083600402,0.033529
40083600501,0.146905
40083600502,0.250439
40083600600,0.202184
40083600700,0.183306
40083600801,0.077289
40083600802,0.152656
40083600903,0.137324
40083601000,0.176187
40085094100,0.212666
40085094200,0.153188
40085094300,0.197421
40087400103,0.110123
40087400104,0.133126
40087400105,0.148229
40087400106,0.168451
40087400201,0.0968
40087400203,0.100613
40087400204,0.174504
40087400300,0.158465
40087400400,0.100852
40089098200,0.085155
40089098300,0.133163
40089098400,0.093167
40089098501,0.134628
40089098502,0.156895
40089098600,0.106008
40089098700,0.092142
40089098800,0.126511
40089098900,0.144111
40091779601,0.19048
40091779602,0.229046
40091779700,0.109781
40091779900,0.188147
40091780100,0.218167
40091780200,0.129841
40091780301,0.104242
40091780302,0.12883
40093955100,0.149422
40093955200,0.092158
40093955300,0.134657
40095094698,0.121032
40095094700,0.126377
40095094803,0.145901
40095094804,0.412419
40095094805,0.21854
40095094806,0.351057
40097040100,0.193389
40097040200,0.139036
40097040300,0.101837
40097040400,0.118929
40097040501,0.167258
40097040502,0.164704
40097040600,0.104687
40097040700,0.120677
40097040801,0.1587
40097040802,0.099305
40099790600,0.088095
40099790701,0.095118
40099790702,0.116636
40099790801,0.192182
40099790802,0.178556
40101000100,0.138249
40101000200,0.159112
40101000300,0.146318
40101000400,0.167484
40101000600,0.132274
40101000700,0.151577
40101000801,0.009939
40101000802,0.119167
40101000901,0.117797
40101000902,0.021747
40101001000,0.145104
40101001100,0.080524
40101001200,0.206512
40101001301,0.106824
40101001302,0.214539
40101001401,0.177137
40101001402,0.080556
40101001501,0.156525
40101001502,0.068709
40101001600,0.172591
40103956600,0.121524
40103956900,0.205584
40103957000,0.189782
40103957100,0.184384
40105172100,0.082194
40105172200,0.083534
40105172300,0.100755
40105172400,0.099962
40107080600,0.104586
40107080700,0.083066
40107080900,0.12791
40107081000,0.09457
40109100100,0.008617
40109100201,0.00647
40109100202,0.172048
40109100203,0.026985
40109100300,0.067377
40109100400,0.006348
40109100500,0.125521
40109100800,0.090312
40109100900,0.022303
40109101000,0.074996
40109101100,0.217121
40109101200,0.14309
40109101300,0.069439
40109101400,0.017171
40109101500,0.041485
40109101800,0.252167
40109101900,0.046218
40109102000,0.046387
40109102100,0.040227
40109102200,0.045413
40109102300,0.015137
40109102400,0.020264
40109102500,0.15023
40109103200,0.111823
40109103300,0.009359
40109103900,0.006641
40109104100,0.007153
40109104200,0.090696
40109104300,0.059245
40109104400,0.015544
40109104500,0.008531
40109104600,0.004191
40109104700,0.016674
40109104800,0.158122
40109104900,0.017578
40109105000,0.013428
40109105101,0.053774
40109105201,0.010757
40109105202,0.014486
40109105300,0.138478
40109105400,0.05306
40109105500,0.013713
40109105600,0.040386
40109105903,0.108349
40109105904,0.073471
40109105905,0.0389
40109105906,0.015923
40109105907,0.039998
40109106000,0.078118
40109106100,0.088125
40109106200,0.094366
40109106301,0.019747
40109106302,0.048944
40109106303,0.012035
40109106401,0.049113
40109106402,0.069824
40109106403,0.010396
40109106501,0.013062
40109106502,0.080851
40109106503,0.037402
40109106601,0.103189
40109106602,0.109255
40109106606,0.069989
40109106607,0.035875
40109106608,0.10585
40109106609,0.124772
40109106610,0.010285
40109106611,0.042328
40109106702,0.010701
40109106704,0.108846
40109106705,0.146634
40109106706,0.016846
40109106708,0.015137
40109106709,0.016764
40109106710,0.042858
40109106801,0.136095
40109106802,0.133912
40109106803,0.131808
40109106804,0.050526
40109106902,0.043537
40109106903,0.135254
40109106906,0.044507
40109106907,0.00516
40109106909,0.041829
40109106910,0.007043
40109106911,0.005566
40109106912,0.009888
40109106913,0.072333
40109106914,0.018473
40109106916,0.027577
40109106917,0.017741
40109107001,0.06069
40109107002,0.123126
40109107101,0.24707
40109107103,0.029378
40109107104,0.086043
40109107206,0.041376
40109107207,0.033637
40109107212,0.100385
40109107213,0.075242
40109107214,0.086183
40109107215,0.024292
40109107216,0.006543
40109107217,0.006854
40109107218,0.006608
40109107219,0.008636
40109107220,0.016276
40109107221,0.043461
40109107222,0.018833
40109107223,0.019735
40109107224,0.034977
40109107225,0.00415
40109107226,0.012648
40109107302,0.043719
40109107303,0.030655
40109107305,0.005899
40109107306,0.018977
40109107401,0.062947
40109107404,0.037923
40109107405,0.069332
40109107406,0.044861
40109107407,0.090315
40109107601,0.061192
40109107604,0.011255
40109107605,0.006609
40109107608,0.004621
40109107703,0.009408
40109107704,0.01824
40109107705,0.014209
40109107706,0.010186
40109107707,0.012912
40109107801,0.01119
40109107804,0.023453
40109107805,0.105142
40109107806,0.034134
40109107807,0.004284
40109107808,0.021488
40109107809,0.008935
40109107810,0.010204
40109107900,0.231316
40109108003,0.040716
40109108005,0.106896
40109108006,0.00869
40109108007,0.013088
40109108008,0.028572
40109108009,0.035936
40109108010,0.050134
40109108011,0.047792
40109108101,0.267241
40109108106,0.134753
40109108107,0.125812
40109108109,0.106248
40109108110,0.146843
40109108113,0.140056
40109108114,0.131848
40109108201,0.077888
40109108203,0.004087
40109108204,0.046879
40109108207,0.073727
40109108208,0.012087
40109108215,0.048042
40109108216,0.036896
40109108217,0.012138
40109108222,0.016988
40109108223,0.021525
40109108224,0.027475
40109108225,0.03597
40109108226,0.018607
40109108227,0.00397
40109108228,0.038369
40109108229,0.020814
40109108230,0.007793
40109108231,0.004476
40109108232,0.008948
40109108233,0.014567
40109108234,0.013753
40109108235,0.014928
40109108236,0.022203
40109108237,0.040649
40109108238,0.037598
40109108301,0.035028
40109108302,0.068422
40109108304,0.06512
40109108307,0.010467
40109108309,0.021715
40109108310,0.006527
40109108314,0.025228
40109108317,0.013838
40109108318,0.023649
40109108319,0.06553
40109108320,0.007637
40109108321,0.032053
40109108322,0.03445
40109108323,0.065698
40109108324,0.010362
40109108325,0.019562
40109108326,0.040961
40109108402,0.054643
40109108403,0.024211
40109108404,0.003841
40109108506,0.106094
40109108507,0.152383
40109108508,0.168752
40109108513,0.03304
40109108514,0.105676
40109108515,0.074065
40109108520,0.078347
40109108521,0.190126
40109108523,0.064519
40109108524,0.030584
40109108525,0.015819
40109108526,0.083388
40109108527,0.063659
40109108528,0.007914
40109108529,0.004669
40109108530,0.01685
40109108531,0.063389
40109108532,0.203707
40109108533,0.233578
40109108534,0.071284
40109108535,0.031706
40109108536,0.018473
40109108537,0.030926
40109108538,0.081319
40109108603,0.136532
40109108604,0.042098
40109108701,0.129993
40109108706,0.033469
40109108707,0.015801
40109108708,0.147261
40109108709,0.130994
40109108710,0.031479
40109108711,0.020828
40109108712,0.135466
40109108713,0.189043
40109108802,0.191569
40109108803,0.037435
40109108804,0.048218
40109108805,0.146933
40109108806,0.007384
40109108807,0.014725
40109108900,0.394747
40109109001,0.17631
40109109003,0.136285
40109109004,0.128189
40109109202,0.205553
40109109203,0.247614
40109109204,0.195963
40109109205,0.153939
40109109300,0.098743
40109109400,0.026893
40109109500,0.028468
40109109600,0.030341
40109109700,0.031922
40109109800,0.096519
40109109900,0.019362
40109110000,0.015342
40109980001,0.039423
40109980002,0.166548
40109980003,0.043945
40109980004,0.054332
40109980005,0.01708
40109980006,0.049316
40109980007,0.157878
40109980008,0.027371
40109980009,0.365516
40111000100,0.135883
40111000200,0.15157
40111000300,0.173335
40111000400,0.119423
40111000500,0.214598
40111000601,0.137238
40111000602,0.096595
40111000700,0.082749
40111000800,0.130305
40111000901,0.15288
40111000902,0.152391
40113940001,0.146849
40113940003,0.194977
40113940004,0.148605
40113940005,0.128816
40113940006,0.006471
40113940007,0.197374
40113940008,0.141742
40113940009,0.236583
40113940011,0.180812
40113940012,0.138095
40113940013,0.22563
40113940014,0.424776
40113940015,0.159425
40115574100,0.144799
40115574200,0.238057
40115574300,0.143551
40115574400,0.211924
40115574500,0.265045
40115574600,0.189126
40115574700,0.184487
40115574800,0.123631
40115574900,0.179913
40117957100,0.151573
40117957200,0.139494
40117957300,0.145396
40117957400,0.205225
40117957500,0.131892
40119010101,0.111164
40119010102,0.094115
40119010201,0.023584
40119010202,0.048534
40119010300,0.092213
40119010400,0.150676
40119010501,0.15077
40119010502,0.058648
40119010503,0.126957
40119010600,0.165271
40119010700,0.080064
40119010800,0.214585
40119010901,0.10139
40119010902,0.210531
40119011001,0.152691
40119011002,0.1771
40119011101,0.228811
40119011103,0.218276
40119011104,0.209926
40119011200,0.191848
40119011301,0.130574
40119011302,0.032438
40119011400,0.144492
40121485601,0.358797
40121485602,0.2874
40121485700,0.178542
40121485800,0.147764
40121485900,0.210204
40121486000,0.162828
40121486100,0.091465
40121486200,0.166756
40121486300,0.190342
40121486400,0.128403
40121486500,0.101471
40121486600,0.169022
40121486700,0.098654
40121486800,0.178674
40123088600,0.16179
40123088700,0.124812
40123088801,0.212094
40123088802,0.074502
40123088900,0.202089
40123089000,0.189285
40123089100,0.062458
40123089200,0.046177
40123089300,0.104238
40123089598,0.147969
40123089600,0.187627
40125500200,0.116093
40125500301,0.165413
40125500302,0.295188
40125500400,0.347128
40125500500,0.203771
40125500600,0.305334
40125500700,0.189914
40125500800,0.220446
40125500901,0.144651
40125500902,0.154361
40125501003,0.101572
40125501004,0.114873
40125501005,0.126709
40125501006,0.21571
40125501101,0.083489
40125501103,0.123259
40125501104,0.238311
40125501105,0.244021
40125501201,0.19803
40125501300,0.163085
40127097600,0.161118
40127097701,0.118434
40127097702,0.133354
40127097800,0.11351
40129960000,0.081993
40131050101,0.15137
40131050103,0.35792
40131050104,0.232398
40131050105,0.144231
40131050201,0.221384
40131050202,0.157196
40131050203,0.179775
40131050301,0.132335
40131050302,0.223877
40131050303,0.227714
40131050304,0.151997
40131050403,0.257023
40131050404,0.199145
40131050405,0.177622
40131050406,0.107654
40131050407,0.10729
40131050408,0.160091
40131050409,0.209014
40131050501,0.157118
40131050502,0.14477
40131050601,0.171281
40131050602,0.201368
40131050603,0.271997
40131050604,0.137083
40131050701,0.174649
40131050702,0.149844
40131050801,0.147494
40131050802,0.086807
40133583100,0.120318
40133583200,0.215416
40133583300,0.238276
40133583400,0.123478
40133583500,0.037798
40133583600,0.128095
40133583700,0.117234
40133583800,0.135777
40133583900,0.138982
40135030101,0.099387
40135030103,0.235456
40135030105,0.1619
40135030106,0.203331
40135030201,0.164603
40135030202,0.133046
40135030301,0.147385
40135030303,0.298405
40135030304,0.140247
40135030401,0.19675
40135030403,0.162857
40135030404,0.170516
40137000101,0.054452
40137000102,0.089494
40137000200,0.157534
40137000300,0.15439
40137000400,0.277949
40137000600,0.083333
40137000800,0.164975
40137000901,0.1696
40137000902,0.145123
40137001000,0.072931
40137001100,0.129537
40141070100,0.174515
40141070200,0.122922
40141070300,0.106715
40141070400,0.305599
40141070500,0.106326
40143000200,0.147278
40143000300,0.011962
40143000400,0.0084
40143000500,0.09696
40143000800,0.003921
40143000900,0.004683
40143001000,0.048395
40143001200,0.08223
40143001300,0.044439
40143001400,0.080127
40143001500,0.03984
40143001600,0.104647
40143001700,0.131025
40143001800,0.128187
40143001900,0.157913
40143002000,0.109712
40143002100,0.087052
40143002301,0.117963
40143002500,0.067628
40143002700,0.061841
40143002900,0.108603
40143003000,0.208402
40143003100,0.054533
40143003200,0.036536
40143003300,0.018191
40143003400,0.121432
40143003500,0.099467
40143003600,0.09218
40143003700,0.040331
40143003800,0.051214
40143003900,0.060169
40143004000,0.021129
40143004101,0.029011
40143004200,0.084783
40143004301,0.019964
40143004302,0.012248
40143004400,0.064575
40143004500,0.030064
40143004600,0.081457
40143004700,0.130908
40143004800,0.095443
40143004900,0.146344
40143005001,0.030048
40143005002,0.077031
40143005100,0.045084
40143005200,0.046301
40143005300,0.006107
40143005401,0.097016
40143005403,0.137975
40143005404,0.108779
40143005500,0.180191
40143005600,0.190001
40143005700,0.185135
40143005801,0.045968
40143005805,0.057109
40143005808,0.06411
40143005809,0.024555
40143005810,0.10925
40143005811,0.107324
40143005812,0.005298
40143005813,0.013213
40143005900,0.090105
40143006000,0.068864
40143006200,0.007413
40143006506,0.150391
40143006507,0.20121
40143006600,0.153734
40143006701,0.091926
40143006703,0.048669
40143006708,0.04991
40143006709,0.088226
40143006710,0.082323
40143006711,0.044029
40143006712,0.105139
40143006713,0.093852
40143006801,0.021775
40143006803,0.078886
40143006804,0.063339
40143006901,0.017898
40143006902,0.011417
40143006903,0.018127
40143006905,0.011765
40143006906,0.089299
40143006907,0.023204
40143007000,0.039519
40143007101,0.034106
40143007102,0.046103
40143007200,0.157409
40143007304,0.06206
40143007306,0.025787
40143007308,0.140968
40143007309,0.126043
40143007310,0.058709
40143007311,0.043666
40143007312,0.040781
40143007313,0.089988
40143007314,0.074429
40143007402,0.010575
40143007408,0.051572
40143007409,0.008415
40143007410,0.036288
40143007411,0.033868
40143007412,0.00859
40143007413,0.008823
40143007414,0.049856
40143007415,0.091946
40143007416,0.037176
40143007417,0.14583
40143007503,0.008202
40143007507,0.007533
40143007510,0.023037
40143007511,0.007598
40143007512,0.019902
40143007518,0.006207
40143007519,0.004931
40143007520,0.004543
40143007522,0.064811
40143007523,0.032931
40143007525,0.021075
40143007526,0.043267
40143007527,0.020228
40143007528,0.048562
40143007529,0.011238
40143007530,0.068691
40143007531,0.065536
40143007532,0.010661
40143007533,0.03264
40143007534,0.022911
40143007535,0.107362
40143007536,0.005262
40143007608,0.0305
40143007611,0.046299
40143007612,0.002732
40143007613,0.02497
40143007614,0.056836
40143007615,0.008696
40143007616,0.038317
40143007617,0.014126
40143007619,0.008326
40143007629,0.099231
40143007630,0.104457
40143007631,0.008555
40143007632,0.024816
40143007633,0.068014
40143007634,0.049401
40143007636,0.106872
40143007638,0.037109
40143007639,0.024284
40143007641,0.026369
40143007642,0.037272
40143007643,0.035767
40143007644,0.0093
40143007645,0.00635
40143007646,0.247803
40143007647,0.035482
40143007648,0.053967
40143007649,0.04414
40143007650,0.158822
40143007651,0.238408
40143007652,0.137972
40143007653,0.035657
40143007654,0.01754
40143007655,0.149173
40143007656,0.094418
40143007703,0.14528
40143007704,0.134356
40143007705,0.12404
40143007706,0.010739
40143007707,0.155481
40143007801,0.174115
40143007803,0.160511
40143007804,0.338103
40143007900,0.107676
40143008001,0.218921
40143008002,0.038601
40143008200,0.053973
40143008300,0.152946
40143008400,0.010034
40143008501,0.032917
40143008502,0.054532
40143008600,0.030732
40143008700,0.029226
40143008800,0.071855
40143008900,0.097883
40143009006,0.008828
40143009008,0.071317
40143009010,0.005196
40143009011,0.091022
40143009012,0.041124
40143009013,0.022348
40143009014,0.013726
40143009015,0.039734
40143009016,0.021636
40143009017,0.007835
40143009018,0.013614
40143009019,0.039506
40143009020,0.004419
40143009021,0.031537
40143009101,0.279377
40143009104,0.207804
40143009200,0.102375
40143009300,0.146364
40143009401,0.138235
40143009403,0.089094
40143009404,0.133909
40143009500,0.142128
40143011300,0.038888
40143011400,0.007769
40145030101,0.121333
40145030102,0.135531
40145030201,0.305162
40145030202,0.100037
40145030300,0.123852
40145030402,0.081003
40145030403,0.25696
40145030406,0.025261
40145030407,0.029053
40145030408,0.14361
40145030502,0.083922
40145030505,0.043039
40145030506,0.110006
40145030507,0.004223
40145030508,0.143108
40145030509,0.016743
40145030510,0.138585
40145030511,0.110649
40145030512,0.146435
40145030601,0.044139
40145030603,0.137625
40145030604,0.220713
40145030605,0.088105
40145030798,0.120558
40145030800,0.138037
40147000100,0.035902
40147000200,0.143237
40147000300,0.080755
40147000400,0.148743
40147000500,0.020921
40147000601,0.249576
40147000602,0.269133
40147000700,0.159876
40147000800,0.194284
40147000900,0.013941
40147001000,0.106036
40147001100,0.122623
40147001200,0.147823
40147001300,0.116464
40149964900,0.172857
40149965000,0.200156
40149965100,0.149675
40149965400,0.126749
40151954201,0.099813
40151954202,0.122348
40151954300,0.24559
40151954400,0.18537
40153953100,0.089622
40153953200,0.159593
40153953300,0.09547
40153953400,0.111212
40153953500,0.306064
04001944902,0.041081
04001945100,0.073678
04001970201,0.143798
04001970202,0.067518
04001970300,0.149206
04001970501,0.119468
04001970502,0.152483
04003000101,0.079447
04003000102,0.158062
04003000201,0.065464
04003000202,0.080591
04003000203,0.12082
04003000301,0.09808
04003000303,0.14532
04003000304,0.111104
04003000305,0.278512
04003000400,0.044803
04003000501,0.075934
04003000502,0.095982
04003000503,0.260628
04003000600,0.061262
04003000700,0.233612
04003000800,0.027152
04003000901,0.038594
04003000902,0.169002
04003001000,0.099964
04003001100,0.104919
04003001200,0.068226
04003001301,0.058339
04003001302,0.087376
04003001401,0.04219
04003001402,0.037507
04003001501,0.026156
04003001502,0.045075
04003001601,0.026259
04003001602,0.057223
04003001701,0.110318
04003001702,0.036233
04003001703,0.226727
04003001801,0.023075
04003001802,0.004354
04003001900,0.203779
04003002001,0.098406
04003002002,0.029644
04003002100,0.028927
04005000200,0.037039
04005000601,0.026546
04005000602,0.074093
04005000700,0.19631
04005000800,0.049713
04005000901,0.052635
04005000902,0.016416
04005001000,0.049257
04005001101,0.03141
04005001103,0.094517
04005001104,0.116774
04005001201,0.145799
04005001302,0.129607
04005001500,0.176808
04005001601,0.135003
04005001602,0.124492
04005001700,0.134733
04005002201,0.181388
04005002202,0.070875
04005002302,0.092165
04005945100,0.058636
04005980100,0.516125
04005980200,0.07166
04007000100,0.100668
04007000200,0.206
04007000301,0.140159
04007000302,0.141913
04007000400,0.127694
04007000500,0.191314
04007000600,0.297482
04007000700,0.155616
04007000800,0.336606
04007000900,0.094184
04007001000,0.113341
04007001100,0.099077
04007001200,0.179685
04007001300,0.078051
04007940200,0.079858
04007940400,0.047728
04009940500,0.080058
04009961100,0.225053
04009961201,0.071638
04009961202,0.346192
04009961300,0.088399
04009961400,0.2361
04009961500,0.116532
04009961600,0.164934
04009961700,0.190132
04011960100,0.073173
04011960200,0.091857
04011960300,0.098778
04012020101,0.112892
04012020102,0.097062
04013010102,0.166972
04013010103,0.259302
04013010104,0.045511
04013030401,0.13897
04013030402,0.020761
04013040502,0.058876
04013040506,0.02255
04013040507,0.059383
04013040512,0.067402
04013040513,0.186684
04013040514,0.018033
04013040515,0.083973
04013040516,0.009399
04013040522,0.072854
04013040523,0.073385
04013040524,0.078851
04013040525,0.07777
04013040526,0.023176
04013040527,0.133913
04013040528,0.060127
04013040529,0.148338
04013040530,0.009064
04013040531,0.098489
04013040532,0.028383
04013040533,0.016995
04013040534,0.013807
04013040535,0.042265
04013040536,0.007031
04013040537,0.062789
04013040538,0.020569
04013040539,0.06226
04013040540,0.11474
04013040541,0.075707
04013050603,0.310455
04013050604,0.322566
04013050609,0.08617
04013050611,0.00612
04013050612,0.006943
04013050613,0.149319
04013050614,0.019694
04013050615,0.005983
04013050616,0.029656
04013050617,0.043177
04013050618,0.006743
04013050619,0.009476
04013050620,0.009738
04013050621,0.049264
04013050701,0.094922
04013050702,0.052298
04013060801,0.083074
04013060802,0.034994
04013060901,0.012128
04013060902,0.041497
04013060903,0.1664
04013060904,0.327526
04013061010,0.133867
04013061011,0.040711
04013061013,0.016852
04013061014,0.021056
04013061015,0.015986
04013061017,0.020404
04013061018,0.011329
04013061020,0.006926
04013061021,0.008747
04013061024,0.066802
04013061026,0.007145
04013061027,0.01306
04013061028,0.013821
04013061029,0.006619
04013061031,0.007459
04013061032,0.003179
04013061033,0.004097
04013061034,0.014145
04013061035,0.047028
04013061036,0.002154
04013061037,0.005363
04013061038,0.005917
04013061039,0.030043
04013061040,0.017437
04013061041,0.002477
04013061042,0.016112
04013061043,0.003945
04013061044,0.008388
04013061045,0.011544
04013061046,0.05688
04013061047,0.01442
04013061048,0.008932
04013061049,0.002069
04013061050,0.029896
04013061051,0.005692
04013061052,0.004606
04013061053,0.008559
04013061054,0.057476
04013061055,0.004651
04013061056,0.003776
04013061057,0.005154
04013061058,0.005285
04013061059,0.008338
04013061060,0.007365
04013061061,0.002027
04013061062,0.005751
04013061063,0.033747
04013061064,0.007699
04013061100,0.272409
04013061200,0.01226
04013061300,0.057734
04013061401,0.051863
04013061402,0.144787
04013071503,0.06546
04013071504,0.016783
04013071505,0.047373
04013071506,0.041967
04013071509,0.010977
04013071510,0.013404
04013071511,0.07194
04013071512,0.008266
04013071513,0.041076
04013071514,0.017067
04013071515,0.04732
04013071516,0.030918
04013071517,0.014779
04013071600,0.22433
04013071701,0.023749
04013071702,0.033524
04013071801,0.026377
04013071802,0.045816
04013071903,0.007049
04013071906,0.047023
04013071909,0.025919
04013071910,0.003856
04013071911,0.017923
04013071912,0.030764
04013071913,0.021057
04013071914,0.007287
04013071915,0.041178
04013082002,0.003675
04013082007,0.007269
04013082008,0.039949
04013082009,0.009451
04013082010,0.014889
04013082012,0.008544
04013082016,0.015653
04013082017,0.022374
04013082018,0.005016
04013082019,0.004902
04013082020,0.008717
04013082021,0.045248
04013082022,0.011479
04013082023,0.123963
04013082024,0.010572
04013082025,0.060963
04013082026,0.01152
04013082027,0.054337
04013082028,0.006467
04013082204,0.010485
04013082205,0.015699
04013082206,0.005358
04013082207,0.004639
04013082208,0.007812
04013082209,0.099532
04013082210,0.010697
04013082211,0.041735
04013082212,0.005615
04013082213,0.009615
04013083000,0.017619
04013092305,0.006435
04013092306,0.020506
04013092307,0.034587
04013092308,0.00562
04013092309,0.004791
04013092311,0.031087
04013092312,0.019221
04013092401,0.011862
04013092402,0.003772
04013092500,0.006842
04013092600,0.032447
04013092705,0.028481
04013092708,0.012817
04013092709,0.005208
04013092710,0.006613
04013092711,0.00436
04013092712,0.0132
04013092713,0.003694
04013092715,0.018359
04013092716,0.002885
04013092717,0.025242
04013092718,0.013073
04013092719,0.010315
04013092720,0.016522
04013092721,0.002747
04013092723,0.003629
04013092724,0.033436
04013092801,0.005201
04013092802,0.043169
04013092900,0.017178
04013093001,0.003383
04013093002,0.003268
04013093101,0.030224
04013093104,0.037456
04013093105,0.002493
04013093106,0.031526
04013093200,0.040063
04013103205,0.020633
04013103206,0.001337
04013103207,0.009562
04013103208,0.062421
04013103209,0.019374
04013103210,0.007927
04013103211,0.024866
04013103212,0.007447
04013103214,0.004063
04013103215,0.015102
04013103216,0.012873
04013103217,0.00938
04013103219,0.103002
04013103220,0.035673
04013103302,0.011828
04013103303,0.0119
04013103304,0.007924
04013103305,0.046832
04013103306,0.01238
04013103400,0.018458
04013103501,0.006042
04013103502,0.008178
04013103604,0.091383
04013103605,0.004954
04013103606,0.007169
04013103607,0.052843
04013103608,0.01418
04013103609,0.010628
04013103611,0.009297
04013103612,0.013636
04013103614,0.007164
04013103615,0.021222
04013103701,0.017466
04013103702,0.055486
04013103900,0.009847
04013104000,0.021316
04013104100,0.016482
04013104202,0.006026
04013104203,0.004129
04013104204,0.006601
04013104205,0.007933
04013104206,0.007695
04013104207,0.01352
04013104212,0.006829
04013104214,0.00623
04013104215,0.006411
04013104216,0.005083
04013104217,0.025248
04013104218,0.009896
04013104219,0.005727
04013104221,0.009159
04013104222,0.003812
04013104223,0.005395
04013104224,0.005936
04013104225,0.006976
04013104226,0.014205
04013104227,0.032821
04013104301,0.005271
04013104302,0.03385
04013104401,0.013443
04013104402,0.01404
04013104501,0.027453
04013104502,0.038013
04013104600,0.01511
04013104701,0.04202
04013104702,0.027857
04013104801,0.036707
04013104802,0.005095
04013104900,0.009009
04013105002,0.007631
04013105003,0.008651
04013105004,0.015213
04013105101,0.008971
04013105102,0.030457
04013105103,0.088024
04013105200,0.013298
04013105300,0.007966
04013105400,0.012834
04013105501,0.012838
04013105502,0.006497
04013105503,0.00934
04013105601,0.024946
04013105602,0.003945
04013105701,0.009491
04013105702,0.004477
04013105800,0.005754
04013105900,0.017618
04013106001,0.022163
04013106002,0.009718
04013106003,0.007262
04013106100,0.006499
04013106200,0.025852
04013106300,0.014757
04013106400,0.011139
04013106501,0.005196
04013106502,0.01111
04013106600,0.008557
04013106701,0.039966
04013106702,0.022276
04013106703,0.047619
04013106801,0.044614
04013106802,0.008298
04013106900,0.004563
04013107001,0.005631
04013107002,0.003661
04013107101,0.025398
04013107102,0.007089
04013107201,0.223096
04013107202,0.002914
04013107300,0.013546
04013107401,0.00812
04013107402,0.033205
04013107403,0.019256
04013107404,0.021198
04013107500,0.011938
04013107601,0.023974
04013107602,0.030522
04013107700,0.018871
04013107800,0.090741
04013107900,0.057949
04013108000,0.004184
04013108100,0.040671
04013108200,0.060887
04013108301,0.146495
04013108302,0.03462
04013108400,0.01715
04013108501,0.032678
04013108502,0.191601
04013108601,0.005572
04013108602,0.013842
04013108802,0.018949
04013108901,0.013126
04013108902,0.00354
04013109001,0.047033
04013109002,0.012569
04013109003,0.006679
04013109101,0.004907
04013109102,0.021058
04013109200,0.017616
04013109300,0.00558
04013109401,0.002544
04013109402,0.0413
04013109500,0.00369
04013109601,0.035139
04013109602,0.007738
04013109603,0.003223
04013109604,0.015517
04013109702,0.011211
04013109703,0.002553
04013109704,0.013399
04013109705,0.023348
04013109706,0.004402
04013109707,0.003917
04013109801,0.012883
04013109802,0.003574
04013109900,0.004882
04013110001,0.012935
04013110002,0.145184
04013110100,0.016486
04013110400,0.005908
04013110501,0.014543
04013110502,0.015734
04013110600,0.008505
04013110701,0.046685
04013110702,0.005523
04013110801,0.023929
04013110802,0.003937
04013110901,0.025342
04013110902,0.060343
04013111000,0.017548
04013111100,0.004595
04013111201,0.005634
04013111202,0.00816
04013111203,0.08925
04013111204,0.026132
04013111300,0.002455
04013111401,0.051106
04013111402,0.005395
04013111501,0.002653
04013111502,0.002539
04013111601,0.018019
04013111602,0.04019
04013111700,0.006881
04013111800,0.030562
04013111900,0.042569
04013112100,0.006081
04013112201,0.005108
04013112202,0.005899
04013112301,0.003724
04013112302,0.019976
04013112401,0.012581
04013112402,0.011301
04013112502,0.003853
04013112504,0.008016
04013112507,0.025336
04013112508,0.054506
04013112510,0.008373
04013112512,0.046853
04013112514,0.011891
04013112515,0.014393
04013112516,0.029412
04013112517,0.009196
04013112518,0.011474
04013112519,0.004454
04013112520,0.049568
04013112521,0.026846
04013112522,0.021659
04013112523,0.023875
04013112524,0.01337
04013112601,0.068652
04013112602,0.016184
04013112700,0.021059
04013112900,0.023933
04013113000,0.013415
04013113100,0.025366
04013113201,0.150006
04013113202,0.265133
04013113204,0.042793
04013113301,0.03926
04013113502,0.040734
04013113503,0.013297
04013113601,0.018274
04013113602,0.146212
04013113701,0.009992
04013113702,0.028031
04013113800,0.062561
04013113900,0.061893
04013114000,0.032347
04013114100,0.06563
04013114200,0.010313
04013114301,0.030559
04013114302,0.01224
04013114401,0.046056
04013114402,0.032504
04013114500,0.023018
04013114600,0.020561
04013114704,0.179402
04013114705,0.448057
04013114800,0.128475
04013114900,0.008326
04013115200,0.029871
04013115300,0.06382
04013115400,0.011262
04013115500,0.005181
04013115600,0.002469
04013115700,0.006782
04013115801,0.013249
04013115802,0.005913
04013115900,0.004636
04013116000,0.006669
04013116100,0.004941
04013116202,0.009818
04013116203,0.012536
04013116204,0.028286
04013116205,0.017594
04013116300,0.002212
04013116400,0.003742
04013116500,0.00746
04013116605,0.014611
04013116606,0.057012
04013116607,0.013342
04013116610,0.130457
04013116611,0.022232
04013116612,0.004005
04013116614,0.008498
04013116615,0.00366
04013116616,0.006119
04013116617,0.132347
04013116618,0.028644
04013116619,0.010473
04013116620,0.011644
04013116621,0.009031
04013116703,0.012106
04013116707,0.013158
04013116708,0.050508
04013116709,0.017125
04013116710,0.006101
04013116711,0.012133
04013116712,0.019048
04013116713,0.017267
04013116714,0.012247
04013116715,0.013503
04013116717,0.035786
04013116718,0.05828
04013116719,0.016723
04013116720,0.014665
04013116721,0.015308
04013116725,0.026464
04013116727,0.037932
04013116728,0.002897
04013116729,0.040131
04013116730,0.074161
04013116731,0.033524
04013116732,0.014597
04013116733,0.101399
04013116734,0.009601
04013116735,0.003304
04013116736,0.003996
04013116737,0.007456
04013116738,0.003838
04013116800,0.0181
04013116900,0.048043
04013117000,0.015445
04013117100,0.006138
04013117200,0.037318
04013117300,0.094686
04013216806,0.027943
04013216807,0.009244
04013216809,0.009456
04013216810,0.030825
04013216813,0.020118
04013216816,0.008592
04013216819,0.006047
04013216820,0.010953
04013216821,0.010046
04013216822,0.016643
04013216826,0.023462
04013216829,0.055869
04013216830,0.013025
04013216831,0.013247
04013216832,0.008852
04013216833,0.075802
04013216834,0.060361
04013216835,0.017812
04013216836,0.023047
04013216837,0.009825
04013216838,0.010248
04013216839,0.004227
04013216840,0.043648
04013216841,0.021897
04013216842,0.011842
04013216843,0.035906
04013216844,0.013753
04013216845,0.056847
04013216849,0.02702
04013216850,0.059723
04013216851,0.087246
04013216852,0.014327
04013216853,0.016633
04013216854,0.033315
04013216855,0.02341
04013216856,0.04197
04013216857,0.027477
04013216858,0.020362
04013216859,0.004889
04013216860,0.072979
04013216861,0.010924
04013216901,0.010193
04013216902,0.00408
04013217001,0.068909
04013217002,0.006662
04013217101,0.035082
04013217102,0.004869
04013217201,0.063506
04013217203,0.043309
04013217204,0.02366
04013217300,0.043454
04013217400,0.046127
04013217501,0.005079
04013217502,0.018907
04013217600,0.018635
04013217700,0.170411
04013217800,0.009708
04013217900,0.01466
04013218000,0.022245
04013218100,0.025016
04013218200,0.005652
04013218300,0.040588
04013318400,0.096117
04013318501,0.00873
04013318700,0.072325
04013318800,0.005563
04013318900,0.00612
04013319001,0.034603
04013319002,0.011904
04013319101,0.1132
04013319103,0.013005
04013319104,0.177807
04013319201,0.017189
04013319202,0.055285
04013319300,0.028144
04013319401,0.007406
04013319402,0.012201
04013319403,0.015114
04013319404,0.042927
04013319500,0.022046
04013319600,0.009586
04013319705,0.097908
04013319706,0.066835
04013319707,0.03632
04013319708,0.01011
04013319709,0.038108
04013319710,0.015573
04013319801,0.015646
04013319802,0.010617
04013319902,0.015131
04013319903,0.012275
04013319904,0.094219
04013319905,0.007823
04013319906,0.034137
04013319907,0.008226
04013319908,0.027854
04013319909,0.018373
04013319910,0.017945
04013320001,0.064028
04013320002,0.156143
04013320007,0.005154
04013320100,0.02706
04013420104,0.089726
04013420105,0.014116
04013420107,0.009323
04013420108,0.014905
04013420109,0.010083
04013420110,0.00669
04013420111,0.006579
04013420112,0.014187
04013420113,0.023868
04013420114,0.040934
04013420115,0.03256
04013420116,0.111182
04013420202,0.053614
04013420206,0.02026
04013420207,0.009992
04013420208,0.006478
04013420209,0.016196
04013420210,0.021061
04013420211,0.028865
04013420212,0.031575
04013420213,0.021925
04013420214,0.139279
04013420215,0.011758
04013420216,0.009335
04013420301,0.051694
04013420302,0.010091
04013420303,0.003685
04013420304,0.046381
04013420401,0.07025
04013420402,0.023056
04013420503,0.034105
04013420504,0.02943
04013420505,0.007615
04013420506,0.091175
04013420602,0.006399
04013420603,0.008244
04013420604,0.008887
04013420704,0.014231
04013420705,0.010054
04013420706,0.0157
04013420707,0.03327
04013420708,0.041051
04013420709,0.039314
04013420710,0.037648
04013420800,0.008211
04013420901,0.005329
04013420902,0.007256
04013421001,0.131371
04013421002,0.020592
04013421101,0.036995
04013421102,0.030034
04013421201,0.025492
04013421202,0.203205
04013421302,0.047112
04013421303,0.029531
04013421304,0.016521
04013421400,0.031031
04013421501,0.018419
04013421502,0.016441
04013421601,0.057966
04013421602,0.030955
04013421701,0.015532
04013421702,0.029258
04013421801,0.002058
04013421802,0.015109
04013421901,0.009889
04013421902,0.034733
04013422001,0.014555
04013422002,0.037018
04013422102,0.017875
04013422103,0.037235
04013422104,0.007807
04013422105,0.016091
04013422106,0.092057
04013422107,0.09657
04013422203,0.050473
04013422209,0.010836
04013422210,0.007896
04013422211,0.013462
04013422212,0.047525
04013422213,0.013149
04013422215,0.007443
04013422216,0.028056
04013422217,0.138703
04013422218,0.005267
04013422219,0.004547
04013422220,0.023264
04013422221,0.028179
04013422222,0.003948
04013422223,0.032035
04013422224,0.060824
04013422225,0.014586
04013422226,0.131758
04013422227,0.012213
04013422301,0.015672
04013422302,0.011104
04013422304,0.085795
04013422305,0.012377
04013422307,0.030034
04013422308,0.014774
04013422309,0.018288
04013422401,0.029198
04013422402,0.004651
04013422403,0.005219
04013422404,0.012459
04013422501,0.003583
04013422502,0.013129
04013422503,0.012942
04013422504,0.053434
04013422506,0.066687
04013422507,0.021279
04013422508,0.00824
04013422509,0.164301
04013422510,0.013661
04013422511,0.015519
04013422512,0.006295
04013422513,0.02294
04013422514,0.073147
04013422607,0.051474
04013422609,0.055439
04013422610,0.020929
04013422615,0.015019
04013422617,0.009435
04013422618,0.014651
04013422620,0.00606
04013422621,0.047972
04013422622,0.009403
04013422623,0.005416
04013422624,0.02535
04013422625,0.04656
04013422626,0.038636
04013422627,0.023517
04013422628,0.028486
04013422629,0.055692
04013422630,0.008
04013422632,0.027716
04013422633,0.021462
04013422634,0.033251
04013422636,0.020544
04013422637,0.014257
04013422638,0.017996
04013422639,0.037181
04013422640,0.028996
04013422642,0.019386
04013422643,0.009808
04013422647,0.006639
04013422648,0.006579
04013422649,0.011324
04013422650,0.013427
04013422651,0.00342
04013422652,0.024198
04013422653,0.010138
04013422654,0.004364
04013422655,0.023354
04013422656,0.06252
04013422657,0.007673
04013422658,0.006762
04013422659,0.031385
04013422660,0.017784
04013522801,0.493052
04013522802,0.007262
04013522901,0.010295
04013522903,0.096926
04013522904,0.005429
04013523002,0.010956
04013523005,0.007997
04013523006,0.136776
04013523007,0.079545
04013523008,0.003073
04013523102,0.011268
04013523103,0.022951
04013523104,0.01663
04013610001,0.276154
04013610002,0.09909
04013610100,0.020297
04013610201,0.034412
04013610202,0.02169
04013610301,0.056879
04013610302,0.015836
04013610400,0.011233
04013610500,0.015093
04013610600,0.017312
04013610700,0.073003
04013610800,0.03425
04013610901,0.0125
04013610902,0.016949
04013610903,0.024399
04013611000,0.018624
04013611100,0.003878
04013611200,0.005033
04013611300,0.021547
04013611400,0.036876
04013611500,0.004275
04013611600,0.006283
04013611700,0.010898
04013611800,0.02208
04013611900,0.018696
04013612000,0.020386
04013612200,0.037199
04013612301,0.021806
04013612302,0.011773
04013612401,0.003214
04013612402,0.037803
04013612500,0.064765
04013612600,0.00887
04013612700,0.025378
04013612800,0.043991
04013612900,0.01086
04013613000,0.007037
04013613100,0.005513
04013613200,0.013594
04013613300,0.007319
04013613400,0.009381
04013613500,0.120076
04013613601,0.009086
04013613602,0.009603
04013613700,0.051205
04013613800,0.004672
04013613900,0.008361
04013614000,0.004893
04013614100,0.007646
04013614200,0.017204
04013614300,0.043627
04013614400,0.022708
04013614500,0.013013
04013614601,0.040852
04013614602,0.100418
04013614700,0.031598
04013614800,0.01467
04013614900,0.18208
04013615001,0.002808
04013615002,0.017169
04013615100,0.082994
04013615201,0.028178
04013615202,0.058347
04013615300,0.03188
04013615400,0.019814
04013615500,0.031518
04013615600,0.045546
04013615700,0.038706
04013615800,0.008211
04013615900,0.018512
04013616000,0.012357
04013616100,0.012599
04013616200,0.033405
04013616300,0.007704
04013616400,0.064207
04013616500,0.011987
04013616600,0.020979
04013616700,0.03657
04013616800,0.01526
04013616900,0.018469
04013617001,0.049766
04013617002,0.04754
04013617100,0.055007
04013617200,0.024646
04013617300,0.012861
04013617400,0.083554
04013617500,0.024656
04013617600,0.017956
04013617700,0.029599
04013617800,0.051823
04013617900,0.011242
04013618000,0.005293
04013618100,0.005765
04013618200,0.003479
04013618300,0.007287
04013618400,0.011976
04013618500,0.022383
04013618600,0.013213
04013618700,0.002729
04013618800,0.015022
04013618900,0.0233
04013619000,0.018408
04013619100,0.029524
04013619200,0.026977
04013619300,0.001865
04013619400,0.043207
04013619500,0.012726
04013619601,0.041794
04013619602,0.021892
04013619700,0.006465
04013619800,0.007129
04013619900,0.014811
04013723304,0.10696
04013723305,0.09096
04013723306,0.092255
04013723307,0.038086
04013723309,0.001416
04013723310,0.014353
04013723311,0.012939
04013810000,0.027791
04013810100,0.008002
04013810200,0.044856
04013810300,0.006375
04013810400,0.017009
04013810500,0.00567
04013810600,0.016875
04013810700,0.011633
04013810800,0.015288
04013810900,0.018081
04013811000,0.045357
04013811100,0.080694
04013811200,0.040579
04013811300,0.01857
04013811400,0.003372
04013811500,0.003403
04013811600,0.004169
04013811700,0.00341
04013811800,0.035779
04013811900,0.017026
04013812000,0.050047
04013812100,0.03035
04013812200,0.008099
04013812300,0.016423
04013812400,0.010521
04013812500,0.012075
04013812600,0.016279
04013812700,0.01543
04013812801,0.005198
04013812802,0.052984
04013812900,0.007947
04013813000,0.007101
04013813100,0.005931
04013813200,0.00532
04013813300,0.019896
04013813400,0.008891
04013813500,0.027982
04013813600,0.005911
04013813700,0.030668
04013813800,0.01813
04013813900,0.016798
04013814000,0.015797
04013814100,0.003
04013814200,0.030618
04013814300,0.016357
04013814400,0.013961
04013814500,0.056996
04013814600,0.016037
04013814700,0.01175
04013814801,0.031784
04013814802,0.015388
04013814900,0.007356
04013815000,0.007301
04013815100,0.005349
04013815201,0.021725
04013815202,0.003481
04013815203,0.014247
04013815300,0.059599
04013815401,0.007364
04013815402,0.018674
04013815501,0.006285
04013815502,0.042713
04013815601,0.010077
04013815602,0.004375
04013815700,0.01265
04013815800,0.012869
04013815901,0.051007
04013815902,0.004722
04013816001,0.031903
04013816002,0.009218
04013816003,0.025067
04013816004,0.010068
04013816005,0.009901
04013816100,0.004042
04013816200,0.004108
04013816301,0.027625
04013816302,0.008834
04013816401,0.02064
04013816402,0.004421
04013816501,0.020394
04013816502,0.010081
04013816600,0.008487
04013816700,0.008629
04013816800,0.013249
04013816901,0.004098
04013816902,0.010951
04013816903,0.003404
04013816904,0.006917
04013817000,0.017267
04013817101,0.017015
04013817102,0.026841
04013817103,0.003856
04013817200,0.010548
04013817300,0.022389
04013817400,0.018146
04013817500,0.021817
04013817600,0.02065
04013940700,0.029911
04013941000,0.014275
04013941100,0.107156
04013941200,0.064189
04013941300,0.044238
04013980100,0.142241
04013980400,0.283351
04013980500,0.016682
04013980700,0.028332
04013980900,0.025045
04013981000,0.512398
04015954801,0.127903
04015954802,0.135648
04017940014,0.010887
04017940015,0.028399
04017940100,0.170487
04017940301,0.07859
04017940302,0.312054
04017960100,0.131914
04017960200,0.096108
04017960400,0.054864
04017960500,0.146269
04017960600,0.045106
04017961300,0.0848
04017961701,0.08162
04017961702,0.223294
04017962501,0.170619
04017962502,0.358531
04017963300,0.15536
04017963400,0.109374
04017963700,0.025951
04017963800,0.014702
04017964201,0.088753
04017964202,0.084714
04017964801,0.034008
04017964802,0.161687
04017964901,0.186745
04017964902,0.098063
04017965201,0.218057
04017965202,0.152409
04017965301,0.120607
04017965302,0.058643
04019000100,0.262282
04019000200,0.017007
04019000300,0.004271
04019000401,0.011928
04019000402,0.014918
04019000501,0.011044
04019000502,0.008199
04019000600,0.019392
04019000700,0.002713
04019000800,0.017392
04019001100,0.008211
04019001200,0.013677
04019001302,0.024994
04019001303,0.048016
04019001304,0.044018
04019001400,0.009727
04019001500,0.008214
04019001600,0.023746
04019001700,0.044682
04019001801,0.012963
04019001802,0.007829
04019001900,0.012321
04019002000,0.095389
04019002100,0.006661
04019002201,0.023792
04019002202,0.009432
04019002300,0.029822
04019002400,0.02044
04019002503,0.032387
04019002504,0.013129
04019002505,0.012677
04019002507,0.012169
04019002508,0.002092
04019002509,0.015919
04019002602,0.029136
04019002603,0.032296
04019002604,0.020783
04019002702,0.010046
04019002703,0.005085
04019002704,0.007358
04019002801,0.046454
04019002802,0.014301
04019002803,0.019256
04019002901,0.009339
04019002904,0.02506
04019002905,0.019167
04019002906,0.00665
04019003002,0.011941
04019003003,0.010228
04019003004,0.054014
04019003102,0.003007
04019003103,0.08134
04019003104,0.024355
04019003201,0.009738
04019003202,0.006112
04019003302,0.007824
04019003303,0.013164
04019003304,0.006867
04019003400,0.011719
04019003502,0.011404
04019003503,0.055339
04019003504,0.007202
04019003505,0.018311
04019003506,0.007902
04019003601,0.142359
04019003702,0.010054
04019003704,0.021373
04019003705,0.003736
04019003706,0.005152
04019003707,0.00715
04019003801,0.047325
04019003802,0.006136
04019003901,0.039267
04019003902,0.013431
04019003903,0.031631
04019004008,0.004476
04019004010,0.008702
04019004026,0.005307
04019004029,0.020833
04019004030,0.013855
04019004031,0.063457
04019004032,0.004849
04019004033,0.006152
04019004034,0.003261
04019004035,0.002088
04019004036,0.003393
04019004037,0.005044
04019004038,0.004096
04019004039,0.006616
04019004042,0.039032
04019004043,0.039357
04019004044,0.149379
04019004046,0.003596
04019004047,0.007358
04019004048,0.014501
04019004049,0.002457
04019004050,0.00336
04019004051,0.006897
04019004052,0.183598
04019004053,0.005166
04019004054,0.007692
04019004055,0.025706
04019004056,0.011272
04019004057,0.004676
04019004058,0.003931
04019004061,0.158912
04019004062,0.012139
04019004063,0.012858
04019004065,0.015178
04019004066,0.025003
04019004067,0.070332
04019004068,0.021108
04019004069,0.007149
04019004070,0.04236
04019004071,0.003248
04019004072,0.002883
04019004073,0.012601
04019004074,0.0197
04019004075,0.011779
04019004076,0.003092
04019004077,0.005534
04019004078,0.139462
04019004079,0.013882
04019004080,0.008447
04019004081,0.0089
04019004082,0.005641
04019004109,0.104573
04019004110,0.003191
04019004112,0.050415
04019004114,0.017058
04019004115,0.026355
04019004116,0.021985
04019004117,0.036628
04019004118,0.025583
04019004122,0.003332
04019004126,0.015931
04019004127,0.054743
04019004128,0.030431
04019004129,0.017469
04019004130,0.026476
04019004131,0.040013
04019004132,0.038181
04019004133,0.058991
04019004307,0.115079
04019004310,0.027563
04019004311,0.01523
04019004312,0.003816
04019004313,0.260649
04019004316,0.043258
04019004317,0.049075
04019004320,0.131612
04019004321,0.004499
04019004322,0.005067
04019004323,0.181954
04019004324,0.110986
04019004325,0.358026
04019004326,0.032642
04019004327,0.053131
04019004328,0.045401
04019004330,0.01709
04019004332,0.013672
04019004333,0.011547
04019004335,0.047603
04019004336,0.129403
04019004337,0.034212
04019004338,0.01416
04019004339,0.004003
04019004340,0.060853
04019004404,0.171487
04019004407,0.004781
04019004412,0.017327
04019004413,0.014237
04019004414,0.003867
04019004415,0.04708
04019004418,0.014062
04019004419,0.019422
04019004422,0.012061
04019004423,0.040306
04019004424,0.197841
04019004425,0.074664
04019004426,0.114153
04019004428,0.041911
04019004430,0.017493
04019004431,0.012403
04019004432,0.004853
04019004433,0.002129
04019004434,0.012834
04019004435,0.014883
04019004436,0.019616
04019004437,0.046584
04019004438,0.015467
04019004439,0.004919
04019004440,0.01213
04019004505,0.021159
04019004506,0.021143
04019004508,0.036868
04019004510,0.015688
04019004511,0.008158
04019004512,0.007607
04019004513,0.012704
04019004514,0.009197
04019004515,0.066281
04019004610,0.006705
04019004613,0.007183
04019004614,0.011612
04019004615,0.016111
04019004616,0.03638
04019004617,0.054297
04019004618,0.026267
04019004619,0.038484
04019004620,0.046328
04019004621,0.006636
04019004622,0.187637
04019004623,0.026842
04019004624,0.008201
04019004625,0.25293
04019004626,0.015784
04019004627,0.030617
04019004628,0.015711
04019004630,0.022356
04019004631,0.215769
04019004632,0.25907
04019004633,0.032934
04019004634,0.003503
04019004635,0.055668
04019004636,0.015733
04019004639,0.056452
04019004640,0.013852
04019004641,0.003381
04019004642,0.018371
04019004643,0.041394
04019004644,0.007976
04019004645,0.008491
04019004646,0.021758
04019004647,0.019062
04019004648,0.150437
04019004649,0.031556
04019004650,0.030639
04019004710,0.044877
04019004711,0.032207
04019004712,0.004007
04019004713,0.150626
04019004714,0.012634
04019004715,0.202996
04019004717,0.030762
04019004718,0.013562
04019004720,0.016672
04019004721,0.014499
04019004722,0.039313
04019004723,0.023651
04019004724,0.017851
04019004725,0.057763
04019004726,0.024908
04019004727,0.123129
04019004728,0.328608
04019004729,0.006169
04019004730,0.004291
04019005200,0.138881
04019005300,0.006118
04019005400,0.019101
04019940800,0.067318
04019940900,0.025816
04019941000,0.09203
04019941100,0.029015
04019980001,0.510229
04019980002,0.082565
04019980100,0.039283
04019980200,0.045115
04019980300,0.080068
04019980400,0.211912
04021000201,0.204641
04021000204,0.007815
04021000206,0.025283
04021000208,0.012995
04021000211,0.039278
04021000212,0.080517
04021000215,0.012145
04021000216,0.008456
04021000217,0.09896
04021000218,0.00459
04021000219,0.024216
04021000220,0.011835
04021000221,0.035479
04021000222,0.004509
04021000223,0.00311
04021000224,0.011261
04021000225,0.003371
04021000226,0.003455
04021000227,0.005611
04021000228,0.008843
04021000229,0.057339
04021000307,0.079318
04021000309,0.049456
04021000310,0.036085
04021000311,0.191951
04021000312,0.078245
04021000313,0.011031
04021000315,0.080669
04021000316,0.029945
04021000317,0.017826
04021000319,0.052482
04021000320,0.070659
04021000321,0.029803
04021000322,0.036094
04021000323,0.088631
04021000324,0.03825
04021000325,0.032757
04021000400,0.125803
04021000603,0.053112
04021000604,0.19962
04021000700,0.100956
04021000802,0.080058
04021000804,0.025438
04021000805,0.01213
04021000806,0.003653
04021000807,0.337752
04021000808,0.319931
04021000902,0.073858
04021000903,0.376667
04021000904,0.124491
04021001000,0.141276
04021001100,0.084769
04021001200,0.14005
04021001303,0.09029
04021001305,0.016709
04021001306,0.011432
04021001307,0.127317
04021001308,0.098548
04021001309,0.041468
04021001310,0.048667
04021001403,0.03719
04021001404,0.034144
04021001405,0.059326
04021001406,0.061389
04021001407,0.135303
04021001408,0.211577
04021001500,0.068723
04021001600,0.054151
04021001701,0.26699
04021001704,0.076078
04021001705,0.140561
04021001706,0.095381
04021001707,0.019972
04021001709,0.031169
04021001712,0.15301
04021001713,0.011831
04021001714,0.01546
04021001715,0.064689
04021001716,0.005371
04021001717,0.016927
04021001900,0.042102
04021002001,0.206707
04021002004,0.097066
04021002005,0.121901
04021002104,0.040974
04021002105,0.014132
04021002106,0.102659
04021002107,0.152877
04021002200,0.09965
04021002300,0.196573
04021002400,0.418181
04021941200,0.054843
04021941300,0.049083
04021941401,0.091766
04021941402,0.084459
04023966000,0.106507
04023966101,0.207738
04023966103,0.061197
04023966106,0.161017
04023966107,0.036621
04023966108,0.108988
04023966109,0.072596
04023966110,0.015376
04023966111,0.179159
04023966200,0.058192
04023966301,0.186399
04023966302,0.168426
04023966401,0.065883
04023966402,0.093718
04025000205,0.041016
04025000206,0.051825
04025000207,0.325544
04025000208,0.327295
04025000209,0.298109
04025000210,0.040527
04025000211,0.103378
04025000301,0.023356
04025000302,0.041151
04025000403,0.009821
04025000404,0.006411
04025000405,0.004232
04025000406,0.277875
04025000407,0.004068
04025000501,0.06579
04025000502,0.059159
04025000604,0.006795
04025000608,0.025151
04025000609,0.011206
04025000611,0.097391
04025000612,0.103047
04025000613,0.005741
04025000614,0.004564
04025000615,0.033945
04025000616,0.021067
04025000617,0.157099
04025000618,0.018066
04025000619,0.076678
04025000701,0.092889
04025000702,0.079722
04025000802,0.103006
04025000803,0.032755
04025000804,0.318976
04025000901,0.155947
04025000902,0.004541
04025001002,0.034912
04025001003,0.006265
04025001004,0.067467
04025001103,0.038086
04025001104,0.010036
04025001105,0.118994
04025001106,0.073809
04025001201,0.247884
04025001202,0.015521
04025001300,0.199468
04025001401,0.068135
04025001402,0.289627
04025001403,0.124977
04025001501,0.113006
04025001502,0.123237
04025001601,0.062915
04025001602,0.108613
04025001604,0.140746
04025001605,0.155028
04025001701,0.090095
04025001703,0.21922
04025001704,0.124017
04025001705,0.078363
04025001801,0.082601
04025001803,0.085375
04025001804,0.151137
04025001901,0.088034
04025001902,0.105728
04025001903,0.076178
04025001904,0.082506
04025002001,0.085607
04025002002,0.095799
04025002003,0.125436
04025002005,0.02238
04025002006,0.022949
04025002007,0.103051
04025002100,0.126395
04027012100,0.140264
04027980003,0.036458
04027980004,0.121708
35023970000,0.044482
06007000102,0.011311
06007000103,0.021111
06007000104,0.006635
06007000201,0.166144
06007000202,0.134388
06007000300,0.105262
06007000401,0.032886
06007000403,0.024292
06007000404,0.061009
06007000501,0.18337
06007000502,0.230677
06007000601,0.037264
06007000603,0.015998
06007000604,0.028622
06007000700,0.018649
06007000800,0.055258
06007000901,0.02315
06007000903,0.020942
06007000904,0.122373
06007001000,0.067542
06007001100,0.141107
06007001200,0.007314
06007001300,0.022937
06007001400,0.101596
06007001500,0.02336
06007001601,0.132902
06007001602,0.199047
06007001702,0.161675
06007001703,0.009766
06007001704,0.014214
06007001800,0.152645
06007001900,0.119007
06007002000,0.232431
06007002100,0.15046
06007002200,0.087515
06007002300,0.195599
06007002401,0.110106
06007002402,0.120006
06007002500,0.075062
06007002601,0.279945
06007002602,0.137251
06007002700,0.055558
06007002800,0.040759
06007002900,0.029031
06007003001,0.168567
06007003002,0.034265
06007003100,0.293943
06007003200,0.011013
06007003300,0.03798
06007003400,0.08607
06007003501,0.018403
06007003502,0.11625
06007003600,0.127607
06007003700,0.135913
06011000100,0.1171
06011000200,0.083427
06011000301,0.149178
06011000302,0.164753
06011000400,0.053316
06011000500,0.193427
06015000202,0.172453
06017030601,0.230521
06017030603,0.262337
06017030604,0.032974
06017030605,0.188165
06017030606,0.188243
06017030701,0.021897
06017030706,0.019492
06017030709,0.004959
06017030710,0.003007
06017030801,0.034288
06017030901,0.073588
06017030902,0.050587
06017031000,0.115391
06017031100,0.085848
06017031700,0.017216
06021010101,0.1414
06021010102,0.15488
06021010200,0.118977
06021010300,0.107408
06021010401,0.130037
06021010402,0.167077
06021010501,0.070493
06021010502,0.169483
06023001200,0.032347
06023010102,0.139802
06023010902,0.056029
06023011600,0.125044
06023940000,0.210281
06033000100,0.117089
06033000300,0.055587
06033000401,0.007966
06033000402,0.035463
06033000501,0.085382
06033000502,0.057442
06033000601,0.072665
06033000602,0.121914
06033000702,0.093685
06033000703,0.037394
06033000704,0.043331
06033000801,0.018773
06033000802,0.012977
06033000901,0.032926
06033000902,0.055992
06033001000,0.08789
06033001101,0.05541
06033001102,0.073675
06033001200,0.024522
06033001301,0.066114
06033001302,0.110753
06035040100,0.115334
06035040200,0.056663
06035040302,0.133268
06035040303,0.086597
06035040304,0.234434
06035040305,0.045996
06035040400,0.204342
06035040500,0.096803
06035040600,0.109976
06045010100,0.154236
06045010200,0.135556
06045010601,0.210037
06045010602,0.164921
06045010801,0.071543
06045010802,0.012049
06045011700,0.070427
06045011800,0.1514
06049000100,0.196548
06049000200,0.04958
06049000300,0.169846
06055201800,0.181668
06057000102,0.044151
06057000104,0.057382
06057000105,0.102713
06057000106,0.165611
06057000107,0.11654
06057000200,0.024984
06057000300,0.133494
06057000401,0.017103
06057000403,0.265009
06057000404,0.036321
06057000502,0.048497
06057000503,0.018121
06057000504,0.061698
06057000601,0.043509
06057000602,0.066263
06057000701,0.264539
06057000702,0.192683
06057000801,0.250205
06057000802,0.132769
06057000900,0.171938
06061020200,0.029235
06061020300,0.173086
06061020401,0.067646
06061020402,0.207648
06061020501,0.141711
06061020502,0.058049
06061020601,0.019956
06061020604,0.040215
06061020605,0.126779
06061020606,0.011251
06061020607,0.01867
06061020608,0.049524
06061020710,0.005555
06061020711,0.017881
06061020712,0.012842
06061020713,0.083672
06061020714,0.030636
06061020715,0.003085
06061020717,0.023821
06061020805,0.037325
06061020806,0.041548
06061020901,0.015886
06061020908,0.141925
06061021003,0.016837
06061021034,0.014037
06061021037,0.03188
06061021038,0.005647
06061021039,0.010145
06061021040,0.029213
06061021043,0.022217
06061021044,0.006354
06061021045,0.006986
06061021046,0.012352
06061021047,0.002538
06061021048,0.014582
06061021103,0.020278
06061021106,0.014667
06061021108,0.105918
06061021109,0.047719
06061021122,0.01783
06061021123,0.014623
06061021128,0.042038
06061021129,0.033557
06061021130,0.068876
06061021131,0.011039
06061021203,0.029782
06061021204,0.125013
06061021304,0.068421
06061021323,0.005049
06061021324,0.014689
06061021325,0.002832
06061021326,0.002848
06061021327,0.014119
06061021328,0.008652
06061021401,0.007577
06061021403,0.004522
06061021501,0.148555
06061021502,0.181131
06061021603,0.130585
06061021604,0.168387
06061021801,0.249211
06061021802,0.117704
06061021901,0.084201
06061021902,0.036237
06061022002,0.105143
06061022013,0.230612
06061022014,0.206391
06061022400,0.02197
06061022500,0.003824
06061022600,0.016934
06061022800,0.026433
06061022900,0.031903
06061023000,0.007259
06061023100,0.022334
06061023200,0.011216
06061023300,0.021387
06061023400,0.0342
06061023501,0.014366
06061023502,0.005694
06061023600,0.013933
06061023700,0.07259
06061023800,0.012688
06061023900,0.146339
06063000100,0.133014
06063000201,0.096096
06063000202,0.126663
06063000300,0.107723
06063000400,0.182848
06063000501,0.157756
06063000502,0.151489
06067000100,0.057947
06067000200,0.062765
06067000300,0.0105
06067000400,0.04527
06067000501,0.128526
06067000502,0.348703
06067000600,0.01683
06067000700,0.04152
06067000800,0.068452
06067001102,0.159943
06067001103,0.08396
06067001201,0.034644
06067001202,0.01916
06067001300,0.014049
06067001400,0.029758
06067001500,0.026468
06067001601,0.008027
06067001602,0.053584
06067001702,0.090132
06067001800,0.014638
06067001900,0.066753
06067002000,0.018891
06067002100,0.07339
06067002200,0.053501
06067002300,0.077474
06067002400,0.007568
06067002500,0.008057
06067002600,0.015721
06067002700,0.094423
06067005301,0.054037
06067005402,0.020361
06067005403,0.101432
06067005404,0.023495
06067005502,0.025625
06067005505,0.010201
06067005506,0.007047
06067005508,0.077933
06067005509,0.025712
06067005510,0.012719
06067005601,0.020623
06067005605,0.009689
06067005606,0.00752
06067005701,0.019034
06067005702,0.008073
06067005801,0.00314
06067005803,0.003199
06067005901,0.016921
06067005903,0.011452
06067005904,0.007495
06067006002,0.01208
06067006003,0.104019
06067006004,0.004253
06067006101,0.097345
06067006102,0.016934
06067006202,0.04975
06067006203,0.042635
06067006204,0.006619
06067006300,0.006353
06067006400,0.042838
06067006501,0.056431
06067006502,0.047977
06067006600,0.006416
06067006703,0.018942
06067006704,0.014739
06067006705,0.040473
06067006706,0.037043
06067006801,0.007969
06067006802,0.024344
06067006803,0.020023
06067006901,0.085875
06067006902,0.07602
06067007001,0.026416
06067007007,0.021063
06067007010,0.068842
06067007011,0.043978
06067007012,0.006113
06067007013,0.007558
06067007016,0.01803
06067007017,0.063843
06067007019,0.068439
06067007020,0.066132
06067007021,0.047925
06067007022,0.086815
06067007023,0.008114
06067007024,0.045212
06067007025,0.027563
06067007026,0.002538
06067007027,0.007663
06067007028,0.032388
06067007101,0.108955
06067007103,0.007919
06067007105,0.010369
06067007106,0.009314
06067007107,0.074941
06067007108,0.016487
06067007109,0.034301
06067007110,0.010755
06067007111,0.015666
06067007202,0.009035
06067007204,0.01
06067007206,0.003845
06067007207,0.035135
06067007208,0.020379
06067007209,0.006533
06067007301,0.005471
06067007402,0.007923
06067007403,0.131608
06067007413,0.042564
06067007414,0.003337
06067007415,0.035978
06067007416,0.021203
06067007417,0.005208
06067007422,0.048879
06067007423,0.102906
06067007424,0.01119
06067007426,0.015304
06067007427,0.011292
06067007428,0.021794
06067007429,0.011448
06067007430,0.0249
06067007431,0.005006
06067007432,0.004261
06067007434,0.005579
06067007435,0.035399
06067007436,0.022641
06067007437,0.006348
06067007438,0.016235
06067007439,0.010402
06067007501,0.083755
06067007503,0.098018
06067007504,0.085155
06067007602,0.016713
06067007603,0.004709
06067007604,0.035398
06067007701,0.006129
06067007702,0.010915
06067007801,0.027501
06067007802,0.01061
06067007903,0.007474
06067007904,0.00355
06067007905,0.01315
06067007906,0.020191
06067008005,0.015816
06067008006,0.014234
06067008007,0.06043
06067008008,0.042834
06067008009,0.00811
06067008010,0.010374
06067008111,0.045454
06067008113,0.069875
06067008117,0.007473
06067008119,0.010835
06067008120,0.007407
06067008122,0.016362
06067008124,0.043259
06067008125,0.003202
06067008127,0.061518
06067008128,0.104032
06067008129,0.06627
06067008130,0.040345
06067008131,0.099258
06067008132,0.095362
06067008133,0.047438
06067008134,0.074132
06067008135,0.136133
06067008136,0.085108
06067008137,0.009545
06067008138,0.024381
06067008139,0.105438
06067008140,0.005221
06067008141,0.010215
06067008142,0.014513
06067008143,0.015927
06067008144,0.011859
06067008145,0.041573
06067008203,0.003119
06067008204,0.036604
06067008206,0.017619
06067008207,0.005442
06067008208,0.015201
06067008209,0.010482
06067008210,0.019181
06067008211,0.005132
06067008402,0.008089
06067008403,0.026023
06067008404,0.014114
06067008501,0.012135
06067008504,0.093153
06067008505,0.030099
06067008506,0.078961
06067008507,0.015098
06067008508,0.041581
06067008509,0.007348
06067008510,0.025779
06067008512,0.003805
06067008702,0.005388
06067008703,0.051611
06067008909,0.032875
06067008912,0.035616
06067008913,0.005011
06067988300,0.006931
06089010100,0.098336
06089010200,0.014405
06089010300,0.096717
06089010400,0.080113
06089010500,0.035665
06089010601,0.029633
06089010602,0.098736
06089010603,0.107935
06089010702,0.061761
06089010703,0.079437
06089010704,0.025748
06089010803,0.031903
06089010804,0.012531
06089010805,0.014518
06089010806,0.112353
06089010807,0.082431
06089010900,0.067154
06089011001,0.005127
06089011002,0.116277
06089011100,0.024243
06089011209,0.053051
06089011300,0.018484
06089011401,0.027284
06089011402,0.007516
06089011403,0.009896
06089011501,0.058324
06089011502,0.014528
06089011600,0.097251
06089011701,0.083102
06089011702,0.238049
06089011703,0.120625
06089011801,0.040852
06089011802,0.067561
06089011803,0.073124
06089011900,0.011588
06089012000,0.08513
06089012101,0.041808
06089012102,0.047073
06089012200,0.09856
06089012301,0.113223
06089012302,0.014957
06089012303,0.004159
06089012400,0.068396
06089012500,0.149822
06089012603,0.178412
06089012604,0.029961
06089012605,0.03077
06089012606,0.090027
06089012701,0.154401
06089012702,0.115853
06091010000,0.081683
06093000300,0.081066
06093000701,0.179019
06093000800,0.15231
06093000901,0.134934
06093000902,0.195732
06093001001,0.159728
06093001002,0.253848
06093001003,0.069733
06093001100,0.123014
06093001200,0.136201
06093001300,0.139733
06097154100,0.097042
06101050101,0.021472
06101050102,0.061792
06101050201,0.073222
06101050202,0.033498
06101050301,0.060716
06101050302,0.005464
06101050401,0.009226
06101050402,0.035989
06101050403,0.05976
06101050501,0.13648
06101050503,0.224832
06101050504,0.338001
06101050601,0.084541
06101050603,0.024065
06101050604,0.129372
06101050701,0.152335
06101050702,0.076259
06101050800,0.06914
06101050900,0.116406
06101051000,0.097611
06101051100,0.100549
06103000100,0.208451
06103000201,0.19698
06103000202,0.053365
06103000300,0.116363
06103000400,0.159154
06103000500,0.153471
06103000600,0.129328
06103000701,0.106516
06103000702,0.092693
06103000800,0.106801
06103000900,0.098704
06103001000,0.074334
06103001101,0.1474
06103001102,0.153683
06105000101,0.127083
06105000102,0.1112
06105000200,0.122493
06105000500,0.095515
06113010102,0.075802
06113010103,0.007002
06113010104,0.016209
06113010105,0.028131
06113010201,0.036493
06113010203,0.081065
06113010204,0.066575
06113010313,0.015312
06113010315,0.018886
06113010401,0.145204
06113010505,0.141254
06113010800,0.155423
06113010901,0.095117
06113010902,0.266865
06113011001,0.097634
06113011002,0.055995
06113011101,0.032506
06113011102,0.081708
06113011103,0.05528
06113011203,0.00203
06113011204,0.021166
06113011207,0.153269
06113011208,0.076512
06113011209,0.06952
06113011210,0.004254
06113011211,0.014851
06113011400,0.102658
06113011500,0.113712
06115040100,0.08556
06115040201,0.280172
06115040202,0.128308
06115040301,0.006234
06115040302,0.036889
06115040304,0.011507
06115040305,0.00765
06115040400,0.008749
06115040500,0.025
06115040600,0.025852
06115040701,0.021564
06115040702,0.100785
06115040800,0.018004
06115040901,0.024742
06115040902,0.010185
06115041001,0.07844
06115041002,0.014008
06115041101,0.111674
06115041102,0.195177
48001950100,0.027123
48001950401,0.032619
48001950402,0.154335
48001950500,0.09849
48001950600,0.086609
48001950700,0.097828
48001950800,0.087455
48001950901,0.05147
48001950902,0.055835
48001951001,0.02984
48001951002,0.129012
48001951100,0.124541
48005000102,0.08394
48005000104,0.086812
48007950101,0.26539
48007950102,0.142187
48007950103,0.082131
48007950200,0.271416
48007950301,0.086432
48007950302,0.113111
48007950400,0.20762
48007950501,0.081431
48007950502,0.159854
48007950503,0.165888
48009020200,0.089019
48009020300,0.121971
48013960101,0.055523
48013960102,0.131732
48013960203,0.072474
48013960204,0.012071
48013960205,0.09405
48013960206,0.074072
48013960300,0.111027
48013960401,0.373511
48013960403,0.175447
48013960404,0.238429
48013960500,0.041664
48013960601,0.111012
48013960602,0.041012
48015760100,0.014891
48015760201,0.049032
48015760202,0.086932
48015760301,0.030508
48015760302,0.047852
48015760400,0.036608
48015760501,0.054065
48015760502,0.09404
48019000101,0.104358
48019000103,0.125195
48019000104,0.145538
48019000200,0.125323
48019000301,0.085431
48019000302,0.120471
48019000400,0.046875
48021950101,0.022629
48021950102,0.082144
48021950201,0.08434
48021950202,0.096368
48021950301,0.040426
48021950302,0.014294
48021950303,0.033486
48021950401,0.067396
48021950402,0.073523
48021950403,0.063492
48021950503,0.055137
48021950504,0.047622
48021950505,0.037586
48021950506,0.066185
48021950601,0.030743
48021950602,0.028703
48021950700,0.053775
48021950803,0.047038
48021950804,0.008975
48021950805,0.176085
48021950806,0.172788
48023950301,0.037736
48023950302,0.195437
48025950100,0.022497
48025950201,0.138304
48025950203,0.083066
48025950204,0.129839
48025950300,0.049416
48025950400,0.131891
48025950501,0.179538
48025950502,0.143189
48025950600,0.168051
48027020101,0.106796
48027020102,0.027686
48027020201,0.087592
48027020203,0.14226
48027020204,0.118742
48027020301,0.066244
48027020302,0.077165
48027020401,0.042041
48027020402,0.06448
48027020500,0.111888
48027020600,0.098412
48027020701,0.101436
48027020702,0.031199
48027020800,0.089415
48027020900,0.079178
48027021000,0.049456
48027021101,0.087428
48027021102,0.018252
48027021201,0.095016
48027021202,0.044864
48027021203,0.070513
48027021301,0.040765
48027021302,0.043398
48027021304,0.048679
48027021305,0.01688
48027021400,0.0658
48027021501,0.025836
48027021502,0.056537
48027021601,0.057271
48027021602,0.12495
48027021701,0.041627
48027021702,0.126315
48027021801,0.1107
48027021802,0.041178
48027021901,0.096084
48027021905,0.041988
48027021906,0.00449
48027021907,0.017498
48027021908,0.021689
48027022001,0.091041
48027022002,0.009014
48027022101,0.007537
48027022103,0.017013
48027022104,0.034769
48027022105,0.02078
48027022200,0.013653
48027022300,0.055219
48027022401,0.034094
48027022402,0.005595
48027022403,0.008089
48027022405,0.057217
48027022406,0.049604
48027022407,0.001618
48027022501,0.125558
48027022503,0.015224
48027022504,0.005623
48027022600,0.153925
48027022801,0.006062
48027022900,0.121176
48027023001,0.032844
48027023002,0.017139
48027023103,0.111318
48027023104,0.051616
48027023109,0.037505
48027023110,0.044057
48027023111,0.0656
48027023112,0.034374
48027023113,0.011574
48027023114,0.003524
48027023115,0.0142
48027023116,0.061689
48027023117,0.085091
48027023118,0.123241
48027023201,0.101385
48027023202,0.03948
48027023203,0.090459
48027023204,0.033207
48027023301,0.058933
48027023302,0.071723
48027023402,0.011761
48027023404,0.018369
48027023405,0.022496
48027023406,0.028697
48027023500,0.158892
48027980001,0.162996
48027980002,0.284395
48027980003,0.050636
48029110100,0.048211
48029110300,0.01516
48029110500,0.009888
48029110600,0.020434
48029110700,0.045242
48029111000,0.03469
48029111100,0.033631
48029120100,0.016696
48029120301,0.091019
48029120302,0.04255
48029120401,0.034731
48029120402,0.104757
48029120502,0.109027
48029120503,0.009675
48029120504,0.048057
48029120601,0.079681
48029120602,0.12054
48029120701,0.034701
48029120702,0.129524
48029120800,0.020175
48029120901,0.029535
48029120902,0.053735
48029121000,0.017845
48029121110,0.025095
48029121111,0.030953
48029121112,0.067043
48029121115,0.014927
48029121116,0.04941
48029121117,0.027528
48029121118,0.039446
48029121119,0.010627
48029121120,0.017132
48029121121,0.007322
48029121122,0.021847
48029121123,0.057661
48029121124,0.022695
48029121203,0.101453
48029121204,0.032488
48029121205,0.035174
48029121206,0.019955
48029121300,0.008328
48029121402,0.009239
48029121403,0.006434
48029121404,0.041731
48029121501,0.041972
48029121504,0.019146
48029121505,0.043326
48029121506,0.030187
48029121507,0.007632
48029121508,0.009994
48029121601,0.078072
48029121604,0.033379
48029121605,0.021684
48029121606,0.037299
48029121701,0.196756
48029121702,0.04373
48029121802,0.039159
48029121803,0.028596
48029121804,0.01628
48029121808,0.008161
48029121809,0.013887
48029121810,0.032562
48029121811,0.009597
48029121812,0.017089
48029121813,0.069947
48029121903,0.010602
48029121904,0.037092
48029121905,0.088829
48029121906,0.016421
48029121908,0.048553
48029121909,0.024652
48029121910,0.02465
48029121911,0.017105
48029121912,0.024943
48029130200,0.029788
48029130300,0.009376
48029130401,0.068612
48029130402,0.049076
48029130500,0.021564
48029130600,0.007189
48029130700,0.023948
48029130800,0.031284
48029130900,0.0323
48029131000,0.044748
48029131100,0.0164
48029131200,0.1565
48029131300,0.097022
48029131401,0.086292
48029131402,0.081766
48029131503,0.021648
48029131504,0.06132
48029131505,0.009045
48029131506,0.034111
48029131507,0.014051
48029131601,0.065897
48029131606,0.079958
48029131608,0.049314
48029131609,0.026165
48029131610,0.050486
48029131612,0.032603
48029131614,0.01279
48029131615,0.026307
48029131616,0.163425
48029131700,0.055089
48029131801,0.04112
48029131802,0.055639
48029140100,0.049083
48029140200,0.041202
48029140300,0.056906
48029140400,0.022447
48029140500,0.017535
48029140600,0.020555
48029140700,0.012113
48029140800,0.013618
48029140900,0.04827
48029141000,0.022804
48029141101,0.036199
48029141102,0.034025
48029141200,0.006145
48029141300,0.05541
48029141402,0.083707
48029141403,0.080288
48029141404,0.007182
48029141600,0.067189
48029141700,0.052842
48029141800,0.124797
48029141900,0.189309
48029150100,0.051678
48029150300,0.021014
48029150400,0.065999
48029150501,0.06104
48029150502,0.006255
48029150600,0.051323
48029150700,0.010428
48029150800,0.259305
48029150900,0.054065
48029151000,0.060242
48029151100,0.062157
48029151200,0.050895
48029151301,0.039851
48029151302,0.076354
48029151400,0.070894
48029151500,0.102574
48029151600,0.010223
48029151700,0.052653
48029151900,0.066954
48029152000,0.04894
48029152100,0.255982
48029152201,0.055436
48029152202,0.097129
48029160100,0.021196
48029160200,0.054507
48029160300,0.11856
48029160400,0.019934
48029160501,0.009023
48029160502,0.086121
48029160600,0.010578
48029160701,0.041276
48029160702,0.016199
48029160901,0.144366
48029160902,0.034188
48029161000,0.113986
48029161100,0.042841
48029161200,0.043462
48029161302,0.057596
48029161303,0.015348
48029161304,0.028156
48029161400,0.163691
48029161501,0.062257
48029161503,0.071986
48029161504,0.003637
48029161600,0.029265
48029161801,0.041534
48029161802,0.052172
48029161901,0.072257
48029161902,0.069473
48029162001,0.129363
48029162003,0.166619
48029162004,0.086961
48029170101,0.155231
48029170102,0.010815
48029170200,0.008264
48029170300,0.012744
48029170401,0.044593
48029170402,0.007417
48029170500,0.138696
48029170600,0.036245
48029170700,0.008107
48029170800,0.005865
48029170900,0.007848
48029171000,0.007588
48029171100,0.007406
48029171200,0.020726
48029171301,0.00591
48029171302,0.009926
48029171401,0.002676
48029171402,0.039361
48029171501,0.006318
48029171502,0.004076
48029171601,0.023279
48029171602,0.056143
48029171700,0.030365
48029171801,0.019878
48029171802,0.034942
48029171903,0.027704
48029171912,0.016236
48029171913,0.143094
48029171914,0.009564
48029171915,0.030284
48029171916,0.034961
48029171917,0.016027
48029171918,0.01614
48029171919,0.041335
48029171920,0.00603
48029171921,0.074511
48029171922,0.009971
48029171923,0.079379
48029171924,0.010984
48029171926,0.023797
48029171927,0.018733
48029171928,0.008668
48029171929,0.004726
48029172002,0.09428
48029172003,0.054463
48029172004,0.006455
48029172005,0.013827
48029172006,0.030204
48029172008,0.028654
48029172009,0.046925
48029180101,0.00652
48029180102,0.006082
48029180201,0.025689
48029180202,0.00918
48029180300,0.069995
48029180400,0.20891
48029180501,0.110592
48029180503,0.009024
48029180504,0.009035
48029180602,0.025844
48029180603,0.036616
48029180604,0.087748
48029180701,0.061329
48029180702,0.018545
48029180800,0.040543
48029180901,0.026992
48029180902,0.02438
48029181001,0.038229
48029181003,0.079858
48029181004,0.073725
48029181005,0.047493
48029181100,0.015431
48029181200,0.010579
48029181301,0.057337
48029181302,0.045863
48029181303,0.097634
48029181402,0.063444
48029181403,0.255658
48029181404,0.099706
48029181503,0.025437
48029181504,0.015637
48029181505,0.010506
48029181506,0.052647
48029181601,0.042615
48029181602,0.015672
48029181703,0.039306
48029181704,0.082143
48029181705,0.061604
48029181711,0.005384
48029181712,0.045765
48029181713,0.007648
48029181715,0.004931
48029181716,0.053329
48029181718,0.010293
48029181720,0.047549
48029181721,0.052267
48029181722,0.004685
48029181723,0.018976
48029181724,0.136157
48029181725,0.04591
48029181726,0.015299
48029181727,0.013669
48029181729,0.007322
48029181730,0.020888
48029181731,0.004042
48029181732,0.036854
48029181733,0.002518
48029181808,0.00971
48029181809,0.018724
48029181811,0.091212
48029181813,0.018177
48029181814,0.019744
48029181815,0.097005
48029181816,0.008417
48029181817,0.01687
48029181818,0.005656
48029181819,0.011873
48029181820,0.022166
48029181821,0.026856
48029181822,0.04832
48029181823,0.046623
48029181824,0.005144
48029181825,0.054867
48029181826,0.009652
48029181901,0.023404
48029181902,0.012273
48029182001,0.047716
48029182002,0.07272
48029182003,0.030466
48029182101,0.054159
48029182102,0.023319
48029182103,0.117519
48029182105,0.048545
48029182106,0.082953
48029190100,0.033487
48029190200,0.021305
48029190400,0.01077
48029190501,0.032782
48029190503,0.008074
48029190504,0.05659
48029190601,0.061248
48029190603,0.008144
48029190604,0.025069
48029190700,0.015892
48029190800,0.03346
48029190901,0.015938
48029190902,0.072708
48029191003,0.00542
48029191004,0.009004
48029191005,0.058671
48029191006,0.007175
48029191101,0.021188
48029191102,0.029323
48029191201,0.004134
48029191202,0.015071
48029191303,0.020449
48029191304,0.026625
48029191405,0.006385
48029191406,0.039491
48029191408,0.0213
48029191409,0.029904
48029191410,0.05022
48029191411,0.011683
48029191412,0.015237
48029191413,0.016045
48029191503,0.022901
48029191504,0.057043
48029191505,0.016365
48029191506,0.0357
48029191701,0.199151
48029191702,0.028576
48029191804,0.008979
48029191806,0.021634
48029191807,0.013968
48029191808,0.030422
48029191809,0.062454
48029191810,0.011033
48029191811,0.007434
48029191812,0.009435
48029191813,0.014288
48029191814,0.015087
48029191815,0.042479
48029191816,0.058339
48029191818,0.027013
48029191819,0.007831
48029191900,0.055034
48029192000,0.061041
48029192100,0.043848
48029192200,0.132685
48029192300,0.028991
48029980001,0.09204
48029980002,0.17279
48029980003,0.049781
48029980004,0.110871
48029980005,0.024113
48029980100,0.042487
48031950101,0.10362
48031950102,0.088996
48031950201,0.111759
48031950202,0.088088
48033950100,0.260901
48035950100,0.059944
48035950200,0.117898
48035950300,0.21763
48035950400,0.14233
48035950500,0.046588
48035950600,0.208853
48035950700,0.054147
48039660100,0.049062
48039660200,0.081109
48039660301,0.059164
48039660302,0.0102
48039660303,0.041463
48039660401,0.041546
48039660402,0.005233
48039660403,0.07479
48039660501,0.252419
48039660502,0.012247
48039660503,0.073429
48039660504,0.010892
48039660603,0.007226
48039660604,0.002784
48039660605,0.004211
48039660606,0.031394
48039660607,0.028747
48039660608,0.043226
48039660609,0.004436
48039660610,0.068493
48039660611,0.036868
48039660612,0.012977
48039660613,0.006619
48039660614,0.176703
48039660615,0.024049
48039660616,0.005904
48039660703,0.039969
48039660704,0.022771
48039660705,0.013893
48039660706,0.061899
48039660707,0.010364
48039660708,0.055834
48039660803,0.003489
48039660804,0.114488
48039660805,0.005421
48039660806,0.048269
48039660901,0.112303
48039660902,0.072731
48039661000,0.115744
48039661100,0.116274
48039661200,0.132117
48039661300,0.144084
48039661400,0.05021
48039661501,0.068503
48039661502,0.081038
48039661601,0.227887
48039661602,0.092922
48039661700,0.131354
48039661800,0.086733
48039661901,0.067876
48039661902,0.039963
48039662000,0.036253
48039662100,0.109428
48039662200,0.111701
48039662300,0.174888
48039662400,0.141715
48039662500,0.072281
48039662600,0.143037
48039662700,0.049657
48039662800,0.010769
48039662900,0.127806
48039663000,0.186624
48039663100,0.118638
48039663200,0.026882
48039663300,0.029736
48039663400,0.05801
48039663500,0.02928
48039663600,0.016647
48039663700,0.086463
48039663800,0.063219
48039663900,0.084493
48039664000,0.093707
48039664100,0.048307
48039664200,0.071423
48039664300,0.05817
48039664400,0.046004
48039664501,0.018675
48039990000,0.029297
48041000103,0.254636
48041000104,0.139386
48041000105,0.00434
48041000106,0.140559
48041000107,0.024067
48041000108,0.167294
48041000203,0.04102
48041000204,0.026179
48041000205,0.083324
48041000206,0.038238
48041000207,0.065125
48041000301,0.073597
48041000302,0.073722
48041000401,0.087519
48041000402,0.067012
48041000501,0.127942
48041000502,0.050135
48041000603,0.022192
48041000605,0.005957
48041000606,0.015819
48041000700,0.008512
48041000800,0.037404
48041000900,0.016168
48041001001,0.036573
48041001002,0.042083
48041001101,0.010099
48041001102,0.024568
48041001301,0.023138
48041001302,0.075237
48041001303,0.104781
48041001401,0.047411
48041001604,0.007205
48041001605,0.022387
48041001606,0.05518
48041001607,0.123447
48041001608,0.004245
48041001702,0.103045
48041001703,0.098086
48041001704,0.090894
48041001801,0.032964
48041001803,0.005783
48041001804,0.020551
48041001901,0.065004
48041001902,0.038699
48041002001,0.053561
48041002006,0.03871
48041002009,0.037359
48041002010,0.058792
48041002011,0.014837
48041002014,0.018046
48041002016,0.052601
48041002017,0.024713
48041002018,0.030869
48041002019,0.008659
48041002020,0.02034
48041002021,0.006734
48041002022,0.01807
48041002023,0.018643
48041002024,0.012108
48041002025,0.063474
48041002026,0.200275
48041002100,0.025808
48041980000,0.007464
48047950100,0.115862
48047950200,0.096716
48049950100,0.055977
48049950201,0.03274
48049950202,0.195565
48049950300,0.16406
48049950500,0.023063
48049950600,0.111401
48049950700,0.055875
48049950800,0.093747
48049950900,0.025555
48049951000,0.014539
48049951100,0.056185
48049951200,0.107749
48049951300,0.030768
48051970100,0.115276
48051970201,0.069574
48051970202,0.05247
48051970300,0.142913
48051970400,0.089437
48051970501,0.18797
48051970502,0.030771
48053960101,0.018035
48053960102,0.053686
48053960200,0.14744
48053960301,0.170861
48053960302,0.138317
48053960401,0.103346
48053960402,0.076698
48053960501,0.054141
48053960502,0.048678
48053960600,0.025003
48053960701,0.086918
48053960702,0.074172
48053960801,0.07822
48053960802,0.19758
48053960803,0.0232
48055960102,0.026267
48055960103,0.109758
48055960104,0.136736
48055960200,0.064707
48055960300,0.145317
48055960400,0.075437
48055960501,0.061153
48055960502,0.110969
48055960600,0.17035
48055960701,0.081216
48055960702,0.091355
48057000100,0.085857
48057000200,0.148002
48057000300,0.287048
48057000401,0.120765
48057000402,0.15367
48057000501,0.140562
48057000502,0.161146
48057990000,0.037109
48059030101,0.017039
48059030102,0.024353
48059030200,0.055589
48061010101,0.024311
48061010102,0.308843
48061010103,0.060032
48061010201,0.034235
48061010204,0.094795
48061010205,0.088021
48061010301,0.042104
48061010303,0.018141
48061010304,0.032716
48061010403,0.19915
48061010404,0.010307
48061010405,0.034669
48061010406,0.021602
48061010500,0.05723
48061010602,0.34291
48061010603,0.092217
48061010604,0.115126
48061010700,0.072373
48061010801,0.067332
48061010802,0.041581
48061010900,0.163888
48061011000,0.064317
48061011100,0.088603
48061011200,0.13133
48061011301,0.135584
48061011302,0.337712
48061011401,0.094483
48061011402,0.1907
48061011500,0.13291
48061011601,0.031875
48061011602,0.049731
48061011701,0.107861
48061011702,0.122489
48061011801,0.084759
48061011802,0.014725
48061011903,0.041865
48061011904,0.051408
48061011905,0.148417
48061011906,0.028193
48061011907,0.057446
48061011908,0.023925
48061012002,0.0507
48061012003,0.03218
48061012004,0.040303
48061012103,0.054643
48061012104,0.017448
48061012105,0.02489
48061012106,0.010802
48061012201,0.053809
48061012202,0.011973
48061012203,0.005697
48061012301,0.035618
48061012304,0.062218
48061012305,0.09595
48061012402,0.116919
48061012403,0.048106
48061012404,0.069833
48061012506,0.055447
48061012508,0.062294
48061012509,0.031251
48061012510,0.080502
48061012511,0.114589
48061012512,0.345378
48061012513,0.103781
48061012514,0.004015
48061012515,0.025879
48061012516,0.024183
48061012517,0.002686
48061012607,0.039482
48061012608,0.135889
48061012613,0.08474
48061012614,0.03418
48061012615,0.010742
48061012616,0.00319
48061012617,0.017524
48061012700,0.140474
48061012800,0.042243
48061012900,0.258429
48061013002,0.04257
48061013003,0.057317
48061013004,0.171406
48061013102,0.065274
48061013104,0.007959
48061013106,0.091798
48061013203,0.117724
48061013204,0.027684
48061013205,0.119637
48061013206,0.137892
48061013207,0.068811
48061013303,0.232369
48061013305,0.017253
48061013306,0.020454
48061013307,0.035611
48061013308,0.036133
48061013309,0.00784
48061013401,0.091298
48061013402,0.097533
48061013500,0.075903
48061013600,0.336625
48061013700,0.100803
48061013801,0.006831
48061013802,0.024214
48061013901,0.010513
48061013902,0.092522
48061013903,0.021471
48061014001,0.016817
48061014002,0.043298
48061014101,0.005079
48061014102,0.018229
48061014103,0.028278
48061014201,0.139115
48061014202,0.09174
48061014300,0.23333
48061014401,0.050758
48061014402,0.03685
48061014403,0.009673
48061014404,0.007219
48061014501,0.007731
48061014502,0.002035
48061980001,0.111711
48061980100,0.507812
48063950101,0.04629
48063950102,0.207195
48063950200,0.121353
48073950100,0.197319
48073950201,0.088309
48073950202,0.230982
48073950301,0.122317
48073950302,0.137133
48073950400,0.178458
48073950500,0.192
48073950600,0.152363
48073950700,0.212924
48073950801,0.112199
48073950802,0.146198
48073950900,0.147003
48073951000,0.125764
48073951100,0.155827
48077030302,0.086549
48081950100,0.042017
48081950200,0.169298
48083950300,0.087497
48083950600,0.130804
48083950700,0.032437
48085030101,0.034521
48085030102,0.0843
48085030201,0.059626
48085030202,0.041342
48085030204,0.14512
48085030205,0.104886
48085030206,0.08904
48085030207,0.085132
48085030301,0.029833
48085030302,0.00916
48085030303,0.050322
48085030304,0.024267
48085030306,0.051764
48085030307,0.044899
48085030403,0.055552
48085030404,0.020631
48085030405,0.018005
48085030406,0.017014
48085030407,0.047094
48085030409,0.03529
48085030410,0.034537
48085030504,0.037492
48085030505,0.037493
48085030506,0.025861
48085030507,0.055798
48085030509,0.004852
48085030510,0.004553
48085030511,0.008761
48085030512,0.019946
48085030515,0.006351
48085030516,0.004553
48085030517,0.020259
48085030518,0.006349
48085030519,0.036021
48085030520,0.011106
48085030521,0.003747
48085030524,0.028359
48085030525,0.004089
48085030529,0.024739
48085030531,0.01346
48085030532,0.013172
48085030533,0.003916
48085030534,0.009243
48085030535,0.012043
48085030536,0.002441
48085030537,0.003349
48085030538,0.01951
48085030539,0.007524
48085030540,0.023156
48085030541,0.00575
48085030542,0.016476
48085030543,0.02426
48085030544,0.013531
48085030545,0.038673
48085030546,0.009512
48085030547,0.052635
48085030548,0.010955
48085030549,0.02918
48085030550,0.005735
48085030604,0.02895
48085030605,0.064544
48085030606,0.033132
48085030607,0.030328
48085030608,0.047409
48085030609,0.013475
48085030701,0.085931
48085030702,0.070234
48085030801,0.034316
48085030802,0.025763
48085030901,0.122045
48085030902,0.022624
48085030903,0.019498
48085031003,0.051075
48085031005,0.034712
48085031006,0.097841
48085031007,0.040733
48085031008,0.003893
48085031101,0.123743
48085031102,0.125227
48085031201,0.036241
48085031202,0.03715
48085031308,0.030862
48085031314,0.009717
48085031318,0.005145
48085031319,0.027235
48085031320,0.030951
48085031321,0.016454
48085031322,0.044801
48085031323,0.003402
48085031324,0.001657
48085031325,0.027018
48085031326,0.010459
48085031327,0.02425
48085031328,0.007238
48085031329,0.004952
48085031330,0.006535
48085031331,0.002586
48085031332,0.029661
48085031333,0.009733
48085031334,0.020414
48085031335,0.054755
48085031336,0.012753
48085031408,0.018941
48085031411,0.005459
48085031412,0.020961
48085031413,0.005689
48085031414,0.006439
48085031415,0.072759
48085031416,0.062657
48085031417,0.008774
48085031418,0.023721
48085031419,0.003016
48085031420,0.004823
48085031421,0.006755
48085031422,0.003832
48085031423,0.020398
48085031424,0.006032
48085031425,0.009938
48085031504,0.001928
48085031507,0.039595
48085031508,0.017335
48085031509,0.00667
48085031510,0.02854
48085031511,0.011625
48085031512,0.004913
48085031611,0.041716
48085031613,0.007468
48085031621,0.025095
48085031622,0.015563
48085031623,0.012349
48085031624,0.026896
48085031625,0.007289
48085031626,0.006809
48085031627,0.009583
48085031628,0.004508
48085031629,0.011434
48085031630,0.004639
48085031631,0.009725
48085031632,0.014746
48085031633,0.016927
48085031634,0.003195
48085031635,0.013142
48085031636,0.008862
48085031639,0.017756
48085031641,0.005223
48085031642,0.006022
48085031643,0.005592
48085031645,0.054744
48085031646,0.010634
48085031647,0.019597
48085031649,0.021111
48085031654,0.019864
48085031655,0.02801
48085031657,0.032286
48085031659,0.030324
48085031660,0.007127
48085031661,0.041937
48085031662,0.012989
48085031663,0.030946
48085031664,0.00684
48085031665,0.040631
48085031666,0.014178
48085031667,0.066292
48085031668,0.037942
48085031669,0.008723
48085031670,0.023615
48085031671,0.047997
48085031672,0.008526
48085031673,0.032997
48085031674,0.008593
48085031675,0.012609
48085031676,0.005353
48085031677,0.00472
48085031678,0.010376
48085031679,0.013804
48085031680,0.016224
48085031681,0.006348
48085031682,0.008626
48085031704,0.020076
48085031706,0.045735
48085031708,0.065538
48085031709,0.031532
48085031711,0.042389
48085031713,0.112571
48085031715,0.083117
48085031716,0.116927
48085031717,0.133109
48085031718,0.012333
48085031719,0.005269
48085031720,0.097984
48085031721,0.02121
48085031722,0.17797
48085031723,0.113308
48085031724,0.05305
48085031806,0.045199
48085031807,0.01655
48085031808,0.013254
48085031809,0.034868
48085031810,0.046908
48085031811,0.067781
48085031812,0.034049
48085031813,0.004539
48085031814,0.005107
48085031815,0.012694
48085031816,0.028119
48085031901,0.008643
48085031902,0.057948
48085031903,0.044253
48085031904,0.046407
48085032003,0.009196
48085032008,0.007324
48085032010,0.015082
48085032012,0.005859
48085032013,0.02624
48085032014,0.003776
48085032015,0.012939
48085032016,0.009836
48085032017,0.009178
48085032018,0.073828
48085032019,0.036557
48089750100,0.102566
48089750200,0.126333
48089750300,0.041997
48089750400,0.0538
48089750500,0.062421
48091310100,0.070328
48091310200,0.005582
48091310301,0.236081
48091310302,0.109541
48091310401,0.04922
48091310404,0.009779
48091310405,0.116144
48091310406,0.064796
48091310501,0.066862
48091310502,0.038968
48091310503,0.122733
48091310603,0.024247
48091310604,0.075049
48091310608,0.03064
48091310609,0.01281
48091310610,0.144155
48091310611,0.028188
48091310612,0.05583
48091310613,0.02409
48091310614,0.022826
48091310702,0.094908
48091310703,0.067397
48091310705,0.138137
48091310706,0.044883
48091310707,0.077788
48091310708,0.03988
48091310801,0.051879
48091310803,0.037546
48091310804,0.048067
48091310901,0.067437
48091310903,0.095421
48091310904,0.058743
48091310905,0.01615
48093950101,0.122362
48093950102,0.125594
48093950200,0.039445
48093950300,0.118603
48093950400,0.153488
48095950300,0.126867
48097000100,0.166395
48097000200,0.114019
48097000400,0.095655
48097000500,0.042403
48097000600,0.19377
48097000701,0.01544
48097000702,0.031576
48097000900,0.034018
48097001100,0.056974
48099010101,0.063189
48099010102,0.034865
48099010201,0.068448
48099010202,0.12519
48099010300,0.151341
48099010400,0.053677
48099010501,0.008731
48099010502,0.014261
48099010503,0.047209
48099010504,0.053524
48099010601,0.006114
48099010603,0.006581
48099010604,0.010823
48099010701,0.020906
48099010702,0.256765
48099010802,0.066684
48099010803,0.072677
48099010804,0.086759
48099980000,0.042201
48105950100,0.075223
48107950100,0.025806
48107950200,0.027957
48107950300,0.041596
48113000100,0.162649
48113000201,0.100018
48113000202,0.074878
48113000300,0.087096
48113000401,0.01274
48113000405,0.077952
48113000407,0.031433
48113000408,0.016136
48113000409,0.069214
48113000410,0.027221
48113000501,0.021614
48113000502,0.031939
48113000503,0.084988
48113000605,0.009219
48113000606,0.075931
48113000607,0.005656
48113000608,0.029429
48113000609,0.008601
48113000610,0.004902
48113000611,0.033529
48113000703,0.088218
48113000704,0.029223
48113000705,0.029148
48113000706,0.081587
48113000801,0.004964
48113000802,0.053604
48113000901,0.060639
48113000902,0.08677
48113001001,0.035515
48113001002,0.038583
48113001101,0.048032
48113001102,0.063758
48113001202,0.069193
48113001203,0.231749
48113001204,0.173129
48113001301,0.018584
48113001302,0.027
48113001400,0.086971
48113001502,0.017483
48113001503,0.006517
48113001504,0.006997
48113001601,0.0278
48113001602,0.019911
48113001703,0.060542
48113001705,0.02278
48113001801,0.056422
48113001802,0.051251
48113001901,0.056188
48113001902,0.041587
48113002001,0.068718
48113002002,0.009062
48113002100,0.041017
48113002200,0.022729
48113002400,0.071363
48113002500,0.049319
48113002703,0.158721
48113003102,0.034396
48113003103,0.161642
48113003700,0.115805
48113004201,0.029049
48113004202,0.004082
48113004300,0.019317
48113004400,0.050135
48113004500,0.009444
48113004600,0.007774
48113004700,0.026276
48113004800,0.012392
48113005000,0.011929
48113005100,0.012632
48113005200,0.008838
48113005300,0.004077
48113005400,0.004095
48113005500,0.013818
48113005600,0.024778
48113005700,0.023608
48113005901,0.033297
48113005902,0.024745
48113006001,0.020648
48113006002,0.047569
48113006100,0.015749
48113006200,0.12932
48113006301,0.014841
48113006302,0.015486
48113006401,0.004041
48113006402,0.045959
48113006501,0.002321
48113006502,0.01843
48113006701,0.002764
48113006702,0.025394
48113006800,0.020609
48113006900,0.033472
48113007101,0.058376
48113007102,0.030308
48113007203,0.032356
48113007204,0.125151
48113007205,0.01724
48113007206,0.068577
48113007301,0.073393
48113007302,0.060301
48113007601,0.018445
48113007604,0.03287
48113007605,0.054023
48113007701,0.05982
48113007702,0.06033
48113007801,0.045031
48113007805,0.010342
48113007809,0.089622
48113007810,0.028913
48113007812,0.00706
48113007815,0.018818
48113007819,0.107205
48113007821,0.031536
48113007822,0.038947
48113007823,0.051838
48113007824,0.011953
48113007825,0.009888
48113007826,0.022624
48113007827,0.043069
48113007828,0.116546
48113007829,0.021072
48113007830,0.104771
48113007831,0.050403
48113007832,0.205803
48113007833,0.012663
48113007834,0.052093
48113007835,0.185835
48113007902,0.064367
48113007903,0.060152
48113007906,0.047059
48113007909,0.065416
48113007910,0.078159
48113007912,0.087526
48113007913,0.065063
48113007914,0.062593
48113007915,0.122441
48113007916,0.076007
48113008000,0.053399
48113008101,0.198782
48113008102,0.157518
48113008200,0.171075
48113008401,0.053098
48113008402,0.014233
48113008500,0.039567
48113008604,0.028626
48113008701,0.056102
48113008703,0.014752
48113008704,0.058869
48113008705,0.066808
48113008801,0.004078
48113008802,0.019284
48113009001,0.068573
48113009002,0.037649
48113009101,0.062422
48113009103,0.003094
48113009104,0.051794
48113009105,0.117343
48113009202,0.014538
48113009203,0.083695
48113009204,0.010282
48113009301,0.027285
48113009303,0.057619
48113009304,0.040494
48113009401,0.008298
48113009402,0.032873
48113009500,0.013024
48113009603,0.040436
48113009604,0.077942
48113009605,0.049112
48113009607,0.01154
48113009608,0.034393
48113009609,0.013069
48113009610,0.071519
48113009611,0.01912
48113009701,0.013868
48113009702,0.005895
48113009802,0.013328
48113009803,0.014548
48113009804,0.01361
48113009900,0.097273
48113010001,0.068452
48113010002,0.182045
48113010003,0.036531
48113010101,0.014427
48113010102,0.015269
48113010500,0.017419
48113010601,0.018364
48113010602,0.076612
48113010701,0.025761
48113010704,0.018685
48113010804,0.006043
48113010805,0.018121
48113010806,0.036188
48113010807,0.019262
48113010808,0.027409
48113010809,0.029209
48113010903,0.015603
48113010904,0.028549
48113010905,0.033265
48113010906,0.01924
48113011002,0.024457
48113011003,0.009427
48113011004,0.050032
48113011101,0.004223
48113011103,0.008319
48113011104,0.005762
48113011105,0.029648
48113011201,0.014086
48113011202,0.030713
48113011300,0.040599
48113011401,0.028478
48113011500,0.06705
48113011601,0.130685
48113011603,0.047674
48113011604,0.032188
48113011701,0.007279
48113011702,0.016772
48113011801,0.010553
48113011802,0.003908
48113011901,0.004255
48113011902,0.043181
48113012000,0.068979
48113012101,0.039207
48113012102,0.017692
48113012206,0.020939
48113012207,0.017891
48113012208,0.068626
48113012209,0.0738
48113012210,0.027569
48113012211,0.043442
48113012212,0.03649
48113012213,0.006965
48113012301,0.101838
48113012302,0.075994
48113012400,0.066074
48113012501,0.159207
48113012502,0.158049
48113012601,0.135045
48113012603,0.108353
48113012604,0.089226
48113012701,0.102209
48113012702,0.164436
48113012801,0.224472
48113012802,0.113509
48113012900,0.10583
48113013005,0.047666
48113013007,0.07362
48113013008,0.003508
48113013009,0.041262
48113013010,0.064224
48113013011,0.045049
48113013012,0.057537
48113013013,0.064007
48113013101,0.010522
48113013102,0.00606
48113013104,0.042409
48113013106,0.0075
48113013107,0.063512
48113013201,0.048858
48113013202,0.046646
48113013300,0.028221
48113013400,0.057779
48113013500,0.003693
48113013605,0.022673
48113013606,0.027125
48113013607,0.007261
48113013608,0.030452
48113013609,0.015119
48113013610,0.009055
48113013611,0.058444
48113013615,0.147742
48113013617,0.081538
48113013618,0.046591
48113013619,0.017201
48113013620,0.077363
48113013621,0.197273
48113013622,0.113386
48113013624,0.058428
48113013625,0.122101
48113013626,0.127913
48113013627,0.190192
48113013628,0.033617
48113013629,0.060517
48113013630,0.383969
48113013631,0.111811
48113013715,0.007043
48113013716,0.012113
48113013717,0.002318
48113013718,0.007142
48113013719,0.073145
48113013720,0.053961
48113013721,0.021961
48113013722,0.017964
48113013725,0.257751
48113013726,0.009558
48113013727,0.009833
48113013728,0.005488
48113013729,0.011395
48113013804,0.020295
48113013805,0.010933
48113013806,0.017429
48113013807,0.021163
48113013808,0.023073
48113013901,0.016768
48113013902,0.006193
48113014001,0.030724
48113014002,0.034369
48113014119,0.013559
48113014120,0.006285
48113014121,0.016364
48113014123,0.014175
48113014124,0.047597
48113014126,0.013637
48113014128,0.004619
48113014130,0.023465
48113014132,0.0023
48113014134,0.049817
48113014135,0.010411
48113014138,0.017106
48113014139,0.008438
48113014140,0.013825
48113014141,0.005987
48113014142,0.003447
48113014143,0.065975
48113014144,0.030111
48113014145,0.034333
48113014146,0.016969
48113014147,0.029699
48113014148,0.020748
48113014149,0.005039
48113014150,0.092666
48113014151,0.028127
48113014152,0.142268
48113014153,0.029049
48113014154,0.005578
48113014155,0.012367
48113014156,0.005453
48113014157,0.014228
48113014158,0.004926
48113014159,0.044026
48113014160,0.032159
48113014161,0.022394
48113014203,0.021792
48113014204,0.012666
48113014205,0.056151
48113014207,0.047849
48113014208,0.042947
48113014209,0.044816
48113014306,0.010426
48113014308,0.012077
48113014309,0.054264
48113014310,0.0057
48113014313,0.062048
48113014314,0.007272
48113014315,0.028084
48113014316,0.160694
48113014317,0.01513
48113014318,0.004034
48113014319,0.080695
48113014320,0.051326
48113014405,0.028061
48113014406,0.018926
48113014407,0.018043
48113014408,0.022493
48113014409,0.038883
48113014410,0.023407
48113014501,0.028596
48113014502,0.019962
48113014601,0.011501
48113014602,0.024345
48113014603,0.005384
48113014701,0.026346
48113014704,0.018607
48113014903,0.092151
48113015001,0.026245
48113015002,0.036704
48113015101,0.005411
48113015102,0.00655
48113015202,0.096954
48113015205,0.02938
48113015206,0.005131
48113015207,0.164124
48113015208,0.002489
48113015303,0.03581
48113015304,0.05786
48113015305,0.009434
48113015306,0.003259
48113015403,0.048435
48113015404,0.085713
48113015405,0.045976
48113015406,0.048674
48113015500,0.056502
48113015600,0.046977
48113015700,0.054569
48113015900,0.056999
48113016001,0.052898
48113016002,0.005809
48113016100,0.05445
48113016201,0.008592
48113016203,0.080967
48113016204,0.014102
48113016301,0.125205
48113016302,0.025604
48113016406,0.021945
48113016407,0.039806
48113016409,0.021359
48113016410,0.018816
48113016412,0.027305
48113016414,0.027964
48113016415,0.003205
48113016416,0.004965
48113016417,0.002778
48113016418,0.158592
48113016419,0.038767
48113016420,0.004568
48113016421,0.134512
48113016511,0.007243
48113016513,0.009409
48113016516,0.006108
48113016517,0.02033
48113016518,0.009971
48113016519,0.010189
48113016521,0.119302
48113016522,0.090292
48113016524,0.027523
48113016525,0.010783
48113016526,0.014715
48113016527,0.007657
48113016528,0.006388
48113016529,0.00184
48113016530,0.03046
48113016531,0.01965
48113016532,0.021101
48113016533,0.063458
48113016534,0.034024
48113016535,0.050258
48113016536,0.012667
48113016607,0.045141
48113016610,0.005982
48113016615,0.00458
48113016616,0.037133
48113016617,0.006271
48113016618,0.010669
48113016619,0.009969
48113016620,0.009647
48113016621,0.008881
48113016622,0.012988
48113016623,0.007217
48113016624,0.038131
48113016626,0.012004
48113016627,0.00544
48113016628,0.02339
48113016629,0.0599
48113016630,0.008568
48113016631,0.01204
48113016632,0.148543
48113016633,0.009795
48113016634,0.068214
48113016635,0.069244
48113016636,0.024006
48113016637,0.01947
48113016638,0.012344
48113016704,0.127779
48113016706,0.035655
48113016707,0.01396
48113016708,0.012571
48113016709,0.033687
48113016710,0.033802
48113016711,0.063347
48113016802,0.055643
48113016803,0.016107
48113016805,0.006867
48113016806,0.009442
48113016902,0.038199
48113016903,0.01543
48113017005,0.052178
48113017006,0.013681
48113017007,0.010898
48113017008,0.054003
48113017009,0.038737
48113017010,0.00794
48113017101,0.037347
48113017102,0.123894
48113017201,0.024239
48113017203,0.07147
48113017204,0.051777
48113017307,0.036258
48113017308,0.002934
48113017309,0.006379
48113017310,0.004538
48113017311,0.016628
48113017312,0.004941
48113017313,0.043616
48113017314,0.003837
48113017315,0.029117
48113017400,0.010984
48113017500,0.095712
48113017602,0.020759
48113017604,0.077702
48113017605,0.004274
48113017606,0.037754
48113017703,0.015241
48113017704,0.024397
48113017705,0.036959
48113017706,0.010955
48113017805,0.020578
48113017806,0.023746
48113017808,0.042595
48113017811,0.075731
48113017812,0.091072
48113017814,0.052661
48113017815,0.005343
48113017816,0.038986
48113017817,0.057497
48113017818,0.018098
48113017819,0.056647
48113017820,0.046232
48113017900,0.072914
48113018001,0.069542
48113018002,0.079003
48113018105,0.029173
48113018110,0.009209
48113018111,0.116933
48113018120,0.005
48113018121,0.007232
48113018126,0.112253
48113018127,0.122701
48113018128,0.116266
48113018129,0.054833
48113018130,0.062838
48113018132,0.02293
48113018133,0.156563
48113018134,0.041954
48113018135,0.013998
48113018137,0.021626
48113018138,0.005155
48113018140,0.082073
48113018141,0.036014
48113018142,0.029685
48113018143,0.05756
48113018144,0.01477
48113018145,0.065231
48113018146,0.005847
48113018147,0.002883
48113018148,0.020076
48113018149,0.039241
48113018150,0.014744
48113018151,0.040179
48113018152,0.052337
48113018153,0.007194
48113018154,0.034391
48113018155,0.014405
48113018156,0.059876
48113018157,0.024419
48113018158,0.173725
48113018159,0.01438
48113018203,0.02335
48113018204,0.021699
48113018205,0.002786
48113018206,0.006299
48113018300,0.028529
48113018401,0.058329
48113018402,0.051205
48113018403,0.138541
48113018501,0.071191
48113018505,0.049264
48113018506,0.022654
48113018507,0.0182
48113018508,0.045335
48113018600,0.012746
48113018700,0.132478
48113018801,0.013007
48113018802,0.044246
48113018900,0.01889
48113019013,0.009067
48113019016,0.151865
48113019018,0.002443
48113019019,0.048351
48113019020,0.040664
48113019023,0.004807
48113019024,0.008703
48113019025,0.28731
48113019026,0.010021
48113019027,0.025124
48113019028,0.004356
48113019029,0.026958
48113019031,0.013332
48113019032,0.014235
48113019033,0.020358
48113019034,0.009466
48113019035,0.016525
48113019036,0.248516
48113019037,0.009333
48113019039,0.013554
48113019040,0.019444
48113019041,0.009959
48113019042,0.02443
48113019044,0.019651
48113019045,0.030912
48113019046,0.005216
48113019047,0.001233
48113019048,0.009018
48113019049,0.034815
48113019050,0.059736
48113019051,0.046282
48113019052,0.022767
48113019053,0.13531
48113019101,0.035793
48113019102,0.10078
48113019202,0.018272
48113019203,0.007482
48113019205,0.006999
48113019208,0.018354
48113019210,0.016275
48113019211,0.011693
48113019212,0.008279
48113019213,0.083753
48113019214,0.004621
48113019215,0.013629
48113019216,0.007218
48113019301,0.022389
48113019302,0.046971
48113019400,0.004923
48113019501,0.133601
48113019502,0.029621
48113019600,0.022593
48113019700,0.00987
48113019800,0.046627
48113019900,0.024007
48113020000,0.013846
48113020100,0.090533
48113020200,0.093441
48113020300,0.034838
48113020401,0.056996
48113020402,0.022426
48113020500,0.00468
48113020600,0.041957
48113020700,0.016035
48113020800,0.030373
48113020900,0.036451
48113021000,0.008721
48113021100,0.119373
48113021200,0.052927
48113980000,0.110535
48113980100,0.144678
48113980200,0.000977
48115950401,0.121729
48115950402,0.118181
48115950500,0.167382
48115950600,0.132762
48119950100,0.06024
48119950200,0.096532
48121020109,0.010849
48121020110,0.017489
48121020111,0.01467
48121020112,0.079549
48121020115,0.007578
48121020116,0.012685
48121020117,0.087577
48121020118,0.112321
48121020119,0.006704
48121020120,0.019573
48121020121,0.07339
48121020122,0.04711
48121020123,0.083953
48121020124,0.004919
48121020125,0.065471
48121020126,0.008683
48121020127,0.014328
48121020128,0.07321
48121020129,0.024904
48121020130,0.055193
48121020131,0.047158
48121020132,0.039844
48121020133,0.004666
48121020134,0.040111
48121020135,0.110473
48121020136,0.137791
48121020137,0.086846
48121020203,0.015248
48121020204,0.0606
48121020205,0.045271
48121020206,0.121849
48121020207,0.09347
48121020208,0.005865
48121020305,0.022864
48121020310,0.019454
48121020311,0.042759
48121020312,0.020703
48121020313,0.016055
48121020314,0.048722
48121020315,0.063246
48121020316,0.061239
48121020317,0.020418
48121020318,0.051685
48121020319,0.074761
48121020320,0.02747
48121020321,0.009174
48121020322,0.032834
48121020402,0.125497
48121020403,0.03943
48121020404,0.079475
48121020405,0.055457
48121020504,0.027885
48121020505,0.080976
48121020506,0.091855
48121020507,0.007789
48121020508,0.131904
48121020601,0.072731
48121020603,0.155046
48121020604,0.007222
48121020605,0.067924
48121020700,0.008786
48121020800,0.060153
48121020900,0.0142
48121021000,0.007667
48121021100,0.035621
48121021202,0.040915
48121021203,0.144714
48121021204,0.026642
48121021301,0.180215
48121021304,0.014034
48121021305,0.058704
48121021306,0.052766
48121021307,0.0072
48121021410,0.033611
48121021411,0.102714
48121021412,0.126831
48121021413,0.098289
48121021414,0.098715
48121021415,0.040824
48121021416,0.005028
48121021417,0.02019
48121021418,0.009588
48121021419,0.011869
48121021420,0.021679
48121021421,0.032859
48121021422,0.006803
48121021423,0.012636
48121021502,0.053514
48121021505,0.02865
48121021512,0.01683
48121021513,0.056742
48121021514,0.006982
48121021516,0.006552
48121021517,0.194179
48121021518,0.032112
48121021520,0.005357
48121021521,0.073212
48121021522,0.010872
48121021526,0.01134
48121021528,0.01282
48121021529,0.005131
48121021530,0.018188
48121021531,0.012394
48121021532,0.012797
48121021533,0.002522
48121021534,0.006901
48121021535,0.015309
48121021536,0.048897
48121021537,0.039017
48121021538,0.003456
48121021539,0.01171
48121021540,0.006237
48121021611,0.018796
48121021612,0.01321
48121021613,0.007938
48121021614,0.005142
48121021615,0.015161
48121021616,0.006241
48121021618,0.028467
48121021619,0.029037
48121021620,0.039686
48121021621,0.017696
48121021622,0.008254
48121021626,0.034079
48121021630,0.004121
48121021631,0.013393
48121021632,0.007806
48121021633,0.008758
48121021634,0.051555
48121021635,0.010189
48121021637,0.032489
48121021638,0.004303
48121021639,0.010958
48121021640,0.004671
48121021641,0.047497
48121021642,0.05223
48121021643,0.008012
48121021644,0.014875
48121021645,0.078722
48121021646,0.027118
48121021647,0.025764
48121021648,0.001402
48121021649,0.050327
48121021650,0.033732
48121021651,0.009481
48121021652,0.008326
48121021653,0.025959
48121021654,0.064668
48121021655,0.033919
48121021715,0.009033
48121021716,0.037951
48121021717,0.004211
48121021719,0.017191
48121021720,0.016486
48121021721,0.002347
48121021722,0.010491
48121021723,0.014192
48121021724,0.006413
48121021725,0.035579
48121021726,0.004351
48121021727,0.005695
48121021728,0.100049
48121021729,0.011508
48121021730,0.003526
48121021731,0.005249
48121021732,0.283073
48121021733,0.053377
48121021734,0.088158
48121021735,0.025879
48121021736,0.017133
48121021737,0.060286
48121021738,0.058857
48121021739,0.084964
48121021740,0.025656
48121021741,0.00293
48121021742,0.021769
48121021743,0.071615
48121021744,0.029157
48121021745,0.020479
48121021746,0.025442
48121021748,0.02577
48121021749,0.009867
48121021750,0.015875
48121021751,0.008719
48121021752,0.003972
48121021754,0.022673
48121021755,0.006412
48121021756,0.071033
48121021757,0.038944
48121021758,0.011541
48121021759,0.031291
48121021800,0.01303
48121021900,0.003909
48123970100,0.058313
48123970201,0.19008
48123970202,0.111845
48123970300,0.10205
48123970400,0.058006
48123970500,0.100935
48125950300,0.099043
48127950201,0.122163
48127950202,0.11982
48127950400,0.175885
48131950100,0.048424
48131950200,0.070079
48131950500,0.040944
48133950100,0.064357
48133950201,0.04639
48133950202,0.054339
48133950301,0.107495
48133950302,0.079213
48133950400,0.039513
48133950500,0.033947
48137950300,0.127182
48139060103,0.034138
48139060104,0.020409
48139060105,0.025905
48139060106,0.018257
48139060206,0.097166
48139060207,0.064134
48139060209,0.012284
48139060211,0.021048
48139060212,0.022706
48139060215,0.021349
48139060216,0.108206
48139060217,0.012114
48139060218,0.005172
48139060219,0.041842
48139060220,0.003376
48139060221,0.006954
48139060300,0.005947
48139060400,0.118728
48139060500,0.043297
48139060601,0.11285
48139060602,0.035117
48139060702,0.059065
48139060704,0.076063
48139060801,0.029179
48139060802,0.045809
48139060803,0.052749
48139060900,0.010904
48139061000,0.120658
48139061100,0.037866
48139061200,0.113851
48139061300,0.070305
48139061401,0.071166
48139061402,0.019952
48139061500,0.08644
48139061600,0.06746
48139061700,0.061763
48143950100,0.111709
48143950201,0.100965
48143950203,0.043901
48143950204,0.042687
48143950301,0.078152
48143950302,0.087645
48143950401,0.153864
48143950402,0.062883
48143950501,0.104205
48143950502,0.128856
48143950600,0.13739
48143950700,0.145277
48145000200,0.152316
48145000300,0.176592
48145000400,0.127179
48145000500,0.051178
48145000700,0.04122
48145000800,0.058842
48147950100,0.045484
48147950300,0.084751
48147950401,0.198011
48147950402,0.112066
48147950500,0.187772
48147950600,0.250304
48147950701,0.051255
48147950702,0.089218
48147950800,0.066718
48149970100,0.051929
48149970200,0.145973
48149970301,0.123013
48149970302,0.070483
48149970400,0.089703
48149970500,0.041665
48149970601,0.063452
48149970602,0.078935
48149970700,0.081955
48151950300,0.051337
48151950400,0.181816
48155950100,0.037004
48157670101,0.007611
48157670102,0.029411
48157670201,0.004256
48157670202,0.015226
48157670300,0.058702
48157670400,0.015981
48157670500,0.09964
48157670602,0.004411
48157670603,0.008191
48157670604,0.003205
48157670700,0.063477
48157670801,0.180037
48157670802,0.012148
48157670803,0.019383
48157670804,0.22846
48157670902,0.206555
48157670903,0.166662
48157670904,0.007652
48157671001,0.007103
48157671002,0.011563
48157671101,0.062446
48157671102,0.004974
48157671200,0.006038
48157671300,0.028678
48157671401,0.040188
48157671402,0.021737
48157671501,0.00588
48157671502,0.049425
48157671601,0.031891
48157671602,0.028117
48157671700,0.032068
48157671800,0.029303
48157671900,0.008864
48157672002,0.063063
48157672003,0.008928
48157672004,0.005333
48157672100,0.086125
48157672201,0.073799
48157672202,0.026131
48157672303,0.04882
48157672304,0.007338
48157672305,0.042611
48157672306,0.008411
48157672401,0.071487
48157672402,0.027419
48157672500,0.017525
48157672602,0.004252
48157672603,0.006752
48157672604,0.009254
48157672701,0.005497
48157672702,0.007625
48157672703,0.017512
48157672801,0.066777
48157672802,0.077542
48157672901,0.018061
48157672902,0.004854
48157672903,0.050159
48157672904,0.047363
48157672905,0.027257
48157672906,0.017097
48157672907,0.003825
48157673004,0.008537
48157673005,0.019016
48157673006,0.011365
48157673007,0.026346
48157673008,0.00589
48157673009,0.040111
48157673010,0.015791
48157673103,0.044133
48157673104,0.01473
48157673105,0.035593
48157673106,0.035315
48157673107,0.017447
48157673108,0.010383
48157673109,0.012381
48157673110,0.006442
48157673111,0.008567
48157673112,0.015734
48157673113,0.001729
48157673201,0.004161
48157673202,0.019463
48157673300,0.021336
48157673401,0.014683
48157673402,0.018981
48157673403,0.023423
48157673404,0.038727
48157673501,0.048382
48157673502,0.010607
48157673600,0.054755
48157673700,0.099818
48157673801,0.197077
48157673802,0.079279
48157673902,0.028978
48157673903,0.023156
48157673904,0.159891
48157674001,0.004905
48157674002,0.019519
48157674100,0.022856
48157674200,0.022046
48157674301,0.013564
48157674302,0.02259
48157674401,0.00967
48157674402,0.022915
48157674403,0.013428
48157674404,0.042139
48157674503,0.007094
48157674504,0.011841
48157674505,0.032844
48157674506,0.006565
48157674507,0.0449
48157674508,0.056036
48157674601,0.058558
48157674602,0.071666
48157674603,0.017443
48157674604,0.042655
48157674701,0.156963
48157674702,0.036567
48157674800,0.040587
48157674900,0.23227
48157675000,0.108799
48157675101,0.01289
48157675102,0.043988
48157675200,0.175629
48157675300,0.152384
48157675401,0.170514
48157675402,0.136847
48157675501,0.067751
48157675502,0.023607
48157675503,0.006429
48157675600,0.016677
48157675701,0.023272
48157675702,0.012722
48157675800,0.071014
48159950101,0.064066
48159950102,0.052213
48159950200,0.108083
48159950300,0.100022
48161000101,0.047562
48161000102,0.197607
48161000200,0.175326
48161000300,0.101993
48161000400,0.073826
48161000600,0.042235
48161000700,0.071727
48161000900,0.212561
48163950101,0.038188
48163950102,0.046764
48163950201,0.160352
48163950202,0.06851
48163950301,0.165944
48163950302,0.112479
48167720100,0.010352
48167720200,0.020153
48167720301,0.043306
48167720302,0.006428
48167720400,0.04773
48167720501,0.012815
48167720504,0.00415
48167720505,0.033513
48167720506,0.004668
48167720507,0.008181
48167720508,0.018529
48167720509,0.137216
48167720510,0.044459
48167720511,0.032814
48167720512,0.003594
48167720601,0.032371
48167720602,0.011923
48167720603,0.00323
48167720604,0.031322
48167720605,0.041667
48167720701,0.071171
48167720702,0.096284
48167720703,0.045279
48167720800,0.027483
48167720900,0.104057
48167721101,0.021906
48167721203,0.103006
48167721204,0.004401
48167721205,0.013891
48167721206,0.124236
48167721209,0.093934
48167721301,0.006863
48167721302,0.018228
48167721401,0.00748
48167721403,0.008729
48167721501,0.087326
48167721502,0.036016
48167721901,0.020472
48167723300,0.025216
48167723401,0.111374
48167723402,0.033752
48167723403,0.04983
48167723503,0.169787
48167723504,0.177542
48167723505,0.035156
48169950101,0.066382
48169950102,0.039445
48169980000,0.221164
48171950100,0.120031
48171950200,0.039648
48171950301,0.198482
48171950302,0.122949
48171950401,0.104767
48171950402,0.245952
48171950500,0.159697
48173950100,0.085764
48175960100,0.151567
48175960200,0.059502
48177000100,0.161439
48177000200,0.083067
48177000300,0.147202
48177000400,0.151789
48177000500,0.150394
48177000600,0.033915
48181000101,0.069971
48181000102,0.070645
48181000302,0.076912
48181000304,0.053825
48181000600,0.083057
48181000700,0.176254
48181000800,0.019177
48181000901,0.192671
48181000903,0.054504
48181000904,0.034205
48181001101,0.041338
48181001103,0.107067
48181001104,0.057205
48181001200,0.005513
48181001300,0.163252
48181001400,0.08656
48181001500,0.106932
48181001700,0.032319
48181001801,0.059125
48181001802,0.027976
48181001803,0.122314
48181001901,0.094098
48181001902,0.032656
48181002000,0.055366
48183010100,0.037842
48183010201,0.127797
48183010202,0.067864
48183010401,0.099667
48183010402,0.074485
48183010700,0.090016
48185180101,0.047671
48185180102,0.096375
48185180201,0.062797
48185180202,0.049284
48185180302,0.090242
48185180303,0.013814
48185180304,0.093088
48185180400,0.043461
48187210100,0.099157
48187210200,0.084313
48187210300,0.173835
48187210400,0.107386
48187210505,0.052713
48187210506,0.109874
48187210508,0.099138
48187210509,0.207193
48187210510,0.155671
48187210511,0.126506
48187210512,0.166834
48187210513,0.054059
48187210603,0.01366
48187210606,0.018834
48187210608,0.147748
48187210609,0.007984
48187210610,0.023169
48187210611,0.001465
48187210612,0.06429
48187210613,0.010004
48187210614,0.027512
48187210705,0.024201
48187210706,0.018055
48187210707,0.024602
48187210709,0.036546
48187210710,0.043506
48187210711,0.030334
48187210712,0.013143
48187210713,0.003904
48187210715,0.012466
48187210716,0.004229
48187210717,0.005607
48187210718,0.009737
48187210803,0.022242
48187210804,0.031108
48187210805,0.070414
48187210806,0.144799
48187210902,0.036078
48187210903,0.063082
48187210904,0.213323
48187210905,0.022421
48193950100,0.059502
48193950200,0.126109
48193950300,0.071683
48201100001,0.106602
48201210400,0.016674
48201210500,0.005919
48201210600,0.017002
48201210700,0.010511
48201210800,0.023745
48201210900,0.027092
48201211000,0.031826
48201211101,0.04332
48201211102,0.00458
48201211200,0.003389
48201211301,0.031686
48201211302,0.032736
48201211400,0.017957
48201211501,0.081403
48201211502,0.054573
48201211600,0.052935
48201211700,0.044909
48201211900,0.005165
48201212300,0.0337
48201212400,0.031896
48201212500,0.039012
48201220100,0.029148
48201220200,0.020905
48201220300,0.025276
48201220400,0.030641
48201220500,0.0364
48201220600,0.014942
48201220701,0.066155
48201220702,0.048843
48201220800,0.043679
48201220900,0.064087
48201221000,0.011932
48201221100,0.024262
48201221200,0.010018
48201221301,0.036847
48201221302,0.009782
48201221400,0.023259
48201221501,0.010259
48201221502,0.04197
48201221601,0.024321
48201221602,0.022614
48201221701,0.018535
48201221702,0.039453
48201221800,0.054566
48201221900,0.068136
48201222000,0.018726
48201222100,0.024887
48201222200,0.03389
48201222300,0.023317
48201222401,0.07817
48201222402,0.031286
48201222501,0.011965
48201222502,0.22462
48201222504,0.011132
48201222505,0.017152
48201222601,0.022005
48201222602,0.019189
48201222701,0.01858
48201222702,0.058092
48201222800,0.050678
48201222900,0.026466
48201223001,0.014248
48201223002,0.009037
48201223100,0.032424
48201230100,0.01899
48201230200,0.008767
48201230300,0.011689
48201230400,0.008063
48201230500,0.034757
48201230600,0.05072
48201230700,0.00741
48201230800,0.026513
48201230900,0.007978
48201231000,0.008874
48201231100,0.090641
48201231200,0.011346
48201231300,0.002366
48201231400,0.003736
48201231500,0.026906
48201231600,0.008797
48201231700,0.069116
48201231800,0.018752
48201231900,0.024042
48201232000,0.01117
48201232100,0.035921
48201232201,0.022238
48201232202,0.027793
48201232203,0.100977
48201232303,0.018646
48201232304,0.054384
48201232305,0.059313
48201232306,0.0499
48201232402,0.017824
48201232403,0.033907
48201232404,0.053172
48201232405,0.07005
48201232500,0.144024
48201232600,0.034089
48201232701,0.045019
48201232703,0.061254
48201232704,0.036905
48201232801,0.049368
48201232802,0.014495
48201232901,0.02695
48201232902,0.03703
48201233001,0.029965
48201233002,0.047451
48201233003,0.036385
48201233101,0.016591
48201233103,0.079388
48201233104,0.058539
48201233105,0.054583
48201233200,0.0278
48201233300,0.062154
48201233400,0.025638
48201233501,0.014364
48201233502,0.034092
48201233600,0.053716
48201233701,0.053582
48201233702,0.015475
48201233703,0.058959
48201240101,0.031962
48201240102,0.052913
48201240400,0.026012
48201240503,0.012895
48201240504,0.007996
48201240505,0.01437
48201240506,0.011341
48201240600,0.020547
48201240703,0.038152
48201240704,0.036173
48201240705,0.024042
48201240706,0.042755
48201240707,0.03909
48201240802,0.00662
48201240803,0.037196
48201240804,0.020449
48201240903,0.028944
48201240904,0.015238
48201240905,0.011685
48201240906,0.003459
48201241001,0.044903
48201241002,0.006226
48201241101,0.015777
48201241103,0.007509
48201241104,0.0118
48201241105,0.195925
48201241201,0.011705
48201241202,0.218979
48201241301,0.032171
48201241302,0.028449
48201241400,0.044688
48201241501,0.037203
48201241502,0.037243
48201241503,0.058879
48201250101,0.039642
48201250102,0.093144
48201250201,0.038979
48201250202,0.046832
48201250303,0.108125
48201250304,0.07452
48201250305,0.016018
48201250306,0.018172
48201250403,0.051328
48201250404,0.006905
48201250405,0.028573
48201250406,0.051419
48201250407,0.123413
48201250408,0.013166
48201250500,0.012902
48201250601,0.052707
48201250602,0.059017
48201250701,0.016216
48201250702,0.007485
48201250801,0.009117
48201250802,0.031521
48201250901,0.0247
48201250902,0.012084
48201251000,0.0568
48201251100,0.028052
48201251200,0.01757
48201251300,0.008861
48201251401,0.013669
48201251402,0.003963
48201251501,0.008138
48201251503,0.003092
48201251504,0.00118
48201251505,0.009629
48201251600,0.070549
48201251701,0.006406
48201251702,0.023771
48201251800,0.360026
48201251902,0.035383
48201251903,0.053591
48201251904,0.009086
48201252001,0.009214
48201252002,0.056632
48201252003,0.042333
48201252100,0.011691
48201252201,0.099175
48201252202,0.1492
48201252303,0.005432
48201252304,0.033137
48201252305,0.010711
48201252306,0.014051
48201252400,0.040708
48201252500,0.16117
48201252601,0.046864
48201252602,0.135328
48201252700,0.107812
48201252800,0.033231
48201252901,0.029105
48201252902,0.023725
48201253000,0.064492
48201253202,0.036195
48201253300,0.011527
48201253502,0.04017
48201310101,0.013712
48201310102,0.013298
48201310200,0.018502
48201310300,0.004563
48201310400,0.008386
48201310500,0.014553
48201310600,0.011381
48201310700,0.045131
48201310800,0.032809
48201310900,0.013882
48201311001,0.08177
48201311002,0.134926
48201311100,0.0135
48201311200,0.041349
48201311300,0.013091
48201311400,0.011882
48201311501,0.014958
48201311502,0.02203
48201311600,0.044319
48201311701,0.040934
48201311702,0.056941
48201311800,0.041491
48201311900,0.033076
48201312000,0.046311
48201312200,0.043539
48201312300,0.021021
48201312400,0.018354
48201312501,0.024513
48201312502,0.018912
48201312601,0.101839
48201312602,0.027636
48201312603,0.032538
48201312700,0.022136
48201312800,0.012303
48201312901,0.013704
48201312902,0.009024
48201313000,0.032952
48201313101,0.029269
48201313102,0.088481
48201313201,0.062097
48201313202,0.026566
48201313300,0.007996
48201313400,0.010422
48201313500,0.020393
48201313600,0.019324
48201313700,0.05294
48201313801,0.025781
48201313802,0.035202
48201313901,0.054426
48201313902,0.022306
48201314001,0.065534
48201314003,0.135705
48201314004,0.017904
48201314005,0.026806
48201314301,0.07831
48201314302,0.054692
48201314401,0.143023
48201314402,0.233915
48201320100,0.024485
48201320201,0.051242
48201320202,0.020183
48201320500,0.041982
48201320601,0.011635
48201320602,0.021873
48201320700,0.056317
48201320800,0.125939
48201320901,0.052042
48201320902,0.014275
48201321001,0.04068
48201321002,0.065868
48201321101,0.050874
48201321102,0.040103
48201321200,0.046337
48201321301,0.040434
48201321302,0.083526
48201321401,0.025918
48201321402,0.092335
48201321500,0.06463
48201321600,0.036655
48201321700,0.009966
48201321800,0.035905
48201321900,0.017102
48201322000,0.06818
48201322100,0.012013
48201322200,0.016732
48201322600,0.079157
48201322701,0.019349
48201322702,0.041904
48201322800,0.042151
48201322900,0.015338
48201323000,0.021819
48201323100,0.019678
48201323200,0.025676
48201323300,0.013195
48201323400,0.017294
48201323500,0.034593
48201323601,0.023993
48201323602,0.051431
48201323701,0.03382
48201323702,0.04495
48201323801,0.006614
48201323802,0.011168
48201323900,0.059833
48201324000,0.05427
48201324101,0.098606
48201324102,0.287396
48201324200,0.095212
48201330101,0.017563
48201330102,0.012116
48201330200,0.013887
48201330301,0.066963
48201330302,0.050084
48201330303,0.040679
48201330400,0.045124
48201330500,0.013856
48201330600,0.015213
48201330700,0.071502
48201330801,0.071634
48201330802,0.115573
48201330901,0.020129
48201330902,0.011938
48201331100,0.022345
48201331200,0.019564
48201331300,0.051741
48201331400,0.047514
48201331501,0.166868
48201331502,0.009895
48201331602,0.004985
48201331603,0.013359
48201331604,0.007394
48201331700,0.045648
48201331800,0.020935
48201331900,0.024413
48201332000,0.013302
48201332100,0.055168
48201332200,0.010329
48201332300,0.016965
48201332400,0.009933
48201332500,0.010579
48201332600,0.006778
48201332700,0.030542
48201332800,0.061784
48201332900,0.031915
48201333000,0.04515
48201333100,0.01394
48201333201,0.036536
48201333203,0.015779
48201333204,0.022334
48201333205,0.078425
48201333301,0.050916
48201333302,0.009767
48201333501,0.032025
48201333502,0.112219
48201333600,0.0876
48201333700,0.070188
48201333801,0.098604
48201333802,0.011848
48201333903,0.028702
48201333904,0.016326
48201333905,0.010401
48201333906,0.038535
48201334001,0.014677
48201334002,0.091275
48201334003,0.057186
48201334101,0.036787
48201334102,0.062109
48201340101,0.08313
48201340102,0.023239
48201340201,0.171644
48201340202,0.030223
48201340203,0.018772
48201340301,0.015131
48201340302,0.016998
48201340400,0.017463
48201340501,0.012
48201340502,0.058413
48201340600,0.017024
48201340701,0.034652
48201340702,0.030852
48201340800,0.016612
48201340900,0.069486
48201341001,0.094586
48201341002,0.066932
48201341101,0.032141
48201341102,0.034749
48201341201,0.038006
48201341203,0.074797
48201341204,0.053414
48201341302,0.097134
48201341303,0.024681
48201341304,0.07296
48201341400,0.035601
48201341501,0.018797
48201341502,0.058099
48201342001,0.011235
48201342002,0.049047
48201342100,0.019467
48201342200,0.063568
48201342300,0.009204
48201342400,0.091041
48201342500,0.097878
48201342700,0.04934
48201342801,0.026805
48201342802,0.117054
48201342900,0.011317
48201343000,0.027499
48201343100,0.06005
48201343200,0.019368
48201343301,0.046778
48201343302,0.032273
48201343601,0.276279
48201343700,0.131975
48201350101,0.039102
48201350102,0.012622
48201350103,0.002091
48201350104,0.055891
48201350201,0.016703
48201350202,0.064608
48201350300,0.013037
48201350400,0.01807
48201350500,0.017005
48201350601,0.022328
48201350603,0.005274
48201350604,0.009
48201350700,0.003666
48201350801,0.008364
48201350803,0.021591
48201350804,0.011783
48201410101,0.017856
48201410102,0.047878
48201410201,0.06242
48201410202,0.030763
48201410300,0.028879
48201410401,0.194996
48201410402,0.033885
48201410501,0.089651
48201410502,0.088598
48201410601,0.039083
48201410602,0.022154
48201410703,0.013892
48201410704,0.109618
48201410705,0.022416
48201410706,0.007714
48201410801,0.041832
48201410802,0.009899
48201410900,0.125022
48201411001,0.100804
48201411002,0.047941
48201411003,0.026483
48201411100,0.036571
48201411200,0.100972
48201411301,0.089991
48201411302,0.139984
48201411400,0.016694
48201411503,0.027966
48201411504,0.063268
48201411505,0.02153
48201411506,0.072546
48201411507,0.092607
48201411600,0.0328
48201411700,0.022819
48201411801,0.033386
48201411802,0.027597
48201411901,0.060675
48201411902,0.026949
48201412000,0.04953
48201412201,0.021538
48201412202,0.008491
48201412300,0.075956
48201412400,0.012065
48201412500,0.040549
48201412600,0.047134
48201412700,0.008924
48201412800,0.037644
48201412901,0.112465
48201412902,0.038798
48201413000,0.015457
48201413100,0.031751
48201413203,0.013924
48201413204,0.11066
48201413205,0.066313
48201413206,0.042375
48201413301,0.022622
48201413302,0.010868
48201420100,0.028285
48201420200,0.02107
48201420300,0.005225
48201420400,0.044906
48201420500,0.038747
48201420600,0.070117
48201420700,0.005239
48201420800,0.004854
48201420900,0.014871
48201421000,0.083391
48201421101,0.018338
48201421103,0.006422
48201421104,0.035541
48201421203,0.070836
48201421204,0.020379
48201421205,0.020894
48201421206,0.002413
48201421301,0.001746
48201421302,0.014213
48201421401,0.031431
48201421402,0.005638
48201421403,0.020752
48201421501,0.008799
48201421502,0.008701
48201421601,0.013079
48201421602,0.075377
48201421700,0.003521
48201421801,0.025617
48201421802,0.015718
48201421900,0.014048
48201422000,0.003446
48201422100,0.101228
48201422200,0.027215
48201422302,0.014332
48201422303,0.018112
48201422304,0.025401
48201422403,0.00481
48201422404,0.014618
48201422405,0.02168
48201422406,0.005098
48201422501,0.016757
48201422502,0.005707
48201422601,0.010183
48201422602,0.005853
48201422701,0.004096
48201422702,0.006937
48201422800,0.008358
48201422900,0.015521
48201423001,0.016765
48201423002,0.02506
48201423100,0.047676
48201423201,0.039643
48201423203,0.004323
48201423204,0.028204
48201423301,0.01525
48201423303,0.00826
48201423304,0.012241
48201423401,0.020002
48201423402,0.005052
48201423500,0.052896
48201423600,0.039987
48201430101,0.030659
48201430102,0.024213
48201430200,0.017988
48201430300,0.026028
48201430400,0.006618
48201430500,0.119825
48201430600,0.003142
48201430700,0.094607
48201430800,0.060625
48201430900,0.064182
48201431001,0.026534
48201431002,0.033584
48201431101,0.041175
48201431102,0.020068
48201431203,0.021356
48201431204,0.021817
48201431205,0.008266
48201431206,0.022191
48201431302,0.01204
48201431303,0.016154
48201431304,0.060059
48201431401,0.014608
48201431403,0.092805
48201431404,0.028557
48201431503,0.040365
48201431504,0.018599
48201431505,0.052423
48201431506,0.012218
48201431600,0.018686
48201431701,0.032044
48201431702,0.046939
48201431801,0.019939
48201431803,0.006327
48201431804,0.070945
48201431901,0.030997
48201431902,0.026108
48201432003,0.012545
48201432004,0.016266
48201432005,0.141312
48201432006,0.003689
48201432101,0.052734
48201432102,0.072428
48201432200,0.011714
48201432301,0.049095
48201432302,0.031991
48201432303,0.067801
48201432401,0.010151
48201432402,0.027251
48201432501,0.017516
48201432502,0.020356
48201432600,0.011029
48201432703,0.018238
48201432704,0.012957
48201432705,0.021386
48201432706,0.003912
48201432803,0.006514
48201432804,0.03251
48201432805,0.020757
48201432806,0.051449
48201432901,0.068536
48201432903,0.023255
48201432904,0.043783
48201433003,0.051055
48201433004,0.025008
48201433005,0.061407
48201433006,0.008831
48201433007,0.005236
48201433100,0.074279
48201433201,0.051713
48201433202,0.0094
48201433300,0.010957
48201433400,0.012175
48201433503,0.071333
48201433504,0.023322
48201433505,0.023631
48201433506,0.02112
48201433507,0.052493
48201433601,0.029821
48201433602,0.01013
48201440101,0.009932
48201440102,0.054534
48201450100,0.043403
48201450200,0.03887
48201450301,0.00521
48201450302,0.039505
48201450401,0.054984
48201450402,0.056927
48201450500,0.048424
48201450600,0.014061
48201450700,0.019855
48201450801,0.041337
48201450803,0.029378
48201450804,0.086383
48201450900,0.08551
48201451003,0.018696
48201451004,0.030921
48201451005,0.012714
48201451006,0.048649
48201451100,0.020426
48201451200,0.015358
48201451301,0.006422
48201451302,0.006177
48201451401,0.009193
48201451404,0.026114
48201451405,0.018047
48201451406,0.008791
48201451407,0.015395
48201451501,0.029625
48201451502,0.196581
48201451603,0.017205
48201451604,0.081738
48201451605,0.011429
48201451606,0.056172
48201451700,0.055707
48201451800,0.027789
48201451902,0.012981
48201451903,0.07743
48201451904,0.005289
48201452001,0.008971
48201452002,0.014744
48201452101,0.014751
48201452102,0.014522
48201452103,0.017246
48201452202,0.044565
48201452203,0.065312
48201452204,0.05033
48201452300,0.063388
48201452401,0.037267
48201452402,0.007793
48201452501,0.011477
48201452502,0.036482
48201452601,0.028332
48201452602,0.012897
48201452701,0.005038
48201452702,0.002538
48201452703,0.047059
48201452801,0.040759
48201452802,0.028289
48201452900,0.047458
48201453001,0.035824
48201453002,0.019462
48201453100,0.033933
48201453201,0.025713
48201453202,0.031189
48201453300,0.019206
48201453401,0.02942
48201453403,0.006606
48201453404,0.047948
48201453405,0.005636
48201453501,0.020035
48201453502,0.004561
48201453601,0.045224
48201453603,0.049524
48201453604,0.005379
48201453701,0.008901
48201453702,0.017531
48201453800,0.041061
48201453901,0.005945
48201453902,0.033068
48201454000,0.021803
48201454100,0.019707
48201454200,0.039272
48201454302,0.008913
48201454303,0.040871
48201454304,0.010738
48201454305,0.020565
48201454400,0.111518
48201454502,0.007188
48201454503,0.023396
48201454504,0.005768
48201454505,0.072746
48201454600,0.021356
48201454700,0.16185
48201454801,0.058276
48201454802,0.010567
48201454901,0.019633
48201454902,0.007543
48201455000,0.016184
48201455102,0.025845
48201455103,0.248708
48201455104,0.037535
48201455200,0.044886
48201455300,0.060752
48201510100,0.06889
48201510201,0.03684
48201510202,0.016597
48201510301,0.054346
48201510302,0.015767
48201510400,0.023198
48201510500,0.018735
48201510601,0.0594
48201510602,0.044825
48201510701,0.009279
48201510702,0.026587
48201510801,0.1098
48201510802,0.019946
48201510803,0.07191
48201510901,0.019056
48201510902,0.072819
48201511001,0.018435
48201511003,0.021163
48201511004,0.012111
48201511100,0.037167
48201511201,0.037961
48201511202,0.012503
48201511301,0.021411
48201511302,0.129518
48201511400,0.0679
48201511501,0.031621
48201511502,0.014197
48201511600,0.026997
48201520100,0.012596
48201520200,0.02511
48201520301,0.004556
48201520302,0.00906
48201520400,0.033325
48201520501,0.018453
48201520502,0.008885
48201520601,0.006604
48201520603,0.025728
48201520604,0.007966
48201520700,0.016672
48201521000,0.071872
48201521100,0.005632
48201521201,0.019201
48201521202,0.017415
48201521300,0.008553
48201521401,0.036988
48201521402,0.018281
48201521501,0.022208
48201521502,0.047918
48201521600,0.269474
48201521701,0.052702
48201521702,0.09191
48201521800,0.025279
48201521900,0.013288
48201522001,0.022949
48201522002,0.004514
48201522101,0.003504
48201522102,0.004373
48201522201,0.008282
48201522202,0.011469
48201522301,0.064467
48201522302,0.013326
48201522401,0.006535
48201522402,0.038721
48201522500,0.017426
48201530101,0.038486
48201530102,0.024105
48201530200,0.029733
48201530300,0.022801
48201530400,0.03947
48201530501,0.077341
48201530502,0.002821
48201530600,0.030692
48201530701,0.107154
48201530702,0.038397
48201530800,0.00825
48201530900,0.022873
48201531000,0.016093
48201531100,0.007257
48201531200,0.001986
48201531300,0.010035
48201531400,0.007943
48201531500,0.018086
48201531600,0.005001
48201531700,0.06092
48201531800,0.033854
48201531900,0.019295
48201532003,0.005163
48201532004,0.012747
48201532101,0.014128
48201532102,0.041946
48201532200,0.011662
48201532301,0.040817
48201532302,0.011143
48201532400,0.028293
48201532502,0.015076
48201532503,0.036305
48201532504,0.039573
48201532600,0.019282
48201532700,0.043762
48201532800,0.005885
48201532900,0.049956
48201533000,0.001304
48201533100,0.004057
48201533200,0.001689
48201533301,0.018304
48201533302,0.029283
48201533401,0.026813
48201533402,0.01016
48201533500,0.035688
48201533600,0.034536
48201533701,0.020968
48201533702,0.012256
48201533802,0.015646
48201533803,0.344346
48201533804,0.052021
48201533902,0.048275
48201533903,0.012018
48201533904,0.071854
48201534001,0.085063
48201534002,0.009393
48201534003,0.063971
48201534101,0.035078
48201534102,0.018512
48201534201,0.07248
48201534203,0.026285
48201534204,0.050653
48201534205,0.023595
48201540101,0.027767
48201540102,0.036683
48201540200,0.078661
48201540502,0.014682
48201540503,0.136679
48201540504,0.094002
48201540601,0.018148
48201540602,0.012334
48201540700,0.08402
48201540800,0.012712
48201540901,0.007439
48201540903,0.065166
48201540904,0.155442
48201541004,0.078472
48201541005,0.024396
48201541006,0.015669
48201541007,0.018367
48201541008,0.04834
48201541009,0.028537
48201541100,0.007934
48201541203,0.030392
48201541204,0.05449
48201541205,0.033943
48201541206,0.005163
48201541207,0.037267
48201541301,0.026725
48201541302,0.014113
48201541401,0.087992
48201541402,0.028508
48201541403,0.023896
48201541404,0.020002
48201541500,0.010946
48201541603,0.032672
48201541604,0.015452
48201541701,0.086989
48201541702,0.023507
48201541703,0.127848
48201541801,0.058107
48201541802,0.07491
48201541901,0.002433
48201541902,0.020516
48201542001,0.045229
48201542002,0.009324
48201542003,0.044182
48201542004,0.018008
48201542103,0.016752
48201542104,0.019904
48201542105,0.025984
48201542106,0.003355
48201542107,0.043485
48201542108,0.049919
48201542201,0.011971
48201542202,0.060084
48201542203,0.040363
48201542302,0.006446
48201542303,0.016381
48201542304,0.009774
48201542305,0.004151
48201542401,0.068527
48201542402,0.009854
48201542500,0.07914
48201542600,0.024443
48201542700,0.024862
48201542800,0.005361
48201542901,0.023958
48201542902,0.017728
48201543004,0.023919
48201543005,0.020984
48201543006,0.016117
48201543007,0.021273
48201543008,0.041208
48201543009,0.046938
48201543010,0.051246
48201543011,0.006132
48201543100,0.076599
48201543201,0.021727
48201543202,0.060101
48201550101,0.025997
48201550102,0.045331
48201550201,0.024962
48201550202,0.007679
48201550303,0.020679
48201550304,0.062993
48201550305,0.024876
48201550306,0.030111
48201550307,0.007417
48201550308,0.012817
48201550403,0.075391
48201550404,0.447039
48201550405,0.00946
48201550406,0.016394
48201550407,0.02197
48201550500,0.008338
48201550601,0.018585
48201550602,0.044647
48201550603,0.051176
48201550700,0.07809
48201550800,0.021538
48201550901,0.009938
48201550902,0.002111
48201551000,0.423004
48201551101,0.046391
48201551102,0.048424
48201551201,0.008127
48201551202,0.163416
48201551300,0.028506
48201551400,0.123587
48201551501,0.006965
48201551502,0.046786
48201551601,0.080291
48201551602,0.021265
48201551702,0.049648
48201551703,0.063106
48201551704,0.010887
48201551705,0.06594
48201551800,0.048874
48201551901,0.010329
48201551902,0.057479
48201552002,0.027655
48201552003,0.033793
48201552004,0.08886
48201552101,0.061044
48201552102,0.017176
48201552103,0.034154
48201552200,0.019963
48201552301,0.008097
48201552303,0.020204
48201552304,0.028405
48201552401,0.03202
48201552402,0.010438
48201552501,0.061197
48201552502,0.013062
48201552602,0.070696
48201552603,0.060402
48201552604,0.063927
48201552701,0.04473
48201552702,0.008027
48201552801,0.165837
48201552802,0.067509
48201552901,0.027158
48201552902,0.011136
48201553001,0.014901
48201553002,0.00836
48201553101,0.040309
48201553102,0.002395
48201553201,0.011444
48201553202,0.057453
48201553300,0.050574
48201553401,0.013302
48201553403,0.01462
48201553404,0.017671
48201553405,0.019137
48201553500,0.18951
48201553601,0.022453
48201553602,0.005827
48201553700,0.019144
48201553801,0.006676
48201553803,0.025654
48201553804,0.009385
48201553901,0.008391
48201554001,0.013795
48201554002,0.009219
48201554103,0.005906
48201554104,0.04366
48201554201,0.062585
48201554202,0.010832
48201554301,0.013181
48201554302,0.104659
48201554404,0.103134
48201554405,0.040841
48201554406,0.003415
48201554407,0.007819
48201554408,0.086858
48201554409,0.14673
48201554410,0.042395
48201554501,0.014371
48201554502,0.007531
48201554600,0.029806
48201554701,0.059935
48201554702,0.007989
48201554803,0.009901
48201554804,0.017611
48201554805,0.004745
48201554806,0.050946
48201554807,0.090877
48201554808,0.082281
48201554809,0.033807
48201554902,0.055495
48201554904,0.07937
48201554905,0.010547
48201554906,0.01104
48201554907,0.030082
48201554908,0.052768
48201555001,0.010336
48201555002,0.014755
48201555101,0.020987
48201555102,0.041649
48201555200,0.02229
48201555301,0.026104
48201555303,0.014377
48201555304,0.012093
48201555305,0.016792
48201555401,0.017036
48201555403,0.059646
48201555404,0.034002
48201555501,0.081652
48201555503,0.046883
48201555504,0.008416
48201555505,0.034079
48201555600,0.107231
48201555701,0.056823
48201555703,0.016424
48201555704,0.014432
48201556000,0.060893
48201556100,0.065434
48201980000,0.253397
48201980100,0.260823
48201980200,0.103004
48201980300,0.092971
48201980400,0.141247
48201980700,0.076981
48207950300,0.076837
48207950400,0.050644
48209010100,0.114173
48209010200,0.085797
48209010302,0.121136
48209010305,0.092008
48209010306,0.08407
48209010307,0.10173
48209010308,0.140277
48209010309,0.123512
48209010401,0.046546
48209010402,0.024601
48209010500,0.058325
48209010601,0.00642
48209010602,0.171111
48209010603,0.074415
48209010702,0.048761
48209010703,0.163335
48209010704,0.194719
48209010806,0.076703
48209010807,0.058218
48209010809,0.196068
48209010810,0.101868
48209010811,0.042778
48209010812,0.151651
48209010813,0.005938
48209010814,0.022206
48209010815,0.262136
48209010816,0.23816
48209010817,0.230284
48209010818,0.042109
48209010905,0.054444
48209010909,0.030218
48209010911,0.01709
48209010912,0.051991
48209010913,0.043607
48209010914,0.036361
48209010915,0.008199
48209010916,0.03154
48209010917,0.075692
48209010918,0.01335
48209010919,0.016736
48209010920,0.089968
48209010921,0.042373
48209010922,0.028587
48209010923,0.024782
48209010924,0.025648
48209010925,0.050477
48213950101,0.047436
48213950102,0.015287
48213950201,0.009715
48213950202,0.107619
48213950301,0.131379
48213950302,0.19119
48213950303,0.107852
48213950400,0.240847
48213950500,0.070835
48213950601,0.179879
48213950603,0.156904
48213950604,0.290393
48213950700,0.171113
48213950801,0.230494
48213950802,0.144803
48213950902,0.082312
48213950903,0.216703
48213950904,0.118957
48213950905,0.16012
48213951000,0.124951
48213951101,0.034107
48213951102,0.07822
48213951201,0.127452
48213951202,0.153194
48213951300,0.123975
48213951401,0.070896
48213951402,0.074698
48213951403,0.006249
48215020103,0.053563
48215020104,0.061612
48215020105,0.081367
48215020106,0.071569
48215020107,0.305443
48215020108,0.010986
48215020205,0.182844
48215020206,0.068233
48215020207,0.025623
48215020208,0.17445
48215020209,0.100589
48215020210,0.111739
48215020211,0.338551
48215020303,0.004501
48215020304,0.124022
48215020305,0.071366
48215020306,0.161334
48215020307,0.215519
48215020403,0.121499
48215020405,0.023163
48215020406,0.003838
48215020407,0.058227
48215020408,0.079259
48215020409,0.060432
48215020505,0.245263
48215020506,0.05545
48215020507,0.065316
48215020508,0.315946
48215020509,0.00465
48215020510,0.138524
48215020511,0.029663
48215020512,0.044081
48215020513,0.132287
48215020600,0.079397
48215020724,0.098321
48215020725,0.026649
48215020727,0.003449
48215020728,0.008849
48215020729,0.110496
48215020730,0.169794
48215020731,0.004862
48215020732,0.056904
48215020733,0.019636
48215020734,0.011435
48215020735,0.005846
48215020736,0.00982
48215020804,0.036447
48215020805,0.103863
48215020806,0.134547
48215020807,0.039319
48215020808,0.046786
48215020905,0.018214
48215020906,0.101313
48215020907,0.049261
48215020908,0.067036
48215020909,0.119015
48215020910,0.029405
48215021001,0.058992
48215021002,0.121746
48215021003,0.132197
48215021100,0.075624
48215021201,0.059571
48215021203,0.089821
48215021204,0.0402
48215021306,0.060486
48215021307,0.040192
48215021308,0.092431
48215021309,0.213133
48215021310,0.226413
48215021311,0.045955
48215021312,0.14663
48215021313,0.046797
48215021314,0.062957
48215021315,0.146789
48215021401,0.120517
48215021405,0.108368
48215021406,0.017306
48215021407,0.077511
48215021408,0.093609
48215021409,0.149004
48215021500,0.092182
48215021600,0.049087
48215021703,0.031511
48215021704,0.039029
48215021705,0.054345
48215021706,0.0173
48215021707,0.038501
48215021803,0.051217
48215021804,0.055848
48215021807,0.060601
48215021808,0.181249
48215021809,0.057708
48215021810,0.042159
48215021903,0.115484
48215021904,0.047889
48215021905,0.077091
48215021906,0.0561
48215022005,0.081371
48215022006,0.008313
48215022007,0.002767
48215022008,0.067019
48215022009,0.015055
48215022010,0.079701
48215022011,0.02724
48215022105,0.310382
48215022107,0.098158
48215022108,0.064146
48215022109,0.033907
48215022110,0.005817
48215022111,0.019177
48215022112,0.034505
48215022113,0.051618
48215022203,0.119528
48215022204,0.03382
48215022205,0.045811
48215022206,0.033117
48215022301,0.335494
48215022302,0.035482
48215022401,0.041317
48215022402,0.013831
48215022502,0.025496
48215022503,0.023568
48215022504,0.012479
48215022600,0.009532
48215022703,0.109566
48215022704,0.065024
48215022705,0.014893
48215022706,0.02234
48215022801,0.144285
48215022802,0.075212
48215022900,0.081063
48215023000,0.033592
48215023103,0.130619
48215023104,0.026841
48215023105,0.057334
48215023106,0.022298
48215023516,0.072606
48215023517,0.022402
48215023518,0.055728
48215023519,0.004167
48215023520,0.042493
48215023521,0.018175
48215023522,0.043685
48215023523,0.047038
48215023524,0.009143
48215023525,0.036139
48215023526,0.095761
48215023527,0.005117
48215023528,0.070533
48215023529,0.005053
48215023530,0.011893
48215023531,0.015179
48215023532,0.010106
48215023533,0.008272
48215023534,0.035104
48215023535,0.022149
48215023536,0.070075
48215023601,0.07544
48215023602,0.027904
48215023700,0.102508
48215023803,0.018707
48215023804,0.189262
48215023805,0.014161
48215023806,0.094482
48215023903,0.252828
48215023905,0.01201
48215023906,0.021112
48215023907,0.099161
48215023908,0.040608
48215024001,0.117723
48215024002,0.070574
48215024003,0.159346
48215024004,0.030273
48215024107,0.095387
48215024108,0.008497
48215024109,0.055075
48215024115,0.017415
48215024116,0.027014
48215024117,0.118468
48215024118,0.104469
48215024119,0.213124
48215024120,0.033277
48215024121,0.036801
48215024122,0.005767
48215024123,0.008516
48215024124,0.034341
48215024125,0.189083
48215024126,0.091027
48215024127,0.011957
48215024128,0.05606
48215024129,0.084364
48215024130,0.03446
48215024131,0.008057
48215024132,0.034272
48215024204,0.209955
48215024206,0.084347
48215024207,0.054727
48215024208,0.049066
48215024209,0.122912
48215024210,0.245302
48215024211,0.052715
48215024212,0.010498
48215024301,0.031483
48215024302,0.007644
48215024403,0.046291
48215024404,0.024414
48215024405,0.097139
48215024406,0.045468
48215024501,0.019512
48215024502,0.103278
48215024600,0.042515
48215980000,0.079487
48217960100,0.047184
48217960200,0.076434
48217960400,0.038086
48217960501,0.009855
48217960502,0.026313
48217960600,0.088182
48217960700,0.074271
48217960800,0.065331
48217960900,0.095879
48217961000,0.082845
48217961100,0.124875
48217961400,0.039053
48221160100,0.091216
48221160204,0.072344
48221160206,0.137038
48221160210,0.086487
48221160211,0.161586
48221160212,0.139114
48221160213,0.07794
48221160214,0.066898
48221160215,0.251005
48221160216,0.046014
48221160217,0.162257
48221160218,0.214407
48221160302,0.043849
48221160303,0.055284
48223950100,0.064242
48223950200,0.092498
48223950301,0.045421
48223950302,0.139067
48223950401,0.060456
48223950402,0.080014
48223950500,0.098609
48223950600,0.030642
48223950700,0.015577
48223950800,0.042903
48225950101,0.120503
48225950102,0.104056
48225950200,0.212393
48225950300,0.145426
48225950400,0.182419
48225950500,0.059284
48225950600,0.171998
48225950700,0.092863
48227950100,0.097519
48227950200,0.03279
48227950300,0.038368
48227950400,0.082745
48227950500,0.126291
48227950600,0.031282
48227950700,0.009865
48227950801,0.082825
48227950802,0.098019
48227950900,0.055064
48231960100,0.049758
48231960200,0.0385
48231960300,0.016361
48231960400,0.103324
48231960500,0.067297
48231960600,0.100109
48231960700,0.032746
48231960800,0.134837
48231960900,0.159923
48231961000,0.091741
48231961101,0.140617
48231961102,0.076037
48231961200,0.063466
48231961300,0.051856
48231961401,0.053342
48231961402,0.066361
48231961501,0.094544
48231961502,0.114863
48231961503,0.109506
48231961600,0.13273
48231961700,0.027438
48235950100,0.151536
48237950100,0.149411
48237950300,0.179554
48237950500,0.134369
48239950100,0.027125
48239950200,0.095353
48239950300,0.023505
48247950200,0.079833
48247950400,0.027629
48249950101,0.05861
48249950102,0.033454
48249950201,0.062545
48249950202,0.120173
48249950301,0.024448
48249950302,0.097483
48249950303,0.127611
48249950400,0.025411
48249950500,0.049978
48249950600,0.070014
48249950700,0.043368
48251130100,0.109833
48251130205,0.057352
48251130210,0.020377
48251130211,0.039334
48251130212,0.103701
48251130213,0.06826
48251130214,0.142486
48251130215,0.054952
48251130216,0.008285
48251130217,0.008786
48251130218,0.121219
48251130219,0.019512
48251130220,0.02468
48251130221,0.031541
48251130222,0.023441
48251130302,0.065385
48251130303,0.126586
48251130304,0.08612
48251130405,0.007202
48251130406,0.03586
48251130411,0.043827
48251130412,0.088252
48251130413,0.15454
48251130414,0.081256
48251130415,0.12818
48251130416,0.009574
48251130417,0.07096
48251130418,0.029844
48251130419,0.034634
48251130501,0.030699
48251130502,0.015111
48251130602,0.050641
48251130603,0.176206
48251130604,0.102988
48251130700,0.006856
48251130800,0.075949
48251130900,0.041711
48251131000,0.002441
48251131100,0.141284
48253020101,0.223487
48253020102,0.04283
48253020200,0.115188
48253020300,0.045455
48253020400,0.023619
48253020500,0.037377
48255970100,0.13146
48255970200,0.035617
48255970301,0.134164
48255970302,0.13322
48255970400,0.051766
48257050204,0.012471
48257050207,0.005724
48257050208,0.019177
48257050209,0.004804
48257050210,0.011366
48257050211,0.009676
48257050212,0.026451
48257050213,0.009041
48257050214,0.004139
48257050215,0.02617
48257050300,0.161607
48257050401,0.115165
48257050402,0.018262
48257050500,0.097904
48257050601,0.054127
48257050602,0.079861
48257050701,0.038879
48257050703,0.065557
48257050704,0.091411
48257050801,0.046951
48257050802,0.043319
48257051000,0.154641
48257051100,0.09081
48257051201,0.056133
48257051202,0.059042
48257051301,0.095447
48257051302,0.031905
48259970101,0.14895
48259970102,0.009701
48259970301,0.059145
48259970302,0.172896
48259970403,0.121321
48259970404,0.041823
48259970405,0.030215
48259970406,0.061122
48259970500,0.12508
48261950100,0.077134
48263950100,0.108442
48265960101,0.075165
48265960102,0.073576
48265960200,0.035259
48265960301,0.116487
48265960303,0.19747
48265960304,0.057221
48265960401,0.207975
48265960403,0.209742
48265960404,0.185194
48265960500,0.057502
48265960601,0.152948
48265960602,0.190018
48265960700,0.177872
48265960800,0.061528
48267950100,0.071269
48267950200,0.134126
48269950100,0.102615
48271950100,0.023289
48273020101,0.037381
48273020102,0.04272
48273020200,0.055697
48273020301,0.020515
48273020302,0.145334
48273020401,0.061763
48273020402,0.194252
48273020501,0.044107
48273020502,0.073906
48275950100,0.065479
48275950200,0.039311
48277000101,0.145483
48277000102,0.084089
48277000200,0.018525
48277000301,0.067367
48277000302,0.048996
48277000401,0.106254
48277000402,0.213229
48277000500,0.117425
48277000600,0.135314
48277000700,0.100428
48277000800,0.079723
48277000900,0.105292
48277001000,0.067518
48281950100,0.04915
48281950302,0.125233
48281950303,0.121279
48281950304,0.087782
48281950400,0.136425
48281950500,0.104087
48283950301,0.095958
48283950302,0.158079
48285000100,0.053129
48285000200,0.072891
48285000300,0.027901
48285000400,0.112276
48285000500,0.089525
48285000600,0.149566
48287000100,0.037439
48287000200,0.041917
48287000300,0.044961
48287000400,0.067748
48289950101,0.077378
48289950102,0.06673
48289950201,0.055065
48289950202,0.031434
48289950301,0.077831
48289950302,0.149247
48291700100,0.039945
48291700200,0.121266
48291700301,0.034347
48291700302,0.015966
48291700303,0.07951
48291700400,0.111388
48291700500,0.063027
48291700900,0.048145
48291701000,0.099026
48293970100,0.126986
48293970200,0.036126
48293970300,0.150219
48293970400,0.070415
48293970500,0.149802
48293970600,0.097451
48293970700,0.029737
48293970800,0.04148
48297950100,0.115104
48297950200,0.060605
48297950300,0.078202
48297950400,0.127917
48299970100,0.201282
48299970200,0.079977
48299970300,0.148451
48299970401,0.231423
48299970402,0.062488
48299970501,0.023739
48299970502,0.065286
48299970600,0.091977
48303000100,0.017992
48303000201,0.015936
48303000202,0.059017
48303000301,0.014331
48303000303,0.027801
48303000304,0.059873
48303000402,0.064454
48303000403,0.036284
48303000406,0.047044
48303000407,0.091217
48303000408,0.021894
48303000409,0.01001
48303000410,0.032474
48303000411,0.022591
48303000501,0.03619
48303000502,0.101192
48303000503,0.102226
48303000603,0.034388
48303000605,0.045672
48303000607,0.084793
48303000700,0.056929
48303000901,0.037016
48303000902,0.049518
48303001000,0.037153
48303001200,0.012616
48303001300,0.054206
48303001401,0.067819
48303001402,0.112853
48303001501,0.092221
48303001502,0.015218
48303001601,0.04976
48303001602,0.037286
48303001708,0.043584
48303001709,0.007592
48303001710,0.034586
48303001711,0.018703
48303001712,0.015197
48303001713,0.015637
48303001714,0.021347
48303001715,0.048721
48303001716,0.010443
48303001717,0.003678
48303001804,0.059103
48303001805,0.034435
48303001806,0.021291
48303001807,0.018685
48303001808,0.0164
48303001904,0.015082
48303001905,0.041327
48303001906,0.018513
48303001907,0.013114
48303001908,0.017895
48303002001,0.013634
48303002002,0.006096
48303002102,0.019855
48303002103,0.009613
48303002104,0.003875
48303002203,0.007126
48303002205,0.025934
48303002206,0.011762
48303002207,0.304756
48303002208,0.024283
48303002301,0.01819
48303002302,0.128813
48303002401,0.050119
48303002402,0.017991
48303002500,0.055757
48303010101,0.074629
48303010102,0.080748
48303010201,0.055876
48303010202,0.078481
48303010203,0.030391
48303010204,0.028633
48303010301,0.037137
48303010302,0.101616
48303010402,0.095018
48303010404,0.045027
48303010409,0.017737
48303010410,0.042763
48303010411,0.009896
48303010412,0.148875
48303010413,0.030944
48303010414,0.011391
48303010415,0.043635
48303010416,0.036965
48303010417,0.02296
48303010418,0.047721
48303010419,0.028564
48303010420,0.035948
48303010421,0.012538
48303010422,0.044448
48303010423,0.032155
48303010502,0.04721
48303010504,0.017336
48303010505,0.018625
48303010506,0.052544
48303010509,0.033674
48303010510,0.040658
48303010511,0.016741
48303010512,0.023732
48303010513,0.098305
48303010514,0.018227
48303010601,0.064019
48303010602,0.242101
48303010700,0.12373
48303980000,0.102851
48305950400,0.079946
48305950500,0.068193
48305950600,0.050485
48307950300,0.114532
48307950400,0.105973
48307950500,0.170907
48309000100,0.07362
48309000200,0.071492
48309000300,0.052369
48309000401,0.069998
48309000402,0.061562
48309000598,0.068054
48309000700,0.031326
48309000800,0.050679
48309000900,0.041754
48309001000,0.009089
48309001100,0.004767
48309001200,0.065681
48309001300,0.018947
48309001401,0.017587
48309001402,0.023035
48309001500,0.019584
48309001600,0.047538
48309001700,0.086042
48309001800,0.109828
48309001900,0.038317
48309002000,0.054816
48309002100,0.07413
48309002302,0.088753
48309002498,0.080107
48309002501,0.065976
48309002503,0.047587
48309002504,0.045091
48309002600,0.008719
48309002700,0.013032
48309002800,0.004029
48309002900,0.037859
48309003000,0.004028
48309003200,0.128872
48309003300,0.043968
48309003401,0.060073
48309003402,0.126908
48309003500,0.076691
48309003601,0.009934
48309003602,0.145012
48309003701,0.158319
48309003703,0.116188
48309003708,0.014459
48309003709,0.049141
48309003710,0.033034
48309003711,0.006101
48309003712,0.048566
48309003801,0.050495
48309003802,0.029443
48309003901,0.136661
48309003902,0.130919
48309004000,0.034806
48309004102,0.006436
48309004104,0.009928
48309004105,0.009717
48309004201,0.041001
48309004202,0.14637
48309004300,0.046037
48309980000,0.039644
48311950100,0.053681
48313000100,0.062382
48313000200,0.129069
48313000300,0.10448
48313000400,0.09512
48317950100,0.060328
48317950200,0.070286
48319950100,0.075929
48319950200,0.085921
48321730100,0.185758
48321730202,0.035299
48321730203,0.103094
48321730204,0.257584
48321730301,0.203506
48321730302,0.290172
48321730303,0.020428
48321730400,0.088381
48321730502,0.043688
48321730503,0.191039
48321730600,0.045923
48321730700,0.036662
48323950204,0.036052
48323950206,0.030378
48323950207,0.029193
48323950208,0.16955
48323950209,0.02089
48323950301,0.085481
48323950302,0.07865
48323950400,0.140116
48323950500,0.062614
48323950601,0.075204
48323950602,0.010683
48323950701,0.041041
48323950702,0.066078
48325000101,0.051999
48325000103,0.120455
48325000104,0.171022
48325000200,0.03404
48325000301,0.10859
48325000302,0.062818
48325000401,0.113063
48325000402,0.038014
48325000500,0.052693
48325000801,0.093541
48325000802,0.133296
48327950300,0.106635
48329010123,0.072642
48329010124,0.088347
48329010128,0.059091
48329010129,0.02862
48331950100,0.016033
48331950300,0.13567
48331950401,0.070447
48331950402,0.071456
48331950500,0.098225
48331950700,0.075671
48331950800,0.046272
48333950100,0.017261
48333950200,0.129412
48335950200,0.087164
48335950400,0.098916
48337950100,0.054324
48337950200,0.117733
48337950401,0.14975
48337950402,0.057393
48337950501,0.098623
48337950502,0.095993
48337950600,0.014995
48339690101,0.010729
48339690102,0.063308
48339690203,0.048014
48339690204,0.011099
48339690205,0.007808
48339690206,0.01036
48339690207,0.23213
48339690300,0.062713
48339690403,0.021431
48339690404,0.184585
48339690405,0.125876
48339690406,0.008798
48339690407,0.012623
48339690408,0.015652
48339690501,0.011042
48339690502,0.012288
48339690503,0.017199
48339690603,0.003467
48339690604,0.010221
48339690605,0.07365
48339690606,0.004273
48339690607,0.011994
48339690608,0.014771
48339690609,0.009193
48339690610,0.062962
48339690701,0.02803
48339690702,0.018313
48339690800,0.020322
48339690900,0.004845
48339691000,0.009758
48339691100,0.005595
48339691201,0.093107
48339691202,0.010637
48339691301,0.01027
48339691302,0.006823
48339691401,0.015738
48339691402,0.056223
48339691403,0.065404
48339691500,0.012547
48339691601,0.008182
48339691602,0.029554
48339691700,0.036406
48339691801,0.011967
48339691802,0.018234
48339691900,0.127883
48339692003,0.033976
48339692004,0.033717
48339692005,0.004733
48339692006,0.02214
48339692007,0.028088
48339692008,0.060414
48339692009,0.021491
48339692010,0.063015
48339692101,0.038109
48339692102,0.136882
48339692103,0.05885
48339692201,0.016636
48339692202,0.009246
48339692301,0.178155
48339692302,0.006673
48339692303,0.031501
48339692304,0.004422
48339692401,0.034194
48339692402,0.034499
48339692501,0.053678
48339692502,0.020223
48339692601,0.021007
48339692603,0.011054
48339692604,0.039149
48339692605,0.047537
48339692701,0.014184
48339692702,0.039429
48339692802,0.041174
48339692803,0.048724
48339692804,0.010772
48339692900,0.034055
48339693001,0.107536
48339693002,0.058694
48339693102,0.07133
48339693103,0.136349
48339693104,0.058965
48339693201,0.021948
48339693202,0.037185
48339693301,0.110468
48339693302,0.01733
48339693303,0.070352
48339693304,0.076048
48339693401,0.052196
48339693402,0.043806
48339693501,0.082649
48339693502,0.214737
48339693503,0.059635
48339693600,0.05474
48339693701,0.062792
48339693702,0.011309
48339693703,0.072003
48339693800,0.058159
48339693901,0.106409
48339693902,0.170056
48339693903,0.250637
48339693904,0.031289
48339694001,0.011773
48339694002,0.083276
48339694103,0.008079
48339694104,0.017201
48339694105,0.09546
48339694106,0.082514
48339694107,0.099625
48339694203,0.045127
48339694204,0.024001
48339694205,0.168165
48339694206,0.064433
48339694207,0.039388
48339694208,0.016853
48339694209,0.015036
48339694210,0.030657
48339694303,0.011843
48339694304,0.020662
48339694305,0.031297
48339694306,0.061672
48339694307,0.088564
48339694308,0.082183
48339694309,0.044235
48339694401,0.020091
48339694402,0.04527
48339694403,0.085336
48339694501,0.013714
48339694502,0.025758
48339694503,0.016957
48339694601,0.019394
48339694602,0.011223
48339694603,0.082752
48339694700,0.034622
48347950200,0.109766
48349970100,0.093328
48349970200,0.046933
48349970301,0.04991
48349970302,0.145761
48349970400,0.029944
48349970500,0.009577
48349970600,0.089523
48349970701,0.084792
48349970800,0.091285
48349970901,0.060676
48349970902,0.133849
48349971000,0.103226
48353950100,0.07483
48353950200,0.125824
48353950300,0.094572
48353950400,0.045343
48353950500,0.039328
48355000500,0.170082
48355000601,0.188173
48355000602,0.037812
48355000700,0.02232
48355000800,0.033825
48355000900,0.022778
48355001000,0.061636
48355001100,0.081647
48355001201,0.019798
48355001202,0.01774
48355001300,0.013718
48355001400,0.010708
48355001500,0.018237
48355001601,0.008285
48355001602,0.013173
48355001702,0.105052
48355001703,0.019284
48355001704,0.002596
48355001801,0.023088
48355001802,0.065241
48355001903,0.036412
48355001904,0.009775
48355001905,0.09943
48355001906,0.172613
48355002001,0.040414
48355002002,0.009765
48355002101,0.005075
48355002102,0.009947
48355002200,0.006294
48355002301,0.019633
48355002303,0.034926
48355002304,0.036134
48355002400,0.032851
48355002500,0.013324
48355002601,0.04728
48355002602,0.007344
48355002603,0.005709
48355002703,0.117628
48355002705,0.009717
48355002706,0.151849
48355002707,0.034564
48355002708,0.082276
48355002900,0.316648
48355003002,0.01239
48355003003,0.099778
48355003004,0.02429
48355003101,0.003423
48355003102,0.007776
48355003202,0.039227
48355003204,0.059412
48355003205,0.055058
48355003206,0.040916
48355003303,0.060307
48355003304,0.074676
48355003305,0.027036
48355003306,0.026374
48355003401,0.037447
48355003402,0.03864
48355003500,0.076935
48355003601,0.028668
48355003602,0.027721
48355003603,0.034679
48355003700,0.018386
48355005103,0.116915
48355005104,0.107379
48355005404,0.004677
48355005406,0.03947
48355005407,0.04301
48355005408,0.046154
48355005409,0.018791
48355005410,0.012683
48355005411,0.067795
48355005412,0.004209
48355005413,0.052033
48355005414,0.004966
48355005415,0.01175
48355005416,0.028721
48355005417,0.014323
48355005603,0.035911
48355005604,0.124447
48355005605,0.079881
48355005606,0.113052
48355005801,0.067975
48355005803,0.066626
48355005804,0.047244
48355005900,0.022833
48355006000,0.047718
48355006100,0.072815
48355006201,0.004224
48355006202,0.030959
48355006203,0.062715
48355006204,0.006454
48355006205,0.119342
48355006300,0.136836
48355006400,0.074839
48355980000,0.120429
48363000100,0.10466
48363000200,0.125366
48363000300,0.086698
48363000401,0.125534
48363000402,0.082252
48363000500,0.310541
48363000600,0.101955
48363000700,0.086897
48363000800,0.128314
48363000900,0.276306
48367140101,0.079151
48367140102,0.025948
48367140201,0.084213
48367140202,0.042836
48367140300,0.051169
48367140403,0.034084
48367140408,0.080051
48367140409,0.085033
48367140410,0.069318
48367140411,0.103985
48367140412,0.184089
48367140413,0.019775
48367140414,0.007254
48367140415,0.021969
48367140416,0.03398
48367140502,0.124915
48367140503,0.017314
48367140504,0.049705
48367140601,0.083745
48367140603,0.09482
48367140604,0.115756
48367140707,0.085573
48367140708,0.136965
48367140709,0.094952
48367140710,0.175563
48367140711,0.105554
48367140712,0.06743
48367140713,0.065288
48367140714,0.043098
48371950100,0.037042
48373210203,0.009051
48373210204,0.075892
48373210205,0.25583
48373210206,0.137013
48373210301,0.092138
48373210302,0.038667
48373210402,0.021237
48379950101,0.025653
48379950102,0.089552
48379950200,0.160368
48383950100,0.104305
48385950100,0.067514
48387950100,0.029348
48387950501,0.115543
48387950502,0.115384
48387950600,0.036218
48387950700,0.012698
48391950200,0.075634
48391950400,0.13428
48395960100,0.085595
48395960200,0.0383
48395960300,0.064296
48395960400,0.062904
48395960501,0.161532
48395960502,0.077614
48397040101,0.05724
48397040103,0.140047
48397040104,0.082232
48397040201,0.056382
48397040202,0.111365
48397040203,0.021989
48397040301,0.094275
48397040303,0.083522
48397040304,0.040487
48397040305,0.038883
48397040403,0.156827
48397040404,0.1235
48397040405,0.100551
48397040406,0.281891
48397040407,0.132788
48397040408,0.051823
48397040409,0.026412
48397040410,0.051391
48397040411,0.035017
48397040412,0.051198
48397040503,0.040453
48397040507,0.010314
48397040508,0.075627
48397040509,0.080085
48397040510,0.065628
48397040511,0.012032
48397040512,0.037768
48397040513,0.070058
48397040514,0.026403
48399950100,0.089938
48399950200,0.146956
48399950500,0.059339
48399950600,0.077085
48401950200,0.044631
48401950300,0.153314
48401950400,0.068781
48401950501,0.059066
48401950502,0.222592
48401951000,0.063905
48401951100,0.102901
48407200103,0.068186
48407200104,0.047369
48407200105,0.058238
48407200106,0.008241
48407200107,0.107543
48407200201,0.095767
48407200202,0.307192
48407200301,0.038564
48407200302,0.017932
48409010201,0.117181
48409010202,0.082653
48409010301,0.050044
48409010302,0.093079
48409010500,0.029581
48409010601,0.016971
48409010602,0.005516
48409010603,0.014625
48409010604,0.040846
48409010700,0.053716
48409010800,0.056579
48409010900,0.083277
48409011000,0.106723
48409011100,0.18479
48409011200,0.0409
48409011300,0.052751
48411950100,0.099446
48411950200,0.063297
48413950300,0.023525
48415950100,0.190724
48415950200,0.068952
48415950300,0.070568
48415950600,0.089488
48417950300,0.102824
48423000100,0.165105
48423000201,0.096348
48423000202,0.092496
48423000300,0.072705
48423000400,0.147057
48423000500,0.050425
48423000600,0.119613
48423000700,0.123024
48423000800,0.064344
48423000900,0.120336
48423001000,0.031333
48423001101,0.091642
48423001102,0.172196
48423001200,0.234757
48423001300,0.152397
48423001404,0.055967
48423001405,0.040165
48423001406,0.047425
48423001407,0.118774
48423001408,0.081407
48423001501,0.071976
48423001502,0.030635
48423001602,0.127019
48423001605,0.15465
48423001606,0.176346
48423001607,0.135053
48423001608,0.153853
48423001701,0.073443
48423001702,0.033445
48423001803,0.11609
48423001804,0.050107
48423001805,0.23615
48423001806,0.12508
48423001807,0.106676
48423001906,0.05963
48423001909,0.049425
48423001910,0.017581
48423001911,0.033529
48423001912,0.232142
48423001913,0.198621
48423001914,0.097925
48423001915,0.032721
48423001916,0.017446
48423001917,0.091091
48423002003,0.117521
48423002004,0.056834
48423002006,0.053482
48423002009,0.092463
48423002010,0.011816
48423002011,0.046351
48423002012,0.067385
48423002013,0.098978
48423002101,0.073466
48423002102,0.069575
48423002200,0.044116
48423980000,0.123049
48425000101,0.056738
48425000102,0.065915
48425000200,0.08889
48427950101,0.185278
48427950104,0.018434
48427950105,0.070603
48427950106,0.142832
48427950107,0.132149
48427950108,0.009991
48427950202,0.053935
48427950203,0.126268
48427950204,0.085343
48427950402,0.126914
48427950403,0.308577
48427950404,0.215453
48427950500,0.09166
48427950601,0.168447
48427950602,0.140735
48427950701,0.071852
48427950702,0.122039
48429950200,0.121387
48429950300,0.128057
48429950500,0.11285
48431950100,0.12902
48433950300,0.049748
48435950300,0.047838
48439100101,0.064297
48439100102,0.045602
48439100201,0.01019
48439100202,0.100091
48439100300,0.059049
48439100401,0.119378
48439100402,0.110373
48439100503,0.101702
48439100504,0.163307
48439100505,0.021524
48439100506,0.005778
48439100601,0.050316
48439100602,0.145515
48439100700,0.117044
48439100800,0.083636
48439100900,0.07775
48439101201,0.021954
48439101202,0.039139
48439101301,0.007357
48439101302,0.059848
48439101401,0.033017
48439101402,0.044363
48439101403,0.048204
48439101500,0.10022
48439101700,0.029048
48439102000,0.04288
48439102101,0.071893
48439102102,0.015856
48439102201,0.021989
48439102202,0.014458
48439102301,0.056398
48439102302,0.146111
48439102401,0.032583
48439102402,0.092841
48439102500,0.0096
48439102601,0.03881
48439102602,0.026498
48439102700,0.007274
48439103500,0.010319
48439103601,0.003601
48439103602,0.047768
48439103701,0.004345
48439103702,0.008748
48439103800,0.069351
48439104100,0.160428
48439104202,0.013073
48439104203,0.002976
48439104204,0.017825
48439104301,0.010725
48439104302,0.009399
48439104400,0.003964
48439104502,0.029566
48439104503,0.01897
48439104504,0.017333
48439104505,0.035036
48439104601,0.022107
48439104602,0.008598
48439104603,0.047339
48439104604,0.013376
48439104605,0.043424
48439104701,0.00765
48439104702,0.124376
48439104802,0.005905
48439104803,0.015625
48439104804,0.006787
48439104900,0.026879
48439105007,0.026625
48439105008,0.031934
48439105009,0.028149
48439105201,0.031227
48439105203,0.13762
48439105204,0.058072
48439105206,0.089864
48439105207,0.028907
48439105403,0.014857
48439105404,0.015149
48439105405,0.04643
48439105407,0.171746
48439105408,0.017001
48439105502,0.008097
48439105503,0.016398
48439105505,0.014469
48439105511,0.007975
48439105512,0.014364
48439105513,0.039775
48439105514,0.076631
48439105515,0.003744
48439105516,0.016602
48439105517,0.050086
48439105518,0.036711
48439105519,0.016793
48439105520,0.03152
48439105600,0.027195
48439105701,0.040137
48439105703,0.023343
48439105705,0.008333
48439105706,0.009196
48439105800,0.02811
48439105901,0.033212
48439105902,0.011692
48439106002,0.058665
48439106004,0.01176
48439106005,0.030407
48439106006,0.00166
48439106101,0.052385
48439106102,0.10064
48439106201,0.030599
48439106202,0.020362
48439106300,0.007403
48439106400,0.060891
48439106502,0.023928
48439106503,0.021856
48439106507,0.023749
48439106509,0.041579
48439106512,0.021878
48439106513,0.092032
48439106514,0.015722
48439106515,0.004248
48439106518,0.014659
48439106519,0.016934
48439106520,0.078452
48439106521,0.012864
48439106522,0.010905
48439106523,0.025242
48439106524,0.022583
48439106525,0.007001
48439106526,0.017341
48439106600,0.039693
48439106700,0.030111
48439110102,0.059339
48439110103,0.039125
48439110104,0.087772
48439110202,0.081194
48439110204,0.006164
48439110205,0.014704
48439110206,0.052349
48439110301,0.04947
48439110302,0.070979
48439110401,0.033284
48439110402,0.069695
48439110500,0.200944
48439110600,0.167382
48439110703,0.032514
48439110704,0.048909
48439110705,0.009681
48439110706,0.026892
48439110805,0.104615
48439110806,0.013509
48439110807,0.042876
48439110808,0.089056
48439110809,0.087374
48439110901,0.07662
48439110903,0.062695
48439110905,0.067178
48439110906,0.099013
48439110907,0.065536
48439111003,0.018893
48439111010,0.043812
48439111015,0.026794
48439111018,0.049644
48439111019,0.015209
48439111020,0.00708
48439111021,0.015381
48439111022,0.011733
48439111023,0.00529
48439111024,0.006782
48439111025,0.020508
48439111026,0.010335
48439111027,0.038804
48439111028,0.003836
48439111029,0.021716
48439111030,0.016069
48439111031,0.059982
48439111032,0.006393
48439111033,0.011473
48439111102,0.067869
48439111103,0.183729
48439111104,0.159145
48439111202,0.082376
48439111203,0.034876
48439111204,0.00588
48439111304,0.009743
48439111306,0.014473
48439111307,0.058233
48439111308,0.010417
48439111309,0.01275
48439111311,0.008202
48439111312,0.022193
48439111314,0.042825
48439111315,0.018953
48439111316,0.005103
48439111317,0.017293
48439111318,0.012349
48439111319,0.029084
48439111320,0.009568
48439111402,0.007642
48439111405,0.126024
48439111406,0.022211
48439111407,0.010278
48439111408,0.035151
48439111409,0.011851
48439111410,0.037715
48439111411,0.075592
48439111505,0.074651
48439111506,0.039197
48439111513,0.022607
48439111514,0.018646
48439111516,0.046219
48439111522,0.004792
48439111525,0.032463
48439111526,0.0822
48439111529,0.018896
48439111530,0.018045
48439111531,0.04979
48439111532,0.00999
48439111533,0.019626
48439111534,0.006323
48439111536,0.047759
48439111538,0.043869
48439111540,0.007547
48439111541,0.005791
48439111542,0.008889
48439111543,0.007979
48439111544,0.006369
48439111545,0.017305
48439111546,0.033623
48439111551,0.005267
48439111552,0.011669
48439111553,0.04269
48439111554,0.010258
48439111555,0.01536
48439111556,0.055751
48439111557,0.003571
48439111558,0.006286
48439111559,0.101103
48439111560,0.005944
48439111561,0.003855
48439111562,0.095602
48439111563,0.050664
48439111564,0.066744
48439111565,0.029535
48439111566,0.017227
48439111567,0.010829
48439111568,0.050691
48439111569,0.040889
48439111570,0.020931
48439111571,0.03844
48439111572,0.02157
48439113003,0.026778
48439113004,0.095535
48439113005,0.185485
48439113006,0.007049
48439113007,0.021602
48439113102,0.013895
48439113104,0.012907
48439113107,0.008529
48439113108,0.005213
48439113109,0.031874
48439113110,0.033824
48439113112,0.012254
48439113115,0.048565
48439113116,0.034518
48439113117,0.010714
48439113118,0.021342
48439113119,0.016674
48439113120,0.004945
48439113121,0.108553
48439113122,0.07377
48439113206,0.086041
48439113207,0.00937
48439113210,0.134466
48439113212,0.032925
48439113213,0.031635
48439113214,0.006546
48439113215,0.008085
48439113216,0.007746
48439113217,0.030975
48439113218,0.00721
48439113221,0.092543
48439113222,0.075411
48439113223,0.046403
48439113301,0.09637
48439113302,0.067786
48439113403,0.018508
48439113404,0.016232
48439113407,0.089634
48439113408,0.059963
48439113409,0.094071
48439113410,0.163798
48439113509,0.018948
48439113510,0.008255
48439113511,0.055851
48439113512,0.015509
48439113513,0.06745
48439113514,0.052681
48439113516,0.0116
48439113517,0.024461
48439113519,0.012727
48439113520,0.029218
48439113521,0.030006
48439113522,0.013771
48439113607,0.024424
48439113611,0.077911
48439113612,0.042092
48439113613,0.025002
48439113618,0.008193
48439113619,0.053198
48439113622,0.074025
48439113623,0.019844
48439113624,0.004573
48439113625,0.011876
48439113626,0.010445
48439113628,0.112273
48439113629,0.014767
48439113630,0.054182
48439113632,0.012447
48439113633,0.007165
48439113634,0.021441
48439113635,0.169836
48439113636,0.046958
48439113637,0.053289
48439113638,0.025584
48439113639,0.02249
48439113640,0.015505
48439113707,0.064778
48439113709,0.020761
48439113710,0.004545
48439113711,0.069139
48439113712,0.042019
48439113713,0.030648
48439113714,0.010269
48439113715,0.040354
48439113716,0.05645
48439113803,0.098532
48439113808,0.010156
48439113809,0.023397
48439113810,0.015831
48439113811,0.088084
48439113812,0.014982
48439113813,0.01094
48439113814,0.011077
48439113815,0.012876
48439113816,0.014678
48439113906,0.013825
48439113908,0.016671
48439113912,0.010748
48439113916,0.013319
48439113917,0.011015
48439113918,0.061361
48439113919,0.020655
48439113920,0.026335
48439113923,0.014289
48439113924,0.002686
48439113925,0.008464
48439113930,0.007672
48439113931,0.029943
48439113932,0.015398
48439113933,0.036399
48439113934,0.004557
48439113935,0.028577
48439113936,0.025252
48439113937,0.047185
48439113938,0.00529
48439113939,0.002767
48439113940,0.02371
48439113941,0.029029
48439113942,0.009723
48439113943,0.013895
48439113944,0.009521
48439113945,0.014671
48439113946,0.011497
48439113947,0.008906
48439113948,0.012991
48439113949,0.003917
48439113950,0.020087
48439113951,0.012181
48439113952,0.007486
48439113953,0.064377
48439113954,0.015373
48439113955,0.008105
48439113956,0.026655
48439113957,0.015316
48439113958,0.041092
48439114003,0.104394
48439114006,0.055852
48439114009,0.005371
48439114010,0.006275
48439114011,0.019776
48439114012,0.006372
48439114013,0.034792
48439114014,0.011701
48439114015,0.099472
48439114105,0.066567
48439114106,0.047996
48439114107,0.024383
48439114108,0.012124
48439114109,0.00485
48439114110,0.0518
48439114111,0.015631
48439114112,0.01876
48439114113,0.002012
48439114203,0.010869
48439114204,0.080996
48439114205,0.036826
48439114206,0.052286
48439114207,0.023123
48439121605,0.039775
48439121606,0.050616
48439121608,0.005964
48439121609,0.029809
48439121610,0.012354
48439121611,0.028628
48439121612,0.174244
48439121613,0.321958
48439121614,0.088283
48439121615,0.180959
48439121702,0.01932
48439121703,0.011298
48439121704,0.014129
48439121904,0.069999
48439121905,0.036524
48439121906,0.047554
48439121907,0.005415
48439121908,0.092075
48439122001,0.02101
48439122002,0.026902
48439122100,0.005223
48439122200,0.050012
48439122300,0.010735
48439122401,0.018214
48439122402,0.008632
48439122500,0.021687
48439122600,0.041357
48439122701,0.027738
48439122702,0.070038
48439122801,0.038328
48439122802,0.015478
48439122901,0.01175
48439122902,0.075928
48439123001,0.212616
48439123002,0.051729
48439123100,0.125086
48439123200,0.060775
48439123301,0.099152
48439123302,0.120792
48439123500,0.044928
48439123600,0.048831
48439123700,0.007431
48439980000,0.21579
48441010100,0.020885
48441010200,0.030155
48441010300,0.013405
48441010400,0.005462
48441010500,0.018054
48441010600,0.012648
48441010700,0.003874
48441010800,0.09673
48441010900,0.083781
48441011000,0.045789
48441011200,0.066248
48441011300,0.011886
48441011400,0.076372
48441011500,0.009674
48441011600,0.008649
48441011700,0.143563
48441011900,0.041679
48441012000,0.052894
48441012100,0.023257
48441012200,0.058613
48441012300,0.004114
48441012400,0.057605
48441012500,0.020319
48441012600,0.038968
48441012701,0.012575
48441012702,0.080835
48441012801,0.059289
48441012802,0.046459
48441012900,0.013672
48441013000,0.091096
48441013100,0.050921
48441013200,0.104113
48441013300,0.072091
48441013401,0.064692
48441013402,0.038576
48441013404,0.03458
48441013501,0.099235
48441013502,0.102215
48441013601,0.033951
48441013602,0.062189
48441980000,0.221917
48443950100,0.078294
48447950300,0.050168
48449950100,0.085492
48449950200,0.140836
48449950301,0.03324
48449950302,0.089773
48449950400,0.122644
48449950500,0.096721
48449950600,0.070806
48449950700,0.16557
48449950800,0.231606
48451000100,0.08676
48451000200,0.230671
48451000300,0.044399
48451000400,0.04937
48451000700,0.082003
48451000801,0.074765
48451000802,0.005503
48451000900,0.038551
48451001000,0.165353
48451001101,0.050505
48451001102,0.047751
48451001200,0.003759
48451001301,0.030183
48451001303,0.028333
48451001304,0.038609
48451001401,0.044833
48451001402,0.069075
48451001500,0.138907
48451001600,0.068722
48451001702,0.191948
48451001706,0.015602
48451001707,0.055889
48451001708,0.176534
48451001709,0.075243
48451001710,0.022888
48451001800,0.07519
48451980000,0.05819
48453000101,0.042772
48453000102,0.047484
48453000203,0.012688
48453000204,0.013457
48453000205,0.010046
48453000206,0.013075
48453000302,0.015667
48453000304,0.018494
48453000305,0.068685
48453000307,0.029371
48453000308,0.120728
48453000309,0.032704
48453000401,0.039354
48453000402,0.020361
48453000500,0.00983
48453000601,0.002793
48453000605,0.043041
48453000606,0.055182
48453000607,0.004924
48453000608,0.036529
48453000700,0.041857
48453000801,0.074336
48453000802,0.042951
48453000803,0.022533
48453000804,0.039181
48453000901,0.087343
48453000902,0.027874
48453001000,0.020863
48453001101,0.020804
48453001102,0.112663
48453001103,0.046931
48453001200,0.011829
48453001304,0.100557
48453001307,0.007161
48453001308,0.016818
48453001309,0.063689
48453001310,0.103201
48453001311,0.010773
48453001312,0.010853
48453001401,0.014706
48453001402,0.045156
48453001403,0.057734
48453001501,0.007869
48453001503,0.024722
48453001504,0.006814
48453001505,0.021857
48453001602,0.022431
48453001603,0.03222
48453001604,0.038332
48453001605,0.015727
48453001606,0.084395
48453001910,0.071058
48453001911,0.080084
48453001912,0.083216
48453001913,0.112255
48453001914,0.022239
48453001915,0.021828
48453001916,0.017741
48453001917,0.184038
48453001918,0.055594
48453001919,0.027573
48453001920,0.058683
48453001921,0.112372
48453001922,0.105255
48453001923,0.165689
48453002002,0.009512
48453002003,0.007186
48453002004,0.027359
48453002006,0.013034
48453002007,0.044272
48453002104,0.009305
48453002105,0.013912
48453002106,0.00698
48453002107,0.007487
48453002108,0.020117
48453002109,0.01584
48453002110,0.059953
48453002111,0.031653
48453002112,0.018536
48453002113,0.004982
48453002201,0.01652
48453002211,0.009521
48453002213,0.012451
48453002214,0.037024
48453002215,0.036991
48453002216,0.023876
48453002217,0.144369
48453002218,0.24142
48453002219,0.041397
48453002220,0.029011
48453002221,0.012307
48453002222,0.016629
48453002304,0.039219
48453002307,0.043981
48453002310,0.08547
48453002313,0.040413
48453002314,0.006228
48453002315,0.033154
48453002316,0.038348
48453002319,0.176507
48453002320,0.055814
48453002321,0.0323
48453002322,0.027711
48453002323,0.018701
48453002324,0.034915
48453002325,0.030599
48453002326,0.313254
48453002327,0.03553
48453002403,0.022877
48453002407,0.021516
48453002409,0.01237
48453002410,0.015218
48453002411,0.022997
48453002412,0.021484
48453002413,0.014726
48453002419,0.005732
48453002422,0.044086
48453002423,0.014404
48453002424,0.049805
48453002430,0.004128
48453002432,0.068199
48453002434,0.104788
48453002436,0.123561
48453002437,0.036677
48453002438,0.009304
48453002439,0.006972
48453002440,0.006673
48453002441,0.01059
48453002442,0.016439
48453002443,0.065741
48453002444,0.043068
48453002445,0.015123
48453002446,0.037597
48453002447,0.066217
48453002448,0.02185
48453002449,0.033564
48453002450,0.13756
48453002451,0.071393
48453002452,0.037521
48453002453,0.065305
48453002500,0.041834
48453030000,0.057886
48453030100,0.086061
48453030200,0.013442
48453030300,0.011456
48453030400,0.012516
48453030500,0.02045
48453030600,0.026486
48453030700,0.019198
48453030800,0.021713
48453030900,0.023682
48453031000,0.016968
48453031100,0.160828
48453031200,0.028656
48453031300,0.010345
48453031400,0.018012
48453031500,0.010723
48453031600,0.03066
48453031700,0.009456
48453031800,0.025269
48453031900,0.032116
48453032000,0.024999
48453032100,0.01465
48453032200,0.018778
48453032300,0.067678
48453032400,0.033313
48453032500,0.022625
48453032600,0.006177
48453032700,0.01322
48453032800,0.2135
48453032900,0.032114
48453033000,0.076251
48453033100,0.057985
48453033200,0.033594
48453033300,0.031927
48453033400,0.025563
48453033500,0.026136
48453033600,0.145072
48453033700,0.005107
48453033800,0.015932
48453033900,0.014559
48453034000,0.084524
48453034100,0.006311
48453034200,0.049454
48453034300,0.00735
48453034400,0.005388
48453034500,0.026499
48453034600,0.052815
48453034700,0.026128
48453034800,0.023591
48453034900,0.021932
48453035000,0.018025
48453035100,0.017539
48453035200,0.057944
48453035300,0.247457
48453035400,0.061269
48453035500,0.004042
48453035600,0.177243
48453035700,0.037892
48453035800,0.027995
48453035900,0.049927
48453036000,0.022878
48453036100,0.033203
48453036200,0.010145
48453036300,0.047689
48453036400,0.171777
48453036500,0.158145
48453036600,0.120155
48453036700,0.099852
48453036800,0.062272
48453036900,0.06452
48453037000,0.129868
48453037100,0.249845
48453037200,0.005043
48453037300,0.016705
48453037400,0.180872
48453037500,0.115655
48453037600,0.012141
48453040000,0.031995
48453040100,0.058523
48453040200,0.008919
48453040300,0.018842
48453040400,0.023841
48453040500,0.010962
48453040600,0.053413
48453040700,0.0228
48453040800,0.011479
48453040900,0.174604
48453041000,0.151495
48453041100,0.200702
48453041200,0.037561
48453041300,0.005755
48453041400,0.035993
48453041500,0.057405
48453041600,0.035077
48453041700,0.030273
48453041800,0.030273
48453041900,0.067445
48453042000,0.030241
48453042100,0.024781
48453042200,0.031189
48453042300,0.030273
48453042400,0.026783
48453042500,0.010514
48453042600,0.024432
48453042700,0.002523
48453042800,0.007708
48453042900,0.018787
48453043000,0.017775
48453043100,0.086337
48453043200,0.194947
48453043300,0.018384
48453043400,0.019376
48453043500,0.059991
48453043600,0.014509
48453043700,0.056001
48453043800,0.008112
48453043900,0.006152
48453044000,0.013327
48453044100,0.01072
48453044200,0.01746
48453044300,0.013794
48453044400,0.013835
48453044500,0.011404
48453044600,0.003735
48453044700,0.010295
48453044800,0.025591
48453044900,0.088379
48453045000,0.004557
48453045100,0.049356
48453045200,0.020461
48453045300,0.021733
48453045400,0.054117
48453045500,0.006907
48453045600,0.068518
48453045700,0.084716
48453045800,0.136235
48453045900,0.158465
48453046000,0.051804
48453046100,0.040905
48453046200,0.078451
48453046300,0.023438
48453046400,0.007415
48453046500,0.029887
48453046600,0.028554
48453046700,0.040081
48453046800,0.011236
48453046900,0.006457
48453047000,0.032706
48453980000,0.118348
48455950100,0.125293
48455950200,0.052771
48455950300,0.132658
48455950400,0.086628
48455950500,0.080084
48459950101,0.047598
48459950102,0.180578
48459950200,0.058451
48459950301,0.07814
48459950302,0.043571
48459950400,0.159458
48459950501,0.06854
48459950502,0.032211
48459950600,0.045189
48459950700,0.114984
48461950100,0.085464
48463950100,0.063585
48463950201,0.113918
48463950202,0.042146
48463950300,0.076825
48463950400,0.085354
48463950500,0.090045
48465950202,0.068451
48465950203,0.108705
48465950301,0.043981
48465950302,0.098518
48465950400,0.096301
48465950501,0.072498
48465950502,0.068928
48465950601,0.301887
48465950602,0.118668
48465950701,0.083696
48465950702,0.082894
48465950801,0.238874
48465950802,0.13494
48465980000,0.047168
48467950100,0.036738
48467950200,0.05214
48467950300,0.093357
48467950400,0.03411
48467950500,0.034113
48467950601,0.127385
48467950602,0.06523
48467950700,0.102889
48467950801,0.047692
48467950802,0.07431
48467950901,0.025335
48467950902,0.190034
48467951001,0.026579
48467951002,0.036485
48469000100,0.201835
48469000201,0.174832
48469000202,0.0331
48469000301,0.133274
48469000302,0.138054
48469000400,0.115456
48469000501,0.085174
48469000502,0.00909
48469000601,0.066559
48469000602,0.072213
48469000700,0.032492
48469000800,0.036489
48469001300,0.113691
48469001401,0.17059
48469001402,0.025805
48469001501,0.153036
48469001503,0.103363
48469001504,0.098162
48469001601,0.022088
48469001604,0.002119
48469001605,0.111588
48469001607,0.13051
48469001608,0.036456
48469001700,0.046991
48469980000,0.307867
48471790101,0.017027
48471790102,0.057263
48471790103,0.134673
48471790200,0.071298
48471790301,0.057179
48471790302,0.051163
48471790401,0.198715
48471790402,0.063581
48471790500,0.085666
48471790600,0.051926
48471790700,0.05285
48471790800,0.071595
48473680100,0.057563
48473680201,0.017662
48473680202,0.104871
48473680301,0.03174
48473680302,0.085045
48473680303,0.034723
48473680501,0.035986
48473680502,0.062571
48473680601,0.163407
48473680602,0.021384
48473980000,0.040708
48477170100,0.151674
48477170201,0.073482
48477170202,0.120648
48477170300,0.067666
48477170400,0.083725
48477170501,0.083229
48477170502,0.119821
48477170601,0.071698
48477170602,0.212756
48479000101,0.065298
48479000105,0.084908
48479000106,0.058678
48479000107,0.019466
48479000108,0.00284
48479000109,0.197311
48479000200,0.053811
48479000300,0.031673
48479000601,0.013713
48479000602,0.031739
48479000700,0.071791
48479000800,0.002283
48479000901,0.00833
48479000903,0.076703
48479000904,0.000553
48479001001,0.002591
48479001003,0.044422
48479001004,0.037946
48479001101,0.077802
48479001103,0.109813
48479001104,0.017741
48479001105,0.132327
48479001201,0.046097
48479001202,0.023112
48479001300,0.055502
48479001401,0.034374
48479001402,0.017904
48479001501,0.109052
48479001502,0.047677
48479001601,0.016884
48479001602,0.026002
48479001706,0.036323
48479001709,0.007218
48479001710,0.174548
48479001711,0.043866
48479001714,0.072546
48479001715,0.119828
48479001716,0.004443
48479001717,0.141976
48479001718,0.020986
48479001719,0.00445
48479001720,0.119191
48479001721,0.010335
48479001722,0.021035
48479001723,0.015845
48479001724,0.038601
48479001725,0.024077
48479001726,0.046803
48479001727,0.011828
48479001806,0.039364
48479001809,0.100882
48479001810,0.224339
48479001811,0.109543
48479001813,0.266618
48479001815,0.078467
48479001816,0.169276
48479001818,0.231831
48479001819,0.137218
48479001820,0.117322
48479001821,0.000917
48479001822,0.005669
48479001823,0.002578
48479001824,0.074208
48479001825,0.039687
48479001826,0.07232
48479001827,0.140395
48479001828,0.022655
48479001900,0.011003
48479980000,0.078942
48481740100,0.023381
48481740200,0.09313
48481740300,0.042398
48481740400,0.088708
48481740500,0.026597
48481740600,0.099208
48481740700,0.111776
48481740800,0.13292
48481740901,0.038865
48481740902,0.124547
48481741000,0.061398
48481741100,0.103587
48489950300,0.128507
48489950400,0.043074
48489950500,0.035906
48489950600,0.11572
48489950700,0.041811
48491020106,0.045862
48491020108,0.030812
48491020109,0.029297
48491020111,0.034384
48491020113,0.032638
48491020114,0.09154
48491020115,0.012667
48491020116,0.062807
48491020117,0.193905
48491020118,0.075296
48491020119,0.01729
48491020120,0.049238
48491020121,0.085004
48491020122,0.110551
48491020123,0.089832
48491020124,0.148562
48491020201,0.039547
48491020203,0.016564
48491020205,0.041438
48491020206,0.140171
48491020207,0.137037
48491020208,0.237579
48491020310,0.007791
48491020311,0.056871
48491020319,0.007671
48491020321,0.113391
48491020323,0.005034
48491020325,0.076905
48491020326,0.006638
48491020327,0.105397
48491020329,0.063018
48491020330,0.063183
48491020331,0.092383
48491020332,0.061338
48491020333,0.005583
48491020334,0.012046
48491020335,0.010787
48491020336,0.015264
48491020337,0.005025
48491020338,0.008165
48491020339,0.009956
48491020340,0.012525
48491020341,0.01945
48491020342,0.163015
48491020343,0.007961
48491020344,0.113628
48491020345,0.009627
48491020346,0.018313
48491020347,0.010863
48491020348,0.021601
48491020349,0.058624
48491020350,0.003663
48491020351,0.020834
48491020352,0.048977
48491020353,0.01534
48491020354,0.004584
48491020355,0.040375
48491020356,0.043075
48491020403,0.012572
48491020404,0.005248
48491020405,0.01456
48491020406,0.011848
48491020408,0.047177
48491020409,0.069581
48491020410,0.006359
48491020411,0.018473
48491020503,0.033672
48491020505,0.071777
48491020507,0.023853
48491020508,0.034304
48491020509,0.005995
48491020511,0.055791
48491020512,0.041966
48491020513,0.053424
48491020514,0.01416
48491020515,0.045736
48491020516,0.006684
48491020517,0.026508
48491020602,0.032435
48491020604,0.027388
48491020606,0.017497
48491020607,0.03027
48491020608,0.004305
48491020609,0.021159
48491020701,0.03054
48491020704,0.012804
48491020706,0.039469
48491020707,0.005561
48491020709,0.033914
48491020710,0.06753
48491020711,0.189728
48491020712,0.016666
48491020713,0.024706
48491020808,0.037627
48491020810,0.039012
48491020811,0.010488
48491020812,0.03529
48491020813,0.024514
48491020814,0.009654
48491020815,0.011393
48491020816,0.112737
48491020817,0.108319
48491020818,0.103833
48491020819,0.067192
48491020820,0.02518
48491020821,0.031181
48491020822,0.080863
48491020900,0.027836
48491021000,0.089173
48491021100,0.021651
48491021201,0.112533
48491021202,0.112483
48491021203,0.168488
48491021300,0.030049
48491021402,0.060204
48491021404,0.148298
48491021405,0.036862
48491021406,0.052097
48491021407,0.047194
48491021502,0.058105
48491021503,0.04538
48491021506,0.041016
48491021509,0.01884
48491021510,0.03216
48491021511,0.049951
48491021512,0.039917
48491021513,0.022006
48491021514,0.004736
48491021515,0.048116
48491021516,0.012184
48491021517,0.0291
48491021518,0.002749
48491021601,0.069102
48491021602,0.088756
48491021603,0.030665
48493000102,0.092096
48493000103,0.010436
48493000104,0.064633
48493000201,0.051913
48493000202,0.018321
48493000300,0.084433
48493000402,0.107263
48493000404,0.137685
48493000405,0.01553
48493000406,0.219816
48493000500,0.155396
48493000600,0.029637
48497150101,0.054733
48497150103,0.178003
48497150104,0.024793
48497150201,0.108308
48497150202,0.081965
48497150300,0.043027
48497150402,0.061048
48497150403,0.049186
48497150404,0.03848
48497150405,0.146124
48497150500,0.156225
48497150603,0.086296
48497150604,0.038133
48497150605,0.0371
48497150606,0.090186
48497150607,0.134239
48499950100,0.053854
48499950200,0.083041
48499950301,0.019904
48499950303,0.039072
48499950304,0.118142
48499950401,0.06809
48499950402,0.233318
48499950500,0.070805
48499950601,0.02931
48499950602,0.040781
48499950700,0.059165
48499950800,0.127861
48503950200,0.050698
48503950401,0.148452
48503950402,0.053965
48503950500,0.083192
48503950600,0.091285
48505950303,0.219013
48505950304,0.140484
48505950305,0.205435
48505950306,0.294649
48505950401,0.15259
48505950402,0.09232
48507950100,0.266847
48507950200,0.151
48507950301,0.123225
48507950302,0.093255
53001950100,0.084878
53001950200,0.173161
53001950301,0.049425
53001950302,0.085775
53001950303,0.177267
53001950400,0.159326
53001950500,0.02078
53003960100,0.128214
53003960200,0.07215
53005010100,0.137962
53005010201,0.084999
53005010203,0.003268
53005010204,0.071269
53005010300,0.116121
53005010400,0.00367
53005010500,0.153387
53005010600,0.039745
53005010701,0.057941
53005010703,0.095945
53005010705,0.01697
53005010707,0.006128
53005010708,0.138551
53005010807,0.03895
53005010809,0.032194
53005010810,0.008146
53005010811,0.049289
53005010814,0.054999
53005010815,0.014054
53005010816,0.026394
53005010817,0.010281
53005010818,0.018567
53005010819,0.016512
53005010820,0.0366
53005010901,0.059852
53005010902,0.013029
53005011001,0.049462
53005011002,0.052256
53005011100,0.046125
53005011201,0.002808
53005011202,0.075066
53005011300,0.089142
53005011401,0.008789
53005011402,0.004883
53005011501,0.103608
53005011504,0.004652
53005011505,0.085412
53005011506,0.171409
53005011600,0.092589
53005011701,0.024428
53005011702,0.036667
53005011801,0.04001
53005011802,0.038369
53005011900,0.039557
53005012000,0.066566
53007960100,0.133855
53007960201,0.15621
53007960202,0.059254
53007960203,0.105467
53007960301,0.107231
53007960302,0.059233
53007960303,0.094188
53007960400,0.079206
53007960501,0.043187
53007960502,0.091909
53007960600,0.126068
53007960700,0.041146
53007960801,0.007324
53007960803,0.01886
53007960804,0.064004
53007961001,0.003296
53007961002,0.138318
53007961101,0.009495
53007961102,0.003955
53007961200,0.027913
53007961301,0.008803
53007961303,0.002886
53007961304,0.005835
53013960200,0.041834
53017950101,0.086089
53017950102,0.135105
53017950200,0.089678
53017950300,0.035861
53017950400,0.036256
53017950500,0.020329
53017950600,0.006078
53017950700,0.001813
53017950800,0.018336
53019940000,0.057068
53019970100,0.127897
53019970200,0.127092
53021020101,0.170636
53021020102,0.060919
53021020103,0.035604
53021020201,0.00708
53021020202,0.004623
53021020300,0.026634
53021020401,0.041043
53021020402,0.022863
53021020403,0.003998
53021020404,0.029662
53021020501,0.093436
53021020503,0.028964
53021020504,0.024019
53021020603,0.004154
53021020605,0.03925
53021020606,0.024684
53021020607,0.002977
53021020608,0.047338
53021020700,0.157019
53021020801,0.157082
53021020802,0.150739
53021980100,0.014396
53023970300,0.072708
53025010100,0.124298
53025010200,0.04292
53025010300,0.184249
53025010401,0.136729
53025010402,0.07107
53025010500,0.068946
53025010600,0.110406
53025010700,0.10009
53025010800,0.029903
53025010901,0.046192
53025010903,0.022264
53025010904,0.005154
53025011001,0.076239
53025011002,0.040068
53025011101,0.117879
53025011102,0.083987
53025011200,0.068761
53025011300,0.078373
53025011401,0.129666
53025011403,0.023863
53025011404,0.116169
53025011405,0.265395
53025011406,0.074728
53033031502,0.139897
53033032706,0.091563
53033032800,0.132743
53037975101,0.115703
53037975102,0.081673
53037975103,0.096667
53037975104,0.130358
53037975201,0.106378
53037975202,0.022298
53037975203,0.257674
53037975300,0.090397
53037975402,0.112088
53037975403,0.00455
53037975404,0.029005
53037975500,0.065423
53037975600,0.071861
53037975700,0.152173
53039950101,0.073103
53039950102,0.091428
53039950103,0.200827
53039950200,0.119644
53039950302,0.114437
53041972000,0.083122
53043960100,0.154633
53043960200,0.106313
53043960300,0.088333
53043960400,0.121677
53047940100,0.124056
53047940200,0.092771
53047970301,0.019918
53047970302,0.181609
53047970303,0.17348
53047970400,0.090497
53047970500,0.111929
53047970601,0.089506
53047970602,0.140031
53047970700,0.116465
53047970800,0.06951
53047970900,0.089845
53047971000,0.100184
53051970100,0.09862
53051970200,0.120662
53051970300,0.061462
53051970400,0.055782
53051970500,0.083281
53053070100,0.109535
53057951101,0.199859
53057951102,0.091875
53057951200,0.055038
53059950100,0.061871
53059950400,0.112246
53061053606,0.00718
53061053700,0.045137
53061053801,0.064779
53061053803,0.088851
53063000201,0.032952
53063000202,0.010139
53063000301,0.004645
53063000302,0.027104
53063000400,0.032519
53063000500,0.07887
53063000600,0.012162
53063000700,0.055198
53063000800,0.068393
53063000900,0.039699
53063001000,0.015379
53063001100,0.004389
53063001200,0.053385
53063001300,0.061659
53063001400,0.048809
53063001500,0.135175
53063001600,0.002885
53063001800,0.248377
53063001900,0.028393
53063002000,0.136692
53063002100,0.196069
53063002300,0.008957
53063002400,0.013803
53063002501,0.048325
53063002502,0.021641
53063002503,0.061292
53063002600,0.01416
53063002900,0.004475
53063003000,0.018013
53063003100,0.015235
53063003200,0.015327
53063003500,0.052789
53063003601,0.004336
53063003602,0.012594
53063003800,0.023777
53063003900,0.040388
53063004001,0.026556
53063004002,0.014014
53063004100,0.007018
53063004200,0.00759
53063004300,0.005017
53063004400,0.014031
53063004500,0.005221
53063004601,0.010126
53063004602,0.002577
53063004701,0.007719
53063004702,0.021632
53063004800,0.005494
53063004900,0.057617
53063005000,0.01511
53063010101,0.121295
53063010102,0.336436
53063010201,0.064616
53063010203,0.025851
53063010204,0.079268
53063010301,0.030223
53063010303,0.040852
53063010304,0.081669
53063010305,0.164457
53063010401,0.121695
53063010403,0.066759
53063010404,0.007718
53063010504,0.180008
53063010505,0.128574
53063010506,0.016679
53063010507,0.076994
53063010508,0.035088
53063010601,0.11767
53063010603,0.033936
53063010604,0.004259
53063010701,0.029498
53063010702,0.001539
53063010800,0.064736
53063010901,0.071853
53063010902,0.005369
53063011000,0.056601
53063011102,0.026678
53063011103,0.040974
53063011104,0.023625
53063011202,0.032166
53063011203,0.017794
53063011204,0.056869
53063011301,0.005283
53063011302,0.033944
53063011400,0.022957
53063011500,0.342682
53063011600,0.167387
53063011701,0.083586
53063011702,0.052025
53063011800,0.095792
53063011900,0.107513
53063012000,0.048811
53063012100,0.047706
53063012200,0.052749
53063012300,0.092765
53063012401,0.052685
53063012402,0.071705
53063012500,0.088175
53063012600,0.202358
53063012701,0.234808
53063012702,0.280807
53063012801,0.102857
53063012802,0.004019
53063012901,0.033341
53063012902,0.022659
53063013001,0.003517
53063013002,0.045398
53063013003,0.010957
53063013101,0.020729
53063013102,0.129207
53063013201,0.050536
53063013300,0.130116
53063013401,0.017431
53063013501,0.029622
53063013502,0.062338
53063013503,0.045864
53063013600,0.035844
53063013700,0.022355
53063013800,0.323228
53063013900,0.095024
53063014001,0.081244
53063014002,0.135679
53063014100,0.087335
53063014200,0.083306
53063014300,0.044349
53063014400,0.014152
53063014500,0.092758
53065941000,0.112957
53065950101,0.167158
53065950102,0.141319
53065950200,0.03597
53065950300,0.111898
53065950500,0.091297
53065950600,0.116966
53065950700,0.166369
53065950800,0.143324
53065950900,0.063766
53065951100,0.077044
53065951301,0.059199
53065951302,0.328411
53065951401,0.060999
53065951402,0.089765
53071920000,0.117734
53071920100,0.069444
53071920200,0.022185
53071920302,0.005638
53071920400,0.078249
53071920500,0.039106
53071920600,0.048247
53071920701,0.027384
53071920702,0.007406
53071920801,0.014999
53071920802,0.069173
53071920901,0.004267
53073010103,0.175015
53075000100,0.146388
53075000201,0.142795
53075000202,0.181965
53075000300,0.088238
53075000400,0.318196
53075000500,0.16221
53075000601,0.0891
53075000602,0.13808
53075000700,0.095363
53075000800,0.073312
53075000900,0.069413
53075001000,0.119998
53077000100,0.015224
53077000200,0.010467
53077000301,0.091163
53077000302,0.034145
53077000401,0.010606
53077000402,0.021335
53077000500,0.007935
53077000600,0.004712
53077000700,0.019915
53077000800,0.009554
53077000902,0.007414
53077000903,0.009494
53077000904,0.004163
53077001000,0.007812
53077001100,0.008025
53077001201,0.00472
53077001202,0.005257
53077001300,0.106418
53077001400,0.014838
53077001502,0.014163
53077001503,0.011736
53077001504,0.021876
53077001601,0.03719
53077001602,0.058634
53077001701,0.102212
53077001702,0.020112
53077001801,0.075167
53077001802,0.118466
53077001901,0.108337
53077001902,0.005046
53077002003,0.011963
53077002004,0.036866
53077002005,0.040845
53077002006,0.032194
53077002101,0.095774
53077002103,0.028587
53077002104,0.009702
53077002201,0.02017
53077002202,0.049059
53077002701,0.030882
53077002801,0.018039
53077002803,0.010566
53077002804,0.005127
53077002900,0.015348
53077003002,0.021492
53077003003,0.090223
53077003004,0.109773
53077003100,0.065354
53077003200,0.033248
53077003400,0.027426
53077940001,0.011008
53077940002,0.035937
53077940003,0.105462
53077940005,0.065307
53077940006,0.012795
53077940007,0.016949
53077940008,0.028881
