GEOID,coverage_gap_score
40001376600,0.104865
40001376700,0.094925
40001376800,0.147433
40001376900,0.171841
40001377000,0.119159
40003955600,0.120388
40003955700,0.094437
40003956000,0.141429
40005587600,0.10211
40005587700,0.150662
40005587800,0.156291
40005587900,0.030502
40009966100,0.147391
40009966200,0.203413
40009966800,0.138986
40011958600,0.218938
40011958700,0.240968
40011958800,0.098467
40011958900,0.162734
40011959000,0.153001
40013795600,0.139764
40013795700,0.05984
40013795900,0.038656
40013796002,0.092909
40013796003,0.126348
40013796004,0.094029
40013796101,0.045101
40013796102,0.105353
40013796200,0.171064
40013796300,0.128782
40013796400,0.021987
40013796500,0.127868
40013796600,0.072418
40015161601,0.13346
40015161602,0.164682
40015161700,0.128438
40015161800,0.086813
40015161900,0.065811
40015162000,0.153887
40015162101,0.148679
40015162102,0.163527
40015162200,0.082074
40015162300,0.114054
40017300100,0.245677
40017300201,0.171125
40017300202,0.145681
40017300300,0.1857
40017300400,0.414773
40017300500,0.164759
40017300600,0.153787
40017300701,0.111746
40017300702,0.109379
40017300802,0.016851
40017300803,0.179366
40017300804,0.180603
40017300805,0.173044
40017300806,0.122364
40017300901,0.144868
40017300902,0.071579
40017300904,0.107983
40017300905,0.094625
40017301001,0.076497
40017301003,0.157572
40017301006,0.045288
40017301010,0.235792
40017301011,0.148476
40017301012,0.076985
40017301013,0.043443
40017301014,0.018592
40017301015,0.067306
40017301100,0.057217
40017301201,0.065664
40017301202,0.004876
40017301301,0.167316
40017301302,0.182644
40017301406,0.094421
40017301407,0.232527
40017301408,0.121674
40017301409,0.181112
40017301410,0.264923
40019892100,0.124641
40019892200,0.225195
40019892301,0.118934
40019892302,0.219049
40019892400,0.117213
40019892501,0.128146
40019892502,0.136604
40019892601,0.179874
40019892602,0.159378
40019892700,0.176319
40019892801,0.016651
40019892802,0.170701
40019892900,0.010871
40019893001,0.14856
40019893002,0.105278
40019893100,0.019722
40021977600,0.243679
40021977701,0.221487
40021977702,0.18067
40021977801,0.092374
40021977802,0.111549
40021977901,0.312169
40021977902,0.107901
40021978000,0.100804
40021978100,0.163814
40021978201,0.138279
40021978202,0.100281
40021978301,0.136908
40021978302,0.104594
40023966900,0.13311
40023967000,0.095098
40023967100,0.157608
40023967200,0.158422
40023967300,0.144464
40027200100,0.035957
40027200200,0.108952
40027200300,0.014661
40027200400,0.016713
40027200500,0.022418
40027200602,0.006932
40027200603,0.019187
40027200604,0.186763
40027200700,0.071311
40027200800,0.107573
40027200900,0.023124
40027201000,0.0512
40027201102,0.019052
40027201103,0.070522
40027201104,0.119884
40027201201,0.008315
40027201202,0.028832
40027201204,0.0086
40027201205,0.021591
40027201302,0.170999
40027201303,0.060463
40027201403,0.145915
40027201404,0.107277
40027201405,0.065497
40027201505,0.034646
40027201508,0.020675
40027201509,0.041463
40027201511,0.004246
40027201512,0.049271
40027201513,0.020466
40027201514,0.020963
40027201602,0.083033
40027201603,0.046574
40027201604,0.061374
40027201607,0.023475
40027201609,0.050675
40027201610,0.121995
40027201611,0.020525
40027201612,0.005003
40027201700,0.069442
40027201801,0.011535
40027201802,0.015422
40027201902,0.013218
40027201903,0.061716
40027201904,0.068266
40027202002,0.011931
40027202004,0.01936
40027202005,0.015107
40027202006,0.035482
40027202007,0.13827
40027202008,0.005635
40027202102,0.110195
40027202104,0.015036
40027202105,0.003897
40027202106,0.127113
40027202107,0.197418
40027202201,0.176027
40027202203,0.155158
40027202205,0.004259
40027202207,0.098942
40027202208,0.079457
40027202301,0.197542
40027202302,0.033162
40027202403,0.184385
40027202404,0.199043
40027202405,0.083152
40027202406,0.032641
40027202407,0.162922
40027202501,0.183843
40027202502,0.177605
40027202600,0.110471
40029388100,0.084217
40029388200,0.097555
40031000100,0.094985
40031000200,0.111574
40031000300,0.038053
40031000402,0.078165
40031000403,0.004186
40031000404,0.01489
40031000405,0.07114
40031000503,0.003279
40031000504,0.013631
40031000505,0.014304
40031000506,0.049414
40031000600,0.019965
40031000700,0.00544
40031000800,0.011855
40031000900,0.006858
40031001000,0.014313
40031001100,0.006878
40031001400,0.023039
40031001500,0.011495
40031001600,0.011291
40031001700,0.007991
40031001901,0.002535
40031001902,0.141677
40031002001,0.01688
40031002003,0.23994
40031002004,0.181736
40031002005,0.063808
40031002101,0.184607
40031002102,0.162052
40031002201,0.138062
40031002202,0.184462
40031002301,0.121888
40031002302,0.055835
40031002401,0.124225
40031002403,0.193856
40031002405,0.087823
40031002406,0.026554
40031002500,0.050368
40033871100,0.11574
40033871200,0.202946
40035373100,0.091956
40035373200,0.141032
40035373300,0.187741
40035373400,0.159072
40035373500,0.146019
40037020101,0.033814
40037020102,0.238013
40037020103,0.13255
40037020602,0.122608
40037020603,0.073068
40037020604,0.042651
40037020702,0.134956
40037020704,0.221402
40037020705,0.257131
40037020706,0.134568
40037020707,0.170812
40037020800,0.117536
40037020900,0.222658
40037021000,0.161903
40037021101,0.14562
40037021102,0.125874
40037021201,0.179923
40037021202,0.213396
40037021300,0.22694
40037021401,0.173206
40037021402,0.176505
40037021500,0.126433
40037021600,0.25317
40039950800,0.199351
40039960401,0.212771
40039960402,0.146645
40039960600,0.17295
40039960701,0.14316
40039960702,0.260017
40039961000,0.089266
40041375601,0.172731
40041375602,0.36423
40041375701,0.21934
40041375702,0.158509
40041375803,0.085419
40041375804,0.311872
40041375805,0.456471
40041375806,0.214889
40041375901,0.283418
40041375902,0.163104
40041376000,0.186778
40041376100,0.201148
40041976200,0.151917
40043959100,0.125059
40043959200,0.165576
40043959300,0.17375
40045952600,0.146926
40045952800,0.180198
40047000101,0.018405
40047000102,0.006324
40047000200,0.263774
40047000601,0.174743
40047000602,0.164422
40047000701,0.01137
40047000702,0.075894
40047001100,0.183912
40047001200,0.129033
40047001301,0.156357
40047001302,0.157645
40047001401,0.187659
40047001402,0.180844
40047001500,0.237896
40047001602,0.149818
40047001603,0.178035
40047001604,0.134111
40049681100,0.184271
40049681200,0.1331
40049681300,0.137178
40049681400,0.155044
40049681500,0.104041
40049681600,0.074653
40049681700,0.096602
40049681800,0.130784
40049681900,0.161898
40051000100,0.154303
40051000400,0.045248
40051000501,0.018331
40051000502,0.130082
40051000600,0.16629
40051000701,0.078272
40051000702,0.10105
40051000801,0.162308
40051000802,0.1527
40051000901,0.122175
40051000902,0.16085
40051000904,0.0903
40051000905,0.168198
40051000906,0.154415
40051001000,0.246188
40053956400,0.202654
40053956500,0.122482
40055967100,0.205065
40055967200,0.168298
40059952100,0.07218
40059952200,0.096219
40061279100,0.091414
40061279200,0.197656
40061279300,0.109211
40061279400,0.12473
40063484600,0.090284
40063484700,0.151459
40063484800,0.17222
40063484900,0.154933
40063485000,0.191812
40065968100,0.101134
40065968200,0.173082
40065968300,0.192367
40065968400,0.14151
40065968500,0.118716
40065968600,0.189452
40065968700,0.261243
40065968800,0.015134
40067371600,0.087773
40067371700,0.135181
40067371800,0.127831
40069660198,0.13795
40069660201,0.174625
40069660202,0.324866
40069660300,0.17809
40071000100,0.018997
40071000201,0.008916
40071000202,0.078289
40071000300,0.032863
40071000400,0.141735
40071000500,0.078448
40071000600,0.117611
40071001100,0.231638
40071001200,0.215798
40071001301,0.259542
40071001302,0.208399
40073958100,0.164808
40073958200,0.094188
40073958300,0.155534
40073958400,0.105835
40075963600,0.094061
40075963700,0.094322
40075964200,0.10204
40077087100,0.086776
40077087200,0.154876
40077087300,0.092869
40079040102,0.124277
40079040198,0.183244
40079040299,0.093683
40079040301,0.082461
40079040302,0.066477
40079040303,0.079364
40079040401,0.117648
40079040402,0.118321
40079040500,0.120781
40079040601,0.081515
40079040602,0.091207
40079040700,0.115171
40081961100,0.167459
40081961200,0.110792
40081961300,0.126785
40081961401,0.149574
40081961402,0.080666
40081961500,0.239876
40081961600,0.14418
40081961700,0.15226
40083600101,0.171725
40083600200,0.174021
40083600300,0.203036
40083600401,0.173026
40083600402,0.033529
40083600501,0.156395
40083600502,0.016507
40083600600,0.200615
40083600700,0.223982
40083600801,0.078532
40083600802,0.168697
40083600903,0.162254
40083601000,0.151523
40085094100,0.198079
40085094200,0.170404
40085094300,0.222533
40087400103,0.122991
40087400104,0.169383
40087400105,0.187253
40087400106,0.179241
40087400201,0.111723
40087400203,0.106407
40087400204,0.202621
40087400300,0.142532
40087400400,0.110398
40089098200,0.065421
40089098300,0.167563
40089098400,0.106071
40089098501,0.148576
40089098502,0.153499
40089098600,0.129919
40089098700,0.111927
40089098800,0.143107
40089098900,0.181031
40091779601,0.180551
40091779602,0.239132
40091779700,0.134049
40091779900,0.219979
40091780100,0.232345
40091780200,0.158243
40091780301,0.103658
40091780302,0.168643
40093955100,0.174372
40093955200,0.093365
40093955300,0.128663
40095094698,0.132038
40095094700,0.138025
40095094803,0.145901
40095094804,0.37491
40095094805,0.254557
40095094806,0.351057
40097040100,0.216415
40097040200,0.182382
40097040300,0.112242
40097040400,0.137866
40097040501,0.200454
40097040502,0.167786
40097040600,0.117856
40097040700,0.141647
40097040801,0.174159
40097040802,0.103803
40099790600,0.068173
40099790701,0.087821
40099790702,0.138311
40099790801,0.16305
40099790802,0.183303
40101000100,0.182219
40101000200,0.198108
40101000300,0.186054
40101000400,0.206499
40101000600,0.126091
40101000700,0.125939
40101000801,0.009939
40101000802,0.135738
40101000901,0.156869
40101000902,0.021747
40101001000,0.179372
40101001100,0.093489
40101001200,0.238373
40101001301,0.110585
40101001302,0.248857
40101001401,0.176355
40101001402,0.090243
40101001501,0.183301
40101001502,0.074588
40101001600,0.190398
40103956600,0.140806
40103956900,0.125314
40103957000,0.177504
40103957100,0.220289
40105172100,0.08251
40105172200,0.081314
40105172300,0.089586
40105172400,0.125231
40107080600,0.119325
40107080700,0.068327
40107080900,0.160388
40107081000,0.117254
40109100100,0.008118
40109100201,0.00647
40109100202,0.110559
40109100203,0.01094
40109100300,0.068062
40109100400,0.006348
40109100500,0.120324
40109100800,0.104438
40109100900,0.008984
40109101000,0.08333
40109101100,0.231136
40109101200,0.169764
40109101300,0.039402
40109101400,0.017171
40109101500,0.02796
40109101800,0.177448
40109101900,0.045516
40109102000,0.046387
40109102100,0.0287
40109102200,0.030364
40109102300,0.015137
40109102400,0.020264
40109102500,0.15023
40109103200,0.111823
40109103300,0.009359
40109103900,0.006641
40109104100,0.007153
40109104200,0.078494
40109104300,0.059245
40109104400,0.015544
40109104500,0.008531
40109104600,0.004191
40109104700,0.016674
40109104800,0.158122
40109104900,0.017578
40109105000,0.013428
40109105101,0.036402
40109105201,0.010757
40109105202,0.014486
40109105300,0.130359
40109105400,0.05306
40109105500,0.013713
40109105600,0.026603
40109105903,0.007628
40109105904,0.062544
40109105905,0.0389
40109105906,0.015923
40109105907,0.039998
40109106000,0.026541
40109106100,0.08274
40109106200,0.078537
40109106301,0.011174
40109106302,0.036416
40109106303,0.012035
40109106401,0.049113
40109106402,0.069824
40109106403,0.010396
40109106501,0.013062
40109106502,0.081358
40109106503,0.025837
40109106601,0.113087
40109106602,0.136435
40109106606,0.05031
40109106607,0.014569
40109106608,0.117612
40109106609,0.156022
40109106610,0.009983
40109106611,0.018381
40109106702,0.010701
40109106704,0.127052
40109106705,0.064094
40109106706,0.016846
40109106708,0.015137
40109106709,0.016764
40109106710,0.030982
40109106801,0.175763
40109106802,0.169534
40109106803,0.019949
40109106804,0.043475
40109106902,0.043537
40109106903,0.135254
40109106906,0.044507
40109106907,0.00516
40109106909,0.041829
40109106910,0.007043
40109106911,0.005566
40109106912,0.009888
40109106913,0.072333
40109106914,0.018473
40109106916,0.027577
40109106917,0.017741
40109107001,0.034315
40109107002,0.113177
40109107101,0.225586
40109107103,0.029378
40109107104,0.094172
40109107206,0.027756
40109107207,0.026285
40109107212,0.101965
40109107213,0.058604
40109107214,0.028608
40109107215,0.024292
40109107216,0.006543
40109107217,0.006854
40109107218,0.006608
40109107219,0.008636
40109107220,0.016276
40109107221,0.011719
40109107222,0.011664
40109107223,0.019735
40109107224,0.022107
40109107225,0.00415
40109107226,0.003288
40109107302,0.033711
40109107303,0.014894
40109107305,0.003957
40109107306,0.009481
40109107401,0.05221
40109107404,0.037923
40109107405,0.060579
40109107406,0.016374
40109107407,0.094728
40109107601,0.053691
40109107604,0.011255
40109107605,0.005128
40109107608,0.006891
40109107703,0.009408
40109107704,0.01824
40109107705,0.014209
40109107706,0.010186
40109107707,0.012912
40109107801,0.01119
40109107804,0.011055
40109107805,0.111837
40109107806,0.007493
40109107807,0.004284
40109107808,0.021488
40109107809,0.008935
40109107810,0.010204
40109107900,0.013339
40109108003,0.016848
40109108005,0.101888
40109108006,0.00869
40109108007,0.013088
40109108008,0.028572
40109108009,0.035936
40109108010,0.037613
40109108011,0.037012
40109108101,0.126232
40109108106,0.171784
40109108107,0.160416
40109108109,0.137292
40109108110,0.156493
40109108113,0.128937
40109108114,0.166668
40109108201,0.047848
40109108203,0.004087
40109108204,0.046879
40109108207,0.02265
40109108208,0.012087
40109108215,0.048042
40109108216,0.036896
40109108217,0.012138
40109108222,0.016988
40109108223,0.021525
40109108224,0.027475
40109108225,0.03597
40109108226,0.018607
40109108227,0.00397
40109108228,0.038369
40109108229,0.020814
40109108230,0.007793
40109108231,0.004476
40109108232,0.008948
40109108233,0.014567
40109108234,0.013753
40109108235,0.014928
40109108236,0.022203
40109108237,0.040649
40109108238,0.037598
40109108301,0.02148
40109108302,0.070601
40109108304,0.067704
40109108307,0.010467
40109108309,0.021715
40109108310,0.006527
40109108314,0.025228
40109108317,0.013838
40109108318,0.016397
40109108319,0.063286
40109108320,0.007637
40109108321,0.032053
40109108322,0.03445
40109108323,0.051909
40109108324,0.010362
40109108325,0.019562
40109108326,0.02876
40109108402,0.04221
40109108403,0.024211
40109108404,0.003841
40109108506,0.129733
40109108507,0.18012
40109108508,0.072357
40109108513,0.03304
40109108514,0.129387
40109108515,0.075837
40109108520,0.082055
40109108521,0.017997
40109108523,0.057824
40109108524,0.008097
40109108525,0.015819
40109108526,0.027858
40109108527,0.043628
40109108528,0.004015
40109108529,0.004669
40109108530,0.01685
40109108531,0.056508
40109108532,0.192878
40109108533,0.279139
40109108534,0.064452
40109108535,0.018895
40109108536,0.018473
40109108537,0.01027
40109108538,0.081319
40109108603,0.164405
40109108604,0.031433
40109108701,0.161435
40109108706,0.033469
40109108707,0.015801
40109108708,0.184039
40109108709,0.139003
40109108710,0.031479
40109108711,0.020828
40109108712,0.16687
40109108713,0.175579
40109108802,0.234062
40109108803,0.037435
40109108804,0.048218
40109108805,0.187025
40109108806,0.007384
40109108807,0.014725
40109108900,0.269436
40109109001,0.135514
40109109003,0.171953
40109109004,0.170396
40109109202,0.251039
40109109203,0.147478
40109109204,0.175054
40109109205,0.155644
40109109300,0.127762
40109109400,0.006863
40109109500,0.015095
40109109600,0.021593
40109109700,0.009284
40109109800,0.087053
40109109900,0.016321
40109110000,0.011401
40109980001,0.018283
40109980002,0.204941
40109980003,0.043945
40109980004,0.054332
40109980005,0.01708
40109980006,0.049316
40109980007,0.157878
40109980008,0.027371
40109980009,0.365516
40111000100,0.18
40111000200,0.163258
40111000300,0.141785
40111000400,0.154755
40111000500,0.203603
40111000601,0.161564
40111000602,0.122604
40111000700,0.092509
40111000800,0.16068
40111000901,0.175873
40111000902,0.170027
40113940001,0.184855
40113940003,0.177579
40113940004,0.180759
40113940005,0.033215
40113940006,0.006471
40113940007,0.157011
40113940008,0.121198
40113940009,0.274597
40113940011,0.169289
40113940012,0.151597
40113940013,0.244332
40113940014,0.267956
40113940015,0.196974
40115574100,0.169113
40115574200,0.186458
40115574300,0.185258
40115574400,0.209532
40115574500,0.306496
40115574600,0.22381
40115574700,0.205294
40115574800,0.143504
40115574900,0.149098
40117957100,0.171439
40117957200,0.169918
40117957300,0.18264
40117957400,0.226724
40117957500,0.146235
40119010101,0.076202
40119010102,0.086836
40119010201,0.023584
40119010202,0.048534
40119010300,0.072165
40119010400,0.150676
40119010501,0.125309
40119010502,0.058648
40119010503,0.052089
40119010600,0.102278
40119010700,0.054267
40119010800,0.056872
40119010901,0.121917
40119010902,0.245688
40119011001,0.191925
40119011002,0.169628
40119011101,0.262185
40119011103,0.189116
40119011104,0.178212
40119011200,0.2382
40119011301,0.15291
40119011302,0.032438
40119011400,0.179001
40121485601,0.310138
40121485602,0.206873
40121485700,0.192271
40121485800,0.157502
40121485900,0.202711
40121486000,0.166269
40121486100,0.103667
40121486200,0.082293
40121486300,0.232974
40121486400,0.158397
40121486500,0.127796
40121486600,0.16289
40121486700,0.128812
40121486800,0.190791
40123088600,0.197192
40123088700,0.062786
40123088801,0.160387
40123088802,0.082455
40123088900,0.079626
40123089000,0.185943
40123089100,0.055492
40123089200,0.032772
40123089300,0.127529
40123089598,0.153572
40123089600,0.197846
40125500200,0.12722
40125500301,0.182903
40125500302,0.183979
40125500400,0.247165
40125500500,0.169548
40125500600,0.120026
40125500700,0.190639
40125500800,0.198396
40125500901,0.179792
40125500902,0.174496
40125501003,0.089705
40125501004,0.090258
40125501005,0.162581
40125501006,0.237475
40125501101,0.083939
40125501103,0.071162
40125501104,0.196324
40125501105,0.159849
40125501201,0.157549
40125501300,0.182157
40127097600,0.154757
40127097701,0.15773
40127097702,0.157102
40127097800,0.128976
40129960000,0.083253
40131050101,0.190041
40131050103,0.038336
40131050104,0.19903
40131050105,0.147013
40131050201,0.265534
40131050202,0.180084
40131050203,0.136791
40131050301,0.166033
40131050302,0.165458
40131050303,0.180471
40131050304,0.185268
40131050403,0.203442
40131050404,0.209487
40131050405,0.169734
40131050406,0.059772
40131050407,0.084477
40131050408,0.07492
40131050409,0.244313
40131050501,0.187986
40131050502,0.186082
40131050601,0.196042
40131050602,0.186753
40131050603,0.297636
40131050604,0.143863
40131050701,0.157097
40131050702,0.186441
40131050801,0.153026
40131050802,0.090468
40133583100,0.155816
40133583200,0.241757
40133583300,0.202092
40133583400,0.157462
40133583500,0.024947
40133583600,0.139036
40133583700,0.129726
40133583800,0.161875
40133583900,0.156967
40135030101,0.112419
40135030103,0.26695
40135030105,0.15476
40135030106,0.148299
40135030201,0.164082
40135030202,0.158637
40135030301,0.171533
40135030303,0.270473
40135030304,0.156784
40135030401,0.229495
40135030403,0.165204
40135030404,0.193979
40137000101,0.047629
40137000102,0.083244
40137000200,0.006183
40137000300,0.059222
40137000400,0.119792
40137000600,0.090293
40137000800,0.166693
40137000901,0.178743
40137000902,0.126527
40137001000,0.069453
40137001100,0.126168
40141070100,0.171734
40141070200,0.098019
40141070300,0.130111
40141070400,0.218377
40141070500,0.111137
40143000200,0.135631
40143000300,0.011962
40143000400,0.003835
40143000500,0.004659
40143000800,0.003921
40143000900,0.00272
40143001000,0.004282
40143001200,0.061382
40143001300,0.033411
40143001400,0.005515
40143001500,0.010639
40143001600,0.100034
40143001700,0.104397
40143001800,0.107159
40143001900,0.1315
40143002000,0.138707
40143002100,0.096981
40143002301,0.115126
40143002500,0.057626
40143002700,0.030555
40143002900,0.124221
40143003000,0.208402
40143003100,0.036408
40143003200,0.01099
40143003300,0.018191
40143003400,0.100483
40143003500,0.004804
40143003600,0.083463
40143003700,0.018003
40143003800,0.018051
40143003900,0.053438
40143004000,0.021129
40143004101,0.029011
40143004200,0.07094
40143004301,0.019964
40143004302,0.012248
40143004400,0.064575
40143004500,0.030064
40143004600,0.090794
40143004700,0.124348
40143004800,0.085165
40143004900,0.146756
40143005001,0.017637
40143005002,0.020629
40143005100,0.021904
40143005200,0.031099
40143005300,0.005782
40143005401,0.107386
40143005403,0.177552
40143005404,0.135368
40143005500,0.180758
40143005600,0.131126
40143005700,0.004399
40143005801,0.036776
40143005805,0.044853
40143005808,0.066086
40143005809,0.019962
40143005810,0.135867
40143005811,0.112858
40143005812,0.005298
40143005813,0.013213
40143005900,0.105348
40143006000,0.069345
40143006200,0.005494
40143006506,0.002622
40143006507,0.104089
40143006600,0.144783
40143006701,0.10434
40143006703,0.038383
40143006708,0.04991
40143006709,0.095891
40143006710,0.093116
40143006711,0.032527
40143006712,0.063398
40143006713,0.102896
40143006801,0.011462
40143006803,0.067957
40143006804,0.063376
40143006901,0.017898
40143006902,0.011417
40143006903,0.018127
40143006905,0.011765
40143006906,0.075684
40143006907,0.023204
40143007000,0.029107
40143007101,0.004263
40143007102,0.034411
40143007200,0.053084
40143007304,0.062054
40143007306,0.025787
40143007308,0.163623
40143007309,0.137917
40143007310,0.016533
40143007311,0.030449
40143007312,0.040781
40143007313,0.007201
40143007314,0.079079
40143007402,0.010575
40143007408,0.042492
40143007409,0.008415
40143007410,0.024322
40143007411,0.018707
40143007412,0.00859
40143007413,0.008823
40143007414,0.038831
40143007415,0.091946
40143007416,0.022335
40143007417,0.135775
40143007503,0.008202
40143007507,0.007533
40143007510,0.023037
40143007511,0.007598
40143007512,0.019902
40143007518,0.006207
40143007519,0.004931
40143007520,0.004543
40143007522,0.051278
40143007523,0.032931
40143007525,0.021075
40143007526,0.043267
40143007527,0.020228
40143007528,0.038553
40143007529,0.011238
40143007530,0.069525
40143007531,0.069625
40143007532,0.010661
40143007533,0.03264
40143007534,0.022911
40143007535,0.121157
40143007536,0.005262
40143007608,0.0305
40143007611,0.046299
40143007612,0.002732
40143007613,0.02497
40143007614,0.056836
40143007615,0.008696
40143007616,0.038317
40143007617,0.014126
40143007619,0.008326
40143007629,0.109883
40143007630,0.12564
40143007631,0.008555
40143007632,0.024816
40143007633,0.06664
40143007634,0.034338
40143007636,0.106479
40143007638,0.037109
40143007639,0.024284
40143007641,0.026369
40143007642,0.037272
40143007643,0.035767
40143007644,0.0093
40143007645,0.00635
40143007646,0.247803
40143007647,0.035482
40143007648,0.053967
40143007649,0.04414
40143007650,0.158822
40143007651,0.171322
40143007652,0.17741
40143007653,0.035657
40143007654,0.01754
40143007655,0.190272
40143007656,0.100218
40143007703,0.184225
40143007704,0.108108
40143007705,0.16225
40143007706,0.010739
40143007707,0.181625
40143007801,0.155838
40143007803,0.189648
40143007804,0.160722
40143007900,0.07966
40143008001,0.032684
40143008002,0.02322
40143008200,0.043531
40143008300,0.134877
40143008400,0.006308
40143008501,0.018652
40143008502,0.042497
40143008600,0.018834
40143008700,0.016811
40143008800,0.062931
40143008900,0.074772
40143009006,0.008828
40143009008,0.064887
40143009010,0.005196
40143009011,0.105075
40143009012,0.014913
40143009013,0.022348
40143009014,0.013726
40143009015,0.039734
40143009016,0.021636
40143009017,0.007835
40143009018,0.013614
40143009019,0.0242
40143009020,0.004419
40143009021,0.031537
40143009101,0.271841
40143009104,0.01964
40143009200,0.077011
40143009300,0.174578
40143009401,0.177836
40143009403,0.104894
40143009404,0.178867
40143009500,0.173585
40143011300,0.024604
40143011400,0.007769
40145030101,0.147742
40145030102,0.123311
40145030201,0.063718
40145030202,0.114979
40145030300,0.146792
40145030402,0.093918
40145030403,0.251287
40145030406,0.025261
40145030407,0.029053
40145030408,0.184775
40145030502,0.091581
40145030505,0.029499
40145030506,0.122279
40145030507,0.004223
40145030508,0.184563
40145030509,0.016743
40145030510,0.178107
40145030511,0.125716
40145030512,0.1897
40145030601,0.031272
40145030603,0.130887
40145030604,0.20885
40145030605,0.073251
40145030798,0.148862
40145030800,0.16946
40147000100,0.035902
40147000200,0.146122
40147000300,0.080655
40147000400,0.106955
40147000500,0.010007
40147000601,0.164083
40147000602,0.05326
40147000700,0.186198
40147000800,0.181361
40147000900,0.013941
40147001000,0.116593
40147001100,0.15093
40147001200,0.176201
40147001300,0.130454
40149964900,0.207261
40149965000,0.192153
40149965100,0.126687
40149965400,0.111329
40151954201,0.078589
40151954202,0.10312
40151954300,0.18578
40151954400,0.188215
40153953100,0.092925
40153953200,0.162352
40153953300,0.1128
40153953400,0.144195
40153953500,0.175074
04001944902,0.026359
04001945100,0.069391
04001970201,0.078986
04001970202,0.041358
04001970300,0.085293
04001970501,0.08845
04001970502,0.141359
04003000101,0.077771
04003000102,0.125509
04003000201,0.041594
04003000202,0.046837
04003000203,0.078308
04003000301,0.075517
04003000303,0.130226
04003000304,0.076883
04003000305,0.180224
04003000400,0.024078
04003000501,0.050315
04003000502,0.032593
04003000503,0.010069
04003000600,0.041882
04003000700,0.005697
04003000800,0.011644
04003000901,0.004714
04003000902,0.136183
04003001000,0.048015
04003001100,0.086563
04003001200,0.01405
04003001301,0.049725
04003001302,0.052779
04003001401,0.013359
04003001402,0.037507
04003001501,0.026156
04003001502,0.018891
04003001601,0.012546
04003001602,0.008983
04003001701,0.024127
04003001702,0.007924
04003001703,0.033442
04003001801,0.016787
04003001802,0.004255
04003001900,0.181894
04003002001,0.024387
04003002002,0.014154
04003002100,0.016657
04005000200,0.01712
04005000601,0.026546
04005000602,0.06592
04005000700,0.004864
04005000800,0.022315
04005000901,0.04133
04005000902,0.005439
04005001000,0.013713
04005001101,0.010043
04005001103,0.028521
04005001104,0.014837
04005001201,0.152794
04005001302,0.113361
04005001500,0.159792
04005001601,0.132181
04005001602,0.128446
04005001700,0.143601
04005002201,0.182211
04005002202,0.066942
04005002302,0.101543
04005945100,0.043732
04005980100,0.05565
04005980200,0.07166
04007000100,0.087207
04007000200,0.198768
04007000301,0.065914
04007000302,0.093649
04007000400,0.0785
04007000500,0.125951
04007000600,0.321039
04007000700,0.197071
04007000800,0.341413
04007000900,0.074607
04007001000,0.107207
04007001100,0.0398
04007001200,0.169201
04007001300,0.083811
04007940200,0.085001
04007940400,0.033348
04009940500,0.082875
04009961100,0.22747
04009961201,0.069084
04009961202,0.031809
04009961300,0.064233
04009961400,0.070471
04009961500,0.094097
04009961600,0.108924
04009961700,0.084522
04011960100,0.06536
04011960200,0.073938
04011960300,0.074721
04012020101,0.117895
04012020102,0.083343
04013010102,0.156873
04013010103,0.259302
04013010104,0.045511
04013030401,0.13897
04013030402,0.020761
04013040502,0.052502
04013040506,0.02255
04013040507,0.049774
04013040512,0.056662
04013040513,0.186684
04013040514,0.018033
04013040515,0.072666
04013040516,0.009399
04013040522,0.07994
04013040523,0.005082
04013040524,0.009046
04013040525,0.079213
04013040526,0.023176
04013040527,0.015456
04013040528,0.039631
04013040529,0.021381
04013040530,0.009064
04013040531,0.074499
04013040532,0.019896
04013040533,0.008107
04013040534,0.013807
04013040535,0.027862
04013040536,0.005114
04013040537,0.044151
04013040538,0.013516
04013040539,0.059682
04013040540,0.090801
04013040541,0.029996
04013050603,0.297015
04013050604,0.295325
04013050609,0.03823
04013050611,0.00612
04013050612,0.003548
04013050613,0.149319
04013050614,0.019694
04013050615,0.00472
04013050616,0.005756
04013050617,0.017552
04013050618,0.006743
04013050619,0.009402
04013050620,0.009321
04013050621,0.011178
04013050701,0.094616
04013050702,0.026559
04013060801,0.075393
04013060802,0.020575
04013060901,0.007118
04013060902,0.033316
04013060903,0.1664
04013060904,0.020353
04013061010,0.133867
04013061011,0.039361
04013061013,0.016852
04013061014,0.021056
04013061015,0.015986
04013061017,0.029938
04013061018,0.007243
04013061020,0.006926
04013061021,0.008747
04013061024,0.066802
04013061026,0.003304
04013061027,0.01306
04013061028,0.013821
04013061029,0.003406
04013061031,0.006999
04013061032,0.003179
04013061033,0.004097
04013061034,0.014145
04013061035,0.047028
04013061036,0.002154
04013061037,0.005363
04013061038,0.005917
04013061039,0.030043
04013061040,0.017437
04013061041,0.002477
04013061042,0.016112
04013061043,0.005895
04013061044,0.004973
04013061045,0.010561
04013061046,0.05688
04013061047,0.01442
04013061048,0.008549
04013061049,0.002069
04013061050,0.029896
04013061051,0.008372
04013061052,0.004606
04013061053,0.00477
04013061054,0.05599
04013061055,0.00304
04013061056,0.002224
04013061057,0.002456
04013061058,0.003548
04013061059,0.008338
04013061060,0.007365
04013061061,0.002027
04013061062,0.005751
04013061063,0.030437
04013061064,0.005697
04013061100,0.272409
04013061200,0.00844
04013061300,0.057315
04013061401,0.040065
04013061402,0.02901
04013071503,0.057566
04013071504,0.016783
04013071505,0.035214
04013071506,0.041967
04013071509,0.010977
04013071510,0.013404
04013071511,0.07194
04013071512,0.008266
04013071513,0.041076
04013071514,0.011412
04013071515,0.044659
04013071516,0.021367
04013071517,0.006665
04013071600,0.074074
04013071701,0.023749
04013071702,0.017747
04013071801,0.009414
04013071802,0.045816
04013071903,0.007049
04013071906,0.042627
04013071909,0.009726
04013071910,0.003856
04013071911,0.01043
04013071912,0.020807
04013071913,0.008416
04013071914,0.007287
04013071915,0.041178
04013082002,0.003675
04013082007,0.007269
04013082008,0.039949
04013082009,0.009451
04013082010,0.014889
04013082012,0.008544
04013082016,0.010067
04013082017,0.017887
04013082018,0.005016
04013082019,0.004902
04013082020,0.008717
04013082021,0.045248
04013082022,0.003343
04013082023,0.1167
04013082024,0.008421
04013082025,0.009098
04013082026,0.004098
04013082027,0.044922
04013082028,0.006467
04013082204,0.010145
04013082205,0.006857
04013082206,0.005358
04013082207,0.004639
04013082208,0.007812
04013082209,0.011469
04013082210,0.015668
04013082211,0.006659
04013082212,0.005615
04013082213,0.003357
04013083000,0.009564
04013092305,0.006435
04013092306,0.020506
04013092307,0.034587
04013092308,0.00562
04013092309,0.004791
04013092311,0.031087
04013092312,0.019221
04013092401,0.011862
04013092402,0.003772
04013092500,0.006842
04013092600,0.017803
04013092705,0.028481
04013092708,0.007254
04013092709,0.005208
04013092710,0.006613
04013092711,0.00436
04013092712,0.0132
04013092713,0.003694
04013092715,0.018359
04013092716,0.002885
04013092717,0.025242
04013092718,0.013073
04013092719,0.010315
04013092720,0.016016
04013092721,0.002747
04013092723,0.003629
04013092724,0.033436
04013092801,0.005201
04013092802,0.043169
04013092900,0.007357
04013093001,0.003383
04013093002,0.003268
04013093101,0.017006
04013093104,0.029954
04013093105,0.002493
04013093106,0.031526
04013093200,0.037017
04013103205,0.020633
04013103206,0.001337
04013103207,0.009562
04013103208,0.062421
04013103209,0.019374
04013103210,0.007927
04013103211,0.024866
04013103212,0.007447
04013103214,0.004063
04013103215,0.015102
04013103216,0.012873
04013103217,0.00938
04013103219,0.103002
04013103220,0.035673
04013103302,0.004385
04013103303,0.006035
04013103304,0.007924
04013103305,0.046832
04013103306,0.01238
04013103400,0.014308
04013103501,0.006042
04013103502,0.008178
04013103604,0.091383
04013103605,0.004954
04013103606,0.007169
04013103607,0.052843
04013103608,0.020766
04013103609,0.004656
04013103611,0.009297
04013103612,0.013636
04013103614,0.007164
04013103615,0.021222
04013103701,0.017466
04013103702,0.055486
04013103900,0.01347
04013104000,0.007853
04013104100,0.005137
04013104202,0.006026
04013104203,0.004129
04013104204,0.006601
04013104205,0.003807
04013104206,0.007695
04013104207,0.004615
04013104212,0.006829
04013104214,0.00623
04013104215,0.006411
04013104216,0.005083
04013104217,0.025248
04013104218,0.009896
04013104219,0.005727
04013104221,0.009159
04013104222,0.003812
04013104223,0.005395
04013104224,0.005936
04013104225,0.006976
04013104226,0.014205
04013104227,0.032821
04013104301,0.005271
04013104302,0.020005
04013104401,0.01835
04013104402,0.019465
04013104501,0.027453
04013104502,0.038013
04013104600,0.01511
04013104701,0.04202
04013104702,0.027857
04013104801,0.020403
04013104802,0.005095
04013104900,0.004707
04013105002,0.007631
04013105003,0.008651
04013105004,0.015213
04013105101,0.005566
04013105102,0.015863
04013105103,0.088024
04013105200,0.007795
04013105300,0.007966
04013105400,0.012834
04013105501,0.004093
04013105502,0.006497
04013105503,0.00934
04013105601,0.023239
04013105602,0.003945
04013105701,0.009491
04013105702,0.004477
04013105800,0.005754
04013105900,0.017618
04013106001,0.009944
04013106002,0.013224
04013106003,0.008752
04013106100,0.006499
04013106200,0.025852
04013106300,0.014757
04013106400,0.005271
04013106501,0.005196
04013106502,0.01111
04013106600,0.008557
04013106701,0.039966
04013106702,0.022276
04013106703,0.047619
04013106801,0.03102
04013106802,0.009742
04013106900,0.004563
04013107001,0.005631
04013107002,0.003661
04013107101,0.025398
04013107102,0.007069
04013107201,0.223096
04013107202,0.002914
04013107300,0.009163
04013107401,0.00812
04013107402,0.033205
04013107403,0.019256
04013107404,0.021198
04013107500,0.011938
04013107601,0.023974
04013107602,0.030522
04013107700,0.01243
04013107800,0.090741
04013107900,0.057949
04013108000,0.004184
04013108100,0.040671
04013108200,0.060887
04013108301,0.146495
04013108302,0.03462
04013108400,0.01715
04013108501,0.020527
04013108502,0.191601
04013108601,0.005572
04013108602,0.013842
04013108802,0.018949
04013108901,0.013126
04013108902,0.00354
04013109001,0.033706
04013109002,0.002595
04013109003,0.004624
04013109101,0.004907
04013109102,0.021058
04013109200,0.00951
04013109300,0.00558
04013109401,0.002544
04013109402,0.0413
04013109500,0.00369
04013109601,0.035139
04013109602,0.007738
04013109603,0.003223
04013109604,0.015517
04013109702,0.011211
04013109703,0.002553
04013109704,0.013399
04013109705,0.023348
04013109706,0.004402
04013109707,0.003917
04013109801,0.012883
04013109802,0.003574
04013109900,0.004882
04013110001,0.012935
04013110002,0.145184
04013110100,0.016486
04013110400,0.005908
04013110501,0.014543
04013110502,0.015734
04013110600,0.008505
04013110701,0.036379
04013110702,0.006363
04013110801,0.023929
04013110802,0.003937
04013110901,0.025342
04013110902,0.060343
04013111000,0.017548
04013111100,0.004595
04013111201,0.005634
04013111202,0.00325
04013111203,0.031802
04013111204,0.024183
04013111300,0.002455
04013111401,0.051106
04013111402,0.005395
04013111501,0.002653
04013111502,0.002539
04013111601,0.005306
04013111602,0.029084
04013111700,0.006881
04013111800,0.030562
04013111900,0.042569
04013112100,0.006081
04013112201,0.005108
04013112202,0.005899
04013112301,0.003724
04013112302,0.019976
04013112401,0.012581
04013112402,0.011301
04013112502,0.003853
04013112504,0.008016
04013112507,0.007253
04013112508,0.012488
04013112510,0.005603
04013112512,0.0404
04013112514,0.007445
04013112515,0.00557
04013112516,0.004066
04013112517,0.009196
04013112518,0.009738
04013112519,0.004454
04013112520,0.049568
04013112521,0.013666
04013112522,0.008989
04013112523,0.023875
04013112524,0.003748
04013112601,0.021529
04013112602,0.007199
04013112700,0.009361
04013112900,0.012324
04013113000,0.007144
04013113100,0.013079
04013113201,0.00643
04013113202,0.041788
04013113204,0.032274
04013113301,0.016643
04013113502,0.003918
04013113503,0.006697
04013113601,0.006097
04013113602,0.00637
04013113701,0.004896
04013113702,0.006665
04013113800,0.056377
04013113900,0.058877
04013114000,0.031782
04013114100,0.063661
04013114200,0.010313
04013114301,0.02624
04013114302,0.008338
04013114401,0.032699
04013114402,0.019973
04013114500,0.006237
04013114600,0.015168
04013114704,0.025072
04013114705,0.448057
04013114800,0.125716
04013114900,0.004939
04013115200,0.022673
04013115300,0.06382
04013115400,0.011262
04013115500,0.005181
04013115600,0.002469
04013115700,0.006782
04013115801,0.013249
04013115802,0.005913
04013115900,0.004636
04013116000,0.006669
04013116100,0.004941
04013116202,0.009818
04013116203,0.012536
04013116204,0.028286
04013116205,0.017594
04013116300,0.002212
04013116400,0.003742
04013116500,0.00746
04013116605,0.014611
04013116606,0.057012
04013116607,0.013342
04013116610,0.130457
04013116611,0.009965
04013116612,0.004005
04013116614,0.008498
04013116615,0.00366
04013116616,0.006119
04013116617,0.132347
04013116618,0.004888
04013116619,0.005395
04013116620,0.010568
04013116621,0.008538
04013116703,0.012106
04013116707,0.013158
04013116708,0.050508
04013116709,0.017125
04013116710,0.006101
04013116711,0.012133
04013116712,0.008755
04013116713,0.011574
04013116714,0.004715
04013116715,0.013503
04013116717,0.031646
04013116718,0.05828
04013116719,0.014534
04013116720,0.014665
04013116721,0.015308
04013116725,0.013815
04013116727,0.025407
04013116728,0.002897
04013116729,0.040131
04013116730,0.080855
04013116731,0.020223
04013116732,0.014597
04013116733,0.106738
04013116734,0.009601
04013116735,0.003304
04013116736,0.003996
04013116737,0.007456
04013116738,0.003838
04013116800,0.009268
04013116900,0.034606
04013117000,0.002864
04013117100,0.006138
04013117200,0.031455
04013117300,0.090555
04013216806,0.027943
04013216807,0.008155
04013216809,0.009456
04013216810,0.028449
04013216813,0.020118
04013216816,0.008067
04013216819,0.006047
04013216820,0.010953
04013216821,0.010046
04013216822,0.016643
04013216826,0.018751
04013216829,0.055869
04013216830,0.013025
04013216831,0.013247
04013216832,0.008852
04013216833,0.075802
04013216834,0.060361
04013216835,0.017812
04013216836,0.023047
04013216837,0.009825
04013216838,0.002343
04013216839,0.004227
04013216840,0.043648
04013216841,0.021897
04013216842,0.011842
04013216843,0.035906
04013216844,0.012246
04013216845,0.05136
04013216849,0.02702
04013216850,0.057771
04013216851,0.087246
04013216852,0.004305
04013216853,0.016633
04013216854,0.032367
04013216855,0.02341
04013216856,0.04197
04013216857,0.027477
04013216858,0.020362
04013216859,0.004889
04013216860,0.0708
04013216861,0.010924
04013216901,0.010193
04013216902,0.00408
04013217001,0.068909
04013217002,0.006662
04013217101,0.035082
04013217102,0.004869
04013217201,0.063506
04013217203,0.043309
04013217204,0.02366
04013217300,0.043454
04013217400,0.046127
04013217501,0.005079
04013217502,0.018907
04013217600,0.018635
04013217700,0.170411
04013217800,0.009708
04013217900,0.01466
04013218000,0.022245
04013218100,0.025016
04013218200,0.005652
04013218300,0.040588
04013318400,0.09361
04013318501,0.00873
04013318700,0.063565
04013318800,0.004212
04013318900,0.00612
04013319001,0.022706
04013319002,0.004969
04013319101,0.105245
04013319103,0.00806
04013319104,0.168516
04013319201,0.007032
04013319202,0.043127
04013319300,0.009344
04013319401,0.005324
04013319402,0.007672
04013319403,0.003592
04013319404,0.035782
04013319500,0.022046
04013319600,0.009586
04013319705,0.089607
04013319706,0.016133
04013319707,0.033639
04013319708,0.007117
04013319709,0.018478
04013319710,0.013835
04013319801,0.009101
04013319802,0.007254
04013319902,0.015131
04013319903,0.012275
04013319904,0.090142
04013319905,0.007823
04013319906,0.029833
04013319907,0.008226
04013319908,0.027854
04013319909,0.016109
04013319910,0.016585
04013320001,0.059859
04013320002,0.144656
04013320007,0.005154
04013320100,0.021315
04013420104,0.084956
04013420105,0.012391
04013420107,0.004255
04013420108,0.014905
04013420109,0.008326
04013420110,0.00669
04013420111,0.006579
04013420112,0.014187
04013420113,0.011171
04013420114,0.030669
04013420115,0.009124
04013420116,0.097026
04013420202,0.053614
04013420206,0.019249
04013420207,0.009992
04013420208,0.006478
04013420209,0.016196
04013420210,0.021061
04013420211,0.017863
04013420212,0.031575
04013420213,0.012244
04013420214,0.129506
04013420215,0.011758
04013420216,0.009335
04013420301,0.051694
04013420302,0.010091
04013420303,0.003685
04013420304,0.044544
04013420401,0.05243
04013420402,0.010696
04013420503,0.034105
04013420504,0.02943
04013420505,0.007615
04013420506,0.009309
04013420602,0.006399
04013420603,0.008244
04013420604,0.008887
04013420704,0.014231
04013420705,0.010054
04013420706,0.0157
04013420707,0.023759
04013420708,0.030839
04013420709,0.025425
04013420710,0.024939
04013420800,0.008211
04013420901,0.005329
04013420902,0.007256
04013421001,0.005726
04013421002,0.020592
04013421101,0.02436
04013421102,0.016618
04013421201,0.020235
04013421202,0.203205
04013421302,0.032209
04013421303,0.016367
04013421304,0.008921
04013421400,0.015837
04013421501,0.007944
04013421502,0.006387
04013421601,0.045568
04013421602,0.012459
04013421701,0.008157
04013421702,0.023175
04013421801,0.002058
04013421802,0.015109
04013421901,0.009889
04013421902,0.034733
04013422001,0.008604
04013422002,0.012178
04013422102,0.017875
04013422103,0.037235
04013422104,0.007807
04013422105,0.009388
04013422106,0.072915
04013422107,0.09657
04013422203,0.03952
04013422209,0.005281
04013422210,0.007896
04013422211,0.010791
04013422212,0.044812
04013422213,0.009237
04013422215,0.007443
04013422216,0.019367
04013422217,0.12149
04013422218,0.002618
04013422219,0.004547
04013422220,0.008943
04013422221,0.028179
04013422222,0.003948
04013422223,0.027472
04013422224,0.022046
04013422225,0.00692
04013422226,0.127767
04013422227,0.008483
04013422301,0.008552
04013422302,0.007546
04013422304,0.011674
04013422305,0.012377
04013422307,0.029808
04013422308,0.014774
04013422309,0.018288
04013422401,0.029198
04013422402,0.004651
04013422403,0.005219
04013422404,0.012459
04013422501,0.003583
04013422502,0.013129
04013422503,0.00671
04013422504,0.044998
04013422506,0.066687
04013422507,0.021279
04013422508,0.00824
04013422509,0.164301
04013422510,0.013661
04013422511,0.015519
04013422512,0.006295
04013422513,0.02294
04013422514,0.069833
04013422607,0.051474
04013422609,0.055439
04013422610,0.020929
04013422615,0.011183
04013422617,0.009435
04013422618,0.014651
04013422620,0.00606
04013422621,0.047972
04013422622,0.009403
04013422623,0.005416
04013422624,0.020064
04013422625,0.034304
04013422626,0.016318
04013422627,0.008467
04013422628,0.015703
04013422629,0.034742
04013422630,0.008
04013422632,0.019304
04013422633,0.015107
04013422634,0.019974
04013422636,0.016756
04013422637,0.014257
04013422638,0.011154
04013422639,0.035415
04013422640,0.025756
04013422642,0.019386
04013422643,0.009808
04013422647,0.006639
04013422648,0.006579
04013422649,0.011324
04013422650,0.013427
04013422651,0.00342
04013422652,0.022382
04013422653,0.00811
04013422654,0.004364
04013422655,0.017805
04013422656,0.06252
04013422657,0.007673
04013422658,0.006762
04013422659,0.013558
04013422660,0.010627
04013522801,0.492685
04013522802,0.007262
04013522901,0.012069
04013522903,0.013005
04013522904,0.005429
04013523002,0.006527
04013523005,0.007997
04013523006,0.136776
04013523007,0.068332
04013523008,0.003073
04013523102,0.007372
04013523103,0.022951
04013523104,0.011154
04013610001,0.133843
04013610002,0.064718
04013610100,0.006022
04013610201,0.043616
04013610202,0.02169
04013610301,0.00469
04013610302,0.015836
04013610400,0.011233
04013610500,0.022246
04013610600,0.009194
04013610700,0.073003
04013610800,0.017457
04013610901,0.0125
04013610902,0.016949
04013610903,0.024399
04013611000,0.018624
04013611100,0.003878
04013611200,0.005033
04013611300,0.011917
04013611400,0.036876
04013611500,0.004275
04013611600,0.006283
04013611700,0.010898
04013611800,0.02208
04013611900,0.007672
04013612000,0.020386
04013612200,0.037199
04013612301,0.020405
04013612302,0.015286
04013612401,0.003214
04013612402,0.037803
04013612500,0.064765
04013612600,0.00887
04013612700,0.025378
04013612800,0.043991
04013612900,0.01086
04013613000,0.007037
04013613100,0.005513
04013613200,0.013594
04013613300,0.007319
04013613400,0.009381
04013613500,0.120076
04013613601,0.009086
04013613602,0.009603
04013613700,0.051205
04013613800,0.004672
04013613900,0.008361
04013614000,0.004893
04013614100,0.003669
04013614200,0.016043
04013614300,0.039687
04013614400,0.017549
04013614500,0.006219
04013614601,0.01534
04013614602,0.095571
04013614700,0.031119
04013614800,0.005381
04013614900,0.169686
04013615001,0.002808
04013615002,0.014499
04013615100,0.082994
04013615201,0.025933
04013615202,0.057999
04013615300,0.03188
04013615400,0.019814
04013615500,0.031518
04013615600,0.045546
04013615700,0.028584
04013615800,0.004566
04013615900,0.016272
04013616000,0.005194
04013616100,0.005561
04013616200,0.033405
04013616300,0.003109
04013616400,0.055367
04013616500,0.006285
04013616600,0.011457
04013616700,0.030975
04013616800,0.005116
04013616900,0.007577
04013617001,0.034156
04013617002,0.007626
04013617100,0.008263
04013617200,0.00875
04013617300,0.009854
04013617400,0.083554
04013617500,0.024656
04013617600,0.017956
04013617700,0.026628
04013617800,0.051823
04013617900,0.011242
04013618000,0.005293
04013618100,0.005765
04013618200,0.003479
04013618300,0.007287
04013618400,0.003396
04013618500,0.010397
04013618600,0.018716
04013618700,0.002729
04013618800,0.015022
04013618900,0.0233
04013619000,0.018408
04013619100,0.029524
04013619200,0.026977
04013619300,0.001865
04013619400,0.043207
04013619500,0.012726
04013619601,0.029324
04013619602,0.003697
04013619700,0.006465
04013619800,0.007129
04013619900,0.014811
04013723304,0.089403
04013723305,0.087205
04013723306,0.078808
04013723307,0.038086
04013723309,0.001416
04013723310,0.014353
04013723311,0.012939
04013810000,0.024221
04013810100,0.007296
04013810200,0.043444
04013810300,0.004871
04013810400,0.015263
04013810500,0.00567
04013810600,0.016875
04013810700,0.009965
04013810800,0.014188
04013810900,0.006597
04013811000,0.03699
04013811100,0.065243
04013811200,0.036521
04013811300,0.01857
04013811400,0.003372
04013811500,0.003403
04013811600,0.004169
04013811700,0.00341
04013811800,0.027406
04013811900,0.014164
04013812000,0.035283
04013812100,0.024508
04013812200,0.008099
04013812300,0.006305
04013812400,0.008206
04013812500,0.012075
04013812600,0.016279
04013812700,0.004662
04013812801,0.005198
04013812802,0.052984
04013812900,0.007947
04013813000,0.004288
04013813100,0.003563
04013813200,0.00532
04013813300,0.019896
04013813400,0.007475
04013813500,0.027982
04013813600,0.005911
04013813700,0.018754
04013813800,0.01813
04013813900,0.016798
04013814000,0.015797
04013814100,0.003
04013814200,0.030618
04013814300,0.016357
04013814400,0.013961
04013814500,0.056996
04013814600,0.015776
04013814700,0.005232
04013814801,0.00194
04013814802,0.006759
04013814900,0.007356
04013815000,0.007301
04013815100,0.002142
04013815201,0.021725
04013815202,0.003481
04013815203,0.014247
04013815300,0.058135
04013815401,0.007356
04013815402,0.017231
04013815501,0.005333
04013815502,0.041634
04013815601,0.010077
04013815602,0.004375
04013815700,0.01265
04013815800,0.012869
04013815901,0.051007
04013815902,0.004722
04013816001,0.031903
04013816002,0.009218
04013816003,0.025067
04013816004,0.010068
04013816005,0.009901
04013816100,0.004042
04013816200,0.004108
04013816301,0.027625
04013816302,0.008834
04013816401,0.02064
04013816402,0.004421
04013816501,0.020394
04013816502,0.010081
04013816600,0.008487
04013816700,0.008629
04013816800,0.013249
04013816901,0.004098
04013816902,0.010951
04013816903,0.003404
04013816904,0.006917
04013817000,0.017267
04013817101,0.017015
04013817102,0.026841
04013817103,0.003856
04013817200,0.010548
04013817300,0.022389
04013817400,0.018146
04013817500,0.021817
04013817600,0.014017
04013940700,0.029911
04013941000,0.014275
04013941100,0.093126
04013941200,0.060681
04013941300,0.030584
04013980100,0.14891
04013980400,0.277224
04013980500,0.016682
04013980700,0.028332
04013980900,0.025045
04013981000,0.195438
04015954801,0.112449
04015954802,0.122987
04017940014,0.009552
04017940015,0.016439
04017940100,0.174514
04017940301,0.073019
04017940302,0.07304
04017960100,0.085471
04017960200,0.078945
04017960400,0.052581
04017960500,0.140235
04017960600,0.030905
04017961300,0.069999
04017961701,0.016889
04017961702,0.125344
04017962501,0.107288
04017962502,0.249227
04017963300,0.128075
04017963400,0.020623
04017963700,0.015028
04017963800,0.01197
04017964201,0.036287
04017964202,0.079844
04017964801,0.016898
04017964802,0.097559
04017964901,0.116578
04017964902,0.083869
04017965201,0.020495
04017965202,0.079463
04017965301,0.038639
04017965302,0.021688
04019000100,0.238805
04019000200,0.016587
04019000300,0.002924
04019000401,0.004479
04019000402,0.008002
04019000501,0.011044
04019000502,0.008199
04019000600,0.019392
04019000700,0.002713
04019000800,0.013624
04019001100,0.007813
04019001200,0.011164
04019001302,0.012161
04019001303,0.036888
04019001304,0.006782
04019001400,0.009727
04019001500,0.008214
04019001600,0.023746
04019001700,0.044682
04019001801,0.012963
04019001802,0.007829
04019001900,0.012321
04019002000,0.087492
04019002100,0.00666
04019002201,0.014731
04019002202,0.008094
04019002300,0.008943
04019002400,0.01002
04019002503,0.024106
04019002504,0.004096
04019002505,0.012677
04019002507,0.012169
04019002508,0.002092
04019002509,0.006607
04019002602,0.029136
04019002603,0.045805
04019002604,0.007537
04019002702,0.010046
04019002703,0.005085
04019002704,0.007358
04019002801,0.046454
04019002802,0.014301
04019002803,0.019256
04019002901,0.009339
04019002904,0.02506
04019002905,0.019167
04019002906,0.00665
04019003002,0.011941
04019003003,0.010228
04019003004,0.054014
04019003102,0.003007
04019003103,0.08134
04019003104,0.024355
04019003201,0.009738
04019003202,0.006112
04019003302,0.007824
04019003303,0.013164
04019003304,0.006867
04019003400,0.011719
04019003502,0.011404
04019003503,0.055339
04019003504,0.007202
04019003505,0.018311
04019003506,0.007902
04019003601,0.142359
04019003702,0.010054
04019003704,0.021373
04019003705,0.003736
04019003706,0.005152
04019003707,0.00715
04019003801,0.047325
04019003802,0.006136
04019003901,0.026689
04019003902,0.003658
04019003903,0.015628
04019004008,0.004476
04019004010,0.008702
04019004026,0.005307
04019004029,0.020833
04019004030,0.013855
04019004031,0.063457
04019004032,0.004849
04019004033,0.006152
04019004034,0.003261
04019004035,0.002088
04019004036,0.003393
04019004037,0.005044
04019004038,0.004096
04019004039,0.006616
04019004042,0.039032
04019004043,0.039357
04019004044,0.149379
04019004046,0.003596
04019004047,0.007358
04019004048,0.014501
04019004049,0.002457
04019004050,0.00336
04019004051,0.00354
04019004052,0.178781
04019004053,0.005166
04019004054,0.007692
04019004055,0.025706
04019004056,0.011272
04019004057,0.004676
04019004058,0.003931
04019004061,0.152484
04019004062,0.006043
04019004063,0.012858
04019004065,0.015178
04019004066,0.025003
04019004067,0.070332
04019004068,0.021108
04019004069,0.007149
04019004070,0.04236
04019004071,0.003248
04019004072,0.002883
04019004073,0.009536
04019004074,0.009068
04019004075,0.011779
04019004076,0.003092
04019004077,0.005534
04019004078,0.139462
04019004079,0.013882
04019004080,0.008447
04019004081,0.0089
04019004082,0.005641
04019004109,0.021575
04019004110,0.003191
04019004112,0.038409
04019004114,0.017058
04019004115,0.021636
04019004116,0.005065
04019004117,0.023505
04019004118,0.008079
04019004122,0.003332
04019004126,0.015931
04019004127,0.03145
04019004128,0.030431
04019004129,0.017469
04019004130,0.026476
04019004131,0.034968
04019004132,0.025515
04019004133,0.052814
04019004307,0.030224
04019004310,0.009684
04019004311,0.01523
04019004312,0.003816
04019004313,0.087558
04019004316,0.026186
04019004317,0.015418
04019004320,0.131612
04019004321,0.004499
04019004322,0.005067
04019004323,0.181954
04019004324,0.068003
04019004325,0.039116
04019004326,0.010227
04019004327,0.026332
04019004328,0.029144
04019004330,0.01709
04019004332,0.013672
04019004333,0.003768
04019004335,0.028719
04019004336,0.109852
04019004337,0.034212
04019004338,0.01416
04019004339,0.004003
04019004340,0.018749
04019004404,0.171487
04019004407,0.002723
04019004412,0.017327
04019004413,0.014237
04019004414,0.003867
04019004415,0.04708
04019004418,0.006944
04019004419,0.015279
04019004422,0.00483
04019004423,0.040306
04019004424,0.164105
04019004425,0.074664
04019004426,0.108722
04019004428,0.041911
04019004430,0.010282
04019004431,0.008446
04019004432,0.004853
04019004433,0.002129
04019004434,0.012445
04019004435,0.005331
04019004436,0.019616
04019004437,0.032557
04019004438,0.015467
04019004439,0.004919
04019004440,0.01213
04019004505,0.003581
04019004506,0.007936
04019004508,0.027066
04019004510,0.020257
04019004511,0.005301
04019004512,0.009989
04019004513,0.012704
04019004514,0.010613
04019004515,0.059119
04019004610,0.006705
04019004613,0.005365
04019004614,0.009743
04019004615,0.015211
04019004616,0.03638
04019004617,0.039835
04019004618,0.016366
04019004619,0.026526
04019004620,0.039395
04019004621,0.006636
04019004622,0.173253
04019004623,0.026842
04019004624,0.008201
04019004625,0.25293
04019004626,0.015784
04019004627,0.030617
04019004628,0.015711
04019004630,0.022356
04019004631,0.215769
04019004632,0.25907
04019004633,0.032934
04019004634,0.003503
04019004635,0.055668
04019004636,0.015733
04019004639,0.047313
04019004640,0.013852
04019004641,0.003381
04019004642,0.010608
04019004643,0.032243
04019004644,0.007976
04019004645,0.008491
04019004646,0.008923
04019004647,0.019062
04019004648,0.007819
04019004649,0.031556
04019004650,0.030639
04019004710,0.066719
04019004711,0.032207
04019004712,0.004007
04019004713,0.009316
04019004714,0.0186
04019004715,0.191091
04019004717,0.030762
04019004718,0.013562
04019004720,0.016672
04019004721,0.014499
04019004722,0.039313
04019004723,0.023651
04019004724,0.017851
04019004725,0.071656
04019004726,0.024908
04019004727,0.068927
04019004728,0.305144
04019004729,0.006169
04019004730,0.004291
04019005200,0.135391
04019005300,0.006118
04019005400,0.006647
04019940800,0.059575
04019940900,0.013625
04019941000,0.09203
04019941100,0.015219
04019980001,0.510229
04019980002,0.082565
04019980100,0.039283
04019980200,0.045115
04019980300,0.080068
04019980400,0.211912
04021000201,0.198191
04021000204,0.007348
04021000206,0.025283
04021000208,0.012995
04021000211,0.039278
04021000212,0.080517
04021000215,0.012145
04021000216,0.008456
04021000217,0.084521
04021000218,0.00459
04021000219,0.024216
04021000220,0.011835
04021000221,0.035479
04021000222,0.004509
04021000223,0.00311
04021000224,0.011261
04021000225,0.003371
04021000226,0.003455
04021000227,0.005611
04021000228,0.008843
04021000229,0.057339
04021000307,0.076936
04021000309,0.021107
04021000310,0.013377
04021000311,0.250505
04021000312,0.00579
04021000313,0.011031
04021000315,0.028061
04021000316,0.015452
04021000317,0.005465
04021000319,0.022491
04021000320,0.054244
04021000321,0.029803
04021000322,0.017208
04021000323,0.075687
04021000324,0.019404
04021000325,0.021848
04021000400,0.121469
04021000603,0.023351
04021000604,0.023192
04021000700,0.100956
04021000802,0.057338
04021000804,0.022128
04021000805,0.01213
04021000806,0.003653
04021000807,0.017022
04021000808,0.076578
04021000902,0.061929
04021000903,0.076199
04021000904,0.099265
04021001000,0.065739
04021001100,0.07885
04021001200,0.125117
04021001303,0.030354
04021001305,0.004943
04021001306,0.005776
04021001307,0.029497
04021001308,0.086323
04021001309,0.004116
04021001310,0.042233
04021001403,0.009698
04021001404,0.018974
04021001405,0.014584
04021001406,0.026155
04021001407,0.042292
04021001408,0.204187
04021001500,0.036707
04021001600,0.037492
04021001701,0.270757
04021001704,0.078723
04021001705,0.04973
04021001706,0.036941
04021001707,0.007626
04021001709,0.031169
04021001712,0.15301
04021001713,0.011831
04021001714,0.008033
04021001715,0.065932
04021001716,0.005371
04021001717,0.016927
04021001900,0.017731
04021002001,0.060566
04021002004,0.035697
04021002005,0.093135
04021002104,0.040974
04021002105,0.014132
04021002106,0.028626
04021002107,0.06115
04021002200,0.085898
04021002300,0.130817
04021002400,0.219481
04021941200,0.029618
04021941300,0.030958
04021941401,0.096094
04021941402,0.051186
04023966000,0.097229
04023966101,0.194077
04023966103,0.027504
04023966106,0.171888
04023966107,0.036621
04023966108,0.071772
04023966109,0.033161
04023966110,0.015376
04023966111,0.152108
04023966200,0.038895
04023966301,0.171526
04023966302,0.048002
04023966401,0.060615
04023966402,0.091222
04025000205,0.041016
04025000206,0.040555
04025000207,0.11575
04025000208,0.036484
04025000209,0.076498
04025000210,0.040527
04025000211,0.098858
04025000301,0.023356
04025000302,0.021827
04025000403,0.009821
04025000404,0.00238
04025000405,0.004232
04025000406,0.086096
04025000407,0.001876
04025000501,0.028493
04025000502,0.044092
04025000604,0.006795
04025000608,0.01263
04025000609,0.011206
04025000611,0.075764
04025000612,0.094003
04025000613,0.004286
04025000614,0.004564
04025000615,0.029738
04025000616,0.021067
04025000617,0.159707
04025000618,0.018066
04025000619,0.080525
04025000701,0.020155
04025000702,0.085426
04025000802,0.050599
04025000803,0.00783
04025000804,0.022737
04025000901,0.141236
04025000902,0.004251
04025001002,0.034912
04025001003,0.006265
04025001004,0.067467
04025001103,0.038086
04025001104,0.010036
04025001105,0.08989
04025001106,0.069619
04025001201,0.247884
04025001202,0.014757
04025001300,0.201617
04025001401,0.051296
04025001402,0.126458
04025001403,0.119233
04025001501,0.073557
04025001502,0.118048
04025001601,0.054713
04025001602,0.094897
04025001604,0.119826
04025001605,0.091895
04025001701,0.008672
04025001703,0.104556
04025001704,0.043385
04025001705,0.084306
04025001801,0.018003
04025001803,0.088735
04025001804,0.101807
04025001901,0.080838
04025001902,0.080888
04025001903,0.025703
04025001904,0.071386
04025002001,0.0274
04025002002,0.078735
04025002003,0.054415
04025002005,0.02238
04025002006,0.022949
04025002007,0.104179
04025002100,0.12689
04027012100,0.146082
04027980003,0.036458
04027980004,0.134063
35023970000,0.036052
06007000102,0.008715
06007000103,0.021111
06007000104,0.006635
06007000201,0.014924
06007000202,0.112782
06007000300,0.093664
06007000401,0.032886
06007000403,0.024292
06007000404,0.061009
06007000501,0.206663
06007000502,0.194418
06007000601,0.037264
06007000603,0.015998
06007000604,0.028622
06007000700,0.014519
06007000800,0.004802
06007000901,0.02259
06007000903,0.013483
06007000904,0.056021
06007001000,0.068145
06007001100,0.177389
06007001200,0.007314
06007001300,0.011882
06007001400,0.08805
06007001500,0.014347
06007001601,0.16284
06007001602,0.216229
06007001702,0.161675
06007001703,0.009766
06007001704,0.014214
06007001800,0.152645
06007001900,0.119007
06007002000,0.232431
06007002100,0.15046
06007002200,0.076785
06007002300,0.191601
06007002401,0.095088
06007002402,0.099348
06007002500,0.051638
06007002601,0.176763
06007002602,0.11212
06007002700,0.016876
06007002800,0.018622
06007002900,0.017573
06007003001,0.006013
06007003002,0.014418
06007003100,0.173347
06007003200,0.011013
06007003300,0.022041
06007003400,0.038761
06007003501,0.0124
06007003502,0.038658
06007003600,0.102152
06007003700,0.090745
06011000100,0.12484
06011000200,0.058376
06011000301,0.166753
06011000302,0.162243
06011000400,0.049611
06011000500,0.181585
06015000202,0.212137
06017030601,0.244448
06017030603,0.239066
06017030604,0.032974
06017030605,0.173846
06017030606,0.179716
06017030701,0.021897
06017030706,0.011949
06017030709,0.004959
06017030710,0.003007
06017030801,0.034288
06017030901,0.053614
06017030902,0.041224
06017031000,0.13996
06017031100,0.084707
06017031700,0.017216
06021010101,0.186053
06021010102,0.102061
06021010200,0.137689
06021010300,0.096638
06021010401,0.154008
06021010402,0.133345
06021010501,0.075202
06021010502,0.16862
06023001200,0.021251
06023010102,0.176365
06023010902,0.045238
06023011600,0.128287
06023940000,0.252057
06033000100,0.100017
06033000300,0.044267
06033000401,0.004196
06033000402,0.026448
06033000501,0.082574
06033000502,0.046961
06033000601,0.060637
06033000602,0.065943
06033000702,0.039164
06033000703,0.023402
06033000704,0.043331
06033000801,0.00793
06033000802,0.009073
06033000901,0.01696
06033000902,0.02843
06033001000,0.05998
06033001101,0.040229
06033001102,0.053814
06033001200,0.015905
06033001301,0.056115
06033001302,0.10757
06035040100,0.126424
06035040200,0.038756
06035040302,0.127711
06035040303,0.066388
06035040304,0.171673
06035040305,0.035706
06035040400,0.230817
06035040500,0.112654
06035040600,0.135286
06045010100,0.157633
06045010200,0.156292
06045010601,0.24891
06045010602,0.190597
06045010801,0.052425
06045010802,0.004741
06045011700,0.060088
06045011800,0.182394
06049000100,0.227954
06049000200,0.032441
06049000300,0.187129
06055201800,0.181649
06057000102,0.008617
06057000104,0.041301
06057000105,0.057673
06057000106,0.057092
06057000107,0.063441
06057000200,0.024984
06057000300,0.16773
06057000401,0.017103
06057000403,0.156727
06057000404,0.011195
06057000502,0.038437
06057000503,0.018121
06057000504,0.017975
06057000601,0.033509
06057000602,0.065899
06057000701,0.132801
06057000702,0.188487
06057000801,0.214724
06057000802,0.10481
06057000900,0.178675
06061020200,0.029235
06061020300,0.134347
06061020401,0.066276
06061020402,0.032425
06061020501,0.039488
06061020502,0.047786
06061020601,0.019956
06061020604,0.040215
06061020605,0.126779
06061020606,0.011251
06061020607,0.01007
06061020608,0.042003
06061020710,0.005555
06061020711,0.017881
06061020712,0.012842
06061020713,0.072276
06061020714,0.018167
06061020715,0.003085
06061020717,0.023084
06061020805,0.009455
06061020806,0.011875
06061020901,0.015886
06061020908,0.141925
06061021003,0.014096
06061021034,0.014037
06061021037,0.03188
06061021038,0.005647
06061021039,0.010145
06061021040,0.029213
06061021043,0.022217
06061021044,0.006354
06061021045,0.006986
06061021046,0.012352
06061021047,0.002538
06061021048,0.014582
06061021103,0.009074
06061021106,0.014667
06061021108,0.028656
06061021109,0.037858
06061021122,0.01783
06061021123,0.014623
06061021128,0.042038
06061021129,0.029408
06061021130,0.068876
06061021131,0.011039
06061021203,0.010372
06061021204,0.081518
06061021304,0.035111
06061021323,0.002235
06061021324,0.014689
06061021325,0.002832
06061021326,0.002848
06061021327,0.014119
06061021328,0.006304
06061021401,0.007577
06061021403,0.004522
06061021501,0.119082
06061021502,0.185894
06061021603,0.16208
06061021604,0.175461
06061021801,0.096627
06061021802,0.070213
06061021901,0.098457
06061021902,0.020633
06061022002,0.123704
06061022013,0.265139
06061022014,0.245583
06061022400,0.019994
06061022500,0.003824
06061022600,0.014538
06061022800,0.024735
06061022900,0.031903
06061023000,0.006444
06061023100,0.022334
06061023200,0.007757
06061023300,0.009189
06061023400,0.019658
06061023501,0.014366
06061023502,0.003356
06061023600,0.013933
06061023700,0.07259
06061023800,0.006049
06061023900,0.135637
06063000100,0.121599
06063000201,0.082458
06063000202,0.126356
06063000300,0.123686
06063000400,0.213279
06063000501,0.08335
06063000502,0.14842
06067000100,0.057707
06067000200,0.062765
06067000300,0.0105
06067000400,0.035585
06067000501,0.086006
06067000502,0.175825
06067000600,0.00577
06067000700,0.032291
06067000800,0.053481
06067001102,0.227254
06067001103,0.076044
06067001201,0.051317
06067001202,0.008775
06067001300,0.008432
06067001400,0.022093
06067001500,0.026468
06067001601,0.008027
06067001602,0.053584
06067001702,0.086222
06067001800,0.006281
06067001900,0.068808
06067002000,0.012536
06067002100,0.06476
06067002200,0.049331
06067002300,0.077474
06067002400,0.007568
06067002500,0.008057
06067002600,0.015721
06067002700,0.088651
06067005301,0.042849
06067005402,0.011528
06067005403,0.101432
06067005404,0.023495
06067005502,0.010996
06067005505,0.010201
06067005506,0.007047
06067005508,0.077933
06067005509,0.025712
06067005510,0.012719
06067005601,0.020623
06067005605,0.009689
06067005606,0.00752
06067005701,0.019034
06067005702,0.008073
06067005801,0.00314
06067005803,0.003199
06067005901,0.00372
06067005903,0.011452
06067005904,0.007495
06067006002,0.01208
06067006003,0.012141
06067006004,0.004253
06067006101,0.01575
06067006102,0.016934
06067006202,0.039269
06067006203,0.009815
06067006204,0.006619
06067006300,0.003763
06067006400,0.031839
06067006501,0.05578
06067006502,0.008191
06067006600,0.006416
06067006703,0.00671
06067006704,0.006611
06067006705,0.0271
06067006706,0.021535
06067006801,0.007969
06067006802,0.0033
06067006803,0.020023
06067006901,0.072049
06067006902,0.050751
06067007001,0.02383
06067007007,0.007639
06067007010,0.038548
06067007011,0.032529
06067007012,0.006113
06067007013,0.007558
06067007016,0.008421
06067007017,0.028178
06067007019,0.053977
06067007020,0.064131
06067007021,0.037296
06067007022,0.048178
06067007023,0.008114
06067007024,0.045212
06067007025,0.014244
06067007026,0.002538
06067007027,0.00485
06067007028,0.017585
06067007101,0.087684
06067007103,0.007919
06067007105,0.010369
06067007106,0.009314
06067007107,0.043665
06067007108,0.005849
06067007109,0.034301
06067007110,0.010755
06067007111,0.015666
06067007202,0.009035
06067007204,0.01
06067007206,0.003845
06067007207,0.035135
06067007208,0.020379
06067007209,0.006533
06067007301,0.005471
06067007402,0.007923
06067007403,0.131608
06067007413,0.033739
06067007414,0.003337
06067007415,0.021265
06067007416,0.021203
06067007417,0.005208
06067007422,0.048879
06067007423,0.102906
06067007424,0.004603
06067007426,0.015304
06067007427,0.011292
06067007428,0.021794
06067007429,0.011448
06067007430,0.0249
06067007431,0.005006
06067007432,0.004261
06067007434,0.005579
06067007435,0.035399
06067007436,0.022641
06067007437,0.006348
06067007438,0.016235
06067007439,0.010402
06067007501,0.064471
06067007503,0.086769
06067007504,0.091637
06067007602,0.016713
06067007603,0.004709
06067007604,0.035398
06067007701,0.006129
06067007702,0.010915
06067007801,0.027501
06067007802,0.01061
06067007903,0.007474
06067007904,0.00355
06067007905,0.01315
06067007906,0.020191
06067008005,0.015816
06067008006,0.014234
06067008007,0.06043
06067008008,0.042834
06067008009,0.00811
06067008010,0.010374
06067008111,0.037499
06067008113,0.043589
06067008117,0.007473
06067008119,0.010835
06067008120,0.007407
06067008122,0.016362
06067008124,0.043259
06067008125,0.003202
06067008127,0.061518
06067008128,0.082158
06067008129,0.048457
06067008130,0.023029
06067008131,0.075059
06067008132,0.043933
06067008133,0.032396
06067008134,0.054193
06067008135,0.066759
06067008136,0.047438
06067008137,0.009545
06067008138,0.024381
06067008139,0.105438
06067008140,0.005035
06067008141,0.010215
06067008142,0.021201
06067008143,0.015927
06067008144,0.011859
06067008145,0.041573
06067008203,0.003119
06067008204,0.036604
06067008206,0.017619
06067008207,0.005442
06067008208,0.015201
06067008209,0.010482
06067008210,0.019181
06067008211,0.005132
06067008402,0.008089
06067008403,0.026023
06067008404,0.014114
06067008501,0.012135
06067008504,0.092425
06067008505,0.030099
06067008506,0.078961
06067008507,0.010386
06067008508,0.024808
06067008509,0.007348
06067008510,0.025779
06067008512,0.003805
06067008702,0.005388
06067008703,0.042858
06067008909,0.032875
06067008912,0.035616
06067008913,0.005011
06067988300,0.006931
06089010100,0.11008
06089010200,0.009791
06089010300,0.090044
06089010400,0.069492
06089010500,0.027662
06089010601,0.025089
06089010602,0.044191
06089010603,0.080275
06089010702,0.056511
06089010703,0.075831
06089010704,0.013047
06089010803,0.014514
06089010804,0.004776
06089010805,0.006984
06089010806,0.112575
06089010807,0.070001
06089010900,0.027371
06089011001,0.005127
06089011002,0.148175
06089011100,0.008838
06089011209,0.039872
06089011300,0.004741
06089011401,0.027284
06089011402,0.007516
06089011403,0.009023
06089011501,0.051613
06089011502,0.014528
06089011600,0.126858
06089011701,0.089898
06089011702,0.070864
06089011703,0.151481
06089011801,0.006008
06089011802,0.0608
06089011803,0.080227
06089011900,0.009894
06089012000,0.093047
06089012101,0.030672
06089012102,0.035113
06089012200,0.090513
06089012301,0.125735
06089012302,0.014957
06089012303,0.005765
06089012400,0.054716
06089012500,0.178678
06089012603,0.16832
06089012604,0.014614
06089012605,0.008314
06089012606,0.085774
06089012701,0.148273
06089012702,0.086495
06091010000,0.079791
06093000300,0.069559
06093000701,0.192998
06093000800,0.171942
06093000901,0.151199
06093000902,0.174598
06093001001,0.179647
06093001002,0.285769
06093001003,0.020587
06093001100,0.146505
06093001200,0.171682
06093001300,0.13119
06097154100,0.093377
06101050101,0.008775
06101050102,0.047459
06101050201,0.051721
06101050202,0.021183
06101050301,0.046831
06101050302,0.005464
06101050401,0.00703
06101050402,0.02489
06101050403,0.05976
06101050501,0.041247
06101050503,0.004553
06101050504,0.021225
06101050601,0.096927
06101050603,0.011828
06101050604,0.039979
06101050701,0.165996
06101050702,0.064135
06101050800,0.066555
06101050900,0.117236
06101051000,0.105555
06101051100,0.086024
06103000100,0.234104
06103000201,0.205946
06103000202,0.00744
06103000300,0.099308
06103000400,0.17459
06103000500,0.158294
06103000600,0.127946
06103000701,0.09004
06103000702,0.106626
06103000800,0.114671
06103000900,0.080632
06103001000,0.092573
06103001101,0.183572
06103001102,0.196301
06105000101,0.054345
06105000102,0.103298
06105000200,0.12443
06105000500,0.082898
06113010102,0.064915
06113010103,0.002849
06113010104,0.016209
06113010105,0.023459
06113010201,0.021732
06113010203,0.078818
06113010204,0.070363
06113010313,0.015312
06113010315,0.018886
06113010401,0.148778
06113010505,0.127345
06113010800,0.148991
06113010901,0.008201
06113010902,0.00446
06113011001,0.11336
06113011002,0.055995
06113011101,0.019088
06113011102,0.079939
06113011103,0.048509
06113011203,0.00203
06113011204,0.011514
06113011207,0.132819
06113011208,0.069092
06113011209,0.056116
06113011210,0.004254
06113011211,0.014851
06113011400,0.117216
06113011500,0.103299
06115040100,0.089821
06115040201,0.146251
06115040202,0.16554
06115040301,0.006234
06115040302,0.028775
06115040304,0.011507
06115040305,0.00765
06115040400,0.00673
06115040500,0.011955
06115040600,0.012348
06115040701,0.011583
06115040702,0.093888
06115040800,0.006316
06115040901,0.012222
06115040902,0.010185
06115041001,0.072953
06115041002,0.006413
06115041101,0.110523
06115041102,0.195177
48001950100,0.015946
48001950401,0.032619
48001950402,0.154335
48001950500,0.085451
48001950600,0.101026
48001950700,0.070387
48001950800,0.092273
48001950901,0.030997
48001950902,0.036741
48001951001,0.015389
48001951002,0.114748
48001951100,0.124066
48005000102,0.022431
48005000104,0.08626
48007950101,0.29541
48007950102,0.157513
48007950103,0.082131
48007950200,0.050674
48007950301,0.086174
48007950302,0.074078
48007950400,0.199431
48007950501,0.041419
48007950502,0.15859
48007950503,0.150217
48009020200,0.074914
48009020300,0.138853
48013960101,0.045563
48013960102,0.114215
48013960203,0.08004
48013960204,0.010291
48013960205,0.038138
48013960206,0.07423
48013960300,0.111685
48013960401,0.1791
48013960403,0.098755
48013960404,0.017016
48013960500,0.018488
48013960601,0.092416
48013960602,0.025718
48015760100,0.006639
48015760201,0.017064
48015760202,0.072655
48015760301,0.012579
48015760302,0.037185
48015760400,0.027884
48015760501,0.030212
48015760502,0.066273
48019000101,0.090055
48019000103,0.126883
48019000104,0.119609
48019000200,0.116202
48019000301,0.051417
48019000302,0.098121
48019000400,0.046875
48021950101,0.02002
48021950102,0.033798
48021950201,0.071001
48021950202,0.10401
48021950301,0.015318
48021950302,0.007416
48021950303,0.021559
48021950401,0.047279
48021950402,0.068124
48021950403,0.057722
48021950503,0.032538
48021950504,0.035775
48021950505,0.020951
48021950506,0.038001
48021950601,0.022426
48021950602,0.017224
48021950700,0.024402
48021950803,0.047038
48021950804,0.007143
48021950805,0.167169
48021950806,0.172788
48023950301,0.019979
48023950302,0.184067
48025950100,0.016864
48025950201,0.070975
48025950203,0.057376
48025950204,0.099835
48025950300,0.012772
48025950400,0.081314
48025950501,0.095733
48025950502,0.047847
48025950600,0.160812
48027020101,0.042017
48027020102,0.016691
48027020201,0.074838
48027020203,0.076894
48027020204,0.101665
48027020301,0.056038
48027020302,0.039187
48027020401,0.02831
48027020402,0.033195
48027020500,0.02338
48027020600,0.064914
48027020701,0.117784
48027020702,0.014692
48027020800,0.013862
48027020900,0.078188
48027021000,0.036755
48027021101,0.077179
48027021102,0.00621
48027021201,0.043176
48027021202,0.034101
48027021203,0.049055
48027021301,0.040765
48027021302,0.008285
48027021304,0.035428
48027021305,0.015544
48027021400,0.051399
48027021501,0.008492
48027021502,0.032696
48027021601,0.048909
48027021602,0.143825
48027021701,0.034382
48027021702,0.08161
48027021801,0.088454
48027021802,0.025279
48027021901,0.082367
48027021905,0.010779
48027021906,0.00449
48027021907,0.017498
48027021908,0.021689
48027022001,0.088222
48027022002,0.009014
48027022101,0.007537
48027022103,0.017013
48027022104,0.034769
48027022105,0.02078
48027022200,0.013653
48027022300,0.042216
48027022401,0.021493
48027022402,0.005595
48027022403,0.008089
48027022405,0.022711
48027022406,0.01664
48027022407,0.001618
48027022501,0.111535
48027022503,0.013889
48027022504,0.005623
48027022600,0.098794
48027022801,0.006062
48027022900,0.096353
48027023001,0.011114
48027023002,0.007793
48027023103,0.056316
48027023104,0.025634
48027023109,0.037505
48027023110,0.03331
48027023111,0.069861
48027023112,0.034374
48027023113,0.011574
48027023114,0.003524
48027023115,0.0142
48027023116,0.05829
48027023117,0.057091
48027023118,0.139196
48027023201,0.112022
48027023202,0.028669
48027023203,0.034166
48027023204,0.033207
48027023301,0.044646
48027023302,0.00643
48027023402,0.007172
48027023404,0.016248
48027023405,0.021057
48027023406,0.016571
48027023500,0.113612
48027980001,0.170627
48027980002,0.204176
48027980003,0.050636
48029110100,0.046695
48029110300,0.005218
48029110500,0.005334
48029110600,0.017769
48029110700,0.033391
48029111000,0.019493
48029111100,0.020187
48029120100,0.02465
48029120301,0.103007
48029120302,0.027411
48029120401,0.034731
48029120402,0.12724
48029120502,0.077842
48029120503,0.008943
48029120504,0.035467
48029120601,0.076211
48029120602,0.152442
48029120701,0.025813
48029120702,0.120319
48029120800,0.009483
48029120901,0.012358
48029120902,0.037517
48029121000,0.015469
48029121110,0.025095
48029121111,0.030953
48029121112,0.067043
48029121115,0.014927
48029121116,0.036334
48029121117,0.019174
48029121118,0.026237
48029121119,0.010627
48029121120,0.017132
48029121121,0.007322
48029121122,0.021847
48029121123,0.044075
48029121124,0.022695
48029121203,0.097396
48029121204,0.026483
48029121205,0.035174
48029121206,0.019955
48029121300,0.004903
48029121402,0.009239
48029121403,0.00539
48029121404,0.010075
48029121501,0.031325
48029121504,0.019146
48029121505,0.043326
48029121506,0.030187
48029121507,0.007632
48029121508,0.009994
48029121601,0.015414
48029121604,0.018665
48029121605,0.007686
48029121606,0.025871
48029121701,0.049207
48029121702,0.029572
48029121802,0.028322
48029121803,0.005386
48029121804,0.01628
48029121808,0.008161
48029121809,0.013887
48029121810,0.028354
48029121811,0.002489
48029121812,0.014496
48029121813,0.064055
48029121903,0.006229
48029121904,0.034914
48029121905,0.088509
48029121906,0.009444
48029121908,0.030909
48029121909,0.01355
48029121910,0.004974
48029121911,0.011229
48029121912,0.024943
48029130200,0.029788
48029130300,0.009376
48029130401,0.068612
48029130402,0.042264
48029130500,0.021564
48029130600,0.007189
48029130700,0.012517
48029130800,0.020585
48029130900,0.020744
48029131000,0.029157
48029131100,0.003131
48029131200,0.139227
48029131300,0.066535
48029131401,0.079454
48029131402,0.067697
48029131503,0.021648
48029131504,0.03044
48029131505,0.009045
48029131506,0.02335
48029131507,0.014051
48029131601,0.037664
48029131606,0.047512
48029131608,0.034993
48029131609,0.026165
48029131610,0.050486
48029131612,0.018108
48029131614,0.01279
48029131615,0.016388
48029131616,0.163425
48029131700,0.055089
48029131801,0.032847
48029131802,0.047106
48029140100,0.040143
48029140200,0.028722
48029140300,0.05041
48029140400,0.012768
48029140500,0.005696
48029140600,0.020555
48029140700,0.006715
48029140800,0.004682
48029140900,0.04535
48029141000,0.009491
48029141101,0.018742
48029141102,0.018202
48029141200,0.006145
48029141300,0.037768
48029141402,0.07005
48029141403,0.072451
48029141404,0.006772
48029141600,0.066476
48029141700,0.048936
48029141800,0.11092
48029141900,0.189663
48029150100,0.043584
48029150300,0.009853
48029150400,0.046314
48029150501,0.044586
48029150502,0.002419
48029150600,0.042885
48029150700,0.010428
48029150800,0.219967
48029150900,0.027624
48029151000,0.042936
48029151100,0.051523
48029151200,0.023276
48029151301,0.028229
48029151302,0.046532
48029151400,0.016219
48029151500,0.08476
48029151600,0.009698
48029151700,0.013288
48029151900,0.064463
48029152000,0.036532
48029152100,0.255017
48029152201,0.055244
48029152202,0.086897
48029160100,0.00648
48029160200,0.050762
48029160300,0.076756
48029160400,0.00829
48029160501,0.009023
48029160502,0.083426
48029160600,0.00419
48029160701,0.029184
48029160702,0.006244
48029160901,0.116611
48029160902,0.007831
48029161000,0.086563
48029161100,0.025859
48029161200,0.034372
48029161302,0.004904
48029161303,0.015348
48029161304,0.003845
48029161400,0.157168
48029161501,0.059034
48029161503,0.003009
48029161504,0.003637
48029161600,0.018078
48029161801,0.03291
48029161802,0.040454
48029161901,0.077501
48029161902,0.074278
48029162001,0.067417
48029162003,0.129782
48029162004,0.097515
48029170101,0.095078
48029170102,0.010815
48029170200,0.008264
48029170300,0.012744
48029170401,0.030522
48029170402,0.007417
48029170500,0.021296
48029170600,0.022394
48029170700,0.008079
48029170800,0.005865
48029170900,0.007848
48029171000,0.007588
48029171100,0.007406
48029171200,0.020726
48029171301,0.00591
48029171302,0.009926
48029171401,0.002676
48029171402,0.039361
48029171501,0.006318
48029171502,0.004076
48029171601,0.008708
48029171602,0.043466
48029171700,0.010587
48029171801,0.00475
48029171802,0.012412
48029171903,0.015048
48029171912,0.010407
48029171913,0.143094
48029171914,0.009564
48029171915,0.030284
48029171916,0.006726
48029171917,0.012405
48029171918,0.006553
48029171919,0.029932
48029171920,0.00319
48029171921,0.014661
48029171922,0.009971
48029171923,0.079379
48029171924,0.00941
48029171926,0.01521
48029171927,0.010485
48029171928,0.008668
48029171929,0.004726
48029172002,0.057933
48029172003,0.042423
48029172004,0.006455
48029172005,0.01203
48029172006,0.014236
48029172008,0.011652
48029172009,0.034337
48029180101,0.00652
48029180102,0.006082
48029180201,0.021432
48029180202,0.00918
48029180300,0.046713
48029180400,0.007017
48029180501,0.067114
48029180503,0.009024
48029180504,0.009035
48029180602,0.025844
48029180603,0.015869
48029180604,0.009786
48029180701,0.038736
48029180702,0.009442
48029180800,0.020475
48029180901,0.004628
48029180902,0.017479
48029181001,0.024042
48029181003,0.020137
48029181004,0.026441
48029181005,0.024258
48029181100,0.009352
48029181200,0.010579
48029181301,0.057337
48029181302,0.032521
48029181303,0.043141
48029181402,0.059716
48029181403,0.171581
48029181404,0.027812
48029181503,0.025437
48029181504,0.015637
48029181505,0.010506
48029181506,0.018191
48029181601,0.028973
48029181602,0.005866
48029181703,0.005576
48029181704,0.095882
48029181705,0.027992
48029181711,0.005384
48029181712,0.045765
48029181713,0.007648
48029181715,0.004931
48029181716,0.018037
48029181718,0.006343
48029181720,0.013685
48029181721,0.030773
48029181722,0.004685
48029181723,0.005566
48029181724,0.094793
48029181725,0.031347
48029181726,0.006374
48029181727,0.013669
48029181729,0.007322
48029181730,0.020888
48029181731,0.004042
48029181732,0.021761
48029181733,0.002518
48029181808,0.00971
48029181809,0.018724
48029181811,0.113383
48029181813,0.011084
48029181814,0.011567
48029181815,0.070156
48029181816,0.008417
48029181817,0.004429
48029181818,0.005656
48029181819,0.011263
48029181820,0.016779
48029181821,0.026856
48029181822,0.039001
48029181823,0.034882
48029181824,0.002339
48029181825,0.046839
48029181826,0.009652
48029181901,0.018286
48029181902,0.008853
48029182001,0.034217
48029182002,0.034674
48029182003,0.00425
48029182101,0.050205
48029182102,0.017872
48029182103,0.147263
48029182105,0.014074
48029182106,0.064072
48029190100,0.021318
48029190200,0.009972
48029190400,0.01077
48029190501,0.012631
48029190503,0.008074
48029190504,0.042361
48029190601,0.032394
48029190603,0.008144
48029190604,0.01289
48029190700,0.015892
48029190800,0.03346
48029190901,0.015194
48029190902,0.061192
48029191003,0.00542
48029191004,0.009004
48029191005,0.058671
48029191006,0.007175
48029191101,0.015423
48029191102,0.016476
48029191201,0.005465
48029191202,0.014717
48029191303,0.013204
48029191304,0.014168
48029191405,0.009472
48029191406,0.034989
48029191408,0.0213
48029191409,0.029904
48029191410,0.05022
48029191411,0.011683
48029191412,0.007952
48029191413,0.016045
48029191503,0.020625
48029191504,0.055033
48029191505,0.016365
48029191506,0.0357
48029191701,0.153687
48029191702,0.017873
48029191804,0.00765
48029191806,0.014742
48029191807,0.008587
48029191808,0.030407
48029191809,0.062454
48029191810,0.010831
48029191811,0.007434
48029191812,0.009435
48029191813,0.014288
48029191814,0.011119
48029191815,0.042479
48029191816,0.052041
48029191818,0.021362
48029191819,0.007831
48029191900,0.049106
48029192000,0.052234
48029192100,0.026746
48029192200,0.138862
48029192300,0.024567
48029980001,0.09204
48029980002,0.017037
48029980003,0.041885
48029980004,0.109815
48029980005,0.024113
48029980100,0.018771
48031950101,0.124622
48031950102,0.07227
48031950201,0.05995
48031950202,0.045773
48033950100,0.260107
48035950100,0.046593
48035950200,0.112381
48035950300,0.18291
48035950400,0.130731
48035950500,0.039832
48035950600,0.187231
48035950700,0.0514
48039660100,0.049062
48039660200,0.013584
48039660301,0.008819
48039660302,0.003102
48039660303,0.027217
48039660401,0.028794
48039660402,0.005233
48039660403,0.07479
48039660501,0.252419
48039660502,0.012247
48039660503,0.061215
48039660504,0.010892
48039660603,0.007226
48039660604,0.002784
48039660605,0.004211
48039660606,0.031394
48039660607,0.020569
48039660608,0.029767
48039660609,0.004436
48039660610,0.054652
48039660611,0.036868
48039660612,0.011734
48039660613,0.006619
48039660614,0.061679
48039660615,0.009818
48039660616,0.00548
48039660703,0.025477
48039660704,0.022771
48039660705,0.013893
48039660706,0.050825
48039660707,0.010364
48039660708,0.026364
48039660803,0.003489
48039660804,0.040381
48039660805,0.005421
48039660806,0.010926
48039660901,0.129018
48039660902,0.031896
48039661000,0.060004
48039661100,0.092218
48039661200,0.124283
48039661300,0.157976
48039661400,0.026635
48039661501,0.03289
48039661502,0.0283
48039661601,0.13177
48039661602,0.006859
48039661700,0.130238
48039661800,0.022451
48039661901,0.046987
48039661902,0.020686
48039662000,0.02008
48039662100,0.111102
48039662200,0.077448
48039662300,0.15042
48039662400,0.034456
48039662500,0.051064
48039662600,0.102779
48039662700,0.041143
48039662800,0.010769
48039662900,0.11043
48039663000,0.171243
48039663100,0.116801
48039663200,0.012366
48039663300,0.01924
48039663400,0.031171
48039663500,0.01586
48039663600,0.016647
48039663700,0.098505
48039663800,0.091281
48039663900,0.073192
48039664000,0.042898
48039664100,0.025195
48039664200,0.058961
48039664300,0.048836
48039664400,0.030353
48039664501,0.013318
48039990000,0.029297
48041000103,0.232806
48041000104,0.109397
48041000105,0.00434
48041000106,0.060632
48041000107,0.004976
48041000108,0.039582
48041000203,0.04102
48041000204,0.026179
48041000205,0.049902
48041000206,0.01964
48041000207,0.049124
48041000301,0.078056
48041000302,0.079568
48041000401,0.06521
48041000402,0.055303
48041000501,0.101068
48041000502,0.033524
48041000603,0.006755
48041000605,0.005957
48041000606,0.015819
48041000700,0.008512
48041000800,0.037404
48041000900,0.016168
48041001001,0.004777
48041001002,0.015369
48041001101,0.010099
48041001102,0.024568
48041001301,0.016802
48041001302,0.062575
48041001303,0.116052
48041001401,0.047411
48041001604,0.004797
48041001605,0.022387
48041001606,0.034091
48041001607,0.136595
48041001608,0.004245
48041001702,0.089748
48041001703,0.106716
48041001704,0.07618
48041001801,0.02192
48041001803,0.005783
48041001804,0.018806
48041001901,0.043531
48041001902,0.028511
48041002001,0.005414
48041002006,0.03871
48041002009,0.030445
48041002010,0.040001
48041002011,0.01246
48041002014,0.018046
48041002016,0.016026
48041002017,0.024713
48041002018,0.01843
48041002019,0.001331
48041002020,0.02034
48041002021,0.006734
48041002022,0.010295
48041002023,0.018643
48041002024,0.012108
48041002025,0.054348
48041002026,0.034702
48041002100,0.008533
48041980000,0.006348
48047950100,0.10377
48047950200,0.111569
48049950100,0.039632
48049950201,0.024101
48049950202,0.183041
48049950300,0.164677
48049950500,0.01364
48049950600,0.09499
48049950700,0.030088
48049950800,0.107865
48049950900,0.003042
48049951000,0.014539
48049951100,0.03157
48049951200,0.114376
48049951300,0.021243
48051970100,0.113007
48051970201,0.028466
48051970202,0.032319
48051970300,0.147047
48051970400,0.132881
48051970501,0.172855
48051970502,0.012966
48053960101,0.01536
48053960102,0.041578
48053960200,0.127143
48053960301,0.178508
48053960302,0.05855
48053960401,0.096552
48053960402,0.05379
48053960501,0.054141
48053960502,0.048678
48053960600,0.019012
48053960701,0.059823
48053960702,0.073738
48053960801,0.018881
48053960802,0.201423
48053960803,0.0232
48055960102,0.019534
48055960103,0.118198
48055960104,0.079922
48055960200,0.05079
48055960300,0.104973
48055960400,0.075998
48055960501,0.034857
48055960502,0.123382
48055960600,0.155069
48055960701,0.090568
48055960702,0.110195
48057000100,0.088431
48057000200,0.148551
48057000300,0.291827
48057000401,0.110454
48057000402,0.121079
48057000501,0.124882
48057000502,0.17434
48057990000,0.037109
48059030101,0.007189
48059030102,0.012965
48059030200,0.036647
48061010101,0.011793
48061010102,0.308843
48061010103,0.003097
48061010201,0.021038
48061010204,0.112419
48061010205,0.056994
48061010301,0.011975
48061010303,0.00834
48061010304,0.016945
48061010403,0.112482
48061010404,0.007485
48061010405,0.005224
48061010406,0.009787
48061010500,0.00435
48061010602,0.018272
48061010603,0.077552
48061010604,0.129661
48061010700,0.074678
48061010801,0.060465
48061010802,0.028988
48061010900,0.119325
48061011000,0.061985
48061011100,0.045662
48061011200,0.072995
48061011301,0.164547
48061011302,0.148625
48061011401,0.018659
48061011402,0.183554
48061011500,0.174462
48061011601,0.017759
48061011602,0.028615
48061011701,0.076108
48061011702,0.139232
48061011801,0.028767
48061011802,0.005507
48061011903,0.026473
48061011904,0.039697
48061011905,0.015869
48061011906,0.006342
48061011907,0.047668
48061011908,0.010756
48061012002,0.036621
48061012003,0.017528
48061012004,0.029936
48061012103,0.037003
48061012104,0.015692
48061012105,0.006107
48061012106,0.003816
48061012201,0.039896
48061012202,0.011973
48061012203,0.005697
48061012301,0.017641
48061012304,0.034639
48061012305,0.09595
48061012402,0.082251
48061012403,0.039036
48061012404,0.020297
48061012506,0.015489
48061012508,0.053295
48061012509,0.018143
48061012510,0.079537
48061012511,0.008213
48061012512,0.023275
48061012513,0.012366
48061012514,0.004015
48061012515,0.025879
48061012516,0.007984
48061012517,0.002686
48061012607,0.027332
48061012608,0.135889
48061012613,0.068034
48061012614,0.03418
48061012615,0.010742
48061012616,0.00319
48061012617,0.0126
48061012700,0.129083
48061012800,0.035199
48061012900,0.101734
48061013002,0.030925
48061013003,0.013863
48061013004,0.164025
48061013102,0.058313
48061013104,0.007959
48061013106,0.115548
48061013203,0.03418
48061013204,0.015018
48061013205,0.143092
48061013206,0.161472
48061013207,0.065669
48061013303,0.151371
48061013305,0.017253
48061013306,0.020454
48061013307,0.026584
48061013308,0.036133
48061013309,0.00784
48061013401,0.020839
48061013402,0.101402
48061013500,0.004796
48061013600,0.140168
48061013700,0.088649
48061013801,0.004785
48061013802,0.013565
48061013901,0.005561
48061013902,0.049311
48061013903,0.021471
48061014001,0.010889
48061014002,0.031299
48061014101,0.007406
48061014102,0.008626
48061014103,0.009379
48061014201,0.172603
48061014202,0.090722
48061014300,0.124276
48061014401,0.042367
48061014402,0.023384
48061014403,0.009673
48061014404,0.003121
48061014501,0.007731
48061014502,0.002035
48061980001,0.082828
48061980100,0.038086
48063950101,0.045448
48063950102,0.189793
48063950200,0.114754
48073950100,0.196379
48073950201,0.064065
48073950202,0.056106
48073950301,0.113727
48073950302,0.123438
48073950400,0.1534
48073950500,0.114876
48073950600,0.132004
48073950700,0.157861
48073950801,0.075465
48073950802,0.09945
48073950900,0.139667
48073951000,0.146815
48073951100,0.158946
48077030302,0.074658
48081950100,0.0279
48081950200,0.154708
48083950300,0.073235
48083950600,0.116999
48083950700,0.022263
48085030101,0.011966
48085030102,0.065274
48085030201,0.057533
48085030202,0.028864
48085030204,0.013186
48085030205,0.018882
48085030206,0.007549
48085030207,0.035776
48085030301,0.014918
48085030302,0.004893
48085030303,0.032169
48085030304,0.014825
48085030306,0.038332
48085030307,0.021295
48085030403,0.039588
48085030404,0.012658
48085030405,0.004789
48085030406,0.00813
48085030407,0.069826
48085030409,0.020336
48085030410,0.021735
48085030504,0.028303
48085030505,0.025579
48085030506,0.006708
48085030507,0.043923
48085030509,0.004852
48085030510,0.004553
48085030511,0.008466
48085030512,0.007549
48085030515,0.006351
48085030516,0.004553
48085030517,0.020259
48085030518,0.0055
48085030519,0.02088
48085030520,0.004002
48085030521,0.003747
48085030524,0.014361
48085030525,0.004089
48085030529,0.024739
48085030531,0.01346
48085030532,0.013172
48085030533,0.003916
48085030534,0.009243
48085030535,0.012043
48085030536,0.002441
48085030537,0.003349
48085030538,0.01951
48085030539,0.007524
48085030540,0.023156
48085030541,0.00575
48085030542,0.010395
48085030543,0.007455
48085030544,0.013531
48085030545,0.038673
48085030546,0.006827
48085030547,0.041177
48085030548,0.006235
48085030549,0.02918
48085030550,0.003241
48085030604,0.014597
48085030605,0.051416
48085030606,0.016535
48085030607,0.016462
48085030608,0.039514
48085030609,0.004824
48085030701,0.037218
48085030702,0.051359
48085030801,0.021839
48085030802,0.013394
48085030901,0.093932
48085030902,0.022624
48085030903,0.005805
48085031003,0.043865
48085031005,0.021132
48085031006,0.094412
48085031007,0.024476
48085031008,0.003893
48085031101,0.057493
48085031102,0.140513
48085031201,0.021943
48085031202,0.022735
48085031308,0.010863
48085031314,0.009717
48085031318,0.005145
48085031319,0.009808
48085031320,0.018818
48085031321,0.006049
48085031322,0.030974
48085031323,0.003402
48085031324,0.001657
48085031325,0.027018
48085031326,0.010459
48085031327,0.02425
48085031328,0.007238
48085031329,0.004952
48085031330,0.006535
48085031331,0.002586
48085031332,0.029661
48085031333,0.009733
48085031334,0.020414
48085031335,0.054755
48085031336,0.010811
48085031408,0.018941
48085031411,0.005459
48085031412,0.014126
48085031413,0.005689
48085031414,0.006439
48085031415,0.072759
48085031416,0.051628
48085031417,0.007465
48085031418,0.012416
48085031419,0.003016
48085031420,0.004823
48085031421,0.006755
48085031422,0.003832
48085031423,0.020398
48085031424,0.006032
48085031425,0.009938
48085031504,0.001928
48085031507,0.031047
48085031508,0.010106
48085031509,0.00667
48085031510,0.021204
48085031511,0.01551
48085031512,0.004913
48085031611,0.029499
48085031613,0.007468
48085031621,0.02455
48085031622,0.012896
48085031623,0.006709
48085031624,0.026896
48085031625,0.007289
48085031626,0.006809
48085031627,0.009583
48085031628,0.004508
48085031629,0.011434
48085031630,0.004639
48085031631,0.009725
48085031632,0.007302
48085031633,0.016927
48085031634,0.003195
48085031635,0.010032
48085031636,0.008862
48085031639,0.004589
48085031641,0.005223
48085031642,0.006022
48085031643,0.005592
48085031645,0.051525
48085031646,0.006999
48085031647,0.015929
48085031649,0.016125
48085031654,0.006645
48085031655,0.027062
48085031657,0.020503
48085031659,0.007593
48085031660,0.006972
48085031661,0.01265
48085031662,0.012989
48085031663,0.030946
48085031664,0.00684
48085031665,0.009028
48085031666,0.014178
48085031667,0.057041
48085031668,0.02687
48085031669,0.006999
48085031670,0.016846
48085031671,0.04077
48085031672,0.006289
48085031673,0.019179
48085031674,0.008593
48085031675,0.003215
48085031676,0.002178
48085031677,0.00472
48085031678,0.010376
48085031679,0.013804
48085031680,0.016224
48085031681,0.006348
48085031682,0.008626
48085031704,0.01662
48085031706,0.036927
48085031708,0.056486
48085031709,0.012036
48085031711,0.022367
48085031713,0.101559
48085031715,0.091292
48085031716,0.110962
48085031717,0.162195
48085031718,0.012333
48085031719,0.005269
48085031720,0.097984
48085031721,0.028649
48085031722,0.165741
48085031723,0.101362
48085031724,0.05305
48085031806,0.014489
48085031807,0.010135
48085031808,0.008463
48085031809,0.019942
48085031810,0.03553
48085031811,0.061229
48085031812,0.007702
48085031813,0.003689
48085031814,0.005107
48085031815,0.006014
48085031816,0.023003
48085031901,0.006084
48085031902,0.037858
48085031903,0.024192
48085031904,0.021969
48085032003,0.009196
48085032008,0.007324
48085032010,0.015082
48085032012,0.005859
48085032013,0.037272
48085032014,0.003776
48085032015,0.012939
48085032016,0.009836
48085032017,0.009178
48085032018,0.016306
48085032019,0.022783
48089750100,0.095947
48089750200,0.102251
48089750300,0.024082
48089750400,0.026823
48089750500,0.047934
48091310100,0.039223
48091310200,0.004039
48091310301,0.018273
48091310302,0.070317
48091310401,0.025819
48091310404,0.005628
48091310405,0.110165
48091310406,0.053212
48091310501,0.022227
48091310502,0.025849
48091310503,0.068473
48091310603,0.035556
48091310604,0.075049
48091310608,0.03064
48091310609,0.01281
48091310610,0.030984
48091310611,0.028188
48091310612,0.05583
48091310613,0.02409
48091310614,0.022826
48091310702,0.087467
48091310703,0.062573
48091310705,0.123696
48091310706,0.023096
48091310707,0.026176
48091310708,0.028775
48091310801,0.051879
48091310803,0.029074
48091310804,0.033539
48091310901,0.031067
48091310903,0.054557
48091310904,0.039752
48091310905,0.014456
48093950101,0.083994
48093950102,0.119075
48093950200,0.028644
48093950300,0.097319
48093950400,0.14383
48095950300,0.111409
48097000100,0.180751
48097000200,0.113965
48097000400,0.08388
48097000500,0.012866
48097000600,0.202535
48097000701,0.01544
48097000702,0.031576
48097000900,0.031819
48097001100,0.056974
48099010101,0.05959
48099010102,0.020551
48099010201,0.028804
48099010202,0.09707
48099010300,0.114231
48099010400,0.033298
48099010501,0.008731
48099010502,0.014261
48099010503,0.047209
48099010504,0.050421
48099010601,0.006114
48099010603,0.006581
48099010604,0.010823
48099010701,0.020906
48099010702,0.146651
48099010802,0.039859
48099010803,0.073547
48099010804,0.085607
48099980000,0.033455
48105950100,0.066301
48107950100,0.025093
48107950200,0.015038
48107950300,0.038963
48113000100,0.091128
48113000201,0.100018
48113000202,0.074878
48113000300,0.073768
48113000401,0.011951
48113000405,0.029183
48113000407,0.031433
48113000408,0.016136
48113000409,0.069214
48113000410,0.007235
48113000501,0.010478
48113000502,0.02189
48113000503,0.053292
48113000605,0.009219
48113000606,0.075931
48113000607,0.005656
48113000608,0.027572
48113000609,0.008601
48113000610,0.004902
48113000611,0.020806
48113000703,0.012197
48113000704,0.020221
48113000705,0.029717
48113000706,0.068988
48113000801,0.004964
48113000802,0.045966
48113000901,0.056143
48113000902,0.08677
48113001001,0.038967
48113001002,0.038583
48113001101,0.048032
48113001102,0.063758
48113001202,0.074324
48113001203,0.15176
48113001204,0.14619
48113001301,0.018584
48113001302,0.027
48113001400,0.086971
48113001502,0.017483
48113001503,0.006517
48113001504,0.006997
48113001601,0.012097
48113001602,0.008998
48113001703,0.03541
48113001705,0.014747
48113001801,0.056422
48113001802,0.051251
48113001901,0.056188
48113001902,0.039657
48113002001,0.066696
48113002002,0.005376
48113002100,0.036624
48113002200,0.017958
48113002400,0.043454
48113002500,0.047017
48113002703,0.149964
48113003102,0.034396
48113003103,0.161584
48113003700,0.144775
48113004201,0.023909
48113004202,0.004082
48113004300,0.008506
48113004400,0.037505
48113004500,0.009444
48113004600,0.007774
48113004700,0.026276
48113004800,0.004278
48113005000,0.006854
48113005100,0.012632
48113005200,0.008838
48113005300,0.004077
48113005400,0.002184
48113005500,0.013818
48113005600,0.004703
48113005700,0.019651
48113005901,0.002946
48113005902,0.002848
48113006001,0.005951
48113006002,0.0204
48113006100,0.007136
48113006200,0.110591
48113006301,0.014841
48113006302,0.015486
48113006401,0.004041
48113006402,0.045959
48113006501,0.002321
48113006502,0.01843
48113006701,0.002764
48113006702,0.025394
48113006800,0.020609
48113006900,0.019715
48113007101,0.045868
48113007102,0.030308
48113007203,0.023629
48113007204,0.007937
48113007205,0.01724
48113007206,0.072715
48113007301,0.06957
48113007302,0.049712
48113007601,0.018445
48113007604,0.004779
48113007605,0.042714
48113007701,0.048367
48113007702,0.050665
48113007801,0.026344
48113007805,0.009811
48113007809,0.048637
48113007810,0.014696
48113007812,0.00706
48113007815,0.018818
48113007819,0.066618
48113007821,0.031536
48113007822,0.02884
48113007823,0.039621
48113007824,0.011953
48113007825,0.009888
48113007826,0.022624
48113007827,0.043069
48113007828,0.110669
48113007829,0.010569
48113007830,0.104771
48113007831,0.050403
48113007832,0.205803
48113007833,0.012663
48113007834,0.039104
48113007835,0.185835
48113007902,0.057926
48113007903,0.059287
48113007906,0.016344
48113007909,0.059045
48113007910,0.078159
48113007912,0.076991
48113007913,0.05396
48113007914,0.051333
48113007915,0.152495
48113007916,0.073253
48113008000,0.04294
48113008101,0.159599
48113008102,0.186139
48113008200,0.190726
48113008401,0.048104
48113008402,0.006348
48113008500,0.028588
48113008604,0.028626
48113008701,0.055582
48113008703,0.014752
48113008704,0.01116
48113008705,0.065881
48113008801,0.004078
48113008802,0.019284
48113009001,0.063881
48113009002,0.003305
48113009101,0.01047
48113009103,0.003094
48113009104,0.035928
48113009105,0.148753
48113009202,0.006826
48113009203,0.015737
48113009204,0.004231
48113009301,0.017965
48113009303,0.051603
48113009304,0.028297
48113009401,0.005918
48113009402,0.003881
48113009500,0.013024
48113009603,0.026596
48113009604,0.078489
48113009605,0.042607
48113009607,0.01154
48113009608,0.022515
48113009609,0.013069
48113009610,0.071519
48113009611,0.01912
48113009701,0.013868
48113009702,0.005895
48113009802,0.012976
48113009803,0.014548
48113009804,0.01361
48113009900,0.088887
48113010001,0.05435
48113010002,0.172838
48113010003,0.027019
48113010101,0.014427
48113010102,0.013124
48113010500,0.008677
48113010601,0.007834
48113010602,0.05497
48113010701,0.014406
48113010704,0.005655
48113010804,0.006043
48113010805,0.018121
48113010806,0.018555
48113010807,0.006575
48113010808,0.0146
48113010809,0.02092
48113010903,0.015078
48113010904,0.011867
48113010905,0.015873
48113010906,0.012642
48113011002,0.006265
48113011003,0.00311
48113011004,0.03099
48113011101,0.003809
48113011103,0.00264
48113011104,0.00363
48113011105,0.013491
48113011201,0.004537
48113011202,0.017618
48113011300,0.009404
48113011401,0.0136
48113011500,0.037212
48113011601,0.070027
48113011603,0.03808
48113011604,0.013364
48113011701,0.003395
48113011702,0.01236
48113011801,0.010553
48113011802,0.003908
48113011901,0.004255
48113011902,0.043181
48113012000,0.00486
48113012101,0.032105
48113012102,0.008848
48113012206,0.014776
48113012207,0.009044
48113012208,0.001999
48113012209,0.032183
48113012210,0.02258
48113012211,0.027474
48113012212,0.015425
48113012213,0.006965
48113012301,0.09543
48113012302,0.066668
48113012400,0.058338
48113012501,0.159207
48113012502,0.158049
48113012601,0.131902
48113012603,0.108353
48113012604,0.081026
48113012701,0.080222
48113012702,0.164436
48113012801,0.1723
48113012802,0.099908
48113012900,0.081144
48113013005,0.035151
48113013007,0.059302
48113013008,0.003508
48113013009,0.025631
48113013010,0.053276
48113013011,0.030228
48113013012,0.043983
48113013013,0.036153
48113013101,0.015243
48113013102,0.00606
48113013104,0.030436
48113013106,0.010385
48113013107,0.028214
48113013201,0.036752
48113013202,0.040055
48113013300,0.017857
48113013400,0.047415
48113013500,0.003693
48113013605,0.022673
48113013606,0.014101
48113013607,0.007261
48113013608,0.017213
48113013609,0.015119
48113013610,0.005418
48113013611,0.041196
48113013615,0.124476
48113013617,0.07345
48113013618,0.046591
48113013619,0.007721
48113013620,0.065521
48113013621,0.086712
48113013622,0.053997
48113013624,0.047218
48113013625,0.110407
48113013626,0.119991
48113013627,0.109819
48113013628,0.0119
48113013629,0.060517
48113013630,0.211636
48113013631,0.048043
48113013715,0.007043
48113013716,0.016571
48113013717,0.002318
48113013718,0.007142
48113013719,0.064502
48113013720,0.039289
48113013721,0.011595
48113013722,0.017964
48113013725,0.257751
48113013726,0.009558
48113013727,0.009545
48113013728,0.005488
48113013729,0.014581
48113013804,0.012978
48113013805,0.010933
48113013806,0.01672
48113013807,0.021163
48113013808,0.023073
48113013901,0.003388
48113013902,0.006193
48113014001,0.020716
48113014002,0.021708
48113014119,0.013559
48113014120,0.006285
48113014121,0.016364
48113014123,0.014175
48113014124,0.026754
48113014126,0.012355
48113014128,0.004619
48113014130,0.014959
48113014132,0.0023
48113014134,0.039276
48113014135,0.010411
48113014138,0.004275
48113014139,0.008438
48113014140,0.013825
48113014141,0.005987
48113014142,0.003447
48113014143,0.057649
48113014144,0.028438
48113014145,0.034333
48113014146,0.016969
48113014147,0.023068
48113014148,0.013835
48113014149,0.005039
48113014150,0.053732
48113014151,0.014607
48113014152,0.131592
48113014153,0.023222
48113014154,0.00527
48113014155,0.012367
48113014156,0.005453
48113014157,0.014228
48113014158,0.004053
48113014159,0.029309
48113014160,0.016024
48113014161,0.016953
48113014203,0.003694
48113014204,0.00566
48113014205,0.052685
48113014207,0.037395
48113014208,0.039783
48113014209,0.037416
48113014306,0.004526
48113014308,0.010196
48113014309,0.054264
48113014310,0.0057
48113014313,0.058925
48113014314,0.007272
48113014315,0.005148
48113014316,0.160694
48113014317,0.01513
48113014318,0.004034
48113014319,0.080695
48113014320,0.051326
48113014405,0.012137
48113014406,0.018226
48113014407,0.015868
48113014408,0.022493
48113014409,0.031497
48113014410,0.007735
48113014501,0.00847
48113014502,0.016221
48113014601,0.007056
48113014602,0.014595
48113014603,0.005384
48113014701,0.016166
48113014704,0.005371
48113014903,0.083451
48113015001,0.009382
48113015002,0.00369
48113015101,0.005411
48113015102,0.00655
48113015202,0.108149
48113015205,0.02938
48113015206,0.005131
48113015207,0.164124
48113015208,0.002489
48113015303,0.024508
48113015304,0.050285
48113015305,0.009434
48113015306,0.003259
48113015403,0.036138
48113015404,0.091984
48113015405,0.015973
48113015406,0.028444
48113015500,0.048421
48113015600,0.036301
48113015700,0.030732
48113015900,0.056999
48113016001,0.052898
48113016002,0.005809
48113016100,0.045669
48113016201,0.008592
48113016203,0.083336
48113016204,0.006048
48113016301,0.137418
48113016302,0.025604
48113016406,0.012033
48113016407,0.026539
48113016409,0.009657
48113016410,0.014131
48113016412,0.005815
48113016414,0.011585
48113016415,0.003205
48113016416,0.004965
48113016417,0.002778
48113016418,0.145421
48113016419,0.019837
48113016420,0.004568
48113016421,0.028112
48113016511,0.007243
48113016513,0.009409
48113016516,0.003183
48113016517,0.011605
48113016518,0.009971
48113016519,0.010189
48113016521,0.104448
48113016522,0.089159
48113016524,0.014632
48113016525,0.010783
48113016526,0.014715
48113016527,0.007657
48113016528,0.006388
48113016529,0.00184
48113016530,0.014052
48113016531,0.01965
48113016532,0.00191
48113016533,0.051425
48113016534,0.01356
48113016535,0.037333
48113016536,0.006744
48113016607,0.031459
48113016610,0.004735
48113016615,0.00458
48113016616,0.025298
48113016617,0.006271
48113016618,0.010669
48113016619,0.009969
48113016620,0.008865
48113016621,0.005063
48113016622,0.010587
48113016623,0.007217
48113016624,0.038131
48113016626,0.005863
48113016627,0.004193
48113016628,0.02339
48113016629,0.050097
48113016630,0.004226
48113016631,0.01204
48113016632,0.148543
48113016633,0.009795
48113016634,0.063497
48113016635,0.063999
48113016636,0.012825
48113016637,0.018859
48113016638,0.011558
48113016704,0.130825
48113016706,0.017076
48113016707,0.01396
48113016708,0.012571
48113016709,0.010429
48113016710,0.019281
48113016711,0.050582
48113016802,0.015558
48113016803,0.00694
48113016805,0.006293
48113016806,0.009442
48113016902,0.022995
48113016903,0.0126
48113017005,0.043509
48113017006,0.007117
48113017007,0.006944
48113017008,0.019602
48113017009,0.038737
48113017010,0.003918
48113017101,0.006967
48113017102,0.112309
48113017201,0.01235
48113017203,0.0417
48113017204,0.039157
48113017307,0.036258
48113017308,0.002934
48113017309,0.006379
48113017310,0.004538
48113017311,0.008713
48113017312,0.004941
48113017313,0.03661
48113017314,0.003837
48113017315,0.013896
48113017400,0.004944
48113017500,0.074273
48113017602,0.009204
48113017604,0.04323
48113017605,0.005903
48113017606,0.005046
48113017703,0.009331
48113017704,0.021693
48113017705,0.035317
48113017706,0.010955
48113017805,0.014866
48113017806,0.020155
48113017808,0.041435
48113017811,0.075731
48113017812,0.087889
48113017814,0.052161
48113017815,0.004832
48113017816,0.034353
48113017817,0.051579
48113017818,0.003885
48113017819,0.046092
48113017820,0.046049
48113017900,0.071988
48113018001,0.06836
48113018002,0.078177
48113018105,0.015787
48113018110,0.009209
48113018111,0.116933
48113018120,0.005
48113018121,0.006055
48113018126,0.112253
48113018127,0.113063
48113018128,0.116266
48113018129,0.054833
48113018130,0.05812
48113018132,0.019763
48113018133,0.111848
48113018134,0.012684
48113018135,0.006857
48113018137,0.007622
48113018138,0.004083
48113018140,0.096107
48113018141,0.026599
48113018142,0.029685
48113018143,0.053928
48113018144,0.01477
48113018145,0.062084
48113018146,0.005847
48113018147,0.002883
48113018148,0.020076
48113018149,0.026565
48113018150,0.005123
48113018151,0.025372
48113018152,0.040146
48113018153,0.002611
48113018154,0.032183
48113018155,0.006344
48113018156,0.052925
48113018157,0.010886
48113018158,0.167335
48113018159,0.01438
48113018203,0.02102
48113018204,0.009543
48113018205,0.002786
48113018206,0.006299
48113018300,0.014593
48113018401,0.044484
48113018402,0.051205
48113018403,0.130757
48113018501,0.066613
48113018505,0.049264
48113018506,0.015831
48113018507,0.009872
48113018508,0.021475
48113018600,0.006868
48113018700,0.093795
48113018801,0.005175
48113018802,0.014954
48113018900,0.01889
48113019013,0.009067
48113019016,0.13746
48113019018,0.002443
48113019019,0.048351
48113019020,0.040664
48113019023,0.004807
48113019024,0.008703
48113019025,0.017662
48113019026,0.010021
48113019027,0.007158
48113019028,0.004356
48113019029,0.026958
48113019031,0.012981
48113019032,0.014235
48113019033,0.020358
48113019034,0.009466
48113019035,0.007947
48113019036,0.248516
48113019037,0.009333
48113019039,0.013554
48113019040,0.012991
48113019041,0.009959
48113019042,0.011442
48113019044,0.019651
48113019045,0.030912
48113019046,0.005216
48113019047,0.001233
48113019048,0.009018
48113019049,0.034815
48113019050,0.050262
48113019051,0.009822
48113019052,0.014116
48113019053,0.130415
48113019101,0.023092
48113019102,0.10078
48113019202,0.011735
48113019203,0.010882
48113019205,0.006999
48113019208,0.013722
48113019210,0.021617
48113019211,0.015606
48113019212,0.008279
48113019213,0.022912
48113019214,0.004621
48113019215,0.013629
48113019216,0.007218
48113019301,0.017657
48113019302,0.015005
48113019400,0.004923
48113019501,0.024938
48113019502,0.020912
48113019600,0.022593
48113019700,0.00987
48113019800,0.033673
48113019900,0.024007
48113020000,0.010179
48113020100,0.077308
48113020200,0.074111
48113020300,0.022501
48113020401,0.046224
48113020402,0.020863
48113020500,0.003699
48113020600,0.027736
48113020700,0.016035
48113020800,0.003489
48113020900,0.022372
48113021000,0.003616
48113021100,0.102527
48113021200,0.033172
48113980000,0.106558
48113980100,0.144678
48113980200,0.000977
48115950401,0.138329
48115950402,0.127222
48115950500,0.143812
48115950600,0.120864
48119950100,0.049499
48119950200,0.124026
48121020109,0.008699
48121020110,0.017489
48121020111,0.01467
48121020112,0.079549
48121020115,0.006266
48121020116,0.010905
48121020117,0.072595
48121020118,0.08771
48121020119,0.006704
48121020120,0.019573
48121020121,0.052843
48121020122,0.033864
48121020123,0.082265
48121020124,0.004919
48121020125,0.074937
48121020126,0.008683
48121020127,0.014328
48121020128,0.046842
48121020129,0.018262
48121020130,0.043169
48121020131,0.037909
48121020132,0.039844
48121020133,0.004666
48121020134,0.024741
48121020135,0.13256
48121020136,0.155918
48121020137,0.077997
48121020203,0.007155
48121020204,0.058594
48121020205,0.045271
48121020206,0.132115
48121020207,0.088572
48121020208,0.005865
48121020305,0.024851
48121020310,0.014063
48121020311,0.032152
48121020312,0.010879
48121020313,0.016055
48121020314,0.046412
48121020315,0.057761
48121020316,0.011696
48121020317,0.006519
48121020318,0.041201
48121020319,0.061903
48121020320,0.011642
48121020321,0.002643
48121020322,0.014802
48121020402,0.03328
48121020403,0.026226
48121020404,0.04497
48121020405,0.045563
48121020504,0.013109
48121020505,0.08448
48121020506,0.107468
48121020507,0.007789
48121020508,0.005866
48121020601,0.014868
48121020603,0.155046
48121020604,0.007222
48121020605,0.059667
48121020700,0.013179
48121020800,0.048841
48121020900,0.011302
48121021000,0.002766
48121021100,0.035558
48121021202,0.027459
48121021203,0.04242
48121021204,0.012486
48121021301,0.063266
48121021304,0.006649
48121021305,0.047912
48121021306,0.04734
48121021307,0.0072
48121021410,0.01793
48121021411,0.0374
48121021412,0.136564
48121021413,0.008402
48121021414,0.109435
48121021415,0.03924
48121021416,0.005028
48121021417,0.02019
48121021418,0.003654
48121021419,0.007894
48121021420,0.021679
48121021421,0.029405
48121021422,0.006803
48121021423,0.012636
48121021502,0.007722
48121021505,0.015738
48121021512,0.01683
48121021513,0.041244
48121021514,0.006982
48121021516,0.006552
48121021517,0.178121
48121021518,0.031152
48121021520,0.005357
48121021521,0.073212
48121021522,0.010872
48121021526,0.010719
48121021528,0.01282
48121021529,0.005131
48121021530,0.016923
48121021531,0.012394
48121021532,0.009846
48121021533,0.002522
48121021534,0.006901
48121021535,0.015309
48121021536,0.048897
48121021537,0.039017
48121021538,0.003456
48121021539,0.01171
48121021540,0.006237
48121021611,0.018796
48121021612,0.01321
48121021613,0.007938
48121021614,0.005142
48121021615,0.015161
48121021616,0.006241
48121021618,0.012858
48121021619,0.012042
48121021620,0.026864
48121021621,0.017696
48121021622,0.008254
48121021626,0.018255
48121021630,0.004121
48121021631,0.013393
48121021632,0.006552
48121021633,0.008758
48121021634,0.037101
48121021635,0.010189
48121021637,0.017695
48121021638,0.004303
48121021639,0.010958
48121021640,0.004671
48121021641,0.047497
48121021642,0.05223
48121021643,0.008012
48121021644,0.014875
48121021645,0.078442
48121021646,0.014246
48121021647,0.025764
48121021648,0.001402
48121021649,0.026418
48121021650,0.018344
48121021651,0.009481
48121021652,0.008326
48121021653,0.008028
48121021654,0.028343
48121021655,0.01984
48121021715,0.009033
48121021716,0.032689
48121021717,0.004211
48121021719,0.017191
48121021720,0.016486
48121021721,0.002347
48121021722,0.010491
48121021723,0.014192
48121021724,0.006413
48121021725,0.035579
48121021726,0.004351
48121021727,0.005695
48121021728,0.099053
48121021729,0.011508
48121021730,0.003526
48121021731,0.005249
48121021732,0.23403
48121021733,0.024792
48121021734,0.099255
48121021735,0.014094
48121021736,0.017133
48121021737,0.033423
48121021738,0.048463
48121021739,0.088554
48121021740,0.002116
48121021741,0.00293
48121021742,0.021769
48121021743,0.071615
48121021744,0.016499
48121021745,0.009428
48121021746,0.025442
48121021748,0.02577
48121021749,0.009867
48121021750,0.015875
48121021751,0.008719
48121021752,0.003972
48121021754,0.022673
48121021755,0.006412
48121021756,0.071033
48121021757,0.038944
48121021758,0.011541
48121021759,0.031291
48121021800,0.012613
48121021900,0.003909
48123970100,0.047823
48123970201,0.157731
48123970202,0.100442
48123970300,0.087968
48123970400,0.040719
48123970500,0.088195
48125950300,0.085546
48127950201,0.136897
48127950202,0.108501
48127950400,0.159652
48131950100,0.026219
48131950200,0.06245
48131950500,0.021736
48133950100,0.057961
48133950201,0.032375
48133950202,0.040965
48133950301,0.094193
48133950302,0.064029
48133950400,0.02586
48133950500,0.022206
48137950300,0.123474
48139060103,0.033857
48139060104,0.01271
48139060105,0.011166
48139060106,0.009961
48139060206,0.091562
48139060207,0.046461
48139060209,0.009577
48139060211,0.013411
48139060212,0.015135
48139060215,0.010082
48139060216,0.108062
48139060217,0.0121
48139060218,0.005172
48139060219,0.021635
48139060220,0.003376
48139060221,0.006954
48139060300,0.001459
48139060400,0.109108
48139060500,0.029124
48139060601,0.097786
48139060602,0.021575
48139060702,0.049438
48139060704,0.049492
48139060801,0.015689
48139060802,0.044553
48139060803,0.040412
48139060900,0.010904
48139061000,0.107594
48139061100,0.021099
48139061200,0.097193
48139061300,0.057537
48139061401,0.026118
48139061402,0.019535
48139061500,0.068535
48139061600,0.050374
48139061700,0.049972
48143950100,0.094156
48143950201,0.081023
48143950203,0.030112
48143950204,0.023913
48143950301,0.06416
48143950302,0.077451
48143950401,0.118985
48143950402,0.019918
48143950501,0.082121
48143950502,0.141253
48143950600,0.111893
48143950700,0.132099
48145000200,0.143746
48145000300,0.176389
48145000400,0.147481
48145000500,0.03704
48145000700,0.026918
48145000800,0.043938
48147950100,0.040859
48147950300,0.082482
48147950401,0.139132
48147950402,0.112116
48147950500,0.180524
48147950600,0.237801
48147950701,0.030527
48147950702,0.090979
48147950800,0.06591
48149970100,0.038989
48149970200,0.129313
48149970301,0.107217
48149970302,0.076295
48149970400,0.073897
48149970500,0.027431
48149970601,0.042433
48149970602,0.083658
48149970700,0.06781
48151950300,0.034051
48151950400,0.152626
48155950100,0.023813
48157670101,0.008722
48157670102,0.029411
48157670201,0.004256
48157670202,0.012896
48157670300,0.08643
48157670400,0.005977
48157670500,0.095585
48157670602,0.004411
48157670603,0.008191
48157670604,0.003205
48157670700,0.063477
48157670801,0.169138
48157670802,0.00475
48157670803,0.019383
48157670804,0.214913
48157670902,0.206555
48157670903,0.166388
48157670904,0.005733
48157671001,0.007103
48157671002,0.011563
48157671101,0.062446
48157671102,0.004974
48157671200,0.006038
48157671300,0.003824
48157671401,0.014086
48157671402,0.021737
48157671501,0.00588
48157671502,0.045392
48157671601,0.010603
48157671602,0.015523
48157671700,0.01799
48157671800,0.018983
48157671900,0.008478
48157672002,0.05858
48157672003,0.006256
48157672004,0.005333
48157672100,0.015927
48157672201,0.089152
48157672202,0.013356
48157672303,0.035405
48157672304,0.007338
48157672305,0.039189
48157672306,0.008411
48157672401,0.059043
48157672402,0.027419
48157672500,0.013972
48157672602,0.004252
48157672603,0.003742
48157672604,0.009254
48157672701,0.005497
48157672702,0.00605
48157672703,0.011488
48157672801,0.05162
48157672802,0.072362
48157672901,0.010189
48157672902,0.004854
48157672903,0.016808
48157672904,0.047363
48157672905,0.019885
48157672906,0.017097
48157672907,0.003825
48157673004,0.008537
48157673005,0.00935
48157673006,0.011365
48157673007,0.017735
48157673008,0.004736
48157673009,0.040111
48157673010,0.003739
48157673103,0.043989
48157673104,0.009279
48157673105,0.035593
48157673106,0.020599
48157673107,0.006651
48157673108,0.009313
48157673109,0.012381
48157673110,0.006442
48157673111,0.008567
48157673112,0.015734
48157673113,0.001729
48157673201,0.003975
48157673202,0.019463
48157673300,0.021336
48157673401,0.011162
48157673402,0.018981
48157673403,0.018858
48157673404,0.021391
48157673501,0.030238
48157673502,0.010607
48157673600,0.045586
48157673700,0.101582
48157673801,0.16714
48157673802,0.084477
48157673902,0.008926
48157673903,0.012894
48157673904,0.008493
48157674001,0.004905
48157674002,0.010939
48157674100,0.009237
48157674200,0.010093
48157674301,0.007991
48157674302,0.01223
48157674401,0.004007
48157674402,0.022915
48157674403,0.013428
48157674404,0.042139
48157674503,0.007094
48157674504,0.011841
48157674505,0.032844
48157674506,0.006565
48157674507,0.0449
48157674508,0.052221
48157674601,0.043851
48157674602,0.017463
48157674603,0.017443
48157674604,0.012992
48157674701,0.131173
48157674702,0.011122
48157674800,0.017009
48157674900,0.236779
48157675000,0.094004
48157675101,0.010295
48157675102,0.043988
48157675200,0.081552
48157675300,0.047027
48157675401,0.165509
48157675402,0.083564
48157675501,0.02927
48157675502,0.011069
48157675503,0.006429
48157675600,0.012923
48157675701,0.015374
48157675702,0.002375
48157675800,0.063856
48159950101,0.048578
48159950102,0.025769
48159950200,0.102162
48159950300,0.112421
48161000101,0.028944
48161000102,0.16314
48161000200,0.129894
48161000300,0.049052
48161000400,0.061486
48161000600,0.027635
48161000700,0.037949
48161000900,0.199673
48163950101,0.023299
48163950102,0.041225
48163950201,0.150784
48163950202,0.053937
48163950301,0.153206
48163950302,0.102765
48167720100,0.010352
48167720200,0.020153
48167720301,0.043306
48167720302,0.006428
48167720400,0.04773
48167720501,0.010999
48167720504,0.00415
48167720505,0.033513
48167720506,0.004668
48167720507,0.008181
48167720508,0.018529
48167720509,0.117865
48167720510,0.032076
48167720511,0.032814
48167720512,0.003594
48167720601,0.008143
48167720602,0.008432
48167720603,0.00323
48167720604,0.014792
48167720605,0.041667
48167720701,0.071282
48167720702,0.08324
48167720703,0.02968
48167720800,0.01511
48167720900,0.092983
48167721101,0.021906
48167721203,0.122298
48167721204,0.004401
48167721205,0.013891
48167721206,0.149981
48167721209,0.010594
48167721301,0.006863
48167721302,0.018228
48167721401,0.00748
48167721403,0.008729
48167721501,0.087326
48167721502,0.036016
48167721901,0.009554
48167723300,0.01661
48167723401,0.03343
48167723402,0.033752
48167723403,0.031903
48167723503,0.136476
48167723504,0.041572
48167723505,0.035156
48169950101,0.064085
48169950102,0.026952
48169980000,0.022646
48171950100,0.107065
48171950200,0.023165
48171950301,0.082718
48171950302,0.067778
48171950401,0.051146
48171950402,0.186472
48171950500,0.121218
48173950100,0.073448
48175960100,0.129883
48175960200,0.043999
48177000100,0.150218
48177000200,0.075741
48177000300,0.137214
48177000400,0.13708
48177000500,0.140179
48177000600,0.02496
48181000101,0.040415
48181000102,0.043238
48181000302,0.083961
48181000304,0.040121
48181000600,0.089598
48181000700,0.121505
48181000800,0.010338
48181000901,0.179867
48181000903,0.041483
48181000904,0.025352
48181001101,0.028391
48181001103,0.116119
48181001104,0.039968
48181001200,0.0051
48181001300,0.0678
48181001400,0.044813
48181001500,0.113121
48181001700,0.013708
48181001801,0.05073
48181001802,0.016596
48181001803,0.111017
48181001901,0.089125
48181001902,0.02032
48181002000,0.048351
48183010100,0.024249
48183010201,0.115234
48183010202,0.037279
48183010401,0.094809
48183010402,0.05923
48183010700,0.08885
48185180101,0.029823
48185180102,0.0585
48185180201,0.019573
48185180202,0.017866
48185180302,0.084857
48185180303,0.007697
48185180304,0.087343
48185180400,0.043461
48187210100,0.071018
48187210200,0.076743
48187210300,0.137834
48187210400,0.101451
48187210505,0.050574
48187210506,0.05912
48187210508,0.090965
48187210509,0.004598
48187210510,0.177798
48187210511,0.089773
48187210512,0.088523
48187210513,0.035653
48187210603,0.01366
48187210606,0.018834
48187210608,0.147748
48187210609,0.007984
48187210610,0.023169
48187210611,0.001465
48187210612,0.06429
48187210613,0.010004
48187210614,0.027512
48187210705,0.024201
48187210706,0.018055
48187210707,0.017409
48187210709,0.027072
48187210710,0.043506
48187210711,0.016449
48187210712,0.013143
48187210713,0.002786
48187210715,0.012466
48187210716,0.004229
48187210717,0.005607
48187210718,0.009737
48187210803,0.017702
48187210804,0.021857
48187210805,0.069326
48187210806,0.116637
48187210902,0.011021
48187210903,0.045578
48187210904,0.130718
48187210905,0.021279
48193950100,0.03773
48193950200,0.106743
48193950300,0.068046
48201100001,0.101559
48201210400,0.009889
48201210500,0.005535
48201210600,0.010162
48201210700,0.008378
48201210800,0.013789
48201210900,0.020906
48201211000,0.018677
48201211101,0.026268
48201211102,0.00458
48201211200,0.003169
48201211301,0.012644
48201211302,0.002898
48201211400,0.007844
48201211501,0.068142
48201211502,0.04188
48201211600,0.034009
48201211700,0.041437
48201211900,0.005165
48201212300,0.011635
48201212400,0.014028
48201212500,0.031161
48201220100,0.022809
48201220200,0.00825
48201220300,0.020716
48201220400,0.027297
48201220500,0.028936
48201220600,0.010777
48201220701,0.050298
48201220702,0.041381
48201220800,0.018818
48201220900,0.050496
48201221000,0.011932
48201221100,0.011237
48201221200,0.008027
48201221301,0.036847
48201221302,0.005452
48201221400,0.011181
48201221501,0.006881
48201221502,0.027686
48201221601,0.010114
48201221602,0.015821
48201221701,0.008078
48201221702,0.034718
48201221800,0.016176
48201221900,0.068136
48201222000,0.010664
48201222100,0.007732
48201222200,0.0074
48201222300,0.003059
48201222401,0.07597
48201222402,0.010371
48201222501,0.01029
48201222502,0.175169
48201222504,0.011132
48201222505,0.012917
48201222601,0.008667
48201222602,0.006764
48201222701,0.007585
48201222702,0.038632
48201222800,0.034434
48201222900,0.026466
48201223001,0.007287
48201223002,0.009037
48201223100,0.028409
48201230100,0.007582
48201230200,0.006627
48201230300,0.011689
48201230400,0.008063
48201230500,0.014076
48201230600,0.05072
48201230700,0.00741
48201230800,0.026513
48201230900,0.007474
48201231000,0.008874
48201231100,0.134231
48201231200,0.011346
48201231300,0.002366
48201231400,0.003736
48201231500,0.026906
48201231600,0.008797
48201231700,0.048405
48201231800,0.018752
48201231900,0.024042
48201232000,0.01117
48201232100,0.005934
48201232201,0.00778
48201232202,0.027793
48201232203,0.084002
48201232303,0.005218
48201232304,0.054384
48201232305,0.036105
48201232306,0.028841
48201232402,0.017824
48201232403,0.045735
48201232404,0.047519
48201232405,0.06378
48201232500,0.130622
48201232600,0.021651
48201232701,0.032503
48201232703,0.026947
48201232704,0.032312
48201232801,0.049368
48201232802,0.014495
48201232901,0.02695
48201232902,0.03703
48201233001,0.029965
48201233002,0.036108
48201233003,0.023495
48201233101,0.016591
48201233103,0.034844
48201233104,0.049505
48201233105,0.040748
48201233200,0.017744
48201233300,0.056655
48201233400,0.016679
48201233501,0.014364
48201233502,0.034092
48201233600,0.0417
48201233701,0.04746
48201233702,0.015475
48201233703,0.058959
48201240101,0.019444
48201240102,0.044599
48201240400,0.017647
48201240503,0.00583
48201240504,0.007996
48201240505,0.01437
48201240506,0.002519
48201240600,0.015599
48201240703,0.013394
48201240704,0.015929
48201240705,0.004461
48201240706,0.015577
48201240707,0.024701
48201240802,0.00982
48201240803,0.025526
48201240804,0.015295
48201240903,0.028944
48201240904,0.011902
48201240905,0.011685
48201240906,0.003459
48201241001,0.044903
48201241002,0.006226
48201241101,0.015777
48201241103,0.007509
48201241104,0.0118
48201241105,0.195925
48201241201,0.011705
48201241202,0.132057
48201241301,0.019236
48201241302,0.01634
48201241400,0.011927
48201241501,0.028629
48201241502,0.027077
48201241503,0.047799
48201250101,0.017718
48201250102,0.093144
48201250201,0.0277
48201250202,0.033244
48201250303,0.111228
48201250304,0.063933
48201250305,0.016018
48201250306,0.018172
48201250403,0.051328
48201250404,0.006905
48201250405,0.028573
48201250406,0.051419
48201250407,0.123413
48201250408,0.008087
48201250500,0.012902
48201250601,0.04688
48201250602,0.059017
48201250701,0.014227
48201250702,0.007485
48201250801,0.009117
48201250802,0.031521
48201250901,0.0247
48201250902,0.012084
48201251000,0.0568
48201251100,0.015556
48201251200,0.01757
48201251300,0.008861
48201251401,0.013669
48201251402,0.003963
48201251501,0.008138
48201251503,0.003092
48201251504,0.00118
48201251505,0.009629
48201251600,0.057751
48201251701,0.006406
48201251702,0.023771
48201251800,0.048828
48201251902,0.035383
48201251903,0.053591
48201251904,0.009086
48201252001,0.003802
48201252002,0.045827
48201252003,0.042333
48201252100,0.015399
48201252201,0.025291
48201252202,0.140506
48201252303,0.005432
48201252304,0.012074
48201252305,0.010711
48201252306,0.014051
48201252400,0.027467
48201252500,0.147962
48201252601,0.035031
48201252602,0.114485
48201252700,0.126833
48201252800,0.008027
48201252901,0.043332
48201252902,0.011602
48201253000,0.014526
48201253202,0.022265
48201253300,0.009313
48201253502,0.028044
48201310101,0.013712
48201310102,0.011822
48201310200,0.013115
48201310300,0.002602
48201310400,0.008386
48201310500,0.014553
48201310600,0.004766
48201310700,0.005449
48201310800,0.018614
48201310900,0.006389
48201311001,0.038259
48201311002,0.097692
48201311100,0.0135
48201311200,0.041349
48201311300,0.004891
48201311400,0.005463
48201311501,0.006895
48201311502,0.011935
48201311600,0.022303
48201311701,0.006384
48201311702,0.049945
48201311800,0.037803
48201311900,0.018863
48201312000,0.0441
48201312200,0.038206
48201312300,0.010466
48201312400,0.015062
48201312501,0.01675
48201312502,0.008895
48201312601,0.101839
48201312602,0.027636
48201312603,0.016018
48201312700,0.017884
48201312800,0.012303
48201312901,0.013704
48201312902,0.009024
48201313000,0.021226
48201313101,0.012957
48201313102,0.088481
48201313201,0.029736
48201313202,0.014048
48201313300,0.005217
48201313400,0.006123
48201313500,0.006093
48201313600,0.011692
48201313700,0.046316
48201313801,0.025781
48201313802,0.019224
48201313901,0.022635
48201313902,0.008671
48201314001,0.025644
48201314003,0.127208
48201314004,0.017904
48201314005,0.017453
48201314301,0.023178
48201314302,0.043546
48201314401,0.139968
48201314402,0.22018
48201320100,0.008756
48201320201,0.037495
48201320202,0.014739
48201320500,0.029273
48201320601,0.008281
48201320602,0.006071
48201320700,0.029178
48201320800,0.051355
48201320901,0.033935
48201320902,0.003857
48201321001,0.027978
48201321002,0.023935
48201321101,0.039586
48201321102,0.010959
48201321200,0.024704
48201321301,0.020166
48201321302,0.015591
48201321401,0.017352
48201321402,0.003622
48201321500,0.06463
48201321600,0.036655
48201321700,0.009966
48201321800,0.035905
48201321900,0.010129
48201322000,0.063502
48201322100,0.012013
48201322200,0.007976
48201322600,0.095124
48201322701,0.019349
48201322702,0.030284
48201322800,0.029023
48201322900,0.011784
48201323000,0.021819
48201323100,0.017847
48201323200,0.025676
48201323300,0.013195
48201323400,0.017294
48201323500,0.034593
48201323601,0.023993
48201323602,0.051431
48201323701,0.03382
48201323702,0.04495
48201323801,0.006614
48201323802,0.011168
48201323900,0.048234
48201324000,0.042193
48201324101,0.083982
48201324102,0.24697
48201324200,0.080659
48201330101,0.017563
48201330102,0.012116
48201330200,0.009501
48201330301,0.056018
48201330302,0.045182
48201330303,0.029549
48201330400,0.045124
48201330500,0.013856
48201330600,0.015213
48201330700,0.071298
48201330801,0.071042
48201330802,0.102535
48201330901,0.011878
48201330902,0.007222
48201331100,0.014387
48201331200,0.00962
48201331300,0.035871
48201331400,0.047514
48201331501,0.166868
48201331502,0.003472
48201331602,0.004985
48201331603,0.013359
48201331604,0.007394
48201331700,0.045648
48201331800,0.020935
48201331900,0.024413
48201332000,0.013302
48201332100,0.044494
48201332200,0.005848
48201332300,0.016965
48201332400,0.009933
48201332500,0.010579
48201332600,0.006778
48201332700,0.029829
48201332800,0.046948
48201332900,0.019713
48201333000,0.022865
48201333100,0.011167
48201333201,0.030048
48201333203,0.008199
48201333204,0.022334
48201333205,0.078425
48201333301,0.005921
48201333302,0.008699
48201333501,0.047468
48201333502,0.010193
48201333600,0.1067
48201333700,0.057919
48201333801,0.084413
48201333802,0.008037
48201333903,0.013719
48201333904,0.016326
48201333905,0.010401
48201333906,0.025066
48201334001,0.005319
48201334002,0.082688
48201334003,0.048172
48201334101,0.030172
48201334102,0.062109
48201340101,0.045086
48201340102,0.010665
48201340201,0.185091
48201340202,0.027901
48201340203,0.018772
48201340301,0.015131
48201340302,0.016998
48201340400,0.017463
48201340501,0.012
48201340502,0.058413
48201340600,0.017024
48201340701,0.019798
48201340702,0.014747
48201340800,0.010069
48201340900,0.0466
48201341001,0.081984
48201341002,0.046221
48201341101,0.020297
48201341102,0.023712
48201341201,0.028187
48201341203,0.074797
48201341204,0.053414
48201341302,0.097134
48201341303,0.024681
48201341304,0.07296
48201341400,0.035601
48201341501,0.011512
48201341502,0.053382
48201342001,0.011235
48201342002,0.032069
48201342100,0.016907
48201342200,0.052346
48201342300,0.009204
48201342400,0.08552
48201342500,0.091855
48201342700,0.046628
48201342801,0.026805
48201342802,0.113152
48201342900,0.011317
48201343000,0.027499
48201343100,0.06005
48201343200,0.019368
48201343301,0.032888
48201343302,0.032273
48201343601,0.239861
48201343700,0.129866
48201350101,0.039102
48201350102,0.012622
48201350103,0.002091
48201350104,0.039592
48201350201,0.012867
48201350202,0.056809
48201350300,0.013037
48201350400,0.004692
48201350500,0.013316
48201350601,0.014819
48201350603,0.005274
48201350604,0.009
48201350700,0.003666
48201350801,0.008364
48201350803,0.015055
48201350804,0.005835
48201410101,0.017856
48201410102,0.043629
48201410201,0.06242
48201410202,0.030763
48201410300,0.028879
48201410401,0.194996
48201410402,0.033885
48201410501,0.089651
48201410502,0.088598
48201410601,0.038915
48201410602,0.019488
48201410703,0.013892
48201410704,0.060616
48201410705,0.022416
48201410706,0.005583
48201410801,0.041832
48201410802,0.009899
48201410900,0.051735
48201411001,0.100804
48201411002,0.047941
48201411003,0.02358
48201411100,0.036571
48201411200,0.100972
48201411301,0.076393
48201411302,0.135322
48201411400,0.016694
48201411503,0.025898
48201411504,0.062703
48201411505,0.014672
48201411506,0.067109
48201411507,0.092607
48201411600,0.017015
48201411700,0.014802
48201411801,0.024936
48201411802,0.018904
48201411901,0.040375
48201411902,0.023807
48201412000,0.04953
48201412201,0.021538
48201412202,0.008491
48201412300,0.075956
48201412400,0.012065
48201412500,0.040549
48201412600,0.047134
48201412700,0.006605
48201412800,0.029649
48201412901,0.110052
48201412902,0.020197
48201413000,0.015457
48201413100,0.031751
48201413203,0.013924
48201413204,0.11066
48201413205,0.066313
48201413206,0.042375
48201413301,0.014103
48201413302,0.005544
48201420100,0.005351
48201420200,0.006417
48201420300,0.004297
48201420400,0.023074
48201420500,0.022366
48201420600,0.070117
48201420700,0.005239
48201420800,0.004582
48201420900,0.011082
48201421000,0.080436
48201421101,0.007425
48201421103,0.006422
48201421104,0.020093
48201421203,0.054902
48201421204,0.011443
48201421205,0.008712
48201421206,0.002413
48201421301,0.001746
48201421302,0.005358
48201421401,0.031431
48201421402,0.005638
48201421403,0.020752
48201421501,0.008799
48201421502,0.008701
48201421601,0.013079
48201421602,0.075377
48201421700,0.003521
48201421801,0.025617
48201421802,0.015718
48201421900,0.014048
48201422000,0.003446
48201422100,0.097166
48201422200,0.004073
48201422302,0.014332
48201422303,0.018112
48201422304,0.025401
48201422403,0.00481
48201422404,0.014618
48201422405,0.02168
48201422406,0.005098
48201422501,0.016757
48201422502,0.005707
48201422601,0.010183
48201422602,0.005853
48201422701,0.004096
48201422702,0.004705
48201422800,0.006351
48201422900,0.005626
48201423001,0.016765
48201423002,0.02506
48201423100,0.041061
48201423201,0.027832
48201423203,0.004323
48201423204,0.028204
48201423301,0.01525
48201423303,0.00826
48201423304,0.012241
48201423401,0.020002
48201423402,0.005052
48201423500,0.045717
48201423600,0.020346
48201430101,0.018605
48201430102,0.012792
48201430200,0.017988
48201430300,0.014527
48201430400,0.006618
48201430500,0.118637
48201430600,0.003142
48201430700,0.080711
48201430800,0.050983
48201430900,0.051475
48201431001,0.011801
48201431002,0.022139
48201431101,0.041175
48201431102,0.020068
48201431203,0.021356
48201431204,0.021817
48201431205,0.008266
48201431206,0.022191
48201431302,0.01204
48201431303,0.016154
48201431304,0.060059
48201431401,0.014608
48201431403,0.092805
48201431404,0.028557
48201431503,0.040365
48201431504,0.018599
48201431505,0.052423
48201431506,0.012218
48201431600,0.018686
48201431701,0.027627
48201431702,0.046939
48201431801,0.019939
48201431803,0.006327
48201431804,0.068359
48201431901,0.026421
48201431902,0.02461
48201432003,0.012545
48201432004,0.016266
48201432005,0.141312
48201432006,0.003689
48201432101,0.052734
48201432102,0.072428
48201432200,0.011714
48201432301,0.049095
48201432302,0.031991
48201432303,0.056928
48201432401,0.004069
48201432402,0.014418
48201432501,0.009997
48201432502,0.012133
48201432600,0.005888
48201432703,0.021299
48201432704,0.005122
48201432705,0.004688
48201432706,0.003662
48201432803,0.006514
48201432804,0.01141
48201432805,0.014789
48201432806,0.029065
48201432901,0.060573
48201432903,0.023255
48201432904,0.043783
48201433003,0.038028
48201433004,0.018288
48201433005,0.051331
48201433006,0.008831
48201433007,0.005236
48201433100,0.075513
48201433201,0.051713
48201433202,0.0094
48201433300,0.00592
48201433400,0.004331
48201433503,0.060696
48201433504,0.003642
48201433505,0.023631
48201433506,0.02112
48201433507,0.047474
48201433601,0.016366
48201433602,0.003721
48201440101,0.003031
48201440102,0.040217
48201450100,0.033655
48201450200,0.02565
48201450301,0.00521
48201450302,0.026128
48201450401,0.054984
48201450402,0.047146
48201450500,0.034807
48201450600,0.014061
48201450700,0.017525
48201450801,0.021727
48201450803,0.029378
48201450804,0.078193
48201450900,0.065687
48201451003,0.018696
48201451004,0.030921
48201451005,0.012714
48201451006,0.048649
48201451100,0.020426
48201451200,0.015358
48201451301,0.006422
48201451302,0.006177
48201451401,0.009193
48201451404,0.026114
48201451405,0.018047
48201451406,0.008791
48201451407,0.015395
48201451501,0.029625
48201451502,0.196581
48201451603,0.015869
48201451604,0.070255
48201451605,0.011429
48201451606,0.045546
48201451700,0.055324
48201451800,0.013909
48201451902,0.011762
48201451903,0.068833
48201451904,0.005289
48201452001,0.008971
48201452002,0.014744
48201452101,0.013736
48201452102,0.014522
48201452103,0.017246
48201452202,0.018505
48201452203,0.033437
48201452204,0.05033
48201452300,0.050039
48201452401,0.028345
48201452402,0.007793
48201452501,0.00651
48201452502,0.031459
48201452601,0.013436
48201452602,0.003676
48201452701,0.005038
48201452702,0.002538
48201452703,0.033743
48201452801,0.040759
48201452802,0.028289
48201452900,0.047458
48201453001,0.035824
48201453002,0.019462
48201453100,0.019351
48201453201,0.012434
48201453202,0.019573
48201453300,0.008435
48201453401,0.029013
48201453403,0.006606
48201453404,0.047948
48201453405,0.005636
48201453501,0.020035
48201453502,0.004561
48201453601,0.045224
48201453603,0.049524
48201453604,0.005379
48201453701,0.008901
48201453702,0.017531
48201453800,0.041061
48201453901,0.005804
48201453902,0.033068
48201454000,0.009632
48201454100,0.006398
48201454200,0.026875
48201454302,0.004348
48201454303,0.027971
48201454304,0.010738
48201454305,0.009474
48201454400,0.094146
48201454502,0.007188
48201454503,0.023396
48201454504,0.005768
48201454505,0.062673
48201454600,0.009989
48201454700,0.16185
48201454801,0.058276
48201454802,0.010567
48201454901,0.019633
48201454902,0.007543
48201455000,0.016184
48201455102,0.009567
48201455103,0.248708
48201455104,0.037535
48201455200,0.029726
48201455300,0.045959
48201510100,0.055316
48201510201,0.03684
48201510202,0.009317
48201510301,0.009421
48201510302,0.015767
48201510400,0.016153
48201510500,0.013111
48201510601,0.045424
48201510602,0.032022
48201510701,0.009279
48201510702,0.026587
48201510801,0.1098
48201510802,0.012428
48201510803,0.07191
48201510901,0.019204
48201510902,0.068768
48201511001,0.017225
48201511003,0.021163
48201511004,0.012111
48201511100,0.010936
48201511201,0.037961
48201511202,0.012503
48201511301,0.021411
48201511302,0.129518
48201511400,0.0679
48201511501,0.013847
48201511502,0.009177
48201511600,0.012314
48201520100,0.009824
48201520200,0.01879
48201520301,0.004556
48201520302,0.00906
48201520400,0.033325
48201520501,0.012833
48201520502,0.007534
48201520601,0.006604
48201520603,0.025728
48201520604,0.007966
48201520700,0.016672
48201521000,0.071858
48201521100,0.005632
48201521201,0.019201
48201521202,0.017415
48201521300,0.008553
48201521401,0.036988
48201521402,0.018281
48201521501,0.022208
48201521502,0.047918
48201521600,0.269474
48201521701,0.043738
48201521702,0.084656
48201521800,0.012625
48201521900,0.004031
48201522001,0.022949
48201522002,0.004514
48201522101,0.003504
48201522102,0.004373
48201522201,0.008282
48201522202,0.011469
48201522301,0.050944
48201522302,0.008928
48201522401,0.009689
48201522402,0.030398
48201522500,0.010157
48201530101,0.038486
48201530102,0.019577
48201530200,0.016034
48201530300,0.007261
48201530400,0.033583
48201530501,0.038029
48201530502,0.002821
48201530600,0.008251
48201530701,0.046573
48201530702,0.014833
48201530800,0.003179
48201530900,0.01054
48201531000,0.005102
48201531100,0.007257
48201531200,0.001986
48201531300,0.005719
48201531400,0.005045
48201531500,0.016344
48201531600,0.005001
48201531700,0.06092
48201531800,0.033854
48201531900,0.019295
48201532003,0.005163
48201532004,0.012747
48201532101,0.014128
48201532102,0.041946
48201532200,0.011662
48201532301,0.036329
48201532302,0.010555
48201532400,0.028293
48201532502,0.015076
48201532503,0.036305
48201532504,0.039573
48201532600,0.019282
48201532700,0.043762
48201532800,0.005885
48201532900,0.049956
48201533000,0.001304
48201533100,0.004057
48201533200,0.001689
48201533301,0.00892
48201533302,0.029283
48201533401,0.02301
48201533402,0.004515
48201533500,0.015408
48201533600,0.015487
48201533701,0.012531
48201533702,0.012256
48201533802,0.008308
48201533803,0.042923
48201533804,0.074433
48201533902,0.012627
48201533903,0.004676
48201533904,0.075286
48201534001,0.068134
48201534002,0.006737
48201534003,0.044502
48201534101,0.021437
48201534102,0.018512
48201534201,0.059552
48201534203,0.014302
48201534204,0.025743
48201534205,0.005191
48201540101,0.020985
48201540102,0.024796
48201540200,0.068339
48201540502,0.014682
48201540503,0.16073
48201540504,0.110707
48201540601,0.018148
48201540602,0.010146
48201540700,0.08402
48201540800,0.011922
48201540901,0.007439
48201540903,0.050947
48201540904,0.146934
48201541004,0.065854
48201541005,0.01514
48201541006,0.015669
48201541007,0.018367
48201541008,0.045905
48201541009,0.028537
48201541100,0.004503
48201541203,0.017237
48201541204,0.05449
48201541205,0.033943
48201541206,0.005163
48201541207,0.037267
48201541301,0.020193
48201541302,0.014113
48201541401,0.081868
48201541402,0.028508
48201541403,0.023896
48201541404,0.011871
48201541500,0.010946
48201541603,0.017704
48201541604,0.015452
48201541701,0.071548
48201541702,0.014843
48201541703,0.152278
48201541801,0.058107
48201541802,0.072223
48201541901,0.002433
48201541902,0.020516
48201542001,0.045229
48201542002,0.009324
48201542003,0.044182
48201542004,0.018008
48201542103,0.016752
48201542104,0.019904
48201542105,0.025984
48201542106,0.003355
48201542107,0.043485
48201542108,0.049919
48201542201,0.011971
48201542202,0.024433
48201542203,0.026629
48201542302,0.006446
48201542303,0.016381
48201542304,0.009774
48201542305,0.004151
48201542401,0.068527
48201542402,0.007535
48201542500,0.06308
48201542600,0.010798
48201542700,0.01185
48201542800,0.005361
48201542901,0.013848
48201542902,0.016638
48201543004,0.008695
48201543005,0.012011
48201543006,0.016117
48201543007,0.019316
48201543008,0.041208
48201543009,0.046938
48201543010,0.051246
48201543011,0.006132
48201543100,0.013811
48201543201,0.007561
48201543202,0.048362
48201550101,0.014404
48201550102,0.030872
48201550201,0.009626
48201550202,0.007679
48201550303,0.004036
48201550304,0.04308
48201550305,0.01128
48201550306,0.030111
48201550307,0.007417
48201550308,0.003941
48201550403,0.075391
48201550404,0.447039
48201550405,0.00946
48201550406,0.016394
48201550407,0.02197
48201550500,0.003717
48201550601,0.018585
48201550602,0.037726
48201550603,0.051176
48201550700,0.065648
48201550800,0.021538
48201550901,0.009938
48201550902,0.002111
48201551000,0.423004
48201551101,0.046391
48201551102,0.048424
48201551201,0.008127
48201551202,0.163416
48201551300,0.028506
48201551400,0.123587
48201551501,0.003793
48201551502,0.033144
48201551601,0.073389
48201551602,0.021265
48201551702,0.040839
48201551703,0.062079
48201551704,0.010887
48201551705,0.06594
48201551800,0.034738
48201551901,0.010329
48201551902,0.044422
48201552002,0.01744
48201552003,0.033793
48201552004,0.088003
48201552101,0.048069
48201552102,0.017176
48201552103,0.034154
48201552200,0.014045
48201552301,0.008097
48201552303,0.020204
48201552304,0.028405
48201552401,0.03202
48201552402,0.010438
48201552501,0.061197
48201552502,0.013062
48201552602,0.066115
48201552603,0.05186
48201552604,0.063927
48201552701,0.04473
48201552702,0.008027
48201552801,0.165837
48201552802,0.067509
48201552901,0.027158
48201552902,0.011136
48201553001,0.014901
48201553002,0.00836
48201553101,0.040309
48201553102,0.002395
48201553201,0.011444
48201553202,0.032455
48201553300,0.039337
48201553401,0.00503
48201553403,0.013304
48201553404,0.017671
48201553405,0.019137
48201553500,0.18951
48201553601,0.022453
48201553602,0.005827
48201553700,0.019144
48201553801,0.006676
48201553803,0.025654
48201553804,0.009385
48201553901,0.008391
48201554001,0.013795
48201554002,0.009219
48201554103,0.005906
48201554104,0.04366
48201554201,0.062585
48201554202,0.015826
48201554301,0.011423
48201554302,0.104659
48201554404,0.103134
48201554405,0.038913
48201554406,0.003415
48201554407,0.00727
48201554408,0.086858
48201554409,0.144064
48201554410,0.042395
48201554501,0.014371
48201554502,0.007531
48201554600,0.029806
48201554701,0.047111
48201554702,0.007989
48201554803,0.009901
48201554804,0.01222
48201554805,0.007036
48201554806,0.04199
48201554807,0.021404
48201554808,0.004541
48201554809,0.020763
48201554902,0.048061
48201554904,0.07937
48201554905,0.010547
48201554906,0.01104
48201554907,0.004135
48201554908,0.038898
48201555001,0.010336
48201555002,0.014755
48201555101,0.020987
48201555102,0.041649
48201555200,0.0116
48201555301,0.026104
48201555303,0.014377
48201555304,0.012093
48201555305,0.016792
48201555401,0.017036
48201555403,0.027993
48201555404,0.010388
48201555501,0.083665
48201555503,0.012771
48201555504,0.002922
48201555505,0.02021
48201555600,0.094142
48201555701,0.054623
48201555703,0.014481
48201555704,0.005716
48201556000,0.047678
48201556100,0.065434
48201980000,0.179801
48201980100,0.259795
48201980200,0.091054
48201980300,0.092971
48201980400,0.141247
48201980700,0.075961
48207950300,0.070558
48207950400,0.040602
48209010100,0.061851
48209010200,0.080685
48209010302,0.064406
48209010305,0.029721
48209010306,0.017236
48209010307,0.106389
48209010308,0.045612
48209010309,0.115406
48209010401,0.014196
48209010402,0.008355
48209010500,0.043943
48209010601,0.00642
48209010602,0.185908
48209010603,0.049306
48209010702,0.048761
48209010703,0.144195
48209010704,0.055659
48209010806,0.031779
48209010807,0.030072
48209010809,0.007054
48209010810,0.094801
48209010811,0.042778
48209010812,0.077949
48209010813,0.005938
48209010814,0.022206
48209010815,0.170745
48209010816,0.152872
48209010817,0.024248
48209010818,0.042109
48209010905,0.04549
48209010909,0.030218
48209010911,0.01709
48209010912,0.021146
48209010913,0.027673
48209010914,0.008245
48209010915,0.008199
48209010916,0.014784
48209010917,0.00779
48209010918,0.01335
48209010919,0.013333
48209010920,0.021805
48209010921,0.023282
48209010922,0.007324
48209010923,0.015406
48209010924,0.009033
48209010925,0.033726
48213950101,0.027677
48213950102,0.012455
48213950201,0.003962
48213950202,0.08591
48213950301,0.092449
48213950302,0.118222
48213950303,0.065879
48213950400,0.214361
48213950500,0.075315
48213950601,0.210104
48213950603,0.18823
48213950604,0.165612
48213950700,0.147018
48213950801,0.241884
48213950802,0.147482
48213950902,0.068261
48213950903,0.176165
48213950904,0.095353
48213950905,0.074237
48213951000,0.132265
48213951101,0.019498
48213951102,0.026901
48213951201,0.049429
48213951202,0.153778
48213951300,0.127725
48213951401,0.068281
48213951402,0.075601
48213951403,0.005154
48215020103,0.003596
48215020104,0.056491
48215020105,0.08733
48215020106,0.027077
48215020107,0.015682
48215020108,0.006396
48215020205,0.163723
48215020206,0.034629
48215020207,0.012982
48215020208,0.165849
48215020209,0.081869
48215020210,0.142257
48215020211,0.018081
48215020303,0.004501
48215020304,0.149877
48215020305,0.073098
48215020306,0.152135
48215020307,0.049316
48215020403,0.049099
48215020405,0.008473
48215020406,0.003838
48215020407,0.01506
48215020408,0.077915
48215020409,0.047452
48215020505,0.026847
48215020506,0.042736
48215020507,0.071855
48215020508,0.147389
48215020509,0.003418
48215020510,0.126851
48215020511,0.007276
48215020512,0.012406
48215020513,0.037662
48215020600,0.051837
48215020724,0.07422
48215020725,0.007728
48215020727,0.003449
48215020728,0.008849
48215020729,0.024777
48215020730,0.139321
48215020731,0.004862
48215020732,0.00539
48215020733,0.019636
48215020734,0.011435
48215020735,0.005846
48215020736,0.00982
48215020804,0.037541
48215020805,0.060536
48215020806,0.009519
48215020807,0.00968
48215020808,0.011814
48215020905,0.018214
48215020906,0.09356
48215020907,0.020261
48215020908,0.013266
48215020909,0.071498
48215020910,0.029405
48215021001,0.017717
48215021002,0.073043
48215021003,0.055432
48215021100,0.063311
48215021201,0.034082
48215021203,0.086993
48215021204,0.020577
48215021306,0.032252
48215021307,0.025084
48215021308,0.057864
48215021309,0.139758
48215021310,0.140609
48215021311,0.035305
48215021312,0.141268
48215021313,0.029797
48215021314,0.049062
48215021315,0.011366
48215021401,0.058411
48215021405,0.114588
48215021406,0.004654
48215021407,0.059857
48215021408,0.005182
48215021409,0.12557
48215021500,0.112783
48215021600,0.039166
48215021703,0.019798
48215021704,0.037398
48215021705,0.043088
48215021706,0.01544
48215021707,0.034783
48215021803,0.036797
48215021804,0.018527
48215021807,0.049672
48215021808,0.022982
48215021809,0.057708
48215021810,0.042159
48215021903,0.073665
48215021904,0.029828
48215021905,0.030809
48215021906,0.053763
48215022005,0.01987
48215022006,0.005566
48215022007,0.002767
48215022008,0.035934
48215022009,0.015055
48215022010,0.047933
48215022011,0.02724
48215022105,0.009626
48215022107,0.016461
48215022108,0.057149
48215022109,0.019108
48215022110,0.005817
48215022111,0.019177
48215022112,0.034505
48215022113,0.034653
48215022203,0.004188
48215022204,0.045573
48215022205,0.034258
48215022206,0.033117
48215022301,0.009047
48215022302,0.035482
48215022401,0.020159
48215022402,0.007421
48215022502,0.011877
48215022503,0.023568
48215022504,0.012479
48215022600,0.003406
48215022703,0.026557
48215022704,0.004279
48215022705,0.014893
48215022706,0.02234
48215022801,0.13141
48215022802,0.060803
48215022900,0.040663
48215023000,0.021404
48215023103,0.115209
48215023104,0.013842
48215023105,0.022519
48215023106,0.022298
48215023516,0.022035
48215023517,0.011622
48215023518,0.050162
48215023519,0.003259
48215023520,0.034925
48215023521,0.009235
48215023522,0.031257
48215023523,0.047038
48215023524,0.005375
48215023525,0.036139
48215023526,0.095761
48215023527,0.005117
48215023528,0.012844
48215023529,0.005053
48215023530,0.008848
48215023531,0.015179
48215023532,0.010106
48215023533,0.008272
48215023534,0.017208
48215023535,0.005248
48215023536,0.075747
48215023601,0.058224
48215023602,0.01414
48215023700,0.028344
48215023803,0.018263
48215023804,0.174884
48215023805,0.00336
48215023806,0.093466
48215023903,0.147059
48215023905,0.00358
48215023906,0.01955
48215023907,0.084991
48215023908,0.027402
48215024001,0.068017
48215024002,0.054689
48215024003,0.00686
48215024004,0.030273
48215024107,0.022643
48215024108,0.008497
48215024109,0.0476
48215024115,0.017415
48215024116,0.015655
48215024117,0.028246
48215024118,0.021217
48215024119,0.063288
48215024120,0.033277
48215024121,0.036801
48215024122,0.005767
48215024123,0.008516
48215024124,0.022243
48215024125,0.111993
48215024126,0.042937
48215024127,0.011957
48215024128,0.025767
48215024129,0.00378
48215024130,0.03446
48215024131,0.008057
48215024132,0.019835
48215024204,0.051034
48215024206,0.089616
48215024207,0.046574
48215024208,0.04262
48215024209,0.081916
48215024210,0.145984
48215024211,0.052715
48215024212,0.010498
48215024301,0.019998
48215024302,0.007644
48215024403,0.038001
48215024404,0.024414
48215024405,0.010663
48215024406,0.045468
48215024501,0.002376
48215024502,0.095913
48215024600,0.040333
48215980000,0.010169
48217960100,0.033288
48217960200,0.07583
48217960400,0.038086
48217960501,0.009685
48217960502,0.016813
48217960600,0.050597
48217960700,0.061959
48217960800,0.064507
48217960900,0.122312
48217961000,0.09399
48217961100,0.109775
48217961400,0.026207
48221160100,0.076028
48221160204,0.052005
48221160206,0.166355
48221160210,0.086487
48221160211,0.167507
48221160212,0.170113
48221160213,0.07794
48221160214,0.066898
48221160215,0.251005
48221160216,0.046014
48221160217,0.06449
48221160218,0.01571
48221160302,0.028112
48221160303,0.027441
48223950100,0.063889
48223950200,0.078364
48223950301,0.036679
48223950302,0.124389
48223950401,0.052947
48223950402,0.057
48223950500,0.063226
48223950600,0.008914
48223950700,0.009451
48223950800,0.030978
48225950101,0.060764
48225950102,0.095945
48225950200,0.194265
48225950300,0.105964
48225950400,0.121343
48225950500,0.034326
48225950600,0.165087
48225950700,0.090358
48227950100,0.072763
48227950200,0.011373
48227950300,0.026259
48227950400,0.078615
48227950500,0.152143
48227950600,0.015737
48227950700,0.009865
48227950801,0.090169
48227950802,0.098747
48227950900,0.026319
48231960100,0.036447
48231960200,0.025308
48231960300,0.01105
48231960400,0.099182
48231960500,0.066333
48231960600,0.128692
48231960700,0.020654
48231960800,0.107196
48231960900,0.11359
48231961000,0.098979
48231961101,0.092377
48231961102,0.087008
48231961200,0.052705
48231961300,0.033388
48231961401,0.025133
48231961402,0.047259
48231961501,0.058388
48231961502,0.010482
48231961503,0.111241
48231961600,0.121595
48231961700,0.021118
48235950100,0.140859
48237950100,0.135603
48237950300,0.139515
48237950500,0.11754
48239950100,0.017697
48239950200,0.079143
48239950300,0.011686
48247950200,0.055167
48247950400,0.025481
48249950101,0.037658
48249950102,0.022013
48249950201,0.029914
48249950202,0.104122
48249950301,0.024448
48249950302,0.102461
48249950303,0.132864
48249950400,0.015844
48249950500,0.037047
48249950600,0.005668
48249950700,0.027788
48251130100,0.09066
48251130205,0.017851
48251130210,0.006326
48251130211,0.022585
48251130212,0.10748
48251130213,0.031898
48251130214,0.124562
48251130215,0.015183
48251130216,0.008285
48251130217,0.008786
48251130218,0.087363
48251130219,0.011865
48251130220,0.015249
48251130221,0.018068
48251130222,0.009845
48251130302,0.051687
48251130303,0.077706
48251130304,0.053521
48251130405,0.007202
48251130406,0.035174
48251130411,0.043827
48251130412,0.073832
48251130413,0.091782
48251130414,0.033197
48251130415,0.123574
48251130416,0.007372
48251130417,0.066518
48251130418,0.014768
48251130419,0.034602
48251130501,0.013618
48251130502,0.010696
48251130602,0.007472
48251130603,0.141267
48251130604,0.044471
48251130700,0.006856
48251130800,0.079862
48251130900,0.030772
48251131000,0.002441
48251131100,0.128259
48253020101,0.20977
48253020102,0.04283
48253020200,0.12536
48253020300,0.031872
48253020400,0.012423
48253020500,0.022355
48255970100,0.119899
48255970200,0.024877
48255970301,0.147052
48255970302,0.10095
48255970400,0.046251
48257050204,0.017392
48257050207,0.005724
48257050208,0.013916
48257050209,0.007055
48257050210,0.011366
48257050211,0.006451
48257050212,0.013999
48257050213,0.005239
48257050214,0.002123
48257050215,0.017486
48257050300,0.052817
48257050401,0.104426
48257050402,0.018262
48257050500,0.093362
48257050601,0.033453
48257050602,0.055172
48257050701,0.020112
48257050703,0.043167
48257050704,0.071267
48257050801,0.036659
48257050802,0.024793
48257051000,0.092297
48257051100,0.083253
48257051201,0.0417
48257051202,0.033562
48257051301,0.114491
48257051302,0.025617
48259970101,0.130978
48259970102,0.009039
48259970301,0.036187
48259970302,0.129093
48259970403,0.053639
48259970404,0.010743
48259970405,0.016778
48259970406,0.036841
48259970500,0.107747
48261950100,0.061874
48263950100,0.092583
48265960101,0.056124
48265960102,0.050834
48265960200,0.022235
48265960301,0.093927
48265960303,0.118524
48265960304,0.041611
48265960401,0.157963
48265960403,0.155581
48265960404,0.142132
48265960500,0.033831
48265960601,0.144323
48265960602,0.094563
48265960700,0.150303
48265960800,0.032976
48267950100,0.058215
48267950200,0.143312
48269950100,0.100783
48271950100,0.013107
48273020101,0.025403
48273020102,0.025205
48273020200,0.049281
48273020301,0.020515
48273020302,0.125621
48273020401,0.04947
48273020402,0.089953
48273020501,0.024595
48273020502,0.065472
48275950100,0.049651
48275950200,0.02353
48277000101,0.142715
48277000102,0.079053
48277000200,0.010614
48277000301,0.055099
48277000302,0.028081
48277000401,0.052225
48277000402,0.094732
48277000500,0.092901
48277000600,0.124146
48277000700,0.097585
48277000800,0.079961
48277000900,0.104398
48277001000,0.070544
48281950100,0.034538
48281950302,0.110668
48281950303,0.009844
48281950304,0.069658
48281950400,0.0882
48281950500,0.110637
48283950301,0.090369
48283950302,0.147868
48285000100,0.017346
48285000200,0.072241
48285000300,0.019162
48285000400,0.136329
48285000500,0.09301
48285000600,0.139252
48287000100,0.024186
48287000200,0.02123
48287000300,0.025413
48287000400,0.058452
48289950101,0.060767
48289950102,0.047824
48289950201,0.042028
48289950202,0.007107
48289950301,0.057903
48289950302,0.095881
48291700100,0.026051
48291700200,0.032558
48291700301,0.031265
48291700302,0.013292
48291700303,0.042093
48291700400,0.087908
48291700500,0.036605
48291700900,0.039382
48291701000,0.103178
48293970100,0.118855
48293970200,0.018843
48293970300,0.067133
48293970400,0.038328
48293970500,0.117486
48293970600,0.082179
48293970700,0.02005
48293970800,0.031432
48297950100,0.100641
48297950200,0.057824
48297950300,0.064643
48297950400,0.114442
48299970100,0.18574
48299970200,0.048408
48299970300,0.128482
48299970401,0.175259
48299970402,0.05182
48299970501,0.023739
48299970502,0.065286
48299970600,0.088192
48303000100,0.009173
48303000201,0.00681
48303000202,0.052544
48303000301,0.005891
48303000303,0.017428
48303000304,0.069031
48303000402,0.006566
48303000403,0.021449
48303000406,0.036201
48303000407,0.09893
48303000408,0.011525
48303000409,0.01001
48303000410,0.025883
48303000411,0.017792
48303000501,0.023468
48303000502,0.101192
48303000503,0.103166
48303000603,0.046828
48303000605,0.024382
48303000607,0.09216
48303000700,0.042154
48303000901,0.005475
48303000902,0.015493
48303001000,0.022699
48303001200,0.003177
48303001300,0.012753
48303001401,0.005995
48303001402,0.067919
48303001501,0.003724
48303001502,0.015218
48303001601,0.015999
48303001602,0.025538
48303001708,0.039312
48303001709,0.002685
48303001710,0.012479
48303001711,0.004083
48303001712,0.01249
48303001713,0.015637
48303001714,0.008899
48303001715,0.038434
48303001716,0.004875
48303001717,0.003678
48303001804,0.057648
48303001805,0.034435
48303001806,0.021291
48303001807,0.018685
48303001808,0.014196
48303001904,0.013772
48303001905,0.041327
48303001906,0.018513
48303001907,0.013114
48303001908,0.01717
48303002001,0.013634
48303002002,0.006096
48303002102,0.017177
48303002103,0.00689
48303002104,0.003337
48303002203,0.00647
48303002205,0.023763
48303002206,0.006195
48303002207,0.139217
48303002208,0.015335
48303002301,0.01819
48303002302,0.078053
48303002401,0.027655
48303002402,0.006321
48303002500,0.040652
48303010101,0.073717
48303010102,0.022719
48303010201,0.041458
48303010202,0.066391
48303010203,0.015421
48303010204,0.023099
48303010301,0.035541
48303010302,0.061494
48303010402,0.058037
48303010404,0.035416
48303010409,0.017737
48303010410,0.042763
48303010411,0.009896
48303010412,0.10198
48303010413,0.030944
48303010414,0.011391
48303010415,0.043635
48303010416,0.029353
48303010417,0.014869
48303010418,0.037381
48303010419,0.015285
48303010420,0.027186
48303010421,0.012538
48303010422,0.043945
48303010423,0.032155
48303010502,0.04721
48303010504,0.017336
48303010505,0.018625
48303010506,0.038116
48303010509,0.033674
48303010510,0.040658
48303010511,0.005778
48303010512,0.012561
48303010513,0.081086
48303010514,0.008857
48303010601,0.066201
48303010602,0.121009
48303010700,0.106446
48303980000,0.034319
48305950400,0.074862
48305950500,0.070225
48305950600,0.044223
48307950300,0.110654
48307950400,0.091697
48307950500,0.159194
48309000100,0.056733
48309000200,0.031923
48309000300,0.025365
48309000401,0.069989
48309000402,0.027658
48309000598,0.044315
48309000700,0.015009
48309000800,0.037909
48309000900,0.041754
48309001000,0.009089
48309001100,0.004767
48309001200,0.024473
48309001300,0.018863
48309001401,0.007131
48309001402,0.010404
48309001500,0.008009
48309001600,0.040416
48309001700,0.09712
48309001800,0.120196
48309001900,0.022852
48309002000,0.043127
48309002100,0.037017
48309002302,0.068413
48309002498,0.050377
48309002501,0.011172
48309002503,0.03576
48309002504,0.037611
48309002600,0.008719
48309002700,0.013032
48309002800,0.004029
48309002900,0.023211
48309003000,0.004028
48309003200,0.114631
48309003300,0.043968
48309003401,0.013019
48309003402,0.111814
48309003500,0.064334
48309003601,0.006152
48309003602,0.138901
48309003701,0.110179
48309003703,0.091601
48309003708,0.014459
48309003709,0.039036
48309003710,0.021146
48309003711,0.004169
48309003712,0.006716
48309003801,0.041643
48309003802,0.012786
48309003901,0.044585
48309003902,0.129812
48309004000,0.022103
48309004102,0.006436
48309004104,0.009928
48309004105,0.009717
48309004201,0.010149
48309004202,0.13608
48309004300,0.031741
48309980000,0.039644
48311950100,0.039363
48313000100,0.056404
48313000200,0.122492
48313000300,0.054285
48313000400,0.095749
48317950100,0.050759
48317950200,0.042108
48319950100,0.060609
48319950200,0.073983
48321730100,0.157711
48321730202,0.010178
48321730203,0.041011
48321730204,0.147896
48321730301,0.052391
48321730302,0.134447
48321730303,0.012715
48321730400,0.092362
48321730502,0.035373
48321730503,0.191039
48321730600,0.027457
48321730700,0.031256
48323950204,0.026826
48323950206,0.004097
48323950207,0.017713
48323950208,0.104478
48323950209,0.012556
48323950301,0.026599
48323950302,0.028717
48323950400,0.088409
48323950500,0.063419
48323950601,0.070075
48323950602,0.006914
48323950701,0.020459
48323950702,0.058571
48325000101,0.023663
48325000103,0.105142
48325000104,0.166734
48325000200,0.020604
48325000301,0.096285
48325000302,0.032301
48325000401,0.112091
48325000402,0.013826
48325000500,0.032015
48325000801,0.07916
48325000802,0.104124
48327950300,0.102484
48329010123,0.060975
48329010124,0.066825
48329010128,0.031333
48329010129,0.013112
48331950100,0.015548
48331950300,0.131117
48331950401,0.019101
48331950402,0.030675
48331950500,0.083991
48331950700,0.023746
48331950800,0.043311
48333950100,0.012425
48333950200,0.114624
48335950200,0.085517
48335950400,0.084694
48337950100,0.040162
48337950200,0.110238
48337950401,0.12781
48337950402,0.041858
48337950501,0.066873
48337950502,0.021109
48337950600,0.012214
48339690101,0.010729
48339690102,0.063308
48339690203,0.048014
48339690204,0.011099
48339690205,0.007808
48339690206,0.01249
48339690207,0.211174
48339690300,0.050507
48339690403,0.021431
48339690404,0.184585
48339690405,0.096541
48339690406,0.008798
48339690407,0.012623
48339690408,0.015652
48339690501,0.011042
48339690502,0.012288
48339690503,0.017076
48339690603,0.003467
48339690604,0.010221
48339690605,0.07365
48339690606,0.004273
48339690607,0.011994
48339690608,0.014771
48339690609,0.009193
48339690610,0.046589
48339690701,0.012485
48339690702,0.012781
48339690800,0.015621
48339690900,0.004845
48339691000,0.009758
48339691100,0.005595
48339691201,0.093107
48339691202,0.010637
48339691301,0.01027
48339691302,0.006823
48339691401,0.015738
48339691402,0.056223
48339691403,0.054051
48339691500,0.012547
48339691601,0.008172
48339691602,0.028657
48339691700,0.036406
48339691801,0.008917
48339691802,0.011324
48339691900,0.125862
48339692003,0.033976
48339692004,0.033717
48339692005,0.004733
48339692006,0.019535
48339692007,0.021226
48339692008,0.006136
48339692009,0.00858
48339692010,0.062318
48339692101,0.020872
48339692102,0.10048
48339692103,0.045288
48339692201,0.008214
48339692202,0.007654
48339692301,0.170597
48339692302,0.006673
48339692303,0.019056
48339692304,0.004422
48339692401,0.0138
48339692402,0.022271
48339692501,0.036306
48339692502,0.00434
48339692601,0.015541
48339692603,0.011054
48339692604,0.02728
48339692605,0.035176
48339692701,0.009874
48339692702,0.025328
48339692802,0.016889
48339692803,0.005412
48339692804,0.016158
48339692900,0.020214
48339693001,0.043402
48339693002,0.018039
48339693102,0.038343
48339693103,0.146773
48339693104,0.01856
48339693201,0.009715
48339693202,0.022842
48339693301,0.126647
48339693302,0.008435
48339693303,0.040298
48339693304,0.039999
48339693401,0.038109
48339693402,0.03361
48339693501,0.061253
48339693502,0.098115
48339693503,0.039075
48339693600,0.028962
48339693701,0.040505
48339693702,0.005422
48339693703,0.06658
48339693800,0.026939
48339693901,0.02908
48339693902,0.137506
48339693903,0.148154
48339693904,0.031289
48339694001,0.011773
48339694002,0.030934
48339694103,0.008079
48339694104,0.017201
48339694105,0.086796
48339694106,0.078991
48339694107,0.103039
48339694203,0.044596
48339694204,0.0137
48339694205,0.027957
48339694206,0.064433
48339694207,0.039388
48339694208,0.008378
48339694209,0.005891
48339694210,0.030657
48339694303,0.006649
48339694304,0.020662
48339694305,0.031297
48339694306,0.061672
48339694307,0.073472
48339694308,0.065909
48339694309,0.029221
48339694401,0.013471
48339694402,0.022848
48339694403,0.072262
48339694501,0.010508
48339694502,0.025758
48339694503,0.016957
48339694601,0.01248
48339694602,0.008871
48339694603,0.066122
48339694700,0.034622
48347950200,0.09545
48349970100,0.092131
48349970200,0.029628
48349970301,0.033874
48349970302,0.138249
48349970400,0.018808
48349970500,0.0057
48349970600,0.07637
48349970701,0.071432
48349970800,0.067694
48349970901,0.025325
48349970902,0.021858
48349971000,0.093847
48353950100,0.055001
48353950200,0.145265
48353950300,0.075345
48353950400,0.015523
48353950500,0.030211
48355000500,0.160846
48355000601,0.034204
48355000602,0.018546
48355000700,0.013117
48355000800,0.018767
48355000900,0.005469
48355001000,0.033433
48355001100,0.032733
48355001201,0.019412
48355001202,0.013092
48355001300,0.007901
48355001400,0.010708
48355001500,0.012668
48355001601,0.008285
48355001602,0.004654
48355001702,0.032472
48355001703,0.006319
48355001704,0.002596
48355001801,0.011048
48355001802,0.039174
48355001903,0.024336
48355001904,0.009775
48355001905,0.043133
48355001906,0.011273
48355002001,0.040414
48355002002,0.009765
48355002101,0.005075
48355002102,0.009947
48355002200,0.006294
48355002301,0.008137
48355002303,0.004368
48355002304,0.008751
48355002400,0.027389
48355002500,0.013324
48355002601,0.04728
48355002602,0.009582
48355002603,0.005709
48355002703,0.105108
48355002705,0.005082
48355002706,0.184338
48355002707,0.022111
48355002708,0.091196
48355002900,0.315042
48355003002,0.008584
48355003003,0.024972
48355003004,0.015449
48355003101,0.003423
48355003102,0.007776
48355003202,0.008231
48355003204,0.035763
48355003205,0.015209
48355003206,0.026981
48355003303,0.044598
48355003304,0.021818
48355003305,0.013489
48355003306,0.014877
48355003401,0.017575
48355003402,0.004603
48355003500,0.063118
48355003601,0.012578
48355003602,0.007673
48355003603,0.007687
48355003700,0.010602
48355005103,0.113835
48355005104,0.025576
48355005404,0.00399
48355005406,0.026742
48355005407,0.00832
48355005408,0.037317
48355005409,0.018791
48355005410,0.012683
48355005411,0.071057
48355005412,0.004209
48355005413,0.036044
48355005414,0.004474
48355005415,0.01175
48355005416,0.028721
48355005417,0.014323
48355005603,0.013234
48355005604,0.078335
48355005605,0.067984
48355005606,0.084199
48355005801,0.100874
48355005803,0.061624
48355005804,0.037329
48355005900,0.012277
48355006000,0.034641
48355006100,0.054574
48355006201,0.004224
48355006202,0.030959
48355006203,0.062715
48355006204,0.006454
48355006205,0.10709
48355006300,0.128994
48355006400,0.06486
48355980000,0.100447
48363000100,0.096873
48363000200,0.119704
48363000300,0.074578
48363000401,0.120936
48363000402,0.059945
48363000500,0.185959
48363000600,0.011517
48363000700,0.063632
48363000800,0.137286
48363000900,0.241512
48367140101,0.064259
48367140102,0.010504
48367140201,0.033606
48367140202,0.006694
48367140300,0.038242
48367140403,0.01121
48367140408,0.078071
48367140409,0.063618
48367140410,0.048023
48367140411,0.103182
48367140412,0.024105
48367140413,0.019775
48367140414,0.007254
48367140415,0.021969
48367140416,0.03398
48367140502,0.057219
48367140503,0.017314
48367140504,0.049027
48367140601,0.074861
48367140603,0.093173
48367140604,0.064956
48367140707,0.085147
48367140708,0.126587
48367140709,0.094952
48367140710,0.10392
48367140711,0.045217
48367140712,0.055377
48367140713,0.04214
48367140714,0.03964
48371950100,0.025807
48373210203,0.004794
48373210204,0.066914
48373210205,0.25583
48373210206,0.049375
48373210301,0.016891
48373210302,0.014323
48373210402,0.013635
48379950101,0.012
48379950102,0.050773
48379950200,0.144728
48383950100,0.092099
48385950100,0.064635
48387950100,0.023191
48387950501,0.066137
48387950502,0.104093
48387950600,0.024021
48387950700,0.008271
48391950200,0.077705
48391950400,0.106679
48395960100,0.097837
48395960200,0.022957
48395960300,0.060942
48395960400,0.035456
48395960501,0.107712
48395960502,0.051859
48397040101,0.014716
48397040103,0.106611
48397040104,0.072265
48397040201,0.003472
48397040202,0.003269
48397040203,0.012044
48397040301,0.022159
48397040303,0.06781
48397040304,0.01834
48397040305,0.018733
48397040403,0.006405
48397040404,0.067195
48397040405,0.032469
48397040406,0.14714
48397040407,0.019367
48397040408,0.041189
48397040409,0.013472
48397040410,0.043749
48397040411,0.020769
48397040412,0.004621
48397040503,0.027819
48397040507,0.010314
48397040508,0.01497
48397040509,0.018059
48397040510,0.059228
48397040511,0.012032
48397040512,0.012031
48397040513,0.032542
48397040514,0.023763
48399950100,0.068896
48399950200,0.1632
48399950500,0.046072
48399950600,0.05092
48401950200,0.026431
48401950300,0.139239
48401950400,0.070388
48401950501,0.031946
48401950502,0.187825
48401951000,0.032547
48401951100,0.092552
48407200103,0.035984
48407200104,0.037103
48407200105,0.038945
48407200106,0.007445
48407200107,0.110979
48407200201,0.064024
48407200202,0.307192
48407200301,0.018165
48407200302,0.011485
48409010201,0.14331
48409010202,0.072349
48409010301,0.009576
48409010302,0.02076
48409010500,0.016831
48409010601,0.006921
48409010602,0.003973
48409010603,0.0055
48409010604,0.005392
48409010700,0.0372
48409010800,0.04936
48409010900,0.070371
48409011000,0.095729
48409011100,0.132497
48409011200,0.028599
48409011300,0.045166
48411950100,0.109651
48411950200,0.054889
48413950300,0.013291
48415950100,0.183989
48415950200,0.05469
48415950300,0.062775
48415950600,0.095029
48417950300,0.094353
48423000100,0.162409
48423000201,0.007608
48423000202,0.10785
48423000300,0.074248
48423000400,0.169145
48423000500,0.005806
48423000600,0.048552
48423000700,0.032663
48423000800,0.068166
48423000900,0.141775
48423001000,0.00584
48423001101,0.088598
48423001102,0.198945
48423001200,0.14017
48423001300,0.16302
48423001404,0.048913
48423001405,0.027525
48423001406,0.036009
48423001407,0.08998
48423001408,0.075618
48423001501,0.039913
48423001502,0.020095
48423001602,0.160328
48423001605,0.126546
48423001606,0.169353
48423001607,0.113678
48423001608,0.144746
48423001701,0.065356
48423001702,0.015189
48423001803,0.147779
48423001804,0.034511
48423001805,0.118458
48423001806,0.059733
48423001807,0.082873
48423001906,0.032055
48423001909,0.035235
48423001910,0.010709
48423001911,0.033529
48423001912,0.005235
48423001913,0.185138
48423001914,0.092692
48423001915,0.01476
48423001916,0.008898
48423001917,0.10224
48423002003,0.115362
48423002004,0.049438
48423002006,0.03481
48423002009,0.070647
48423002010,0.007903
48423002011,0.026236
48423002012,0.055519
48423002013,0.090286
48423002101,0.07597
48423002102,0.059915
48423002200,0.025904
48423980000,0.146828
48425000101,0.034023
48425000102,0.047302
48425000200,0.058199
48427950101,0.185278
48427950104,0.011844
48427950105,0.074286
48427950106,0.149985
48427950107,0.153323
48427950108,0.009006
48427950202,0.046191
48427950203,0.157025
48427950204,0.070473
48427950402,0.135502
48427950403,0.139207
48427950404,0.129901
48427950500,0.033608
48427950601,0.123517
48427950602,0.061002
48427950701,0.056466
48427950702,0.075652
48429950200,0.047593
48429950300,0.094939
48429950500,0.100916
48431950100,0.151164
48433950300,0.036861
48435950300,0.035466
48439100101,0.007357
48439100102,0.010917
48439100201,0.004541
48439100202,0.072806
48439100300,0.023962
48439100401,0.150086
48439100402,0.137296
48439100503,0.120103
48439100504,0.138645
48439100505,0.003092
48439100506,0.005778
48439100601,0.042193
48439100602,0.034194
48439100700,0.024556
48439100800,0.096395
48439100900,0.086108
48439101201,0.015817
48439101202,0.022928
48439101301,0.004997
48439101302,0.056133
48439101401,0.018755
48439101402,0.034198
48439101403,0.043683
48439101500,0.108325
48439101700,0.015941
48439102000,0.041225
48439102101,0.071893
48439102102,0.015856
48439102201,0.021989
48439102202,0.013665
48439102301,0.049698
48439102302,0.131176
48439102401,0.020103
48439102402,0.062372
48439102500,0.003137
48439102601,0.02263
48439102602,0.014559
48439102700,0.007274
48439103500,0.010319
48439103601,0.003601
48439103602,0.030757
48439103701,0.004345
48439103702,0.008748
48439103800,0.058869
48439104100,0.160428
48439104202,0.013073
48439104203,0.002976
48439104204,0.017825
48439104301,0.010725
48439104302,0.009399
48439104400,0.003964
48439104502,0.01773
48439104503,0.008871
48439104504,0.009956
48439104505,0.020824
48439104601,0.009107
48439104602,0.007758
48439104603,0.040723
48439104604,0.006436
48439104605,0.029483
48439104701,0.00765
48439104702,0.112599
48439104802,0.003451
48439104803,0.015625
48439104804,0.006787
48439104900,0.003925
48439105007,0.019393
48439105008,0.020402
48439105009,0.010758
48439105201,0.009463
48439105203,0.032846
48439105204,0.01386
48439105206,0.097186
48439105207,0.02812
48439105403,0.014857
48439105404,0.005385
48439105405,0.027156
48439105407,0.008157
48439105408,0.006822
48439105502,0.003891
48439105503,0.016398
48439105505,0.008898
48439105511,0.007975
48439105512,0.014364
48439105513,0.033589
48439105514,0.057928
48439105515,0.00363
48439105516,0.016602
48439105517,0.040516
48439105518,0.019878
48439105519,0.0043
48439105520,0.03152
48439105600,0.01355
48439105701,0.004308
48439105703,0.023343
48439105705,0.008333
48439105706,0.009196
48439105800,0.0155
48439105901,0.019791
48439105902,0.003408
48439106002,0.047211
48439106004,0.007248
48439106005,0.016845
48439106006,0.00166
48439106101,0.037266
48439106102,0.040135
48439106201,0.030599
48439106202,0.015218
48439106300,0.004123
48439106400,0.046114
48439106502,0.010066
48439106503,0.009803
48439106507,0.004279
48439106509,0.009885
48439106512,0.010393
48439106513,0.003581
48439106514,0.007959
48439106515,0.003126
48439106518,0.01079
48439106519,0.012627
48439106520,0.034076
48439106521,0.007427
48439106522,0.007921
48439106523,0.020508
48439106524,0.022583
48439106525,0.006836
48439106526,0.011258
48439106600,0.025926
48439106700,0.030111
48439110102,0.050125
48439110103,0.03116
48439110104,0.0405
48439110202,0.009611
48439110204,0.005693
48439110205,0.00478
48439110206,0.040568
48439110301,0.029172
48439110302,0.04277
48439110401,0.019537
48439110402,0.074576
48439110500,0.208887
48439110600,0.154468
48439110703,0.023091
48439110704,0.042703
48439110705,0.009681
48439110706,0.014071
48439110805,0.09843
48439110806,0.013509
48439110807,0.030392
48439110808,0.070757
48439110809,0.062295
48439110901,0.079337
48439110903,0.05734
48439110905,0.045028
48439110906,0.080559
48439110907,0.063868
48439111003,0.018893
48439111010,0.026059
48439111015,0.026794
48439111018,0.039741
48439111019,0.007938
48439111020,0.00708
48439111021,0.015381
48439111022,0.011733
48439111023,0.00529
48439111024,0.006782
48439111025,0.020508
48439111026,0.010335
48439111027,0.028624
48439111028,0.003836
48439111029,0.0157
48439111030,0.006855
48439111031,0.05157
48439111032,0.001177
48439111033,0.005464
48439111102,0.036954
48439111103,0.097497
48439111104,0.149392
48439111202,0.082376
48439111203,0.023573
48439111204,0.008596
48439111304,0.009226
48439111306,0.011978
48439111307,0.012735
48439111308,0.009444
48439111309,0.01021
48439111311,0.008202
48439111312,0.018974
48439111314,0.028577
48439111315,0.008194
48439111316,0.005103
48439111317,0.017293
48439111318,0.012349
48439111319,0.017674
48439111320,0.009568
48439111402,0.007629
48439111405,0.093794
48439111406,0.008107
48439111407,0.009631
48439111408,0.01733
48439111409,0.007701
48439111410,0.03263
48439111411,0.013092
48439111505,0.062983
48439111506,0.025502
48439111513,0.013916
48439111514,0.017351
48439111516,0.043475
48439111522,0.004792
48439111525,0.016207
48439111526,0.0822
48439111529,0.018896
48439111530,0.007143
48439111531,0.008094
48439111532,0.007677
48439111533,0.019626
48439111534,0.006165
48439111536,0.047759
48439111538,0.061217
48439111540,0.005546
48439111541,0.005791
48439111542,0.008889
48439111543,0.007979
48439111544,0.006369
48439111545,0.017305
48439111546,0.013078
48439111551,0.005082
48439111552,0.011669
48439111553,0.0292
48439111554,0.007996
48439111555,0.009787
48439111556,0.043071
48439111557,0.003571
48439111558,0.006286
48439111559,0.101103
48439111560,0.005944
48439111561,0.003855
48439111562,0.006187
48439111563,0.035458
48439111564,0.072692
48439111565,0.010399
48439111566,0.017227
48439111567,0.010829
48439111568,0.050691
48439111569,0.026965
48439111570,0.008201
48439111571,0.022992
48439111572,0.00959
48439113003,0.023657
48439113004,0.060772
48439113005,0.1757
48439113006,0.007049
48439113007,0.018298
48439113102,0.013895
48439113104,0.012907
48439113107,0.004837
48439113108,0.004299
48439113109,0.025589
48439113110,0.027485
48439113112,0.006437
48439113115,0.033719
48439113116,0.024956
48439113117,0.010714
48439113118,0.020761
48439113119,0.016674
48439113120,0.004945
48439113121,0.098576
48439113122,0.059439
48439113206,0.048878
48439113207,0.00937
48439113210,0.134466
48439113212,0.017882
48439113213,0.019115
48439113214,0.006546
48439113215,0.008085
48439113216,0.007746
48439113217,0.017477
48439113218,0.00721
48439113221,0.038201
48439113222,0.020226
48439113223,0.031121
48439113301,0.116588
48439113302,0.030734
48439113403,0.012633
48439113404,0.01178
48439113407,0.1046
48439113408,0.056496
48439113409,0.07326
48439113410,0.151981
48439113509,0.002729
48439113510,0.002944
48439113511,0.050879
48439113512,0.009347
48439113513,0.014616
48439113514,0.044884
48439113516,0.0116
48439113517,0.024461
48439113519,0.011947
48439113520,0.026587
48439113521,0.030006
48439113522,0.009365
48439113607,0.020014
48439113611,0.012165
48439113612,0.014909
48439113613,0.016675
48439113618,0.005678
48439113619,0.048968
48439113622,0.073736
48439113623,0.019011
48439113624,0.004547
48439113625,0.011876
48439113626,0.010445
48439113628,0.102147
48439113629,0.007765
48439113630,0.054182
48439113632,0.004971
48439113633,0.007165
48439113634,0.00921
48439113635,0.169836
48439113636,0.046958
48439113637,0.053289
48439113638,0.023606
48439113639,0.009944
48439113640,0.013256
48439113707,0.061264
48439113709,0.014349
48439113710,0.004545
48439113711,0.069139
48439113712,0.027352
48439113713,0.022494
48439113714,0.010269
48439113715,0.039792
48439113716,0.053549
48439113803,0.087098
48439113808,0.008479
48439113809,0.012449
48439113810,0.008039
48439113811,0.079877
48439113812,0.004456
48439113813,0.01094
48439113814,0.011077
48439113815,0.012876
48439113816,0.011325
48439113906,0.00741
48439113908,0.016671
48439113912,0.010748
48439113916,0.013319
48439113917,0.015424
48439113918,0.061361
48439113919,0.020655
48439113920,0.007308
48439113923,0.006644
48439113924,0.002686
48439113925,0.008464
48439113930,0.005283
48439113931,0.019307
48439113932,0.012956
48439113933,0.032997
48439113934,0.004557
48439113935,0.028577
48439113936,0.025252
48439113937,0.040642
48439113938,0.00529
48439113939,0.002767
48439113940,0.017952
48439113941,0.012016
48439113942,0.009723
48439113943,0.005273
48439113944,0.009521
48439113945,0.014671
48439113946,0.011497
48439113947,0.008906
48439113948,0.008778
48439113949,0.003917
48439113950,0.020087
48439113951,0.011873
48439113952,0.007486
48439113953,0.062394
48439113954,0.015373
48439113955,0.005131
48439113956,0.020352
48439113957,0.015316
48439113958,0.041092
48439114003,0.089287
48439114006,0.047936
48439114009,0.005371
48439114010,0.002604
48439114011,0.019541
48439114012,0.006372
48439114013,0.021938
48439114014,0.003062
48439114015,0.114245
48439114105,0.054367
48439114106,0.015728
48439114107,0.024383
48439114108,0.012124
48439114109,0.004449
48439114110,0.028016
48439114111,0.006892
48439114112,0.011332
48439114113,0.002012
48439114203,0.010869
48439114204,0.068382
48439114205,0.020361
48439114206,0.042454
48439114207,0.016005
48439121605,0.016262
48439121606,0.039357
48439121608,0.005964
48439121609,0.005383
48439121610,0.012354
48439121611,0.017119
48439121612,0.010318
48439121613,0.018902
48439121614,0.095098
48439121615,0.168756
48439121702,0.011026
48439121703,0.00673
48439121704,0.005873
48439121904,0.05855
48439121905,0.023527
48439121906,0.004496
48439121907,0.005415
48439121908,0.076517
48439122001,0.002568
48439122002,0.004776
48439122100,0.005009
48439122200,0.037751
48439122300,0.010735
48439122401,0.018214
48439122402,0.008632
48439122500,0.021687
48439122600,0.016104
48439122701,0.013829
48439122702,0.048642
48439122801,0.035756
48439122802,0.00769
48439122901,0.01175
48439122902,0.064319
48439123001,0.207647
48439123002,0.041725
48439123100,0.115374
48439123200,0.054544
48439123301,0.089794
48439123302,0.099543
48439123500,0.013939
48439123600,0.03631
48439123700,0.007431
48439980000,0.207904
48441010100,0.008861
48441010200,0.016985
48441010300,0.003125
48441010400,0.005462
48441010500,0.008886
48441010600,0.00346
48441010700,0.003874
48441010800,0.03531
48441010900,0.090846
48441011000,0.0314
48441011200,0.066248
48441011300,0.011251
48441011400,0.070298
48441011500,0.005152
48441011600,0.008649
48441011700,0.133341
48441011900,0.034029
48441012000,0.014038
48441012100,0.023257
48441012200,0.035051
48441012300,0.004114
48441012400,0.010553
48441012500,0.012629
48441012600,0.008353
48441012701,0.005761
48441012702,0.071442
48441012801,0.045689
48441012802,0.020519
48441012900,0.013672
48441013000,0.091096
48441013100,0.033785
48441013200,0.089418
48441013300,0.052377
48441013401,0.067135
48441013402,0.025708
48441013404,0.019462
48441013501,0.080236
48441013502,0.089998
48441013601,0.019664
48441013602,0.051705
48441980000,0.149586
48443950100,0.069016
48447950300,0.042526
48449950100,0.073347
48449950200,0.126431
48449950301,0.026477
48449950302,0.083408
48449950400,0.119804
48449950500,0.034413
48449950600,0.05845
48449950700,0.135493
48449950800,0.216207
48451000100,0.091192
48451000200,0.006837
48451000300,0.031079
48451000400,0.027354
48451000700,0.044029
48451000801,0.043127
48451000802,0.00473
48451000900,0.025335
48451001000,0.009467
48451001101,0.034594
48451001102,0.037688
48451001200,0.003759
48451001301,0.008949
48451001303,0.016083
48451001304,0.03412
48451001401,0.033716
48451001402,0.050238
48451001500,0.138907
48451001600,0.053313
48451001702,0.211262
48451001706,0.0117
48451001707,0.01642
48451001708,0.127468
48451001709,0.040891
48451001710,0.011756
48451001800,0.077685
48451980000,0.05819
48453000101,0.025149
48453000102,0.010764
48453000203,0.012688
48453000204,0.013457
48453000205,0.010046
48453000206,0.013075
48453000302,0.009071
48453000304,0.003923
48453000305,0.068685
48453000307,0.01544
48453000308,0.120728
48453000309,0.027022
48453000401,0.023065
48453000402,0.009946
48453000500,0.00983
48453000601,0.002793
48453000605,0.043041
48453000606,0.055182
48453000607,0.004924
48453000608,0.036529
48453000700,0.041857
48453000801,0.039566
48453000802,0.015433
48453000803,0.016102
48453000804,0.026275
48453000901,0.081259
48453000902,0.026096
48453001000,0.009109
48453001101,0.030932
48453001102,0.108877
48453001103,0.022212
48453001200,0.006507
48453001304,0.11837
48453001307,0.007161
48453001308,0.016466
48453001309,0.048535
48453001310,0.114451
48453001311,0.010773
48453001312,0.010853
48453001401,0.014706
48453001402,0.011109
48453001403,0.04027
48453001501,0.009766
48453001503,0.010994
48453001504,0.005013
48453001505,0.021857
48453001602,0.008031
48453001603,0.01571
48453001604,0.038332
48453001605,0.01102
48453001606,0.017704
48453001910,0.072414
48453001911,0.012845
48453001912,0.08099
48453001913,0.136445
48453001914,0.006831
48453001915,0.00972
48453001916,0.013859
48453001917,0.125362
48453001918,0.047254
48453001919,0.027573
48453001920,0.029141
48453001921,0.011247
48453001922,0.073472
48453001923,0.133214
48453002002,0.006272
48453002003,0.00485
48453002004,0.009281
48453002006,0.007879
48453002007,0.007243
48453002104,0.005199
48453002105,0.003994
48453002106,0.00698
48453002107,0.007487
48453002108,0.004859
48453002109,0.00434
48453002110,0.00744
48453002111,0.011
48453002112,0.008979
48453002113,0.001815
48453002201,0.006129
48453002211,0.009521
48453002213,0.012451
48453002214,0.024961
48453002215,0.023209
48453002216,0.010357
48453002217,0.16644
48453002218,0.021948
48453002219,0.028611
48453002220,0.014245
48453002221,0.00282
48453002222,0.016629
48453002304,0.038275
48453002307,0.018479
48453002310,0.032946
48453002313,0.034831
48453002314,0.006228
48453002315,0.033154
48453002316,0.038348
48453002319,0.165799
48453002320,0.043736
48453002321,0.005869
48453002322,0.013035
48453002323,0.005892
48453002324,0.034915
48453002325,0.030599
48453002326,0.313254
48453002327,0.006944
48453002403,0.013552
48453002407,0.009182
48453002409,0.01237
48453002410,0.015218
48453002411,0.016254
48453002412,0.021484
48453002413,0.014726
48453002419,0.001787
48453002422,0.020896
48453002423,0.014404
48453002424,0.049805
48453002430,0.004128
48453002432,0.041961
48453002434,0.082032
48453002436,0.103992
48453002437,0.024604
48453002438,0.009304
48453002439,0.006972
48453002440,0.006673
48453002441,0.007324
48453002442,0.016439
48453002443,0.014485
48453002444,0.025756
48453002445,0.017822
48453002446,0.009546
48453002447,0.063092
48453002448,0.018953
48453002449,0.021519
48453002450,0.13756
48453002451,0.054426
48453002452,0.02598
48453002453,0.043566
48453002500,0.03881
48453030000,0.056672
48453030100,0.071845
48453030200,0.008345
48453030300,0.009271
48453030400,0.012516
48453030500,0.007454
48453030600,0.014978
48453030700,0.007786
48453030800,0.014296
48453030900,0.023682
48453031000,0.016968
48453031100,0.100786
48453031200,0.020432
48453031300,0.005588
48453031400,0.018012
48453031500,0.010723
48453031600,0.027072
48453031700,0.009456
48453031800,0.025269
48453031900,0.032116
48453032000,0.00924
48453032100,0.010091
48453032200,0.018778
48453032300,0.059361
48453032400,0.022489
48453032500,0.010898
48453032600,0.005668
48453032700,0.011692
48453032800,0.121516
48453032900,0.026752
48453033000,0.059356
48453033100,0.057985
48453033200,0.033594
48453033300,0.004548
48453033400,0.010879
48453033500,0.010344
48453033600,0.145072
48453033700,0.005107
48453033800,0.015932
48453033900,0.014559
48453034000,0.0697
48453034100,0.006311
48453034200,0.043331
48453034300,0.00735
48453034400,0.005388
48453034500,0.026499
48453034600,0.052815
48453034700,0.007851
48453034800,0.016586
48453034900,0.021932
48453035000,0.018025
48453035100,0.017539
48453035200,0.057944
48453035300,0.171679
48453035400,0.005582
48453035500,0.004042
48453035600,0.177243
48453035700,0.037892
48453035800,0.027995
48453035900,0.049927
48453036000,0.022878
48453036100,0.033203
48453036200,0.010145
48453036300,0.047689
48453036400,0.171777
48453036500,0.087224
48453036600,0.078131
48453036700,0.045267
48453036800,0.060604
48453036900,0.06452
48453037000,0.070148
48453037100,0.249845
48453037200,0.005043
48453037300,0.016705
48453037400,0.180872
48453037500,0.115655
48453037600,0.012141
48453040000,0.018688
48453040100,0.01102
48453040200,0.00179
48453040300,0.008836
48453040400,0.02302
48453040500,0.004806
48453040600,0.038223
48453040700,0.02245
48453040800,0.011479
48453040900,0.201082
48453041000,0.010517
48453041100,0.006456
48453041200,0.003874
48453041300,0.005755
48453041400,0.02181
48453041500,0.044142
48453041600,0.019105
48453041700,0.030273
48453041800,0.030273
48453041900,0.043456
48453042000,0.020508
48453042100,0.005618
48453042200,0.016859
48453042300,0.030273
48453042400,0.011361
48453042500,0.010514
48453042600,0.024432
48453042700,0.002523
48453042800,0.007708
48453042900,0.009628
48453043000,0.00852
48453043100,0.010498
48453043200,0.027358
48453043300,0.008998
48453043400,0.009326
48453043500,0.059991
48453043600,0.007277
48453043700,0.053164
48453043800,0.008112
48453043900,0.005916
48453044000,0.0102
48453044100,0.01072
48453044200,0.009809
48453044300,0.013794
48453044400,0.013835
48453044500,0.011404
48453044600,0.003735
48453044700,0.010295
48453044800,0.011811
48453044900,0.088379
48453045000,0.004557
48453045100,0.024261
48453045200,0.020182
48453045300,0.017442
48453045400,0.050477
48453045500,0.006907
48453045600,0.052837
48453045700,0.055383
48453045800,0.028092
48453045900,0.006011
48453046000,0.039519
48453046100,0.013117
48453046200,0.078451
48453046300,0.023438
48453046400,0.00612
48453046500,0.017493
48453046600,0.007922
48453046700,0.040081
48453046800,0.011236
48453046900,0.002815
48453047000,0.021005
48453980000,0.101347
48455950100,0.116255
48455950200,0.033796
48455950300,0.119095
48455950400,0.037202
48455950500,0.053329
48459950101,0.028723
48459950102,0.158258
48459950200,0.052641
48459950301,0.036229
48459950302,0.016244
48459950400,0.135536
48459950501,0.026363
48459950502,0.021513
48459950600,0.034642
48459950700,0.08924
48461950100,0.070069
48463950100,0.048998
48463950201,0.110884
48463950202,0.031882
48463950300,0.057639
48463950400,0.043614
48463950500,0.035569
48465950202,0.06466
48465950203,0.060167
48465950301,0.006322
48465950302,0.077416
48465950400,0.098937
48465950501,0.072689
48465950502,0.053224
48465950601,0.141558
48465950602,0.145018
48465950701,0.079425
48465950702,0.102911
48465950801,0.207692
48465950802,0.129849
48465980000,0.047168
48467950100,0.023932
48467950200,0.043711
48467950300,0.072308
48467950400,0.020699
48467950500,0.018748
48467950601,0.110065
48467950602,0.03451
48467950700,0.09603
48467950801,0.030859
48467950802,0.032626
48467950901,0.018736
48467950902,0.167017
48467951001,0.00734
48467951002,0.018851
48469000100,0.02624
48469000201,0.148004
48469000202,0.016667
48469000301,0.128094
48469000302,0.062444
48469000400,0.140946
48469000501,0.076742
48469000502,0.00909
48469000601,0.04928
48469000602,0.031271
48469000700,0.013937
48469000800,0.036068
48469001300,0.113743
48469001401,0.161845
48469001402,0.020848
48469001501,0.136885
48469001503,0.105329
48469001504,0.032759
48469001601,0.008247
48469001604,0.002119
48469001605,0.029283
48469001607,0.114924
48469001608,0.003852
48469001700,0.035505
48469980000,0.265729
48471790101,0.017027
48471790102,0.044864
48471790103,0.0765
48471790200,0.061072
48471790301,0.020773
48471790302,0.042456
48471790401,0.148805
48471790402,0.033974
48471790500,0.052324
48471790600,0.033253
48471790700,0.022788
48471790800,0.013813
48473680100,0.045446
48473680201,0.026346
48473680202,0.098787
48473680301,0.009461
48473680302,0.039249
48473680303,0.030986
48473680501,0.009529
48473680502,0.046692
48473680601,0.163407
48473680602,0.021384
48473980000,0.040708
48477170100,0.13476
48477170201,0.076584
48477170202,0.151689
48477170300,0.058763
48477170400,0.05028
48477170501,0.068808
48477170502,0.100477
48477170601,0.061595
48477170602,0.195449
48479000101,0.037724
48479000105,0.092099
48479000106,0.058585
48479000107,0.008303
48479000108,0.00284
48479000109,0.226552
48479000200,0.051559
48479000300,0.015246
48479000601,0.013713
48479000602,0.031739
48479000700,0.060244
48479000800,0.002283
48479000901,0.006944
48479000903,0.007014
48479000904,0.000553
48479001001,0.002581
48479001003,0.012065
48479001004,0.008517
48479001101,0.00412
48479001103,0.137016
48479001104,0.017741
48479001105,0.162468
48479001201,0.002209
48479001202,0.023112
48479001300,0.044969
48479001401,0.020172
48479001402,0.017904
48479001501,0.111487
48479001502,0.033258
48479001601,0.01121
48479001602,0.011309
48479001706,0.036323
48479001709,0.004214
48479001710,0.19083
48479001711,0.031311
48479001714,0.077172
48479001715,0.109917
48479001716,0.004443
48479001717,0.127772
48479001718,0.004796
48479001719,0.00445
48479001720,0.097681
48479001721,0.010335
48479001722,0.006478
48479001723,0.005978
48479001724,0.056803
48479001725,0.007973
48479001726,0.044144
48479001727,0.005081
48479001806,0.026549
48479001809,0.033853
48479001810,0.11659
48479001811,0.017044
48479001813,0.067374
48479001815,0.015268
48479001816,0.038496
48479001818,0.24569
48479001819,0.166226
48479001820,0.144489
48479001821,0.000917
48479001822,0.003174
48479001823,0.002578
48479001824,0.082418
48479001825,0.023233
48479001826,0.048536
48479001827,0.174911
48479001828,0.009918
48479001900,0.006212
48479980000,0.08545
48481740100,0.011993
48481740200,0.076592
48481740300,0.026732
48481740400,0.018508
48481740500,0.014149
48481740600,0.094605
48481740700,0.06984
48481740800,0.120728
48481740901,0.032122
48481740902,0.133599
48481741000,0.039886
48481741100,0.100592
48489950300,0.101485
48489950400,0.015346
48489950500,0.033993
48489950600,0.115366
48489950700,0.028219
48491020106,0.024664
48491020108,0.018408
48491020109,0.029297
48491020111,0.03418
48491020113,0.016869
48491020114,0.088626
48491020115,0.012667
48491020116,0.048995
48491020117,0.050451
48491020118,0.075296
48491020119,0.01729
48491020120,0.011378
48491020121,0.059509
48491020122,0.103254
48491020123,0.019325
48491020124,0.015404
48491020201,0.006887
48491020203,0.0118
48491020205,0.020616
48491020206,0.11961
48491020207,0.059371
48491020208,0.170113
48491020310,0.007791
48491020311,0.034315
48491020319,0.006727
48491020321,0.098847
48491020323,0.005034
48491020325,0.045387
48491020326,0.006638
48491020327,0.064632
48491020329,0.022649
48491020330,0.046941
48491020331,0.092383
48491020332,0.044986
48491020333,0.005583
48491020334,0.005699
48491020335,0.010525
48491020336,0.005859
48491020337,0.005025
48491020338,0.008165
48491020339,0.009956
48491020340,0.00702
48491020341,0.01001
48491020342,0.13098
48491020343,0.007961
48491020344,0.012999
48491020345,0.009627
48491020346,0.018313
48491020347,0.007541
48491020348,0.021601
48491020349,0.049576
48491020350,0.003663
48491020351,0.019314
48491020352,0.046579
48491020353,0.01534
48491020354,0.004584
48491020355,0.017953
48491020356,0.031384
48491020403,0.005923
48491020404,0.005248
48491020405,0.011888
48491020406,0.01129
48491020408,0.023212
48491020409,0.040039
48491020410,0.00599
48491020411,0.018473
48491020503,0.014472
48491020505,0.071777
48491020507,0.023853
48491020508,0.011558
48491020509,0.005995
48491020511,0.009359
48491020512,0.022008
48491020513,0.038656
48491020514,0.01416
48491020515,0.045736
48491020516,0.010026
48491020517,0.013936
48491020602,0.011054
48491020604,0.006828
48491020606,0.017497
48491020607,0.004937
48491020608,0.004305
48491020609,0.021159
48491020701,0.018604
48491020704,0.012804
48491020706,0.039469
48491020707,0.005561
48491020709,0.016576
48491020710,0.055668
48491020711,0.189728
48491020712,0.007332
48491020713,0.008843
48491020808,0.020737
48491020810,0.011447
48491020811,0.010488
48491020812,0.025077
48491020813,0.014117
48491020814,0.009654
48491020815,0.011393
48491020816,0.070121
48491020817,0.128175
48491020818,0.132197
48491020819,0.018051
48491020820,0.008835
48491020821,0.004239
48491020822,0.065729
48491020900,0.017031
48491021000,0.082859
48491021100,0.0154
48491021201,0.112533
48491021202,0.033744
48491021203,0.150596
48491021300,0.018491
48491021402,0.041637
48491021404,0.033025
48491021405,0.014187
48491021406,0.040945
48491021407,0.045573
48491021502,0.058105
48491021503,0.034132
48491021506,0.041016
48491021509,0.01884
48491021510,0.024133
48491021511,0.017757
48491021512,0.027322
48491021513,0.01129
48491021514,0.004736
48491021515,0.048116
48491021516,0.012184
48491021517,0.009683
48491021518,0.002749
48491021601,0.045764
48491021602,0.070207
48491021603,0.019232
48493000102,0.052661
48493000103,0.003697
48493000104,0.040979
48493000201,0.037813
48493000202,0.010604
48493000300,0.095519
48493000402,0.057093
48493000404,0.064582
48493000405,0.01553
48493000406,0.097945
48493000500,0.152675
48493000600,0.018883
48497150101,0.021024
48497150103,0.170727
48497150104,0.014842
48497150201,0.048213
48497150202,0.091165
48497150300,0.03118
48497150402,0.051597
48497150403,0.042701
48497150404,0.036161
48497150405,0.123222
48497150500,0.112892
48497150603,0.065358
48497150604,0.038133
48497150605,0.020838
48497150606,0.092704
48497150607,0.101548
48499950100,0.029334
48499950200,0.068088
48499950301,0.015332
48499950303,0.027832
48499950304,0.095987
48499950401,0.0449
48499950402,0.152355
48499950500,0.069597
48499950601,0.019018
48499950602,0.037275
48499950700,0.030534
48499950800,0.140496
48503950200,0.044408
48503950401,0.139156
48503950402,0.037882
48503950500,0.086022
48503950600,0.056735
48505950303,0.147261
48505950304,0.166253
48505950305,0.176003
48505950306,0.141562
48505950401,0.169276
48505950402,0.107524
48507950100,0.257171
48507950200,0.160442
48507950301,0.106864
48507950302,0.063509
53001950100,0.080251
53001950200,0.184631
53001950301,0.031524
53001950302,0.05933
53001950303,0.068819
53001950400,0.159326
53001950500,0.007295
53003960100,0.12388
53003960200,0.056298
53005010100,0.014491
53005010201,0.077274
53005010203,0.002878
53005010204,0.074723
53005010300,0.11255
53005010400,0.00367
53005010500,0.122775
53005010600,0.026465
53005010701,0.02843
53005010703,0.066122
53005010705,0.01697
53005010707,0.005538
53005010708,0.023478
53005010807,0.026709
53005010809,0.032194
53005010810,0.005127
53005010811,0.031134
53005010814,0.042377
53005010815,0.006508
53005010816,0.026394
53005010817,0.004699
53005010818,0.012742
53005010819,0.016512
53005010820,0.030472
53005010901,0.058357
53005010902,0.013029
53005011001,0.038219
53005011002,0.039544
53005011100,0.012717
53005011201,0.002808
53005011202,0.075066
53005011300,0.046314
53005011401,0.008789
53005011402,0.004883
53005011501,0.124529
53005011504,0.004652
53005011505,0.086588
53005011506,0.178207
53005011600,0.106128
53005011701,0.01623
53005011702,0.018456
53005011801,0.025278
53005011802,0.030091
53005011900,0.02587
53005012000,0.050559
53007960100,0.1158
53007960201,0.102048
53007960202,0.028212
53007960203,0.08074
53007960301,0.124533
53007960302,0.051284
53007960303,0.092678
53007960400,0.076531
53007960501,0.032194
53007960502,0.083533
53007960600,0.066976
53007960700,0.026376
53007960801,0.007324
53007960803,0.007351
53007960804,0.068391
53007961001,0.003296
53007961002,0.124225
53007961101,0.00518
53007961102,0.003955
53007961200,0.027913
53007961301,0.008803
53007961303,0.002886
53007961304,0.005835
53013960200,0.027525
53017950101,0.087134
53017950102,0.141244
53017950200,0.102494
53017950300,0.021695
53017950400,0.020499
53017950500,0.011441
53017950600,0.003391
53017950700,0.001813
53017950800,0.007387
53019940000,0.045876
53019970100,0.10682
53019970200,0.1006
53021020101,0.141969
53021020102,0.056858
53021020103,0.005155
53021020201,0.00708
53021020202,0.006682
53021020300,0.014812
53021020401,0.032925
53021020402,0.010718
53021020403,0.003998
53021020404,0.014447
53021020501,0.093327
53021020503,0.015851
53021020504,0.006829
53021020603,0.003147
53021020605,0.025187
53021020606,0.011454
53021020607,0.002977
53021020608,0.036577
53021020700,0.155861
53021020801,0.118138
53021020802,0.151559
53021980100,0.014396
53023970300,0.066342
53025010100,0.145761
53025010200,0.029527
53025010300,0.14656
53025010401,0.147428
53025010402,0.054252
53025010500,0.057554
53025010600,0.143376
53025010700,0.0804
53025010800,0.004877
53025010901,0.03709
53025010903,0.017344
53025010904,0.004606
53025011001,0.034892
53025011002,0.028159
53025011101,0.105821
53025011102,0.043044
53025011200,0.060996
53025011300,0.076355
53025011401,0.152574
53025011403,0.014165
53025011404,0.104341
53025011405,0.228433
53025011406,0.059903
53033031502,0.169377
53033032706,0.079823
53033032800,0.128807
53037975101,0.099651
53037975102,0.04768
53037975103,0.083203
53037975104,0.091406
53037975201,0.094262
53037975202,0.022298
53037975203,0.245865
53037975300,0.073481
53037975402,0.094613
53037975403,0.00455
53037975404,0.029005
53037975500,0.055045
53037975600,0.066885
53037975700,0.144459
53039950101,0.05832
53039950102,0.068001
53039950103,0.136361
53039950200,0.116216
53039950302,0.10767
53041972000,0.068262
53043960100,0.138752
53043960200,0.11769
53043960300,0.091937
53043960400,0.106744
53047940100,0.156821
53047940200,0.103006
53047970301,0.013343
53047970302,0.17276
53047970303,0.158465
53047970400,0.070421
53047970500,0.063707
53047970601,0.073901
53047970602,0.135079
53047970700,0.100639
53047970800,0.051628
53047970900,0.076668
53047971000,0.11509
53051970100,0.088863
53051970200,0.103492
53051970300,0.055766
53051970400,0.044083
53051970500,0.058186
53053070100,0.129265
53057951101,0.199376
53057951102,0.080571
53057951200,0.04579
53059950100,0.059823
53059950400,0.137544
53061053606,0.00718
53061053700,0.032177
53061053801,0.055339
53061053803,0.082472
53063000201,0.032952
53063000202,0.010139
53063000301,0.004645
53063000302,0.027104
53063000400,0.019038
53063000500,0.088527
53063000600,0.007117
53063000700,0.028798
53063000800,0.04993
53063000900,0.004871
53063001000,0.015379
53063001100,0.004389
53063001200,0.053385
53063001300,0.054534
53063001400,0.027668
53063001500,0.135175
53063001600,0.002885
53063001800,0.248377
53063001900,0.010794
53063002000,0.136692
53063002100,0.196069
53063002300,0.008957
53063002400,0.005728
53063002501,0.0149
53063002502,0.020779
53063002503,0.041765
53063002600,0.01416
53063002900,0.001516
53063003000,0.00669
53063003100,0.01336
53063003200,0.007071
53063003500,0.048824
53063003601,0.004336
53063003602,0.011655
53063003800,0.017829
53063003900,0.022208
53063004001,0.024778
53063004002,0.008954
53063004100,0.007018
53063004200,0.00759
53063004300,0.005017
53063004400,0.014031
53063004500,0.005221
53063004601,0.010126
53063004602,0.002577
53063004701,0.007719
53063004702,0.021632
53063004800,0.005494
53063004900,0.057617
53063005000,0.01511
53063010101,0.011864
53063010102,0.188893
53063010201,0.064616
53063010203,0.013315
53063010204,0.0609
53063010301,0.028734
53063010303,0.036464
53063010304,0.052962
53063010305,0.090591
53063010401,0.102218
53063010403,0.072504
53063010404,0.007718
53063010504,0.139196
53063010505,0.042794
53063010506,0.00974
53063010507,0.080396
53063010508,0.013238
53063010601,0.124343
53063010603,0.033936
53063010604,0.004259
53063010701,0.029498
53063010702,0.001539
53063010800,0.063474
53063010901,0.029285
53063010902,0.005369
53063011000,0.007995
53063011102,0.014178
53063011103,0.025875
53063011104,0.023625
53063011202,0.019238
53063011203,0.014324
53063011204,0.056869
53063011301,0.005283
53063011302,0.033944
53063011400,0.007409
53063011500,0.011256
53063011600,0.009866
53063011701,0.054677
53063011702,0.04092
53063011800,0.073126
53063011900,0.074183
53063012000,0.016036
53063012100,0.041055
53063012200,0.03036
53063012300,0.085021
53063012401,0.022781
53063012402,0.034651
53063012500,0.012587
53063012600,0.126973
53063012701,0.019179
53063012702,0.137182
53063012801,0.067519
53063012802,0.004019
53063012901,0.019246
53063012902,0.003011
53063013001,0.003517
53063013002,0.032948
53063013003,0.008301
53063013101,0.009459
53063013102,0.115518
53063013201,0.012263
53063013300,0.108392
53063013401,0.017431
53063013501,0.029622
53063013502,0.026048
53063013503,0.035115
53063013600,0.006017
53063013700,0.016001
53063013800,0.274174
53063013900,0.071287
53063014001,0.096436
53063014002,0.099102
53063014100,0.060059
53063014200,0.042567
53063014300,0.033195
53063014400,0.014152
53063014500,0.083331
53065941000,0.147353
53065950101,0.157569
53065950102,0.12582
53065950200,0.022977
53065950300,0.123431
53065950500,0.049674
53065950600,0.112098
53065950700,0.10249
53065950800,0.131769
53065950900,0.060901
53065951100,0.057782
53065951301,0.040043
53065951302,0.046463
53065951401,0.046628
53065951402,0.075859
53071920000,0.102936
53071920100,0.063333
53071920200,0.012085
53071920302,0.005638
53071920400,0.040096
53071920500,0.021644
53071920600,0.044171
53071920701,0.027384
53071920702,0.007406
53071920801,0.008013
53071920802,0.069173
53071920901,0.004267
53073010103,0.209201
53075000100,0.047592
53075000201,0.060085
53075000202,0.14293
53075000300,0.061172
53075000400,0.157299
53075000500,0.067637
53075000601,0.019732
53075000602,0.032294
53075000700,0.080619
53075000800,0.061183
53075000900,0.057503
53075001000,0.147861
53077000100,0.015224
53077000200,0.005223
53077000301,0.077646
53077000302,0.034145
53077000401,0.006328
53077000402,0.021335
53077000500,0.007935
53077000600,0.004712
53077000700,0.019915
53077000800,0.009554
53077000902,0.007414
53077000903,0.009494
53077000904,0.004163
53077001000,0.007812
53077001100,0.008025
53077001201,0.00472
53077001202,0.005257
53077001300,0.106418
53077001400,0.011109
53077001502,0.011773
53077001503,0.008504
53077001504,0.021876
53077001601,0.017613
53077001602,0.050292
53077001701,0.100579
53077001702,0.007753
53077001801,0.026284
53077001802,0.120834
53077001901,0.105026
53077001902,0.005046
53077002003,0.008084
53077002004,0.036866
53077002005,0.020602
53077002006,0.02977
53077002101,0.034163
53077002103,0.013741
53077002104,0.004752
53077002201,0.013299
53077002202,0.037537
53077002701,0.011538
53077002801,0.018039
53077002803,0.010566
53077002804,0.005127
53077002900,0.015348
53077003002,0.008687
53077003003,0.080504
53077003004,0.099111
53077003100,0.041851
53077003200,0.019809
53077003400,0.016897
53077940001,0.01065
53077940002,0.016279
53077940003,0.100776
53077940005,0.051281
53077940006,0.002822
53077940007,0.009756
53077940008,0.021073
