GEOID,coverage_gap_score
40001376600,0.125278
40001376700,0.150242
40001376800,0.215486
40001376900,0.220163
40001377000,0.219406
40003955600,0.14859
40003955700,0.181385
40003956000,0.15743
40005587600,0.138735
40005587700,0.185739
40005587800,0.167381
40005587900,0.064996
40009966100,0.198336
40009966200,0.259401
40009966800,0.174666
40011958600,0.266326
40011958700,0.261032
40011958800,0.162634
40011958900,0.177234
40011959000,0.155516
40013795600,0.159101
40013795700,0.092007
40013795900,0.091984
40013796002,0.126788
40013796003,0.158209
40013796004,0.381021
40013796101,0.137738
40013796102,0.146013
40013796200,0.188389
40013796300,0.129967
40013796400,0.137497
40013796500,0.155092
40013796600,0.096495
40015161601,0.167475
40015161602,0.17232
40015161700,0.168832
40015161800,0.111387
40015161900,0.094394
40015162000,0.186045
40015162101,0.251553
40015162102,0.229851
40015162200,0.138327
40015162300,0.145499
40017300100,0.256938
40017300201,0.199274
40017300202,0.240907
40017300300,0.323677
40017300400,0.428516
40017300500,0.309552
40017300600,0.222112
40017300701,0.175616
40017300702,0.144058
40017300802,0.349075
40017300803,0.241599
40017300804,0.337818
40017300805,0.255244
40017300806,0.22155
40017300901,0.21939
40017300902,0.222734
40017300904,0.132397
40017300905,0.112936
40017301001,0.173533
40017301003,0.264213
40017301006,0.065796
40017301010,0.300426
40017301011,0.190024
40017301012,0.089005
40017301013,0.071438
40017301014,0.141361
40017301015,0.102381
40017301100,0.137466
40017301201,0.306947
40017301202,0.292678
40017301301,0.208346
40017301302,0.24974
40017301406,0.170059
40017301407,0.25568
40017301408,0.226223
40017301409,0.336761
40017301410,0.281885
40019892100,0.14328
40019892200,0.224599
40019892301,0.21442
40019892302,0.227991
40019892400,0.140591
40019892501,0.295731
40019892502,0.153761
40019892601,0.319766
40019892602,0.213505
40019892700,0.19517
40019892801,0.038998
40019892802,0.235795
40019892900,0.08564
40019893001,0.204822
40019893002,0.136366
40019893100,0.104901
40021977600,0.251713
40021977701,0.241686
40021977702,0.265012
40021977801,0.127092
40021977802,0.154188
40021977901,0.318328
40021977902,0.108541
40021978000,0.112371
40021978100,0.189489
40021978201,0.167138
40021978202,0.125035
40021978301,0.220516
40021978302,0.322787
40023966900,0.143734
40023967000,0.129097
40023967100,0.172267
40023967200,0.195954
40023967300,0.161744
40027200100,0.067924
40027200200,0.107609
40027200300,0.043668
40027200400,0.039061
40027200500,0.055025
40027200602,0.111437
40027200603,0.037009
40027200604,0.269062
40027200700,0.287481
40027200800,0.182988
40027200900,0.056813
40027201000,0.064227
40027201102,0.044809
40027201103,0.09461
40027201104,0.147145
40027201201,0.020267
40027201202,0.045991
40027201204,0.014744
40027201205,0.101928
40027201302,0.187573
40027201303,0.080971
40027201403,0.174582
40027201404,0.153075
40027201405,0.077026
40027201505,0.145344
40027201508,0.056946
40027201509,0.060244
40027201511,0.016209
40027201512,0.095331
40027201513,0.164766
40027201514,0.072852
40027201602,0.274543
40027201603,0.148664
40027201604,0.155341
40027201607,0.051719
40027201609,0.066056
40027201610,0.134763
40027201611,0.060279
40027201612,0.167379
40027201700,0.163474
40027201801,0.035393
40027201802,0.051554
40027201902,0.04423
40027201903,0.088409
40027201904,0.105376
40027202002,0.049798
40027202004,0.049302
40027202005,0.032378
40027202006,0.06901
40027202007,0.264444
40027202008,0.02088
40027202102,0.110005
40027202104,0.078576
40027202105,0.231959
40027202106,0.155773
40027202107,0.31689
40027202201,0.239296
40027202203,0.181872
40027202205,0.036309
40027202207,0.119691
40027202208,0.113922
40027202301,0.333106
40027202302,0.062261
40027202403,0.207352
40027202404,0.227354
40027202405,0.118338
40027202406,0.122101
40027202407,0.333586
40027202501,0.20043
40027202502,0.195198
40027202600,0.12444
40029388100,0.127751
40029388200,0.190394
40031000100,0.112455
40031000200,0.139618
40031000300,0.065173
40031000402,0.1003
40031000403,0.020125
40031000404,0.040891
40031000405,0.07908
40031000503,0.017358
40031000504,0.030883
40031000505,0.051167
40031000506,0.09401
40031000600,0.050848
40031000700,0.017389
40031000800,0.035928
40031000900,0.026594
40031001000,0.044273
40031001100,0.023645
40031001400,0.050416
40031001500,0.032688
40031001600,0.033051
40031001700,0.034063
40031001901,0.103532
40031001902,0.174166
40031002001,0.036901
40031002003,0.245613
40031002004,0.212878
40031002005,0.089633
40031002101,0.187757
40031002102,0.175601
40031002201,0.150241
40031002202,0.216652
40031002301,0.135283
40031002302,0.071144
40031002401,0.334101
40031002403,0.203014
40031002405,0.138081
40031002406,0.04334
40031002500,0.052805
40033871100,0.141475
40033871200,0.218291
40035373100,0.123412
40035373200,0.183074
40035373300,0.209194
40035373400,0.178821
40035373500,0.174025
40037020101,0.295093
40037020102,0.268264
40037020103,0.19731
40037020602,0.173515
40037020603,0.243142
40037020604,0.070795
40037020702,0.20201
40037020704,0.2678
40037020705,0.355541
40037020706,0.215869
40037020707,0.283821
40037020800,0.132839
40037020900,0.239915
40037021000,0.221609
40037021101,0.189506
40037021102,0.158308
40037021201,0.209562
40037021202,0.28063
40037021300,0.279459
40037021401,0.245505
40037021402,0.267225
40037021500,0.166917
40037021600,0.410403
40039950800,0.224811
40039960401,0.220971
40039960402,0.190669
40039960600,0.221227
40039960701,0.151844
40039960702,0.380446
40039961000,0.139619
40041375601,0.234306
40041375602,0.422704
40041375701,0.266531
40041375702,0.214098
40041375803,0.113972
40041375804,0.339651
40041375805,0.460095
40041375806,0.234943
40041375901,0.301151
40041375902,0.188958
40041376000,0.238669
40041376100,0.223804
40041976200,0.228251
40043959100,0.153454
40043959200,0.205719
40043959300,0.197886
40045952600,0.155204
40045952800,0.232485
40047000101,0.058405
40047000102,0.160824
40047000200,0.297295
40047000601,0.246634
40047000602,0.345564
40047000701,0.025612
40047000702,0.108704
40047001100,0.193278
40047001200,0.137276
40047001301,0.189452
40047001302,0.182385
40047001401,0.25782
40047001402,0.331183
40047001500,0.251304
40047001602,0.180334
40047001603,0.204506
40047001604,0.252493
40049681100,0.185847
40049681200,0.204573
40049681300,0.169694
40049681400,0.236831
40049681500,0.144853
40049681600,0.089589
40049681700,0.180853
40049681800,0.167241
40049681900,0.173722
40051000100,0.281883
40051000400,0.050472
40051000501,0.02698
40051000502,0.175611
40051000600,0.17638
40051000701,0.102152
40051000702,0.174191
40051000801,0.224124
40051000802,0.211505
40051000901,0.134324
40051000902,0.216464
40051000904,0.390397
40051000905,0.233277
40051000906,0.16924
40051001000,0.245869
40053956400,0.262669
40053956500,0.127868
40055967100,0.208144
40055967200,0.166475
40059952100,0.145592
40059952200,0.138215
40061279100,0.118219
40061279200,0.221972
40061279300,0.166004
40061279400,0.154779
40063484600,0.119603
40063484700,0.158079
40063484800,0.188721
40063484900,0.174971
40063485000,0.19468
40065968100,0.13763
40065968200,0.187399
40065968300,0.193877
40065968400,0.185212
40065968500,0.140349
40065968600,0.218254
40065968700,0.332482
40065968800,0.354718
40067371600,0.156852
40067371700,0.143874
40067371800,0.139081
40069660198,0.155702
40069660201,0.190955
40069660202,0.327957
40069660300,0.190137
40071000100,0.069299
40071000201,0.142361
40071000202,0.111497
40071000300,0.066416
40071000400,0.193897
40071000500,0.097961
40071000600,0.152723
40071001100,0.232601
40071001200,0.215787
40071001301,0.336586
40071001302,0.218799
40073958100,0.203132
40073958200,0.106341
40073958300,0.156394
40073958400,0.117373
40075963600,0.133312
40075963700,0.129988
40075964200,0.120255
40077087100,0.172264
40077087200,0.199635
40077087300,0.18602
40079040102,0.169755
40079040198,0.20419
40079040299,0.134924
40079040301,0.132554
40079040302,0.101364
40079040303,0.106127
40079040401,0.159777
40079040402,0.212998
40079040500,0.153991
40079040601,0.187467
40079040602,0.201088
40079040700,0.206683
40081961100,0.196661
40081961200,0.130024
40081961300,0.160606
40081961401,0.185946
40081961402,0.097578
40081961500,0.240352
40081961600,0.160151
40081961700,0.186537
40083600101,0.18594
40083600200,0.261688
40083600300,0.264082
40083600401,0.212739
40083600402,0.077474
40083600501,0.221082
40083600502,0.306321
40083600600,0.212227
40083600700,0.231485
40083600801,0.09231
40083600802,0.224966
40083600903,0.194458
40083601000,0.236445
40085094100,0.249096
40085094200,0.188647
40085094300,0.221435
40087400103,0.157848
40087400104,0.197425
40087400105,0.198265
40087400106,0.265015
40087400201,0.140764
40087400203,0.140097
40087400204,0.208067
40087400300,0.211844
40087400400,0.168414
40089098200,0.112484
40089098300,0.216039
40089098400,0.118725
40089098501,0.201314
40089098502,0.175616
40089098600,0.150095
40089098700,0.136696
40089098800,0.190893
40089098900,0.23365
40091779601,0.266342
40091779602,0.259518
40091779700,0.165082
40091779900,0.221769
40091780100,0.240135
40091780200,0.185591
40091780301,0.177501
40091780302,0.193245
40093955100,0.178119
40093955200,0.145692
40093955300,0.180993
40095094698,0.200403
40095094700,0.174276
40095094803,0.176822
40095094804,0.454872
40095094805,0.266447
40095094806,0.367008
40097040100,0.217506
40097040200,0.204712
40097040300,0.151635
40097040400,0.169443
40097040501,0.257207
40097040502,0.235207
40097040600,0.139138
40097040700,0.154595
40097040801,0.27025
40097040802,0.141736
40099790600,0.146465
40099790701,0.133633
40099790702,0.212592
40099790801,0.246831
40099790802,0.257333
40101000100,0.194548
40101000200,0.237991
40101000300,0.210944
40101000400,0.211347
40101000600,0.194908
40101000700,0.150725
40101000801,0.041495
40101000802,0.176592
40101000901,0.177649
40101000902,0.059739
40101001000,0.209721
40101001100,0.111832
40101001200,0.236469
40101001301,0.165129
40101001302,0.256012
40101001401,0.241574
40101001402,0.12756
40101001501,0.189398
40101001502,0.115114
40101001600,0.189042
40103956600,0.168857
40103956900,0.273174
40103957000,0.266263
40103957100,0.235281
40105172100,0.114029
40105172200,0.103615
40105172300,0.172748
40105172400,0.137504
40107080600,0.163121
40107080700,0.12213
40107080900,0.182321
40107081000,0.143169
40109100100,0.023093
40109100201,0.026579
40109100202,0.237417
40109100203,0.036241
40109100300,0.093941
40109100400,0.036849
40109100500,0.17875
40109100800,0.123677
40109100900,0.015779
40109101000,0.103837
40109101100,0.286701
40109101200,0.185557
40109101300,0.084701
40109101400,0.049099
40109101500,0.056017
40109101800,0.302103
40109101900,0.049529
40109102000,0.094401
40109102100,0.0497
40109102200,0.060963
40109102300,0.040487
40109102400,0.05717
40109102500,0.161846
40109103200,0.11573
40109103300,0.042345
40109103900,0.038167
40109104100,0.029277
40109104200,0.08164
40109104300,0.092773
40109104400,0.036133
40109104500,0.03823
40109104600,0.025513
40109104700,0.03339
40109104800,0.160007
40109104900,0.046346
40109105000,0.048543
40109105101,0.080607
40109105201,0.027329
40109105202,0.028795
40109105300,0.131309
40109105400,0.083659
40109105500,0.042969
40109105600,0.053458
40109105903,0.159163
40109105904,0.09263
40109105905,0.071126
40109105906,0.037231
40109105907,0.061605
40109106000,0.118468
40109106100,0.090313
40109106200,0.143688
40109106301,0.021293
40109106302,0.059007
40109106303,0.04239
40109106401,0.072917
40109106402,0.097493
40109106403,0.053507
40109106501,0.053277
40109106502,0.092394
40109106503,0.059946
40109106601,0.135443
40109106602,0.155533
40109106606,0.088777
40109106607,0.048285
40109106608,0.146077
40109106609,0.199716
40109106610,0.038167
40109106611,0.050851
40109106702,0.040771
40109106704,0.141674
40109106705,0.209137
40109106706,0.043864
40109106708,0.052287
40109106709,0.040039
40109106710,0.045251
40109106801,0.185519
40109106802,0.180301
40109106803,0.196077
40109106804,0.063441
40109106902,0.063394
40109106903,0.136513
40109106906,0.062899
40109106907,0.027799
40109106909,0.062663
40109106910,0.025769
40109106911,0.022103
40109106912,0.034851
40109106913,0.097283
40109106914,0.052124
40109106916,0.044314
40109106917,0.042212
40109107001,0.089091
40109107002,0.116537
40109107101,0.228357
40109107103,0.049398
40109107104,0.112113
40109107206,0.040452
40109107207,0.048922
40109107212,0.121496
40109107213,0.100097
40109107214,0.113636
40109107215,0.041504
40109107216,0.029887
40109107217,0.02884
40109107218,0.031888
40109107219,0.019098
40109107220,0.046956
40109107221,0.053598
40109107222,0.036268
40109107223,0.05778
40109107224,0.043401
40109107225,0.027902
40109107226,0.020581
40109107302,0.044887
40109107303,0.059562
40109107305,0.018086
40109107306,0.033543
40109107401,0.091598
40109107404,0.062174
40109107405,0.081421
40109107406,0.067074
40109107407,0.142999
40109107601,0.081336
40109107604,0.040633
40109107605,0.014812
40109107608,0.017741
40109107703,0.042611
40109107704,0.039806
40109107705,0.039458
40109107706,0.020255
40109107707,0.036842
40109107801,0.033976
40109107804,0.02319
40109107805,0.13067
40109107806,0.05933
40109107807,0.015678
40109107808,0.040476
40109107809,0.023562
40109107810,0.040505
40109107900,0.30071
40109108003,0.050524
40109108005,0.098696
40109108006,0.028221
40109108007,0.026983
40109108008,0.039477
40109108009,0.058886
40109108010,0.061403
40109108011,0.046606
40109108101,0.315861
40109108106,0.20298
40109108107,0.176964
40109108109,0.151484
40109108110,0.191975
40109108113,0.181703
40109108114,0.193333
40109108201,0.111058
40109108203,0.032798
40109108204,0.076832
40109108207,0.090744
40109108208,0.03897
40109108215,0.085802
40109108216,0.052073
40109108217,0.043605
40109108222,0.026245
40109108223,0.054036
40109108224,0.05726
40109108225,0.06722
40109108226,0.039115
40109108227,0.014529
40109108228,0.064899
40109108229,0.048972
40109108230,0.025574
40109108231,0.031982
40109108232,0.036142
40109108233,0.04187
40109108234,0.049357
40109108235,0.034394
40109108236,0.037502
40109108237,0.052612
40109108238,0.059408
40109108301,0.041886
40109108302,0.102974
40109108304,0.099148
40109108307,0.037924
40109108309,0.031969
40109108310,0.028776
40109108314,0.055705
40109108317,0.037447
40109108318,0.057528
40109108319,0.087076
40109108320,0.037479
40109108321,0.036041
40109108322,0.054958
40109108323,0.068836
40109108324,0.035617
40109108325,0.053945
40109108326,0.050633
40109108402,0.070327
40109108403,0.051324
40109108404,0.019184
40109108506,0.154392
40109108507,0.20363
40109108508,0.228443
40109108513,0.05599
40109108514,0.147969
40109108515,0.10272
40109108520,0.104193
40109108521,0.262096
40109108523,0.078142
40109108524,0.03128
40109108525,0.034048
40109108526,0.102805
40109108527,0.075213
40109108528,0.016468
40109108529,0.020501
40109108530,0.054122
40109108531,0.086169
40109108532,0.297287
40109108533,0.278867
40109108534,0.090892
40109108535,0.053563
40109108536,0.055827
40109108537,0.037849
40109108538,0.103128
40109108603,0.209327
40109108604,0.054935
40109108701,0.174895
40109108706,0.048606
40109108707,0.039198
40109108708,0.2218
40109108709,0.176281
40109108710,0.062566
40109108711,0.062902
40109108712,0.195198
40109108713,0.278438
40109108802,0.238262
40109108803,0.07548
40109108804,0.093357
40109108805,0.203305
40109108806,0.024709
40109108807,0.033748
40109108900,0.404555
40109109001,0.237674
40109109003,0.189289
40109109004,0.20128
40109109202,0.248245
40109109203,0.326258
40109109204,0.253776
40109109205,0.235371
40109109300,0.14052
40109109400,0.025915
40109109500,0.041349
40109109600,0.059087
40109109700,0.0324
40109109800,0.144749
40109109900,0.03278
40109110000,0.02179
40109980001,0.0656
40109980002,0.246656
40109980003,0.07487
40109980004,0.082327
40109980005,0.054919
40109980006,0.063558
40109980007,0.224822
40109980008,0.067193
40109980009,0.38003
40111000100,0.20076
40111000200,0.227676
40111000300,0.233651
40111000400,0.168182
40111000500,0.259631
40111000601,0.226443
40111000602,0.1672
40111000700,0.120265
40111000800,0.18019
40111000901,0.207973
40111000902,0.249045
40113940001,0.207519
40113940003,0.245993
40113940004,0.224691
40113940005,0.181603
40113940006,0.030624
40113940007,0.251836
40113940008,0.211569
40113940009,0.284233
40113940011,0.206674
40113940012,0.222877
40113940013,0.27087
40113940014,0.427556
40113940015,0.234301
40115574100,0.191015
40115574200,0.288652
40115574300,0.219745
40115574400,0.268141
40115574500,0.306957
40115574600,0.233945
40115574700,0.267503
40115574800,0.171471
40115574900,0.211057
40117957100,0.199754
40117957200,0.193341
40117957300,0.214314
40117957400,0.227086
40117957500,0.187584
40119010101,0.159583
40119010102,0.113203
40119010201,0.049626
40119010202,0.060606
40119010300,0.131706
40119010400,0.153118
40119010501,0.227323
40119010502,0.088251
40119010503,0.157778
40119010600,0.243892
40119010700,0.101739
40119010800,0.284765
40119010901,0.146809
40119010902,0.246513
40119011001,0.244841
40119011002,0.273873
40119011101,0.278739
40119011103,0.312273
40119011104,0.291199
40119011200,0.243897
40119011301,0.218108
40119011302,0.0785
40119011400,0.198284
40121485601,0.398296
40121485602,0.327685
40121485700,0.19554
40121485800,0.161614
40121485900,0.249521
40121486000,0.199294
40121486100,0.132588
40121486200,0.228002
40121486300,0.245494
40121486400,0.185376
40121486500,0.157269
40121486600,0.220881
40121486700,0.143126
40121486800,0.223206
40123088600,0.206328
40123088700,0.178548
40123088801,0.289329
40123088802,0.099032
40123088900,0.271548
40123089000,0.211808
40123089100,0.079109
40123089200,0.046447
40123089300,0.144774
40123089598,0.174625
40123089600,0.207862
40125500200,0.161725
40125500301,0.226398
40125500302,0.326727
40125500400,0.401286
40125500500,0.263077
40125500600,0.364532
40125500700,0.252557
40125500800,0.297455
40125500901,0.205042
40125500902,0.236019
40125501003,0.16699
40125501004,0.169268
40125501005,0.193289
40125501006,0.309941
40125501101,0.132782
40125501103,0.170394
40125501104,0.303531
40125501105,0.309091
40125501201,0.260223
40125501300,0.202226
40127097600,0.16884
40127097701,0.170235
40127097702,0.188561
40127097800,0.160616
40129960000,0.113618
40131050101,0.206585
40131050103,0.367034
40131050104,0.295872
40131050105,0.210387
40131050201,0.265391
40131050202,0.214002
40131050203,0.254414
40131050301,0.204984
40131050302,0.289134
40131050303,0.297365
40131050304,0.222051
40131050403,0.336153
40131050404,0.277657
40131050405,0.232331
40131050406,0.154468
40131050407,0.17998
40131050408,0.220073
40131050409,0.241926
40131050501,0.241371
40131050502,0.202542
40131050601,0.237176
40131050602,0.230941
40131050603,0.308559
40131050604,0.189479
40131050701,0.23046
40131050702,0.23881
40131050801,0.159796
40131050802,0.144549
40133583100,0.18676
40133583200,0.254473
40133583300,0.302887
40133583400,0.197121
40133583500,0.044397
40133583600,0.182718
40133583700,0.165097
40133583800,0.216474
40133583900,0.194594
40135030101,0.139079
40135030103,0.260539
40135030105,0.176557
40135030106,0.26374
40135030201,0.165885
40135030202,0.184399
40135030301,0.217409
40135030303,0.342827
40135030304,0.199173
40135030401,0.232299
40135030403,0.229355
40135030404,0.232678
40137000101,0.065814
40137000102,0.1417
40137000200,0.216877
40137000300,0.209983
40137000400,0.329732
40137000600,0.116389
40137000800,0.166327
40137000901,0.178181
40137000902,0.205796
40137001000,0.109587
40137001100,0.159842
40141070100,0.207551
40141070200,0.21687
40141070300,0.160169
40141070400,0.348817
40141070500,0.123303
40143000200,0.138193
40143000300,0.040852
40143000400,0.020653
40143000500,0.134113
40143000800,0.019058
40143000900,0.012391
40143001000,0.041286
40143001200,0.09297
40143001300,0.050881
40143001400,0.10581
40143001500,0.042339
40143001600,0.130198
40143001700,0.184003
40143001800,0.1664
40143001900,0.216063
40143002000,0.161012
40143002100,0.120079
40143002301,0.147129
40143002500,0.085162
40143002700,0.064362
40143002900,0.144881
40143003000,0.201274
40143003100,0.058278
40143003200,0.035247
40143003300,0.049433
40143003400,0.163188
40143003500,0.134259
40143003600,0.107255
40143003700,0.05037
40143003800,0.07229
40143003900,0.075737
40143004000,0.04184
40143004101,0.046117
40143004200,0.097307
40143004301,0.052611
40143004302,0.029663
40143004400,0.095849
40143004500,0.05277
40143004600,0.102838
40143004700,0.189801
40143004800,0.141128
40143004900,0.21649
40143005001,0.025061
40143005002,0.10342
40143005100,0.056744
40143005200,0.050788
40143005300,0.027126
40143005401,0.139287
40143005403,0.184117
40143005404,0.171431
40143005500,0.254579
40143005600,0.251368
40143005700,0.243074
40143005801,0.052177
40143005805,0.069397
40143005808,0.0993
40143005809,0.051944
40143005810,0.145551
40143005811,0.146281
40143005812,0.020435
40143005813,0.042469
40143005900,0.150959
40143006000,0.08889
40143006200,0.016113
40143006506,0.201555
40143006507,0.260423
40143006600,0.176211
40143006701,0.125825
40143006703,0.056206
40143006708,0.101342
40143006709,0.136176
40143006710,0.106083
40143006711,0.054988
40143006712,0.155968
40143006713,0.109379
40143006801,0.027114
40143006803,0.08524
40143006804,0.079743
40143006901,0.042199
40143006902,0.037639
40143006903,0.05576
40143006905,0.034763
40143006906,0.097897
40143006907,0.053885
40143007000,0.0446
40143007101,0.029477
40143007102,0.060268
40143007200,0.218091
40143007304,0.073393
40143007306,0.039663
40143007308,0.207971
40143007309,0.161142
40143007310,0.06617
40143007311,0.043181
40143007312,0.072844
40143007313,0.119161
40143007314,0.093998
40143007402,0.042124
40143007408,0.065538
40143007409,0.0353
40143007410,0.039193
40143007411,0.030729
40143007412,0.030698
40143007413,0.033009
40143007414,0.057147
40143007415,0.155589
40143007416,0.036671
40143007417,0.142555
40143007503,0.042581
40143007507,0.034307
40143007510,0.068597
40143007511,0.02957
40143007512,0.054367
40143007518,0.032758
40143007519,0.010777
40143007520,0.027899
40143007522,0.068597
40143007523,0.04526
40143007525,0.055764
40143007526,0.071365
40143007527,0.062558
40143007528,0.057504
40143007529,0.041267
40143007530,0.086236
40143007531,0.077614
40143007532,0.038859
40143007533,0.068772
40143007534,0.055951
40143007535,0.141767
40143007536,0.031684
40143007608,0.041859
40143007611,0.061345
40143007612,0.014604
40143007613,0.058743
40143007614,0.089876
40143007615,0.030427
40143007616,0.079428
40143007617,0.038204
40143007619,0.025367
40143007629,0.127905
40143007630,0.143544
40143007631,0.038552
40143007632,0.060176
40143007633,0.08042
40143007634,0.061289
40143007636,0.157809
40143007638,0.061727
40143007639,0.048658
40143007641,0.039389
40143007642,0.055176
40143007643,0.068551
40143007644,0.028172
40143007645,0.030153
40143007646,0.247803
40143007647,0.049154
40143007648,0.074638
40143007649,0.060879
40143007650,0.187178
40143007651,0.29393
40143007652,0.204879
40143007653,0.045423
40143007654,0.044043
40143007655,0.212597
40143007656,0.109307
40143007703,0.216505
40143007704,0.180367
40143007705,0.1821
40143007706,0.031768
40143007707,0.212709
40143007801,0.23422
40143007803,0.247883
40143007804,0.393525
40143007900,0.15004
40143008001,0.269573
40143008002,0.037784
40143008200,0.065076
40143008300,0.225129
40143008400,0.021194
40143008501,0.036606
40143008502,0.083042
40143008600,0.041028
40143008700,0.03504
40143008800,0.086893
40143008900,0.142018
40143009006,0.040398
40143009008,0.086577
40143009010,0.018123
40143009011,0.117262
40143009012,0.047131
40143009013,0.043344
40143009014,0.02232
40143009015,0.063823
40143009016,0.035633
40143009017,0.022906
40143009018,0.030895
40143009019,0.04129
40143009020,0.016626
40143009021,0.038495
40143009101,0.324677
40143009104,0.267366
40143009200,0.149222
40143009300,0.19864
40143009401,0.209834
40143009403,0.118701
40143009404,0.197205
40143009500,0.195676
40143011300,0.033576
40143011400,0.025245
40145030101,0.168576
40145030102,0.180633
40145030201,0.336905
40145030202,0.141767
40145030300,0.210751
40145030402,0.117625
40145030403,0.273487
40145030406,0.048875
40145030407,0.037354
40145030408,0.197707
40145030502,0.119576
40145030505,0.048486
40145030506,0.143263
40145030507,0.023148
40145030508,0.189914
40145030509,0.040201
40145030510,0.203678
40145030511,0.156745
40145030512,0.232506
40145030601,0.059318
40145030603,0.211294
40145030604,0.26333
40145030605,0.11377
40145030798,0.168255
40145030800,0.218631
40147000100,0.053299
40147000200,0.192014
40147000300,0.09331
40147000400,0.218964
40147000500,0.018586
40147000601,0.290257
40147000602,0.338023
40147000700,0.215632
40147000800,0.253422
40147000900,0.031059
40147001000,0.142168
40147001100,0.17012
40147001200,0.22778
40147001300,0.165405
40149964900,0.228131
40149965000,0.211537
40149965100,0.191485
40149965400,0.217467
40151954201,0.154968
40151954202,0.213829
40151954300,0.297272
40151954400,0.191605
40153953100,0.148911
40153953200,0.161674
40153953300,0.137677
40153953400,0.170102
40153953500,0.345216
04001944902,0.076922
04001945100,0.112574
04001970201,0.242356
04001970202,0.117456
04001970300,0.210886
04001970501,0.134698
04001970502,0.162001
04003000101,0.118532
04003000102,0.300424
04003000201,0.11166
04003000202,0.118924
04003000203,0.18536
04003000301,0.111114
04003000303,0.133369
04003000304,0.179477
04003000305,0.311516
04003000400,0.065349
04003000501,0.07922
04003000502,0.154799
04003000503,0.308334
04003000600,0.114059
04003000700,0.293299
04003000800,0.02398
04003000901,0.040584
04003000902,0.228772
04003001000,0.146684
04003001100,0.095428
04003001200,0.101058
04003001301,0.069899
04003001302,0.135102
04003001401,0.044825
04003001402,0.080157
04003001501,0.063876
04003001502,0.052355
04003001601,0.021469
04003001602,0.067516
04003001701,0.149468
04003001702,0.031584
04003001703,0.285305
04003001801,0.0391
04003001802,0.015323
04003001900,0.193871
04003002001,0.142427
04003002002,0.060383
04003002100,0.035919
04005000200,0.04042
04005000601,0.042039
04005000602,0.103703
04005000700,0.254949
04005000800,0.068446
04005000901,0.058691
04005000902,0.023265
04005001000,0.056825
04005001101,0.036541
04005001103,0.130324
04005001104,0.155284
04005001201,0.15329
04005001302,0.116719
04005001500,0.173828
04005001601,0.150606
04005001602,0.177378
04005001700,0.159019
04005002201,0.204394
04005002202,0.083754
04005002302,0.1277
04005945100,0.084835
04005980100,0.553706
04005980200,0.080783
04007000100,0.154746
04007000200,0.222735
04007000301,0.187821
04007000302,0.219182
04007000400,0.208281
04007000500,0.2731
04007000600,0.342254
04007000700,0.235621
04007000800,0.358092
04007000900,0.130795
04007001000,0.189826
04007001100,0.142372
04007001200,0.195676
04007001300,0.10294
04007940200,0.118077
04007940400,0.059634
04009940500,0.126007
04009961100,0.275585
04009961201,0.095673
04009961202,0.386391
04009961300,0.115396
04009961400,0.289258
04009961500,0.201109
04009961600,0.273794
04009961700,0.272923
04011960100,0.093218
04011960200,0.147745
04011960300,0.140422
04012020101,0.212597
04012020102,0.184875
04013010102,0.174014
04013010103,0.259302
04013010104,0.05965
04013030401,0.156435
04013030402,0.035827
04013040502,0.066742
04013040506,0.032383
04013040507,0.070529
04013040512,0.059737
04013040513,0.187293
04013040514,0.037402
04013040515,0.090576
04013040516,0.052553
04013040522,0.085149
04013040523,0.088344
04013040524,0.097323
04013040525,0.096004
04013040526,0.034116
04013040527,0.188275
04013040528,0.082209
04013040529,0.200293
04013040530,0.031024
04013040531,0.108241
04013040532,0.04835
04013040533,0.01624
04013040534,0.029188
04013040535,0.074547
04013040536,0.022033
04013040537,0.073445
04013040538,0.034974
04013040539,0.085507
04013040540,0.113135
04013040541,0.116124
04013050603,0.314142
04013050604,0.352723
04013050609,0.103915
04013050611,0.027463
04013050612,0.024794
04013050613,0.149878
04013050614,0.030762
04013050615,0.028754
04013050616,0.022198
04013050617,0.061546
04013050618,0.026242
04013050619,0.036746
04013050620,0.041089
04013050621,0.053751
04013050701,0.09237
04013050702,0.044936
04013060801,0.078876
04013060802,0.033243
04013060901,0.022487
04013060902,0.052141
04013060903,0.167794
04013060904,0.338446
04013061010,0.133229
04013061011,0.045086
04013061013,0.045782
04013061014,0.051011
04013061015,0.037674
04013061017,0.018519
04013061018,0.018881
04013061020,0.02016
04013061021,0.023174
04013061024,0.093169
04013061026,0.01703
04013061027,0.033486
04013061028,0.029334
04013061029,0.018028
04013061031,0.038943
04013061032,0.018438
04013061033,0.016499
04013061034,0.042967
04013061035,0.077627
04013061036,0.008258
04013061037,0.022718
04013061038,0.020457
04013061039,0.068746
04013061040,0.026877
04013061041,0.010175
04013061042,0.032062
04013061043,0.022952
04013061044,0.029289
04013061045,0.048213
04013061046,0.077876
04013061047,0.035335
04013061048,0.030083
04013061049,0.004958
04013061050,0.05073
04013061051,0.020015
04013061052,0.02998
04013061053,0.031844
04013061054,0.102214
04013061055,0.014542
04013061056,0.010154
04013061057,0.020034
04013061058,0.024902
04013061059,0.024045
04013061060,0.022013
04013061061,0.00434
04013061062,0.025879
04013061063,0.043727
04013061064,0.024164
04013061100,0.272897
04013061200,0.030499
04013061300,0.058781
04013061401,0.052264
04013061402,0.198206
04013071503,0.081637
04013071504,0.04551
04013071505,0.063535
04013071506,0.067032
04013071509,0.045048
04013071510,0.038632
04013071511,0.104655
04013071512,0.029889
04013071513,0.077045
04013071514,0.033108
04013071515,0.077211
04013071516,0.041956
04013071517,0.017616
04013071600,0.280532
04013071701,0.030585
04013071702,0.031792
04013071801,0.026291
04013071802,0.071044
04013071903,0.033185
04013071906,0.045517
04013071909,0.024597
04013071910,0.022091
04013071911,0.010873
04013071912,0.032853
04013071913,0.020949
04013071914,0.021528
04013071915,0.052734
04013082002,0.028447
04013082007,0.016628
04013082008,0.049715
04013082009,0.020762
04013082010,0.023339
04013082012,0.029987
04013082016,0.017847
04013082017,0.036876
04013082018,0.017358
04013082019,0.020852
04013082020,0.019419
04013082021,0.075684
04013082022,0.013393
04013082023,0.11954
04013082024,0.024751
04013082025,0.066661
04013082026,0.013154
04013082027,0.067818
04013082028,0.014252
04013082204,0.035428
04013082205,0.024178
04013082206,0.025011
04013082207,0.02474
04013082208,0.034871
04013082209,0.122299
04013082210,0.026404
04013082211,0.037933
04013082212,0.018799
04013082213,0.017871
04013083000,0.024079
04013092305,0.017842
04013092306,0.058307
04013092307,0.065007
04013092308,0.018752
04013092309,0.030682
04013092311,0.04541
04013092312,0.029963
04013092401,0.030376
04013092402,0.015051
04013092500,0.013506
04013092600,0.040969
04013092705,0.051125
04013092708,0.017241
04013092709,0.028276
04013092710,0.03241
04013092711,0.014234
04013092712,0.018219
04013092713,0.017317
04013092715,0.023893
04013092716,0.015043
04013092717,0.044285
04013092718,0.023198
04013092719,0.033997
04013092720,0.055972
04013092721,0.017497
04013092723,0.014534
04013092724,0.056386
04013092801,0.022019
04013092802,0.071652
04013092900,0.0175
04013093001,0.019944
04013093002,0.014458
04013093101,0.029756
04013093104,0.050559
04013093105,0.016279
04013093106,0.050081
04013093200,0.0572
04013103205,0.053259
04013103206,0.010986
04013103207,0.030982
04013103208,0.098228
04013103209,0.067043
04013103210,0.036076
04013103211,0.054157
04013103212,0.029332
04013103214,0.011025
04013103215,0.043273
04013103216,0.04491
04013103217,0.025751
04013103219,0.132787
04013103220,0.073338
04013103302,0.020824
04013103303,0.018237
04013103304,0.023406
04013103305,0.063434
04013103306,0.030405
04013103400,0.023034
04013103501,0.020039
04013103502,0.040524
04013103604,0.115308
04013103605,0.017019
04013103606,0.038724
04013103607,0.081977
04013103608,0.028319
04013103609,0.017487
04013103611,0.039912
04013103612,0.021109
04013103614,0.027129
04013103615,0.048077
04013103701,0.050764
04013103702,0.082504
04013103900,0.028376
04013104000,0.026005
04013104100,0.017018
04013104202,0.022058
04013104203,0.029881
04013104204,0.015743
04013104205,0.020179
04013104206,0.025002
04013104207,0.012889
04013104212,0.032138
04013104214,0.028749
04013104215,0.033255
04013104216,0.018446
04013104217,0.033835
04013104218,0.024424
04013104219,0.01755
04013104221,0.045889
04013104222,0.019645
04013104223,0.02975
04013104224,0.018733
04013104225,0.029287
04013104226,0.04169
04013104227,0.05398
04013104301,0.02765
04013104302,0.033481
04013104401,0.024785
04013104402,0.035819
04013104501,0.039985
04013104502,0.041662
04013104600,0.028288
04013104701,0.053902
04013104702,0.043794
04013104801,0.050592
04013104802,0.028776
04013104900,0.025215
04013105002,0.019598
04013105003,0.037134
04013105004,0.050857
04013105101,0.025561
04013105102,0.042883
04013105103,0.089265
04013105200,0.024459
04013105300,0.038431
04013105400,0.039771
04013105501,0.008994
04013105502,0.009081
04013105503,0.02464
04013105601,0.033981
04013105602,0.012978
04013105701,0.02536
04013105702,0.01842
04013105800,0.027303
04013105900,0.02198
04013106001,0.012955
04013106002,0.016466
04013106003,0.013264
04013106100,0.017106
04013106200,0.043267
04013106300,0.049507
04013106400,0.020245
04013106501,0.025061
04013106502,0.026466
04013106600,0.026542
04013106701,0.052174
04013106702,0.038785
04013106703,0.072039
04013106801,0.041762
04013106802,0.017891
04013106900,0.015427
04013107001,0.016672
04013107002,0.016112
04013107101,0.046231
04013107102,0.018272
04013107201,0.235384
04013107202,0.012012
04013107300,0.017814
04013107401,0.029523
04013107402,0.053808
04013107403,0.033416
04013107404,0.040207
04013107500,0.046354
04013107601,0.050506
04013107602,0.048954
04013107700,0.034815
04013107800,0.129804
04013107900,0.11752
04013108000,0.018881
04013108100,0.055949
04013108200,0.100926
04013108301,0.14582
04013108302,0.048021
04013108400,0.061077
04013108501,0.040804
04013108502,0.190164
04013108601,0.026731
04013108602,0.03901
04013108802,0.040982
04013108901,0.033268
04013108902,0.024083
04013109001,0.040542
04013109002,0.013625
04013109003,0.01462
04013109101,0.016436
04013109102,0.040263
04013109200,0.024564
04013109300,0.012517
04013109401,0.013748
04013109402,0.055786
04013109500,0.013171
04013109601,0.061507
04013109602,0.018968
04013109603,0.017481
04013109604,0.023818
04013109702,0.025656
04013109703,0.017736
04013109704,0.023002
04013109705,0.032185
04013109706,0.011965
04013109707,0.014211
04013109801,0.018688
04013109802,0.010206
04013109900,0.024414
04013110001,0.029591
04013110002,0.143317
04013110100,0.03198
04013110400,0.027365
04013110501,0.037109
04013110502,0.030496
04013110600,0.036158
04013110701,0.059877
04013110702,0.014695
04013110801,0.045889
04013110802,0.025323
04013110901,0.044724
04013110902,0.085082
04013111000,0.041663
04013111100,0.025578
04013111201,0.027769
04013111202,0.009364
04013111203,0.101451
04013111204,0.04111
04013111300,0.009589
04013111401,0.072428
04013111402,0.01689
04013111501,0.01939
04013111502,0.022258
04013111601,0.025456
04013111602,0.042037
04013111700,0.039222
04013111800,0.04103
04013111900,0.07626
04013112100,0.020567
04013112201,0.024736
04013112202,0.020276
04013112301,0.01934
04013112302,0.027463
04013112401,0.026823
04013112402,0.032786
04013112502,0.016386
04013112504,0.0236
04013112507,0.024377
04013112508,0.055959
04013112510,0.025365
04013112512,0.081086
04013112514,0.037771
04013112515,0.011049
04013112516,0.029893
04013112517,0.023763
04013112518,0.030979
04013112519,0.012876
04013112520,0.06324
04013112521,0.019658
04013112522,0.021065
04013112523,0.053233
04013112524,0.012682
04013112601,0.072088
04013112602,0.01799
04013112700,0.018489
04013112900,0.025774
04013113000,0.020447
04013113100,0.01888
04013113201,0.198828
04013113202,0.296429
04013113204,0.049083
04013113301,0.040712
04013113502,0.034385
04013113503,0.018649
04013113601,0.015754
04013113602,0.189903
04013113701,0.013413
04013113702,0.027031
04013113800,0.064278
04013113900,0.082654
04013114000,0.032603
04013114100,0.070953
04013114200,0.045465
04013114301,0.041542
04013114302,0.021169
04013114401,0.050734
04013114402,0.042334
04013114500,0.021319
04013114600,0.030469
04013114704,0.230298
04013114705,0.448057
04013114800,0.129985
04013114900,0.012937
04013115200,0.049336
04013115300,0.089374
04013115400,0.038356
04013115500,0.02107
04013115600,0.012085
04013115700,0.025527
04013115801,0.024032
04013115802,0.023662
04013115900,0.022485
04013116000,0.024076
04013116100,0.014584
04013116202,0.024466
04013116203,0.055328
04013116204,0.057461
04013116205,0.037614
04013116300,0.013999
04013116400,0.017922
04013116500,0.038875
04013116605,0.03516
04013116606,0.090052
04013116607,0.029048
04013116610,0.129561
04013116611,0.025513
04013116612,0.023157
04013116614,0.02392
04013116615,0.019529
04013116616,0.026736
04013116617,0.132388
04013116618,0.023094
04013116619,0.022431
04013116620,0.024525
04013116621,0.02674
04013116703,0.037429
04013116707,0.032201
04013116708,0.068669
04013116709,0.042393
04013116710,0.026459
04013116711,0.023302
04013116712,0.032364
04013116713,0.02983
04013116714,0.015186
04013116715,0.029679
04013116717,0.052487
04013116718,0.082857
04013116719,0.025964
04013116720,0.033505
04013116721,0.030485
04013116725,0.025737
04013116727,0.038428
04013116728,0.013734
04013116729,0.056082
04013116730,0.092564
04013116731,0.032267
04013116732,0.01844
04013116733,0.161578
04013116734,0.020184
04013116735,0.010995
04013116736,0.016365
04013116737,0.025075
04013116738,0.020341
04013116800,0.023699
04013116900,0.043808
04013117000,0.016512
04013117100,0.03275
04013117200,0.053579
04013117300,0.096203
04013216806,0.061791
04013216807,0.028414
04013216809,0.032677
04013216810,0.043648
04013216813,0.033277
04013216816,0.016698
04013216819,0.03339
04013216820,0.037385
04013216821,0.024914
04013216822,0.051185
04013216826,0.037758
04013216829,0.104228
04013216830,0.048249
04013216831,0.051998
04013216832,0.018943
04013216833,0.108842
04013216834,0.097633
04013216835,0.051667
04013216836,0.033789
04013216837,0.030495
04013216838,0.009472
04013216839,0.02156
04013216840,0.068306
04013216841,0.06268
04013216842,0.035979
04013216843,0.071387
04013216844,0.032673
04013216845,0.08804
04013216849,0.062054
04013216850,0.082836
04013216851,0.17595
04013216852,0.010532
04013216853,0.035284
04013216854,0.057433
04013216855,0.03162
04013216856,0.062315
04013216857,0.049653
04013216858,0.055167
04013216859,0.028774
04013216860,0.080576
04013216861,0.024754
04013216901,0.044141
04013216902,0.01549
04013217001,0.100159
04013217002,0.031421
04013217101,0.044197
04013217102,0.012112
04013217201,0.085646
04013217203,0.06826
04013217204,0.029031
04013217300,0.079404
04013217400,0.064519
04013217501,0.018719
04013217502,0.036038
04013217600,0.046883
04013217700,0.162042
04013217800,0.041191
04013217900,0.029026
04013218000,0.055872
04013218100,0.037728
04013218200,0.030607
04013218300,0.073465
04013318400,0.093572
04013318501,0.035219
04013318700,0.065874
04013318800,0.019403
04013318900,0.031413
04013319001,0.032148
04013319002,0.018434
04013319101,0.128091
04013319103,0.015074
04013319104,0.169655
04013319201,0.01692
04013319202,0.059949
04013319300,0.023031
04013319401,0.024774
04013319402,0.02907
04013319403,0.017732
04013319404,0.052058
04013319500,0.04675
04013319600,0.035546
04013319705,0.091579
04013319706,0.073481
04013319707,0.070092
04013319708,0.023904
04013319709,0.074814
04013319710,0.036107
04013319801,0.021896
04013319802,0.021577
04013319902,0.042735
04013319903,0.023315
04013319904,0.091785
04013319905,0.030389
04013319906,0.043907
04013319907,0.032258
04013319908,0.048155
04013319909,0.03585
04013319910,0.04827
04013320001,0.079065
04013320002,0.14551
04013320007,0.019175
04013320100,0.02898
04013420104,0.085173
04013420105,0.033998
04013420107,0.02205
04013420108,0.027316
04013420109,0.030895
04013420110,0.020785
04013420111,0.016731
04013420112,0.02379
04013420113,0.021534
04013420114,0.048247
04013420115,0.035791
04013420116,0.100977
04013420202,0.088444
04013420206,0.024699
04013420207,0.038475
04013420208,0.031104
04013420209,0.038901
04013420210,0.052555
04013420211,0.040444
04013420212,0.079264
04013420213,0.041804
04013420214,0.129753
04013420215,0.027717
04013420216,0.027754
04013420301,0.072898
04013420302,0.029717
04013420303,0.023216
04013420304,0.092989
04013420401,0.071681
04013420402,0.024281
04013420503,0.046801
04013420504,0.045707
04013420505,0.016214
04013420506,0.117488
04013420602,0.022377
04013420603,0.026778
04013420604,0.02721
04013420704,0.019641
04013420705,0.039161
04013420706,0.044305
04013420707,0.039368
04013420708,0.04606
04013420709,0.047331
04013420710,0.039362
04013420800,0.029777
04013420901,0.022229
04013420902,0.020326
04013421001,0.191299
04013421002,0.031009
04013421101,0.034912
04013421102,0.026263
04013421201,0.040293
04013421202,0.204568
04013421302,0.050799
04013421303,0.034576
04013421304,0.018596
04013421400,0.018455
04013421501,0.022542
04013421502,0.018891
04013421601,0.06091
04013421602,0.025342
04013421701,0.021796
04013421702,0.039655
04013421801,0.016625
04013421802,0.03285
04013421901,0.019519
04013421902,0.054752
04013422001,0.018937
04013422002,0.038208
04013422102,0.038627
04013422103,0.053186
04013422104,0.031082
04013422105,0.023686
04013422106,0.088574
04013422107,0.10597
04013422203,0.05782
04013422209,0.021232
04013422210,0.033952
04013422211,0.030186
04013422212,0.075085
04013422213,0.029691
04013422215,0.028292
04013422216,0.041557
04013422217,0.125107
04013422218,0.015422
04013422219,0.014654
04013422220,0.029785
04013422221,0.037986
04013422222,0.019353
04013422223,0.040944
04013422224,0.082963
04013422225,0.043552
04013422226,0.171087
04013422227,0.023138
04013422301,0.028601
04013422302,0.02358
04013422304,0.119138
04013422305,0.037972
04013422307,0.055237
04013422308,0.044868
04013422309,0.051695
04013422401,0.061723
04013422402,0.018829
04013422403,0.025727
04013422404,0.046367
04013422501,0.020624
04013422502,0.043326
04013422503,0.012399
04013422504,0.06811
04013422506,0.097774
04013422507,0.053654
04013422508,0.037084
04013422509,0.161873
04013422510,0.029082
04013422511,0.042256
04013422512,0.020428
04013422513,0.033628
04013422514,0.100106
04013422607,0.085491
04013422609,0.087015
04013422610,0.03574
04013422615,0.02183
04013422617,0.030325
04013422618,0.034345
04013422620,0.02455
04013422621,0.074502
04013422622,0.035336
04013422623,0.027702
04013422624,0.045937
04013422625,0.052041
04013422626,0.035432
04013422627,0.026002
04013422628,0.033267
04013422629,0.059101
04013422630,0.014876
04013422632,0.038836
04013422633,0.022849
04013422634,0.034622
04013422636,0.040216
04013422637,0.031591
04013422638,0.025856
04013422639,0.055245
04013422640,0.036769
04013422642,0.048398
04013422643,0.035589
04013422647,0.034882
04013422648,0.017457
04013422649,0.033825
04013422650,0.018744
04013422651,0.018781
04013422652,0.045168
04013422653,0.018717
04013422654,0.024872
04013422655,0.027408
04013422656,0.067565
04013422657,0.028303
04013422658,0.02314
04013422659,0.032544
04013422660,0.028567
04013522801,0.492685
04013522802,0.034769
04013522901,0.023608
04013522903,0.128054
04013522904,0.01257
04013523002,0.021664
04013523005,0.026258
04013523006,0.136444
04013523007,0.0886
04013523008,0.012419
04013523102,0.013871
04013523103,0.049037
04013523104,0.021859
04013610001,0.312368
04013610002,0.162243
04013610100,0.032464
04013610201,0.05135
04013610202,0.042523
04013610301,0.073394
04013610302,0.021044
04013610400,0.030439
04013610500,0.030876
04013610600,0.024653
04013610700,0.157802
04013610800,0.034105
04013610901,0.053019
04013610902,0.054335
04013610903,0.04865
04013611000,0.034249
04013611100,0.021727
04013611200,0.02137
04013611300,0.046832
04013611400,0.065033
04013611500,0.011545
04013611600,0.021908
04013611700,0.04415
04013611800,0.043402
04013611900,0.020747
04013612000,0.058173
04013612200,0.078865
04013612301,0.06526
04013612302,0.01553
04013612401,0.016072
04013612402,0.080771
04013612500,0.104153
04013612600,0.031982
04013612700,0.039375
04013612800,0.081928
04013612900,0.026404
04013613000,0.023001
04013613100,0.028625
04013613200,0.041142
04013613300,0.043818
04013613400,0.026145
04013613500,0.127147
04013613601,0.031628
04013613602,0.027547
04013613700,0.076758
04013613800,0.024014
04013613900,0.042716
04013614000,0.018158
04013614100,0.008636
04013614200,0.03666
04013614300,0.076156
04013614400,0.03572
04013614500,0.026455
04013614601,0.035819
04013614602,0.095093
04013614700,0.040228
04013614800,0.016775
04013614900,0.16936
04013615001,0.024455
04013615002,0.033108
04013615100,0.086358
04013615201,0.054281
04013615202,0.091203
04013615300,0.052903
04013615400,0.030176
04013615500,0.059676
04013615600,0.076471
04013615700,0.045608
04013615800,0.014125
04013615900,0.029465
04013616000,0.020277
04013616100,0.014025
04013616200,0.054238
04013616300,0.01294
04013616400,0.087594
04013616500,0.025215
04013616600,0.032763
04013616700,0.053094
04013616800,0.015705
04013616900,0.027504
04013617001,0.085356
04013617002,0.04388
04013617100,0.053005
04013617200,0.020082
04013617300,0.019028
04013617400,0.134173
04013617500,0.035806
04013617600,0.032041
04013617700,0.049075
04013617800,0.072533
04013617900,0.028027
04013618000,0.037216
04013618100,0.028063
04013618200,0.018949
04013618300,0.022592
04013618400,0.012234
04013618500,0.023282
04013618600,0.024377
04013618700,0.012739
04013618800,0.034472
04013618900,0.053045
04013619000,0.045752
04013619100,0.036035
04013619200,0.050902
04013619300,0.0122
04013619400,0.064366
04013619500,0.036041
04013619601,0.046386
04013619602,0.022282
04013619700,0.024857
04013619800,0.030851
04013619900,0.036336
04013723304,0.101818
04013723305,0.128952
04013723306,0.133105
04013723307,0.090169
04013723309,0.009906
04013723310,0.021514
04013723311,0.043416
04013810000,0.048526
04013810100,0.025975
04013810200,0.057767
04013810300,0.016124
04013810400,0.043158
04013810500,0.032037
04013810600,0.02896
04013810700,0.028487
04013810800,0.033882
04013810900,0.021083
04013811000,0.052903
04013811100,0.091983
04013811200,0.046286
04013811300,0.043024
04013811400,0.030244
04013811500,0.012681
04013811600,0.016621
04013811700,0.020683
04013811800,0.041014
04013811900,0.027429
04013812000,0.045374
04013812100,0.038862
04013812200,0.03506
04013812300,0.025853
04013812400,0.035127
04013812500,0.027537
04013812600,0.02711
04013812700,0.018919
04013812801,0.015343
04013812802,0.07105
04013812900,0.02642
04013813000,0.025972
04013813100,0.018292
04013813200,0.020212
04013813300,0.05292
04013813400,0.022775
04013813500,0.043403
04013813600,0.024169
04013813700,0.037792
04013813800,0.036359
04013813900,0.019511
04013814000,0.031911
04013814100,0.013878
04013814200,0.058217
04013814300,0.027354
04013814400,0.02309
04013814500,0.085967
04013814600,0.04151
04013814700,0.015888
04013814801,0.02354
04013814802,0.028117
04013814900,0.02705
04013815000,0.017306
04013815100,0.005228
04013815201,0.05387
04013815202,0.01577
04013815203,0.028245
04013815300,0.083526
04013815401,0.034103
04013815402,0.042679
04013815501,0.017052
04013815502,0.065397
04013815601,0.036057
04013815602,0.020306
04013815700,0.039383
04013815800,0.029931
04013815901,0.055449
04013815902,0.020998
04013816001,0.064618
04013816002,0.032683
04013816003,0.047169
04013816004,0.025897
04013816005,0.023003
04013816100,0.022759
04013816200,0.013438
04013816301,0.048459
04013816302,0.035405
04013816401,0.031924
04013816402,0.02261
04013816501,0.033656
04013816502,0.039524
04013816600,0.033484
04013816700,0.017988
04013816800,0.04329
04013816901,0.024768
04013816902,0.031418
04013816903,0.012844
04013816904,0.045302
04013817000,0.025683
04013817101,0.031989
04013817102,0.053371
04013817103,0.01721
04013817200,0.034995
04013817300,0.041595
04013817400,0.036863
04013817500,0.051277
04013817600,0.053825
04013940700,0.069042
04013941000,0.068702
04013941100,0.153118
04013941200,0.074381
04013941300,0.041323
04013980100,0.269204
04013980400,0.284169
04013980500,0.053059
04013980700,0.123385
04013980900,0.067663
04013981000,0.523668
04015954801,0.165089
04015954802,0.152551
04017940014,0.050405
04017940015,0.061238
04017940100,0.175748
04017940301,0.096888
04017940302,0.3382
04017960100,0.156168
04017960200,0.15568
04017960400,0.067517
04017960500,0.187827
04017960600,0.064184
04017961300,0.102071
04017961701,0.121497
04017961702,0.30478
04017962501,0.253467
04017962502,0.397758
04017963300,0.163845
04017963400,0.189736
04017963700,0.042161
04017963800,0.036481
04017964201,0.121843
04017964202,0.125064
04017964801,0.054279
04017964802,0.240396
04017964901,0.26957
04017964902,0.134189
04017965201,0.286902
04017965202,0.200486
04017965301,0.177947
04017965302,0.087352
04019000100,0.254483
04019000200,0.035787
04019000300,0.018468
04019000401,0.016872
04019000402,0.028122
04019000501,0.028053
04019000502,0.031386
04019000600,0.048398
04019000700,0.0106
04019000800,0.034457
04019001100,0.020454
04019001200,0.020169
04019001302,0.025678
04019001303,0.049793
04019001304,0.051465
04019001400,0.035782
04019001500,0.03999
04019001600,0.064178
04019001700,0.070236
04019001801,0.026068
04019001802,0.028459
04019001900,0.051041
04019002000,0.086726
04019002100,0.030803
04019002201,0.023395
04019002202,0.0289
04019002300,0.031245
04019002400,0.026281
04019002503,0.041493
04019002504,0.015043
04019002505,0.028424
04019002507,0.039757
04019002508,0.004926
04019002509,0.027929
04019002602,0.056846
04019002603,0.039069
04019002604,0.014318
04019002702,0.034172
04019002703,0.02797
04019002704,0.025875
04019002801,0.077921
04019002802,0.040383
04019002803,0.040252
04019002901,0.033798
04019002904,0.054363
04019002905,0.044714
04019002906,0.030658
04019003002,0.042358
04019003003,0.029924
04019003004,0.088031
04019003102,0.017711
04019003103,0.117148
04019003104,0.050939
04019003201,0.032823
04019003202,0.026511
04019003302,0.03468
04019003303,0.045658
04019003304,0.038382
04019003400,0.030423
04019003502,0.024241
04019003503,0.07487
04019003504,0.021973
04019003505,0.037842
04019003506,0.025439
04019003601,0.141844
04019003702,0.03265
04019003704,0.045299
04019003705,0.020012
04019003706,0.023679
04019003707,0.020415
04019003801,0.057579
04019003802,0.031706
04019003901,0.044087
04019003902,0.00929
04019003903,0.025773
04019004008,0.022542
04019004010,0.030294
04019004026,0.036508
04019004029,0.040039
04019004030,0.043375
04019004031,0.105774
04019004032,0.016428
04019004033,0.023926
04019004034,0.011833
04019004035,0.010891
04019004036,0.010925
04019004037,0.015135
04019004038,0.013672
04019004039,0.026684
04019004042,0.04717
04019004043,0.0584
04019004044,0.146585
04019004046,0.016373
04019004047,0.02613
04019004048,0.031794
04019004049,0.013091
04019004050,0.01847
04019004051,0.023994
04019004052,0.194859
04019004053,0.026854
04019004054,0.025107
04019004055,0.040799
04019004056,0.030721
04019004057,0.028317
04019004058,0.02301
04019004061,0.236795
04019004062,0.030504
04019004063,0.032593
04019004065,0.021851
04019004066,0.040791
04019004067,0.115254
04019004068,0.06237
04019004069,0.035957
04019004070,0.064496
04019004071,0.015699
04019004072,0.020461
04019004073,0.037609
04019004074,0.030284
04019004075,0.038269
04019004076,0.019944
04019004077,0.029215
04019004078,0.13484
04019004079,0.030484
04019004080,0.033635
04019004081,0.028838
04019004082,0.015732
04019004109,0.144606
04019004110,0.010895
04019004112,0.045971
04019004114,0.063067
04019004115,0.036909
04019004116,0.016492
04019004117,0.039158
04019004118,0.030038
04019004122,0.021073
04019004126,0.027655
04019004127,0.071974
04019004128,0.044916
04019004129,0.085422
04019004130,0.041775
04019004131,0.059708
04019004132,0.03821
04019004133,0.066449
04019004307,0.15437
04019004310,0.028607
04019004311,0.024602
04019004312,0.022452
04019004313,0.304182
04019004316,0.045477
04019004317,0.053321
04019004320,0.133131
04019004321,0.020721
04019004322,0.023883
04019004323,0.192892
04019004324,0.144785
04019004325,0.391269
04019004326,0.046342
04019004327,0.084413
04019004328,0.038897
04019004330,0.031413
04019004332,0.038411
04019004333,0.019227
04019004335,0.049834
04019004336,0.135014
04019004337,0.055697
04019004338,0.033529
04019004339,0.010228
04019004340,0.066276
04019004404,0.173475
04019004407,0.006738
04019004412,0.029018
04019004413,0.035396
04019004414,0.01366
04019004415,0.088777
04019004418,0.020526
04019004419,0.053121
04019004422,0.031818
04019004423,0.096295
04019004424,0.197257
04019004425,0.090587
04019004426,0.107212
04019004428,0.095785
04019004430,0.015521
04019004431,0.045562
04019004432,0.010102
04019004433,0.021823
04019004434,0.023811
04019004435,0.025945
04019004436,0.046146
04019004437,0.052833
04019004438,0.035853
04019004439,0.019018
04019004440,0.036829
04019004505,0.020979
04019004506,0.028712
04019004508,0.049068
04019004510,0.032309
04019004511,0.018478
04019004512,0.014454
04019004513,0.025806
04019004514,0.024333
04019004515,0.064635
04019004610,0.028596
04019004613,0.030786
04019004614,0.020996
04019004615,0.024938
04019004616,0.069722
04019004617,0.050892
04019004618,0.033971
04019004619,0.041541
04019004620,0.048349
04019004621,0.020633
04019004622,0.173579
04019004623,0.050686
04019004624,0.035919
04019004625,0.254883
04019004626,0.037797
04019004627,0.052102
04019004628,0.027633
04019004630,0.041387
04019004631,0.223379
04019004632,0.258581
04019004633,0.054418
04019004634,0.021814
04019004635,0.092289
04019004636,0.048231
04019004639,0.080298
04019004640,0.048154
04019004641,0.010461
04019004642,0.045512
04019004643,0.067074
04019004644,0.012533
04019004645,0.022976
04019004646,0.029784
04019004647,0.048481
04019004648,0.207534
04019004649,0.083249
04019004650,0.054239
04019004710,0.065412
04019004711,0.086854
04019004712,0.027168
04019004713,0.211905
04019004714,0.027096
04019004715,0.193868
04019004717,0.043131
04019004718,0.030723
04019004720,0.021001
04019004721,0.037367
04019004722,0.074632
04019004723,0.033376
04019004724,0.039281
04019004725,0.070871
04019004726,0.060349
04019004727,0.185516
04019004728,0.362758
04019004729,0.022917
04019004730,0.020445
04019005200,0.133831
04019005300,0.029555
04019005400,0.018805
04019940800,0.109814
04019940900,0.031246
04019941000,0.091548
04019941100,0.049523
04019980001,0.510229
04019980002,0.152661
04019980100,0.04062
04019980200,0.045674
04019980300,0.122852
04019980400,0.203546
04021000201,0.216742
04021000204,0.036177
04021000206,0.046845
04021000208,0.055638
04021000211,0.055989
04021000212,0.082646
04021000215,0.054809
04021000216,0.022616
04021000217,0.145702
04021000218,0.018181
04021000219,0.042771
04021000220,0.018793
04021000221,0.049151
04021000222,0.016977
04021000223,0.026759
04021000224,0.027577
04021000225,0.018833
04021000226,0.034021
04021000227,0.019039
04021000228,0.01723
04021000229,0.100796
04021000307,0.119458
04021000309,0.044325
04021000310,0.04887
04021000311,0.177227
04021000312,0.100974
04021000313,0.041386
04021000315,0.094675
04021000316,0.035286
04021000317,0.018423
04021000319,0.065372
04021000320,0.083189
04021000321,0.046242
04021000322,0.035634
04021000323,0.117145
04021000324,0.036352
04021000325,0.044079
04021000400,0.140702
04021000603,0.06314
04021000604,0.273407
04021000700,0.102983
04021000802,0.13351
04021000804,0.061484
04021000805,0.035201
04021000806,0.015189
04021000807,0.343286
04021000808,0.342268
04021000902,0.096584
04021000903,0.384479
04021000904,0.172948
04021001000,0.202424
04021001100,0.127071
04021001200,0.126422
04021001303,0.119703
04021001305,0.020492
04021001306,0.023632
04021001307,0.177036
04021001308,0.125059
04021001309,0.03725
04021001310,0.053415
04021001403,0.037157
04021001404,0.028101
04021001405,0.077247
04021001406,0.06943
04021001407,0.204666
04021001408,0.204513
04021001500,0.094934
04021001600,0.086128
04021001701,0.268207
04021001704,0.085031
04021001705,0.191842
04021001706,0.124885
04021001707,0.019909
04021001709,0.046631
04021001712,0.150797
04021001713,0.025014
04021001714,0.037238
04021001715,0.077306
04021001716,0.024116
04021001717,0.028971
04021001900,0.051007
04021002001,0.261074
04021002004,0.13554
04021002005,0.1631
04021002104,0.067829
04021002105,0.028699
04021002106,0.16678
04021002107,0.219448
04021002200,0.121314
04021002300,0.241059
04021002400,0.443064
04021941200,0.063146
04021941300,0.075696
04021941401,0.130683
04021941402,0.145209
04023966000,0.106456
04023966101,0.198189
04023966103,0.064013
04023966106,0.24927
04023966107,0.066569
04023966108,0.146611
04023966109,0.094612
04023966110,0.037023
04023966111,0.189779
04023966200,0.071987
04023966301,0.205182
04023966302,0.233994
04023966401,0.094502
04023966402,0.094342
04025000205,0.056641
04025000206,0.098972
04025000207,0.410586
04025000208,0.345174
04025000209,0.352533
04025000210,0.109863
04025000211,0.125388
04025000301,0.040211
04025000302,0.042258
04025000403,0.0282
04025000404,0.017164
04025000405,0.030924
04025000406,0.314257
04025000407,0.011642
04025000501,0.102562
04025000502,0.076085
04025000604,0.016479
04025000608,0.032541
04025000609,0.039649
04025000611,0.125486
04025000612,0.134882
04025000613,0.020454
04025000614,0.012133
04025000615,0.037258
04025000616,0.027903
04025000617,0.159138
04025000618,0.037598
04025000619,0.097615
04025000701,0.130637
04025000702,0.13096
04025000802,0.140896
04025000803,0.036034
04025000804,0.349239
04025000901,0.136177
04025000902,0.020601
04025001002,0.117147
04025001003,0.03152
04025001004,0.077435
04025001103,0.072428
04025001104,0.028658
04025001105,0.163777
04025001106,0.103245
04025001201,0.247884
04025001202,0.052247
04025001300,0.202486
04025001401,0.111505
04025001402,0.34093
04025001403,0.137216
04025001501,0.190782
04025001502,0.135042
04025001601,0.094747
04025001602,0.192655
04025001604,0.138567
04025001605,0.207168
04025001701,0.158871
04025001703,0.298934
04025001704,0.206716
04025001705,0.100975
04025001801,0.122188
04025001803,0.125788
04025001804,0.240603
04025001901,0.117543
04025001902,0.156191
04025001903,0.109216
04025001904,0.131343
04025002001,0.109582
04025002002,0.14634
04025002003,0.177326
04025002005,0.059448
04025002006,0.032552
04025002007,0.129767
04025002100,0.144038
04027012100,0.267518
04027980003,0.141602
04027980004,0.28149
35023970000,0.098369
06007000102,0.016419
06007000103,0.059034
06007000104,0.03227
06007000201,0.221745
06007000202,0.11878
06007000300,0.092254
06007000401,0.063811
06007000403,0.058146
06007000404,0.123021
06007000501,0.207692
06007000502,0.293635
06007000601,0.061515
06007000603,0.034879
06007000604,0.05271
06007000700,0.035696
06007000800,0.070375
06007000901,0.057421
06007000903,0.028158
06007000904,0.182028
06007001000,0.084448
06007001100,0.199004
06007001200,0.035124
06007001300,0.023836
06007001400,0.11068
06007001500,0.047627
06007001601,0.199669
06007001602,0.219027
06007001702,0.163547
06007001703,0.037231
06007001704,0.027746
06007001800,0.199442
06007001900,0.179221
06007002000,0.299205
06007002100,0.188189
06007002200,0.135574
06007002300,0.274268
06007002401,0.10587
06007002402,0.107009
06007002500,0.078234
06007002601,0.33654
06007002602,0.1965
06007002700,0.060515
06007002800,0.058848
06007002900,0.031706
06007003001,0.220726
06007003002,0.056896
06007003100,0.346323
06007003200,0.062717
06007003300,0.05533
06007003400,0.128458
06007003501,0.049303
06007003502,0.187188
06007003600,0.137882
06007003700,0.217507
06011000100,0.140213
06011000200,0.147885
06011000301,0.22124
06011000302,0.17525
06011000400,0.0761
06011000500,0.230587
06015000202,0.234242
06017030601,0.249587
06017030603,0.309103
06017030604,0.124
06017030605,0.252262
06017030606,0.259785
06017030701,0.043699
06017030706,0.03668
06017030709,0.03756
06017030710,0.016231
06017030801,0.065299
06017030901,0.107341
06017030902,0.084453
06017031000,0.188655
06017031100,0.132987
06017031700,0.037175
06021010101,0.193787
06021010102,0.212915
06021010200,0.202152
06021010300,0.10575
06021010401,0.192702
06021010402,0.222717
06021010501,0.093954
06021010502,0.187148
06023001200,0.076481
06023010102,0.202352
06023010902,0.097211
06023011600,0.137533
06023940000,0.25031
06033000100,0.103333
06033000300,0.093317
06033000401,0.026401
06033000402,0.048419
06033000501,0.12085
06033000502,0.061181
06033000601,0.080907
06033000602,0.204394
06033000702,0.140253
06033000703,0.058709
06033000704,0.065012
06033000801,0.024728
06033000802,0.024748
06033000901,0.048527
06033000902,0.081457
06033001000,0.10236
06033001101,0.090129
06033001102,0.073833
06033001200,0.03775
06033001301,0.090726
06033001302,0.133859
06035040100,0.201105
06035040200,0.075702
06035040302,0.197567
06035040303,0.100787
06035040304,0.291887
06035040305,0.049759
06035040400,0.231945
06035040500,0.138329
06035040600,0.175518
06045010100,0.160614
06045010200,0.172776
06045010601,0.250411
06045010602,0.272884
06045010801,0.103823
06045010802,0.032969
06045011700,0.119657
06045011800,0.191297
06049000100,0.227373
06049000200,0.083114
06049000300,0.201909
06055201800,0.204029
06057000102,0.048901
06057000104,0.087276
06057000105,0.169566
06057000106,0.234845
06057000107,0.164889
06057000200,0.067896
06057000300,0.201074
06057000401,0.061597
06057000403,0.320279
06057000404,0.053015
06057000502,0.057486
06057000503,0.058428
06057000504,0.064553
06057000601,0.06151
06057000602,0.102664
06057000701,0.317785
06057000702,0.27213
06057000801,0.267716
06057000802,0.153891
06057000900,0.199294
06061020200,0.050389
06061020300,0.194476
06061020401,0.079052
06061020402,0.266229
06061020501,0.194516
06061020502,0.082345
06061020601,0.08426
06061020604,0.099147
06061020605,0.126836
06061020606,0.036587
06061020607,0.047773
06061020608,0.067909
06061020710,0.02944
06061020711,0.039755
06061020712,0.035167
06061020713,0.098317
06061020714,0.029181
06061020715,0.013623
06061020717,0.046327
06061020805,0.04982
06061020806,0.053343
06061020901,0.029286
06061020908,0.142944
06061021003,0.034313
06061021034,0.046854
06061021037,0.059808
06061021038,0.020184
06061021039,0.023873
06061021040,0.056557
06061021043,0.070142
06061021044,0.02689
06061021045,0.032389
06061021046,0.038855
06061021047,0.01053
06061021048,0.027928
06061021103,0.046292
06061021106,0.045006
06061021108,0.142552
06061021109,0.065269
06061021122,0.041023
06061021123,0.027539
06061021128,0.068974
06061021129,0.048352
06061021130,0.075649
06061021131,0.041544
06061021203,0.029551
06061021204,0.186981
06061021304,0.069883
06061021323,0.01581
06061021324,0.042379
06061021325,0.018516
06061021326,0.017008
06061021327,0.081285
06061021328,0.029246
06061021401,0.028321
06061021403,0.018703
06061021501,0.207049
06061021502,0.199471
06061021603,0.187777
06061021604,0.269055
06061021801,0.315437
06061021802,0.188412
06061021901,0.110236
06061021902,0.039917
06061022002,0.153832
06061022013,0.269215
06061022014,0.273543
06061022400,0.046311
06061022500,0.016197
06061022600,0.02913
06061022800,0.049491
06061022900,0.059233
06061023000,0.030392
06061023100,0.054821
06061023200,0.019353
06061023300,0.02957
06061023400,0.044064
06061023501,0.036995
06061023502,0.021949
06061023600,0.042253
06061023700,0.117512
06061023800,0.026
06061023900,0.137844
06063000100,0.120815
06063000201,0.104564
06063000202,0.145471
06063000300,0.145284
06063000400,0.220228
06063000501,0.23337
06063000502,0.161736
06067000100,0.074797
06067000200,0.106873
06067000300,0.042754
06067000400,0.059972
06067000501,0.174659
06067000502,0.37062
06067000600,0.024843
06067000700,0.044618
06067000800,0.063104
06067001102,0.160706
06067001103,0.079558
06067001201,0.056126
06067001202,0.021929
06067001300,0.031444
06067001400,0.053654
06067001500,0.034985
06067001601,0.030111
06067001602,0.086787
06067001702,0.122499
06067001800,0.027928
06067001900,0.090618
06067002000,0.029035
06067002100,0.067372
06067002200,0.065353
06067002300,0.10612
06067002400,0.043963
06067002500,0.031087
06067002600,0.04396
06067002700,0.110786
06067005301,0.05383
06067005402,0.031271
06067005403,0.138591
06067005404,0.071187
06067005502,0.028069
06067005505,0.039498
06067005506,0.030061
06067005508,0.103109
06067005509,0.036454
06067005510,0.028263
06067005601,0.045158
06067005605,0.038437
06067005606,0.022172
06067005701,0.048792
06067005702,0.032731
06067005801,0.027717
06067005803,0.013996
06067005901,0.018843
06067005903,0.024256
06067005904,0.020809
06067006002,0.044922
06067006003,0.128183
06067006004,0.020265
06067006101,0.113887
06067006102,0.043347
06067006202,0.064863
06067006203,0.045041
06067006204,0.029242
06067006300,0.020555
06067006400,0.054918
06067006501,0.069289
06067006502,0.040654
06067006600,0.035645
06067006703,0.019371
06067006704,0.019633
06067006705,0.043837
06067006706,0.0332
06067006801,0.01772
06067006802,0.020022
06067006803,0.032718
06067006901,0.119264
06067006902,0.105283
06067007001,0.046752
06067007007,0.027483
06067007010,0.071237
06067007011,0.045821
06067007012,0.026431
06067007013,0.018788
06067007016,0.025815
06067007017,0.067521
06067007019,0.066062
06067007020,0.075904
06067007021,0.049476
06067007022,0.092184
06067007023,0.017201
06067007024,0.066533
06067007025,0.027839
06067007026,0.011612
06067007027,0.024942
06067007028,0.045358
06067007101,0.225998
06067007103,0.020946
06067007105,0.036695
06067007106,0.032564
06067007107,0.102627
06067007108,0.018924
06067007109,0.046345
06067007110,0.02577
06067007111,0.035035
06067007202,0.046747
06067007204,0.046536
06067007206,0.020677
06067007207,0.068013
06067007208,0.039694
06067007209,0.03426
06067007301,0.017164
06067007402,0.03736
06067007403,0.130159
06067007413,0.058914
06067007414,0.013102
06067007415,0.03285
06067007416,0.037479
06067007417,0.03068
06067007422,0.07248
06067007423,0.123902
06067007424,0.020182
06067007426,0.029784
06067007427,0.038473
06067007428,0.044743
06067007429,0.030898
06067007430,0.050453
06067007431,0.012656
06067007432,0.015898
06067007434,0.033004
06067007435,0.048288
06067007436,0.05312
06067007437,0.024414
06067007438,0.037028
06067007439,0.01978
06067007501,0.114705
06067007503,0.090956
06067007504,0.124263
06067007602,0.046254
06067007603,0.026666
06067007604,0.063895
06067007701,0.022619
06067007702,0.034108
06067007801,0.075976
06067007802,0.045445
06067007903,0.031399
06067007904,0.015133
06067007905,0.039762
06067007906,0.057775
06067008005,0.05732
06067008006,0.040195
06067008007,0.099167
06067008008,0.080106
06067008009,0.029977
06067008010,0.049176
06067008111,0.054535
06067008113,0.082295
06067008117,0.034182
06067008119,0.041529
06067008120,0.039145
06067008122,0.042404
06067008124,0.093877
06067008125,0.012175
06067008127,0.095372
06067008128,0.144818
06067008129,0.074694
06067008130,0.030585
06067008131,0.134851
06067008132,0.127858
06067008133,0.061883
06067008134,0.092165
06067008135,0.154216
06067008136,0.090901
06067008137,0.024519
06067008138,0.063436
06067008139,0.135956
06067008140,0.022526
06067008141,0.028993
06067008142,0.037463
06067008143,0.049049
06067008144,0.029599
06067008145,0.062243
06067008203,0.021362
06067008204,0.058278
06067008206,0.052799
06067008207,0.029368
06067008208,0.029604
06067008209,0.038225
06067008210,0.061336
06067008211,0.03451
06067008402,0.038756
06067008403,0.048697
06067008404,0.05892
06067008501,0.042028
06067008504,0.091497
06067008505,0.04917
06067008506,0.103217
06067008507,0.026063
06067008508,0.059523
06067008509,0.028913
06067008510,0.060773
06067008512,0.014058
06067008702,0.025326
06067008703,0.055138
06067008909,0.072426
06067008912,0.070446
06067008913,0.026951
06067988300,0.008626
06089010100,0.133505
06089010200,0.025036
06089010300,0.088724
06089010400,0.07494
06089010500,0.042061
06089010601,0.050479
06089010602,0.147597
06089010603,0.109177
06089010702,0.090392
06089010703,0.099594
06089010704,0.042301
06089010803,0.03132
06089010804,0.026156
06089010805,0.035866
06089010806,0.121078
06089010807,0.114359
06089010900,0.09641
06089011001,0.045817
06089011002,0.182825
06089011100,0.031821
06089011209,0.050867
06089011300,0.030959
06089011401,0.057395
06089011402,0.021025
06089011403,0.036204
06089011501,0.085847
06089011502,0.028427
06089011600,0.157688
06089011701,0.11235
06089011702,0.288417
06089011703,0.173508
06089011801,0.061733
06089011802,0.098354
06089011803,0.101572
06089011900,0.033272
06089012000,0.106752
06089012101,0.059988
06089012102,0.071449
06089012200,0.097132
06089012301,0.166798
06089012302,0.042564
06089012303,0.018942
06089012400,0.066547
06089012500,0.201811
06089012603,0.169031
06089012604,0.046231
06089012605,0.059834
06089012606,0.098087
06089012701,0.161334
06089012702,0.132063
06091010000,0.101019
06093000300,0.08046
06093000701,0.191737
06093000800,0.172591
06093000901,0.1758
06093000902,0.180641
06093001001,0.263314
06093001002,0.283617
06093001003,0.102244
06093001100,0.183378
06093001200,0.222265
06093001300,0.131352
06097154100,0.100601
06101050101,0.017427
06101050102,0.076332
06101050201,0.062023
06101050202,0.045231
06101050301,0.075895
06101050302,0.019295
06101050401,0.024702
06101050402,0.034102
06101050403,0.101915
06101050501,0.204916
06101050503,0.273793
06101050504,0.362111
06101050601,0.125656
06101050603,0.034949
06101050604,0.184509
06101050701,0.222422
06101050702,0.103515
06101050800,0.094692
06101050900,0.128299
06101051000,0.15335
06101051100,0.092294
06103000100,0.236018
06103000201,0.244925
06103000202,0.079983
06103000300,0.107743
06103000400,0.259591
06103000500,0.229472
06103000600,0.182507
06103000701,0.150233
06103000702,0.128201
06103000800,0.164569
06103000900,0.104577
06103001000,0.070427
06103001101,0.241477
06103001102,0.213141
06105000101,0.180715
06105000102,0.166388
06105000200,0.140935
06105000500,0.086
06113010102,0.133993
06113010103,0.020124
06113010104,0.031699
06113010105,0.041071
06113010201,0.031901
06113010203,0.104549
06113010204,0.085988
06113010313,0.031954
06113010315,0.032653
06113010401,0.147015
06113010505,0.129788
06113010800,0.231273
06113010901,0.127522
06113010902,0.303796
06113011001,0.142146
06113011002,0.094243
06113011101,0.045292
06113011102,0.105789
06113011103,0.057217
06113011203,0.016461
06113011204,0.021018
06113011207,0.164826
06113011208,0.134298
06113011209,0.081218
06113011210,0.022076
06113011211,0.021361
06113011400,0.137625
06113011500,0.117558
06115040100,0.111307
06115040201,0.312792
06115040202,0.176727
06115040301,0.02487
06115040302,0.040466
06115040304,0.034931
06115040305,0.023763
06115040400,0.035385
06115040500,0.033215
06115040600,0.016349
06115040701,0.022146
06115040702,0.092847
06115040800,0.020843
06115040901,0.046261
06115040902,0.053393
06115041001,0.136824
06115041002,0.030985
06115041101,0.115325
06115041102,0.193902
48001950100,0.035352
48001950401,0.044229
48001950402,0.169406
48001950500,0.155022
48001950600,0.120202
48001950700,0.128513
48001950800,0.112394
48001950901,0.062037
48001950902,0.067165
48001951001,0.041965
48001951002,0.118661
48001951100,0.128056
48005000102,0.115172
48005000104,0.125758
48007950101,0.305632
48007950102,0.201134
48007950103,0.157873
48007950200,0.361242
48007950301,0.110393
48007950302,0.157227
48007950400,0.222143
48007950501,0.126812
48007950502,0.239329
48007950503,0.250722
48009020200,0.080978
48009020300,0.150711
48013960101,0.089671
48013960102,0.121541
48013960203,0.092233
48013960204,0.051395
48013960205,0.142655
48013960206,0.094512
48013960300,0.122411
48013960401,0.415594
48013960403,0.228696
48013960404,0.296591
48013960500,0.05595
48013960601,0.148393
48013960602,0.050191
48015760100,0.030972
48015760201,0.051336
48015760202,0.115385
48015760301,0.056441
48015760302,0.052636
48015760400,0.057995
48015760501,0.097504
48015760502,0.081094
48019000101,0.154082
48019000103,0.196276
48019000104,0.219179
48019000200,0.118087
48019000301,0.108634
48019000302,0.118102
48019000400,0.071845
48021950101,0.064209
48021950102,0.135008
48021950201,0.11741
48021950202,0.110876
48021950301,0.065675
48021950302,0.039757
48021950303,0.04913
48021950401,0.080595
48021950402,0.075846
48021950403,0.091607
48021950503,0.061213
48021950504,0.063075
48021950505,0.061292
48021950506,0.0738
48021950601,0.075128
48021950602,0.061403
48021950700,0.06138
48021950803,0.075358
48021950804,0.035527
48021950805,0.167169
48021950806,0.168135
48023950301,0.054516
48023950302,0.184755
48025950100,0.046453
48025950201,0.196207
48025950203,0.130039
48025950204,0.199035
48025950300,0.060941
48025950400,0.169273
48025950501,0.2399
48025950502,0.194307
48025950600,0.160785
48027020101,0.167146
48027020102,0.039797
48027020201,0.07717
48027020203,0.17255
48027020204,0.183783
48027020301,0.096123
48027020302,0.092569
48027020401,0.057676
48027020402,0.091995
48027020500,0.163812
48027020600,0.13159
48027020701,0.122889
48027020702,0.041278
48027020800,0.120211
48027020900,0.106642
48027021000,0.049172
48027021101,0.100404
48027021102,0.025546
48027021201,0.120944
48027021202,0.060143
48027021203,0.090235
48027021301,0.065668
48027021302,0.041933
48027021304,0.062373
48027021305,0.04891
48027021400,0.059453
48027021501,0.035519
48027021502,0.082539
48027021601,0.067289
48027021602,0.171204
48027021701,0.050107
48027021702,0.168643
48027021801,0.106793
48027021802,0.047164
48027021901,0.110036
48027021905,0.049341
48027021906,0.021987
48027021907,0.033082
48027021908,0.039793
48027022001,0.108748
48027022002,0.050938
48027022101,0.027296
48027022103,0.023185
48027022104,0.054301
48027022105,0.028837
48027022200,0.023853
48027022300,0.065288
48027022401,0.043183
48027022402,0.011386
48027022403,0.027783
48027022405,0.063872
48027022406,0.054698
48027022407,0.012767
48027022501,0.113528
48027022503,0.023231
48027022504,0.023039
48027022600,0.158804
48027022801,0.024873
48027022900,0.166475
48027023001,0.031483
48027023002,0.023305
48027023103,0.144136
48027023104,0.063612
48027023109,0.063221
48027023110,0.045489
48027023111,0.085387
48027023112,0.056509
48027023113,0.019291
48027023114,0.012965
48027023115,0.030862
48027023116,0.076275
48027023117,0.113735
48027023118,0.166926
48027023201,0.134596
48027023202,0.04463
48027023203,0.115324
48027023204,0.050459
48027023301,0.074489
48027023302,0.098353
48027023402,0.03345
48027023404,0.047264
48027023405,0.062127
48027023406,0.035142
48027023500,0.2123
48027980001,0.226901
48027980002,0.386372
48027980003,0.16568
48029110100,0.051494
48029110300,0.014002
48029110500,0.009003
48029110600,0.030622
48029110700,0.051772
48029111000,0.02825
48029111100,0.034118
48029120100,0.021277
48029120301,0.123946
48029120302,0.051894
48029120401,0.04615
48029120402,0.139935
48029120502,0.094259
48029120503,0.019354
48029120504,0.055037
48029120601,0.091235
48029120602,0.172225
48029120701,0.042781
48029120702,0.121135
48029120800,0.024411
48029120901,0.041033
48029120902,0.060968
48029121000,0.031966
48029121110,0.055382
48029121111,0.04952
48029121112,0.093247
48029121115,0.040114
48029121116,0.058958
48029121117,0.037349
48029121118,0.041143
48029121119,0.043081
48029121120,0.050783
48029121121,0.035752
48029121122,0.047523
48029121123,0.070821
48029121124,0.043691
48029121203,0.097217
48029121204,0.037397
48029121205,0.066424
48029121206,0.050885
48029121300,0.016364
48029121402,0.033368
48029121403,0.025359
48029121404,0.036803
48029121501,0.059306
48029121504,0.038094
48029121505,0.053418
48029121506,0.033456
48029121507,0.024993
48029121508,0.026547
48029121601,0.105114
48029121604,0.027251
48029121605,0.021019
48029121606,0.031231
48029121701,0.246023
48029121702,0.061515
48029121802,0.059377
48029121803,0.033513
48029121804,0.034129
48029121808,0.021263
48029121809,0.042125
48029121810,0.043979
48029121811,0.011875
48029121812,0.029323
48029121813,0.078816
48029121903,0.025261
48029121904,0.053469
48029121905,0.087709
48029121906,0.04038
48029121908,0.065988
48029121909,0.042428
48029121910,0.024058
48029121911,0.038836
48029121912,0.065348
48029130200,0.050971
48029130300,0.025977
48029130401,0.0723
48029130402,0.055882
48029130500,0.047918
48029130600,0.027258
48029130700,0.026231
48029130800,0.046366
48029130900,0.033707
48029131000,0.048076
48029131100,0.013779
48029131200,0.222582
48029131300,0.121393
48029131401,0.118525
48029131402,0.107741
48029131503,0.037501
48029131504,0.059878
48029131505,0.019779
48029131506,0.045643
48029131507,0.029513
48029131601,0.08553
48029131606,0.099891
48029131608,0.037575
48029131609,0.057211
48029131610,0.076691
48029131612,0.030106
48029131614,0.024753
48029131615,0.048459
48029131616,0.166531
48029131700,0.061711
48029131801,0.062889
48029131802,0.067646
48029140100,0.067426
48029140200,0.035527
48029140300,0.060643
48029140400,0.028909
48029140500,0.015896
48029140600,0.044806
48029140700,0.019787
48029140800,0.019674
48029140900,0.058051
48029141000,0.014868
48029141101,0.044746
48029141102,0.032329
48029141200,0.029931
48029141300,0.046504
48029141402,0.112119
48029141403,0.092059
48029141404,0.024702
48029141600,0.077626
48029141700,0.060166
48029141800,0.177377
48029141900,0.222864
48029150100,0.060817
48029150300,0.027432
48029150400,0.067314
48029150501,0.060561
48029150502,0.014558
48029150600,0.054278
48029150700,0.025524
48029150800,0.295531
48029150900,0.069859
48029151000,0.062823
48029151100,0.082073
48029151200,0.066144
48029151301,0.049139
48029151302,0.063686
48029151400,0.094728
48029151500,0.140127
48029151600,0.02969
48029151700,0.062005
48029151900,0.094165
48029152000,0.044764
48029152100,0.278559
48029152201,0.075307
48029152202,0.122227
48029160100,0.023365
48029160200,0.06055
48029160300,0.162112
48029160400,0.019838
48029160501,0.019439
48029160502,0.09547
48029160600,0.01262
48029160701,0.035251
48029160702,0.018777
48029160901,0.135202
48029160902,0.034483
48029161000,0.153213
48029161100,0.055508
48029161200,0.049495
48029161302,0.065772
48029161303,0.03313
48029161304,0.027666
48029161400,0.211246
48029161501,0.072353
48029161503,0.082962
48029161504,0.018042
48029161600,0.034407
48029161801,0.04414
48029161802,0.067937
48029161901,0.087357
48029161902,0.094713
48029162001,0.19206
48029162003,0.185078
48029162004,0.119221
48029170101,0.211991
48029170102,0.025936
48029170200,0.03219
48029170300,0.026606
48029170401,0.044952
48029170402,0.025646
48029170500,0.187784
48029170600,0.035795
48029170700,0.022196
48029170800,0.013799
48029170900,0.027787
48029171000,0.027172
48029171100,0.024415
48029171200,0.04045
48029171301,0.020315
48029171302,0.025185
48029171401,0.010265
48029171402,0.053603
48029171501,0.026981
48029171502,0.02259
48029171601,0.018818
48029171602,0.046323
48029171700,0.029296
48029171801,0.022317
48029171802,0.036792
48029171903,0.031053
48029171912,0.025382
48029171913,0.144694
48029171914,0.034303
48029171915,0.041473
48029171916,0.043554
48029171917,0.028494
48029171918,0.023285
48029171919,0.038696
48029171920,0.018518
48029171921,0.093222
48029171922,0.02584
48029171923,0.102166
48029171924,0.027905
48029171926,0.026129
48029171927,0.017948
48029171928,0.024976
48029171929,0.01338
48029172002,0.128351
48029172003,0.059048
48029172004,0.029811
48029172005,0.034879
48029172006,0.030773
48029172008,0.030091
48029172009,0.038884
48029180101,0.023935
48029180102,0.024464
48029180201,0.038573
48029180202,0.028512
48029180300,0.07895
48029180400,0.261084
48029180501,0.160059
48029180503,0.017915
48029180504,0.028232
48029180602,0.04391
48029180603,0.039269
48029180604,0.118878
48029180701,0.073709
48029180702,0.024256
48029180800,0.032387
48029180901,0.020909
48029180902,0.033132
48029181001,0.040734
48029181003,0.093116
48029181004,0.085374
48029181005,0.051386
48029181100,0.02718
48029181200,0.036865
48029181301,0.087122
48029181302,0.040687
48029181303,0.111917
48029181402,0.067838
48029181403,0.309556
48029181404,0.123345
48029181503,0.051329
48029181504,0.037325
48029181505,0.029549
48029181506,0.064759
48029181601,0.049361
48029181602,0.022103
48029181703,0.041053
48029181704,0.122069
48029181705,0.069663
48029181711,0.032533
48029181712,0.059274
48029181713,0.036666
48029181715,0.020189
48029181716,0.062621
48029181718,0.022857
48029181720,0.051049
48029181721,0.063496
48029181722,0.017909
48029181723,0.021388
48029181724,0.131884
48029181725,0.049486
48029181726,0.025964
48029181727,0.039616
48029181729,0.030585
48029181730,0.045315
48029181731,0.014404
48029181732,0.050644
48029181733,0.015848
48029181808,0.026106
48029181809,0.038784
48029181811,0.133479
48029181813,0.025386
48029181814,0.022301
48029181815,0.105497
48029181816,0.025688
48029181817,0.023331
48029181818,0.017409
48029181819,0.033903
48029181820,0.03012
48029181821,0.042644
48029181822,0.060756
48029181823,0.053437
48029181824,0.013298
48029181825,0.063712
48029181826,0.025155
48029181901,0.045386
48029181902,0.02634
48029182001,0.058468
48029182002,0.106946
48029182003,0.034267
48029182101,0.061957
48029182102,0.03181
48029182103,0.160311
48029182105,0.048488
48029182106,0.092053
48029190100,0.036194
48029190200,0.019634
48029190400,0.027342
48029190501,0.035015
48029190503,0.031457
48029190504,0.070982
48029190601,0.063094
48029190603,0.030625
48029190604,0.024799
48029190700,0.037471
48029190800,0.049126
48029190901,0.039174
48029190902,0.072314
48029191003,0.021147
48029191004,0.022497
48029191005,0.08694
48029191006,0.016385
48029191101,0.04526
48029191102,0.035534
48029191201,0.011477
48029191202,0.037981
48029191303,0.035193
48029191304,0.030903
48029191405,0.018639
48029191406,0.067372
48029191408,0.034402
48029191409,0.051145
48029191410,0.07675
48029191411,0.024745
48029191412,0.020159
48029191413,0.051836
48029191503,0.043312
48029191504,0.083682
48029191505,0.028542
48029191506,0.065608
48029191701,0.187104
48029191702,0.04579
48029191804,0.035468
48029191806,0.040375
48029191807,0.031077
48029191808,0.049939
48029191809,0.082799
48029191810,0.013471
48029191811,0.038665
48029191812,0.030366
48029191813,0.032042
48029191814,0.018784
48029191815,0.073241
48029191816,0.074988
48029191818,0.05276
48029191819,0.0221
48029191900,0.05333
48029192000,0.080116
48029192100,0.048895
48029192200,0.159042
48029192300,0.048944
48029980001,0.257152
48029980002,0.24195
48029980003,0.054636
48029980004,0.146323
48029980005,0.041011
48029980100,0.045524
48031950101,0.140045
48031950102,0.140335
48031950201,0.150413
48031950202,0.133227
48033950100,0.260514
48035950100,0.058659
48035950200,0.165973
48035950300,0.207079
48035950400,0.127279
48035950500,0.05553
48035950600,0.19043
48035950700,0.060051
48039660100,0.071387
48039660200,0.119862
48039660301,0.074137
48039660302,0.015238
48039660303,0.052983
48039660401,0.033549
48039660402,0.02363
48039660403,0.115154
48039660501,0.252419
48039660502,0.040885
48039660503,0.089195
48039660504,0.021756
48039660603,0.012879
48039660604,0.011167
48039660605,0.01995
48039660606,0.055482
48039660607,0.042289
48039660608,0.054854
48039660609,0.020346
48039660610,0.076377
48039660611,0.051842
48039660612,0.021551
48039660613,0.029107
48039660614,0.236547
48039660615,0.034232
48039660616,0.020399
48039660703,0.045062
48039660704,0.067245
48039660705,0.031119
48039660706,0.067427
48039660707,0.031536
48039660708,0.065772
48039660803,0.020856
48039660804,0.128779
48039660805,0.020083
48039660806,0.051924
48039660901,0.153222
48039660902,0.098436
48039661000,0.176286
48039661100,0.168846
48039661200,0.173182
48039661300,0.202825
48039661400,0.053801
48039661501,0.087647
48039661502,0.129069
48039661601,0.299487
48039661602,0.125316
48039661700,0.127146
48039661800,0.13382
48039661901,0.080497
48039661902,0.073087
48039662000,0.048133
48039662100,0.122231
48039662200,0.174452
48039662300,0.233569
48039662400,0.183969
48039662500,0.105325
48039662600,0.196111
48039662700,0.092575
48039662800,0.033223
48039662900,0.114228
48039663000,0.173304
48039663100,0.170837
48039663200,0.03101
48039663300,0.028204
48039663400,0.076089
48039663500,0.033026
48039663600,0.050094
48039663700,0.104826
48039663800,0.064368
48039663900,0.076674
48039664000,0.111138
48039664100,0.060349
48039664200,0.091122
48039664300,0.052705
48039664400,0.046293
48039664501,0.030653
48039990000,0.064453
48041000103,0.310908
48041000104,0.218729
48041000105,0.016661
48041000106,0.207415
48041000107,0.026287
48041000108,0.266432
48041000203,0.063155
48041000204,0.041153
48041000205,0.096688
48041000206,0.041106
48041000207,0.098112
48041000301,0.088093
48041000302,0.096766
48041000401,0.10807
48041000402,0.068146
48041000501,0.175942
48041000502,0.051501
48041000603,0.027041
48041000605,0.028309
48041000606,0.02587
48041000700,0.035666
48041000800,0.061789
48041000900,0.03614
48041001001,0.032177
48041001002,0.044855
48041001101,0.032309
48041001102,0.034809
48041001301,0.032091
48041001302,0.086469
48041001303,0.125832
48041001401,0.051317
48041001604,0.019065
48041001605,0.046964
48041001606,0.058588
48041001607,0.153869
48041001608,0.014173
48041001702,0.101411
48041001703,0.120032
48041001704,0.112282
48041001801,0.047267
48041001803,0.014723
48041001804,0.02891
48041001901,0.066648
48041001902,0.043696
48041002001,0.068889
48041002006,0.062361
48041002009,0.034572
48041002010,0.088422
48041002011,0.047711
48041002014,0.032236
48041002016,0.063785
48041002017,0.038385
48041002018,0.030827
48041002019,0.006566
48041002020,0.032683
48041002021,0.03717
48041002022,0.024103
48041002023,0.020498
48041002024,0.024152
48041002025,0.0802
48041002026,0.258248
48041002100,0.025969
48041980000,0.021701
48047950100,0.11894
48047950200,0.130627
48049950100,0.062195
48049950201,0.053295
48049950202,0.184352
48049950300,0.169035
48049950500,0.048037
48049950600,0.151617
48049950700,0.056877
48049950800,0.121255
48049950900,0.029147
48049951000,0.037864
48049951100,0.06869
48049951200,0.160277
48049951300,0.05568
48051970100,0.17633
48051970201,0.092783
48051970202,0.071156
48051970300,0.199569
48051970400,0.096707
48051970501,0.176864
48051970502,0.037639
48053960101,0.028698
48053960102,0.06993
48053960200,0.189335
48053960301,0.211788
48053960302,0.205755
48053960401,0.107947
48053960402,0.124082
48053960501,0.09711
48053960502,0.098646
48053960600,0.04509
48053960701,0.08071
48053960702,0.10667
48053960801,0.102114
48053960802,0.226719
48053960803,0.092129
48055960102,0.037273
48055960103,0.149204
48055960104,0.230379
48055960200,0.092811
48055960300,0.195837
48055960400,0.106288
48055960501,0.080071
48055960502,0.158212
48055960600,0.160406
48055960701,0.111344
48055960702,0.117567
48057000100,0.108735
48057000200,0.195541
48057000300,0.291176
48057000401,0.109767
48057000402,0.178456
48057000501,0.216266
48057000502,0.267012
48057990000,0.0625
48059030101,0.017404
48059030102,0.05173
48059030200,0.0718
48061010101,0.024694
48061010102,0.307867
48061010103,0.071746
48061010201,0.058853
48061010204,0.120166
48061010205,0.113442
48061010301,0.044631
48061010303,0.038894
48061010304,0.047603
48061010403,0.258574
48061010404,0.022323
48061010405,0.039223
48061010406,0.020138
48061010500,0.074722
48061010602,0.353978
48061010603,0.132169
48061010604,0.15662
48061010700,0.099175
48061010801,0.086276
48061010802,0.039454
48061010900,0.215896
48061011000,0.078999
48061011100,0.110903
48061011200,0.180193
48061011301,0.183198
48061011302,0.357774
48061011401,0.132793
48061011402,0.254266
48061011500,0.193415
48061011601,0.023623
48061011602,0.056408
48061011701,0.158007
48061011702,0.166848
48061011801,0.110293
48061011802,0.013238
48061011903,0.046403
48061011904,0.054411
48061011905,0.19639
48061011906,0.042269
48061011907,0.065003
48061011908,0.03262
48061012002,0.070216
48061012003,0.03024
48061012004,0.036892
48061012103,0.045828
48061012104,0.043497
48061012105,0.038348
48061012106,0.016679
48061012201,0.06138
48061012202,0.053477
48061012203,0.03635
48061012301,0.041637
48061012304,0.06483
48061012305,0.105131
48061012402,0.162887
48061012403,0.0558
48061012404,0.0947
48061012506,0.072566
48061012508,0.092287
48061012509,0.041481
48061012510,0.10976
48061012511,0.167918
48061012512,0.351766
48061012513,0.15071
48061012514,0.013672
48061012515,0.036133
48061012516,0.018279
48061012517,0.019721
48061012607,0.054553
48061012608,0.135954
48061012613,0.092951
48061012614,0.047689
48061012615,0.031969
48061012616,0.018864
48061012617,0.023195
48061012700,0.217773
48061012800,0.053319
48061012900,0.313514
48061013002,0.053594
48061013003,0.071786
48061013004,0.189272
48061013102,0.075392
48061013104,0.028353
48061013106,0.136251
48061013203,0.156694
48061013204,0.03793
48061013205,0.160067
48061013206,0.177542
48061013207,0.094896
48061013303,0.286928
48061013305,0.040975
48061013306,0.033474
48061013307,0.047074
48061013308,0.053385
48061013309,0.014648
48061013401,0.126797
48061013402,0.112737
48061013500,0.097348
48061013600,0.347743
48061013700,0.089182
48061013801,0.01553
48061013802,0.025067
48061013901,0.016549
48061013902,0.128824
48061013903,0.030433
48061014001,0.022007
48061014002,0.047366
48061014101,0.019423
48061014102,0.027799
48061014103,0.041461
48061014201,0.191836
48061014202,0.109379
48061014300,0.272884
48061014401,0.063471
48061014402,0.049887
48061014403,0.032744
48061014404,0.019827
48061014501,0.036472
48061014502,0.017008
48061980001,0.114191
48061980100,0.523763
48063950101,0.098508
48063950102,0.196161
48063950200,0.162992
48073950100,0.195565
48073950201,0.130211
48073950202,0.284576
48073950301,0.183329
48073950302,0.223378
48073950400,0.250099
48073950500,0.25727
48073950600,0.20368
48073950700,0.245984
48073950801,0.178835
48073950802,0.20685
48073950900,0.205012
48073951000,0.201197
48073951100,0.216931
48077030302,0.086261
48081950100,0.069452
48081950200,0.157531
48083950300,0.115636
48083950600,0.162498
48083950700,0.061624
48085030101,0.042856
48085030102,0.113763
48085030201,0.100343
48085030202,0.052217
48085030204,0.199425
48085030205,0.156126
48085030206,0.134787
48085030207,0.114586
48085030301,0.046285
48085030302,0.026821
48085030303,0.057063
48085030304,0.052021
48085030306,0.047313
48085030307,0.078069
48085030403,0.067427
48085030404,0.027338
48085030405,0.021331
48085030406,0.02011
48085030407,0.064021
48085030409,0.032456
48085030410,0.033112
48085030504,0.049338
48085030505,0.050089
48085030506,0.022706
48085030507,0.058917
48085030509,0.016001
48085030510,0.01771
48085030511,0.018905
48085030512,0.025074
48085030515,0.019534
48085030516,0.015913
48085030517,0.058914
48085030518,0.030205
48085030519,0.034745
48085030520,0.015458
48085030521,0.016995
48085030524,0.034027
48085030525,0.022237
48085030529,0.04899
48085030531,0.051597
48085030532,0.039382
48085030533,0.01491
48085030534,0.028915
48085030535,0.034829
48085030536,0.012817
48085030537,0.017326
48085030538,0.047125
48085030539,0.021006
48085030540,0.035037
48085030541,0.033399
48085030542,0.024407
48085030543,0.031814
48085030544,0.037878
48085030545,0.066342
48085030546,0.026991
48085030547,0.050286
48085030548,0.028358
48085030549,0.038159
48085030550,0.018459
48085030604,0.021325
48085030605,0.054867
48085030606,0.03651
48085030607,0.042578
48085030608,0.058068
48085030609,0.016943
48085030701,0.111899
48085030702,0.059997
48085030801,0.03162
48085030802,0.036037
48085030901,0.180412
48085030902,0.028158
48085030903,0.029289
48085031003,0.078388
48085031005,0.03002
48085031006,0.13342
48085031007,0.051161
48085031008,0.016851
48085031101,0.198752
48085031102,0.189835
48085031201,0.03601
48085031202,0.039976
48085031308,0.031333
48085031314,0.047445
48085031318,0.025224
48085031319,0.035287
48085031320,0.027153
48085031321,0.023691
48085031322,0.055158
48085031323,0.009302
48085031324,0.012404
48085031325,0.052409
48085031326,0.051197
48085031327,0.045294
48085031328,0.023637
48085031329,0.021902
48085031330,0.028358
48085031331,0.019127
48085031332,0.04511
48085031333,0.031576
48085031334,0.024808
48085031335,0.085842
48085031336,0.037634
48085031408,0.032131
48085031411,0.030003
48085031412,0.031576
48085031413,0.024244
48085031414,0.022329
48085031415,0.078178
48085031416,0.058237
48085031417,0.020182
48085031418,0.041106
48085031419,0.015944
48085031420,0.037008
48085031421,0.011475
48085031422,0.012865
48085031423,0.03765
48085031424,0.012285
48085031425,0.023143
48085031504,0.008852
48085031507,0.059258
48085031508,0.043315
48085031509,0.029498
48085031510,0.047312
48085031511,0.022977
48085031512,0.024208
48085031611,0.053018
48085031613,0.02412
48085031621,0.060807
48085031622,0.03623
48085031623,0.023409
48085031624,0.055684
48085031625,0.037533
48085031626,0.03361
48085031627,0.036594
48085031628,0.02596
48085031629,0.029744
48085031630,0.024089
48085031631,0.029175
48085031632,0.02214
48085031633,0.035645
48085031634,0.018982
48085031635,0.018862
48085031636,0.033529
48085031639,0.019836
48085031641,0.020799
48085031642,0.025692
48085031643,0.023356
48085031645,0.078543
48085031646,0.030627
48085031647,0.041624
48085031649,0.043679
48085031654,0.0194
48085031655,0.043977
48085031657,0.034278
48085031659,0.025608
48085031660,0.023223
48085031661,0.048164
48085031662,0.019084
48085031663,0.044129
48085031664,0.020552
48085031665,0.031798
48085031666,0.029518
48085031667,0.062412
48085031668,0.055107
48085031669,0.020991
48085031670,0.042221
48085031671,0.057449
48085031672,0.01856
48085031673,0.025038
48085031674,0.035071
48085031675,0.015535
48085031676,0.008411
48085031677,0.019938
48085031678,0.027873
48085031679,0.018103
48085031680,0.03018
48085031681,0.028239
48085031682,0.027601
48085031704,0.033873
48085031706,0.049953
48085031708,0.082061
48085031709,0.036512
48085031711,0.040528
48085031713,0.112301
48085031715,0.095468
48085031716,0.124998
48085031717,0.173314
48085031718,0.019203
48085031719,0.014043
48085031720,0.115563
48085031721,0.029191
48085031722,0.169167
48085031723,0.099734
48085031724,0.055003
48085031806,0.044579
48085031807,0.021585
48085031808,0.034762
48085031809,0.030156
48085031810,0.050573
48085031811,0.07252
48085031812,0.028248
48085031813,0.008626
48085031814,0.013693
48085031815,0.020473
48085031816,0.034205
48085031901,0.025319
48085031902,0.05297
48085031903,0.045462
48085031904,0.039978
48085032003,0.036963
48085032008,0.031494
48085032010,0.032444
48085032012,0.025602
48085032013,0.051681
48085032014,0.018774
48085032015,0.0177
48085032016,0.037478
48085032017,0.021955
48085032018,0.087344
48085032019,0.037947
48089750100,0.095361
48089750200,0.122207
48089750300,0.044355
48089750400,0.063864
48089750500,0.070177
48091310100,0.08249
48091310200,0.01686
48091310301,0.289493
48091310302,0.159438
48091310401,0.064035
48091310404,0.026868
48091310405,0.110979
48091310406,0.064931
48091310501,0.08792
48091310502,0.054777
48091310503,0.152509
48091310603,0.072573
48091310604,0.123551
48091310608,0.088501
48091310609,0.060472
48091310610,0.189583
48091310611,0.090912
48091310612,0.087501
48091310613,0.077028
48091310614,0.075003
48091310702,0.149831
48091310703,0.074597
48091310705,0.207048
48091310706,0.074354
48091310707,0.110575
48091310708,0.077136
48091310801,0.093246
48091310803,0.075647
48091310804,0.058132
48091310901,0.088907
48091310903,0.132482
48091310904,0.099064
48091310905,0.055065
48093950101,0.164758
48093950102,0.12848
48093950200,0.091877
48093950300,0.120209
48093950400,0.14252
48095950300,0.11168
48097000100,0.182153
48097000200,0.120937
48097000400,0.13168
48097000500,0.042542
48097000600,0.201328
48097000701,0.036907
48097000702,0.069051
48097000900,0.043555
48097001100,0.057191
48099010101,0.073661
48099010102,0.056079
48099010201,0.075161
48099010202,0.115039
48099010300,0.21085
48099010400,0.064562
48099010501,0.01918
48099010502,0.023457
48099010503,0.057168
48099010504,0.06798
48099010601,0.026898
48099010603,0.016949
48099010604,0.049788
48099010701,0.045483
48099010702,0.294268
48099010802,0.094034
48099010803,0.082051
48099010804,0.104822
48099980000,0.129598
48105950100,0.105351
48107950100,0.090557
48107950200,0.038437
48107950300,0.086247
48113000100,0.208095
48113000201,0.133126
48113000202,0.097868
48113000300,0.098182
48113000401,0.031189
48113000405,0.092178
48113000407,0.048023
48113000408,0.028759
48113000409,0.089854
48113000410,0.033007
48113000501,0.02053
48113000502,0.035494
48113000503,0.091596
48113000605,0.016817
48113000606,0.103112
48113000607,0.014201
48113000608,0.03864
48113000609,0.025143
48113000610,0.013162
48113000611,0.026002
48113000703,0.112989
48113000704,0.024495
48113000705,0.034521
48113000706,0.087737
48113000801,0.017448
48113000802,0.057251
48113000901,0.066568
48113000902,0.093713
48113001001,0.038903
48113001002,0.064695
48113001101,0.061046
48113001102,0.084577
48113001202,0.084216
48113001203,0.280515
48113001204,0.217771
48113001301,0.028675
48113001302,0.049623
48113001400,0.122443
48113001502,0.050605
48113001503,0.016446
48113001504,0.022391
48113001601,0.018518
48113001602,0.023755
48113001703,0.058328
48113001705,0.024572
48113001801,0.063024
48113001802,0.067758
48113001901,0.068558
48113001902,0.044215
48113002001,0.084433
48113002002,0.011375
48113002100,0.041212
48113002200,0.026006
48113002400,0.072974
48113002500,0.049129
48113002703,0.151761
48113003102,0.049054
48113003103,0.163429
48113003700,0.155482
48113004201,0.052899
48113004202,0.018486
48113004300,0.02255
48113004400,0.051773
48113004500,0.034368
48113004600,0.023122
48113004700,0.052596
48113004800,0.010137
48113005000,0.02146
48113005100,0.019319
48113005200,0.03195
48113005300,0.025155
48113005400,0.014364
48113005500,0.023722
48113005600,0.025981
48113005700,0.042553
48113005901,0.033692
48113005902,0.019044
48113006001,0.017598
48113006002,0.044712
48113006100,0.021947
48113006200,0.115399
48113006301,0.035064
48113006302,0.038151
48113006401,0.010307
48113006402,0.064188
48113006501,0.015219
48113006502,0.048663
48113006701,0.018828
48113006702,0.035973
48113006800,0.051927
48113006900,0.03279
48113007101,0.059079
48113007102,0.06126
48113007203,0.032077
48113007204,0.16732
48113007205,0.026192
48113007206,0.083742
48113007301,0.08045
48113007302,0.074451
48113007601,0.04624
48113007604,0.031928
48113007605,0.048279
48113007701,0.05906
48113007702,0.064662
48113007801,0.060248
48113007805,0.018139
48113007809,0.099283
48113007810,0.035161
48113007812,0.017965
48113007815,0.02716
48113007819,0.107525
48113007821,0.042414
48113007822,0.042756
48113007823,0.057525
48113007824,0.028085
48113007825,0.036242
48113007826,0.027181
48113007827,0.055292
48113007828,0.119062
48113007829,0.021049
48113007830,0.111107
48113007831,0.059994
48113007832,0.205999
48113007833,0.024782
48113007834,0.04225
48113007835,0.189767
48113007902,0.068017
48113007903,0.075058
48113007906,0.044903
48113007909,0.071131
48113007910,0.087475
48113007912,0.087113
48113007913,0.064756
48113007914,0.065005
48113007915,0.152013
48113007916,0.081347
48113008000,0.061675
48113008101,0.254607
48113008102,0.210205
48113008200,0.215547
48113008401,0.058168
48113008402,0.020432
48113008500,0.03555
48113008604,0.042949
48113008701,0.069276
48113008703,0.020435
48113008704,0.073042
48113008705,0.072904
48113008801,0.019459
48113008802,0.042139
48113009001,0.080157
48113009002,0.036306
48113009101,0.084374
48113009103,0.012046
48113009104,0.053832
48113009105,0.1637
48113009202,0.023125
48113009203,0.107385
48113009204,0.016115
48113009301,0.023815
48113009303,0.068584
48113009304,0.037086
48113009401,0.019969
48113009402,0.028271
48113009500,0.021026
48113009603,0.046026
48113009604,0.090309
48113009605,0.055996
48113009607,0.039573
48113009608,0.03457
48113009609,0.030972
48113009610,0.083237
48113009611,0.036413
48113009701,0.025573
48113009702,0.021412
48113009802,0.028221
48113009803,0.037719
48113009804,0.026631
48113009900,0.131546
48113010001,0.092281
48113010002,0.171686
48113010003,0.040428
48113010101,0.039262
48113010102,0.027881
48113010500,0.024002
48113010601,0.028884
48113010602,0.081567
48113010701,0.036037
48113010704,0.021904
48113010804,0.024448
48113010805,0.044895
48113010806,0.031983
48113010807,0.014767
48113010808,0.025939
48113010809,0.027349
48113010903,0.032927
48113010904,0.026733
48113010905,0.030523
48113010906,0.016991
48113011002,0.024533
48113011003,0.01133
48113011004,0.041869
48113011101,0.01466
48113011103,0.015123
48113011104,0.01176
48113011105,0.026826
48113011201,0.01356
48113011202,0.02319
48113011300,0.045861
48113011401,0.023645
48113011500,0.071481
48113011601,0.184526
48113011603,0.059287
48113011604,0.031011
48113011701,0.008467
48113011702,0.034396
48113011801,0.029514
48113011802,0.016156
48113011901,0.009762
48113011902,0.067025
48113012000,0.083829
48113012101,0.036391
48113012102,0.021028
48113012206,0.024635
48113012207,0.030395
48113012208,0.082596
48113012209,0.076102
48113012210,0.027452
48113012211,0.039301
48113012212,0.038376
48113012213,0.023837
48113012301,0.105796
48113012302,0.08978
48113012400,0.075927
48113012501,0.169265
48113012502,0.177955
48113012601,0.153091
48113012603,0.116045
48113012604,0.086616
48113012701,0.091788
48113012702,0.196334
48113012801,0.281918
48113012802,0.122673
48113012900,0.10371
48113013005,0.054275
48113013007,0.066865
48113013008,0.017179
48113013009,0.036319
48113013010,0.06136
48113013011,0.041364
48113013012,0.058431
48113013013,0.06376
48113013101,0.029196
48113013102,0.012622
48113013104,0.038238
48113013106,0.0207
48113013107,0.064792
48113013201,0.058543
48113013202,0.054145
48113013300,0.035334
48113013400,0.069547
48113013500,0.007592
48113013605,0.041017
48113013606,0.033305
48113013607,0.023008
48113013608,0.030733
48113013609,0.024911
48113013610,0.01829
48113013611,0.072692
48113013615,0.147076
48113013617,0.086281
48113013618,0.070354
48113013619,0.021469
48113013620,0.080891
48113013621,0.246148
48113013622,0.135039
48113013624,0.058975
48113013625,0.112762
48113013626,0.123272
48113013627,0.21911
48113013628,0.027826
48113013629,0.061717
48113013630,0.397844
48113013631,0.118684
48113013715,0.021284
48113013716,0.020711
48113013717,0.008686
48113013718,0.021172
48113013719,0.089838
48113013720,0.063805
48113013721,0.020911
48113013722,0.040286
48113013725,0.257751
48113013726,0.028417
48113013727,0.017061
48113013728,0.016002
48113013729,0.019284
48113013804,0.02584
48113013805,0.015707
48113013806,0.024368
48113013807,0.0308
48113013808,0.051434
48113013901,0.012729
48113013902,0.014087
48113014001,0.041009
48113014002,0.034948
48113014119,0.044141
48113014120,0.021113
48113014121,0.026462
48113014123,0.040963
48113014124,0.046092
48113014126,0.021661
48113014128,0.019485
48113014130,0.036071
48113014132,0.010478
48113014134,0.05823
48113014135,0.014219
48113014138,0.01681
48113014139,0.019912
48113014140,0.022532
48113014141,0.013921
48113014142,0.006865
48113014143,0.070876
48113014144,0.031259
48113014145,0.045828
48113014146,0.027335
48113014147,0.028179
48113014148,0.019958
48113014149,0.014154
48113014150,0.094832
48113014151,0.027384
48113014152,0.147915
48113014153,0.047893
48113014154,0.014194
48113014155,0.01946
48113014156,0.016195
48113014157,0.029639
48113014158,0.006702
48113014159,0.056324
48113014160,0.02465
48113014161,0.028346
48113014203,0.020997
48113014204,0.014242
48113014205,0.084586
48113014207,0.051025
48113014208,0.046648
48113014209,0.042899
48113014306,0.024731
48113014308,0.014694
48113014309,0.07705
48113014310,0.023318
48113014313,0.08692
48113014314,0.024128
48113014315,0.031519
48113014316,0.163149
48113014317,0.025401
48113014318,0.019821
48113014319,0.099914
48113014320,0.064558
48113014405,0.027333
48113014406,0.035858
48113014407,0.027614
48113014408,0.049149
48113014409,0.053604
48113014410,0.021482
48113014501,0.030846
48113014502,0.030814
48113014601,0.020312
48113014602,0.030604
48113014603,0.021742
48113014701,0.021185
48113014704,0.019325
48113014903,0.089672
48113015001,0.020313
48113015002,0.036516
48113015101,0.017121
48113015102,0.017428
48113015202,0.120654
48113015205,0.039471
48113015206,0.01054
48113015207,0.159472
48113015208,0.009583
48113015303,0.03761
48113015304,0.087394
48113015305,0.029494
48113015306,0.014395
48113015403,0.047857
48113015404,0.107392
48113015405,0.046954
48113015406,0.055988
48113015500,0.058422
48113015600,0.054706
48113015700,0.065344
48113015900,0.089063
48113016001,0.072267
48113016002,0.023155
48113016100,0.061927
48113016201,0.020636
48113016203,0.112268
48113016204,0.020645
48113016301,0.178697
48113016302,0.045134
48113016406,0.028241
48113016407,0.034053
48113016409,0.028724
48113016410,0.035558
48113016412,0.026258
48113016414,0.031573
48113016415,0.011275
48113016416,0.014914
48113016417,0.014041
48113016418,0.146614
48113016419,0.048473
48113016420,0.015554
48113016421,0.179299
48113016511,0.016602
48113016513,0.038968
48113016516,0.007894
48113016517,0.020827
48113016518,0.024991
48113016519,0.03833
48113016521,0.106257
48113016522,0.089865
48113016524,0.030614
48113016525,0.036337
48113016526,0.024216
48113016527,0.020068
48113016528,0.023862
48113016529,0.007349
48113016530,0.040269
48113016531,0.04382
48113016532,0.019543
48113016533,0.07943
48113016534,0.03808
48113016535,0.051982
48113016536,0.024756
48113016607,0.041116
48113016610,0.021705
48113016615,0.01676
48113016616,0.033345
48113016617,0.018193
48113016618,0.035926
48113016619,0.018595
48113016620,0.031395
48113016621,0.019277
48113016622,0.020352
48113016623,0.030736
48113016624,0.06043
48113016626,0.02462
48113016627,0.01719
48113016628,0.030402
48113016629,0.074186
48113016630,0.014127
48113016631,0.034745
48113016632,0.15013
48113016633,0.035511
48113016634,0.064116
48113016635,0.06806
48113016636,0.029481
48113016637,0.031879
48113016638,0.027373
48113016704,0.166826
48113016706,0.029963
48113016707,0.025882
48113016708,0.021238
48113016709,0.032868
48113016710,0.029507
48113016711,0.061057
48113016802,0.061849
48113016803,0.022293
48113016805,0.018609
48113016806,0.025124
48113016902,0.042208
48113016903,0.037211
48113017005,0.066946
48113017006,0.027304
48113017007,0.026905
48113017008,0.073054
48113017009,0.061035
48113017010,0.015976
48113017101,0.045978
48113017102,0.115686
48113017201,0.034361
48113017203,0.082004
48113017204,0.05348
48113017307,0.061323
48113017308,0.01313
48113017309,0.014558
48113017310,0.015388
48113017311,0.030902
48113017312,0.017066
48113017313,0.05861
48113017314,0.023972
48113017315,0.028143
48113017400,0.011278
48113017500,0.118582
48113017602,0.028798
48113017604,0.096139
48113017605,0.013192
48113017606,0.031115
48113017703,0.022135
48113017704,0.031126
48113017705,0.041222
48113017706,0.0285
48113017805,0.043544
48113017806,0.030044
48113017808,0.055845
48113017811,0.083584
48113017812,0.109018
48113017814,0.070332
48113017815,0.020421
48113017816,0.05063
48113017817,0.067529
48113017818,0.01231
48113017819,0.057981
48113017820,0.060888
48113017900,0.088155
48113018001,0.073885
48113018002,0.088669
48113018105,0.030087
48113018110,0.032288
48113018111,0.144549
48113018120,0.022094
48113018121,0.021626
48113018126,0.117644
48113018127,0.123943
48113018128,0.125032
48113018129,0.072248
48113018130,0.076062
48113018132,0.040017
48113018133,0.158431
48113018134,0.038345
48113018135,0.023741
48113018137,0.023533
48113018138,0.013252
48113018140,0.10774
48113018141,0.043851
48113018142,0.04961
48113018143,0.080671
48113018144,0.020751
48113018145,0.071171
48113018146,0.02074
48113018147,0.018915
48113018148,0.042171
48113018149,0.044609
48113018150,0.013424
48113018151,0.039858
48113018152,0.055442
48113018153,0.015414
48113018154,0.035303
48113018155,0.026311
48113018156,0.077014
48113018157,0.026333
48113018158,0.167661
48113018159,0.022878
48113018203,0.027123
48113018204,0.026503
48113018205,0.006212
48113018206,0.022396
48113018300,0.031629
48113018401,0.055666
48113018402,0.072952
48113018403,0.146713
48113018501,0.065544
48113018505,0.063099
48113018506,0.031797
48113018507,0.019999
48113018508,0.038876
48113018600,0.022181
48113018700,0.195473
48113018801,0.022719
48113018802,0.035578
48113018900,0.054128
48113019013,0.01733
48113019016,0.149543
48113019018,0.012306
48113019019,0.05106
48113019020,0.054824
48113019023,0.012779
48113019024,0.026959
48113019025,0.321534
48113019026,0.040254
48113019027,0.025027
48113019028,0.018042
48113019029,0.05186
48113019031,0.033353
48113019032,0.03298
48113019033,0.046101
48113019034,0.022479
48113019035,0.018507
48113019036,0.248516
48113019037,0.028978
48113019039,0.054418
48113019040,0.024009
48113019041,0.028635
48113019042,0.024766
48113019044,0.02551
48113019045,0.047025
48113019046,0.023478
48113019047,0.010131
48113019048,0.01938
48113019049,0.040837
48113019050,0.060299
48113019051,0.045646
48113019052,0.037774
48113019053,0.131068
48113019101,0.040561
48113019102,0.1035
48113019202,0.030146
48113019203,0.026525
48113019205,0.033447
48113019208,0.025485
48113019210,0.039019
48113019211,0.033953
48113019212,0.013854
48113019213,0.086628
48113019214,0.011837
48113019215,0.027723
48113019216,0.027793
48113019301,0.022961
48113019302,0.048665
48113019400,0.017524
48113019501,0.184656
48113019502,0.033731
48113019600,0.03392
48113019700,0.02785
48113019800,0.060339
48113019900,0.030409
48113020000,0.038119
48113020100,0.116371
48113020200,0.102287
48113020300,0.028602
48113020401,0.050161
48113020402,0.032693
48113020500,0.010969
48113020600,0.046964
48113020700,0.047832
48113020800,0.023423
48113020900,0.030242
48113021000,0.018411
48113021100,0.105838
48113021200,0.05354
48113980000,0.163197
48113980100,0.166357
48113980200,0.009928
48115950401,0.189286
48115950402,0.179985
48115950500,0.222424
48115950600,0.125978
48119950100,0.073745
48119950200,0.133387
48121020109,0.037073
48121020110,0.039136
48121020111,0.031108
48121020112,0.132935
48121020115,0.030971
48121020116,0.048695
48121020117,0.076664
48121020118,0.132969
48121020119,0.020322
48121020120,0.033123
48121020121,0.090432
48121020122,0.054371
48121020123,0.084757
48121020124,0.025655
48121020125,0.086543
48121020126,0.022974
48121020127,0.028278
48121020128,0.085364
48121020129,0.064946
48121020130,0.068763
48121020131,0.071975
48121020132,0.062793
48121020133,0.021447
48121020134,0.042124
48121020135,0.148208
48121020136,0.196034
48121020137,0.11022
48121020203,0.024665
48121020204,0.122721
48121020205,0.118839
48121020206,0.183758
48121020207,0.088805
48121020208,0.030058
48121020305,0.026877
48121020310,0.035736
48121020311,0.058593
48121020312,0.024595
48121020313,0.072017
48121020314,0.057681
48121020315,0.061823
48121020316,0.069188
48121020317,0.019985
48121020318,0.0496
48121020319,0.118409
48121020320,0.038396
48121020321,0.021357
48121020322,0.055173
48121020402,0.174637
48121020403,0.05087
48121020404,0.114774
48121020405,0.070875
48121020504,0.031542
48121020505,0.099076
48121020506,0.136579
48121020507,0.023536
48121020508,0.187343
48121020601,0.087448
48121020603,0.15037
48121020604,0.02065
48121020605,0.067751
48121020700,0.021156
48121020800,0.074801
48121020900,0.01963
48121021000,0.009222
48121021100,0.045622
48121021202,0.04607
48121021203,0.17989
48121021204,0.018272
48121021301,0.23784
48121021304,0.02759
48121021305,0.060607
48121021306,0.074032
48121021307,0.025515
48121021410,0.042572
48121021411,0.14343
48121021412,0.115305
48121021413,0.126736
48121021414,0.130686
48121021415,0.052484
48121021416,0.027212
48121021417,0.040209
48121021418,0.017093
48121021419,0.021213
48121021420,0.033724
48121021421,0.031858
48121021422,0.029337
48121021423,0.037091
48121021502,0.061679
48121021505,0.027778
48121021512,0.055641
48121021513,0.063952
48121021514,0.012502
48121021516,0.031111
48121021517,0.258399
48121021518,0.039145
48121021520,0.021708
48121021521,0.10967
48121021522,0.036791
48121021526,0.021808
48121021528,0.027816
48121021529,0.021984
48121021530,0.022305
48121021531,0.03457
48121021532,0.020289
48121021533,0.011042
48121021534,0.042339
48121021535,0.033376
48121021536,0.07578
48121021537,0.084234
48121021538,0.020247
48121021539,0.044752
48121021540,0.020702
48121021611,0.040973
48121021612,0.030991
48121021613,0.021629
48121021614,0.031196
48121021615,0.034895
48121021616,0.017173
48121021618,0.051817
48121021619,0.021815
48121021620,0.04599
48121021621,0.037218
48121021622,0.039689
48121021626,0.030232
48121021630,0.019892
48121021631,0.040099
48121021632,0.016048
48121021633,0.026689
48121021634,0.047517
48121021635,0.025462
48121021637,0.032846
48121021638,0.012767
48121021639,0.030814
48121021640,0.01064
48121021641,0.071749
48121021642,0.064763
48121021643,0.031353
48121021644,0.034081
48121021645,0.099065
48121021646,0.034773
48121021647,0.040413
48121021648,0.007776
48121021649,0.041291
48121021650,0.037335
48121021651,0.040763
48121021652,0.023992
48121021653,0.036209
48121021654,0.083609
48121021655,0.028479
48121021715,0.030775
48121021716,0.035621
48121021717,0.030273
48121021719,0.07144
48121021720,0.034118
48121021721,0.013211
48121021722,0.036045
48121021723,0.025507
48121021724,0.028317
48121021725,0.068287
48121021726,0.027829
48121021727,0.026075
48121021728,0.098077
48121021729,0.030592
48121021730,0.013916
48121021731,0.026066
48121021732,0.326527
48121021733,0.051416
48121021734,0.104464
48121021735,0.033272
48121021736,0.02462
48121021737,0.056994
48121021738,0.069527
48121021739,0.110267
48121021740,0.023101
48121021741,0.008301
48121021742,0.052795
48121021743,0.092936
48121021744,0.033869
48121021745,0.024294
48121021746,0.06541
48121021748,0.063816
48121021749,0.014964
48121021750,0.063877
48121021751,0.020275
48121021752,0.015284
48121021754,0.045295
48121021755,0.020979
48121021756,0.095447
48121021757,0.06154
48121021758,0.041265
48121021759,0.053223
48121021800,0.033419
48121021900,0.030992
48123970100,0.103113
48123970201,0.258701
48123970202,0.101439
48123970300,0.107683
48123970400,0.099105
48123970500,0.098845
48125950300,0.10167
48127950201,0.156152
48127950202,0.147564
48127950400,0.214736
48131950100,0.059987
48131950200,0.093538
48131950500,0.0842
48133950100,0.08815
48133950201,0.054451
48133950202,0.075327
48133950301,0.142349
48133950302,0.135558
48133950400,0.054131
48133950500,0.068758
48137950300,0.122925
48139060103,0.066735
48139060104,0.019561
48139060105,0.026776
48139060106,0.03849
48139060206,0.092096
48139060207,0.070207
48139060209,0.03589
48139060211,0.029295
48139060212,0.036577
48139060215,0.035842
48139060216,0.108143
48139060217,0.051537
48139060218,0.023564
48139060219,0.060259
48139060220,0.016682
48139060221,0.038599
48139060300,0.008704
48139060400,0.119427
48139060500,0.043359
48139060601,0.09719
48139060602,0.038319
48139060702,0.06025
48139060704,0.108178
48139060801,0.053976
48139060802,0.051924
48139060803,0.072207
48139060900,0.049964
48139061000,0.106411
48139061100,0.0533
48139061200,0.108718
48139061300,0.103006
48139061401,0.078256
48139061402,0.041459
48139061500,0.118019
48139061600,0.069257
48139061700,0.074359
48143950100,0.108244
48143950201,0.145784
48143950203,0.059671
48143950204,0.056722
48143950301,0.122405
48143950302,0.120659
48143950401,0.219826
48143950402,0.070739
48143950501,0.155075
48143950502,0.176361
48143950600,0.178953
48143950700,0.137274
48145000200,0.142759
48145000300,0.211713
48145000400,0.191315
48145000500,0.057662
48145000700,0.048861
48145000800,0.079127
48147950100,0.055931
48147950300,0.096516
48147950401,0.261313
48147950402,0.146917
48147950500,0.185268
48147950600,0.266724
48147950701,0.061368
48147950702,0.122346
48147950800,0.072512
48149970100,0.067261
48149970200,0.130598
48149970301,0.182594
48149970302,0.092066
48149970400,0.150144
48149970500,0.065401
48149970601,0.119594
48149970602,0.113988
48149970700,0.082152
48151950300,0.071964
48151950400,0.167429
48155950100,0.074533
48157670101,0.022159
48157670102,0.042106
48157670201,0.010437
48157670202,0.015538
48157670300,0.072737
48157670400,0.018157
48157670500,0.096021
48157670602,0.025698
48157670603,0.023816
48157670604,0.01765
48157670700,0.119792
48157670801,0.170133
48157670802,0.015682
48157670803,0.030044
48157670804,0.227826
48157670902,0.226786
48157670903,0.166714
48157670904,0.023518
48157671001,0.025796
48157671002,0.035527
48157671101,0.067175
48157671102,0.039755
48157671200,0.025081
48157671300,0.029534
48157671401,0.039566
48157671402,0.044662
48157671501,0.033278
48157671502,0.050432
48157671601,0.041228
48157671602,0.025997
48157671700,0.0487
48157671800,0.02527
48157671900,0.013878
48157672002,0.080816
48157672003,0.016425
48157672004,0.020865
48157672100,0.103424
48157672201,0.096655
48157672202,0.030314
48157672303,0.048775
48157672304,0.028171
48157672305,0.060709
48157672306,0.020536
48157672401,0.074857
48157672402,0.034415
48157672500,0.029741
48157672602,0.02482
48157672603,0.013765
48157672604,0.021583
48157672701,0.025761
48157672702,0.020731
48157672703,0.024223
48157672801,0.085849
48157672802,0.085993
48157672901,0.041887
48157672902,0.020847
48157672903,0.068094
48157672904,0.078776
48157672905,0.037816
48157672906,0.04147
48157672907,0.017844
48157673004,0.034041
48157673005,0.027591
48157673006,0.034369
48157673007,0.029025
48157673008,0.017106
48157673009,0.071198
48157673010,0.018346
48157673103,0.051179
48157673104,0.023331
48157673105,0.04666
48157673106,0.047809
48157673107,0.02464
48157673108,0.028932
48157673109,0.046013
48157673110,0.025542
48157673111,0.031707
48157673112,0.02472
48157673113,0.013088
48157673201,0.017358
48157673202,0.071285
48157673300,0.055488
48157673401,0.040703
48157673402,0.03664
48157673403,0.042896
48157673404,0.044305
48157673501,0.054027
48157673502,0.02082
48157673600,0.055785
48157673700,0.114528
48157673801,0.274161
48157673802,0.105993
48157673902,0.037107
48157673903,0.030129
48157673904,0.220625
48157674001,0.021263
48157674002,0.021233
48157674100,0.030565
48157674200,0.028026
48157674301,0.023491
48157674302,0.035216
48157674401,0.010844
48157674402,0.042772
48157674403,0.042684
48157674404,0.064438
48157674503,0.023125
48157674504,0.024418
48157674505,0.054166
48157674506,0.04286
48157674507,0.048925
48157674508,0.092289
48157674601,0.063818
48157674602,0.101131
48157674603,0.038181
48157674604,0.039578
48157674701,0.19874
48157674702,0.035095
48157674800,0.041538
48157674900,0.271831
48157675000,0.15672
48157675101,0.023268
48157675102,0.080121
48157675200,0.211405
48157675300,0.216065
48157675401,0.175203
48157675402,0.19348
48157675501,0.0932
48157675502,0.025028
48157675503,0.029379
48157675600,0.038544
48157675701,0.067727
48157675702,0.012519
48157675800,0.099471
48159950101,0.085533
48159950102,0.074409
48159950200,0.124297
48159950300,0.13113
48161000101,0.056926
48161000102,0.260915
48161000200,0.188696
48161000300,0.149728
48161000400,0.068146
48161000600,0.055
48161000700,0.084323
48161000900,0.194267
48163950101,0.042323
48163950102,0.077091
48163950201,0.194858
48163950202,0.100061
48163950301,0.194623
48163950302,0.119377
48167720100,0.041667
48167720200,0.055374
48167720301,0.049556
48167720302,0.036864
48167720400,0.054822
48167720501,0.017714
48167720504,0.015828
48167720505,0.061345
48167720506,0.024063
48167720507,0.023318
48167720508,0.032689
48167720509,0.123569
48167720510,0.057381
48167720511,0.039325
48167720512,0.008802
48167720601,0.028273
48167720602,0.025035
48167720603,0.01381
48167720604,0.03607
48167720605,0.090495
48167720701,0.087355
48167720702,0.10212
48167720703,0.046493
48167720800,0.036215
48167720900,0.093789
48167721101,0.038874
48167721203,0.130761
48167721204,0.029344
48167721205,0.030493
48167721206,0.163002
48167721209,0.136122
48167721301,0.015225
48167721302,0.048002
48167721401,0.022047
48167721403,0.031759
48167721501,0.107817
48167721502,0.060593
48167721901,0.025451
48167723300,0.061214
48167723401,0.161308
48167723402,0.075418
48167723403,0.041367
48167723503,0.251439
48167723504,0.248688
48167723505,0.073567
48169950101,0.088555
48169950102,0.069617
48169980000,0.270254
48171950100,0.13098
48171950200,0.047212
48171950301,0.286277
48171950302,0.167126
48171950401,0.15898
48171950402,0.283851
48171950500,0.238994
48173950100,0.157339
48175960100,0.145673
48175960200,0.079754
48177000100,0.150452
48177000200,0.123047
48177000300,0.216379
48177000400,0.195662
48177000500,0.138961
48177000600,0.096008
48181000101,0.091952
48181000102,0.084433
48181000302,0.113966
48181000304,0.066108
48181000600,0.111435
48181000700,0.236774
48181000800,0.020673
48181000901,0.179867
48181000903,0.063208
48181000904,0.057
48181001101,0.040437
48181001103,0.148829
48181001104,0.082044
48181001200,0.029351
48181001300,0.218697
48181001400,0.132391
48181001500,0.168015
48181001700,0.038897
48181001801,0.074857
48181001802,0.040805
48181001803,0.11118
48181001901,0.089632
48181001902,0.066965
48181002000,0.060391
48183010100,0.039911
48183010201,0.179165
48183010202,0.066072
48183010401,0.142629
48183010402,0.074084
48183010700,0.095854
48185180101,0.061005
48185180102,0.127028
48185180201,0.084625
48185180202,0.088267
48185180302,0.089814
48185180303,0.033629
48185180304,0.087027
48185180400,0.055751
48187210100,0.140045
48187210200,0.097802
48187210300,0.238945
48187210400,0.137479
48187210505,0.078529
48187210506,0.179476
48187210508,0.123358
48187210509,0.265983
48187210510,0.222776
48187210511,0.184037
48187210512,0.241324
48187210513,0.077724
48187210603,0.027875
48187210606,0.045693
48187210608,0.147585
48187210609,0.022985
48187210610,0.052954
48187210611,0.018148
48187210612,0.140951
48187210613,0.022577
48187210614,0.044765
48187210705,0.036807
48187210706,0.036245
48187210707,0.031537
48187210709,0.055444
48187210710,0.072803
48187210711,0.039452
48187210712,0.024211
48187210713,0.011969
48187210715,0.028416
48187210716,0.01349
48187210717,0.025373
48187210718,0.039075
48187210803,0.075997
48187210804,0.050825
48187210805,0.086146
48187210806,0.198568
48187210902,0.045178
48187210903,0.085181
48187210904,0.275001
48187210905,0.048232
48193950100,0.055287
48193950200,0.124811
48193950300,0.093155
48201100001,0.102538
48201210400,0.019757
48201210500,0.012959
48201210600,0.028904
48201210700,0.017655
48201210800,0.030803
48201210900,0.036381
48201211000,0.029659
48201211101,0.049203
48201211102,0.015447
48201211200,0.014725
48201211301,0.020775
48201211302,0.034116
48201211400,0.023843
48201211501,0.08214
48201211502,0.054318
48201211600,0.056
48201211700,0.063726
48201211900,0.016938
48201212300,0.028779
48201212400,0.027743
48201212500,0.041578
48201220100,0.036448
48201220200,0.012997
48201220300,0.037498
48201220400,0.044599
48201220500,0.04369
48201220600,0.020188
48201220701,0.062075
48201220702,0.058989
48201220800,0.033446
48201220900,0.072762
48201221000,0.035139
48201221100,0.028676
48201221200,0.015859
48201221301,0.0432
48201221302,0.012735
48201221400,0.028151
48201221501,0.024492
48201221502,0.037126
48201221601,0.024605
48201221602,0.03925
48201221701,0.025226
48201221702,0.056322
48201221800,0.066817
48201221900,0.108501
48201222000,0.023989
48201222100,0.017305
48201222200,0.03589
48201222300,0.021879
48201222401,0.109824
48201222402,0.025676
48201222501,0.018971
48201222502,0.223171
48201222504,0.012109
48201222505,0.024147
48201222601,0.02057
48201222602,0.017321
48201222701,0.019347
48201222702,0.047798
48201222800,0.059918
48201222900,0.044762
48201223001,0.019002
48201223002,0.015303
48201223100,0.03865
48201230100,0.014499
48201230200,0.017876
48201230300,0.034977
48201230400,0.021371
48201230500,0.044986
48201230600,0.077575
48201230700,0.027362
48201230800,0.03986
48201230900,0.020712
48201231000,0.03714
48201231100,0.129642
48201231200,0.03359
48201231300,0.00927
48201231400,0.020473
48201231500,0.046763
48201231600,0.022916
48201231700,0.079493
48201231800,0.025748
48201231900,0.055726
48201232000,0.040585
48201232100,0.035343
48201232201,0.014703
48201232202,0.046252
48201232203,0.143003
48201232303,0.033693
48201232304,0.076926
48201232305,0.069149
48201232306,0.049175
48201232402,0.026003
48201232403,0.038039
48201232404,0.064202
48201232405,0.083257
48201232500,0.142006
48201232600,0.041678
48201232701,0.047613
48201232703,0.060845
48201232704,0.043156
48201232801,0.071015
48201232802,0.029897
48201232901,0.036752
48201232902,0.057538
48201233001,0.042783
48201233002,0.04251
48201233003,0.0293
48201233101,0.036722
48201233103,0.075956
48201233104,0.054795
48201233105,0.05153
48201233200,0.028282
48201233300,0.082173
48201233400,0.025771
48201233501,0.035645
48201233502,0.053786
48201233600,0.052915
48201233701,0.071874
48201233702,0.021131
48201233703,0.083533
48201240101,0.025156
48201240102,0.070227
48201240400,0.025092
48201240503,0.005532
48201240504,0.014344
48201240505,0.020775
48201240506,0.014566
48201240600,0.025691
48201240703,0.028781
48201240704,0.030422
48201240705,0.022197
48201240706,0.040623
48201240707,0.051769
48201240802,0.033286
48201240803,0.040511
48201240804,0.027015
48201240903,0.049126
48201240904,0.039598
48201240905,0.038785
48201240906,0.011597
48201241001,0.055971
48201241002,0.031934
48201241101,0.030331
48201241103,0.028564
48201241104,0.035685
48201241105,0.194609
48201241201,0.027289
48201241202,0.239242
48201241301,0.022459
48201241302,0.041892
48201241400,0.052696
48201241501,0.05464
48201241502,0.038793
48201241503,0.051278
48201250101,0.051216
48201250102,0.117778
48201250201,0.036995
48201250202,0.039817
48201250303,0.124575
48201250304,0.08379
48201250305,0.026285
48201250306,0.017025
48201250403,0.078184
48201250404,0.016519
48201250405,0.062725
48201250406,0.072904
48201250407,0.141154
48201250408,0.030615
48201250500,0.026541
48201250601,0.058047
48201250602,0.0617
48201250701,0.046895
48201250702,0.023463
48201250801,0.037682
48201250802,0.051378
48201250901,0.051502
48201250902,0.019599
48201251000,0.10986
48201251100,0.028295
48201251200,0.034351
48201251300,0.037365
48201251401,0.021004
48201251402,0.022924
48201251501,0.03951
48201251503,0.013428
48201251504,0.008328
48201251505,0.029079
48201251600,0.089978
48201251701,0.012731
48201251702,0.070361
48201251800,0.390951
48201251902,0.046227
48201251903,0.108115
48201251904,0.029892
48201252001,0.019292
48201252002,0.051364
48201252003,0.096858
48201252100,0.036741
48201252201,0.127224
48201252202,0.141466
48201252303,0.014913
48201252304,0.036015
48201252305,0.024953
48201252306,0.017675
48201252400,0.05227
48201252500,0.157134
48201252601,0.046582
48201252602,0.14778
48201252700,0.148355
48201252800,0.03958
48201252901,0.04518
48201252902,0.033684
48201253000,0.069853
48201253202,0.052172
48201253300,0.036222
48201253502,0.049854
48201310101,0.034151
48201310102,0.020313
48201310200,0.034859
48201310300,0.008568
48201310400,0.029647
48201310500,0.04245
48201310600,0.018824
48201310700,0.050262
48201310800,0.035596
48201310900,0.025936
48201311001,0.104982
48201311002,0.146749
48201311100,0.030386
48201311200,0.058927
48201311300,0.018029
48201311400,0.022918
48201311501,0.017683
48201311502,0.02323
48201311600,0.031723
48201311701,0.038255
48201311702,0.054985
48201311800,0.047379
48201311900,0.035061
48201312000,0.057772
48201312200,0.053231
48201312300,0.02913
48201312400,0.02968
48201312501,0.037738
48201312502,0.015697
48201312601,0.120734
48201312602,0.057272
48201312603,0.040317
48201312700,0.041918
48201312800,0.017268
48201312901,0.019812
48201312902,0.018349
48201313000,0.039314
48201313101,0.022784
48201313102,0.121272
48201313201,0.061766
48201313202,0.02479
48201313300,0.014364
48201313400,0.022507
48201313500,0.024142
48201313600,0.017051
48201313700,0.063867
48201313801,0.042957
48201313802,0.027932
48201313901,0.05255
48201313902,0.019413
48201314001,0.059518
48201314003,0.132975
48201314004,0.020833
48201314005,0.024641
48201314301,0.082617
48201314302,0.052071
48201314401,0.152031
48201314402,0.233441
48201320100,0.021751
48201320201,0.046284
48201320202,0.028166
48201320500,0.046987
48201320601,0.021633
48201320602,0.023591
48201320700,0.065888
48201320800,0.162885
48201320901,0.045006
48201320902,0.014784
48201321001,0.03125
48201321002,0.084569
48201321101,0.063146
48201321102,0.043725
48201321200,0.047285
48201321301,0.035912
48201321302,0.091595
48201321401,0.03981
48201321402,0.129643
48201321500,0.101902
48201321600,0.055601
48201321700,0.036632
48201321800,0.054134
48201321900,0.032048
48201322000,0.071965
48201322100,0.022613
48201322200,0.015643
48201322600,0.104782
48201322701,0.04181
48201322702,0.041027
48201322800,0.046356
48201322900,0.019521
48201323000,0.033592
48201323100,0.031356
48201323200,0.051515
48201323300,0.031554
48201323400,0.03947
48201323500,0.05858
48201323601,0.04704
48201323602,0.085122
48201323701,0.059006
48201323702,0.064644
48201323801,0.023012
48201323802,0.026142
48201323900,0.057988
48201324000,0.068777
48201324101,0.089125
48201324102,0.374912
48201324200,0.118937
48201330101,0.029282
48201330102,0.019155
48201330200,0.025517
48201330301,0.072619
48201330302,0.060004
48201330303,0.047339
48201330400,0.048921
48201330500,0.045093
48201330600,0.044713
48201330700,0.087493
48201330801,0.100385
48201330802,0.134436
48201330901,0.025203
48201330902,0.024768
48201331100,0.035654
48201331200,0.029395
48201331300,0.051794
48201331400,0.060066
48201331501,0.17152
48201331502,0.02284
48201331602,0.020936
48201331603,0.027275
48201331604,0.016994
48201331700,0.068706
48201331800,0.039042
48201331900,0.044555
48201332000,0.023215
48201332100,0.052632
48201332200,0.020941
48201332300,0.029172
48201332400,0.030495
48201332500,0.028325
48201332600,0.022186
48201332700,0.043569
48201332800,0.065503
48201332900,0.037807
48201333000,0.050261
48201333100,0.025361
48201333201,0.040295
48201333203,0.023268
48201333204,0.024264
48201333205,0.082897
48201333301,0.053876
48201333302,0.031754
48201333501,0.041341
48201333502,0.159959
48201333600,0.120231
48201333700,0.065358
48201333801,0.13282
48201333802,0.014417
48201333903,0.037931
48201333904,0.028641
48201333905,0.027084
48201333906,0.035645
48201334001,0.018991
48201334002,0.08841
48201334003,0.052658
48201334101,0.037163
48201334102,0.078331
48201340101,0.078213
48201340102,0.020187
48201340201,0.22499
48201340202,0.061603
48201340203,0.028992
48201340301,0.021709
48201340302,0.035824
48201340400,0.048686
48201340501,0.02673
48201340502,0.066577
48201340600,0.036827
48201340701,0.040495
48201340702,0.024246
48201340800,0.026081
48201340900,0.061809
48201341001,0.109737
48201341002,0.067693
48201341101,0.043878
48201341102,0.045525
48201341201,0.033478
48201341203,0.094611
48201341204,0.06546
48201341302,0.115268
48201341303,0.040957
48201341304,0.088376
48201341400,0.067062
48201341501,0.01622
48201341502,0.076494
48201342001,0.025948
48201342002,0.048397
48201342100,0.038929
48201342200,0.078062
48201342300,0.02852
48201342400,0.108632
48201342500,0.093473
48201342700,0.048423
48201342801,0.046336
48201342802,0.117031
48201342900,0.043935
48201343000,0.071308
48201343100,0.062119
48201343200,0.049194
48201343301,0.055197
48201343302,0.03976
48201343601,0.396887
48201343700,0.13621
48201350101,0.060193
48201350102,0.031502
48201350103,0.018774
48201350104,0.057941
48201350201,0.026403
48201350202,0.069179
48201350300,0.044653
48201350400,0.021938
48201350500,0.036367
48201350601,0.026715
48201350603,0.01702
48201350604,0.018969
48201350700,0.020349
48201350801,0.023433
48201350803,0.024715
48201350804,0.02559
48201410101,0.034409
48201410102,0.071299
48201410201,0.091497
48201410202,0.064638
48201410300,0.05606
48201410401,0.190317
48201410402,0.062768
48201410501,0.128255
48201410502,0.113663
48201410601,0.04776
48201410602,0.029115
48201410703,0.037508
48201410704,0.120533
48201410705,0.042437
48201410706,0.015458
48201410801,0.044857
48201410802,0.033241
48201410900,0.155102
48201411001,0.116385
48201411002,0.059986
48201411003,0.048799
48201411100,0.070902
48201411200,0.158677
48201411301,0.091928
48201411302,0.146495
48201411400,0.048143
48201411503,0.043597
48201411504,0.080096
48201411505,0.036277
48201411506,0.075409
48201411507,0.110623
48201411600,0.04739
48201411700,0.027769
48201411801,0.047011
48201411802,0.034217
48201411901,0.074025
48201411902,0.043095
48201412000,0.087132
48201412201,0.038628
48201412202,0.042508
48201412300,0.105578
48201412400,0.020709
48201412500,0.050296
48201412600,0.067641
48201412700,0.025621
48201412800,0.032904
48201412901,0.117547
48201412902,0.038154
48201413000,0.019945
48201413100,0.051914
48201413203,0.026726
48201413204,0.115132
48201413205,0.081206
48201413206,0.045348
48201413301,0.026955
48201413302,0.018172
48201420100,0.021285
48201420200,0.015401
48201420300,0.019932
48201420400,0.044453
48201420500,0.034683
48201420600,0.095182
48201420700,0.01828
48201420800,0.021639
48201420900,0.023068
48201421000,0.100618
48201421101,0.017426
48201421103,0.015211
48201421104,0.029099
48201421203,0.060526
48201421204,0.016001
48201421205,0.012048
48201421206,0.0099
48201421301,0.004985
48201421302,0.008034
48201421401,0.036802
48201421402,0.011334
48201421403,0.044203
48201421501,0.027023
48201421502,0.017002
48201421601,0.025964
48201421602,0.087258
48201421700,0.022971
48201421801,0.043846
48201421802,0.022989
48201421900,0.04367
48201422000,0.017016
48201422100,0.105826
48201422200,0.024734
48201422302,0.018727
48201422303,0.025761
48201422304,0.035167
48201422403,0.018726
48201422404,0.020315
48201422405,0.037674
48201422406,0.009329
48201422501,0.028611
48201422502,0.019541
48201422601,0.023041
48201422602,0.025547
48201422701,0.022407
48201422702,0.013683
48201422800,0.023336
48201422900,0.010636
48201423001,0.030437
48201423002,0.051916
48201423100,0.0658
48201423201,0.033691
48201423203,0.016969
48201423204,0.037644
48201423301,0.039135
48201423303,0.019736
48201423304,0.026374
48201423401,0.044375
48201423402,0.017768
48201423500,0.057498
48201423600,0.041531
48201430101,0.032358
48201430102,0.031857
48201430200,0.023885
48201430300,0.027765
48201430400,0.02029
48201430500,0.118338
48201430600,0.020183
48201430700,0.109356
48201430800,0.073495
48201430900,0.072959
48201431001,0.023302
48201431002,0.030928
48201431101,0.058754
48201431102,0.034188
48201431203,0.034051
48201431204,0.042827
48201431205,0.019984
48201431206,0.033584
48201431302,0.038041
48201431303,0.026042
48201431304,0.084635
48201431401,0.031733
48201431403,0.103635
48201431404,0.038364
48201431503,0.060384
48201431504,0.024784
48201431505,0.073733
48201431506,0.032915
48201431600,0.041404
48201431701,0.047047
48201431702,0.067772
48201431801,0.037935
48201431803,0.014421
48201431804,0.088612
48201431901,0.030213
48201431902,0.037385
48201432003,0.025728
48201432004,0.034574
48201432005,0.14336
48201432006,0.011447
48201432101,0.07666
48201432102,0.092611
48201432200,0.019167
48201432301,0.061628
48201432302,0.034921
48201432303,0.066605
48201432401,0.013097
48201432402,0.024143
48201432501,0.018864
48201432502,0.029839
48201432600,0.026839
48201432703,0.022948
48201432704,0.015304
48201432705,0.016695
48201432706,0.012286
48201432803,0.015466
48201432804,0.034933
48201432805,0.029514
48201432806,0.043991
48201432901,0.077928
48201432903,0.040079
48201432904,0.060547
48201433003,0.044322
48201433004,0.022756
48201433005,0.05575
48201433006,0.013739
48201433007,0.013392
48201433100,0.08555
48201433201,0.072865
48201433202,0.019288
48201433300,0.017112
48201433400,0.013678
48201433503,0.07122
48201433504,0.017124
48201433505,0.030467
48201433506,0.023502
48201433507,0.052682
48201433601,0.025072
48201433602,0.011857
48201440101,0.01398
48201440102,0.055123
48201450100,0.039646
48201450200,0.031844
48201450301,0.021303
48201450302,0.04133
48201450401,0.069444
48201450402,0.051525
48201450500,0.052005
48201450600,0.028628
48201450700,0.041342
48201450801,0.035347
48201450803,0.036864
48201450804,0.10479
48201450900,0.097847
48201451003,0.02602
48201451004,0.044722
48201451005,0.032097
48201451006,0.066227
48201451100,0.046182
48201451200,0.045098
48201451301,0.014167
48201451302,0.026359
48201451401,0.026229
48201451404,0.052155
48201451405,0.029649
48201451406,0.023765
48201451407,0.019305
48201451501,0.044598
48201451502,0.198371
48201451603,0.017062
48201451604,0.096339
48201451605,0.023636
48201451606,0.065168
48201451700,0.072251
48201451800,0.028186
48201451902,0.023137
48201451903,0.084457
48201451904,0.020887
48201452001,0.027635
48201452002,0.0263
48201452101,0.025075
48201452102,0.021844
48201452103,0.030619
48201452202,0.04472
48201452203,0.070141
48201452204,0.067583
48201452300,0.072178
48201452401,0.042288
48201452402,0.030893
48201452501,0.017832
48201452502,0.049502
48201452601,0.021635
48201452602,0.017032
48201452701,0.02048
48201452702,0.010472
48201452703,0.053786
48201452801,0.057198
48201452802,0.039357
48201452900,0.069268
48201453001,0.060238
48201453002,0.048124
48201453100,0.034
48201453201,0.019614
48201453202,0.028606
48201453300,0.025221
48201453401,0.03357
48201453403,0.016832
48201453404,0.067968
48201453405,0.012831
48201453501,0.047786
48201453502,0.019454
48201453601,0.059222
48201453603,0.079472
48201453604,0.019153
48201453701,0.028997
48201453702,0.032179
48201453800,0.0658
48201453901,0.016166
48201453902,0.045764
48201454000,0.027617
48201454100,0.019887
48201454200,0.035149
48201454302,0.014966
48201454303,0.040235
48201454304,0.023352
48201454305,0.027239
48201454400,0.153485
48201454502,0.019883
48201454503,0.039021
48201454504,0.03356
48201454505,0.088063
48201454600,0.02545
48201454700,0.153197
48201454801,0.087735
48201454802,0.032573
48201454901,0.025777
48201454902,0.02881
48201455000,0.03338
48201455102,0.029941
48201455103,0.248708
48201455104,0.045437
48201455200,0.049686
48201455300,0.078144
48201510100,0.061516
48201510201,0.063696
48201510202,0.021387
48201510301,0.065368
48201510302,0.053956
48201510400,0.035506
48201510500,0.037819
48201510601,0.077651
48201510602,0.043691
48201510701,0.030221
48201510702,0.049085
48201510801,0.129982
48201510802,0.037583
48201510803,0.108694
48201510901,0.0195
48201510902,0.069856
48201511001,0.036919
48201511003,0.02854
48201511004,0.027106
48201511100,0.047296
48201511201,0.057004
48201511202,0.032007
48201511301,0.060932
48201511302,0.130624
48201511400,0.091465
48201511501,0.04161
48201511502,0.032116
48201511600,0.036151
48201520100,0.024404
48201520200,0.031824
48201520301,0.014132
48201520302,0.026245
48201520400,0.057285
48201520501,0.03301
48201520502,0.016393
48201520601,0.021761
48201520603,0.035331
48201520604,0.020689
48201520700,0.048939
48201521000,0.084553
48201521100,0.014936
48201521201,0.027854
48201521202,0.0448
48201521300,0.038047
48201521401,0.044964
48201521402,0.02764
48201521501,0.036368
48201521502,0.071518
48201521600,0.269474
48201521701,0.063941
48201521702,0.099233
48201521800,0.034149
48201521900,0.022023
48201522001,0.046549
48201522002,0.014795
48201522101,0.010544
48201522102,0.016499
48201522201,0.028042
48201522202,0.025792
48201522301,0.064616
48201522302,0.017261
48201522401,0.023723
48201522402,0.037719
48201522500,0.02995
48201530101,0.054111
48201530102,0.040074
48201530200,0.037811
48201530300,0.027112
48201530400,0.060261
48201530501,0.077211
48201530502,0.009732
48201530600,0.023286
48201530701,0.125916
48201530702,0.042751
48201530800,0.026424
48201530900,0.02316
48201531000,0.027105
48201531100,0.028633
48201531200,0.004511
48201531300,0.014919
48201531400,0.015763
48201531500,0.036147
48201531600,0.015762
48201531700,0.097053
48201531800,0.058431
48201531900,0.043912
48201532003,0.012894
48201532004,0.030814
48201532101,0.029199
48201532102,0.064244
48201532200,0.028223
48201532301,0.059862
48201532302,0.032853
48201532400,0.036634
48201532502,0.029616
48201532503,0.056487
48201532504,0.069684
48201532600,0.039817
48201532700,0.058899
48201532800,0.030923
48201532900,0.082346
48201533000,0.008466
48201533100,0.020973
48201533200,0.008905
48201533301,0.023057
48201533302,0.044908
48201533401,0.033807
48201533402,0.02277
48201533500,0.031933
48201533600,0.039676
48201533701,0.027879
48201533702,0.032954
48201533802,0.027141
48201533803,0.358049
48201533804,0.051293
48201533902,0.04799
48201533903,0.016865
48201533904,0.084726
48201534001,0.101912
48201534002,0.022718
48201534003,0.063805
48201534101,0.034371
48201534102,0.044147
48201534201,0.079083
48201534203,0.040952
48201534204,0.060908
48201534205,0.026477
48201540101,0.041291
48201540102,0.037966
48201540200,0.083964
48201540502,0.032911
48201540503,0.172004
48201540504,0.124542
48201540601,0.024659
48201540602,0.027724
48201540700,0.117874
48201540800,0.042795
48201540901,0.023593
48201540903,0.065843
48201540904,0.153071
48201541004,0.069738
48201541005,0.027557
48201541006,0.041833
48201541007,0.030174
48201541008,0.075219
48201541009,0.049207
48201541100,0.024722
48201541203,0.038808
48201541204,0.086391
48201541205,0.044359
48201541206,0.025806
48201541207,0.067215
48201541301,0.029761
48201541302,0.038554
48201541401,0.112193
48201541402,0.040064
48201541403,0.02943
48201541404,0.024219
48201541500,0.03667
48201541603,0.036307
48201541604,0.037363
48201541701,0.097188
48201541702,0.024017
48201541703,0.173366
48201541801,0.09245
48201541802,0.094033
48201541901,0.016674
48201541902,0.051766
48201542001,0.074688
48201542002,0.02918
48201542003,0.064852
48201542004,0.021507
48201542103,0.049423
48201542104,0.049363
48201542105,0.033297
48201542106,0.022613
48201542107,0.067736
48201542108,0.069776
48201542201,0.037671
48201542202,0.075476
48201542203,0.054163
48201542302,0.034701
48201542303,0.019311
48201542304,0.038265
48201542305,0.01709
48201542401,0.093755
48201542402,0.028636
48201542500,0.067839
48201542600,0.031882
48201542700,0.036994
48201542800,0.030589
48201542901,0.039702
48201542902,0.042117
48201543004,0.02677
48201543005,0.045702
48201543006,0.033876
48201543007,0.05648
48201543008,0.060373
48201543009,0.071678
48201543010,0.07208
48201543011,0.020875
48201543100,0.122771
48201543201,0.019309
48201543202,0.077981
48201550101,0.027193
48201550102,0.038875
48201550201,0.022027
48201550202,0.013071
48201550303,0.016051
48201550304,0.058993
48201550305,0.022526
48201550306,0.041667
48201550307,0.026704
48201550308,0.010695
48201550403,0.082064
48201550404,0.450769
48201550405,0.023349
48201550406,0.028275
48201550407,0.043617
48201550500,0.019776
48201550601,0.031227
48201550602,0.052375
48201550603,0.087309
48201550700,0.086156
48201550800,0.05059
48201550901,0.024383
48201550902,0.01374
48201551000,0.428473
48201551101,0.064736
48201551102,0.069127
48201551201,0.030236
48201551202,0.166316
48201551300,0.032656
48201551400,0.145177
48201551501,0.019585
48201551502,0.052865
48201551601,0.095339
48201551602,0.045083
48201551702,0.05386
48201551703,0.081068
48201551704,0.039126
48201551705,0.112001
48201551800,0.041514
48201551901,0.016122
48201551902,0.05383
48201552002,0.035703
48201552003,0.066955
48201552004,0.09105
48201552101,0.062491
48201552102,0.044682
48201552103,0.055475
48201552200,0.029649
48201552301,0.03039
48201552303,0.054465
48201552304,0.04205
48201552401,0.066098
48201552402,0.03987
48201552501,0.078572
48201552502,0.032172
48201552602,0.087457
48201552603,0.057719
48201552604,0.07768
48201552701,0.053483
48201552702,0.023815
48201552801,0.166135
48201552802,0.097389
48201552901,0.054868
48201552902,0.041202
48201553001,0.036937
48201553002,0.032913
48201553101,0.063258
48201553102,0.011666
48201553201,0.041334
48201553202,0.071251
48201553300,0.056098
48201553401,0.014279
48201553403,0.028096
48201553404,0.024575
48201553405,0.039442
48201553500,0.181555
48201553601,0.053079
48201553602,0.018441
48201553700,0.0424
48201553801,0.019168
48201553803,0.051501
48201553804,0.0183
48201553901,0.028314
48201554001,0.021827
48201554002,0.026827
48201554103,0.017353
48201554104,0.067423
48201554201,0.093835
48201554202,0.037115
48201554301,0.023298
48201554302,0.129065
48201554404,0.128362
48201554405,0.060398
48201554406,0.009545
48201554407,0.025869
48201554408,0.126897
48201554409,0.161479
48201554410,0.083086
48201554501,0.047579
48201554502,0.031673
48201554600,0.066414
48201554701,0.060783
48201554702,0.036773
48201554803,0.03045
48201554804,0.028089
48201554805,0.017928
48201554806,0.053751
48201554807,0.113876
48201554808,0.105496
48201554809,0.049111
48201554902,0.055076
48201554904,0.114852
48201554905,0.04554
48201554906,0.028048
48201554907,0.036309
48201554908,0.048799
48201555001,0.03456
48201555002,0.02025
48201555101,0.057635
48201555102,0.062451
48201555200,0.029837
48201555301,0.056377
48201555303,0.058914
48201555304,0.030697
48201555305,0.032142
48201555401,0.048096
48201555403,0.068937
48201555404,0.049485
48201555501,0.113297
48201555503,0.05353
48201555504,0.015171
48201555505,0.047722
48201555600,0.094087
48201555701,0.06988
48201555703,0.043338
48201555704,0.025465
48201556000,0.060747
48201556100,0.090824
48201980000,0.274282
48201980100,0.291522
48201980200,0.09948
48201980300,0.102093
48201980400,0.151672
48201980700,0.090879
48207950300,0.068965
48207950400,0.051545
48209010100,0.123649
48209010200,0.11809
48209010302,0.161197
48209010305,0.119242
48209010306,0.102505
48209010307,0.124532
48209010308,0.189468
48209010309,0.117161
48209010401,0.04047
48209010402,0.030267
48209010500,0.074366
48209010601,0.022859
48209010602,0.213876
48209010603,0.092698
48209010702,0.096287
48209010703,0.221607
48209010704,0.265925
48209010806,0.118234
48209010807,0.080742
48209010809,0.260751
48209010810,0.095657
48209010811,0.089996
48209010812,0.24303
48209010813,0.024276
48209010814,0.0596
48209010815,0.32963
48209010816,0.288617
48209010817,0.297941
48209010818,0.100215
48209010905,0.069037
48209010909,0.065375
48209010911,0.055298
48209010912,0.060085
48209010913,0.050578
48209010914,0.059165
48209010915,0.031365
48209010916,0.051542
48209010917,0.106417
48209010918,0.036746
48209010919,0.032101
48209010920,0.107874
48209010921,0.043976
48209010922,0.039867
48209010923,0.032099
48209010924,0.026326
48209010925,0.047508
48213950101,0.04904
48213950102,0.024602
48213950201,0.02689
48213950202,0.095949
48213950301,0.204923
48213950302,0.260479
48213950303,0.170797
48213950400,0.275482
48213950500,0.102606
48213950601,0.239401
48213950603,0.215898
48213950604,0.332611
48213950700,0.15456
48213950801,0.274117
48213950802,0.211687
48213950902,0.094041
48213950903,0.286487
48213950904,0.144123
48213950905,0.21362
48213951000,0.146584
48213951101,0.055513
48213951102,0.095924
48213951201,0.18409
48213951202,0.217002
48213951300,0.165153
48213951401,0.073646
48213951402,0.091115
48213951403,0.024794
48215020103,0.060053
48215020104,0.063061
48215020105,0.093162
48215020106,0.079745
48215020107,0.327596
48215020108,0.027772
48215020205,0.229651
48215020206,0.083872
48215020207,0.024797
48215020208,0.165713
48215020209,0.140375
48215020210,0.158099
48215020211,0.35084
48215020303,0.018133
48215020304,0.165517
48215020305,0.080706
48215020306,0.22005
48215020307,0.273541
48215020403,0.149974
48215020405,0.031738
48215020406,0.016215
48215020407,0.071707
48215020408,0.100791
48215020409,0.067328
48215020505,0.286198
48215020506,0.060767
48215020507,0.092417
48215020508,0.327703
48215020509,0.018446
48215020510,0.128698
48215020511,0.029847
48215020512,0.041692
48215020513,0.193877
48215020600,0.083688
48215020724,0.123531
48215020725,0.025875
48215020727,0.016287
48215020728,0.022396
48215020729,0.140292
48215020730,0.224888
48215020731,0.008415
48215020732,0.062609
48215020733,0.030337
48215020734,0.026205
48215020735,0.019178
48215020736,0.024439
48215020804,0.04304
48215020805,0.135354
48215020806,0.174107
48215020807,0.031151
48215020808,0.052669
48215020905,0.060874
48215020906,0.125528
48215020907,0.054839
48215020908,0.088116
48215020909,0.157745
48215020910,0.057006
48215021001,0.07337
48215021002,0.146318
48215021003,0.181187
48215021100,0.091591
48215021201,0.057158
48215021203,0.109029
48215021204,0.041343
48215021306,0.085867
48215021307,0.046091
48215021308,0.129187
48215021309,0.256652
48215021310,0.273119
48215021311,0.061615
48215021312,0.198681
48215021313,0.05787
48215021314,0.078484
48215021315,0.190282
48215021401,0.150134
48215021405,0.12703
48215021406,0.012692
48215021407,0.092831
48215021408,0.130878
48215021409,0.200321
48215021500,0.126346
48215021600,0.048025
48215021703,0.031825
48215021704,0.060497
48215021705,0.047351
48215021706,0.024053
48215021707,0.042107
48215021803,0.055089
48215021804,0.064854
48215021807,0.065011
48215021808,0.228832
48215021809,0.073821
48215021810,0.059954
48215021903,0.116712
48215021904,0.056908
48215021905,0.084791
48215021906,0.08306
48215022005,0.092778
48215022006,0.018157
48215022007,0.028963
48215022008,0.052355
48215022009,0.048584
48215022010,0.109171
48215022011,0.050841
48215022105,0.329972
48215022107,0.135602
48215022108,0.076967
48215022109,0.042518
48215022110,0.027342
48215022111,0.042723
48215022112,0.065592
48215022113,0.063984
48215022203,0.168868
48215022204,0.06708
48215022205,0.058688
48215022206,0.058833
48215022301,0.343916
48215022302,0.064453
48215022401,0.056229
48215022402,0.026918
48215022502,0.021968
48215022503,0.045052
48215022504,0.027215
48215022600,0.013495
48215022703,0.139865
48215022704,0.082727
48215022705,0.026733
48215022706,0.038617
48215022801,0.134259
48215022802,0.10446
48215022900,0.104839
48215023000,0.043648
48215023103,0.113972
48215023104,0.033265
48215023105,0.084543
48215023106,0.049479
48215023516,0.081331
48215023517,0.050052
48215023518,0.059412
48215023519,0.014164
48215023520,0.063571
48215023521,0.031696
48215023522,0.057505
48215023523,0.085286
48215023524,0.028042
48215023525,0.063971
48215023526,0.114478
48215023527,0.02639
48215023528,0.093329
48215023529,0.01889
48215023530,0.038362
48215023531,0.020876
48215023532,0.020441
48215023533,0.020234
48215023534,0.027591
48215023535,0.026453
48215023536,0.095341
48215023601,0.068069
48215023602,0.03646
48215023700,0.149818
48215023803,0.04342
48215023804,0.177585
48215023805,0.015916
48215023806,0.092663
48215023903,0.293488
48215023905,0.018516
48215023906,0.032766
48215023907,0.117311
48215023908,0.044628
48215024001,0.149212
48215024002,0.073354
48215024003,0.218935
48215024004,0.056152
48215024107,0.135991
48215024108,0.039096
48215024109,0.059196
48215024115,0.054321
48215024116,0.040433
48215024117,0.177603
48215024118,0.134817
48215024119,0.265053
48215024120,0.077873
48215024121,0.088397
48215024122,0.035727
48215024123,0.022107
48215024124,0.034766
48215024125,0.252127
48215024126,0.107623
48215024127,0.041254
48215024128,0.064635
48215024129,0.111472
48215024130,0.073878
48215024131,0.035875
48215024132,0.040289
48215024204,0.270839
48215024206,0.129058
48215024207,0.061074
48215024208,0.05706
48215024209,0.165884
48215024210,0.297462
48215024211,0.084616
48215024212,0.059787
48215024301,0.088499
48215024302,0.032161
48215024403,0.045465
48215024404,0.061849
48215024405,0.145341
48215024406,0.087461
48215024501,0.016785
48215024502,0.093992
48215024600,0.046693
48215980000,0.10596
48217960100,0.052549
48217960200,0.079263
48217960400,0.072428
48217960501,0.036415
48217960502,0.037265
48217960600,0.097072
48217960700,0.086138
48217960800,0.08844
48217960900,0.131661
48217961000,0.113296
48217961100,0.114802
48217961400,0.03871
48221160100,0.097499
48221160204,0.072911
48221160206,0.186682
48221160210,0.108093
48221160211,0.209062
48221160212,0.207398
48221160213,0.110166
48221160214,0.083036
48221160215,0.251005
48221160216,0.108351
48221160217,0.23792
48221160218,0.274695
48221160302,0.061325
48221160303,0.06668
48223950100,0.070656
48223950200,0.085452
48223950301,0.088314
48223950302,0.126995
48223950401,0.062439
48223950402,0.097337
48223950500,0.114394
48223950600,0.033789
48223950700,0.039996
48223950800,0.060337
48225950101,0.201826
48225950102,0.115013
48225950200,0.210288
48225950300,0.195431
48225950400,0.246877
48225950500,0.102924
48225950600,0.166083
48225950700,0.098887
48227950100,0.16127
48227950200,0.034123
48227950300,0.043855
48227950400,0.095244
48227950500,0.181238
48227950600,0.035726
48227950700,0.039596
48227950801,0.115668
48227950802,0.126452
48227950900,0.091966
48231960100,0.084673
48231960200,0.040669
48231960300,0.028364
48231960400,0.15516
48231960500,0.082024
48231960600,0.132702
48231960700,0.036885
48231960800,0.183019
48231960900,0.209891
48231961000,0.121458
48231961101,0.143427
48231961102,0.109596
48231961200,0.069222
48231961300,0.059144
48231961401,0.085096
48231961402,0.063966
48231961501,0.150989
48231961502,0.170792
48231961503,0.154616
48231961600,0.193639
48231961700,0.037684
48235950100,0.141908
48237950100,0.136336
48237950300,0.234577
48237950500,0.119867
48239950100,0.046406
48239950200,0.090488
48239950300,0.032953
48247950200,0.116438
48247950400,0.066982
48249950101,0.105164
48249950102,0.040033
48249950201,0.108596
48249950202,0.104643
48249950301,0.052443
48249950302,0.118038
48249950303,0.169846
48249950400,0.026465
48249950500,0.062708
48249950600,0.084445
48249950700,0.074502
48251130100,0.111583
48251130205,0.071889
48251130210,0.030491
48251130211,0.071682
48251130212,0.117286
48251130213,0.097276
48251130214,0.16936
48251130215,0.082696
48251130216,0.017223
48251130217,0.025767
48251130218,0.164019
48251130219,0.019985
48251130220,0.029867
48251130221,0.027738
48251130222,0.02998
48251130302,0.1003
48251130303,0.18469
48251130304,0.102972
48251130405,0.029769
48251130406,0.060845
48251130411,0.083052
48251130412,0.117778
48251130413,0.191889
48251130414,0.090943
48251130415,0.150688
48251130416,0.027048
48251130417,0.097009
48251130418,0.030909
48251130419,0.058419
48251130501,0.051129
48251130502,0.027225
48251130602,0.060941
48251130603,0.216248
48251130604,0.147833
48251130700,0.017449
48251130800,0.09055
48251130900,0.05326
48251131000,0.019558
48251131100,0.207234
48253020101,0.213351
48253020102,0.043732
48253020200,0.152922
48253020300,0.058117
48253020400,0.029414
48253020500,0.057106
48255970100,0.123702
48255970200,0.053039
48255970301,0.197621
48255970302,0.188272
48255970400,0.098377
48257050204,0.024766
48257050207,0.031386
48257050208,0.044615
48257050209,0.018026
48257050210,0.056939
48257050211,0.028673
48257050212,0.034507
48257050213,0.0328
48257050214,0.006856
48257050215,0.042008
48257050300,0.215994
48257050401,0.158495
48257050402,0.038065
48257050500,0.124321
48257050601,0.092243
48257050602,0.089493
48257050701,0.072784
48257050703,0.104987
48257050704,0.141092
48257050801,0.045265
48257050802,0.042332
48257051000,0.224143
48257051100,0.084217
48257051201,0.098911
48257051202,0.068827
48257051301,0.131086
48257051302,0.053986
48259970101,0.139542
48259970102,0.031191
48259970301,0.074132
48259970302,0.269683
48259970403,0.190196
48259970404,0.058678
48259970405,0.051149
48259970406,0.07796
48259970500,0.112403
48261950100,0.144693
48263950100,0.200259
48265960101,0.112357
48265960102,0.108222
48265960200,0.026127
48265960301,0.118417
48265960303,0.26195
48265960304,0.069692
48265960401,0.281603
48265960403,0.292612
48265960404,0.248029
48265960500,0.084384
48265960601,0.202572
48265960602,0.251676
48265960700,0.262123
48265960800,0.075388
48267950100,0.093782
48267950200,0.191729
48269950100,0.178921
48271950100,0.039472
48273020101,0.079286
48273020102,0.055361
48273020200,0.064378
48273020301,0.037768
48273020302,0.186649
48273020401,0.070954
48273020402,0.261251
48273020501,0.05198
48273020502,0.092042
48275950100,0.068013
48275950200,0.071405
48277000101,0.147652
48277000102,0.087294
48277000200,0.041932
48277000301,0.063652
48277000302,0.050455
48277000401,0.149624
48277000402,0.287343
48277000500,0.16117
48277000600,0.193098
48277000700,0.104607
48277000800,0.097206
48277000900,0.152144
48277001000,0.080321
48281950100,0.050168
48281950302,0.192552
48281950303,0.17603
48281950304,0.108433
48281950400,0.191383
48281950500,0.145737
48283950301,0.104577
48283950302,0.159649
48285000100,0.082461
48285000200,0.094762
48285000300,0.070943
48285000400,0.167083
48285000500,0.150275
48285000600,0.194428
48287000100,0.039865
48287000200,0.06233
48287000300,0.06795
48287000400,0.083951
48289950101,0.107102
48289950102,0.060549
48289950201,0.064544
48289950202,0.037945
48289950301,0.14499
48289950302,0.167021
48291700100,0.065573
48291700200,0.165241
48291700301,0.06577
48291700302,0.06295
48291700303,0.108535
48291700400,0.110154
48291700500,0.097088
48291700900,0.052091
48291701000,0.160988
48293970100,0.116929
48293970200,0.049107
48293970300,0.222298
48293970400,0.076725
48293970500,0.208708
48293970600,0.088586
48293970700,0.054704
48293970800,0.07737
48297950100,0.100931
48297950200,0.067393
48297950300,0.151036
48297950400,0.116996
48299970100,0.186254
48299970200,0.105943
48299970300,0.130558
48299970401,0.270684
48299970402,0.073317
48299970501,0.072093
48299970502,0.130065
48299970600,0.118228
48303000100,0.013566
48303000201,0.030144
48303000202,0.07211
48303000301,0.018749
48303000303,0.02817
48303000304,0.076244
48303000402,0.084739
48303000403,0.036447
48303000406,0.046079
48303000407,0.124201
48303000408,0.024898
48303000409,0.032878
48303000410,0.040536
48303000411,0.02343
48303000501,0.041861
48303000502,0.142434
48303000503,0.098934
48303000603,0.040121
48303000605,0.049693
48303000607,0.116023
48303000700,0.046933
48303000901,0.043152
48303000902,0.054073
48303001000,0.030882
48303001200,0.020264
48303001300,0.055924
48303001401,0.0836
48303001402,0.164313
48303001501,0.129142
48303001502,0.039836
48303001601,0.049832
48303001602,0.056489
48303001708,0.054348
48303001709,0.010848
48303001710,0.035858
48303001711,0.015507
48303001712,0.026867
48303001713,0.022118
48303001714,0.032569
48303001715,0.06918
48303001716,0.022211
48303001717,0.016794
48303001804,0.086294
48303001805,0.052339
48303001806,0.033641
48303001807,0.043726
48303001808,0.030445
48303001904,0.032993
48303001905,0.062648
48303001906,0.036457
48303001907,0.045435
48303001908,0.021347
48303002001,0.024905
48303002002,0.019021
48303002102,0.043186
48303002103,0.018139
48303002104,0.013848
48303002203,0.019689
48303002205,0.040039
48303002206,0.022661
48303002207,0.328142
48303002208,0.032574
48303002301,0.026559
48303002302,0.180388
48303002401,0.057908
48303002402,0.019884
48303002500,0.08171
48303010101,0.132067
48303010102,0.102311
48303010201,0.087865
48303010202,0.079824
48303010203,0.051396
48303010204,0.055001
48303010301,0.064458
48303010302,0.135776
48303010402,0.140622
48303010404,0.04524
48303010409,0.023418
48303010410,0.064736
48303010411,0.023197
48303010412,0.159529
48303010413,0.055033
48303010414,0.026854
48303010415,0.05926
48303010416,0.046799
48303010417,0.034613
48303010418,0.072174
48303010419,0.045141
48303010420,0.062766
48303010421,0.041395
48303010422,0.076172
48303010423,0.070386
48303010502,0.085296
48303010504,0.033192
48303010505,0.052927
48303010506,0.047567
48303010509,0.078664
48303010510,0.062509
48303010511,0.028998
48303010512,0.034835
48303010513,0.134011
48303010514,0.038767
48303010601,0.084322
48303010602,0.284072
48303010700,0.115042
48303980000,0.126442
48305950400,0.098872
48305950500,0.094072
48305950600,0.099608
48307950300,0.156157
48307950400,0.175443
48307950500,0.161626
48309000100,0.063436
48309000200,0.0849
48309000300,0.042559
48309000401,0.080093
48309000402,0.060869
48309000598,0.081327
48309000700,0.030512
48309000800,0.051913
48309000900,0.070074
48309001000,0.01853
48309001100,0.02653
48309001200,0.074706
48309001300,0.028872
48309001401,0.020198
48309001402,0.034894
48309001500,0.017322
48309001600,0.048702
48309001700,0.128276
48309001800,0.155644
48309001900,0.050151
48309002000,0.053414
48309002100,0.098419
48309002302,0.103862
48309002498,0.107636
48309002501,0.086201
48309002503,0.069282
48309002504,0.05253
48309002600,0.030399
48309002700,0.022576
48309002800,0.029745
48309002900,0.032523
48309003000,0.016351
48309003200,0.119818
48309003300,0.058543
48309003401,0.103485
48309003402,0.114109
48309003500,0.076321
48309003601,0.018273
48309003602,0.138196
48309003701,0.231072
48309003703,0.103122
48309003708,0.031842
48309003709,0.074118
48309003710,0.041681
48309003711,0.016165
48309003712,0.054472
48309003801,0.062495
48309003802,0.039327
48309003901,0.199319
48309003902,0.131892
48309004000,0.045956
48309004102,0.02984
48309004104,0.051188
48309004105,0.045903
48309004201,0.0445
48309004202,0.134426
48309004300,0.068715
48309980000,0.056816
48311950100,0.123141
48313000100,0.076444
48313000200,0.213273
48313000300,0.151172
48313000400,0.131607
48317950100,0.146899
48317950200,0.088451
48319950100,0.089629
48319950200,0.147694
48321730100,0.270743
48321730202,0.048885
48321730203,0.143228
48321730204,0.308749
48321730301,0.258491
48321730302,0.317207
48321730303,0.07751
48321730400,0.1287
48321730502,0.094234
48321730503,0.202306
48321730600,0.054649
48321730700,0.039242
48323950204,0.043688
48323950206,0.040709
48323950207,0.071803
48323950208,0.236279
48323950209,0.039032
48323950301,0.113472
48323950302,0.100012
48323950400,0.189007
48323950500,0.070162
48323950601,0.08635
48323950602,0.01522
48323950701,0.055329
48323950702,0.11307
48325000101,0.067198
48325000103,0.115178
48325000104,0.166734
48325000200,0.064191
48325000301,0.18628
48325000302,0.078852
48325000401,0.151243
48325000402,0.06234
48325000500,0.077065
48325000801,0.117874
48325000802,0.20202
48327950300,0.108735
48329010123,0.07055
48329010124,0.142955
48329010128,0.099089
48329010129,0.03036
48331950100,0.073274
48331950300,0.12714
48331950401,0.093398
48331950402,0.111108
48331950500,0.089699
48331950700,0.100839
48331950800,0.053322
48333950100,0.04473
48333950200,0.113996
48335950200,0.11317
48335950400,0.090777
48337950100,0.060156
48337950200,0.127252
48337950401,0.131827
48337950402,0.08113
48337950501,0.109116
48337950502,0.130061
48337950600,0.029268
48339690101,0.03401
48339690102,0.107578
48339690203,0.103841
48339690204,0.054432
48339690205,0.034908
48339690206,0.021965
48339690207,0.262481
48339690300,0.053817
48339690403,0.05793
48339690404,0.189081
48339690405,0.132614
48339690406,0.032643
48339690407,0.043462
48339690408,0.061138
48339690501,0.040323
48339690502,0.04834
48339690503,0.02751
48339690603,0.014063
48339690604,0.030265
48339690605,0.107016
48339690606,0.025815
48339690607,0.021367
48339690608,0.037754
48339690609,0.034352
48339690610,0.075607
48339690701,0.029519
48339690702,0.04373
48339690800,0.045297
48339690900,0.019505
48339691000,0.020161
48339691100,0.017396
48339691201,0.137528
48339691202,0.028125
48339691301,0.033907
48339691302,0.016841
48339691401,0.02648
48339691402,0.098216
48339691403,0.083164
48339691500,0.038911
48339691601,0.030464
48339691602,0.037388
48339691700,0.041176
48339691801,0.028035
48339691802,0.041373
48339691900,0.12514
48339692003,0.058059
48339692004,0.060898
48339692005,0.011922
48339692006,0.027363
48339692007,0.02845
48339692008,0.071277
48339692009,0.021036
48339692010,0.087415
48339692101,0.051121
48339692102,0.126309
48339692103,0.05732
48339692201,0.022184
48339692202,0.012907
48339692301,0.16835
48339692302,0.038249
48339692303,0.049961
48339692304,0.022541
48339692401,0.052072
48339692402,0.053188
48339692501,0.080072
48339692502,0.021328
48339692601,0.033878
48339692603,0.025208
48339692604,0.050143
48339692605,0.058889
48339692701,0.020652
48339692702,0.06756
48339692802,0.059955
48339692803,0.05933
48339692804,0.030737
48339692900,0.03956
48339693001,0.163822
48339693002,0.067196
48339693102,0.102412
48339693103,0.188319
48339693104,0.069745
48339693201,0.02302
48339693202,0.042034
48339693301,0.154783
48339693302,0.024496
48339693303,0.084132
48339693304,0.105605
48339693401,0.06355
48339693402,0.04185
48339693501,0.086137
48339693502,0.283427
48339693503,0.061668
48339693600,0.069447
48339693701,0.068521
48339693702,0.033946
48339693703,0.102176
48339693800,0.087129
48339693901,0.136458
48339693902,0.229022
48339693903,0.295679
48339693904,0.038303
48339694001,0.051948
48339694002,0.110758
48339694103,0.042218
48339694104,0.042329
48339694105,0.089295
48339694106,0.103405
48339694107,0.150565
48339694203,0.066081
48339694204,0.037746
48339694205,0.262189
48339694206,0.105611
48339694207,0.063314
48339694208,0.031402
48339694209,0.031983
48339694210,0.051675
48339694303,0.017552
48339694304,0.032489
48339694305,0.044799
48339694306,0.106106
48339694307,0.107431
48339694308,0.09329
48339694309,0.048967
48339694401,0.026384
48339694402,0.05066
48339694403,0.112689
48339694501,0.037464
48339694502,0.054377
48339694503,0.045843
48339694601,0.048546
48339694602,0.042355
48339694603,0.11395
48339694700,0.124798
48347950200,0.100398
48349970100,0.102811
48349970200,0.053837
48349970301,0.048454
48349970302,0.138217
48349970400,0.030414
48349970500,0.021162
48349970600,0.091632
48349970701,0.083804
48349970800,0.118201
48349970901,0.068679
48349970902,0.186053
48349971000,0.104002
48353950100,0.129731
48353950200,0.167391
48353950300,0.134104
48353950400,0.063236
48353950500,0.04063
48355000500,0.168617
48355000601,0.238996
48355000602,0.034401
48355000700,0.027463
48355000800,0.031049
48355000900,0.024528
48355001000,0.06742
48355001100,0.093329
48355001201,0.037499
48355001202,0.023869
48355001300,0.020409
48355001400,0.041307
48355001500,0.031874
48355001601,0.022758
48355001602,0.018977
48355001702,0.142583
48355001703,0.016077
48355001704,0.018628
48355001801,0.030118
48355001802,0.065578
48355001903,0.036221
48355001904,0.018717
48355001905,0.121536
48355001906,0.223546
48355002001,0.072152
48355002002,0.02661
48355002101,0.019977
48355002102,0.03644
48355002200,0.02519
48355002301,0.028178
48355002303,0.02986
48355002304,0.036946
48355002400,0.0537
48355002500,0.041522
48355002601,0.078693
48355002602,0.020548
48355002603,0.027796
48355002703,0.103065
48355002705,0.020973
48355002706,0.191273
48355002707,0.026506
48355002708,0.114959
48355002900,0.312438
48355003002,0.025272
48355003003,0.129306
48355003004,0.041296
48355003101,0.015661
48355003102,0.046554
48355003202,0.036428
48355003204,0.067617
48355003205,0.062392
48355003206,0.04387
48355003303,0.087983
48355003304,0.076122
48355003305,0.022577
48355003306,0.035572
48355003401,0.036743
48355003402,0.042765
48355003500,0.071774
48355003601,0.020091
48355003602,0.033011
48355003603,0.039906
48355003700,0.020088
48355005103,0.177397
48355005104,0.142473
48355005404,0.017969
48355005406,0.056756
48355005407,0.03831
48355005408,0.046925
48355005409,0.040112
48355005410,0.028105
48355005411,0.086085
48355005412,0.02309
48355005413,0.061646
48355005414,0.015867
48355005415,0.037222
48355005416,0.058831
48355005417,0.026889
48355005603,0.035118
48355005604,0.167119
48355005605,0.10837
48355005606,0.15438
48355005801,0.069927
48355005803,0.063405
48355005804,0.08311
48355005900,0.039624
48355006000,0.074007
48355006100,0.062708
48355006201,0.022034
48355006202,0.051955
48355006203,0.084036
48355006204,0.018548
48355006205,0.194725
48355006300,0.136785
48355006400,0.077169
48355980000,0.147769
48363000100,0.127576
48363000200,0.131836
48363000300,0.080339
48363000401,0.17743
48363000402,0.129475
48363000500,0.360882
48363000600,0.148181
48363000700,0.073679
48363000800,0.1992
48363000900,0.324179
48367140101,0.093707
48367140102,0.041753
48367140201,0.100986
48367140202,0.042634
48367140300,0.06602
48367140403,0.041572
48367140408,0.103413
48367140409,0.104918
48367140410,0.093268
48367140411,0.101491
48367140412,0.263875
48367140413,0.044352
48367140414,0.043794
48367140415,0.056284
48367140416,0.074345
48367140502,0.139924
48367140503,0.038826
48367140504,0.059263
48367140601,0.081132
48367140603,0.093553
48367140604,0.145542
48367140707,0.093243
48367140708,0.126411
48367140709,0.098147
48367140710,0.260454
48367140711,0.130121
48367140712,0.08335
48367140713,0.088293
48367140714,0.054966
48371950100,0.052422
48373210203,0.028137
48373210204,0.073672
48373210205,0.256806
48373210206,0.214873
48373210301,0.11767
48373210302,0.0484
48373210402,0.028415
48379950101,0.027482
48379950102,0.147692
48379950200,0.150559
48383950100,0.100444
48385950100,0.098151
48387950100,0.053137
48387950501,0.128711
48387950502,0.174424
48387950600,0.052839
48387950700,0.025711
48391950200,0.098281
48391950400,0.132155
48395960100,0.122774
48395960200,0.051756
48395960300,0.070344
48395960400,0.078054
48395960501,0.185264
48395960502,0.120079
48397040101,0.071958
48397040103,0.201901
48397040104,0.10384
48397040201,0.071657
48397040202,0.146062
48397040203,0.028889
48397040301,0.136629
48397040303,0.121434
48397040304,0.046876
48397040305,0.039762
48397040403,0.226309
48397040404,0.13026
48397040405,0.13706
48397040406,0.307884
48397040407,0.18793
48397040408,0.065034
48397040409,0.033844
48397040410,0.053528
48397040411,0.041482
48397040412,0.072768
48397040503,0.062042
48397040507,0.030449
48397040508,0.085663
48397040509,0.115944
48397040510,0.093254
48397040511,0.049508
48397040512,0.033426
48397040513,0.097151
48397040514,0.062826
48399950100,0.130631
48399950200,0.211872
48399950500,0.063752
48399950600,0.112627
48401950200,0.038332
48401950300,0.138387
48401950400,0.090772
48401950501,0.0997
48401950502,0.215059
48401951000,0.086562
48401951100,0.096099
48407200103,0.079873
48407200104,0.052693
48407200105,0.097424
48407200106,0.029208
48407200107,0.170757
48407200201,0.097624
48407200202,0.306378
48407200301,0.050037
48407200302,0.017124
48409010201,0.178025
48409010202,0.104071
48409010301,0.063775
48409010302,0.112215
48409010500,0.025713
48409010601,0.03315
48409010602,0.01259
48409010603,0.018057
48409010604,0.036273
48409010700,0.092855
48409010800,0.061328
48409010900,0.142962
48409011000,0.123183
48409011100,0.200613
48409011200,0.078544
48409011300,0.060817
48411950100,0.129137
48411950200,0.077024
48413950300,0.042502
48415950100,0.303216
48415950200,0.131216
48415950300,0.090363
48415950600,0.132554
48417950300,0.097591
48423000100,0.219432
48423000201,0.128576
48423000202,0.112282
48423000300,0.099208
48423000400,0.173181
48423000500,0.043966
48423000600,0.176033
48423000700,0.172309
48423000800,0.094678
48423000900,0.160165
48423001000,0.041365
48423001101,0.113295
48423001102,0.223988
48423001200,0.294027
48423001300,0.206869
48423001404,0.075315
48423001405,0.085313
48423001406,0.076431
48423001407,0.107017
48423001408,0.114772
48423001501,0.109457
48423001502,0.033864
48423001602,0.198164
48423001605,0.230175
48423001606,0.259769
48423001607,0.21377
48423001608,0.213369
48423001701,0.092788
48423001702,0.06179
48423001803,0.168775
48423001804,0.078187
48423001805,0.291935
48423001806,0.179085
48423001807,0.156293
48423001906,0.059466
48423001909,0.057858
48423001910,0.020732
48423001911,0.046875
48423001912,0.280778
48423001913,0.293088
48423001914,0.121989
48423001915,0.041371
48423001916,0.03865
48423001917,0.139385
48423002003,0.154846
48423002004,0.073379
48423002006,0.066182
48423002009,0.122393
48423002010,0.021261
48423002011,0.063196
48423002012,0.08308
48423002013,0.132604
48423002101,0.096471
48423002102,0.090498
48423002200,0.04321
48423980000,0.161817
48425000101,0.083632
48425000102,0.111054
48425000200,0.117926
48427950101,0.190623
48427950104,0.034133
48427950105,0.08355
48427950106,0.207919
48427950107,0.188421
48427950108,0.044651
48427950202,0.089637
48427950203,0.186701
48427950204,0.119418
48427950402,0.202544
48427950403,0.334493
48427950404,0.291041
48427950500,0.119121
48427950601,0.226842
48427950602,0.19779
48427950701,0.084408
48427950702,0.158065
48429950200,0.183949
48429950300,0.180979
48429950500,0.119692
48431950100,0.2033
48433950300,0.107943
48435950300,0.074254
48439100101,0.071395
48439100102,0.048353
48439100201,0.015682
48439100202,0.139829
48439100300,0.065688
48439100401,0.161918
48439100402,0.149708
48439100503,0.132207
48439100504,0.150454
48439100505,0.018852
48439100506,0.014395
48439100601,0.066401
48439100602,0.194438
48439100700,0.176921
48439100800,0.110195
48439100900,0.096388
48439101201,0.041926
48439101202,0.05256
48439101301,0.024387
48439101302,0.067157
48439101401,0.035251
48439101402,0.050712
48439101403,0.064684
48439101500,0.121739
48439101700,0.026485
48439102000,0.049856
48439102101,0.100213
48439102102,0.040853
48439102201,0.040707
48439102202,0.023867
48439102301,0.067158
48439102302,0.203469
48439102401,0.04688
48439102402,0.123218
48439102500,0.011688
48439102601,0.053269
48439102602,0.040248
48439102700,0.031593
48439103500,0.033591
48439103601,0.01945
48439103602,0.058408
48439103701,0.021489
48439103702,0.027344
48439103800,0.081533
48439104100,0.163127
48439104202,0.027244
48439104203,0.014201
48439104204,0.045684
48439104301,0.042965
48439104302,0.025363
48439104400,0.027739
48439104502,0.025778
48439104503,0.02975
48439104504,0.031413
48439104505,0.036154
48439104601,0.022292
48439104602,0.01983
48439104603,0.054205
48439104604,0.020575
48439104605,0.035518
48439104701,0.029541
48439104702,0.111984
48439104802,0.015734
48439104803,0.032552
48439104804,0.033664
48439104900,0.018826
48439105007,0.044567
48439105008,0.038062
48439105009,0.036901
48439105201,0.032626
48439105203,0.197443
48439105204,0.064804
48439105206,0.100311
48439105207,0.027255
48439105403,0.042423
48439105404,0.018327
48439105405,0.056679
48439105407,0.221122
48439105408,0.017727
48439105502,0.024002
48439105503,0.024717
48439105505,0.024211
48439105511,0.041634
48439105512,0.035685
48439105513,0.039448
48439105514,0.083398
48439105515,0.017456
48439105516,0.027344
48439105517,0.053998
48439105518,0.038688
48439105519,0.016605
48439105520,0.069118
48439105600,0.026414
48439105701,0.039517
48439105703,0.033949
48439105705,0.027795
48439105706,0.031535
48439105800,0.02966
48439105901,0.035984
48439105902,0.015784
48439106002,0.087267
48439106004,0.035497
48439106005,0.030978
48439106006,0.020492
48439106101,0.062712
48439106102,0.133525
48439106201,0.047526
48439106202,0.018603
48439106300,0.013808
48439106400,0.072156
48439106502,0.023534
48439106503,0.024375
48439106507,0.01722
48439106509,0.039967
48439106512,0.020511
48439106513,0.12907
48439106514,0.026785
48439106515,0.00904
48439106518,0.018969
48439106519,0.024665
48439106520,0.084124
48439106521,0.015256
48439106522,0.022569
48439106523,0.031373
48439106524,0.061849
48439106525,0.008789
48439106526,0.032565
48439106600,0.03629
48439106700,0.063802
48439110102,0.067822
48439110103,0.043584
48439110104,0.100623
48439110202,0.113507
48439110204,0.028693
48439110205,0.010156
48439110206,0.056356
48439110301,0.048815
48439110302,0.092699
48439110401,0.030885
48439110402,0.08384
48439110500,0.231889
48439110600,0.169379
48439110703,0.028246
48439110704,0.061421
48439110705,0.030127
48439110706,0.03318
48439110805,0.098506
48439110806,0.022203
48439110807,0.062382
48439110808,0.123178
48439110809,0.113869
48439110901,0.103453
48439110903,0.07236
48439110905,0.074115
48439110906,0.121557
48439110907,0.079259
48439111003,0.027798
48439111010,0.073991
48439111015,0.066406
48439111018,0.066705
48439111019,0.027393
48439111020,0.019775
48439111021,0.037191
48439111022,0.021614
48439111023,0.020833
48439111024,0.01766
48439111025,0.032227
48439111026,0.026042
48439111027,0.043327
48439111028,0.012199
48439111029,0.041117
48439111030,0.027017
48439111031,0.068232
48439111032,0.005829
48439111033,0.021381
48439111102,0.064832
48439111103,0.222325
48439111104,0.149935
48439111202,0.085007
48439111203,0.057663
48439111204,0.026471
48439111304,0.017166
48439111306,0.02419
48439111307,0.069474
48439111308,0.021041
48439111309,0.032074
48439111311,0.036498
48439111312,0.048768
48439111314,0.040888
48439111315,0.020471
48439111316,0.021531
48439111317,0.066728
48439111318,0.047863
48439111319,0.026332
48439111320,0.032802
48439111402,0.025966
48439111405,0.186692
48439111406,0.01663
48439111407,0.028199
48439111408,0.05094
48439111409,0.022718
48439111410,0.038771
48439111411,0.079732
48439111505,0.08887
48439111506,0.033993
48439111513,0.028164
48439111514,0.032349
48439111516,0.062156
48439111522,0.02064
48439111525,0.053496
48439111526,0.118323
48439111529,0.031673
48439111530,0.028591
48439111531,0.054821
48439111532,0.028516
48439111533,0.055529
48439111534,0.019077
48439111536,0.051642
48439111538,0.057738
48439111540,0.014891
48439111541,0.022067
48439111542,0.025816
48439111543,0.025
48439111544,0.016555
48439111545,0.045072
48439111546,0.039683
48439111551,0.028231
48439111552,0.039691
48439111553,0.050467
48439111554,0.019741
48439111555,0.027636
48439111556,0.052185
48439111557,0.01293
48439111558,0.015537
48439111559,0.137755
48439111560,0.016605
48439111561,0.014882
48439111562,0.125877
48439111563,0.048669
48439111564,0.091203
48439111565,0.028788
48439111566,0.031957
48439111567,0.03469
48439111568,0.074779
48439111569,0.048809
48439111570,0.014456
48439111571,0.037685
48439111572,0.01528
48439113003,0.055442
48439113004,0.118315
48439113005,0.176474
48439113006,0.017917
48439113007,0.038087
48439113102,0.042907
48439113104,0.031544
48439113107,0.018238
48439113108,0.01426
48439113109,0.046921
48439113110,0.043942
48439113112,0.015897
48439113115,0.043213
48439113116,0.041635
48439113117,0.025237
48439113118,0.021222
48439113119,0.02648
48439113120,0.012974
48439113121,0.100484
48439113122,0.071966
48439113206,0.110951
48439113207,0.038328
48439113210,0.13209
48439113212,0.029723
48439113213,0.028866
48439113214,0.015837
48439113215,0.027263
48439113216,0.015602
48439113217,0.040554
48439113218,0.02413
48439113221,0.117273
48439113222,0.082039
48439113223,0.041294
48439113301,0.13479
48439113302,0.074266
48439113403,0.035527
48439113404,0.038744
48439113407,0.11161
48439113408,0.079499
48439113409,0.119594
48439113410,0.149946
48439113509,0.011271
48439113510,0.018206
48439113511,0.056433
48439113512,0.022416
48439113513,0.088981
48439113514,0.053531
48439113516,0.027171
48439113517,0.039435
48439113519,0.030963
48439113520,0.035771
48439113521,0.03196
48439113522,0.013511
48439113607,0.028135
48439113611,0.097388
48439113612,0.039341
48439113613,0.044949
48439113618,0.02408
48439113619,0.059927
48439113622,0.111497
48439113623,0.026145
48439113624,0.01913
48439113625,0.036005
48439113626,0.029339
48439113628,0.104453
48439113629,0.019726
48439113630,0.075341
48439113632,0.02348
48439113633,0.035295
48439113634,0.014874
48439113635,0.162105
48439113636,0.055252
48439113637,0.079982
48439113638,0.036955
48439113639,0.04202
48439113640,0.032805
48439113707,0.064818
48439113709,0.026171
48439113710,0.02017
48439113711,0.100226
48439113712,0.061183
48439113713,0.046624
48439113714,0.047953
48439113715,0.061913
48439113716,0.055738
48439113803,0.113578
48439113808,0.017556
48439113809,0.035049
48439113810,0.025101
48439113811,0.102012
48439113812,0.011742
48439113813,0.036955
48439113814,0.024051
48439113815,0.027708
48439113816,0.03218
48439113906,0.015559
48439113908,0.049569
48439113912,0.034848
48439113916,0.026191
48439113917,0.027067
48439113918,0.085775
48439113919,0.050465
48439113920,0.032385
48439113923,0.024629
48439113924,0.019206
48439113925,0.020711
48439113930,0.029959
48439113931,0.044832
48439113932,0.019126
48439113933,0.048622
48439113934,0.029704
48439113935,0.034802
48439113936,0.057417
48439113937,0.110824
48439113938,0.016235
48439113939,0.021742
48439113940,0.03176
48439113941,0.031787
48439113942,0.036578
48439113943,0.015555
48439113944,0.022217
48439113945,0.042767
48439113946,0.028709
48439113947,0.027705
48439113948,0.022743
48439113949,0.021203
48439113950,0.073419
48439113951,0.021423
48439113952,0.030945
48439113953,0.08281
48439113954,0.026983
48439113955,0.011984
48439113956,0.036613
48439113957,0.058551
48439113958,0.063065
48439114003,0.09303
48439114006,0.050444
48439114009,0.022903
48439114010,0.018856
48439114011,0.029048
48439114012,0.035657
48439114013,0.04089
48439114014,0.022524
48439114015,0.140883
48439114105,0.096157
48439114106,0.071519
48439114107,0.065928
48439114108,0.028719
48439114109,0.02505
48439114110,0.062643
48439114111,0.034863
48439114112,0.018748
48439114113,0.02431
48439114203,0.062106
48439114204,0.071249
48439114205,0.034258
48439114206,0.076168
48439114207,0.054385
48439121605,0.04116
48439121606,0.049686
48439121608,0.021752
48439121609,0.030295
48439121610,0.02296
48439121611,0.035523
48439121612,0.236602
48439121613,0.350736
48439121614,0.111627
48439121615,0.169776
48439121702,0.02932
48439121703,0.02532
48439121704,0.021047
48439121904,0.080685
48439121905,0.033075
48439121906,0.046675
48439121907,0.012861
48439121908,0.103992
48439122001,0.014541
48439122002,0.026823
48439122100,0.024757
48439122200,0.05054
48439122300,0.022976
48439122401,0.031868
48439122402,0.027896
48439122500,0.044555
48439122600,0.03581
48439122701,0.020905
48439122702,0.075526
48439122801,0.040965
48439122802,0.023106
48439122901,0.029586
48439122902,0.085803
48439123001,0.207647
48439123002,0.055424
48439123100,0.11549
48439123200,0.063315
48439123301,0.089784
48439123302,0.10481
48439123500,0.044291
48439123600,0.056856
48439123700,0.019774
48439980000,0.261619
48441010100,0.020272
48441010200,0.034847
48441010300,0.012139
48441010400,0.025074
48441010500,0.017309
48441010600,0.016527
48441010700,0.018587
48441010800,0.128652
48441010900,0.111453
48441011000,0.061462
48441011200,0.068412
48441011300,0.017152
48441011400,0.095336
48441011500,0.021558
48441011600,0.036725
48441011700,0.13545
48441011900,0.049537
48441012000,0.051753
48441012100,0.037905
48441012200,0.082515
48441012300,0.009639
48441012400,0.071298
48441012500,0.033253
48441012600,0.033488
48441012701,0.018215
48441012702,0.081527
48441012801,0.069859
48441012802,0.054649
48441012900,0.020671
48441013000,0.100966
48441013100,0.06879
48441013200,0.099661
48441013300,0.064177
48441013401,0.081575
48441013402,0.052926
48441013404,0.04722
48441013501,0.093646
48441013502,0.093077
48441013601,0.033582
48441013602,0.064376
48441980000,0.27418
48443950100,0.149304
48447950300,0.070125
48449950100,0.077055
48449950200,0.134017
48449950301,0.055765
48449950302,0.139142
48449950400,0.118825
48449950500,0.122564
48449950600,0.087172
48449950700,0.236163
48449950800,0.268595
48451000100,0.109204
48451000200,0.285625
48451000300,0.061099
48451000400,0.058033
48451000700,0.116429
48451000801,0.112156
48451000802,0.016014
48451000900,0.051921
48451001000,0.229781
48451001101,0.070169
48451001102,0.045964
48451001200,0.026431
48451001301,0.040857
48451001303,0.048479
48451001304,0.04579
48451001401,0.051769
48451001402,0.088872
48451001500,0.142881
48451001600,0.072992
48451001702,0.211814
48451001706,0.035734
48451001707,0.059158
48451001708,0.17238
48451001709,0.105049
48451001710,0.035184
48451001800,0.086421
48451980000,0.064165
48453000101,0.044546
48453000102,0.054002
48453000203,0.027618
48453000204,0.048437
48453000205,0.041215
48453000206,0.03352
48453000302,0.020095
48453000304,0.025748
48453000305,0.085124
48453000307,0.031674
48453000308,0.119765
48453000309,0.039207
48453000401,0.043422
48453000402,0.026222
48453000500,0.032182
48453000601,0.007472
48453000605,0.059968
48453000606,0.06804
48453000607,0.016435
48453000608,0.047719
48453000700,0.045722
48453000801,0.113162
48453000802,0.044106
48453000803,0.03604
48453000804,0.040952
48453000901,0.095656
48453000902,0.03947
48453001000,0.016464
48453001101,0.0435
48453001102,0.110533
48453001103,0.043881
48453001200,0.018887
48453001304,0.150347
48453001307,0.02398
48453001308,0.039144
48453001309,0.05963
48453001310,0.122399
48453001311,0.02954
48453001312,0.041597
48453001401,0.023148
48453001402,0.045438
48453001403,0.063365
48453001501,0.027798
48453001503,0.043986
48453001504,0.018951
48453001505,0.043416
48453001602,0.026912
48453001603,0.039012
48453001604,0.075875
48453001605,0.017168
48453001606,0.08335
48453001910,0.088881
48453001911,0.104224
48453001912,0.129472
48453001913,0.158418
48453001914,0.029402
48453001915,0.036283
48453001916,0.044174
48453001917,0.233159
48453001918,0.063937
48453001919,0.068767
48453001920,0.076516
48453001921,0.1537
48453001922,0.141834
48453001923,0.22126
48453002002,0.024049
48453002003,0.018194
48453002004,0.0267
48453002006,0.017292
48453002007,0.041052
48453002104,0.023166
48453002105,0.009064
48453002106,0.026215
48453002107,0.02946
48453002108,0.024058
48453002109,0.026314
48453002110,0.065232
48453002111,0.027422
48453002112,0.012469
48453002113,0.012427
48453002201,0.016164
48453002211,0.03696
48453002213,0.030924
48453002214,0.036132
48453002215,0.043961
48453002216,0.025275
48453002217,0.177197
48453002218,0.304809
48453002219,0.079121
48453002220,0.025448
48453002221,0.013725
48453002222,0.021688
48453002304,0.046739
48453002307,0.046362
48453002310,0.106852
48453002313,0.048321
48453002314,0.014421
48453002315,0.046663
48453002316,0.048114
48453002319,0.167752
48453002320,0.053536
48453002321,0.031641
48453002322,0.022529
48453002323,0.017778
48453002324,0.04391
48453002325,0.058268
48453002326,0.316997
48453002327,0.030761
48453002403,0.028437
48453002407,0.015848
48453002409,0.029378
48453002410,0.035156
48453002411,0.034071
48453002412,0.035807
48453002413,0.029212
48453002419,0.00859
48453002422,0.039558
48453002423,0.041382
48453002424,0.078125
48453002430,0.018126
48453002432,0.065438
48453002434,0.159528
48453002436,0.185586
48453002437,0.052151
48453002438,0.035522
48453002439,0.01979
48453002440,0.032444
48453002441,0.026421
48453002442,0.028971
48453002443,0.07195
48453002444,0.056869
48453002445,0.039474
48453002446,0.041822
48453002447,0.086204
48453002448,0.02936
48453002449,0.050138
48453002450,0.149131
48453002451,0.068457
48453002452,0.0412
48453002453,0.082238
48453002500,0.05773
48453030000,0.078292
48453030100,0.101468
48453030200,0.032678
48453030300,0.029203
48453030400,0.024519
48453030500,0.036711
48453030600,0.038487
48453030700,0.015463
48453030800,0.030993
48453030900,0.065625
48453031000,0.04952
48453031100,0.239714
48453031200,0.04387
48453031300,0.022626
48453031400,0.076687
48453031500,0.025994
48453031600,0.035192
48453031700,0.034229
48453031800,0.063802
48453031900,0.07541
48453032000,0.037217
48453032100,0.029532
48453032200,0.024787
48453032300,0.080194
48453032400,0.041474
48453032500,0.032837
48453032600,0.022324
48453032700,0.027235
48453032800,0.270354
48453032900,0.060772
48453033000,0.108483
48453033100,0.110719
48453033200,0.065614
48453033300,0.038589
48453033400,0.029382
48453033500,0.021957
48453033600,0.143668
48453033700,0.018941
48453033800,0.017058
48453033900,0.033229
48453034000,0.117812
48453034100,0.031754
48453034200,0.060205
48453034300,0.026799
48453034400,0.020345
48453034500,0.032521
48453034600,0.073336
48453034700,0.031284
48453034800,0.040242
48453034900,0.037733
48453035000,0.060622
48453035100,0.044801
48453035200,0.088122
48453035300,0.310578
48453035400,0.082925
48453035500,0.011556
48453035600,0.184646
48453035700,0.055796
48453035800,0.088487
48453035900,0.081523
48453036000,0.040111
48453036100,0.055745
48453036200,0.034274
48453036300,0.126302
48453036400,0.16649
48453036500,0.240815
48453036600,0.16559
48453036700,0.14715
48453036800,0.07472
48453036900,0.090074
48453037000,0.181907
48453037100,0.249845
48453037200,0.025436
48453037300,0.046376
48453037400,0.18474
48453037500,0.114
48453037600,0.041808
48453040000,0.042393
48453040100,0.071527
48453040200,0.012825
48453040300,0.022866
48453040400,0.047146
48453040500,0.017732
48453040600,0.053906
48453040700,0.028121
48453040800,0.046596
48453040900,0.231209
48453041000,0.21077
48453041100,0.261079
48453041200,0.039561
48453041300,0.028493
48453041400,0.047317
48453041500,0.065454
48453041600,0.028265
48453041700,0.049154
48453041800,0.038737
48453041900,0.055756
48453042000,0.046751
48453042100,0.020848
48453042200,0.038647
48453042300,0.046875
48453042400,0.023439
48453042500,0.058974
48453042600,0.064227
48453042700,0.013835
48453042800,0.034862
48453042900,0.024106
48453043000,0.024769
48453043100,0.109613
48453043200,0.255896
48453043300,0.017651
48453043400,0.025645
48453043500,0.085246
48453043600,0.023361
48453043700,0.058543
48453043800,0.029637
48453043900,0.014707
48453044000,0.029487
48453044100,0.030436
48453044200,0.024349
48453044300,0.036825
48453044400,0.0295
48453044500,0.018835
48453044600,0.016907
48453044700,0.025391
48453044800,0.031107
48453044900,0.136393
48453045000,0.023031
48453045100,0.050189
48453045200,0.029297
48453045300,0.032754
48453045400,0.063434
48453045500,0.020009
48453045600,0.069475
48453045700,0.100949
48453045800,0.20991
48453045900,0.22995
48453046000,0.065863
48453046100,0.054021
48453046200,0.098958
48453046300,0.052246
48453046400,0.023614
48453046500,0.041484
48453046600,0.031687
48453046700,0.056195
48453046800,0.033654
48453046900,0.010281
48453047000,0.046374
48453980000,0.211424
48455950100,0.115108
48455950200,0.045429
48455950300,0.125419
48455950400,0.12945
48455950500,0.105164
48459950101,0.072935
48459950102,0.1959
48459950200,0.060398
48459950301,0.128115
48459950302,0.047424
48459950400,0.202569
48459950501,0.084241
48459950502,0.03624
48459950600,0.061684
48459950700,0.122746
48461950100,0.110322
48463950100,0.082813
48463950201,0.138781
48463950202,0.082708
48463950300,0.110366
48463950400,0.118532
48463950500,0.118156
48465950202,0.090222
48465950203,0.155491
48465950301,0.039041
48465950302,0.12012
48465950400,0.135046
48465950501,0.09896
48465950502,0.097861
48465950601,0.317913
48465950602,0.168413
48465950701,0.105246
48465950702,0.121389
48465950801,0.268378
48465950802,0.182616
48465980000,0.063747
48467950100,0.076504
48467950200,0.07234
48467950300,0.087969
48467950400,0.051491
48467950500,0.034054
48467950601,0.112898
48467950602,0.108928
48467950700,0.144618
48467950801,0.0577
48467950802,0.109632
48467950901,0.037955
48467950902,0.177931
48467951001,0.030316
48467951002,0.047545
48469000100,0.255292
48469000201,0.239153
48469000202,0.033181
48469000301,0.190299
48469000302,0.194089
48469000400,0.168503
48469000501,0.099854
48469000502,0.028702
48469000601,0.081752
48469000602,0.067222
48469000700,0.045404
48469000800,0.043215
48469001300,0.182762
48469001401,0.19328
48469001402,0.039734
48469001501,0.163008
48469001503,0.125127
48469001504,0.131516
48469001601,0.02918
48469001604,0.009809
48469001605,0.141522
48469001607,0.119771
48469001608,0.031077
48469001700,0.054795
48469980000,0.393271
48471790101,0.064336
48471790102,0.086856
48471790103,0.149637
48471790200,0.102871
48471790301,0.08567
48471790302,0.082605
48471790401,0.207392
48471790402,0.093535
48471790500,0.119914
48471790600,0.052633
48471790700,0.068446
48471790800,0.072984
48473680100,0.091712
48473680201,0.05171
48473680202,0.102886
48473680301,0.023272
48473680302,0.126503
48473680303,0.0614
48473680501,0.039169
48473680502,0.091461
48473680601,0.166608
48473680602,0.060712
48473980000,0.05042
48477170100,0.144541
48477170201,0.101908
48477170202,0.178439
48477170300,0.092345
48477170400,0.088503
48477170501,0.080821
48477170502,0.119249
48477170601,0.090184
48477170602,0.19519
48479000101,0.083002
48479000105,0.109804
48479000106,0.069887
48479000107,0.016439
48479000108,0.012931
48479000109,0.226172
48479000200,0.056435
48479000300,0.031714
48479000601,0.032511
48479000602,0.048178
48479000700,0.062674
48479000800,0.01468
48479000901,0.022801
48479000903,0.091214
48479000904,0.004747
48479001001,0.011928
48479001003,0.04531
48479001004,0.036037
48479001101,0.100505
48479001103,0.146139
48479001104,0.017415
48479001105,0.173743
48479001201,0.050388
48479001202,0.037435
48479001300,0.071011
48479001401,0.037767
48479001402,0.043945
48479001501,0.149517
48479001502,0.054057
48479001601,0.018711
48479001602,0.026567
48479001706,0.052273
48479001709,0.02409
48479001710,0.285958
48479001711,0.075207
48479001714,0.099457
48479001715,0.10928
48479001716,0.018148
48479001717,0.132264
48479001718,0.022939
48479001719,0.021987
48479001720,0.105996
48479001721,0.038859
48479001722,0.023942
48479001723,0.023236
48479001724,0.052409
48479001725,0.021694
48479001726,0.049386
48479001727,0.024666
48479001806,0.049696
48479001809,0.131854
48479001810,0.288315
48479001811,0.15719
48479001813,0.423347
48479001815,0.136529
48479001816,0.24467
48479001818,0.269812
48479001819,0.195511
48479001820,0.160906
48479001821,0.009808
48479001822,0.008664
48479001823,0.017017
48479001824,0.091652
48479001825,0.034893
48479001826,0.104188
48479001827,0.185453
48479001828,0.018075
48479001900,0.019744
48479980000,0.110808
48481740100,0.028792
48481740200,0.11955
48481740300,0.050429
48481740400,0.132214
48481740500,0.039248
48481740600,0.093303
48481740700,0.154101
48481740800,0.121485
48481740901,0.083011
48481740902,0.174382
48481741000,0.078182
48481741100,0.098592
48489950300,0.180029
48489950400,0.056752
48489950500,0.036197
48489950600,0.119369
48489950700,0.088499
48491020106,0.05091
48491020108,0.033917
48491020109,0.082859
48491020111,0.045681
48491020113,0.039973
48491020114,0.088325
48491020115,0.036349
48491020116,0.07416
48491020117,0.262619
48491020118,0.126891
48491020119,0.037798
48491020120,0.063666
48491020121,0.109849
48491020122,0.17779
48491020123,0.121466
48491020124,0.227509
48491020201,0.050757
48491020203,0.041165
48491020205,0.069238
48491020206,0.129501
48491020207,0.21944
48491020208,0.322963
48491020310,0.019576
48491020311,0.070213
48491020319,0.01796
48491020321,0.132075
48491020323,0.018259
48491020325,0.084877
48491020326,0.036126
48491020327,0.132911
48491020329,0.086826
48491020330,0.096695
48491020331,0.092405
48491020332,0.080996
48491020333,0.030534
48491020334,0.019412
48491020335,0.024034
48491020336,0.021719
48491020337,0.02238
48491020338,0.028402
48491020339,0.035807
48491020340,0.034138
48491020341,0.019596
48491020342,0.22772
48491020343,0.037176
48491020344,0.167699
48491020345,0.021583
48491020346,0.044886
48491020347,0.028635
48491020348,0.052097
48491020349,0.05582
48491020350,0.020427
48491020351,0.044949
48491020352,0.063063
48491020353,0.025811
48491020354,0.022746
48491020355,0.035992
48491020356,0.046237
48491020403,0.019329
48491020404,0.02478
48491020405,0.024869
48491020406,0.034367
48491020408,0.041536
48491020409,0.076057
48491020410,0.027148
48491020411,0.045695
48491020503,0.035701
48491020505,0.104492
48491020507,0.035633
48491020508,0.030273
48491020509,0.032444
48491020511,0.059803
48491020512,0.043121
48491020513,0.062171
48491020514,0.018148
48491020515,0.066732
48491020516,0.023449
48491020517,0.033243
48491020602,0.043868
48491020604,0.045055
48491020606,0.036051
48491020607,0.033161
48491020608,0.020386
48491020609,0.044596
48491020701,0.030937
48491020704,0.041569
48491020706,0.054477
48491020707,0.023017
48491020709,0.041701
48491020710,0.094487
48491020711,0.194469
48491020712,0.027283
48491020713,0.02466
48491020808,0.075536
48491020810,0.050086
48491020811,0.031239
48491020812,0.069348
48491020813,0.037903
48491020814,0.032539
48491020815,0.025391
48491020816,0.160385
48491020817,0.154528
48491020818,0.151783
48491020819,0.097268
48491020820,0.027893
48491020821,0.04004
48491020822,0.118747
48491020900,0.040474
48491021000,0.111109
48491021100,0.023498
48491021201,0.117341
48491021202,0.157416
48491021203,0.232982
48491021300,0.050792
48491021402,0.082914
48491021404,0.200505
48491021405,0.038656
48491021406,0.052669
48491021407,0.069336
48491021502,0.071825
48491021503,0.051381
48491021506,0.077474
48491021509,0.046427
48491021510,0.057732
48491021511,0.063982
48491021512,0.043402
48491021513,0.021644
48491021514,0.014827
48491021515,0.07725
48491021516,0.05038
48491021517,0.0269
48491021518,0.011186
48491021601,0.06854
48491021602,0.11403
48491021603,0.041024
48493000102,0.138413
48493000103,0.012984
48493000104,0.08744
48493000201,0.080657
48493000202,0.064938
48493000300,0.11662
48493000402,0.164764
48493000404,0.207699
48493000405,0.034533
48493000406,0.254222
48493000500,0.15945
48493000600,0.045121
48497150101,0.076224
48497150103,0.266971
48497150104,0.050394
48497150201,0.148121
48497150202,0.131647
48497150300,0.051422
48497150402,0.071552
48497150403,0.054895
48497150404,0.092802
48497150405,0.138921
48497150500,0.196872
48497150603,0.082262
48497150604,0.090542
48497150605,0.050073
48497150606,0.118759
48497150607,0.189819
48499950100,0.083834
48499950200,0.068212
48499950301,0.041646
48499950303,0.072434
48499950304,0.123667
48499950401,0.104083
48499950402,0.271214
48499950500,0.082342
48499950601,0.040098
48499950602,0.064432
48499950700,0.086157
48499950800,0.150163
48503950200,0.068137
48503950401,0.235279
48503950402,0.064395
48503950500,0.099223
48503950600,0.132482
48505950303,0.269203
48505950304,0.183727
48505950305,0.275492
48505950306,0.331714
48505950401,0.222624
48505950402,0.164224
48507950100,0.26463
48507950200,0.216419
48507950301,0.150968
48507950302,0.123082
53001950100,0.120335
53001950200,0.191436
53001950301,0.097351
53001950302,0.112443
53001950303,0.248145
53001950400,0.161987
53001950500,0.029182
53003960100,0.128603
53003960200,0.108381
53005010100,0.179734
53005010201,0.119729
53005010203,0.016257
53005010204,0.091255
53005010300,0.157893
53005010400,0.011076
53005010500,0.15414
53005010600,0.049153
53005010701,0.069228
53005010703,0.138626
53005010705,0.023074
53005010707,0.018396
53005010708,0.190727
53005010807,0.057927
53005010809,0.078404
53005010810,0.019395
53005010811,0.060897
53005010814,0.07608
53005010815,0.03179
53005010816,0.038683
53005010817,0.016321
53005010818,0.022456
53005010819,0.04825
53005010820,0.045527
53005010901,0.061539
53005010902,0.052077
53005011001,0.046845
53005011002,0.066671
53005011100,0.040541
53005011201,0.021159
53005011202,0.079434
53005011300,0.104062
53005011401,0.029907
53005011402,0.025933
53005011501,0.164733
53005011504,0.030898
53005011505,0.11429
53005011506,0.201165
53005011600,0.154195
53005011701,0.029266
53005011702,0.037756
53005011801,0.075198
53005011802,0.082561
53005011900,0.049047
53005012000,0.230481
53007960100,0.117797
53007960201,0.159015
53007960202,0.08112
53007960203,0.170484
53007960301,0.172303
53007960302,0.090672
53007960303,0.128146
53007960400,0.097808
53007960501,0.06887
53007960502,0.144405
53007960600,0.180608
53007960700,0.043275
53007960801,0.02908
53007960803,0.013293
53007960804,0.084569
53007961001,0.016166
53007961002,0.126281
53007961101,0.014276
53007961102,0.020218
53007961200,0.100545
53007961301,0.026004
53007961303,0.011187
53007961304,0.030168
53013960200,0.059652
53017950101,0.105731
53017950102,0.152295
53017950200,0.14218
53017950300,0.069601
53017950400,0.043711
53017950500,0.024932
53017950600,0.017553
53017950700,0.013831
53017950800,0.028539
53019940000,0.07033
53019970100,0.127952
53019970200,0.127188
53021020101,0.179028
53021020102,0.067538
53021020103,0.035258
53021020201,0.02181
53021020202,0.019969
53021020300,0.029352
53021020401,0.051099
53021020402,0.020076
53021020403,0.020152
53021020404,0.025447
53021020501,0.093045
53021020503,0.043198
53021020504,0.033954
53021020603,0.014377
53021020605,0.053622
53021020606,0.032523
53021020607,0.013963
53021020608,0.056206
53021020700,0.247848
53021020801,0.144695
53021020802,0.17804
53021980100,0.053499
53023970300,0.094012
53025010100,0.175053
53025010200,0.081068
53025010300,0.20665
53025010401,0.20483
53025010402,0.075789
53025010500,0.11584
53025010600,0.147273
53025010700,0.18064
53025010800,0.030597
53025010901,0.049937
53025010903,0.038656
53025010904,0.023093
53025011001,0.110483
53025011002,0.046324
53025011101,0.112088
53025011102,0.120231
53025011200,0.118518
53025011300,0.122644
53025011401,0.199911
53025011403,0.030162
53025011404,0.181935
53025011405,0.307118
53025011406,0.116218
53033031502,0.239404
53033032706,0.094406
53033032800,0.13884
53037975101,0.109007
53037975102,0.100094
53037975103,0.121101
53037975104,0.157472
53037975201,0.105635
53037975202,0.061096
53037975203,0.238704
53037975300,0.146239
53037975402,0.097476
53037975403,0.015316
53037975404,0.048048
53037975500,0.088875
53037975600,0.100235
53037975700,0.143526
53039950101,0.100945
53039950102,0.150263
53039950103,0.248472
53039950200,0.123828
53039950302,0.114298
53041972000,0.087643
53043960100,0.204164
53043960200,0.168404
53043960300,0.104595
53043960400,0.107526
53047940100,0.202946
53047940200,0.135877
53047970301,0.047269
53047970302,0.170057
53047970303,0.176338
53047970400,0.078041
53047970500,0.194788
53047970601,0.130717
53047970602,0.194617
53047970700,0.102818
53047970800,0.061845
53047970900,0.130676
53047971000,0.143348
53051970100,0.128477
53051970200,0.129142
53051970300,0.079782
53051970400,0.074928
53051970500,0.107268
53053070100,0.160294
53057951101,0.236152
53057951102,0.133214
53057951200,0.068961
53059950100,0.169625
53059950400,0.148676
53061053606,0.037
53061053700,0.069827
53061053801,0.103734
53061053803,0.099878
53063000201,0.049554
53063000202,0.029412
53063000301,0.012458
53063000302,0.03394
53063000400,0.038836
53063000500,0.106381
53063000600,0.014114
53063000700,0.054761
53063000800,0.086427
53063000900,0.041392
53063001000,0.036008
53063001100,0.024094
53063001200,0.080404
53063001300,0.078829
53063001400,0.057005
53063001500,0.131635
53063001600,0.01263
53063001800,0.247888
53063001900,0.034378
53063002000,0.135677
53063002100,0.193709
53063002300,0.027381
53063002400,0.022189
53063002501,0.053683
53063002502,0.033555
53063002503,0.063609
53063002600,0.032511
53063002900,0.005232
53063003000,0.019331
53063003100,0.028415
53063003200,0.017706
53063003500,0.053963
53063003601,0.019228
53063003602,0.017442
53063003800,0.034484
53063003900,0.045122
53063004001,0.035846
53063004002,0.02523
53063004100,0.027525
53063004200,0.019003
53063004300,0.018852
53063004400,0.038961
53063004500,0.031589
53063004601,0.032343
53063004602,0.007826
53063004701,0.029651
53063004702,0.045246
53063004800,0.01744
53063004900,0.079264
53063005000,0.026865
53063010101,0.188731
53063010102,0.377669
53063010201,0.137695
53063010203,0.03979
53063010204,0.080726
53063010301,0.031393
53063010303,0.066857
53063010304,0.104092
53063010305,0.222559
53063010401,0.116703
53063010403,0.106575
53063010404,0.037809
53063010504,0.235399
53063010505,0.184243
53063010506,0.015098
53063010507,0.090394
53063010508,0.046473
53063010601,0.15848
53063010603,0.047119
53063010604,0.017158
53063010701,0.049355
53063010702,0.00853
53063010800,0.080514
53063010901,0.090243
53063010902,0.024901
53063011000,0.07208
53063011102,0.031403
53063011103,0.029835
53063011104,0.033066
53063011202,0.031819
53063011203,0.026229
53063011204,0.070053
53063011301,0.014397
53063011302,0.046775
53063011400,0.014428
53063011500,0.348541
53063011600,0.217828
53063011701,0.118145
53063011702,0.048332
53063011800,0.133215
53063011900,0.154636
53063012000,0.047932
53063012100,0.059626
53063012200,0.06931
53063012300,0.112808
53063012401,0.076209
53063012402,0.101931
53063012500,0.119505
53063012600,0.262779
53063012701,0.286599
53063012702,0.313451
53063012801,0.137427
53063012802,0.016551
53063012901,0.041099
53063012902,0.016781
53063013001,0.013364
53063013002,0.046186
53063013003,0.018506
53063013101,0.038477
53063013102,0.117428
53063013201,0.074985
53063013300,0.111918
53063013401,0.048558
53063013501,0.068848
53063013502,0.071308
53063013503,0.061634
53063013600,0.048106
53063013700,0.054748
53063013800,0.365511
53063013900,0.145222
53063014001,0.104804
53063014002,0.126472
53063014100,0.142071
53063014200,0.148533
53063014300,0.062445
53063014400,0.053117
53063014500,0.087172
53065941000,0.18261
53065950101,0.20116
53065950102,0.130765
53065950200,0.083084
53065950300,0.150919
53065950500,0.128943
53065950600,0.171789
53065950700,0.22615
53065950800,0.131479
53065950900,0.11418
53065951100,0.095455
53065951301,0.108314
53065951302,0.380855
53065951401,0.091594
53065951402,0.078903
53071920000,0.102068
53071920100,0.064348
53071920200,0.047696
53071920302,0.016394
53071920400,0.084964
53071920500,0.04224
53071920600,0.047451
53071920701,0.061673
53071920702,0.038494
53071920801,0.021117
53071920802,0.099284
53071920901,0.031475
53073010103,0.226605
53075000100,0.19575
53075000201,0.189062
53075000202,0.240627
53075000300,0.127101
53075000400,0.351232
53075000500,0.207915
53075000601,0.105194
53075000602,0.20257
53075000700,0.101135
53075000800,0.1002
53075000900,0.076263
53075001000,0.190595
53077000100,0.034469
53077000200,0.017976
53077000301,0.081697
53077000302,0.049445
53077000401,0.025751
53077000402,0.041192
53077000500,0.03787
53077000600,0.025041
53077000700,0.051567
53077000800,0.039205
53077000902,0.027108
53077000903,0.034695
53077000904,0.032043
53077001000,0.035091
53077001100,0.039255
53077001201,0.019613
53077001202,0.030225
53077001300,0.109368
53077001400,0.020403
53077001502,0.028809
53077001503,0.0146
53077001504,0.031967
53077001601,0.056564
53077001602,0.059442
53077001701,0.178955
53077001702,0.026459
53077001801,0.122947
53077001802,0.179531
53077001901,0.104945
53077001902,0.026449
53077002003,0.031711
53077002004,0.062745
53077002005,0.047671
53077002006,0.043442
53077002101,0.151631
53077002103,0.043223
53077002104,0.028663
53077002201,0.029383
53077002202,0.075685
53077002701,0.03264
53077002801,0.070204
53077002803,0.024665
53077002804,0.025472
53077002900,0.031317
53077003002,0.020832
53077003003,0.158374
53077003004,0.098351
53077003100,0.09795
53077003200,0.030009
53077003400,0.030243
53077940001,0.029385
53077940002,0.062979
53077940003,0.166483
53077940005,0.072437
53077940006,0.009001
53077940007,0.014576
53077940008,0.036373
