GEOID,coverage_gap_score
40001376600,0.094689
40001376700,0.087577
40001376800,0.158382
40001376900,0.190623
40001377000,0.156696
40003955600,0.158806
40003955700,0.14042
40003956000,0.145906
40005587600,0.132464
40005587700,0.183184
40005587800,0.182385
40005587900,0.0535
40009966100,0.188761
40009966200,0.219248
40009966800,0.16133
40011958600,0.238831
40011958700,0.244233
40011958800,0.141895
40011958900,0.192891
40011959000,0.190705
40013795600,0.155999
40013795700,0.098675
40013795900,0.074506
40013796002,0.12485
40013796003,0.140523
40013796004,0.39465
40013796101,0.132748
40013796102,0.138227
40013796200,0.172289
40013796300,0.113665
40013796400,0.123397
40013796500,0.130809
40013796600,0.117748
40015161601,0.172764
40015161602,0.1889
40015161700,0.147814
40015161800,0.123174
40015161900,0.086783
40015162000,0.20029
40015162101,0.236702
40015162102,0.228813
40015162200,0.132579
40015162300,0.151041
40017300100,0.264424
40017300201,0.161363
40017300202,0.204942
40017300300,0.287998
40017300400,0.355539
40017300500,0.278183
40017300600,0.213459
40017300701,0.166434
40017300702,0.12705
40017300802,0.303579
40017300803,0.198327
40017300804,0.294607
40017300805,0.194712
40017300806,0.181034
40017300901,0.181001
40017300902,0.19495
40017300904,0.098756
40017300905,0.078252
40017301001,0.085989
40017301003,0.21308
40017301006,0.047251
40017301010,0.269575
40017301011,0.174189
40017301012,0.076274
40017301013,0.043995
40017301014,0.101267
40017301015,0.071456
40017301100,0.099395
40017301201,0.267378
40017301202,0.245885
40017301301,0.185824
40017301302,0.207021
40017301406,0.151981
40017301407,0.222636
40017301408,0.217774
40017301409,0.305439
40017301410,0.255021
40019892100,0.144459
40019892200,0.228134
40019892301,0.205479
40019892302,0.211411
40019892400,0.149268
40019892501,0.244355
40019892502,0.144052
40019892601,0.278054
40019892602,0.18719
40019892700,0.188693
40019892801,0.03411
40019892802,0.213251
40019892900,0.069598
40019893001,0.193811
40019893002,0.122198
40019893100,0.083421
40021977600,0.207383
40021977701,0.21498
40021977702,0.22903
40021977801,0.135091
40021977802,0.124662
40021977901,0.275118
40021977902,0.088527
40021978000,0.098763
40021978100,0.177398
40021978201,0.146474
40021978202,0.115708
40021978301,0.185431
40021978302,0.263552
40023966900,0.140318
40023967000,0.135836
40023967100,0.174759
40023967200,0.196278
40023967300,0.174909
40027200100,0.044114
40027200200,0.091051
40027200300,0.029858
40027200400,0.026127
40027200500,0.032199
40027200602,0.089744
40027200603,0.031759
40027200604,0.237995
40027200700,0.251099
40027200800,0.155032
40027200900,0.03567
40027201000,0.057921
40027201102,0.033047
40027201103,0.067089
40027201104,0.144282
40027201201,0.029841
40027201202,0.036859
40027201204,0.024565
40027201205,0.077973
40027201302,0.176495
40027201303,0.066343
40027201403,0.134361
40027201404,0.1432
40027201405,0.078054
40027201505,0.116415
40027201508,0.03476
40027201509,0.029905
40027201511,0.018472
40027201512,0.075699
40027201513,0.147587
40027201514,0.032802
40027201602,0.243495
40027201603,0.126293
40027201604,0.116841
40027201607,0.03163
40027201609,0.070035
40027201610,0.139379
40027201611,0.027862
40027201612,0.133601
40027201700,0.161017
40027201801,0.024575
40027201802,0.031705
40027201902,0.035477
40027201903,0.077778
40027201904,0.07211
40027202002,0.027741
40027202004,0.050534
40027202005,0.027651
40027202006,0.051427
40027202007,0.209512
40027202008,0.013036
40027202102,0.08993
40027202104,0.060426
40027202105,0.191494
40027202106,0.114208
40027202107,0.248882
40027202201,0.196843
40027202203,0.142237
40027202205,0.013911
40027202207,0.093066
40027202208,0.090973
40027202301,0.263417
40027202302,0.049072
40027202403,0.175779
40027202404,0.207044
40027202405,0.106219
40027202406,0.082098
40027202407,0.306798
40027202501,0.191753
40027202502,0.175991
40027202600,0.141073
40029388100,0.135126
40029388200,0.156761
40031000100,0.112005
40031000200,0.131294
40031000300,0.049599
40031000402,0.089802
40031000403,0.022515
40031000404,0.030149
40031000405,0.079561
40031000503,0.021979
40031000504,0.03116
40031000505,0.033908
40031000506,0.068072
40031000600,0.035434
40031000700,0.021746
40031000800,0.035534
40031000900,0.022345
40031001000,0.023543
40031001100,0.022737
40031001400,0.036785
40031001500,0.030679
40031001600,0.027447
40031001700,0.02806
40031001901,0.123423
40031001902,0.181361
40031002001,0.032551
40031002003,0.23666
40031002004,0.188954
40031002005,0.079479
40031002101,0.167757
40031002102,0.161036
40031002201,0.163427
40031002202,0.194019
40031002301,0.126927
40031002302,0.069554
40031002401,0.282235
40031002403,0.21269
40031002405,0.14154
40031002406,0.048756
40031002500,0.046783
40033871100,0.138598
40033871200,0.245674
40035373100,0.085797
40035373200,0.143615
40035373300,0.169664
40035373400,0.164352
40035373500,0.138521
40037020101,0.247304
40037020102,0.215942
40037020103,0.160189
40037020602,0.137755
40037020603,0.196015
40037020604,0.077211
40037020702,0.164999
40037020704,0.215586
40037020705,0.302695
40037020706,0.179014
40037020707,0.26118
40037020800,0.11434
40037020900,0.213738
40037021000,0.172496
40037021101,0.150394
40037021102,0.125964
40037021201,0.183225
40037021202,0.245633
40037021300,0.239448
40037021401,0.189627
40037021402,0.223497
40037021500,0.128932
40037021600,0.35366
40039950800,0.197451
40039960401,0.21357
40039960402,0.164656
40039960600,0.171223
40039960701,0.142331
40039960702,0.339912
40039961000,0.120474
40041375601,0.201502
40041375602,0.355175
40041375701,0.22041
40041375702,0.186778
40041375803,0.094397
40041375804,0.297944
40041375805,0.45138
40041375806,0.195155
40041375901,0.258737
40041375902,0.143253
40041376000,0.203971
40041376100,0.189945
40041976200,0.193123
40043959100,0.166321
40043959200,0.204338
40043959300,0.180283
40045952600,0.167254
40045952800,0.208359
40047000101,0.062634
40047000102,0.13292
40047000200,0.271789
40047000601,0.231567
40047000602,0.298154
40047000701,0.027745
40047000702,0.114725
40047001100,0.179381
40047001200,0.110991
40047001301,0.178383
40047001302,0.178476
40047001401,0.244527
40047001402,0.280704
40047001500,0.235769
40047001602,0.152121
40047001603,0.197641
40047001604,0.226159
40049681100,0.190758
40049681200,0.167057
40049681300,0.160351
40049681400,0.186735
40049681500,0.153378
40049681600,0.095574
40049681700,0.173064
40049681800,0.154034
40049681900,0.17943
40051000100,0.25049
40051000400,0.092279
40051000501,0.031175
40051000502,0.18152
40051000600,0.179971
40051000701,0.095729
40051000702,0.146182
40051000801,0.203777
40051000802,0.195435
40051000901,0.158785
40051000902,0.200816
40051000904,0.359815
40051000905,0.20585
40051000906,0.164489
40051001000,0.237943
40053956400,0.268448
40053956500,0.130109
40055967100,0.238348
40055967200,0.176743
40059952100,0.120733
40059952200,0.135243
40061279100,0.089435
40061279200,0.196472
40061279300,0.109432
40061279400,0.126327
40063484600,0.112388
40063484700,0.159086
40063484800,0.186523
40063484900,0.176741
40063485000,0.218265
40065968100,0.122758
40065968200,0.184959
40065968300,0.201146
40065968400,0.176562
40065968500,0.124066
40065968600,0.208241
40065968700,0.291478
40065968800,0.312172
40067371600,0.127002
40067371700,0.151145
40067371800,0.145
40069660198,0.154084
40069660201,0.18862
40069660202,0.374639
40069660300,0.202452
40071000100,0.038095
40071000201,0.124089
40071000202,0.101922
40071000300,0.075357
40071000400,0.194351
40071000500,0.095486
40071000600,0.149594
40071001100,0.214981
40071001200,0.212526
40071001301,0.295772
40071001302,0.184634
40073958100,0.160403
40073958200,0.107672
40073958300,0.159106
40073958400,0.123401
40075963600,0.115831
40075963700,0.124149
40075964200,0.119907
40077087100,0.112587
40077087200,0.16858
40077087300,0.153817
40079040102,0.15089
40079040198,0.166792
40079040299,0.102423
40079040301,0.107702
40079040302,0.067705
40079040303,0.102436
40079040401,0.147917
40079040402,0.185357
40079040500,0.134009
40079040601,0.165012
40079040602,0.173796
40079040700,0.149667
40081961100,0.163066
40081961200,0.100161
40081961300,0.116309
40081961401,0.155516
40081961402,0.0693
40081961500,0.225417
40081961600,0.131013
40081961700,0.149423
40083600101,0.143039
40083600200,0.209213
40083600300,0.191017
40083600401,0.162154
40083600402,0.070136
40083600501,0.16839
40083600502,0.242231
40083600600,0.179461
40083600700,0.220282
40083600801,0.075192
40083600802,0.168647
40083600903,0.148183
40083601000,0.191977
40085094100,0.243758
40085094200,0.17628
40085094300,0.244647
40087400103,0.160499
40087400104,0.184256
40087400105,0.193675
40087400106,0.223513
40087400201,0.13093
40087400203,0.134446
40087400204,0.189824
40087400300,0.20987
40087400400,0.150033
40089098200,0.086863
40089098300,0.183933
40089098400,0.123993
40089098501,0.196443
40089098502,0.161293
40089098600,0.129984
40089098700,0.137818
40089098800,0.192054
40089098900,0.175335
40091779601,0.246296
40091779602,0.226693
40091779700,0.126651
40091779900,0.191227
40091780100,0.234267
40091780200,0.149565
40091780301,0.114003
40091780302,0.157058
40093955100,0.178445
40093955200,0.125317
40093955300,0.191467
40095094698,0.189161
40095094700,0.188824
40095094803,0.188661
40095094804,0.466057
40095094805,0.263381
40095094806,0.340651
40097040100,0.18488
40097040200,0.179252
40097040300,0.110864
40097040400,0.128789
40097040501,0.202624
40097040502,0.191894
40097040600,0.1287
40097040700,0.132984
40097040801,0.196163
40097040802,0.108393
40099790600,0.120307
40099790701,0.132171
40099790702,0.168418
40099790801,0.237099
40099790802,0.243367
40101000100,0.182324
40101000200,0.204678
40101000300,0.185211
40101000400,0.192511
40101000600,0.153217
40101000700,0.12275
40101000801,0.021549
40101000802,0.149817
40101000901,0.149
40101000902,0.030315
40101001000,0.185046
40101001100,0.084124
40101001200,0.224696
40101001301,0.145413
40101001302,0.213692
40101001401,0.209237
40101001402,0.096715
40101001501,0.154282
40101001502,0.074116
40101001600,0.181646
40103956600,0.164991
40103956900,0.239689
40103957000,0.231378
40103957100,0.217953
40105172100,0.105762
40105172200,0.092291
40105172300,0.127435
40105172400,0.126006
40107080600,0.146948
40107080700,0.125356
40107080900,0.17781
40107081000,0.149084
40109100100,0.014622
40109100201,0.012856
40109100202,0.185249
40109100203,0.017044
40109100300,0.063071
40109100400,0.016615
40109100500,0.125055
40109100800,0.087785
40109100900,0.017463
40109101000,0.067728
40109101100,0.226778
40109101200,0.138729
40109101300,0.062149
40109101400,0.020196
40109101500,0.031461
40109101800,0.244831
40109101900,0.030253
40109102000,0.073361
40109102100,0.03898
40109102200,0.04345
40109102300,0.03183
40109102400,0.046127
40109102500,0.113165
40109103200,0.079344
40109103300,0.019834
40109103900,0.029937
40109104100,0.023205
40109104200,0.070487
40109104300,0.080482
40109104400,0.032051
40109104500,0.026406
40109104600,0.022542
40109104700,0.04127
40109104800,0.127527
40109104900,0.033826
40109105000,0.031432
40109105101,0.045794
40109105201,0.032797
40109105202,0.023067
40109105300,0.136173
40109105400,0.067151
40109105500,0.033589
40109105600,0.059833
40109105903,0.118194
40109105904,0.065732
40109105905,0.049707
40109105906,0.021336
40109105907,0.04742
40109106000,0.057257
40109106100,0.068936
40109106200,0.076451
40109106301,0.019431
40109106302,0.039902
40109106303,0.015791
40109106401,0.053743
40109106402,0.059751
40109106403,0.026407
40109106501,0.019719
40109106502,0.073634
40109106503,0.032549
40109106601,0.113135
40109106602,0.135276
40109106606,0.050584
40109106607,0.027322
40109106608,0.099161
40109106609,0.126215
40109106610,0.015498
40109106611,0.037664
40109106702,0.015923
40109106704,0.127326
40109106705,0.153765
40109106706,0.024185
40109106708,0.021526
40109106709,0.027714
40109106710,0.026225
40109106801,0.172212
40109106802,0.168117
40109106803,0.159616
40109106804,0.050748
40109106902,0.045196
40109106903,0.095415
40109106906,0.051345
40109106907,0.014181
40109106909,0.038953
40109106910,0.015291
40109106911,0.01353
40109106912,0.01854
40109106913,0.073203
40109106914,0.026923
40109106916,0.037566
40109106917,0.025946
40109107001,0.080251
40109107002,0.099112
40109107101,0.179345
40109107103,0.042985
40109107104,0.127951
40109107206,0.051124
40109107207,0.042791
40109107212,0.121662
40109107213,0.108029
40109107214,0.121882
40109107215,0.04346
40109107216,0.023966
40109107217,0.024886
40109107218,0.038002
40109107219,0.024131
40109107220,0.032739
40109107221,0.041843
40109107222,0.031111
40109107223,0.032562
40109107224,0.042658
40109107225,0.023187
40109107226,0.024582
40109107302,0.060355
40109107303,0.035295
40109107305,0.022263
40109107306,0.029441
40109107401,0.065709
40109107404,0.064195
40109107405,0.056843
40109107406,0.038805
40109107407,0.086858
40109107601,0.076762
40109107604,0.026377
40109107605,0.020698
40109107608,0.01242
40109107703,0.034518
40109107704,0.029874
40109107705,0.029718
40109107706,0.024397
40109107707,0.023965
40109107801,0.029252
40109107804,0.031886
40109107805,0.131141
40109107806,0.032089
40109107807,0.033441
40109107808,0.034972
40109107809,0.02074
40109107810,0.028169
40109107900,0.232196
40109108003,0.030215
40109108005,0.075723
40109108006,0.028631
40109108007,0.026199
40109108008,0.043819
40109108009,0.0465
40109108010,0.033341
40109108011,0.03528
40109108101,0.249257
40109108106,0.155965
40109108107,0.145812
40109108109,0.12885
40109108110,0.139089
40109108113,0.14187
40109108114,0.156443
40109108201,0.090264
40109108203,0.015308
40109108204,0.049811
40109108207,0.076641
40109108208,0.019776
40109108215,0.051156
40109108216,0.036067
40109108217,0.016944
40109108222,0.025289
40109108223,0.027523
40109108224,0.032669
40109108225,0.041674
40109108226,0.026842
40109108227,0.009912
40109108228,0.048886
40109108229,0.023125
40109108230,0.013843
40109108231,0.011737
40109108232,0.015337
40109108233,0.025696
40109108234,0.021346
40109108235,0.036617
40109108236,0.027007
40109108237,0.040096
40109108238,0.042147
40109108301,0.019044
40109108302,0.050489
40109108304,0.073257
40109108307,0.025681
40109108309,0.033095
40109108310,0.014535
40109108314,0.031158
40109108317,0.017057
40109108318,0.020826
40109108319,0.058065
40109108320,0.013942
40109108321,0.035916
40109108322,0.037369
40109108323,0.047252
40109108324,0.013682
40109108325,0.024914
40109108326,0.025305
40109108402,0.042244
40109108403,0.028963
40109108404,0.011484
40109108506,0.109864
40109108507,0.141693
40109108508,0.179006
40109108513,0.035106
40109108514,0.106291
40109108515,0.059424
40109108520,0.064137
40109108521,0.205699
40109108523,0.042091
40109108524,0.017782
40109108525,0.022658
40109108526,0.067563
40109108527,0.046834
40109108528,0.014167
40109108529,0.012063
40109108530,0.022893
40109108531,0.065647
40109108532,0.276928
40109108533,0.253838
40109108534,0.044027
40109108535,0.029839
40109108536,0.037955
40109108537,0.017378
40109108538,0.072576
40109108603,0.169259
40109108604,0.035459
40109108701,0.142806
40109108706,0.040587
40109108707,0.023954
40109108708,0.151004
40109108709,0.158628
40109108710,0.043923
40109108711,0.031344
40109108712,0.194191
40109108713,0.219799
40109108802,0.188314
40109108803,0.049949
40109108804,0.0667
40109108805,0.164946
40109108806,0.014629
40109108807,0.032904
40109108900,0.364112
40109109001,0.200277
40109109003,0.149759
40109109004,0.148235
40109109202,0.207542
40109109203,0.257792
40109109204,0.223131
40109109205,0.164868
40109109300,0.118393
40109109400,0.018242
40109109500,0.026343
40109109600,0.026073
40109109700,0.025576
40109109800,0.084725
40109109900,0.031386
40109110000,0.027945
40109980001,0.028891
40109980002,0.181924
40109980003,0.054722
40109980004,0.050753
40109980005,0.022755
40109980006,0.051732
40109980007,0.140197
40109980008,0.02721
40109980009,0.316846
40111000100,0.172467
40111000200,0.190551
40111000300,0.203225
40111000400,0.161227
40111000500,0.216854
40111000601,0.176153
40111000602,0.11775
40111000700,0.085217
40111000800,0.15883
40111000901,0.202398
40111000902,0.221059
40113940001,0.189561
40113940003,0.2297
40113940004,0.193795
40113940005,0.161709
40113940006,0.021594
40113940007,0.239159
40113940008,0.188584
40113940009,0.256257
40113940011,0.199872
40113940012,0.207908
40113940013,0.294029
40113940014,0.378026
40113940015,0.210037
40115574100,0.155485
40115574200,0.255967
40115574300,0.202619
40115574400,0.241941
40115574500,0.26466
40115574600,0.180554
40115574700,0.208924
40115574800,0.133572
40115574900,0.166914
40117957100,0.202063
40117957200,0.188472
40117957300,0.195424
40117957400,0.241109
40117957500,0.188246
40119010101,0.156051
40119010102,0.098278
40119010201,0.036426
40119010202,0.047249
40119010300,0.120177
40119010400,0.112334
40119010501,0.185509
40119010502,0.05674
40119010503,0.142782
40119010600,0.18081
40119010700,0.064768
40119010800,0.231856
40119010901,0.097236
40119010902,0.194791
40119011001,0.171641
40119011002,0.203159
40119011101,0.245904
40119011103,0.246901
40119011104,0.230729
40119011200,0.21235
40119011301,0.157646
40119011302,0.044863
40119011400,0.177582
40121485601,0.349378
40121485602,0.302768
40121485700,0.183155
40121485800,0.132278
40121485900,0.255425
40121486000,0.165395
40121486100,0.116019
40121486200,0.207491
40121486300,0.224336
40121486400,0.168423
40121486500,0.114766
40121486600,0.201048
40121486700,0.153185
40121486800,0.221614
40123088600,0.201099
40123088700,0.175897
40123088801,0.255236
40123088802,0.119807
40123088900,0.229548
40123089000,0.217028
40123089100,0.080964
40123089200,0.05182
40123089300,0.14487
40123089598,0.166674
40123089600,0.236304
40125500200,0.16724
40125500301,0.229516
40125500302,0.290512
40125500400,0.34995
40125500500,0.236089
40125500600,0.328104
40125500700,0.236727
40125500800,0.264977
40125500901,0.184558
40125500902,0.223795
40125501003,0.134903
40125501004,0.182522
40125501005,0.180263
40125501006,0.283491
40125501101,0.13111
40125501103,0.159357
40125501104,0.277732
40125501105,0.298255
40125501201,0.235537
40125501300,0.203004
40127097600,0.160413
40127097701,0.173389
40127097702,0.181242
40127097800,0.159157
40129960000,0.107831
40131050101,0.208816
40131050103,0.331139
40131050104,0.256205
40131050105,0.183645
40131050201,0.241199
40131050202,0.182572
40131050203,0.193415
40131050301,0.19644
40131050302,0.262043
40131050303,0.250266
40131050304,0.209849
40131050403,0.282423
40131050404,0.252701
40131050405,0.187316
40131050406,0.119115
40131050407,0.127027
40131050408,0.194774
40131050409,0.205427
40131050501,0.183746
40131050502,0.169352
40131050601,0.194103
40131050602,0.195616
40131050603,0.266709
40131050604,0.154637
40131050701,0.221086
40131050702,0.219358
40131050801,0.139193
40131050802,0.118581
40133583100,0.172984
40133583200,0.249447
40133583300,0.279743
40133583400,0.193361
40133583500,0.059233
40133583600,0.182788
40133583700,0.17777
40133583800,0.197168
40133583900,0.186913
40135030101,0.104928
40135030103,0.249905
40135030105,0.130938
40135030106,0.22403
40135030201,0.164511
40135030202,0.143014
40135030301,0.182393
40135030303,0.304645
40135030304,0.165703
40135030401,0.191199
40135030403,0.184488
40135030404,0.185996
40137000101,0.078634
40137000102,0.128705
40137000200,0.196447
40137000300,0.190059
40137000400,0.28284
40137000600,0.119746
40137000800,0.162489
40137000901,0.170579
40137000902,0.193585
40137001000,0.095269
40137001100,0.163934
40141070100,0.188149
40141070200,0.17785
40141070300,0.13453
40141070400,0.327969
40141070500,0.143223
40143000200,0.097691
40143000300,0.023329
40143000400,0.017174
40143000500,0.085953
40143000800,0.016166
40143000900,0.011659
40143001000,0.041144
40143001200,0.075462
40143001300,0.042204
40143001400,0.05983
40143001500,0.035428
40143001600,0.104488
40143001700,0.147775
40143001800,0.14405
40143001900,0.179498
40143002000,0.136916
40143002100,0.088465
40143002301,0.117012
40143002500,0.055341
40143002700,0.068565
40143002900,0.124823
40143003000,0.150428
40143003100,0.044212
40143003200,0.025438
40143003300,0.027223
40143003400,0.143887
40143003500,0.110595
40143003600,0.103375
40143003700,0.028536
40143003800,0.035399
40143003900,0.066267
40143004000,0.02858
40143004101,0.05362
40143004200,0.075611
40143004301,0.024015
40143004302,0.022437
40143004400,0.067674
40143004500,0.040194
40143004600,0.084404
40143004700,0.139794
40143004800,0.096449
40143004900,0.151526
40143005001,0.026753
40143005002,0.086872
40143005100,0.039087
40143005200,0.041863
40143005300,0.013018
40143005401,0.138423
40143005403,0.178767
40143005404,0.171942
40143005500,0.217255
40143005600,0.228857
40143005700,0.212852
40143005801,0.033749
40143005805,0.046442
40143005808,0.082377
40143005809,0.038629
40143005810,0.154509
40143005811,0.139221
40143005812,0.011711
40143005813,0.024255
40143005900,0.10675
40143006000,0.068292
40143006200,0.023957
40143006506,0.154328
40143006507,0.255185
40143006600,0.137287
40143006701,0.097517
40143006703,0.03356
40143006708,0.069784
40143006709,0.089436
40143006710,0.078048
40143006711,0.029056
40143006712,0.099183
40143006713,0.081961
40143006801,0.025126
40143006803,0.073573
40143006804,0.068634
40143006901,0.030529
40143006902,0.017093
40143006903,0.026671
40143006905,0.023209
40143006906,0.086614
40143006907,0.046865
40143007000,0.039156
40143007101,0.021218
40143007102,0.037524
40143007200,0.165706
40143007304,0.05943
40143007306,0.036792
40143007308,0.162472
40143007309,0.134965
40143007310,0.044117
40143007311,0.032549
40143007312,0.064934
40143007313,0.073091
40143007314,0.068594
40143007402,0.033466
40143007408,0.037691
40143007409,0.014661
40143007410,0.034636
40143007411,0.028507
40143007412,0.016289
40143007413,0.024531
40143007414,0.031924
40143007415,0.102907
40143007416,0.018422
40143007417,0.0935
40143007503,0.020954
40143007507,0.015918
40143007510,0.03476
40143007511,0.015593
40143007512,0.027551
40143007518,0.014499
40143007519,0.011899
40143007520,0.013383
40143007522,0.047421
40143007523,0.041978
40143007525,0.03006
40143007526,0.047897
40143007527,0.031425
40143007528,0.04704
40143007529,0.018769
40143007530,0.058371
40143007531,0.054195
40143007532,0.020883
40143007533,0.040333
40143007534,0.037211
40143007535,0.103678
40143007536,0.02367
40143007608,0.03873
40143007611,0.044526
40143007612,0.012092
40143007613,0.047101
40143007614,0.072429
40143007615,0.017842
40143007616,0.049595
40143007617,0.023378
40143007619,0.01849
40143007629,0.092458
40143007630,0.120127
40143007631,0.016877
40143007632,0.035625
40143007633,0.05213
40143007634,0.033666
40143007636,0.119442
40143007638,0.050561
40143007639,0.032916
40143007641,0.042877
40143007642,0.048141
40143007643,0.041427
40143007644,0.018099
40143007645,0.018331
40143007646,0.195426
40143007647,0.040812
40143007648,0.063851
40143007649,0.050443
40143007650,0.147569
40143007651,0.259005
40143007652,0.157112
40143007653,0.041954
40143007654,0.02591
40143007655,0.16813
40143007656,0.086926
40143007703,0.169851
40143007704,0.149355
40143007705,0.152882
40143007706,0.017544
40143007707,0.159192
40143007801,0.188189
40143007803,0.181889
40143007804,0.368637
40143007900,0.145318
40143008001,0.240156
40143008002,0.038773
40143008200,0.045768
40143008300,0.168085
40143008400,0.013385
40143008501,0.029079
40143008502,0.05857
40143008600,0.030735
40143008700,0.028326
40143008800,0.054418
40143008900,0.103783
40143009006,0.029413
40143009008,0.058184
40143009010,0.015797
40143009011,0.088982
40143009012,0.032321
40143009013,0.0369
40143009014,0.024846
40143009015,0.048899
40143009016,0.030994
40143009017,0.015658
40143009018,0.023136
40143009019,0.025643
40143009020,0.026093
40143009021,0.044158
40143009101,0.280701
40143009104,0.247616
40143009200,0.145153
40143009300,0.199175
40143009401,0.18965
40143009403,0.113951
40143009404,0.192439
40143009500,0.163254
40143011300,0.0247
40143011400,0.032449
40145030101,0.15308
40145030102,0.160338
40145030201,0.305095
40145030202,0.116106
40145030300,0.17651
40145030402,0.070723
40145030403,0.209331
40145030406,0.029363
40145030407,0.038519
40145030408,0.163695
40145030502,0.072737
40145030505,0.029895
40145030506,0.10349
40145030507,0.015612
40145030508,0.159304
40145030509,0.021634
40145030510,0.153624
40145030511,0.116378
40145030512,0.168254
40145030601,0.032864
40145030603,0.155236
40145030604,0.219201
40145030605,0.080986
40145030798,0.139116
40145030800,0.140312
40147000100,0.055913
40147000200,0.176
40147000300,0.096598
40147000400,0.207516
40147000500,0.027814
40147000601,0.255113
40147000602,0.290037
40147000700,0.198555
40147000800,0.233991
40147000900,0.034247
40147001000,0.132258
40147001100,0.167065
40147001200,0.227079
40147001300,0.151026
40149964900,0.211714
40149965000,0.210347
40149965100,0.177243
40149965400,0.17829
40151954201,0.139342
40151954202,0.172775
40151954300,0.264754
40151954400,0.212762
40153953100,0.11381
40153953200,0.181344
40153953300,0.167134
40153953400,0.185606
40153953500,0.30561
04001944902,0.045204
04001945100,0.077042
04001970201,0.161594
04001970202,0.079427
04001970300,0.16195
04001970501,0.108599
04001970502,0.131697
04003000101,0.074929
04003000102,0.15842
04003000201,0.058833
04003000202,0.09124
04003000203,0.128495
04003000301,0.099396
04003000303,0.095712
04003000304,0.137163
04003000305,0.241868
04003000400,0.052435
04003000501,0.079992
04003000502,0.094258
04003000503,0.255155
04003000600,0.062231
04003000700,0.215562
04003000800,0.038572
04003000901,0.027462
04003000902,0.174911
04003001000,0.111908
04003001100,0.077098
04003001200,0.075078
04003001301,0.063218
04003001302,0.095808
04003001401,0.037224
04003001402,0.044518
04003001501,0.034656
04003001502,0.032826
04003001601,0.021363
04003001602,0.04932
04003001701,0.104773
04003001702,0.03233
04003001703,0.203075
04003001801,0.027456
04003001802,0.019842
04003001900,0.131613
04003002001,0.096626
04003002002,0.037615
04003002100,0.035779
04005000200,0.039567
04005000601,0.033919
04005000602,0.074924
04005000700,0.185931
04005000800,0.047447
04005000901,0.045399
04005000902,0.022951
04005001000,0.049785
04005001101,0.026861
04005001103,0.10929
04005001104,0.131106
04005001201,0.126504
04005001302,0.086202
04005001500,0.129283
04005001601,0.123057
04005001602,0.123771
04005001700,0.127216
04005002201,0.140764
04005002202,0.066595
04005002302,0.099672
04005945100,0.044839
04005980100,0.374651
04005980200,0.055385
04007000100,0.118584
04007000200,0.176885
04007000301,0.155155
04007000302,0.153889
04007000400,0.143646
04007000500,0.186521
04007000600,0.253937
04007000700,0.174002
04007000800,0.295704
04007000900,0.120257
04007001000,0.132023
04007001100,0.122451
04007001200,0.164206
04007001300,0.096981
04007940200,0.091593
04007940400,0.042177
04009940500,0.083294
04009961100,0.20236
04009961201,0.083373
04009961202,0.253824
04009961300,0.098608
04009961400,0.205225
04009961500,0.124734
04009961600,0.178709
04009961700,0.184541
04011960100,0.08041
04011960200,0.108707
04011960300,0.103849
04012020101,0.08944
04012020102,0.070994
04013010102,0.113863
04013010103,0.185717
04013010104,0.037617
04013030401,0.085957
04013030402,0.028378
04013040502,0.06999
04013040506,0.029234
04013040507,0.035766
04013040512,0.081267
04013040513,0.105415
04013040514,0.043711
04013040515,0.065418
04013040516,0.017388
04013040522,0.097703
04013040523,0.083509
04013040524,0.084915
04013040525,0.094761
04013040526,0.026391
04013040527,0.136221
04013040528,0.050802
04013040529,0.153395
04013040530,0.018988
04013040531,0.071444
04013040532,0.022507
04013040533,0.017568
04013040534,0.019479
04013040535,0.0365
04013040536,0.01504
04013040537,0.06543
04013040538,0.027746
04013040539,0.06324
04013040540,0.069563
04013040541,0.084573
04013050603,0.214129
04013050604,0.233796
04013050609,0.058522
04013050611,0.01505
04013050612,0.01479
04013050613,0.093555
04013050614,0.021785
04013050615,0.015231
04013050616,0.028985
04013050617,0.048328
04013050618,0.023181
04013050619,0.017467
04013050620,0.016862
04013050621,0.036486
04013050701,0.065117
04013050702,0.046992
04013060801,0.054098
04013060802,0.040128
04013060901,0.020413
04013060902,0.033181
04013060903,0.078938
04013060904,0.247976
04013061010,0.080925
04013061011,0.034352
04013061013,0.019734
04013061014,0.022258
04013061015,0.019023
04013061017,0.022987
04013061018,0.018121
04013061020,0.017005
04013061021,0.017294
04013061024,0.047238
04013061026,0.017916
04013061027,0.019165
04013061028,0.022831
04013061029,0.019449
04013061031,0.022273
04013061032,0.014837
04013061033,0.020651
04013061034,0.019668
04013061035,0.038658
04013061036,0.014249
04013061037,0.015536
04013061038,0.018131
04013061039,0.024504
04013061040,0.020716
04013061041,0.026547
04013061042,0.023466
04013061043,0.015181
04013061044,0.015126
04013061045,0.017515
04013061046,0.040384
04013061047,0.023516
04013061048,0.016758
04013061049,0.014201
04013061050,0.028287
04013061051,0.015602
04013061052,0.01501
04013061053,0.018403
04013061054,0.046439
04013061055,0.014524
04013061056,0.014825
04013061057,0.014563
04013061058,0.01533
04013061059,0.017661
04013061060,0.022376
04013061061,0.014186
04013061062,0.016005
04013061063,0.027193
04013061064,0.015251
04013061100,0.159238
04013061200,0.020198
04013061300,0.041096
04013061401,0.079725
04013061402,0.159116
04013071503,0.037172
04013071504,0.019565
04013071505,0.03197
04013071506,0.032923
04013071509,0.017735
04013071510,0.019312
04013071511,0.048363
04013071512,0.017878
04013071513,0.036067
04013071514,0.01802
04013071515,0.039443
04013071516,0.02767
04013071517,0.017653
04013071600,0.210814
04013071701,0.025831
04013071702,0.032233
04013071801,0.024235
04013071802,0.032804
04013071903,0.01649
04013071906,0.038297
04013071909,0.023256
04013071910,0.020119
04013071911,0.021267
04013071912,0.02804
04013071913,0.027049
04013071914,0.017229
04013071915,0.023695
04013082002,0.018179
04013082007,0.021042
04013082008,0.027615
04013082009,0.017883
04013082010,0.024683
04013082012,0.019984
04013082016,0.021271
04013082017,0.022952
04013082018,0.018052
04013082019,0.016058
04013082020,0.018849
04013082021,0.030675
04013082022,0.018702
04013082023,0.054552
04013082024,0.037019
04013082025,0.059473
04013082026,0.019246
04013082027,0.037039
04013082028,0.019263
04013082204,0.021779
04013082205,0.018082
04013082206,0.017557
04013082207,0.015696
04013082208,0.02028
04013082209,0.119846
04013082210,0.022942
04013082211,0.04163
04013082212,0.016255
04013082213,0.014711
04013083000,0.022548
04013092305,0.018779
04013092306,0.018902
04013092307,0.032698
04013092308,0.014913
04013092309,0.014559
04013092311,0.028849
04013092312,0.026909
04013092401,0.022473
04013092402,0.014802
04013092500,0.020225
04013092600,0.030833
04013092705,0.027828
04013092708,0.022461
04013092709,0.01518
04013092710,0.037564
04013092711,0.017617
04013092712,0.02303
04013092713,0.018177
04013092715,0.033485
04013092716,0.014423
04013092717,0.03531
04013092718,0.029205
04013092719,0.020789
04013092720,0.0222
04013092721,0.014177
04013092723,0.018311
04013092724,0.038839
04013092801,0.02021
04013092802,0.035212
04013092900,0.017654
04013093001,0.015177
04013093002,0.014714
04013093101,0.023998
04013093104,0.025828
04013093105,0.014358
04013093106,0.031589
04013093200,0.031943
04013103205,0.022691
04013103206,0.021337
04013103207,0.01637
04013103208,0.047259
04013103209,0.020349
04013103210,0.016072
04013103211,0.022704
04013103212,0.012134
04013103214,0.015175
04013103215,0.036269
04013103216,0.015118
04013103217,0.013465
04013103219,0.071674
04013103220,0.024018
04013103302,0.013065
04013103303,0.019538
04013103304,0.016739
04013103305,0.031642
04013103306,0.024176
04013103400,0.021898
04013103501,0.015613
04013103502,0.036482
04013103604,0.05977
04013103605,0.015173
04013103606,0.013065
04013103607,0.052126
04013103608,0.021269
04013103609,0.018607
04013103611,0.024441
04013103612,0.021074
04013103614,0.019198
04013103615,0.028065
04013103701,0.024085
04013103702,0.039892
04013103900,0.024078
04013104000,0.017426
04013104100,0.023142
04013104202,0.015121
04013104203,0.01485
04013104204,0.011902
04013104205,0.015092
04013104206,0.015817
04013104207,0.01264
04013104212,0.015188
04013104214,0.018805
04013104215,0.019146
04013104216,0.026819
04013104217,0.027246
04013104218,0.016053
04013104219,0.015015
04013104221,0.017614
04013104222,0.014992
04013104223,0.016176
04013104224,0.015495
04013104225,0.016155
04013104226,0.022398
04013104227,0.033486
04013104301,0.025647
04013104302,0.023735
04013104401,0.022117
04013104402,0.022192
04013104501,0.025326
04013104502,0.027893
04013104600,0.024591
04013104701,0.029779
04013104702,0.025908
04013104801,0.025774
04013104802,0.011666
04013104900,0.012352
04013105002,0.016049
04013105003,0.017128
04013105004,0.030581
04013105101,0.017937
04013105102,0.026182
04013105103,0.048116
04013105200,0.01681
04013105300,0.015451
04013105400,0.022152
04013105501,0.015182
04013105502,0.019477
04013105503,0.023326
04013105601,0.037309
04013105602,0.014803
04013105701,0.017596
04013105702,0.015986
04013105800,0.012675
04013105900,0.027509
04013106001,0.02489
04013106002,0.016623
04013106003,0.015642
04013106100,0.015999
04013106200,0.033505
04013106300,0.015701
04013106400,0.016056
04013106501,0.012789
04013106502,0.015491
04013106600,0.015994
04013106701,0.029237
04013106702,0.040108
04013106703,0.034175
04013106801,0.031524
04013106802,0.018874
04013106900,0.014905
04013107001,0.019155
04013107002,0.01468
04013107101,0.038848
04013107102,0.016644
04013107201,0.164436
04013107202,0.014416
04013107300,0.017637
04013107401,0.017172
04013107402,0.03072
04013107403,0.023261
04013107404,0.025431
04013107500,0.018384
04013107601,0.021697
04013107602,0.024078
04013107700,0.019546
04013107800,0.05819
04013107900,0.043054
04013108000,0.014739
04013108100,0.02425
04013108200,0.036652
04013108301,0.088478
04013108302,0.026565
04013108400,0.032954
04013108501,0.028204
04013108502,0.10582
04013108601,0.016813
04013108602,0.018231
04013108802,0.01701
04013108901,0.017979
04013108902,0.015394
04013109001,0.027415
04013109002,0.015229
04013109003,0.014984
04013109101,0.019205
04013109102,0.033494
04013109200,0.030294
04013109300,0.018635
04013109401,0.014931
04013109402,0.02943
04013109500,0.018204
04013109601,0.029282
04013109602,0.020305
04013109603,0.01499
04013109604,0.024869
04013109702,0.039375
04013109703,0.01801
04013109704,0.026042
04013109705,0.019256
04013109706,0.018129
04013109707,0.01699
04013109801,0.018702
04013109802,0.024553
04013109900,0.029223
04013110001,0.018007
04013110002,0.087221
04013110100,0.019889
04013110400,0.014658
04013110501,0.019034
04013110502,0.018007
04013110600,0.019474
04013110701,0.030322
04013110702,0.016413
04013110801,0.023706
04013110802,0.011443
04013110901,0.029271
04013110902,0.037737
04013111000,0.018482
04013111100,0.015258
04013111201,0.017
04013111202,0.014599
04013111203,0.094981
04013111204,0.024087
04013111300,0.014458
04013111401,0.048055
04013111402,0.015591
04013111501,0.015359
04013111502,0.014595
04013111601,0.016121
04013111602,0.027602
04013111700,0.020644
04013111800,0.02265
04013111900,0.063794
04013112100,0.015563
04013112201,0.015326
04013112202,0.026316
04013112301,0.018369
04013112302,0.021685
04013112401,0.017021
04013112402,0.018417
04013112502,0.015632
04013112504,0.02188
04013112507,0.019423
04013112508,0.053542
04013112510,0.015975
04013112512,0.034781
04013112514,0.01708
04013112515,0.016603
04013112516,0.028432
04013112517,0.020844
04013112518,0.018298
04013112519,0.014535
04013112520,0.045025
04013112521,0.025154
04013112522,0.021787
04013112523,0.02842
04013112524,0.018949
04013112601,0.049006
04013112602,0.01576
04013112700,0.018169
04013112900,0.019185
04013113000,0.024044
04013113100,0.018985
04013113201,0.144337
04013113202,0.216849
04013113204,0.030664
04013113301,0.025851
04013113502,0.026091
04013113503,0.021247
04013113601,0.020642
04013113602,0.140242
04013113701,0.018741
04013113702,0.019969
04013113800,0.04627
04013113900,0.041071
04013114000,0.02777
04013114100,0.045262
04013114200,0.017956
04013114301,0.024261
04013114302,0.017157
04013114401,0.031253
04013114402,0.02492
04013114500,0.019223
04013114600,0.018645
04013114704,0.169866
04013114705,0.260842
04013114800,0.08471
04013114900,0.019312
04013115200,0.026701
04013115300,0.044984
04013115400,0.022414
04013115500,0.01873
04013115600,0.017713
04013115700,0.019759
04013115801,0.023479
04013115802,0.018761
04013115900,0.018473
04013116000,0.018778
04013116100,0.019339
04013116202,0.019028
04013116203,0.034944
04013116204,0.029037
04013116205,0.022329
04013116300,0.018075
04013116400,0.028629
04013116500,0.019261
04013116605,0.019668
04013116606,0.046867
04013116607,0.022692
04013116610,0.076041
04013116611,0.030171
04013116612,0.014521
04013116614,0.02055
04013116615,0.019498
04013116616,0.025673
04013116617,0.082871
04013116618,0.022897
04013116619,0.015014
04013116620,0.019871
04013116621,0.017285
04013116703,0.021045
04013116707,0.019733
04013116708,0.038856
04013116709,0.022424
04013116710,0.015536
04013116711,0.018857
04013116712,0.021985
04013116713,0.018938
04013116714,0.015718
04013116715,0.019971
04013116717,0.043612
04013116718,0.03816
04013116719,0.02025
04013116720,0.019404
04013116721,0.019839
04013116725,0.025467
04013116727,0.032548
04013116728,0.014573
04013116729,0.042378
04013116730,0.091475
04013116731,0.031637
04013116732,0.023898
04013116733,0.097329
04013116734,0.021507
04013116735,0.018214
04013116736,0.018415
04013116737,0.01886
04013116738,0.015133
04013116800,0.021155
04013116900,0.032969
04013117000,0.015261
04013117100,0.015498
04013117200,0.030907
04013117300,0.06429
04013216806,0.034987
04013216807,0.016605
04013216809,0.017228
04013216810,0.025843
04013216813,0.021393
04013216816,0.017076
04013216819,0.015278
04013216820,0.01725
04013216821,0.017702
04013216822,0.02061
04013216826,0.022464
04013216829,0.040243
04013216830,0.018127
04013216831,0.038274
04013216832,0.016165
04013216833,0.048896
04013216834,0.047107
04013216835,0.021202
04013216836,0.023531
04013216837,0.016947
04013216838,0.014575
04013216839,0.020672
04013216840,0.032992
04013216841,0.021977
04013216842,0.01756
04013216843,0.027733
04013216844,0.019588
04013216845,0.038632
04013216849,0.029815
04013216850,0.03678
04013216851,0.05363
04013216852,0.011919
04013216853,0.015687
04013216854,0.029328
04013216855,0.023926
04013216856,0.046119
04013216857,0.027324
04013216858,0.022721
04013216859,0.014883
04013216860,0.051499
04013216861,0.016663
04013216901,0.017562
04013216902,0.015201
04013217001,0.04365
04013217002,0.016257
04013217101,0.049251
04013217102,0.026539
04013217201,0.040145
04013217203,0.031548
04013217204,0.023916
04013217300,0.031326
04013217400,0.029106
04013217501,0.014748
04013217502,0.01831
04013217600,0.020535
04013217700,0.100099
04013217800,0.014847
04013217900,0.020364
04013218000,0.01805
04013218100,0.022686
04013218200,0.015541
04013218300,0.03434
04013318400,0.066796
04013318501,0.02072
04013318700,0.045403
04013318800,0.015385
04013318900,0.012427
04013319001,0.021287
04013319002,0.01564
04013319101,0.099575
04013319103,0.021771
04013319104,0.095426
04013319201,0.017184
04013319202,0.034119
04013319300,0.019644
04013319401,0.014982
04013319402,0.012668
04013319403,0.015613
04013319404,0.025336
04013319500,0.019214
04013319600,0.014437
04013319705,0.060803
04013319706,0.07032
04013319707,0.022464
04013319708,0.019307
04013319709,0.034341
04013319710,0.022402
04013319801,0.015827
04013319802,0.012699
04013319902,0.022369
04013319903,0.015405
04013319904,0.057859
04013319905,0.012772
04013319906,0.032411
04013319907,0.017226
04013319908,0.031243
04013319909,0.020278
04013319910,0.025247
04013320001,0.037353
04013320002,0.103372
04013320007,0.011893
04013320100,0.0253
04013420104,0.050247
04013420105,0.020423
04013420107,0.015109
04013420108,0.019899
04013420109,0.024786
04013420110,0.015577
04013420111,0.015256
04013420112,0.022427
04013420113,0.026183
04013420114,0.053107
04013420115,0.025954
04013420116,0.06683
04013420202,0.037905
04013420206,0.021975
04013420207,0.01758
04013420208,0.015595
04013420209,0.014847
04013420210,0.017801
04013420211,0.025617
04013420212,0.031587
04013420213,0.01488
04013420214,0.07424
04013420215,0.021025
04013420216,0.017124
04013420301,0.034648
04013420302,0.017848
04013420303,0.015367
04013420304,0.044663
04013420401,0.073181
04013420402,0.024549
04013420503,0.033201
04013420504,0.024672
04013420505,0.016409
04013420506,0.109698
04013420602,0.030582
04013420603,0.016768
04013420604,0.016138
04013420704,0.019229
04013420705,0.018459
04013420706,0.020661
04013420707,0.026298
04013420708,0.024454
04013420709,0.028259
04013420710,0.025949
04013420800,0.015362
04013420901,0.016532
04013420902,0.015311
04013421001,0.148206
04013421002,0.025179
04013421101,0.037944
04013421102,0.031143
04013421201,0.02076
04013421202,0.115316
04013421302,0.038145
04013421303,0.027265
04013421304,0.018217
04013421400,0.025074
04013421501,0.017271
04013421502,0.018509
04013421601,0.03509
04013421602,0.024679
04013421701,0.016849
04013421702,0.027319
04013421801,0.02179
04013421802,0.021337
04013421901,0.01665
04013421902,0.031407
04013422001,0.022395
04013422002,0.02355
04013422102,0.022127
04013422103,0.034244
04013422104,0.016112
04013422105,0.020187
04013422106,0.065695
04013422107,0.06786
04013422203,0.03682
04013422209,0.01683
04013422210,0.01363
04013422211,0.017131
04013422212,0.03515
04013422213,0.018694
04013422215,0.018702
04013422216,0.020244
04013422217,0.082225
04013422218,0.011422
04013422219,0.015403
04013422220,0.018587
04013422221,0.025294
04013422222,0.011914
04013422223,0.020889
04013422224,0.037632
04013422225,0.018523
04013422226,0.077689
04013422227,0.016467
04013422301,0.019817
04013422302,0.018626
04013422304,0.082638
04013422305,0.014853
04013422307,0.026864
04013422308,0.019596
04013422309,0.020645
04013422401,0.03279
04013422402,0.015335
04013422403,0.019611
04013422404,0.018768
04013422501,0.015284
04013422502,0.01971
04013422503,0.012432
04013422504,0.040685
04013422506,0.057195
04013422507,0.021315
04013422508,0.016437
04013422509,0.090264
04013422510,0.019934
04013422511,0.017912
04013422512,0.015533
04013422513,0.026009
04013422514,0.051702
04013422607,0.056751
04013422609,0.055076
04013422610,0.020918
04013422615,0.021425
04013422617,0.017122
04013422618,0.020338
04013422620,0.039018
04013422621,0.041055
04013422622,0.018166
04013422623,0.015699
04013422624,0.019329
04013422625,0.031008
04013422626,0.024089
04013422627,0.019516
04013422628,0.0281
04013422629,0.031389
04013422630,0.015919
04013422632,0.02799
04013422633,0.022734
04013422634,0.027802
04013422636,0.020868
04013422637,0.015071
04013422638,0.021554
04013422639,0.029456
04013422640,0.025973
04013422642,0.023046
04013422643,0.025184
04013422647,0.016003
04013422648,0.015439
04013422649,0.018211
04013422650,0.021125
04013422651,0.01928
04013422652,0.022695
04013422653,0.01731
04013422654,0.015046
04013422655,0.022497
04013422656,0.035069
04013422657,0.018309
04013422658,0.0185
04013422659,0.021807
04013422660,0.020928
04013522801,0.309051
04013522802,0.014742
04013522901,0.017436
04013522903,0.085641
04013522904,0.015516
04013523002,0.015966
04013523005,0.015968
04013523006,0.087878
04013523007,0.064078
04013523008,0.014779
04013523102,0.020765
04013523103,0.026035
04013523104,0.021344
04013610001,0.239824
04013610002,0.105044
04013610100,0.022967
04013610201,0.027095
04013610202,0.021099
04013610301,0.056192
04013610302,0.020308
04013610400,0.024011
04013610500,0.021167
04013610600,0.017219
04013610700,0.076496
04013610800,0.037292
04013610901,0.035812
04013610902,0.019956
04013610903,0.023794
04013611000,0.022865
04013611100,0.015311
04013611200,0.01587
04013611300,0.018334
04013611400,0.030569
04013611500,0.014922
04013611600,0.015605
04013611700,0.02987
04013611800,0.01785
04013611900,0.020586
04013612000,0.02138
04013612200,0.032329
04013612301,0.025383
04013612302,0.018527
04013612401,0.014493
04013612402,0.028254
04013612500,0.049588
04013612600,0.017396
04013612700,0.027733
04013612800,0.036533
04013612900,0.018354
04013613000,0.016011
04013613100,0.015186
04013613200,0.018596
04013613300,0.016476
04013613400,0.016878
04013613500,0.07548
04013613601,0.017356
04013613602,0.018629
04013613700,0.032958
04013613800,0.015072
04013613900,0.016938
04013614000,0.018223
04013614100,0.014958
04013614200,0.019776
04013614300,0.031623
04013614400,0.038707
04013614500,0.020429
04013614601,0.030268
04013614602,0.059773
04013614700,0.033258
04013614800,0.012506
04013614900,0.106957
04013615001,0.014713
04013615002,0.020691
04013615100,0.050228
04013615201,0.026544
04013615202,0.051985
04013615300,0.025492
04013615400,0.025061
04013615500,0.028077
04013615600,0.035417
04013615700,0.026076
04013615800,0.014728
04013615900,0.022967
04013616000,0.018499
04013616100,0.011936
04013616200,0.023847
04013616300,0.014862
04013616400,0.042674
04013616500,0.015703
04013616600,0.015072
04013616700,0.026781
04013616800,0.015516
04013616900,0.017791
04013617001,0.047258
04013617002,0.042832
04013617100,0.047353
04013617200,0.017729
04013617300,0.017589
04013617400,0.070088
04013617500,0.024682
04013617600,0.019902
04013617700,0.028009
04013617800,0.032262
04013617900,0.018294
04013618000,0.016288
04013618100,0.016032
04013618200,0.013848
04013618300,0.012689
04013618400,0.014307
04013618500,0.017354
04013618600,0.018616
04013618700,0.010981
04013618800,0.018999
04013618900,0.02524
04013619000,0.025611
04013619100,0.026027
04013619200,0.029893
04013619300,0.017872
04013619400,0.037857
04013619500,0.018692
04013619601,0.027229
04013619602,0.017066
04013619700,0.014692
04013619800,0.012762
04013619900,0.020452
04013723304,0.065422
04013723305,0.074327
04013723306,0.088403
04013723307,0.030317
04013723309,0.014086
04013723310,0.019331
04013723311,0.021561
04013810000,0.026951
04013810100,0.015755
04013810200,0.027442
04013810300,0.017857
04013810400,0.018125
04013810500,0.016179
04013810600,0.020626
04013810700,0.013664
04013810800,0.019238
04013810900,0.018238
04013811000,0.033566
04013811100,0.046353
04013811200,0.031554
04013811300,0.016116
04013811400,0.015504
04013811500,0.014989
04013811600,0.016537
04013811700,0.01522
04013811800,0.026345
04013811900,0.018868
04013812000,0.040291
04013812100,0.025421
04013812200,0.022313
04013812300,0.016247
04013812400,0.016786
04013812500,0.01982
04013812600,0.021223
04013812700,0.017119
04013812801,0.015416
04013812802,0.038104
04013812900,0.012885
04013813000,0.019351
04013813100,0.014604
04013813200,0.015975
04013813300,0.023314
04013813400,0.023513
04013813500,0.026068
04013813600,0.015772
04013813700,0.021505
04013813800,0.020944
04013813900,0.0208
04013814000,0.022398
04013814100,0.014889
04013814200,0.028643
04013814300,0.021075
04013814400,0.02028
04013814500,0.059815
04013814600,0.019094
04013814700,0.015367
04013814801,0.024443
04013814802,0.01835
04013814900,0.016371
04013815000,0.016666
04013815100,0.014166
04013815201,0.021424
04013815202,0.01461
04013815203,0.020396
04013815300,0.039467
04013815401,0.020859
04013815402,0.019362
04013815501,0.017922
04013815502,0.033411
04013815601,0.017867
04013815602,0.015295
04013815700,0.019508
04013815800,0.019917
04013815901,0.036789
04013815902,0.015236
04013816001,0.028513
04013816002,0.017196
04013816003,0.025573
04013816004,0.023716
04013816005,0.017477
04013816100,0.027591
04013816200,0.01486
04013816301,0.026514
04013816302,0.024834
04013816401,0.023586
04013816402,0.015395
04013816501,0.021836
04013816502,0.017392
04013816600,0.034191
04013816700,0.017104
04013816800,0.017799
04013816901,0.015148
04013816902,0.019557
04013816903,0.014695
04013816904,0.015345
04013817000,0.021497
04013817101,0.021357
04013817102,0.024238
04013817103,0.014587
04013817200,0.01695
04013817300,0.02887
04013817400,0.021554
04013817500,0.022899
04013817600,0.018445
04013940700,0.04339
04013941000,0.032722
04013941100,0.072806
04013941200,0.067334
04013941300,0.037823
04013980100,0.102794
04013980400,0.162102
04013980500,0.023702
04013980700,0.028282
04013980900,0.028798
04013981000,0.337305
04015954801,0.124061
04015954802,0.113541
04017940014,0.033887
04017940015,0.031586
04017940100,0.142639
04017940301,0.088746
04017940302,0.26056
04017960100,0.112051
04017960200,0.085814
04017960400,0.055049
04017960500,0.149519
04017960600,0.039293
04017961300,0.097053
04017961701,0.100676
04017961702,0.215574
04017962501,0.174764
04017962502,0.264351
04017963300,0.131839
04017963400,0.112079
04017963700,0.025757
04017963800,0.032366
04017964201,0.093228
04017964202,0.081618
04017964801,0.036764
04017964802,0.165311
04017964901,0.178313
04017964902,0.108857
04017965201,0.203641
04017965202,0.166502
04017965301,0.121304
04017965302,0.066016
04019000100,0.144203
04019000200,0.020967
04019000300,0.016257
04019000401,0.011767
04019000402,0.017731
04019000501,0.017309
04019000502,0.015919
04019000600,0.019013
04019000700,0.014426
04019000800,0.026259
04019001100,0.016319
04019001200,0.022171
04019001302,0.020094
04019001303,0.042215
04019001304,0.029789
04019001400,0.017015
04019001500,0.012763
04019001600,0.023517
04019001700,0.039056
04019001801,0.019988
04019001802,0.016449
04019001900,0.018263
04019002000,0.059587
04019002100,0.019345
04019002201,0.021393
04019002202,0.020776
04019002300,0.022071
04019002400,0.019387
04019002503,0.02685
04019002504,0.019191
04019002505,0.042272
04019002507,0.021102
04019002508,0.017811
04019002509,0.020339
04019002602,0.028262
04019002603,0.027472
04019002604,0.024956
04019002702,0.017606
04019002703,0.015535
04019002704,0.022091
04019002801,0.033288
04019002802,0.020053
04019002803,0.021088
04019002901,0.017167
04019002904,0.031153
04019002905,0.02447
04019002906,0.01606
04019003002,0.017497
04019003003,0.017389
04019003004,0.04455
04019003102,0.015157
04019003103,0.05572
04019003104,0.025512
04019003201,0.01461
04019003202,0.015336
04019003302,0.019944
04019003303,0.017681
04019003304,0.015905
04019003400,0.017572
04019003502,0.017982
04019003503,0.036862
04019003504,0.018542
04019003505,0.021944
04019003506,0.018167
04019003601,0.075284
04019003702,0.020071
04019003704,0.024508
04019003705,0.017955
04019003706,0.015309
04019003707,0.020149
04019003801,0.036891
04019003802,0.01926
04019003901,0.039187
04019003902,0.019255
04019003903,0.029852
04019004008,0.014848
04019004010,0.018348
04019004026,0.016152
04019004029,0.027952
04019004030,0.018508
04019004031,0.033383
04019004032,0.015591
04019004033,0.016031
04019004034,0.014482
04019004035,0.018919
04019004036,0.03025
04019004037,0.017743
04019004038,0.01462
04019004039,0.016237
04019004042,0.02608
04019004043,0.049908
04019004044,0.089842
04019004046,0.014814
04019004047,0.01606
04019004048,0.014971
04019004049,0.015051
04019004050,0.02451
04019004051,0.014708
04019004052,0.149754
04019004053,0.017487
04019004054,0.019164
04019004055,0.025284
04019004056,0.017661
04019004057,0.016007
04019004058,0.014709
04019004061,0.168225
04019004062,0.016474
04019004063,0.020217
04019004065,0.021129
04019004066,0.026405
04019004067,0.043682
04019004068,0.024511
04019004069,0.020379
04019004070,0.042667
04019004071,0.014681
04019004072,0.015166
04019004073,0.016849
04019004074,0.020274
04019004075,0.019097
04019004076,0.014839
04019004077,0.013715
04019004078,0.085364
04019004079,0.022223
04019004080,0.017111
04019004081,0.016724
04019004082,0.016183
04019004109,0.108886
04019004110,0.014863
04019004112,0.060562
04019004114,0.022697
04019004115,0.026333
04019004116,0.024472
04019004117,0.031671
04019004118,0.021644
04019004122,0.018032
04019004126,0.020395
04019004127,0.053206
04019004128,0.03266
04019004129,0.030276
04019004130,0.02737
04019004131,0.041168
04019004132,0.034696
04019004133,0.071476
04019004307,0.123086
04019004310,0.024354
04019004311,0.02186
04019004312,0.025181
04019004313,0.223156
04019004316,0.045311
04019004317,0.037592
04019004320,0.084935
04019004321,0.01794
04019004322,0.01829
04019004323,0.138445
04019004324,0.102225
04019004325,0.25677
04019004326,0.029252
04019004327,0.05273
04019004328,0.038778
04019004330,0.025307
04019004332,0.024253
04019004333,0.015331
04019004335,0.030353
04019004336,0.109034
04019004337,0.023855
04019004338,0.019834
04019004339,0.015495
04019004340,0.050133
04019004404,0.08421
04019004407,0.017733
04019004412,0.019387
04019004413,0.015759
04019004414,0.017401
04019004415,0.049999
04019004418,0.016588
04019004419,0.030296
04019004422,0.015953
04019004423,0.055708
04019004424,0.152497
04019004425,0.062335
04019004426,0.072103
04019004428,0.048735
04019004430,0.021842
04019004431,0.017446
04019004432,0.012859
04019004433,0.01462
04019004434,0.020035
04019004435,0.028274
04019004436,0.022403
04019004437,0.034048
04019004438,0.019147
04019004439,0.015809
04019004440,0.018505
04019004505,0.016749
04019004506,0.021044
04019004508,0.041569
04019004510,0.018149
04019004511,0.014904
04019004512,0.015768
04019004513,0.020105
04019004514,0.016362
04019004515,0.048595
04019004610,0.018113
04019004613,0.019493
04019004614,0.018955
04019004615,0.019402
04019004616,0.033627
04019004617,0.044569
04019004618,0.02758
04019004619,0.040472
04019004620,0.07322
04019004621,0.015548
04019004622,0.114328
04019004623,0.025268
04019004624,0.012301
04019004625,0.132445
04019004626,0.045979
04019004627,0.03276
04019004628,0.022864
04019004630,0.026176
04019004631,0.158923
04019004632,0.142013
04019004633,0.028012
04019004634,0.021496
04019004635,0.037916
04019004636,0.019592
04019004639,0.033942
04019004640,0.01898
04019004641,0.014725
04019004642,0.019176
04019004643,0.029304
04019004644,0.016541
04019004645,0.016961
04019004646,0.018814
04019004647,0.017976
04019004648,0.14981
04019004649,0.056118
04019004650,0.029004
04019004710,0.041849
04019004711,0.027085
04019004712,0.015265
04019004713,0.156961
04019004714,0.02025
04019004715,0.147158
04019004717,0.025534
04019004718,0.030602
04019004720,0.01857
04019004721,0.018741
04019004722,0.047636
04019004723,0.023826
04019004724,0.023761
04019004725,0.03555
04019004726,0.023679
04019004727,0.146032
04019004728,0.254282
04019004729,0.015259
04019004730,0.015558
04019005200,0.109975
04019005300,0.015899
04019005400,0.017659
04019940800,0.063396
04019940900,0.030938
04019941000,0.055243
04019941100,0.031929
04019980001,0.282614
04019980002,0.051795
04019980100,0.045673
04019980200,0.063409
04019980300,0.073644
04019980400,0.137767
04021000201,0.176457
04021000204,0.015838
04021000206,0.024867
04021000208,0.027053
04021000211,0.033826
04021000212,0.053777
04021000215,0.026054
04021000216,0.01734
04021000217,0.096296
04021000218,0.015068
04021000219,0.026865
04021000220,0.020359
04021000221,0.031988
04021000222,0.014865
04021000223,0.015117
04021000224,0.019443
04021000225,0.014936
04021000226,0.01542
04021000227,0.031343
04021000228,0.026047
04021000229,0.037541
04021000307,0.097599
04021000309,0.044019
04021000310,0.033354
04021000311,0.107974
04021000312,0.063913
04021000313,0.018427
04021000315,0.085345
04021000316,0.043209
04021000317,0.018095
04021000319,0.044894
04021000320,0.052894
04021000321,0.029184
04021000322,0.028701
04021000323,0.097233
04021000324,0.027067
04021000325,0.029121
04021000400,0.132398
04021000603,0.043736
04021000604,0.183616
04021000700,0.084504
04021000802,0.080593
04021000804,0.025993
04021000805,0.023756
04021000806,0.015388
04021000807,0.249032
04021000808,0.252243
04021000902,0.096811
04021000903,0.261789
04021000904,0.14761
04021001000,0.157579
04021001100,0.112474
04021001200,0.088495
04021001303,0.127906
04021001305,0.020237
04021001306,0.019007
04021001307,0.132438
04021001308,0.113812
04021001309,0.040213
04021001310,0.060303
04021001403,0.02917
04021001404,0.027323
04021001405,0.067063
04021001406,0.068007
04021001407,0.149973
04021001408,0.143608
04021001500,0.078182
04021001600,0.046338
04021001701,0.191015
04021001704,0.091405
04021001705,0.148421
04021001706,0.110865
04021001707,0.022124
04021001709,0.030322
04021001712,0.095562
04021001713,0.020869
04021001714,0.016236
04021001715,0.082097
04021001716,0.015248
04021001717,0.046356
04021001900,0.040428
04021002001,0.196264
04021002004,0.091865
04021002005,0.132933
04021002104,0.052983
04021002105,0.031378
04021002106,0.091875
04021002107,0.150733
04021002200,0.098212
04021002300,0.20219
04021002400,0.35741
04021941200,0.055186
04021941300,0.048439
04021941401,0.091929
04021941402,0.07569
04023966000,0.079951
04023966101,0.176249
04023966103,0.059533
04023966106,0.182042
04023966107,0.069519
04023966108,0.115232
04023966109,0.070079
04023966110,0.051977
04023966111,0.118746
04023966200,0.065874
04023966301,0.156727
04023966302,0.176131
04023966401,0.069965
04023966402,0.071004
04025000205,0.037611
04025000206,0.052208
04025000207,0.330182
04025000208,0.252311
04025000209,0.236261
04025000210,0.070249
04025000211,0.091837
04025000301,0.029087
04025000302,0.041771
04025000403,0.024619
04025000404,0.019676
04025000405,0.021881
04025000406,0.227073
04025000407,0.018602
04025000501,0.052885
04025000502,0.059118
04025000604,0.018709
04025000608,0.027444
04025000609,0.045093
04025000611,0.096393
04025000612,0.108196
04025000613,0.019551
04025000614,0.023832
04025000615,0.038548
04025000616,0.028468
04025000617,0.127858
04025000618,0.047587
04025000619,0.083365
04025000701,0.093896
04025000702,0.095922
04025000802,0.097464
04025000803,0.023597
04025000804,0.248498
04025000901,0.094333
04025000902,0.019805
04025001002,0.037967
04025001003,0.026245
04025001004,0.053462
04025001103,0.041105
04025001104,0.022799
04025001105,0.12446
04025001106,0.083379
04025001201,0.205192
04025001202,0.034683
04025001300,0.182209
04025001401,0.068853
04025001402,0.236525
04025001403,0.105789
04025001501,0.117438
04025001502,0.10024
04025001601,0.071813
04025001602,0.119329
04025001604,0.092402
04025001605,0.145478
04025001701,0.085599
04025001703,0.214158
04025001704,0.138084
04025001705,0.098402
04025001801,0.075692
04025001803,0.096818
04025001804,0.15989
04025001901,0.096714
04025001902,0.11343
04025001903,0.071231
04025001904,0.091862
04025002001,0.094971
04025002002,0.116367
04025002003,0.139869
04025002005,0.03195
04025002006,0.034695
04025002007,0.107339
04025002100,0.103391
04027012100,0.101813
04027980003,0.03915
04027980004,0.092649
35023970000,0.049919
06007000102,0.021732
06007000103,0.044693
06007000104,0.027057
06007000201,0.165372
06007000202,0.081953
06007000300,0.066377
06007000401,0.039382
06007000403,0.031231
06007000404,0.061654
06007000501,0.163466
06007000502,0.208553
06007000601,0.037556
06007000603,0.026179
06007000604,0.048561
06007000700,0.02484
06007000800,0.049883
06007000901,0.035369
06007000903,0.029436
06007000904,0.135753
06007001000,0.077263
06007001100,0.155701
06007001200,0.026128
06007001300,0.02832
06007001400,0.077279
06007001500,0.033523
06007001601,0.323
06007001602,0.254
06007001702,0.104209
06007001703,0.191
06007001704,0.027999
06007001800,0.132757
06007001900,0.095282
06007002000,0.19175
06007002100,0.125657
06007002200,0.249
06007002300,0.252
06007002401,0.079362
06007002402,0.094767
06007002500,0.066954
06007002601,0.22917
06007002602,0.141804
06007002700,0.054993
06007002800,0.037075
06007002900,0.03409
06007003001,0.17032
06007003002,0.033561
06007003100,0.245052
06007003200,0.028723
06007003300,0.039347
06007003400,0.098063
06007003501,0.031676
06007003502,0.12913
06007003600,0.101754
06007003700,0.149871
06011000100,0.101815
06011000200,0.083811
06011000301,0.144785
06011000302,0.133261
06011000400,0.057575
06011000500,0.185757
06015000202,0.17245
06017030601,0.184066
06017030603,0.227642
06017030604,0.092732
06017030605,0.193912
06017030606,0.185699
06017030701,0.028178
06017030706,0.023551
06017030709,0.020979
06017030710,0.019213
06017030801,0.052151
06017030901,0.067991
06017030902,0.047799
06017031000,0.132579
06017031100,0.092958
06017031700,0.026304
06021010101,0.162445
06021010102,0.167749
06021010200,0.129958
06021010300,0.091949
06021010401,0.115882
06021010402,0.164548
06021010501,0.074198
06021010502,0.135398
06023001200,0.032313
06023010102,0.151906
06023010902,0.0479
06023011600,0.107901
06023940000,0.200736
06033000100,0.084456
06033000300,0.055214
06033000401,0.020204
06033000402,0.038386
06033000501,0.083918
06033000502,0.05601
06033000601,0.075956
06033000602,0.139703
06033000702,0.100983
06033000703,0.039158
06033000704,0.042476
06033000801,0.026023
06033000802,0.027295
06033000901,0.030685
06033000902,0.04494
06033001000,0.090928
06033001101,0.055476
06033001102,0.055516
06033001200,0.037189
06033001301,0.066978
06033001302,0.104788
06035040100,0.126188
06035040200,0.060965
06035040302,0.149592
06035040303,0.088125
06035040304,0.221198
06035040305,0.034431
06035040400,0.1719
06035040500,0.105308
06035040600,0.127209
06045010100,0.136267
06045010200,0.129467
06045010601,0.211137
06045010602,0.181367
06045010801,0.07979
06045010802,0.03082
06045011700,0.068577
06045011800,0.15688
06049000100,0.18557
06049000200,0.052136
06049000300,0.15433
06055201800,0.175029
06057000102,0.036067
06057000104,0.049105
06057000105,0.116049
06057000106,0.182866
06057000107,0.125924
06057000200,0.049475
06057000300,0.146805
06057000401,0.036503
06057000403,0.252429
06057000404,0.039803
06057000502,0.049013
06057000503,0.028513
06057000504,0.061195
06057000601,0.053616
06057000602,0.079333
06057000701,0.229405
06057000702,0.193906
06057000801,0.197865
06057000802,0.131922
06057000900,0.141919
06061020200,0.041268
06061020300,0.147503
06061020401,0.072454
06061020402,0.194965
06061020501,0.144742
06061020502,0.056269
06061020601,0.028596
06061020604,0.041487
06061020605,0.088023
06061020606,0.037793
06061020607,0.022904
06061020608,0.042463
06061020710,0.020032
06061020711,0.031497
06061020712,0.027331
06061020713,0.080256
06061020714,0.028754
06061020715,0.01939
06061020717,0.030874
06061020805,0.029532
06061020806,0.038245
06061020901,0.032425
06061020908,0.094625
06061021003,0.025729
06061021034,0.024317
06061021037,0.040519
06061021038,0.017568
06061021039,0.025229
06061021040,0.034802
06061021043,0.034273
06061021044,0.020925
06061021045,0.021279
06061021046,0.027394
06061021047,0.018904
06061021048,0.024356
06061021103,0.034932
06061021106,0.027378
06061021108,0.111012
06061021109,0.043849
06061021122,0.02998
06061021123,0.024794
06061021128,0.036439
06061021129,0.033048
06061021130,0.055374
06061021131,0.027396
06061021203,0.027147
06061021204,0.136384
06061021304,0.052746
06061021323,0.019393
06061021324,0.025773
06061021325,0.019988
06061021326,0.019112
06061021327,0.025228
06061021328,0.02231
06061021401,0.021885
06061021403,0.023916
06061021501,0.162892
06061021502,0.145355
06061021603,0.149517
06061021604,0.189325
06061021801,0.225724
06061021802,0.123328
06061021901,0.084665
06061021902,0.03401
06061022002,0.112684
06061022013,0.209592
06061022014,0.209906
06061022400,0.037783
06061022500,0.022974
06061022600,0.026678
06061022800,0.032914
06061022900,0.032839
06061023000,0.021253
06061023100,0.030249
06061023200,0.023668
06061023300,0.022903
06061023400,0.030191
06061023501,0.02638
06061023502,0.020049
06061023600,0.029118
06061023700,0.060951
06061023800,0.020622
06061023900,0.092994
06063000100,0.110351
06063000201,0.094234
06063000202,0.10087
06063000300,0.108454
06063000400,0.166772
06063000501,0.166443
06063000502,0.142833
06067000100,0.06045
06067000200,0.058572
06067000300,0.019357
06067000400,0.032307
06067000501,0.126381
06067000502,0.256611
06067000600,0.020278
06067000700,0.03392
06067000800,0.046213
06067001102,0.09853
06067001103,0.057306
06067001201,0.047962
06067001202,0.021697
06067001300,0.019929
06067001400,0.02771
06067001500,0.025607
06067001601,0.017627
06067001602,0.051201
06067001702,0.071136
06067001800,0.017337
06067001900,0.062759
06067002000,0.026689
06067002100,0.051328
06067002200,0.047011
06067002300,0.063305
06067002400,0.021456
06067002500,0.021327
06067002600,0.02337
06067002700,0.082343
06067005301,0.049898
06067005402,0.028837
06067005403,0.083875
06067005404,0.030516
06067005502,0.021587
06067005505,0.023057
06067005506,0.021632
06067005508,0.057646
06067005509,0.030156
06067005510,0.024568
06067005601,0.029202
06067005605,0.023048
06067005606,0.024605
06067005701,0.027637
06067005702,0.03449
06067005801,0.016818
06067005803,0.019162
06067005901,0.02092
06067005903,0.01924
06067005904,0.024068
06067006002,0.024492
06067006003,0.091665
06067006004,0.020248
06067006101,0.090883
06067006102,0.02589
06067006202,0.038325
06067006203,0.043229
06067006204,0.020994
06067006300,0.023085
06067006400,0.031655
06067006501,0.04954
06067006502,0.038231
06067006600,0.026692
06067006703,0.020929
06067006704,0.025054
06067006705,0.038281
06067006706,0.034015
06067006801,0.02531
06067006802,0.02364
06067006803,0.039328
06067006901,0.093752
06067006902,0.063787
06067007001,0.036939
06067007007,0.025176
06067007010,0.048596
06067007011,0.031528
06067007012,0.028025
06067007013,0.024672
06067007016,0.024202
06067007017,0.037208
06067007019,0.047333
06067007020,0.063529
06067007021,0.046921
06067007022,0.062978
06067007023,0.018534
06067007024,0.044096
06067007025,0.029165
06067007026,0.018842
06067007027,0.020448
06067007028,0.030416
06067007101,0.087269
06067007103,0.022875
06067007105,0.025139
06067007106,0.021653
06067007107,0.074935
06067007108,0.017124
06067007109,0.032875
06067007110,0.020049
06067007111,0.024692
06067007202,0.02543
06067007204,0.023404
06067007206,0.020329
06067007207,0.055819
06067007208,0.030355
06067007209,0.029342
06067007301,0.023817
06067007402,0.033395
06067007403,0.089397
06067007413,0.044603
06067007414,0.018433
06067007415,0.025964
06067007416,0.031361
06067007417,0.021859
06067007422,0.046969
06067007423,0.076917
06067007424,0.020952
06067007426,0.028717
06067007427,0.027173
06067007428,0.03034
06067007429,0.024523
06067007430,0.026599
06067007431,0.01911
06067007432,0.017446
06067007434,0.021523
06067007435,0.044373
06067007436,0.0358
06067007437,0.021615
06067007438,0.030958
06067007439,0.022954
06067007501,0.071647
06067007503,0.064499
06067007504,0.09606
06067007602,0.028426
06067007603,0.023082
06067007604,0.040127
06067007701,0.026624
06067007702,0.023222
06067007801,0.040281
06067007802,0.026664
06067007903,0.031953
06067007904,0.016611
06067007905,0.032822
06067007906,0.032024
06067008005,0.031825
06067008006,0.028467
06067008007,0.059883
06067008008,0.041909
06067008009,0.021861
06067008010,0.022863
06067008111,0.047837
06067008113,0.075768
06067008117,0.017876
06067008119,0.028802
06067008120,0.022398
06067008122,0.027628
06067008124,0.051674
06067008125,0.019742
06067008127,0.049745
06067008128,0.101289
06067008129,0.048279
06067008130,0.028268
06067008131,0.104603
06067008132,0.101897
06067008133,0.047459
06067008134,0.068559
06067008135,0.118121
06067008136,0.069316
06067008137,0.025515
06067008138,0.048325
06067008139,0.078094
06067008140,0.023913
06067008141,0.031157
06067008142,0.027005
06067008143,0.029985
06067008144,0.024338
06067008145,0.061898
06067008203,0.02299
06067008204,0.041519
06067008206,0.031163
06067008207,0.020451
06067008208,0.028009
06067008209,0.027602
06067008210,0.053796
06067008211,0.019995
06067008402,0.021965
06067008403,0.033648
06067008404,0.030124
06067008501,0.026017
06067008504,0.069005
06067008505,0.037829
06067008506,0.083493
06067008507,0.023898
06067008508,0.032825
06067008509,0.036437
06067008510,0.033905
06067008512,0.020678
06067008702,0.021237
06067008703,0.053102
06067008909,0.046206
06067008912,0.044489
06067008913,0.022876
06067988300,0.021134
06089010100,0.108217
06089010200,0.029551
06089010300,0.072954
06089010400,0.062796
06089010500,0.044003
06089010601,0.036965
06089010602,0.121623
06089010603,0.079102
06089010702,0.074878
06089010703,0.082961
06089010704,0.036391
06089010803,0.030347
06089010804,0.020731
06089010805,0.021929
06089010806,0.105828
06089010807,0.071223
06089010900,0.054906
06089011001,0.057234
06089011002,0.152353
06089011100,0.024739
06089011209,0.045263
06089011300,0.027508
06089011401,0.043641
06089011402,0.02121
06089011403,0.025472
06089011501,0.050813
06089011502,0.025564
06089011600,0.126216
06089011701,0.087295
06089011702,0.203339
06089011703,0.14363
06089011801,0.057688
06089011802,0.077857
06089011803,0.072502
06089011900,0.030054
06089012000,0.104466
06089012101,0.046374
06089012102,0.055737
06089012200,0.068328
06089012301,0.142195
06089012302,0.033855
06089012303,0.026402
06089012400,0.049501
06089012500,0.145245
06089012603,0.140779
06089012604,0.036426
06089012605,0.06874
06089012606,0.075029
06089012701,0.134615
06089012702,0.09821
06091010000,0.078334
06093000300,0.057708
06093000701,0.155859
06093000800,0.147983
06093000901,0.12833
06093000902,0.150887
06093001001,0.184821
06093001002,0.199628
06093001003,0.074887
06093001100,0.133818
06093001200,0.154406
06093001300,0.123456
06097154100,0.081257
06101050101,0.026322
06101050102,0.044957
06101050201,0.041884
06101050202,0.029931
06101050301,0.056211
06101050302,0.024058
06101050401,0.025423
06101050402,0.040411
06101050403,0.058257
06101050501,0.151285
06101050503,0.204999
06101050504,0.259806
06101050601,0.099085
06101050603,0.025114
06101050604,0.120423
06101050701,0.167696
06101050702,0.090311
06101050800,0.063647
06101050900,0.093871
06101051000,0.110443
06101051100,0.076033
06103000100,0.188418
06103000201,0.174638
06103000202,0.048188
06103000300,0.093252
06103000400,0.162671
06103000500,0.168925
06103000600,0.142396
06103000701,0.123098
06103000702,0.106083
06103000800,0.121064
06103000900,0.081657
06103001000,0.055221
06103001101,0.17141
06103001102,0.172476
06105000101,0.143234
06105000102,0.121521
06105000200,0.112698
06105000500,0.072012
06113010102,0.066978
06113010103,0.022724
06113010104,0.031984
06113010105,0.033555
06113010201,0.028842
06113010203,0.070529
06113010204,0.068452
06113010313,0.02783
06113010315,0.028823
06113010401,0.115732
06113010505,0.092503
06113010800,0.153816
06113010901,0.078981
06113010902,0.218805
06113011001,0.093051
06113011002,0.048085
06113011101,0.026747
06113011102,0.072455
06113011103,0.043779
06113011203,0.023536
06113011204,0.019911
06113011207,0.119896
06113011208,0.077392
06113011209,0.049038
06113011210,0.017346
06113011211,0.021837
06113011400,0.104896
06113011500,0.086028
06115040100,0.102242
06115040201,0.227346
06115040202,0.150509
06115040301,0.028717
06115040302,0.039716
06115040304,0.028942
06115040305,0.021833
06115040400,0.02482
06115040500,0.041
06115040600,0.027519
06115040701,0.023864
06115040702,0.068719
06115040800,0.028471
06115040901,0.040771
06115040902,0.036658
06115041001,0.081322
06115041002,0.028355
06115041101,0.110073
06115041102,0.175395
48001950100,0.040176
48001950401,0.056193
48001950402,0.144614
48001950500,0.131449
48001950600,0.127679
48001950700,0.127076
48001950800,0.122517
48001950901,0.068809
48001950902,0.061124
48001951001,0.04085
48001951002,0.115623
48001951100,0.10262
48005000102,0.067072
48005000104,0.083461
48007950101,0.192819
48007950102,0.1298
48007950103,0.066999
48007950200,0.217444
48007950301,0.070832
48007950302,0.107427
48007950400,0.145986
48007950501,0.073758
48007950502,0.154078
48007950503,0.162617
48009020200,0.069549
48009020300,0.104174
48013960101,0.062448
48013960102,0.112871
48013960203,0.092363
48013960204,0.026599
48013960205,0.084958
48013960206,0.089235
48013960300,0.121206
48013960401,0.353963
48013960403,0.189639
48013960404,0.220804
48013960500,0.044634
48013960601,0.139975
48013960602,0.035294
48015760100,0.015954
48015760201,0.042767
48015760202,0.040789
48015760301,0.026089
48015760302,0.042255
48015760400,0.028815
48015760501,0.039686
48015760502,0.060327
48019000101,0.132765
48019000103,0.142875
48019000104,0.174836
48019000200,0.12255
48019000301,0.098736
48019000302,0.088441
48019000400,0.057293
48021950101,0.036469
48021950102,0.075557
48021950201,0.117889
48021950202,0.126147
48021950301,0.043837
48021950302,0.029463
48021950303,0.038763
48021950401,0.096161
48021950402,0.100371
48021950403,0.089292
48021950503,0.062543
48021950504,0.050323
48021950505,0.03747
48021950506,0.063891
48021950601,0.034566
48021950602,0.036155
48021950700,0.072527
48021950803,0.057168
48021950804,0.029902
48021950805,0.128606
48021950806,0.130582
48023950301,0.049472
48023950302,0.21311
48025950100,0.025531
48025950201,0.132068
48025950203,0.063328
48025950204,0.116389
48025950300,0.023305
48025950400,0.126397
48025950501,0.161079
48025950502,0.141166
48025950600,0.118643
48027020101,0.13114
48027020102,0.024939
48027020201,0.054623
48027020203,0.156961
48027020204,0.142875
48027020301,0.094994
48027020302,0.090645
48027020401,0.045798
48027020402,0.081079
48027020500,0.127796
48027020600,0.111207
48027020701,0.119086
48027020702,0.028055
48027020800,0.110107
48027020900,0.114863
48027021000,0.059548
48027021101,0.075164
48027021102,0.024863
48027021201,0.12097
48027021202,0.048747
48027021203,0.097781
48027021301,0.032481
48027021302,0.059341
48027021304,0.035036
48027021305,0.020846
48027021400,0.055271
48027021501,0.025993
48027021502,0.058422
48027021601,0.080847
48027021602,0.158545
48027021701,0.029183
48027021702,0.154325
48027021801,0.103397
48027021802,0.041602
48027021901,0.064013
48027021905,0.031457
48027021906,0.028712
48027021907,0.023167
48027021908,0.024782
48027022001,0.11796
48027022002,0.025967
48027022101,0.01654
48027022103,0.024183
48027022104,0.029033
48027022105,0.028489
48027022200,0.02389
48027022300,0.065883
48027022401,0.038822
48027022402,0.016073
48027022403,0.016262
48027022405,0.05716
48027022406,0.052979
48027022407,0.0136
48027022501,0.091022
48027022503,0.019829
48027022504,0.018281
48027022600,0.128513
48027022801,0.015874
48027022900,0.140678
48027023001,0.030224
48027023002,0.021569
48027023103,0.131773
48027023104,0.059273
48027023109,0.027474
48027023110,0.056757
48027023111,0.094739
48027023112,0.02697
48027023113,0.021103
48027023114,0.014683
48027023115,0.016737
48027023116,0.089288
48027023117,0.115966
48027023118,0.152615
48027023201,0.129927
48027023202,0.059565
48027023203,0.12375
48027023204,0.030879
48027023301,0.053148
48027023302,0.082934
48027023402,0.026061
48027023404,0.0324
48027023405,0.031737
48027023406,0.030585
48027023500,0.165733
48027980001,0.172798
48027980002,0.28535
48027980003,0.073038
48029110100,0.037935
48029110300,0.020225
48029110500,0.016375
48029110600,0.023011
48029110700,0.045513
48029111000,0.029825
48029111100,0.026215
48029120100,0.022023
48029120301,0.105441
48029120302,0.055535
48029120401,0.027069
48029120402,0.120175
48029120502,0.072537
48029120503,0.016704
48029120504,0.044901
48029120601,0.076999
48029120602,0.138913
48029120701,0.035041
48029120702,0.082554
48029120800,0.014735
48029120901,0.030603
48029120902,0.040245
48029121000,0.021213
48029121110,0.020441
48029121111,0.025537
48029121112,0.043587
48029121115,0.029982
48029121116,0.042657
48029121117,0.02268
48029121118,0.02745
48029121119,0.017806
48029121120,0.018629
48029121121,0.013837
48029121122,0.018827
48029121123,0.047698
48029121124,0.019926
48029121203,0.068305
48029121204,0.026758
48029121205,0.031033
48029121206,0.020458
48029121300,0.015351
48029121402,0.018292
48029121403,0.015906
48029121404,0.036284
48029121501,0.02426
48029121504,0.021329
48029121505,0.03857
48029121506,0.032834
48029121507,0.016339
48029121508,0.016991
48029121601,0.084254
48029121604,0.02314
48029121605,0.016708
48029121606,0.032275
48029121701,0.191647
48029121702,0.048234
48029121802,0.027136
48029121803,0.018003
48029121804,0.018925
48029121808,0.012746
48029121809,0.028504
48029121810,0.022297
48029121811,0.01445
48029121812,0.016196
48029121813,0.067067
48029121903,0.018739
48029121904,0.027424
48029121905,0.060431
48029121906,0.017067
48029121908,0.035142
48029121909,0.017103
48029121910,0.02448
48029121911,0.017566
48029121912,0.027185
48029130200,0.034542
48029130300,0.01704
48029130401,0.051494
48029130402,0.075158
48029130500,0.021851
48029130600,0.016317
48029130700,0.021509
48029130800,0.026223
48029130900,0.028397
48029131000,0.060155
48029131100,0.0219
48029131200,0.185229
48029131300,0.112218
48029131401,0.122086
48029131402,0.102292
48029131503,0.020693
48029131504,0.041921
48029131505,0.014602
48029131506,0.039313
48029131507,0.020517
48029131601,0.097986
48029131606,0.112364
48029131608,0.037521
48029131609,0.044352
48029131610,0.034979
48029131612,0.031133
48029131614,0.024788
48029131615,0.027068
48029131616,0.107009
48029131700,0.042361
48029131801,0.045726
48029131802,0.06806
48029140100,0.038603
48029140200,0.044521
48029140300,0.066085
48029140400,0.022933
48029140500,0.020431
48029140600,0.028369
48029140700,0.016282
48029140800,0.016869
48029140900,0.032
48029141000,0.025498
48029141101,0.047723
48029141102,0.037884
48029141200,0.015885
48029141300,0.056157
48029141402,0.116776
48029141403,0.094165
48029141404,0.02029
48029141600,0.095017
48029141700,0.065655
48029141800,0.127045
48029141900,0.190202
48029150100,0.056734
48029150300,0.020176
48029150400,0.066765
48029150501,0.038681
48029150502,0.014639
48029150600,0.031245
48029150700,0.01862
48029150800,0.232843
48029150900,0.05789
48029151000,0.056251
48029151100,0.05427
48029151200,0.048874
48029151301,0.035431
48029151302,0.057864
48029151400,0.085726
48029151500,0.123735
48029151600,0.020202
48029151700,0.078373
48029151900,0.091444
48029152000,0.058361
48029152100,0.233485
48029152201,0.073058
48029152202,0.092983
48029160100,0.02263
48029160200,0.066868
48029160300,0.141836
48029160400,0.018264
48029160501,0.017984
48029160502,0.082801
48029160600,0.01542
48029160701,0.040294
48029160702,0.019305
48029160901,0.106926
48029160902,0.029301
48029161000,0.122895
48029161100,0.053491
48029161200,0.065132
48029161302,0.068815
48029161303,0.021589
48029161304,0.029034
48029161400,0.179335
48029161501,0.087766
48029161503,0.084396
48029161504,0.018329
48029161600,0.044038
48029161801,0.053128
48029161802,0.071655
48029161901,0.089623
48029161902,0.091793
48029162001,0.163248
48029162003,0.156583
48029162004,0.106376
48029170101,0.171855
48029170102,0.016732
48029170200,0.016659
48029170300,0.021343
48029170401,0.052673
48029170402,0.017028
48029170500,0.158277
48029170600,0.034221
48029170700,0.019739
48029170800,0.015872
48029170900,0.0169
48029171000,0.016337
48029171100,0.015905
48029171200,0.032113
48029171301,0.01722
48029171302,0.017282
48029171401,0.014587
48029171402,0.037564
48029171501,0.016489
48029171502,0.015864
48029171601,0.028303
48029171602,0.047463
48029171700,0.028646
48029171801,0.01973
48029171802,0.027916
48029171903,0.029632
48029171912,0.014925
48029171913,0.098709
48029171914,0.014854
48029171915,0.025804
48029171916,0.021399
48029171917,0.016187
48029171918,0.013333
48029171919,0.047852
48029171920,0.018572
48029171921,0.086846
48029171922,0.018481
48029171923,0.051395
48029171924,0.013485
48029171926,0.017149
48029171927,0.019801
48029171928,0.012502
48029171929,0.015337
48029172002,0.124793
48029172003,0.058515
48029172004,0.019409
48029172005,0.014749
48029172006,0.038483
48029172008,0.022855
48029172009,0.02621
48029180101,0.016675
48029180102,0.012839
48029180201,0.02578
48029180202,0.016729
48029180300,0.074671
48029180400,0.197574
48029180501,0.13847
48029180503,0.019232
48029180504,0.031152
48029180602,0.042946
48029180603,0.026535
48029180604,0.09765
48029180701,0.058543
48029180702,0.018834
48029180800,0.032114
48029180901,0.024045
48029180902,0.02724
48029181001,0.030349
48029181003,0.096426
48029181004,0.080064
48029181005,0.036087
48029181100,0.014948
48029181200,0.017703
48029181301,0.046902
48029181302,0.044038
48029181303,0.090552
48029181402,0.047576
48029181403,0.229479
48029181404,0.092765
48029181503,0.023418
48029181504,0.017242
48029181505,0.01628
48029181506,0.046668
48029181601,0.033659
48029181602,0.022658
48029181703,0.039014
48029181704,0.103287
48029181705,0.06282
48029181711,0.013365
48029181712,0.039447
48029181713,0.013483
48029181715,0.012544
48029181716,0.049307
48029181718,0.012672
48029181720,0.040098
48029181721,0.045812
48029181722,0.02602
48029181723,0.014843
48029181724,0.090068
48029181725,0.040926
48029181726,0.014076
48029181727,0.019355
48029181729,0.01315
48029181730,0.0205
48029181731,0.012099
48029181732,0.02608
48029181733,0.011533
48029181808,0.017853
48029181809,0.020395
48029181811,0.115293
48029181813,0.019267
48029181814,0.016644
48029181815,0.07328
48029181816,0.013418
48029181817,0.017088
48029181818,0.016139
48029181819,0.015751
48029181820,0.021329
48029181821,0.042514
48029181822,0.052832
48029181823,0.034518
48029181824,0.01095
48029181825,0.060066
48029181826,0.013872
48029181901,0.021321
48029181902,0.018276
48029182001,0.033162
48029182002,0.121494
48029182003,0.021567
48029182101,0.040483
48029182102,0.021317
48029182103,0.145418
48029182105,0.049286
48029182106,0.101499
48029190100,0.03351
48029190200,0.015624
48029190400,0.01422
48029190501,0.028215
48029190503,0.017289
48029190504,0.058465
48029190601,0.048608
48029190603,0.016942
48029190604,0.024779
48029190700,0.019839
48029190800,0.025912
48029190901,0.019823
48029190902,0.072806
48029191003,0.015681
48029191004,0.017413
48029191005,0.042253
48029191006,0.018043
48029191101,0.020432
48029191102,0.022131
48029191201,0.014514
48029191202,0.019945
48029191303,0.015554
48029191304,0.020106
48029191405,0.012486
48029191406,0.025225
48029191408,0.023425
48029191409,0.024211
48029191410,0.054126
48029191411,0.015169
48029191412,0.012745
48029191413,0.016536
48029191503,0.017231
48029191504,0.047799
48029191505,0.01838
48029191506,0.030601
48029191701,0.121594
48029191702,0.024322
48029191804,0.025239
48029191806,0.015926
48029191807,0.014857
48029191808,0.023388
48029191809,0.042306
48029191810,0.015509
48029191811,0.013833
48029191812,0.013653
48029191813,0.014963
48029191814,0.018584
48029191815,0.033172
48029191816,0.03376
48029191818,0.023105
48029191819,0.013013
48029191900,0.032513
48029192000,0.065879
48029192100,0.041937
48029192200,0.152806
48029192300,0.019848
48029980001,0.066258
48029980002,0.183917
48029980003,0.067872
48029980004,0.078292
48029980005,0.027204
48029980100,0.039766
48031950101,0.136956
48031950102,0.100277
48031950201,0.098889
48031950202,0.097603
48033950100,0.17505
48035950100,0.050346
48035950200,0.143051
48035950300,0.213143
48035950400,0.118128
48035950500,0.059563
48035950600,0.202548
48035950700,0.066143
48039660100,0.027683
48039660200,0.050633
48039660301,0.030303
48039660302,0.008719
48039660303,0.019498
48039660401,0.020719
48039660402,0.015402
48039660403,0.056802
48039660501,0.15117
48039660502,0.010432
48039660503,0.039203
48039660504,0.010088
48039660603,0.009545
48039660604,0.009104
48039660605,0.00872
48039660606,0.020072
48039660607,0.014383
48039660608,0.018844
48039660609,0.009024
48039660610,0.028808
48039660611,0.021482
48039660612,0.010236
48039660613,0.009407
48039660614,0.160878
48039660615,0.012791
48039660616,0.009073
48039660703,0.016112
48039660704,0.017556
48039660705,0.010207
48039660706,0.032518
48039660707,0.00957
48039660708,0.046752
48039660803,0.008979
48039660804,0.08244
48039660805,0.00856
48039660806,0.027847
48039660901,0.123898
48039660902,0.037681
48039661000,0.111011
48039661100,0.117654
48039661200,0.129253
48039661300,0.138334
48039661400,0.032938
48039661501,0.052253
48039661502,0.075773
48039661601,0.209496
48039661602,0.062325
48039661700,0.110945
48039661800,0.086894
48039661901,0.037737
48039661902,0.020596
48039662000,0.018129
48039662100,0.081932
48039662200,0.127592
48039662300,0.167005
48039662400,0.130377
48039662500,0.06176
48039662600,0.145246
48039662700,0.038101
48039662800,0.020322
48039662900,0.078325
48039663000,0.126162
48039663100,0.075367
48039663200,0.010319
48039663300,0.018783
48039663400,0.029742
48039663500,0.016834
48039663600,0.013023
48039663700,0.076592
48039663800,0.034442
48039663900,0.052588
48039664000,0.072477
48039664100,0.021637
48039664200,0.076401
48039664300,0.029234
48039664400,0.029474
48039664501,0.022748
48039990000,0.030016
48041000103,0.247655
48041000104,0.181716
48041000105,0.01777
48041000106,0.151315
48041000107,0.011208
48041000108,0.203053
48041000203,0.027937
48041000204,0.018336
48041000205,0.068165
48041000206,0.02649
48041000207,0.060307
48041000301,0.08688
48041000302,0.086007
48041000401,0.075308
48041000402,0.040456
48041000501,0.138939
48041000502,0.034044
48041000603,0.01738
48041000605,0.014957
48041000606,0.017225
48041000700,0.011271
48041000800,0.02427
48041000900,0.014672
48041001001,0.014973
48041001002,0.014794
48041001101,0.009911
48041001102,0.015293
48041001301,0.017062
48041001302,0.052491
48041001303,0.088779
48041001401,0.02651
48041001604,0.009867
48041001605,0.016005
48041001606,0.030068
48041001607,0.108358
48041001608,0.009223
48041001702,0.082011
48041001703,0.087202
48041001704,0.065365
48041001801,0.026186
48041001803,0.009031
48041001804,0.012062
48041001901,0.025699
48041001902,0.022078
48041002001,0.036031
48041002006,0.029227
48041002009,0.023723
48041002010,0.045933
48041002011,0.020099
48041002014,0.018612
48041002016,0.033985
48041002017,0.021134
48041002018,0.012442
48041002019,0.008524
48041002020,0.019227
48041002021,0.010697
48041002022,0.013003
48041002023,0.013825
48041002024,0.011797
48041002025,0.055162
48041002026,0.186761
48041002100,0.009721
48041980000,0.014071
48047950100,0.093039
48047950200,0.110017
48049950100,0.050372
48049950201,0.049874
48049950202,0.188482
48049950300,0.173373
48049950500,0.037093
48049950600,0.137258
48049950700,0.066299
48049950800,0.112049
48049950900,0.034024
48049951000,0.025092
48049951100,0.077396
48049951200,0.152226
48049951300,0.036841
48051970100,0.102033
48051970201,0.049987
48051970202,0.039047
48051970300,0.14694
48051970400,0.066824
48051970501,0.163513
48051970502,0.026322
48053960101,0.031725
48053960102,0.054672
48053960200,0.156875
48053960301,0.185894
48053960302,0.160513
48053960401,0.075826
48053960402,0.079733
48053960501,0.065541
48053960502,0.063573
48053960600,0.031603
48053960701,0.07885
48053960702,0.094266
48053960801,0.099643
48053960802,0.203851
48053960803,0.038075
48055960102,0.035759
48055960103,0.135991
48055960104,0.196296
48055960200,0.073146
48055960300,0.169874
48055960400,0.116404
48055960501,0.088441
48055960502,0.141849
48055960600,0.129315
48055960701,0.112343
48055960702,0.131246
48057000100,0.077153
48057000200,0.144046
48057000300,0.224017
48057000401,0.082013
48057000402,0.111772
48057000501,0.142113
48057000502,0.172334
48057990000,0.032184
48059030101,0.032003
48059030102,0.03475
48059030200,0.054193
48061010101,0.018591
48061010102,0.277882
48061010103,0.034416
48061010201,0.031066
48061010204,0.092034
48061010205,0.081036
48061010301,0.027489
48061010303,0.023099
48061010304,0.024059
48061010403,0.184413
48061010404,0.010147
48061010405,0.021708
48061010406,0.014638
48061010500,0.044535
48061010602,0.254996
48061010603,0.089435
48061010604,0.120586
48061010700,0.072166
48061010801,0.057132
48061010802,0.027739
48061010900,0.155373
48061011000,0.058672
48061011100,0.076629
48061011200,0.127318
48061011301,0.126432
48061011302,0.25496
48061011401,0.067592
48061011402,0.18347
48061011500,0.139121
48061011601,0.023431
48061011602,0.043238
48061011701,0.116208
48061011702,0.125994
48061011801,0.081475
48061011802,0.013399
48061011903,0.022026
48061011904,0.046334
48061011905,0.149802
48061011906,0.026449
48061011907,0.054534
48061011908,0.020006
48061012002,0.026996
48061012003,0.018526
48061012004,0.038983
48061012103,0.031543
48061012104,0.024453
48061012105,0.017339
48061012106,0.014913
48061012201,0.040309
48061012202,0.02551
48061012203,0.016858
48061012301,0.019145
48061012304,0.052257
48061012305,0.058395
48061012402,0.122614
48061012403,0.041458
48061012404,0.069202
48061012506,0.02722
48061012508,0.043307
48061012509,0.022223
48061012510,0.066172
48061012511,0.113923
48061012512,0.259304
48061012513,0.087475
48061012514,0.009128
48061012515,0.023737
48061012516,0.014985
48061012517,0.008919
48061012607,0.022152
48061012608,0.085492
48061012613,0.045118
48061012614,0.027268
48061012615,0.011058
48061012616,0.008714
48061012617,0.014464
48061012700,0.149828
48061012800,0.030139
48061012900,0.218188
48061013002,0.03433
48061013003,0.044398
48061013004,0.136768
48061013102,0.051184
48061013104,0.019746
48061013106,0.093946
48061013203,0.091385
48061013204,0.017385
48061013205,0.12346
48061013206,0.133059
48061013207,0.060022
48061013303,0.198468
48061013305,0.013765
48061013306,0.018148
48061013307,0.022978
48061013308,0.031743
48061013309,0.012593
48061013401,0.091383
48061013402,0.078555
48061013500,0.057087
48061013600,0.254361
48061013700,0.05707
48061013801,0.008838
48061013802,0.013347
48061013901,0.00908
48061013902,0.109944
48061013903,0.020284
48061014001,0.013227
48061014002,0.03085
48061014101,0.008799
48061014102,0.010809
48061014103,0.017563
48061014201,0.136921
48061014202,0.08973
48061014300,0.158089
48061014401,0.057126
48061014402,0.039765
48061014403,0.011275
48061014404,0.012183
48061014501,0.009916
48061014502,0.00877
48061980001,0.066548
48061980100,0.403309
48063950101,0.074247
48063950102,0.176703
48063950200,0.140351
48073950100,0.161885
48073950201,0.105804
48073950202,0.221575
48073950301,0.14956
48073950302,0.1668
48073950400,0.197173
48073950500,0.201594
48073950600,0.177292
48073950700,0.201233
48073950801,0.127579
48073950802,0.163228
48073950900,0.171841
48073951000,0.149486
48073951100,0.157061
48077030302,0.057805
48081950100,0.052904
48081950200,0.161231
48083950300,0.12696
48083950600,0.137782
48083950700,0.0397
48085030101,0.027313
48085030102,0.065682
48085030201,0.047541
48085030202,0.037582
48085030204,0.143587
48085030205,0.101134
48085030206,0.085475
48085030207,0.07684
48085030301,0.020132
48085030302,0.01428
48085030303,0.026565
48085030304,0.021609
48085030306,0.031526
48085030307,0.029954
48085030403,0.030613
48085030404,0.015239
48085030405,0.014636
48085030406,0.014914
48085030407,0.039389
48085030409,0.018541
48085030410,0.018608
48085030504,0.029284
48085030505,0.022688
48085030506,0.012616
48085030507,0.035382
48085030509,0.0107
48085030510,0.011366
48085030511,0.013549
48085030512,0.014864
48085030515,0.013171
48085030516,0.011248
48085030517,0.026145
48085030518,0.018734
48085030519,0.020611
48085030520,0.010073
48085030521,0.010112
48085030524,0.014319
48085030525,0.010229
48085030529,0.027441
48085030531,0.020141
48085030532,0.019356
48085030533,0.010241
48085030534,0.013307
48085030535,0.01642
48085030536,0.010066
48085030537,0.015889
48085030538,0.024301
48085030539,0.015419
48085030540,0.023094
48085030541,0.012135
48085030542,0.015844
48085030543,0.012861
48085030544,0.02639
48085030545,0.034085
48085030546,0.013938
48085030547,0.027752
48085030548,0.016048
48085030549,0.027948
48085030550,0.013988
48085030604,0.02443
48085030605,0.045442
48085030606,0.020802
48085030607,0.021844
48085030608,0.040531
48085030609,0.014653
48085030701,0.071513
48085030702,0.039837
48085030801,0.027916
48085030802,0.020957
48085030901,0.13489
48085030902,0.034453
48085030903,0.01964
48085031003,0.039222
48085031005,0.02274
48085031006,0.098771
48085031007,0.031657
48085031008,0.026642
48085031101,0.118453
48085031102,0.109937
48085031201,0.029816
48085031202,0.024104
48085031308,0.020546
48085031314,0.016878
48085031318,0.022875
48085031319,0.018981
48085031320,0.015324
48085031321,0.014185
48085031322,0.029614
48085031323,0.012373
48085031324,0.012777
48085031325,0.035268
48085031326,0.019944
48085031327,0.026156
48085031328,0.020255
48085031329,0.010933
48085031330,0.015939
48085031331,0.010448
48085031332,0.035358
48085031333,0.017418
48085031334,0.020978
48085031335,0.052293
48085031336,0.020571
48085031408,0.024905
48085031411,0.015082
48085031412,0.020894
48085031413,0.020631
48085031414,0.01083
48085031415,0.037166
48085031416,0.034419
48085031417,0.012465
48085031418,0.020018
48085031419,0.018137
48085031420,0.017831
48085031421,0.018259
48085031422,0.01064
48085031423,0.045184
48085031424,0.012908
48085031425,0.013383
48085031504,0.009106
48085031507,0.047882
48085031508,0.016096
48085031509,0.022429
48085031510,0.020291
48085031511,0.017771
48085031512,0.014945
48085031611,0.027404
48085031613,0.013073
48085031621,0.028576
48085031622,0.018139
48085031623,0.012099
48085031624,0.033249
48085031625,0.012356
48085031626,0.016474
48085031627,0.012667
48085031628,0.01102
48085031629,0.014848
48085031630,0.011613
48085031631,0.019593
48085031632,0.014388
48085031633,0.020806
48085031634,0.010513
48085031635,0.016663
48085031636,0.013277
48085031639,0.014124
48085031641,0.010832
48085031642,0.011712
48085031643,0.012986
48085031645,0.043943
48085031646,0.012555
48085031647,0.020454
48085031649,0.020273
48085031654,0.015368
48085031655,0.025146
48085031657,0.020006
48085031659,0.014053
48085031660,0.014976
48085031661,0.021113
48085031662,0.015986
48085031663,0.030483
48085031664,0.013984
48085031665,0.021214
48085031666,0.018386
48085031667,0.036341
48085031668,0.024601
48085031669,0.012832
48085031670,0.0216
48085031671,0.040062
48085031672,0.0128
48085031673,0.020273
48085031674,0.012899
48085031675,0.011146
48085031676,0.009652
48085031677,0.011896
48085031678,0.016463
48085031679,0.013922
48085031680,0.035016
48085031681,0.012491
48085031682,0.013933
48085031704,0.024715
48085031706,0.034299
48085031708,0.036669
48085031709,0.020848
48085031711,0.02569
48085031713,0.069737
48085031715,0.064139
48085031716,0.067147
48085031717,0.120517
48085031718,0.01551
48085031719,0.013438
48085031720,0.076741
48085031721,0.021396
48085031722,0.119913
48085031723,0.064284
48085031724,0.045868
48085031806,0.023266
48085031807,0.013753
48085031808,0.014396
48085031809,0.018482
48085031810,0.032721
48085031811,0.041878
48085031812,0.015074
48085031813,0.014592
48085031814,0.011206
48085031815,0.014396
48085031816,0.031593
48085031901,0.015869
48085031902,0.03573
48085031903,0.02089
48085031904,0.025288
48085032003,0.01755
48085032008,0.017586
48085032010,0.032736
48085032012,0.015344
48085032013,0.033091
48085032014,0.013241
48085032015,0.020458
48085032016,0.018711
48085032017,0.018323
48085032018,0.046487
48085032019,0.01785
48089750100,0.072291
48089750200,0.089246
48089750300,0.025679
48089750400,0.029842
48089750500,0.039057
48091310100,0.077942
48091310200,0.011959
48091310301,0.217715
48091310302,0.149903
48091310401,0.040579
48091310404,0.013193
48091310405,0.062243
48091310406,0.055918
48091310501,0.080791
48091310502,0.033882
48091310503,0.109454
48091310603,0.033141
48091310604,0.043435
48091310608,0.025422
48091310609,0.027598
48091310610,0.151798
48091310611,0.043759
48091310612,0.062414
48091310613,0.028916
48091310614,0.036055
48091310702,0.112846
48091310703,0.07228
48091310705,0.158682
48091310706,0.043151
48091310707,0.092143
48091310708,0.04561
48091310801,0.036663
48091310803,0.034777
48091310804,0.040896
48091310901,0.070434
48091310903,0.087964
48091310904,0.065395
48091310905,0.029726
48093950101,0.148054
48093950102,0.110902
48093950200,0.049718
48093950300,0.117306
48093950400,0.16172
48095950300,0.101667
48097000100,0.13573
48097000200,0.075765
48097000400,0.077885
48097000500,0.030119
48097000600,0.149517
48097000701,0.032847
48097000702,0.058193
48097000900,0.040427
48097001100,0.047262
48099010101,0.054881
48099010102,0.034293
48099010201,0.086729
48099010202,0.102559
48099010300,0.164632
48099010400,0.047554
48099010501,0.019986
48099010502,0.021977
48099010503,0.035549
48099010504,0.083753
48099010601,0.01916
48099010603,0.018865
48099010604,0.017572
48099010701,0.02717
48099010702,0.232082
48099010802,0.093215
48099010803,0.096227
48099010804,0.100546
48099980000,0.033485
48105950100,0.058686
48107950100,0.058551
48107950200,0.039519
48107950300,0.046317
48113000100,0.136233
48113000201,0.070607
48113000202,0.05106
48113000300,0.054778
48113000401,0.019616
48113000405,0.050418
48113000407,0.029815
48113000408,0.021129
48113000409,0.051327
48113000410,0.016754
48113000501,0.035418
48113000502,0.021119
48113000503,0.056043
48113000605,0.013214
48113000606,0.076136
48113000607,0.011345
48113000608,0.031742
48113000609,0.012574
48113000610,0.014146
48113000611,0.020846
48113000703,0.058918
48113000704,0.021221
48113000705,0.019787
48113000706,0.047074
48113000801,0.014212
48113000802,0.030099
48113000901,0.036756
48113000902,0.060429
48113001001,0.024479
48113001002,0.031704
48113001101,0.03419
48113001102,0.051956
48113001202,0.066872
48113001203,0.20021
48113001204,0.167701
48113001301,0.016736
48113001302,0.034629
48113001400,0.068089
48113001502,0.0258
48113001503,0.01375
48113001504,0.015352
48113001601,0.015008
48113001602,0.013439
48113001703,0.039185
48113001705,0.016363
48113001801,0.040716
48113001802,0.039333
48113001901,0.043677
48113001902,0.035561
48113002001,0.052214
48113002002,0.016484
48113002100,0.02694
48113002200,0.022505
48113002400,0.056761
48113002500,0.037931
48113002703,0.102895
48113003102,0.026055
48113003103,0.103589
48113003700,0.109792
48113004201,0.033969
48113004202,0.013642
48113004300,0.014308
48113004400,0.029625
48113004500,0.024654
48113004600,0.013486
48113004700,0.032494
48113004800,0.01616
48113005000,0.0161
48113005100,0.017094
48113005200,0.014444
48113005300,0.012544
48113005400,0.016918
48113005500,0.024079
48113005600,0.022442
48113005700,0.029084
48113005901,0.024094
48113005902,0.020354
48113006001,0.015488
48113006002,0.035841
48113006100,0.021388
48113006200,0.086747
48113006301,0.028689
48113006302,0.020607
48113006401,0.013485
48113006402,0.058167
48113006501,0.012766
48113006502,0.021514
48113006701,0.015521
48113006702,0.030266
48113006800,0.025967
48113006900,0.018772
48113007101,0.040565
48113007102,0.026436
48113007203,0.027324
48113007204,0.108374
48113007205,0.027298
48113007206,0.054137
48113007301,0.056562
48113007302,0.048205
48113007601,0.027294
48113007604,0.016283
48113007605,0.036017
48113007701,0.034783
48113007702,0.045925
48113007801,0.027038
48113007805,0.016467
48113007809,0.058214
48113007810,0.01797
48113007812,0.029752
48113007815,0.026048
48113007819,0.064628
48113007821,0.031134
48113007822,0.027861
48113007823,0.032691
48113007824,0.014189
48113007825,0.017446
48113007826,0.026605
48113007827,0.038631
48113007828,0.085105
48113007829,0.015858
48113007830,0.074021
48113007831,0.049726
48113007832,0.152387
48113007833,0.019034
48113007834,0.037384
48113007835,0.088835
48113007902,0.04313
48113007903,0.045509
48113007906,0.023951
48113007909,0.044441
48113007910,0.05675
48113007912,0.054761
48113007913,0.045382
48113007914,0.037138
48113007915,0.106431
48113007916,0.043828
48113008000,0.036164
48113008101,0.190914
48113008102,0.15245
48113008200,0.147004
48113008401,0.046092
48113008402,0.025956
48113008500,0.032952
48113008604,0.047419
48113008701,0.053011
48113008703,0.023466
48113008704,0.040122
48113008705,0.061569
48113008801,0.016912
48113008802,0.031261
48113009001,0.059773
48113009002,0.021396
48113009101,0.055996
48113009103,0.013251
48113009104,0.042248
48113009105,0.118397
48113009202,0.019779
48113009203,0.072397
48113009204,0.01785
48113009301,0.025766
48113009303,0.048749
48113009304,0.022266
48113009401,0.014727
48113009402,0.015859
48113009500,0.01865
48113009603,0.018017
48113009604,0.050125
48113009605,0.031021
48113009607,0.015895
48113009608,0.015195
48113009609,0.023777
48113009610,0.066056
48113009611,0.021246
48113009701,0.020989
48113009702,0.010617
48113009802,0.020583
48113009803,0.026296
48113009804,0.02097
48113009900,0.061238
48113010001,0.052404
48113010002,0.125908
48113010003,0.027785
48113010101,0.035997
48113010102,0.019919
48113010500,0.016571
48113010601,0.018669
48113010602,0.055012
48113010701,0.020763
48113010704,0.016094
48113010804,0.01796
48113010805,0.029817
48113010806,0.024153
48113010807,0.017048
48113010808,0.017371
48113010809,0.030759
48113010903,0.020962
48113010904,0.022924
48113010905,0.022281
48113010906,0.018064
48113011002,0.021165
48113011003,0.012788
48113011004,0.035704
48113011101,0.019439
48113011103,0.017333
48113011104,0.016544
48113011105,0.025111
48113011201,0.027939
48113011202,0.024956
48113011300,0.028397
48113011401,0.021136
48113011500,0.050602
48113011601,0.133523
48113011603,0.043602
48113011604,0.024154
48113011701,0.016699
48113011702,0.022978
48113011801,0.021349
48113011802,0.017091
48113011901,0.013355
48113011902,0.042281
48113012000,0.050629
48113012101,0.025384
48113012102,0.021148
48113012206,0.016888
48113012207,0.016842
48113012208,0.072962
48113012209,0.048201
48113012210,0.023375
48113012211,0.026868
48113012212,0.027665
48113012213,0.012068
48113012301,0.07359
48113012302,0.054559
48113012400,0.042502
48113012501,0.115523
48113012502,0.115164
48113012601,0.113818
48113012603,0.076868
48113012604,0.068816
48113012701,0.06003
48113012702,0.123689
48113012801,0.184856
48113012802,0.06691
48113012900,0.067317
48113013005,0.032079
48113013007,0.037406
48113013008,0.014551
48113013009,0.021665
48113013010,0.037701
48113013011,0.025651
48113013012,0.028534
48113013013,0.038587
48113013101,0.015245
48113013102,0.010393
48113013104,0.025162
48113013106,0.014243
48113013107,0.035905
48113013201,0.022537
48113013202,0.034185
48113013300,0.022745
48113013400,0.036868
48113013500,0.013106
48113013605,0.018559
48113013606,0.015692
48113013607,0.017778
48113013608,0.019966
48113013609,0.021052
48113013610,0.013842
48113013611,0.034414
48113013615,0.094588
48113013617,0.052071
48113013618,0.039971
48113013619,0.011832
48113013620,0.046731
48113013621,0.148756
48113013622,0.069374
48113013624,0.034419
48113013625,0.067289
48113013626,0.082718
48113013627,0.130587
48113013628,0.018996
48113013629,0.044774
48113013630,0.287484
48113013631,0.068347
48113013715,0.017156
48113013716,0.016871
48113013717,0.014992
48113013718,0.014701
48113013719,0.04714
48113013720,0.034825
48113013721,0.016189
48113013722,0.026501
48113013725,0.16276
48113013726,0.034037
48113013727,0.014395
48113013728,0.013797
48113013729,0.020022
48113013804,0.018557
48113013805,0.021265
48113013806,0.017443
48113013807,0.026991
48113013808,0.027768
48113013901,0.016772
48113013902,0.013956
48113014001,0.02842
48113014002,0.021503
48113014119,0.015306
48113014120,0.012591
48113014121,0.019263
48113014123,0.025009
48113014124,0.021051
48113014126,0.013439
48113014128,0.010251
48113014130,0.022294
48113014132,0.010519
48113014134,0.031965
48113014135,0.012282
48113014138,0.014448
48113014139,0.010806
48113014140,0.014239
48113014141,0.011572
48113014142,0.011766
48113014143,0.045287
48113014144,0.026316
48113014145,0.026696
48113014146,0.019698
48113014147,0.02427
48113014148,0.017107
48113014149,0.009827
48113014150,0.04559
48113014151,0.015372
48113014152,0.094131
48113014153,0.023973
48113014154,0.017741
48113014155,0.014823
48113014156,0.010073
48113014157,0.019556
48113014158,0.012011
48113014159,0.024151
48113014160,0.012442
48113014161,0.020003
48113014203,0.013498
48113014204,0.015894
48113014205,0.047962
48113014207,0.033435
48113014208,0.041665
48113014209,0.035094
48113014306,0.013987
48113014308,0.016518
48113014309,0.069226
48113014310,0.013519
48113014313,0.046852
48113014314,0.00954
48113014315,0.016905
48113014316,0.101936
48113014317,0.017005
48113014318,0.013868
48113014319,0.058548
48113014320,0.038769
48113014405,0.015808
48113014406,0.03002
48113014407,0.020695
48113014408,0.026256
48113014409,0.031435
48113014410,0.019251
48113014501,0.016811
48113014502,0.025882
48113014601,0.013776
48113014602,0.019762
48113014603,0.012327
48113014701,0.021873
48113014704,0.022152
48113014903,0.05267
48113015001,0.016528
48113015002,0.025072
48113015101,0.016615
48113015102,0.013606
48113015202,0.083447
48113015205,0.031798
48113015206,0.012942
48113015207,0.101338
48113015208,0.011651
48113015303,0.030617
48113015304,0.052132
48113015305,0.015147
48113015306,0.016065
48113015403,0.030893
48113015404,0.080534
48113015405,0.029344
48113015406,0.034002
48113015500,0.030481
48113015600,0.030975
48113015700,0.04274
48113015900,0.044614
48113016001,0.052171
48113016002,0.016979
48113016100,0.046832
48113016201,0.017982
48113016203,0.074725
48113016204,0.012885
48113016301,0.135407
48113016302,0.027996
48113016406,0.017229
48113016407,0.018724
48113016409,0.01936
48113016410,0.022024
48113016412,0.016651
48113016414,0.019955
48113016415,0.013438
48113016416,0.016961
48113016417,0.012748
48113016418,0.090924
48113016419,0.021361
48113016420,0.011928
48113016421,0.130006
48113016511,0.015848
48113016513,0.014216
48113016516,0.012962
48113016517,0.018362
48113016518,0.017659
48113016519,0.017834
48113016521,0.071465
48113016522,0.068024
48113016524,0.021023
48113016525,0.018154
48113016526,0.02075
48113016527,0.017254
48113016528,0.02107
48113016529,0.015488
48113016530,0.023382
48113016531,0.02725
48113016532,0.023096
48113016533,0.053236
48113016534,0.027337
48113016535,0.050794
48113016536,0.016703
48113016607,0.027566
48113016610,0.014185
48113016615,0.02023
48113016616,0.025379
48113016617,0.015436
48113016618,0.019829
48113016619,0.027183
48113016620,0.019315
48113016621,0.018788
48113016622,0.019424
48113016623,0.015462
48113016624,0.040003
48113016626,0.014381
48113016627,0.01441
48113016628,0.027199
48113016629,0.04314
48113016630,0.01424
48113016631,0.029587
48113016632,0.088895
48113016633,0.024983
48113016634,0.047579
48113016635,0.050093
48113016636,0.023178
48113016637,0.028284
48113016638,0.020735
48113016704,0.124413
48113016706,0.022383
48113016707,0.027542
48113016708,0.016617
48113016709,0.026162
48113016710,0.017279
48113016711,0.051878
48113016802,0.04079
48113016803,0.019039
48113016805,0.019577
48113016806,0.034349
48113016902,0.028141
48113016903,0.023788
48113017005,0.045533
48113017006,0.019715
48113017007,0.019966
48113017008,0.039169
48113017009,0.047237
48113017010,0.01673
48113017101,0.025523
48113017102,0.070147
48113017201,0.021295
48113017203,0.054027
48113017204,0.041441
48113017307,0.039105
48113017308,0.013001
48113017309,0.015362
48113017310,0.014228
48113017311,0.018289
48113017312,0.011287
48113017313,0.030965
48113017314,0.017255
48113017315,0.016164
48113017400,0.013551
48113017500,0.080022
48113017602,0.016705
48113017604,0.054625
48113017605,0.014429
48113017606,0.023989
48113017703,0.017309
48113017704,0.022606
48113017705,0.031499
48113017706,0.016986
48113017805,0.023975
48113017806,0.02282
48113017808,0.044709
48113017811,0.052734
48113017812,0.066236
48113017814,0.047319
48113017815,0.014593
48113017816,0.037849
48113017817,0.046682
48113017818,0.014362
48113017819,0.040042
48113017820,0.036063
48113017900,0.056113
48113018001,0.054416
48113018002,0.068334
48113018105,0.017103
48113018110,0.020574
48113018111,0.086599
48113018120,0.014631
48113018121,0.022758
48113018126,0.082986
48113018127,0.072076
48113018128,0.084688
48113018129,0.047046
48113018130,0.049743
48113018132,0.042105
48113018133,0.109846
48113018134,0.02214
48113018135,0.013805
48113018137,0.018626
48113018138,0.013553
48113018140,0.082183
48113018141,0.032704
48113018142,0.03007
48113018143,0.051199
48113018144,0.022173
48113018145,0.040631
48113018146,0.016482
48113018147,0.009842
48113018148,0.028493
48113018149,0.019931
48113018150,0.014417
48113018151,0.02676
48113018152,0.03157
48113018153,0.010136
48113018154,0.027143
48113018155,0.015255
48113018156,0.040979
48113018157,0.019143
48113018158,0.124893
48113018159,0.019208
48113018203,0.027064
48113018204,0.016762
48113018205,0.012001
48113018206,0.015085
48113018300,0.021668
48113018401,0.031454
48113018402,0.038395
48113018403,0.082715
48113018501,0.050591
48113018505,0.047691
48113018506,0.023314
48113018507,0.018035
48113018508,0.021921
48113018600,0.015659
48113018700,0.129885
48113018801,0.013609
48113018802,0.023905
48113018900,0.024469
48113019013,0.016621
48113019016,0.106318
48113019018,0.012675
48113019019,0.037409
48113019020,0.039902
48113019023,0.01054
48113019024,0.011651
48113019025,0.231437
48113019026,0.017799
48113019027,0.022002
48113019028,0.013201
48113019029,0.032168
48113019031,0.017664
48113019032,0.021742
48113019033,0.027046
48113019034,0.017822
48113019035,0.016921
48113019036,0.147115
48113019037,0.024726
48113019039,0.020067
48113019040,0.017218
48113019041,0.015371
48113019042,0.021371
48113019044,0.020375
48113019045,0.033104
48113019046,0.014768
48113019047,0.03648
48113019048,0.012514
48113019049,0.034009
48113019050,0.041877
48113019051,0.02979
48113019052,0.01792
48113019053,0.078996
48113019101,0.038598
48113019102,0.049385
48113019202,0.016644
48113019203,0.019988
48113019205,0.015471
48113019208,0.019971
48113019210,0.017813
48113019211,0.017305
48113019212,0.017402
48113019213,0.055204
48113019214,0.014482
48113019215,0.017109
48113019216,0.024382
48113019301,0.017241
48113019302,0.022666
48113019400,0.011349
48113019501,0.104798
48113019502,0.017064
48113019600,0.030339
48113019700,0.017121
48113019800,0.034572
48113019900,0.023916
48113020000,0.02
48113020100,0.064136
48113020200,0.071507
48113020300,0.020452
48113020401,0.038148
48113020402,0.020417
48113020500,0.013688
48113020600,0.028656
48113020700,0.016306
48113020800,0.016542
48113020900,0.025219
48113021000,0.017106
48113021100,0.07198
48113021200,0.037417
48113980000,0.080583
48113980100,0.105147
48113980200,0.009578
48115950401,0.144003
48115950402,0.147422
48115950500,0.183586
48115950600,0.11007
48119950100,0.066212
48119950200,0.128344
48121020109,0.019485
48121020110,0.019146
48121020111,0.02061
48121020112,0.069502
48121020115,0.015099
48121020116,0.019529
48121020117,0.053986
48121020118,0.096642
48121020119,0.012212
48121020120,0.024153
48121020121,0.050803
48121020122,0.036447
48121020123,0.052383
48121020124,0.01407
48121020125,0.061301
48121020126,0.020264
48121020127,0.018669
48121020128,0.059573
48121020129,0.03369
48121020130,0.036758
48121020131,0.035374
48121020132,0.063811
48121020133,0.010889
48121020134,0.017719
48121020135,0.113752
48121020136,0.146002
48121020137,0.06765
48121020203,0.016398
48121020204,0.078024
48121020205,0.088488
48121020206,0.12867
48121020207,0.058027
48121020208,0.031675
48121020305,0.021816
48121020310,0.019632
48121020311,0.028057
48121020312,0.016477
48121020313,0.029466
48121020314,0.036952
48121020315,0.04677
48121020316,0.044711
48121020317,0.016251
48121020318,0.03016
48121020319,0.07316
48121020320,0.019089
48121020321,0.012012
48121020322,0.02035
48121020402,0.12913
48121020403,0.018641
48121020404,0.085941
48121020405,0.046212
48121020504,0.026286
48121020505,0.066537
48121020506,0.102948
48121020507,0.019983
48121020508,0.109831
48121020601,0.046421
48121020603,0.089
48121020604,0.030746
48121020605,0.061364
48121020700,0.015632
48121020800,0.04604
48121020900,0.01925
48121021000,0.014685
48121021100,0.03607
48121021202,0.022931
48121021203,0.138595
48121021204,0.020883
48121021301,0.155663
48121021304,0.016473
48121021305,0.044815
48121021306,0.046337
48121021307,0.012022
48121021410,0.025815
48121021411,0.087722
48121021412,0.064844
48121021413,0.077694
48121021414,0.109628
48121021415,0.035935
48121021416,0.009567
48121021417,0.022841
48121021418,0.012697
48121021419,0.018026
48121021420,0.022118
48121021421,0.021935
48121021422,0.014591
48121021423,0.017697
48121021502,0.033769
48121021505,0.016043
48121021512,0.023052
48121021513,0.041087
48121021514,0.011515
48121021516,0.024469
48121021517,0.182845
48121021518,0.030007
48121021520,0.012697
48121021521,0.060347
48121021522,0.02283
48121021526,0.014831
48121021528,0.015774
48121021529,0.010962
48121021530,0.016646
48121021531,0.032296
48121021532,0.015335
48121021533,0.009942
48121021534,0.012136
48121021535,0.018598
48121021536,0.043981
48121021537,0.03617
48121021538,0.010906
48121021539,0.016293
48121021540,0.011175
48121021611,0.02112
48121021612,0.018324
48121021613,0.014766
48121021614,0.025416
48121021615,0.018084
48121021616,0.019934
48121021618,0.019643
48121021619,0.01624
48121021620,0.033148
48121021621,0.019348
48121021622,0.012459
48121021626,0.019317
48121021630,0.011001
48121021631,0.020417
48121021632,0.012647
48121021633,0.012621
48121021634,0.02953
48121021635,0.012748
48121021637,0.021039
48121021638,0.013748
48121021639,0.017636
48121021640,0.010247
48121021641,0.044082
48121021642,0.040345
48121021643,0.014275
48121021644,0.019193
48121021645,0.08304
48121021646,0.01942
48121021647,0.026667
48121021648,0.009867
48121021649,0.035888
48121021650,0.017393
48121021651,0.016421
48121021652,0.014508
48121021653,0.019878
48121021654,0.05254
48121021655,0.019914
48121021715,0.014229
48121021716,0.028698
48121021717,0.012999
48121021719,0.035643
48121021720,0.019082
48121021721,0.008955
48121021722,0.014217
48121021723,0.01765
48121021724,0.010049
48121021725,0.034876
48121021726,0.010519
48121021727,0.011246
48121021728,0.064855
48121021729,0.014683
48121021730,0.009772
48121021731,0.009792
48121021732,0.209607
48121021733,0.058377
48121021734,0.076318
48121021735,0.016401
48121021736,0.01893
48121021737,0.032759
48121021738,0.0364
48121021739,0.07254
48121021740,0.013587
48121021741,0.013598
48121021742,0.02425
48121021743,0.06234
48121021744,0.019778
48121021745,0.015291
48121021746,0.027456
48121021748,0.036748
48121021749,0.01222
48121021750,0.024769
48121021751,0.012006
48121021752,0.008812
48121021754,0.024174
48121021755,0.018078
48121021756,0.052292
48121021757,0.038413
48121021758,0.013693
48121021759,0.03298
48121021800,0.017541
48121021900,0.015311
48123970100,0.053496
48123970201,0.183246
48123970202,0.068405
48123970300,0.076126
48123970400,0.054363
48123970500,0.062733
48125950300,0.103252
48127950201,0.139446
48127950202,0.090678
48127950400,0.141099
48131950100,0.035857
48131950200,0.043868
48131950500,0.032747
48133950100,0.051703
48133950201,0.037089
48133950202,0.046028
48133950301,0.123564
48133950302,0.093555
48133950400,0.050614
48133950500,0.039458
48137950300,0.133033
48139060103,0.045748
48139060104,0.023326
48139060105,0.030691
48139060106,0.032538
48139060206,0.069705
48139060207,0.053385
48139060209,0.017855
48139060211,0.026672
48139060212,0.021162
48139060215,0.020015
48139060216,0.073439
48139060217,0.018833
48139060218,0.021056
48139060219,0.025805
48139060220,0.01509
48139060221,0.015396
48139060300,0.012875
48139060400,0.08861
48139060500,0.031822
48139060601,0.060016
48139060602,0.022299
48139060702,0.039871
48139060704,0.065003
48139060801,0.023205
48139060802,0.036103
48139060803,0.046349
48139060900,0.027872
48139061000,0.088521
48139061100,0.037724
48139061200,0.084362
48139061300,0.054557
48139061401,0.054685
48139061402,0.023371
48139061500,0.074812
48139061600,0.04272
48139061700,0.049666
48143950100,0.073259
48143950201,0.085204
48143950203,0.056349
48143950204,0.029207
48143950301,0.11153
48143950302,0.113468
48143950401,0.187221
48143950402,0.091644
48143950501,0.12638
48143950502,0.14926
48143950600,0.155646
48143950700,0.130818
48145000200,0.13404
48145000300,0.169716
48145000400,0.170096
48145000500,0.051345
48145000700,0.036952
48145000800,0.058234
48147950100,0.060814
48147950300,0.065028
48147950401,0.189604
48147950402,0.112163
48147950500,0.155345
48147950600,0.242942
48147950701,0.044096
48147950702,0.076804
48147950800,0.062758
48149970100,0.054822
48149970200,0.125886
48149970301,0.145469
48149970302,0.089086
48149970400,0.079995
48149970500,0.044562
48149970601,0.040618
48149970602,0.080655
48149970700,0.070555
48151950300,0.049766
48151950400,0.148376
48155950100,0.044593
48157670101,0.009396
48157670102,0.019414
48157670201,0.008792
48157670202,0.009658
48157670300,0.053493
48157670400,0.009711
48157670500,0.05728
48157670602,0.009221
48157670603,0.011569
48157670604,0.010881
48157670700,0.047542
48157670801,0.094332
48157670802,0.019199
48157670803,0.014392
48157670804,0.159937
48157670902,0.146449
48157670903,0.097044
48157670904,0.00882
48157671001,0.009264
48157671002,0.010267
48157671101,0.037201
48157671102,0.010279
48157671200,0.015746
48157671300,0.013331
48157671401,0.01881
48157671402,0.016427
48157671501,0.016303
48157671502,0.02799
48157671601,0.02113
48157671602,0.012983
48157671700,0.015999
48157671800,0.016586
48157671900,0.010122
48157672002,0.040729
48157672003,0.00941
48157672004,0.008833
48157672100,0.059942
48157672201,0.072675
48157672202,0.01155
48157672303,0.026833
48157672304,0.008974
48157672305,0.029457
48157672306,0.010388
48157672401,0.033448
48157672402,0.017998
48157672500,0.012303
48157672602,0.008924
48157672603,0.008906
48157672604,0.010268
48157672701,0.009694
48157672702,0.00928
48157672703,0.011668
48157672801,0.036262
48157672802,0.052297
48157672901,0.016603
48157672902,0.008765
48157672903,0.019084
48157672904,0.028131
48157672905,0.015024
48157672906,0.012915
48157672907,0.008603
48157673004,0.009363
48157673005,0.009539
48157673006,0.010938
48157673007,0.012312
48157673008,0.009217
48157673009,0.026366
48157673010,0.008578
48157673103,0.028004
48157673104,0.009617
48157673105,0.044464
48157673106,0.012952
48157673107,0.015407
48157673108,0.010885
48157673109,0.010891
48157673110,0.00948
48157673111,0.009411
48157673112,0.011179
48157673113,0.008602
48157673201,0.00889
48157673202,0.016523
48157673300,0.014249
48157673401,0.009624
48157673402,0.012528
48157673403,0.01424
48157673404,0.023149
48157673501,0.032118
48157673502,0.013094
48157673600,0.031745
48157673700,0.067841
48157673801,0.172666
48157673802,0.074826
48157673902,0.01129
48157673903,0.010979
48157673904,0.147239
48157674001,0.010453
48157674002,0.011572
48157674100,0.009758
48157674200,0.010498
48157674301,0.009794
48157674302,0.010681
48157674401,0.009117
48157674402,0.016613
48157674403,0.011017
48157674404,0.025155
48157674503,0.009259
48157674504,0.010812
48157674505,0.046355
48157674506,0.012856
48157674507,0.025592
48157674508,0.037946
48157674601,0.042725
48157674602,0.064853
48157674603,0.022173
48157674604,0.028006
48157674701,0.118556
48157674702,0.018277
48157674800,0.018027
48157674900,0.187444
48157675000,0.115923
48157675101,0.012742
48157675102,0.041752
48157675200,0.15155
48157675300,0.13992
48157675401,0.120122
48157675402,0.130599
48157675501,0.045329
48157675502,0.011529
48157675503,0.009079
48157675600,0.019499
48157675701,0.02377
48157675702,0.014522
48157675800,0.04988
48159950101,0.067949
48159950102,0.055763
48159950200,0.09126
48159950300,0.097575
48161000101,0.058372
48161000102,0.204301
48161000200,0.16759
48161000300,0.1246
48161000400,0.061342
48161000600,0.043863
48161000700,0.100103
48161000900,0.201602
48163950101,0.042801
48163950102,0.03748
48163950201,0.123735
48163950202,0.0652
48163950301,0.130297
48163950302,0.103994
48167720100,0.009078
48167720200,0.020315
48167720301,0.026739
48167720302,0.011601
48167720400,0.029613
48167720501,0.009953
48167720504,0.009245
48167720505,0.022177
48167720506,0.008904
48167720507,0.009701
48167720508,0.012085
48167720509,0.07373
48167720510,0.023454
48167720511,0.020782
48167720512,0.01241
48167720601,0.010213
48167720602,0.010086
48167720603,0.009144
48167720604,0.01154
48167720605,0.048472
48167720701,0.056281
48167720702,0.044392
48167720703,0.022185
48167720800,0.015499
48167720900,0.058309
48167721101,0.015944
48167721203,0.098465
48167721204,0.009161
48167721205,0.010507
48167721206,0.113202
48167721209,0.07548
48167721301,0.009334
48167721302,0.0145
48167721401,0.00891
48167721403,0.009649
48167721501,0.05444
48167721502,0.022666
48167721901,0.015883
48167723300,0.012151
48167723401,0.118777
48167723402,0.018749
48167723403,0.020305
48167723503,0.178517
48167723504,0.174297
48167723505,0.024711
48169950101,0.083224
48169950102,0.040622
48169980000,0.264765
48171950100,0.10737
48171950200,0.036525
48171950301,0.216564
48171950302,0.142541
48171950401,0.125379
48171950402,0.22955
48171950500,0.175408
48173950100,0.064572
48175960100,0.098198
48175960200,0.044772
48177000100,0.14157
48177000200,0.097304
48177000300,0.174502
48177000400,0.170905
48177000500,0.127285
48177000600,0.042766
48181000101,0.055696
48181000102,0.055946
48181000302,0.067984
48181000304,0.055163
48181000600,0.076253
48181000700,0.160651
48181000800,0.016024
48181000901,0.130558
48181000903,0.038511
48181000904,0.031213
48181001101,0.02873
48181001103,0.106229
48181001104,0.046838
48181001200,0.016083
48181001300,0.155118
48181001400,0.09763
48181001500,0.114441
48181001700,0.029808
48181001801,0.046089
48181001802,0.029262
48181001803,0.076479
48181001901,0.074113
48181001902,0.034687
48181002000,0.033515
48183010100,0.026839
48183010201,0.128006
48183010202,0.043942
48183010401,0.091346
48183010402,0.047769
48183010700,0.076862
48185180101,0.033401
48185180102,0.083797
48185180201,0.066785
48185180202,0.034157
48185180302,0.067649
48185180303,0.018865
48185180304,0.078834
48185180400,0.046017
48187210100,0.127703
48187210200,0.087223
48187210300,0.192895
48187210400,0.136357
48187210505,0.040789
48187210506,0.130812
48187210508,0.115983
48187210509,0.197466
48187210510,0.174129
48187210511,0.175759
48187210512,0.18372
48187210513,0.047976
48187210603,0.033056
48187210606,0.023343
48187210608,0.096742
48187210609,0.01711
48187210610,0.028793
48187210611,0.028541
48187210612,0.047242
48187210613,0.015081
48187210614,0.027164
48187210705,0.023679
48187210706,0.022029
48187210707,0.023244
48187210709,0.021165
48187210710,0.028644
48187210711,0.020372
48187210712,0.013706
48187210713,0.014443
48187210715,0.018104
48187210716,0.011837
48187210717,0.01666
48187210718,0.017811
48187210803,0.046296
48187210804,0.042791
48187210805,0.090222
48187210806,0.162327
48187210902,0.045507
48187210903,0.071646
48187210904,0.259332
48187210905,0.035675
48193950100,0.055366
48193950200,0.100906
48193950300,0.098327
48201100001,0.064537
48201210400,0.010126
48201210500,0.009113
48201210600,0.009767
48201210700,0.009971
48201210800,0.014817
48201210900,0.016955
48201211000,0.018684
48201211101,0.03352
48201211102,0.008816
48201211200,0.008571
48201211301,0.019018
48201211302,0.022705
48201211400,0.011871
48201211501,0.041903
48201211502,0.038031
48201211600,0.038608
48201211700,0.026697
48201211900,0.009806
48201212300,0.016891
48201212400,0.01597
48201212500,0.023124
48201220100,0.016257
48201220200,0.010246
48201220300,0.018464
48201220400,0.019381
48201220500,0.019781
48201220600,0.012102
48201220701,0.034713
48201220702,0.027703
48201220800,0.024587
48201220900,0.046016
48201221000,0.012351
48201221100,0.012227
48201221200,0.010582
48201221301,0.029309
48201221302,0.009187
48201221400,0.011597
48201221501,0.010593
48201221502,0.020119
48201221601,0.011003
48201221602,0.015027
48201221701,0.01523
48201221702,0.02065
48201221800,0.029147
48201221900,0.041608
48201222000,0.013087
48201222100,0.016385
48201222200,0.018647
48201222300,0.015075
48201222401,0.050606
48201222402,0.013573
48201222501,0.012049
48201222502,0.129194
48201222504,0.013451
48201222505,0.013773
48201222601,0.01761
48201222602,0.009718
48201222701,0.011868
48201222702,0.031909
48201222800,0.025936
48201222900,0.019543
48201223001,0.015324
48201223002,0.012769
48201223100,0.020137
48201230100,0.010746
48201230200,0.009687
48201230300,0.012241
48201230400,0.009905
48201230500,0.022258
48201230600,0.030639
48201230700,0.010458
48201230800,0.019254
48201230900,0.010625
48201231000,0.011221
48201231100,0.058458
48201231200,0.014318
48201231300,0.011475
48201231400,0.012268
48201231500,0.03041
48201231600,0.0107
48201231700,0.037121
48201231800,0.01491
48201231900,0.02347
48201232000,0.015157
48201232100,0.024627
48201232201,0.011886
48201232202,0.023726
48201232203,0.102494
48201232303,0.013721
48201232304,0.044529
48201232305,0.055486
48201232306,0.029652
48201232402,0.021343
48201232403,0.019014
48201232404,0.040306
48201232405,0.060053
48201232500,0.083932
48201232600,0.015711
48201232701,0.03732
48201232703,0.029839
48201232704,0.024284
48201232801,0.033693
48201232802,0.013891
48201232901,0.024759
48201232902,0.026213
48201233001,0.023573
48201233002,0.029007
48201233003,0.018777
48201233101,0.01498
48201233103,0.038294
48201233104,0.027497
48201233105,0.029699
48201233200,0.015141
48201233300,0.037953
48201233400,0.013144
48201233501,0.013225
48201233502,0.031237
48201233600,0.026675
48201233701,0.038242
48201233702,0.014484
48201233703,0.034936
48201240101,0.017277
48201240102,0.028999
48201240400,0.015715
48201240503,0.011445
48201240504,0.009845
48201240505,0.013816
48201240506,0.008816
48201240600,0.01741
48201240703,0.017548
48201240704,0.01414
48201240705,0.010464
48201240706,0.022438
48201240707,0.023573
48201240802,0.013365
48201240803,0.022275
48201240804,0.015318
48201240903,0.026196
48201240904,0.012673
48201240905,0.01695
48201240906,0.010701
48201241001,0.036312
48201241002,0.010192
48201241101,0.013626
48201241103,0.012942
48201241104,0.014244
48201241105,0.110319
48201241201,0.015324
48201241202,0.162604
48201241301,0.017495
48201241302,0.015857
48201241400,0.026522
48201241501,0.026186
48201241502,0.018437
48201241503,0.03422
48201250101,0.025182
48201250102,0.06465
48201250201,0.032001
48201250202,0.035917
48201250303,0.079094
48201250304,0.051472
48201250305,0.012693
48201250306,0.018051
48201250403,0.02911
48201250404,0.009205
48201250405,0.019113
48201250406,0.031748
48201250407,0.082583
48201250408,0.010554
48201250500,0.015978
48201250601,0.042744
48201250602,0.039068
48201250701,0.017021
48201250702,0.009877
48201250801,0.010506
48201250802,0.019946
48201250901,0.014475
48201250902,0.011231
48201251000,0.044913
48201251100,0.01783
48201251200,0.013611
48201251300,0.014699
48201251401,0.009721
48201251402,0.009077
48201251501,0.010868
48201251503,0.008929
48201251504,0.008553
48201251505,0.009891
48201251600,0.049998
48201251701,0.013276
48201251702,0.058572
48201251800,0.339355
48201251902,0.024895
48201251903,0.05405
48201251904,0.012233
48201252001,0.01348
48201252002,0.041387
48201252003,0.030003
48201252100,0.016418
48201252201,0.065922
48201252202,0.090588
48201252303,0.016911
48201252304,0.014963
48201252305,0.011249
48201252306,0.014405
48201252400,0.022149
48201252500,0.094728
48201252601,0.02388
48201252602,0.095689
48201252700,0.11399
48201252800,0.022357
48201252901,0.018705
48201252902,0.01208
48201253000,0.036507
48201253202,0.015466
48201253300,0.011237
48201253502,0.021767
48201310101,0.010331
48201310102,0.012317
48201310200,0.009871
48201310300,0.008651
48201310400,0.01088
48201310500,0.014037
48201310600,0.008708
48201310700,0.022343
48201310800,0.016466
48201310900,0.009847
48201311001,0.073411
48201311002,0.097685
48201311100,0.013342
48201311200,0.027636
48201311300,0.009251
48201311400,0.009512
48201311501,0.010689
48201311502,0.013994
48201311600,0.019694
48201311701,0.015567
48201311702,0.035193
48201311800,0.027559
48201311900,0.014875
48201312000,0.047952
48201312200,0.024868
48201312300,0.012382
48201312400,0.013879
48201312501,0.020874
48201312502,0.017748
48201312601,0.05343
48201312602,0.018795
48201312603,0.016077
48201312700,0.012777
48201312800,0.013378
48201312901,0.013129
48201312902,0.009526
48201313000,0.015023
48201313101,0.013617
48201313102,0.052969
48201313201,0.033793
48201313202,0.011237
48201313300,0.008927
48201313400,0.009534
48201313500,0.010599
48201313600,0.012538
48201313700,0.038132
48201313801,0.032844
48201313802,0.016104
48201313901,0.026285
48201313902,0.011964
48201314001,0.03131
48201314003,0.081391
48201314004,0.015727
48201314005,0.013722
48201314301,0.045534
48201314302,0.030786
48201314401,0.107339
48201314402,0.151918
48201320100,0.011119
48201320201,0.024043
48201320202,0.01305
48201320500,0.020555
48201320601,0.010659
48201320602,0.011659
48201320700,0.028105
48201320800,0.117928
48201320901,0.024309
48201320902,0.008536
48201321001,0.021368
48201321002,0.042788
48201321101,0.025571
48201321102,0.020429
48201321200,0.020749
48201321301,0.023599
48201321302,0.053739
48201321401,0.019586
48201321402,0.082601
48201321500,0.03941
48201321600,0.024082
48201321700,0.011013
48201321800,0.026638
48201321900,0.011657
48201322000,0.042621
48201322100,0.012276
48201322200,0.010759
48201322600,0.080059
48201322701,0.016781
48201322702,0.028498
48201322800,0.021293
48201322900,0.011781
48201323000,0.019597
48201323100,0.015146
48201323200,0.018429
48201323300,0.012621
48201323400,0.017338
48201323500,0.022204
48201323601,0.017666
48201323602,0.033752
48201323701,0.024029
48201323702,0.037105
48201323801,0.009174
48201323802,0.011232
48201323900,0.036009
48201324000,0.030021
48201324101,0.05517
48201324102,0.173264
48201324200,0.053113
48201330101,0.0155
48201330102,0.01265
48201330200,0.010605
48201330301,0.041881
48201330302,0.046008
48201330303,0.024799
48201330400,0.027263
48201330500,0.013865
48201330600,0.013787
48201330700,0.056325
48201330801,0.054025
48201330802,0.058883
48201330901,0.010227
48201330902,0.009901
48201331100,0.014194
48201331200,0.017557
48201331300,0.023459
48201331400,0.032837
48201331501,0.092131
48201331502,0.008763
48201331602,0.008425
48201331603,0.02376
48201331604,0.010157
48201331700,0.030382
48201331800,0.01556
48201331900,0.024186
48201332000,0.014247
48201332100,0.02897
48201332200,0.009308
48201332300,0.017432
48201332400,0.010898
48201332500,0.011906
48201332600,0.018297
48201332700,0.022822
48201332800,0.030511
48201332900,0.016799
48201333000,0.023891
48201333100,0.012169
48201333201,0.019995
48201333203,0.010323
48201333204,0.017377
48201333205,0.053248
48201333301,0.025312
48201333302,0.011654
48201333501,0.024437
48201333502,0.103685
48201333600,0.085295
48201333700,0.039188
48201333801,0.083112
48201333802,0.010588
48201333903,0.014192
48201333904,0.015893
48201333905,0.019295
48201333906,0.016021
48201334001,0.010572
48201334002,0.055128
48201334003,0.039078
48201334101,0.02534
48201334102,0.043653
48201340101,0.045228
48201340102,0.017579
48201340201,0.134752
48201340202,0.017365
48201340203,0.012227
48201340301,0.01146
48201340302,0.012386
48201340400,0.011883
48201340501,0.012773
48201340502,0.032851
48201340600,0.015872
48201340701,0.017716
48201340702,0.012574
48201340800,0.009682
48201340900,0.034625
48201341001,0.062876
48201341002,0.035875
48201341101,0.013486
48201341102,0.018408
48201341201,0.020343
48201341203,0.051121
48201341204,0.032778
48201341302,0.069406
48201341303,0.018765
48201341304,0.048721
48201341400,0.023742
48201341501,0.01062
48201341502,0.030257
48201342001,0.010031
48201342002,0.021668
48201342100,0.013712
48201342200,0.034014
48201342300,0.011046
48201342400,0.059622
48201342500,0.059302
48201342700,0.025497
48201342801,0.016382
48201342802,0.069502
48201342900,0.018704
48201343000,0.031704
48201343100,0.032486
48201343200,0.014129
48201343301,0.029245
48201343302,0.026106
48201343601,0.146832
48201343700,0.077029
48201350101,0.030249
48201350102,0.010009
48201350103,0.014988
48201350104,0.041765
48201350201,0.013029
48201350202,0.047553
48201350300,0.023812
48201350400,0.009822
48201350500,0.011723
48201350601,0.012296
48201350603,0.012116
48201350604,0.010374
48201350700,0.009317
48201350801,0.010756
48201350803,0.012834
48201350804,0.009229
48201410101,0.011117
48201410102,0.032382
48201410201,0.033273
48201410202,0.019185
48201410300,0.02812
48201410401,0.081587
48201410402,0.035303
48201410501,0.046006
48201410502,0.052362
48201410601,0.024236
48201410602,0.017407
48201410703,0.010511
48201410704,0.056503
48201410705,0.014583
48201410706,0.009537
48201410801,0.024225
48201410802,0.010852
48201410900,0.106066
48201411001,0.063662
48201411002,0.025685
48201411003,0.014712
48201411100,0.020204
48201411200,0.060632
48201411301,0.044334
48201411302,0.087298
48201411400,0.010639
48201411503,0.014803
48201411504,0.037279
48201411505,0.011449
48201411506,0.049876
48201411507,0.055693
48201411600,0.012195
48201411700,0.012204
48201411801,0.015542
48201411802,0.0143
48201411901,0.05036
48201411902,0.01789
48201412000,0.026325
48201412201,0.017498
48201412202,0.010596
48201412300,0.053059
48201412400,0.012068
48201412500,0.043385
48201412600,0.022541
48201412700,0.009297
48201412800,0.018694
48201412901,0.077026
48201412902,0.017867
48201413000,0.011624
48201413100,0.019576
48201413203,0.013849
48201413204,0.062989
48201413205,0.028618
48201413206,0.025846
48201413301,0.010895
48201413302,0.008975
48201420100,0.01822
48201420200,0.010663
48201420300,0.008983
48201420400,0.024925
48201420500,0.021964
48201420600,0.05371
48201420700,0.009226
48201420800,0.009181
48201420900,0.010507
48201421000,0.043623
48201421101,0.011341
48201421103,0.009162
48201421104,0.019221
48201421203,0.039647
48201421204,0.0119
48201421205,0.013943
48201421206,0.008876
48201421301,0.008391
48201421302,0.011001
48201421401,0.021581
48201421402,0.011057
48201421403,0.018287
48201421501,0.01011
48201421502,0.01171
48201421601,0.011606
48201421602,0.042979
48201421700,0.009336
48201421801,0.019513
48201421802,0.012092
48201421900,0.01339
48201422000,0.008539
48201422100,0.071522
48201422200,0.012358
48201422302,0.011619
48201422303,0.016217
48201422304,0.018731
48201422403,0.010128
48201422404,0.012445
48201422405,0.026904
48201422406,0.008982
48201422501,0.015591
48201422502,0.009696
48201422601,0.011249
48201422602,0.009145
48201422701,0.01214
48201422702,0.018647
48201422800,0.009649
48201422900,0.011109
48201423001,0.015982
48201423002,0.045949
48201423100,0.027281
48201423201,0.018923
48201423203,0.00916
48201423204,0.020734
48201423301,0.015078
48201423303,0.009365
48201423304,0.010704
48201423401,0.018727
48201423402,0.009322
48201423500,0.033241
48201423600,0.023252
48201430101,0.011647
48201430102,0.010261
48201430200,0.012277
48201430300,0.010499
48201430400,0.009295
48201430500,0.08039
48201430600,0.008634
48201430700,0.046907
48201430800,0.034291
48201430900,0.029571
48201431001,0.010154
48201431002,0.022128
48201431101,0.028075
48201431102,0.020241
48201431203,0.018234
48201431204,0.016738
48201431205,0.013989
48201431206,0.015228
48201431302,0.010453
48201431303,0.010795
48201431304,0.037373
48201431401,0.011313
48201431403,0.052311
48201431404,0.01777
48201431503,0.029988
48201431504,0.012001
48201431505,0.034073
48201431506,0.009944
48201431600,0.011358
48201431701,0.016636
48201431702,0.023422
48201431801,0.011368
48201431803,0.009476
48201431804,0.043636
48201431901,0.014381
48201431902,0.016742
48201432003,0.014752
48201432004,0.012822
48201432005,0.089537
48201432006,0.008948
48201432101,0.037257
48201432102,0.047358
48201432200,0.012933
48201432301,0.035735
48201432302,0.027711
48201432303,0.040542
48201432401,0.00881
48201432402,0.014361
48201432501,0.012289
48201432502,0.01311
48201432600,0.009958
48201432703,0.010856
48201432704,0.010273
48201432705,0.010649
48201432706,0.012451
48201432803,0.009727
48201432804,0.015702
48201432805,0.018741
48201432806,0.037979
48201432901,0.034125
48201432903,0.018901
48201432904,0.027936
48201433003,0.030799
48201433004,0.016208
48201433005,0.037188
48201433006,0.01867
48201433007,0.009498
48201433100,0.059065
48201433201,0.030672
48201433202,0.0107
48201433300,0.009262
48201433400,0.010229
48201433503,0.047192
48201433504,0.016574
48201433505,0.02034
48201433506,0.025658
48201433507,0.049211
48201433601,0.016574
48201433602,0.009496
48201440101,0.008984
48201440102,0.025384
48201450100,0.025175
48201450200,0.019792
48201450301,0.009064
48201450302,0.021048
48201450401,0.028795
48201450402,0.032145
48201450500,0.023366
48201450600,0.021227
48201450700,0.022667
48201450801,0.018588
48201450803,0.021162
48201450804,0.076416
48201450900,0.042844
48201451003,0.016175
48201451004,0.022318
48201451005,0.013699
48201451006,0.026943
48201451100,0.016139
48201451200,0.010931
48201451301,0.009313
48201451302,0.012417
48201451401,0.010336
48201451404,0.017977
48201451405,0.01544
48201451406,0.018636
48201451407,0.013869
48201451501,0.020776
48201451502,0.111525
48201451603,0.015044
48201451604,0.053798
48201451605,0.011161
48201451606,0.036919
48201451700,0.041014
48201451800,0.013766
48201451902,0.010465
48201451903,0.06406
48201451904,0.013068
48201452001,0.011248
48201452002,0.013867
48201452101,0.014608
48201452102,0.01269
48201452103,0.015124
48201452202,0.021416
48201452203,0.042205
48201452204,0.028779
48201452300,0.031116
48201452401,0.020436
48201452402,0.011206
48201452501,0.010201
48201452502,0.026019
48201452601,0.013321
48201452602,0.009
48201452701,0.009055
48201452702,0.008546
48201452703,0.027688
48201452801,0.026159
48201452802,0.022982
48201452900,0.03817
48201453001,0.026916
48201453002,0.014715
48201453100,0.015697
48201453201,0.013682
48201453202,0.01625
48201453300,0.018137
48201453401,0.01991
48201453403,0.009813
48201453404,0.030486
48201453405,0.009349
48201453501,0.015757
48201453502,0.008769
48201453601,0.025614
48201453603,0.038096
48201453604,0.009614
48201453701,0.010599
48201453702,0.014174
48201453800,0.025496
48201453901,0.009583
48201453902,0.022463
48201454000,0.011097
48201454100,0.009827
48201454200,0.022413
48201454302,0.008931
48201454303,0.02562
48201454304,0.012277
48201454305,0.011765
48201454400,0.049077
48201454502,0.009029
48201454503,0.013707
48201454504,0.009426
48201454505,0.033382
48201454600,0.011742
48201454700,0.095558
48201454801,0.034979
48201454802,0.009898
48201454901,0.014318
48201454902,0.011897
48201455000,0.016441
48201455102,0.010048
48201455103,0.147738
48201455104,0.024634
48201455200,0.025584
48201455300,0.030244
48201510100,0.035548
48201510201,0.026819
48201510202,0.01003
48201510301,0.027784
48201510302,0.011617
48201510400,0.011179
48201510500,0.010745
48201510601,0.032636
48201510602,0.022885
48201510701,0.010461
48201510702,0.015223
48201510801,0.065628
48201510802,0.013514
48201510803,0.043684
48201510901,0.01105
48201510902,0.042468
48201511001,0.021177
48201511003,0.014584
48201511004,0.010214
48201511100,0.011116
48201511201,0.021592
48201511202,0.009608
48201511301,0.021396
48201511302,0.077695
48201511400,0.044341
48201511501,0.011629
48201511502,0.011844
48201511600,0.010847
48201520100,0.010448
48201520200,0.023885
48201520301,0.00911
48201520302,0.010432
48201520400,0.02093
48201520501,0.01186
48201520502,0.014688
48201520601,0.00956
48201520603,0.018932
48201520604,0.010421
48201520700,0.010979
48201521000,0.050658
48201521100,0.009172
48201521201,0.019359
48201521202,0.0351
48201521300,0.010915
48201521401,0.033797
48201521402,0.014508
48201521501,0.018014
48201521502,0.028412
48201521600,0.163202
48201521701,0.030508
48201521702,0.051538
48201521800,0.011568
48201521900,0.009065
48201522001,0.032291
48201522002,0.008978
48201522101,0.009314
48201522102,0.009453
48201522201,0.010264
48201522202,0.011053
48201522301,0.035291
48201522302,0.012744
48201522401,0.014931
48201522402,0.026834
48201522500,0.01034
48201530101,0.026215
48201530102,0.015525
48201530200,0.011071
48201530300,0.010208
48201530400,0.023914
48201530501,0.033661
48201530502,0.008602
48201530600,0.013938
48201530701,0.067019
48201530702,0.017044
48201530800,0.009234
48201530900,0.013411
48201531000,0.010144
48201531100,0.009974
48201531200,0.008491
48201531300,0.009369
48201531400,0.010066
48201531500,0.015024
48201531600,0.014633
48201531700,0.039205
48201531800,0.051434
48201531900,0.014041
48201532003,0.009185
48201532004,0.013073
48201532101,0.013446
48201532102,0.02659
48201532200,0.012757
48201532301,0.025023
48201532302,0.017687
48201532400,0.02085
48201532502,0.013335
48201532503,0.02275
48201532504,0.025698
48201532600,0.016225
48201532700,0.027463
48201532800,0.010325
48201532900,0.030292
48201533000,0.008261
48201533100,0.008521
48201533200,0.008801
48201533301,0.011411
48201533302,0.022315
48201533401,0.017171
48201533402,0.009042
48201533500,0.016441
48201533600,0.015835
48201533701,0.012594
48201533702,0.012849
48201533802,0.009966
48201533803,0.258776
48201533804,0.033865
48201533902,0.026252
48201533903,0.008697
48201533904,0.063776
48201534001,0.043248
48201534002,0.019212
48201534003,0.045816
48201534101,0.019931
48201534102,0.014733
48201534201,0.033369
48201534203,0.012844
48201534204,0.021874
48201534205,0.01683
48201540101,0.012914
48201540102,0.017237
48201540200,0.047195
48201540502,0.010781
48201540503,0.127324
48201540504,0.092372
48201540601,0.014784
48201540602,0.025704
48201540700,0.044307
48201540800,0.011925
48201540901,0.009836
48201540903,0.03572
48201540904,0.083928
48201541004,0.035843
48201541005,0.013116
48201541006,0.011356
48201541007,0.011246
48201541008,0.037299
48201541009,0.017468
48201541100,0.009518
48201541203,0.012438
48201541204,0.033621
48201541205,0.017659
48201541206,0.009347
48201541207,0.027726
48201541301,0.01671
48201541302,0.01223
48201541401,0.068627
48201541402,0.017454
48201541403,0.016627
48201541404,0.010542
48201541500,0.021553
48201541603,0.01566
48201541604,0.013447
48201541701,0.045168
48201541702,0.012384
48201541703,0.134708
48201541801,0.049984
48201541802,0.044186
48201541901,0.00857
48201541902,0.015401
48201542001,0.027102
48201542002,0.010329
48201542003,0.028614
48201542004,0.011482
48201542103,0.014465
48201542104,0.015294
48201542105,0.019997
48201542106,0.00882
48201542107,0.036153
48201542108,0.030446
48201542201,0.010318
48201542202,0.037085
48201542203,0.016644
48201542302,0.009815
48201542303,0.012646
48201542304,0.010024
48201542305,0.009084
48201542401,0.047352
48201542402,0.010555
48201542500,0.030263
48201542600,0.010759
48201542700,0.011689
48201542800,0.008722
48201542901,0.020589
48201542902,0.014311
48201543004,0.014773
48201543005,0.011226
48201543006,0.012236
48201543007,0.012007
48201543008,0.028137
48201543009,0.024139
48201543010,0.029254
48201543011,0.009355
48201543100,0.0669
48201543201,0.010783
48201543202,0.030207
48201550101,0.0132
48201550102,0.023029
48201550201,0.013239
48201550202,0.013765
48201550303,0.009353
48201550304,0.028366
48201550305,0.016915
48201550306,0.028476
48201550307,0.012967
48201550308,0.008751
48201550403,0.050035
48201550404,0.335611
48201550405,0.015396
48201550406,0.025686
48201550407,0.018206
48201550500,0.008852
48201550601,0.016325
48201550602,0.022296
48201550603,0.045903
48201550700,0.04153
48201550800,0.016083
48201550901,0.01034
48201550902,0.008809
48201551000,0.316881
48201551101,0.035269
48201551102,0.03397
48201551201,0.010911
48201551202,0.093911
48201551300,0.021254
48201551400,0.093036
48201551501,0.008872
48201551502,0.026092
48201551601,0.050402
48201551602,0.018468
48201551702,0.029502
48201551703,0.047958
48201551704,0.010978
48201551705,0.040917
48201551800,0.022088
48201551901,0.010186
48201551902,0.033278
48201552002,0.013817
48201552003,0.019993
48201552004,0.056228
48201552101,0.028874
48201552102,0.014513
48201552103,0.024952
48201552200,0.014259
48201552301,0.010119
48201552303,0.024527
48201552304,0.024308
48201552401,0.022926
48201552402,0.025639
48201552501,0.038753
48201552502,0.016125
48201552602,0.045039
48201552603,0.036092
48201552604,0.044179
48201552701,0.029601
48201552702,0.010756
48201552801,0.096954
48201552802,0.048137
48201552901,0.016262
48201552902,0.010421
48201553001,0.017358
48201553002,0.010235
48201553101,0.02239
48201553102,0.008886
48201553201,0.012042
48201553202,0.055706
48201553300,0.027954
48201553401,0.010877
48201553403,0.013644
48201553404,0.012503
48201553405,0.015978
48201553500,0.112079
48201553601,0.017161
48201553602,0.012018
48201553700,0.015648
48201553801,0.009117
48201553803,0.017076
48201553804,0.013501
48201553901,0.014517
48201554001,0.014507
48201554002,0.010374
48201554103,0.010781
48201554104,0.045149
48201554201,0.034545
48201554202,0.012043
48201554301,0.010663
48201554302,0.071731
48201554404,0.063141
48201554405,0.039196
48201554406,0.008973
48201554407,0.009632
48201554408,0.049668
48201554409,0.102812
48201554410,0.023484
48201554501,0.012912
48201554502,0.009346
48201554600,0.018249
48201554701,0.026634
48201554702,0.009757
48201554803,0.012096
48201554804,0.013534
48201554805,0.010056
48201554806,0.041873
48201554807,0.056005
48201554808,0.060674
48201554809,0.013344
48201554902,0.033299
48201554904,0.044528
48201554905,0.011431
48201554906,0.009689
48201554907,0.01646
48201554908,0.036391
48201555001,0.009907
48201555002,0.011469
48201555101,0.035833
48201555102,0.023372
48201555200,0.015933
48201555301,0.01798
48201555303,0.014768
48201555304,0.011122
48201555305,0.014996
48201555401,0.025641
48201555403,0.058802
48201555404,0.02068
48201555501,0.068416
48201555503,0.030119
48201555504,0.008612
48201555505,0.012172
48201555600,0.066167
48201555701,0.030966
48201555703,0.011757
48201555704,0.00934
48201556000,0.048866
48201556100,0.039385
48201980000,0.17994
48201980100,0.180423
48201980200,0.053458
48201980300,0.066609
48201980400,0.092372
48201980700,0.045136
48207950300,0.072683
48207950400,0.05256
48209010100,0.106369
48209010200,0.110116
48209010302,0.109988
48209010305,0.113066
48209010306,0.09528
48209010307,0.097544
48209010308,0.155629
48209010309,0.10855
48209010401,0.049343
48209010402,0.023765
48209010500,0.078281
48209010601,0.017583
48209010602,0.174809
48209010603,0.100918
48209010702,0.059335
48209010703,0.17877
48209010704,0.222608
48209010806,0.077412
48209010807,0.064541
48209010809,0.197435
48209010810,0.086793
48209010811,0.059347
48209010812,0.174274
48209010813,0.02478
48209010814,0.037505
48209010815,0.295662
48209010816,0.220954
48209010817,0.218255
48209010818,0.060864
48209010905,0.064496
48209010909,0.022686
48209010911,0.022482
48209010912,0.053708
48209010913,0.041841
48209010914,0.034616
48209010915,0.016703
48209010916,0.033069
48209010917,0.074682
48209010918,0.020165
48209010919,0.023102
48209010920,0.103819
48209010921,0.053931
48209010922,0.028686
48209010923,0.023047
48209010924,0.016316
48209010925,0.049008
48213950101,0.033045
48213950102,0.034725
48213950201,0.023352
48213950202,0.075998
48213950301,0.130661
48213950302,0.208528
48213950303,0.141661
48213950400,0.204573
48213950500,0.068868
48213950601,0.162614
48213950603,0.139325
48213950604,0.23828
48213950700,0.126506
48213950801,0.196761
48213950802,0.14924
48213950902,0.079087
48213950903,0.190173
48213950904,0.091178
48213950905,0.145633
48213951000,0.100095
48213951101,0.042605
48213951102,0.066733
48213951201,0.163003
48213951202,0.167919
48213951300,0.133962
48213951401,0.064781
48213951402,0.08585
48213951403,0.065964
48215020103,0.042528
48215020104,0.045155
48215020105,0.066748
48215020106,0.049326
48215020107,0.242887
48215020108,0.017888
48215020205,0.162162
48215020206,0.062576
48215020207,0.026111
48215020208,0.100774
48215020209,0.11844
48215020210,0.109199
48215020211,0.267102
48215020303,0.010138
48215020304,0.129957
48215020305,0.047903
48215020306,0.151167
48215020307,0.194588
48215020403,0.105084
48215020405,0.0267
48215020406,0.018589
48215020407,0.043285
48215020408,0.072392
48215020409,0.043067
48215020505,0.200104
48215020506,0.038182
48215020507,0.058904
48215020508,0.24931
48215020509,0.020637
48215020510,0.087985
48215020511,0.028875
48215020512,0.021755
48215020513,0.128513
48215020600,0.050648
48215020724,0.076178
48215020725,0.022874
48215020727,0.018155
48215020728,0.026925
48215020729,0.084243
48215020730,0.160234
48215020731,0.01914
48215020732,0.032755
48215020733,0.02195
48215020734,0.019815
48215020735,0.018001
48215020736,0.016349
48215020804,0.02878
48215020805,0.091799
48215020806,0.111758
48215020807,0.020367
48215020808,0.026006
48215020905,0.025852
48215020906,0.065085
48215020907,0.029161
48215020908,0.04699
48215020909,0.098451
48215020910,0.028893
48215021001,0.03716
48215021002,0.085425
48215021003,0.117478
48215021100,0.04724
48215021201,0.038754
48215021203,0.088391
48215021204,0.027317
48215021306,0.055846
48215021307,0.026737
48215021308,0.103074
48215021309,0.193104
48215021310,0.208448
48215021311,0.035567
48215021312,0.135941
48215021313,0.031555
48215021314,0.062064
48215021315,0.129139
48215021401,0.102047
48215021405,0.084302
48215021406,0.013471
48215021407,0.052579
48215021408,0.086388
48215021409,0.15698
48215021500,0.084025
48215021600,0.0285
48215021703,0.021218
48215021704,0.038336
48215021705,0.035404
48215021706,0.020512
48215021707,0.02934
48215021803,0.033657
48215021804,0.035114
48215021807,0.062595
48215021808,0.168238
48215021809,0.054813
48215021810,0.037578
48215021903,0.069207
48215021904,0.041214
48215021905,0.051078
48215021906,0.055599
48215022005,0.053061
48215022006,0.019283
48215022007,0.009943
48215022008,0.03548
48215022009,0.027502
48215022010,0.078138
48215022011,0.037974
48215022105,0.244954
48215022107,0.094158
48215022108,0.048214
48215022109,0.028591
48215022110,0.018748
48215022111,0.028991
48215022112,0.033722
48215022113,0.056247
48215022203,0.118022
48215022204,0.027844
48215022205,0.042117
48215022206,0.036667
48215022301,0.258376
48215022302,0.044483
48215022401,0.025092
48215022402,0.013629
48215022502,0.020563
48215022503,0.026775
48215022504,0.018361
48215022600,0.01117
48215022703,0.090135
48215022704,0.040816
48215022705,0.017999
48215022706,0.022099
48215022801,0.066613
48215022802,0.077511
48215022900,0.076958
48215023000,0.028974
48215023103,0.079049
48215023104,0.023953
48215023105,0.038181
48215023106,0.016117
48215023516,0.053527
48215023517,0.029358
48215023518,0.047437
48215023519,0.01603
48215023520,0.0459
48215023521,0.019455
48215023522,0.038104
48215023523,0.049372
48215023524,0.01943
48215023525,0.057966
48215023526,0.077458
48215023527,0.017989
48215023528,0.061423
48215023529,0.018816
48215023530,0.031752
48215023531,0.017448
48215023532,0.013959
48215023533,0.01626
48215023534,0.025523
48215023535,0.01359
48215023536,0.068849
48215023601,0.041058
48215023602,0.02516
48215023700,0.109292
48215023803,0.025115
48215023804,0.127527
48215023805,0.014811
48215023806,0.067363
48215023903,0.21328
48215023905,0.022769
48215023906,0.025941
48215023907,0.067727
48215023908,0.027223
48215024001,0.106547
48215024002,0.041877
48215024003,0.155924
48215024004,0.0342
48215024107,0.093255
48215024108,0.019582
48215024109,0.04785
48215024115,0.029891
48215024116,0.026425
48215024117,0.123413
48215024118,0.098099
48215024119,0.198173
48215024120,0.066002
48215024121,0.046249
48215024122,0.020135
48215024123,0.020816
48215024124,0.028792
48215024125,0.185538
48215024126,0.073203
48215024127,0.020989
48215024128,0.039527
48215024129,0.07678
48215024130,0.083819
48215024131,0.013761
48215024132,0.026012
48215024204,0.198449
48215024206,0.08376
48215024207,0.039006
48215024208,0.044484
48215024209,0.125515
48215024210,0.222877
48215024211,0.084143
48215024212,0.029439
48215024301,0.052289
48215024302,0.024772
48215024403,0.037494
48215024404,0.052304
48215024405,0.086008
48215024406,0.037143
48215024501,0.012816
48215024502,0.068875
48215024600,0.039744
48215980000,0.058788
48217960100,0.035574
48217960200,0.059508
48217960400,0.094886
48217960501,0.033815
48217960502,0.039159
48217960600,0.093274
48217960700,0.086683
48217960800,0.09446
48217960900,0.135242
48217961000,0.118769
48217961100,0.108439
48217961400,0.047172
48221160100,0.073086
48221160204,0.055332
48221160206,0.1437
48221160210,0.061445
48221160211,0.155274
48221160212,0.141806
48221160213,0.066545
48221160214,0.047518
48221160215,0.206682
48221160216,0.078461
48221160217,0.135497
48221160218,0.199435
48221160302,0.043441
48221160303,0.036695
48223950100,0.066411
48223950200,0.064694
48223950301,0.068659
48223950302,0.105524
48223950401,0.062821
48223950402,0.10756
48223950500,0.118602
48223950600,0.037472
48223950700,0.030148
48223950800,0.052892
48225950101,0.164926
48225950102,0.101041
48225950200,0.173545
48225950300,0.159834
48225950400,0.179898
48225950500,0.065762
48225950600,0.154961
48225950700,0.071689
48227950100,0.113152
48227950200,0.031043
48227950300,0.043847
48227950400,0.08683
48227950500,0.139905
48227950600,0.029031
48227950700,0.021432
48227950801,0.101822
48227950802,0.123399
48227950900,0.050078
48231960100,0.052241
48231960200,0.032228
48231960300,0.028785
48231960400,0.101663
48231960500,0.064662
48231960600,0.119136
48231960700,0.035242
48231960800,0.144292
48231960900,0.171197
48231961000,0.102821
48231961101,0.083933
48231961102,0.074433
48231961200,0.053148
48231961300,0.049001
48231961401,0.058898
48231961402,0.050102
48231961501,0.084798
48231961502,0.103118
48231961503,0.108495
48231961600,0.127123
48231961700,0.043023
48235950100,0.135833
48237950100,0.128893
48237950300,0.183845
48237950500,0.121159
48239950100,0.021809
48239950200,0.040748
48239950300,0.01637
48247950200,0.078943
48247950400,0.041007
48249950101,0.054954
48249950102,0.028303
48249950201,0.051251
48249950202,0.089549
48249950301,0.022961
48249950302,0.076909
48249950303,0.121212
48249950400,0.015023
48249950500,0.036963
48249950600,0.046664
48249950700,0.04704
48251130100,0.064074
48251130205,0.029249
48251130210,0.020268
48251130211,0.025703
48251130212,0.084548
48251130213,0.055722
48251130214,0.118958
48251130215,0.033584
48251130216,0.011466
48251130217,0.022649
48251130218,0.106243
48251130219,0.017474
48251130220,0.018414
48251130221,0.021441
48251130222,0.01454
48251130302,0.055808
48251130303,0.128893
48251130304,0.073407
48251130405,0.027219
48251130406,0.040486
48251130411,0.070694
48251130412,0.070907
48251130413,0.133785
48251130414,0.056341
48251130415,0.103459
48251130416,0.025482
48251130417,0.053863
48251130418,0.018346
48251130419,0.056783
48251130501,0.029345
48251130502,0.030637
48251130602,0.039919
48251130603,0.147608
48251130604,0.080694
48251130700,0.016545
48251130800,0.063758
48251130900,0.031352
48251131000,0.023549
48251131100,0.141961
48253020101,0.213003
48253020102,0.069929
48253020200,0.144836
48253020300,0.049281
48253020400,0.025303
48253020500,0.039708
48255970100,0.11899
48255970200,0.027602
48255970301,0.142632
48255970302,0.132959
48255970400,0.044753
48257050204,0.018016
48257050207,0.016269
48257050208,0.019632
48257050209,0.014301
48257050210,0.042676
48257050211,0.017962
48257050212,0.018246
48257050213,0.015753
48257050214,0.013102
48257050215,0.020689
48257050300,0.15662
48257050401,0.119298
48257050402,0.026579
48257050500,0.09653
48257050601,0.048648
48257050602,0.061085
48257050701,0.037232
48257050703,0.057088
48257050704,0.081121
48257050801,0.044915
48257050802,0.036777
48257051000,0.158644
48257051100,0.06421
48257051201,0.054093
48257051202,0.042188
48257051301,0.091043
48257051302,0.043816
48259970101,0.134647
48259970102,0.025942
48259970301,0.068929
48259970302,0.188347
48259970403,0.126761
48259970404,0.032737
48259970405,0.031299
48259970406,0.081827
48259970500,0.09009
48261950100,0.051662
48263950100,0.075717
48265960101,0.084639
48265960102,0.097404
48265960200,0.032931
48265960301,0.092907
48265960303,0.202616
48265960304,0.0548
48265960401,0.266806
48265960403,0.207743
48265960404,0.19594
48265960500,0.058011
48265960601,0.169137
48265960602,0.187635
48265960700,0.179491
48265960800,0.067127
48267950100,0.068647
48267950200,0.160841
48269950100,0.10709
48271950100,0.025457
48273020101,0.034651
48273020102,0.032724
48273020200,0.040269
48273020301,0.018803
48273020302,0.139205
48273020401,0.032123
48273020402,0.179087
48273020501,0.0217
48273020502,0.055862
48275950100,0.074496
48275950200,0.043419
48277000101,0.110957
48277000102,0.074857
48277000200,0.035635
48277000301,0.063495
48277000302,0.057971
48277000401,0.126118
48277000402,0.21568
48277000500,0.155898
48277000600,0.171195
48277000700,0.101769
48277000800,0.108497
48277000900,0.138877
48277001000,0.098851
48281950100,0.050573
48281950302,0.135085
48281950303,0.129781
48281950304,0.097214
48281950400,0.169931
48281950500,0.139893
48283950301,0.094272
48283950302,0.096174
48285000100,0.027617
48285000200,0.085273
48285000300,0.029472
48285000400,0.127187
48285000500,0.064345
48285000600,0.142818
48287000100,0.026213
48287000200,0.032521
48287000300,0.04933
48287000400,0.056303
48289950101,0.094948
48289950102,0.058709
48289950201,0.058389
48289950202,0.033101
48289950301,0.103864
48289950302,0.139862
48291700100,0.030327
48291700200,0.137887
48291700301,0.040097
48291700302,0.024322
48291700303,0.094741
48291700400,0.073256
48291700500,0.048617
48291700900,0.035423
48291701000,0.085302
48293970100,0.130111
48293970200,0.045145
48293970300,0.178191
48293970400,0.062092
48293970500,0.176539
48293970600,0.07459
48293970700,0.038156
48293970800,0.043789
48297950100,0.080314
48297950200,0.04295
48297950300,0.06976
48297950400,0.091483
48299970100,0.173789
48299970200,0.107581
48299970300,0.135682
48299970401,0.200839
48299970402,0.06851
48299970501,0.026047
48299970502,0.051225
48299970600,0.102355
48303000100,0.019675
48303000201,0.021929
48303000202,0.06019
48303000301,0.022438
48303000303,0.03088
48303000304,0.07771
48303000402,0.067404
48303000403,0.030269
48303000406,0.044346
48303000407,0.109145
48303000408,0.024149
48303000409,0.020142
48303000410,0.031208
48303000411,0.025099
48303000501,0.040672
48303000502,0.077186
48303000503,0.109954
48303000603,0.036808
48303000605,0.034454
48303000607,0.106995
48303000700,0.041693
48303000901,0.044483
48303000902,0.067109
48303001000,0.042525
48303001200,0.015566
48303001300,0.06031
48303001401,0.071184
48303001402,0.136495
48303001501,0.115356
48303001502,0.037789
48303001601,0.046555
48303001602,0.038201
48303001708,0.031522
48303001709,0.014868
48303001710,0.038266
48303001711,0.01842
48303001712,0.016197
48303001713,0.018115
48303001714,0.020384
48303001715,0.029844
48303001716,0.012804
48303001717,0.012982
48303001804,0.042907
48303001805,0.033749
48303001806,0.023818
48303001807,0.035022
48303001808,0.016921
48303001904,0.014484
48303001905,0.03832
48303001906,0.018258
48303001907,0.018659
48303001908,0.017612
48303002001,0.02042
48303002002,0.016744
48303002102,0.018093
48303002103,0.017859
48303002104,0.011888
48303002203,0.024313
48303002205,0.021652
48303002206,0.013903
48303002207,0.247623
48303002208,0.022595
48303002301,0.022257
48303002302,0.146951
48303002401,0.052205
48303002402,0.020008
48303002500,0.038986
48303010101,0.070628
48303010102,0.107632
48303010201,0.077611
48303010202,0.067223
48303010203,0.049871
48303010204,0.040472
48303010301,0.052831
48303010302,0.123875
48303010402,0.110398
48303010404,0.047897
48303010409,0.022291
48303010410,0.030639
48303010411,0.015648
48303010412,0.110861
48303010413,0.052109
48303010414,0.014594
48303010415,0.028688
48303010416,0.05729
48303010417,0.028933
48303010418,0.066209
48303010419,0.027529
48303010420,0.056032
48303010421,0.022361
48303010422,0.046638
48303010423,0.056087
48303010502,0.032242
48303010504,0.017243
48303010505,0.021085
48303010506,0.04287
48303010509,0.025183
48303010510,0.02798
48303010511,0.015405
48303010512,0.019064
48303010513,0.082369
48303010514,0.024677
48303010601,0.084409
48303010602,0.222705
48303010700,0.078678
48303980000,0.098077
48305950400,0.069415
48305950500,0.07682
48305950600,0.050121
48307950300,0.146042
48307950400,0.130135
48307950500,0.142866
48309000100,0.04547
48309000200,0.085622
48309000300,0.033036
48309000401,0.081656
48309000402,0.059643
48309000598,0.092432
48309000700,0.028385
48309000800,0.074914
48309000900,0.064192
48309001000,0.019866
48309001100,0.032028
48309001200,0.087358
48309001300,0.029067
48309001401,0.023416
48309001402,0.023709
48309001500,0.027095
48309001600,0.065932
48309001700,0.118092
48309001800,0.139735
48309001900,0.059117
48309002000,0.072933
48309002100,0.10544
48309002302,0.089018
48309002498,0.092708
48309002501,0.076152
48309002503,0.039467
48309002504,0.067125
48309002600,0.025528
48309002700,0.023511
48309002800,0.018637
48309002900,0.034712
48309003000,0.01891
48309003200,0.105924
48309003300,0.046381
48309003401,0.086356
48309003402,0.095596
48309003500,0.064732
48309003601,0.033299
48309003602,0.131058
48309003701,0.184277
48309003703,0.082817
48309003708,0.025806
48309003709,0.048198
48309003710,0.034384
48309003711,0.023732
48309003712,0.045505
48309003801,0.048903
48309003802,0.033419
48309003901,0.149871
48309003902,0.126935
48309004000,0.033871
48309004102,0.022414
48309004104,0.016767
48309004105,0.027225
48309004201,0.051138
48309004202,0.099933
48309004300,0.039
48309980000,0.045714
48311950100,0.03521
48313000100,0.054631
48313000200,0.171291
48313000300,0.134708
48313000400,0.121827
48317950100,0.061876
48317950200,0.078376
48319950100,0.100037
48319950200,0.088968
48321730100,0.170358
48321730202,0.020714
48321730203,0.07268
48321730204,0.21363
48321730301,0.180912
48321730302,0.230496
48321730303,0.020695
48321730400,0.076644
48321730502,0.039261
48321730503,0.153178
48321730600,0.033512
48321730700,0.026254
48323950204,0.038823
48323950206,0.025825
48323950207,0.019724
48323950208,0.194089
48323950209,0.021874
48323950301,0.101774
48323950302,0.103511
48323950400,0.154658
48323950500,0.081944
48323950601,0.073762
48323950602,0.016724
48323950701,0.035724
48323950702,0.070194
48325000101,0.057807
48325000103,0.092119
48325000104,0.147762
48325000200,0.033451
48325000301,0.143989
48325000302,0.055755
48325000401,0.130325
48325000402,0.031428
48325000500,0.063805
48325000801,0.111958
48325000802,0.158171
48327950300,0.105391
48329010123,0.066768
48329010124,0.071003
48329010128,0.049738
48329010129,0.031094
48331950100,0.037013
48331950300,0.105732
48331950401,0.083414
48331950402,0.114656
48331950500,0.07503
48331950700,0.078934
48331950800,0.050099
48333950100,0.027668
48333950200,0.111077
48335950200,0.090543
48335950400,0.081466
48337950100,0.05703
48337950200,0.116236
48337950401,0.122919
48337950402,0.060681
48337950501,0.077644
48337950502,0.087725
48337950600,0.032736
48339690101,0.021014
48339690102,0.058565
48339690203,0.051947
48339690204,0.020542
48339690205,0.011437
48339690206,0.010987
48339690207,0.196063
48339690300,0.040603
48339690403,0.027121
48339690404,0.116783
48339690405,0.07327
48339690406,0.01123
48339690407,0.014199
48339690408,0.027492
48339690501,0.011933
48339690502,0.012396
48339690503,0.015518
48339690603,0.009161
48339690604,0.017559
48339690605,0.049227
48339690606,0.00928
48339690607,0.011095
48339690608,0.017463
48339690609,0.009797
48339690610,0.051571
48339690701,0.016032
48339690702,0.013973
48339690800,0.016317
48339690900,0.00909
48339691000,0.009904
48339691100,0.00897
48339691201,0.057624
48339691202,0.009748
48339691301,0.033853
48339691302,0.012668
48339691401,0.016744
48339691402,0.039678
48339691403,0.043342
48339691500,0.010927
48339691601,0.009792
48339691602,0.018445
48339691700,0.023538
48339691801,0.010459
48339691802,0.012581
48339691900,0.083208
48339692003,0.041508
48339692004,0.024511
48339692005,0.008814
48339692006,0.013781
48339692007,0.01746
48339692008,0.045226
48339692009,0.011014
48339692010,0.061077
48339692101,0.021353
48339692102,0.080681
48339692103,0.038233
48339692201,0.017434
48339692202,0.022015
48339692301,0.117119
48339692302,0.01841
48339692303,0.023045
48339692304,0.009421
48339692401,0.024201
48339692402,0.016192
48339692501,0.047778
48339692502,0.015551
48339692601,0.035465
48339692603,0.024786
48339692604,0.033655
48339692605,0.032462
48339692701,0.025398
48339692702,0.042137
48339692802,0.026866
48339692803,0.040899
48339692804,0.01228
48339692900,0.029947
48339693001,0.079207
48339693002,0.045388
48339693102,0.079141
48339693103,0.146827
48339693104,0.03972
48339693201,0.021328
48339693202,0.019741
48339693301,0.114316
48339693302,0.013577
48339693303,0.046495
48339693304,0.05065
48339693401,0.034944
48339693402,0.025322
48339693501,0.046065
48339693502,0.198483
48339693503,0.043233
48339693600,0.046934
48339693701,0.05338
48339693702,0.015436
48339693703,0.064749
48339693800,0.055021
48339693901,0.099559
48339693902,0.175118
48339693903,0.216815
48339693904,0.024091
48339694001,0.021799
48339694002,0.06563
48339694103,0.013734
48339694104,0.036458
48339694105,0.067142
48339694106,0.067889
48339694107,0.08634
48339694203,0.027749
48339694204,0.025435
48339694205,0.181645
48339694206,0.040467
48339694207,0.021819
48339694208,0.011098
48339694209,0.0098
48339694210,0.017543
48339694303,0.010068
48339694304,0.017011
48339694305,0.022172
48339694306,0.067746
48339694307,0.054632
48339694308,0.036708
48339694309,0.02219
48339694401,0.020788
48339694402,0.027759
48339694403,0.058386
48339694501,0.023751
48339694502,0.03239
48339694503,0.017919
48339694601,0.021942
48339694602,0.021429
48339694603,0.068385
48339694700,0.05759
48347950200,0.077189
48349970100,0.078944
48349970200,0.036079
48349970301,0.03465
48349970302,0.098151
48349970400,0.029055
48349970500,0.028465
48349970600,0.071637
48349970701,0.074033
48349970800,0.076135
48349970901,0.047374
48349970902,0.133363
48349971000,0.088642
48353950100,0.108984
48353950200,0.143205
48353950300,0.102189
48353950400,0.063291
48353950500,0.043346
48355000500,0.127561
48355000601,0.170555
48355000602,0.016138
48355000700,0.015739
48355000800,0.014424
48355000900,0.010567
48355001000,0.037301
48355001100,0.066006
48355001201,0.014297
48355001202,0.014302
48355001300,0.010193
48355001400,0.010379
48355001500,0.013374
48355001601,0.009663
48355001602,0.013727
48355001702,0.081662
48355001703,0.009387
48355001704,0.016273
48355001801,0.014317
48355001802,0.033941
48355001903,0.019621
48355001904,0.01323
48355001905,0.060763
48355001906,0.162001
48355002001,0.034246
48355002002,0.011362
48355002101,0.009642
48355002102,0.009373
48355002200,0.022419
48355002301,0.020176
48355002303,0.013599
48355002304,0.016209
48355002400,0.019255
48355002500,0.011107
48355002601,0.026913
48355002602,0.013098
48355002603,0.010072
48355002703,0.056334
48355002705,0.009734
48355002706,0.135956
48355002707,0.015206
48355002708,0.071977
48355002900,0.172732
48355003002,0.012263
48355003003,0.092942
48355003004,0.014969
48355003101,0.0089
48355003102,0.009768
48355003202,0.015837
48355003204,0.043164
48355003205,0.029602
48355003206,0.021865
48355003303,0.028939
48355003304,0.036138
48355003305,0.012381
48355003306,0.018606
48355003401,0.017175
48355003402,0.019392
48355003500,0.036764
48355003601,0.010551
48355003602,0.009511
48355003603,0.016589
48355003700,0.016786
48355005103,0.088061
48355005104,0.073653
48355005404,0.009091
48355005406,0.028843
48355005407,0.024001
48355005408,0.027519
48355005409,0.012977
48355005410,0.011855
48355005411,0.056827
48355005412,0.009053
48355005413,0.032544
48355005414,0.015129
48355005415,0.010782
48355005416,0.023341
48355005417,0.015919
48355005603,0.017095
48355005604,0.125637
48355005605,0.081107
48355005606,0.088717
48355005801,0.038886
48355005803,0.0527
48355005804,0.037172
48355005900,0.019104
48355006000,0.032364
48355006100,0.04603
48355006201,0.00896
48355006202,0.024261
48355006203,0.042737
48355006204,0.009608
48355006205,0.075936
48355006300,0.080888
48355006400,0.044304
48355980000,0.051439
48363000100,0.085517
48363000200,0.097031
48363000300,0.059006
48363000401,0.12874
48363000402,0.087235
48363000500,0.257197
48363000600,0.097666
48363000700,0.053433
48363000800,0.131274
48363000900,0.230429
48367140101,0.073059
48367140102,0.027634
48367140201,0.089154
48367140202,0.034206
48367140300,0.036033
48367140403,0.038392
48367140408,0.088392
48367140409,0.104757
48367140410,0.066769
48367140411,0.096487
48367140412,0.204888
48367140413,0.051194
48367140414,0.045161
48367140415,0.043417
48367140416,0.051324
48367140502,0.080879
48367140503,0.031283
48367140504,0.04829
48367140601,0.048845
48367140603,0.077777
48367140604,0.099722
48367140707,0.061936
48367140708,0.085954
48367140709,0.062107
48367140710,0.167663
48367140711,0.098694
48367140712,0.048739
48367140713,0.041204
48367140714,0.040885
48371950100,0.029452
48373210203,0.01995
48373210204,0.052946
48373210205,0.208341
48373210206,0.136008
48373210301,0.078225
48373210302,0.027928
48373210402,0.034796
48379950101,0.032909
48379950102,0.089505
48379950200,0.107045
48383950100,0.069245
48385950100,0.082222
48387950100,0.036033
48387950501,0.096456
48387950502,0.143537
48387950600,0.040078
48387950700,0.034098
48391950200,0.068314
48391950400,0.090432
48395960100,0.115115
48395960200,0.02812
48395960300,0.044475
48395960400,0.05337
48395960501,0.12721
48395960502,0.081725
48397040101,0.028442
48397040103,0.145978
48397040104,0.05108
48397040201,0.041505
48397040202,0.099029
48397040203,0.023968
48397040301,0.081195
48397040303,0.071986
48397040304,0.026823
48397040305,0.027718
48397040403,0.14703
48397040404,0.092881
48397040405,0.101546
48397040406,0.231737
48397040407,0.13118
48397040408,0.042766
48397040409,0.021855
48397040410,0.04625
48397040411,0.02713
48397040412,0.039916
48397040503,0.043484
48397040507,0.018281
48397040508,0.056115
48397040509,0.093967
48397040510,0.047146
48397040511,0.020279
48397040512,0.02559
48397040513,0.055319
48397040514,0.053838
48399950100,0.081111
48399950200,0.144904
48399950500,0.045923
48399950600,0.085709
48401950200,0.03244
48401950300,0.095207
48401950400,0.059788
48401950501,0.070379
48401950502,0.179665
48401951000,0.07265
48401951100,0.09149
48407200103,0.060219
48407200104,0.0382
48407200105,0.047899
48407200106,0.021968
48407200107,0.131846
48407200201,0.067086
48407200202,0.251421
48407200301,0.029133
48407200302,0.029261
48409010201,0.112755
48409010202,0.075286
48409010301,0.038841
48409010302,0.061245
48409010500,0.012756
48409010601,0.017123
48409010602,0.009055
48409010603,0.01228
48409010604,0.034052
48409010700,0.031619
48409010800,0.040711
48409010900,0.057948
48409011000,0.081321
48409011100,0.139062
48409011200,0.028553
48409011300,0.032715
48411950100,0.124865
48411950200,0.061889
48413950300,0.026805
48415950100,0.201442
48415950200,0.082016
48415950300,0.08892
48415950600,0.10842
48417950300,0.081011
48423000100,0.169177
48423000201,0.088074
48423000202,0.079119
48423000300,0.070113
48423000400,0.124725
48423000500,0.02571
48423000600,0.122334
48423000700,0.131239
48423000800,0.067519
48423000900,0.10635
48423001000,0.022389
48423001101,0.081627
48423001102,0.164795
48423001200,0.208687
48423001300,0.155984
48423001404,0.041185
48423001405,0.040729
48423001406,0.031796
48423001407,0.074384
48423001408,0.067628
48423001501,0.083021
48423001502,0.034035
48423001602,0.157988
48423001605,0.161473
48423001606,0.183987
48423001607,0.145982
48423001608,0.154904
48423001701,0.069202
48423001702,0.037437
48423001803,0.123742
48423001804,0.049451
48423001805,0.223586
48423001806,0.121125
48423001807,0.108407
48423001906,0.06538
48423001909,0.042869
48423001910,0.022834
48423001911,0.032968
48423001912,0.225802
48423001913,0.227585
48423001914,0.097432
48423001915,0.042184
48423001916,0.025523
48423001917,0.113768
48423002003,0.111243
48423002004,0.048494
48423002006,0.041997
48423002009,0.084302
48423002010,0.019932
48423002011,0.032561
48423002012,0.046643
48423002013,0.100175
48423002101,0.091607
48423002102,0.050548
48423002200,0.044928
48423980000,0.126236
48425000101,0.045566
48425000102,0.059774
48425000200,0.086893
48427950101,0.128173
48427950104,0.021397
48427950105,0.078663
48427950106,0.1589
48427950107,0.146552
48427950108,0.037496
48427950202,0.072449
48427950203,0.146256
48427950204,0.090824
48427950402,0.132103
48427950403,0.251019
48427950404,0.209365
48427950500,0.099429
48427950601,0.173605
48427950602,0.157952
48427950701,0.078928
48427950702,0.130439
48429950200,0.121665
48429950300,0.131357
48429950500,0.083624
48431950100,0.146509
48433950300,0.046896
48435950300,0.036339
48439100101,0.045514
48439100102,0.033195
48439100201,0.012136
48439100202,0.077265
48439100300,0.04688
48439100401,0.111685
48439100402,0.103475
48439100503,0.090565
48439100504,0.090815
48439100505,0.01753
48439100506,0.021932
48439100601,0.057447
48439100602,0.160046
48439100700,0.112953
48439100800,0.069429
48439100900,0.065437
48439101201,0.024547
48439101202,0.029608
48439101301,0.017666
48439101302,0.049153
48439101401,0.021408
48439101402,0.032652
48439101403,0.042115
48439101500,0.088217
48439101700,0.015763
48439102000,0.027461
48439102101,0.065705
48439102102,0.042146
48439102201,0.028564
48439102202,0.022113
48439102301,0.070368
48439102302,0.170959
48439102401,0.041581
48439102402,0.1191
48439102500,0.023178
48439102601,0.035343
48439102602,0.01739
48439102700,0.011085
48439103500,0.016044
48439103601,0.030462
48439103602,0.029529
48439103701,0.017235
48439103702,0.020948
48439103800,0.057569
48439104100,0.100277
48439104202,0.017818
48439104203,0.009527
48439104204,0.023918
48439104301,0.015199
48439104302,0.013004
48439104400,0.019162
48439104502,0.021619
48439104503,0.014443
48439104504,0.023458
48439104505,0.017324
48439104601,0.017127
48439104602,0.018535
48439104603,0.037926
48439104604,0.028501
48439104605,0.028373
48439104701,0.015293
48439104702,0.074277
48439104802,0.011622
48439104803,0.022643
48439104804,0.014254
48439104900,0.018048
48439105007,0.020171
48439105008,0.021003
48439105009,0.02396
48439105201,0.028043
48439105203,0.153185
48439105204,0.051249
48439105206,0.095725
48439105207,0.029616
48439105403,0.021374
48439105404,0.011966
48439105405,0.038124
48439105407,0.170531
48439105408,0.022855
48439105502,0.012345
48439105503,0.019011
48439105505,0.014413
48439105511,0.017707
48439105512,0.016484
48439105513,0.037476
48439105514,0.058273
48439105515,0.015662
48439105516,0.036926
48439105517,0.025807
48439105518,0.019257
48439105519,0.013036
48439105520,0.041352
48439105600,0.011752
48439105701,0.01564
48439105703,0.023823
48439105705,0.015254
48439105706,0.016766
48439105800,0.018337
48439105901,0.030263
48439105902,0.015499
48439106002,0.056019
48439106004,0.016768
48439106005,0.024136
48439106006,0.014695
48439106101,0.059915
48439106102,0.093335
48439106201,0.03059
48439106202,0.021599
48439106300,0.015134
48439106400,0.048703
48439106502,0.017712
48439106503,0.014674
48439106507,0.024825
48439106509,0.025777
48439106512,0.019366
48439106513,0.084659
48439106514,0.01528
48439106515,0.015785
48439106518,0.01317
48439106519,0.01952
48439106520,0.045223
48439106521,0.018573
48439106522,0.017637
48439106523,0.027266
48439106524,0.032151
48439106525,0.014829
48439106526,0.023754
48439106600,0.041042
48439106700,0.043444
48439110102,0.041136
48439110103,0.022197
48439110104,0.072214
48439110202,0.079413
48439110204,0.013681
48439110205,0.008782
48439110206,0.038484
48439110301,0.033467
48439110302,0.047801
48439110401,0.025651
48439110402,0.079764
48439110500,0.171492
48439110600,0.138645
48439110703,0.036697
48439110704,0.04922
48439110705,0.021573
48439110706,0.028899
48439110805,0.074524
48439110806,0.025792
48439110807,0.045481
48439110808,0.074395
48439110809,0.085355
48439110901,0.095119
48439110903,0.05492
48439110905,0.04456
48439110906,0.088445
48439110907,0.052342
48439111003,0.021944
48439111010,0.034638
48439111015,0.032252
48439111018,0.032503
48439111019,0.017547
48439111020,0.015256
48439111021,0.020398
48439111022,0.016916
48439111023,0.013145
48439111024,0.012016
48439111025,0.02852
48439111026,0.019579
48439111027,0.02262
48439111028,0.016135
48439111029,0.018024
48439111030,0.010962
48439111031,0.045139
48439111032,0.008604
48439111033,0.012867
48439111102,0.045069
48439111103,0.156767
48439111104,0.098256
48439111202,0.060205
48439111203,0.031275
48439111204,0.018487
48439111304,0.011511
48439111306,0.019788
48439111307,0.046685
48439111308,0.019361
48439111309,0.023912
48439111311,0.016026
48439111312,0.029635
48439111314,0.027674
48439111315,0.016091
48439111316,0.014041
48439111317,0.026325
48439111318,0.015349
48439111319,0.019277
48439111320,0.018068
48439111402,0.016515
48439111405,0.127267
48439111406,0.013834
48439111407,0.014726
48439111408,0.02493
48439111409,0.016094
48439111410,0.030122
48439111411,0.049766
48439111505,0.054978
48439111506,0.02693
48439111513,0.01747
48439111514,0.028943
48439111516,0.039855
48439111522,0.027327
48439111525,0.019973
48439111526,0.074035
48439111529,0.032176
48439111530,0.015124
48439111531,0.029553
48439111532,0.015361
48439111533,0.024437
48439111534,0.013772
48439111536,0.03646
48439111538,0.037201
48439111540,0.016436
48439111541,0.013157
48439111542,0.01199
48439111543,0.013886
48439111544,0.00982
48439111545,0.01971
48439111546,0.014587
48439111551,0.01082
48439111552,0.017383
48439111553,0.02556
48439111554,0.016892
48439111555,0.013313
48439111556,0.036549
48439111557,0.009345
48439111558,0.013889
48439111559,0.082703
48439111560,0.01605
48439111561,0.014014
48439111562,0.079796
48439111563,0.034266
48439111564,0.066208
48439111565,0.019133
48439111566,0.019779
48439111567,0.015272
48439111568,0.047387
48439111569,0.038841
48439111570,0.012619
48439111571,0.026189
48439111572,0.010761
48439113003,0.026307
48439113004,0.079145
48439113005,0.122913
48439113006,0.014328
48439113007,0.023153
48439113102,0.017847
48439113104,0.013035
48439113107,0.010511
48439113108,0.011775
48439113109,0.028905
48439113110,0.022335
48439113112,0.012904
48439113115,0.029399
48439113116,0.028738
48439113117,0.016054
48439113118,0.024054
48439113119,0.019385
48439113120,0.013242
48439113121,0.06995
48439113122,0.047733
48439113206,0.083767
48439113207,0.016502
48439113210,0.084512
48439113212,0.012223
48439113213,0.016949
48439113214,0.010546
48439113215,0.013811
48439113216,0.010691
48439113217,0.019816
48439113218,0.010321
48439113221,0.065701
48439113222,0.058277
48439113223,0.030495
48439113301,0.098242
48439113302,0.042423
48439113403,0.021921
48439113404,0.017109
48439113407,0.07729
48439113408,0.048088
48439113409,0.082176
48439113410,0.098274
48439113509,0.011985
48439113510,0.009416
48439113511,0.035691
48439113512,0.015018
48439113513,0.050862
48439113514,0.031704
48439113516,0.015406
48439113517,0.02567
48439113519,0.016003
48439113520,0.023114
48439113521,0.023986
48439113522,0.013673
48439113607,0.018512
48439113611,0.043895
48439113612,0.019036
48439113613,0.022479
48439113618,0.013531
48439113619,0.044442
48439113622,0.074549
48439113623,0.021167
48439113624,0.00926
48439113625,0.014573
48439113626,0.011474
48439113628,0.067719
48439113629,0.012166
48439113630,0.049513
48439113632,0.020151
48439113633,0.013484
48439113634,0.010159
48439113635,0.088907
48439113636,0.038395
48439113637,0.048922
48439113638,0.022641
48439113639,0.026024
48439113640,0.021492
48439113707,0.045213
48439113709,0.015533
48439113710,0.010039
48439113711,0.053386
48439113712,0.02433
48439113713,0.019272
48439113714,0.017049
48439113715,0.042189
48439113716,0.03633
48439113803,0.061032
48439113808,0.012886
48439113809,0.013003
48439113810,0.010256
48439113811,0.058176
48439113812,0.009334
48439113813,0.031648
48439113814,0.016308
48439113815,0.017975
48439113816,0.017173
48439113906,0.014058
48439113908,0.029084
48439113912,0.016784
48439113916,0.018169
48439113917,0.014501
48439113918,0.063551
48439113919,0.023023
48439113920,0.012682
48439113923,0.015314
48439113924,0.009038
48439113925,0.01281
48439113930,0.013912
48439113931,0.02214
48439113932,0.017336
48439113933,0.038073
48439113934,0.013743
48439113935,0.035978
48439113936,0.026483
48439113937,0.033091
48439113938,0.010713
48439113939,0.012472
48439113940,0.019262
48439113941,0.015229
48439113942,0.017215
48439113943,0.010683
48439113944,0.014942
48439113945,0.018204
48439113946,0.01752
48439113947,0.017474
48439113948,0.011381
48439113949,0.026936
48439113950,0.026733
48439113951,0.013748
48439113952,0.020602
48439113953,0.052003
48439113954,0.022153
48439113955,0.012625
48439113956,0.024959
48439113957,0.018849
48439113958,0.038473
48439114003,0.065142
48439114006,0.030338
48439114009,0.019906
48439114010,0.01933
48439114011,0.024613
48439114012,0.023403
48439114013,0.020921
48439114014,0.009704
48439114015,0.089661
48439114105,0.07562
48439114106,0.04862
48439114107,0.035909
48439114108,0.02643
48439114109,0.012105
48439114110,0.050352
48439114111,0.020145
48439114112,0.01889
48439114113,0.014607
48439114203,0.029223
48439114204,0.052013
48439114205,0.045866
48439114206,0.051366
48439114207,0.035429
48439121605,0.025381
48439121606,0.031879
48439121608,0.013276
48439121609,0.013037
48439121610,0.01919
48439121611,0.01549
48439121612,0.158158
48439121613,0.25191
48439121614,0.074886
48439121615,0.118891
48439121702,0.015755
48439121703,0.015153
48439121704,0.013077
48439121904,0.049939
48439121905,0.021671
48439121906,0.026682
48439121907,0.017578
48439121908,0.070105
48439122001,0.01213
48439122002,0.015359
48439122100,0.017976
48439122200,0.034938
48439122300,0.016522
48439122401,0.024626
48439122402,0.013981
48439122500,0.02503
48439122600,0.028493
48439122701,0.018911
48439122702,0.064625
48439122801,0.040845
48439122802,0.018162
48439122901,0.01802
48439122902,0.054553
48439123001,0.151949
48439123002,0.052639
48439123100,0.07185
48439123200,0.038366
48439123301,0.06037
48439123302,0.067408
48439123500,0.023018
48439123600,0.030841
48439123700,0.010742
48439980000,0.156239
48441010100,0.02531
48441010200,0.036717
48441010300,0.023651
48441010400,0.02122
48441010500,0.024579
48441010600,0.025722
48441010700,0.019624
48441010800,0.096427
48441010900,0.100522
48441011000,0.043059
48441011200,0.050992
48441011300,0.022692
48441011400,0.073894
48441011500,0.017799
48441011600,0.025675
48441011700,0.095364
48441011900,0.044188
48441012000,0.049485
48441012100,0.042293
48441012200,0.072329
48441012300,0.019961
48441012400,0.058711
48441012500,0.026136
48441012600,0.036671
48441012701,0.023328
48441012702,0.072698
48441012801,0.052551
48441012802,0.050562
48441012900,0.026313
48441013000,0.072358
48441013100,0.055967
48441013200,0.091465
48441013300,0.063359
48441013401,0.093344
48441013402,0.046497
48441013404,0.033877
48441013501,0.077188
48441013502,0.081488
48441013601,0.048418
48441013602,0.067286
48441980000,0.2067
48443950100,0.049187
48447950300,0.044369
48449950100,0.073815
48449950200,0.113125
48449950301,0.050448
48449950302,0.083216
48449950400,0.100453
48449950500,0.085011
48449950600,0.055308
48449950700,0.19235
48449950800,0.219364
48451000100,0.091639
48451000200,0.212936
48451000300,0.044558
48451000400,0.042716
48451000700,0.087776
48451000801,0.083844
48451000802,0.017724
48451000900,0.036425
48451001000,0.173901
48451001101,0.054898
48451001102,0.044173
48451001200,0.020757
48451001301,0.024399
48451001303,0.03083
48451001304,0.035285
48451001401,0.051734
48451001402,0.079357
48451001500,0.092816
48451001600,0.045512
48451001702,0.149925
48451001706,0.023633
48451001707,0.046351
48451001708,0.111143
48451001709,0.06026
48451001710,0.025186
48451001800,0.081999
48451980000,0.05364
48453000101,0.036121
48453000102,0.057814
48453000203,0.015998
48453000204,0.016799
48453000205,0.018886
48453000206,0.021846
48453000302,0.017459
48453000304,0.0181
48453000305,0.039135
48453000307,0.0431
48453000308,0.075857
48453000309,0.028685
48453000401,0.033139
48453000402,0.020791
48453000500,0.036464
48453000601,0.01577
48453000605,0.037388
48453000606,0.050712
48453000607,0.013896
48453000608,0.037781
48453000700,0.034256
48453000801,0.099069
48453000802,0.047276
48453000803,0.019356
48453000804,0.043927
48453000901,0.087636
48453000902,0.026533
48453001000,0.01998
48453001101,0.028111
48453001102,0.07291
48453001103,0.035609
48453001200,0.014615
48453001304,0.1282
48453001307,0.017655
48453001308,0.019774
48453001309,0.055043
48453001310,0.112832
48453001311,0.01481
48453001312,0.027551
48453001401,0.019729
48453001402,0.040573
48453001403,0.039595
48453001501,0.014402
48453001503,0.021093
48453001504,0.013809
48453001505,0.022269
48453001602,0.026162
48453001603,0.042212
48453001604,0.036907
48453001605,0.016911
48453001606,0.085061
48453001910,0.09591
48453001911,0.090115
48453001912,0.111375
48453001913,0.141504
48453001914,0.019761
48453001915,0.022297
48453001916,0.01857
48453001917,0.175531
48453001918,0.072432
48453001919,0.0257
48453001920,0.056229
48453001921,0.135719
48453001922,0.131127
48453001923,0.181726
48453002002,0.019968
48453002003,0.014279
48453002004,0.024019
48453002006,0.017666
48453002007,0.046995
48453002104,0.024089
48453002105,0.017569
48453002106,0.032895
48453002107,0.021773
48453002108,0.023485
48453002109,0.024488
48453002110,0.083265
48453002111,0.039416
48453002112,0.019627
48453002113,0.015903
48453002201,0.022216
48453002211,0.023187
48453002213,0.028102
48453002214,0.034935
48453002215,0.051441
48453002216,0.02754
48453002217,0.158343
48453002218,0.229996
48453002219,0.058163
48453002220,0.034968
48453002221,0.020723
48453002222,0.026617
48453002304,0.028771
48453002307,0.031806
48453002310,0.110188
48453002313,0.034501
48453002314,0.020616
48453002315,0.027739
48453002316,0.032757
48453002319,0.123497
48453002320,0.040061
48453002321,0.031107
48453002322,0.025098
48453002323,0.02439
48453002324,0.025327
48453002325,0.044509
48453002326,0.178414
48453002327,0.031541
48453002403,0.017958
48453002407,0.025462
48453002409,0.016497
48453002410,0.021317
48453002411,0.022029
48453002412,0.02485
48453002413,0.05307
48453002419,0.01886
48453002422,0.044595
48453002423,0.018032
48453002424,0.043841
48453002430,0.017994
48453002432,0.059053
48453002434,0.147195
48453002436,0.158753
48453002437,0.037858
48453002438,0.020159
48453002439,0.018987
48453002440,0.018289
48453002441,0.022703
48453002442,0.023739
48453002443,0.054787
48453002444,0.035298
48453002445,0.024413
48453002446,0.030733
48453002447,0.048677
48453002448,0.024453
48453002449,0.040855
48453002450,0.119001
48453002451,0.040986
48453002452,0.063481
48453002453,0.092094
48453002500,0.029702
48453030000,0.082953
48453030100,0.063146
48453030200,0.021653
48453030300,0.018261
48453030400,0.018487
48453030500,0.020465
48453030600,0.026397
48453030700,0.02087
48453030800,0.017092
48453030900,0.022563
48453031000,0.024309
48453031100,0.179075
48453031200,0.023014
48453031300,0.020867
48453031400,0.020701
48453031500,0.018853
48453031600,0.031591
48453031700,0.017263
48453031800,0.031955
48453031900,0.02904
48453032000,0.021845
48453032100,0.019001
48453032200,0.023748
48453032300,0.038662
48453032400,0.021156
48453032500,0.025521
48453032600,0.016556
48453032700,0.016375
48453032800,0.209645
48453032900,0.027374
48453033000,0.092491
48453033100,0.069702
48453033200,0.031749
48453033300,0.027833
48453033400,0.028224
48453033500,0.023446
48453033600,0.096435
48453033700,0.01654
48453033800,0.020561
48453033900,0.021097
48453034000,0.089033
48453034100,0.016475
48453034200,0.029561
48453034300,0.01708
48453034400,0.015952
48453034500,0.026981
48453034600,0.040533
48453034700,0.029545
48453034800,0.021461
48453034900,0.025199
48453035000,0.021902
48453035100,0.02413
48453035200,0.059887
48453035300,0.255819
48453035400,0.067321
48453035500,0.011659
48453035600,0.143545
48453035700,0.039854
48453035800,0.026942
48453035900,0.058021
48453036000,0.026123
48453036100,0.039803
48453036200,0.020441
48453036300,0.069225
48453036400,0.14463
48453036500,0.172443
48453036600,0.140777
48453036700,0.132161
48453036800,0.088096
48453036900,0.042329
48453037000,0.149759
48453037100,0.151527
48453037200,0.01348
48453037300,0.026194
48453037400,0.102918
48453037500,0.076574
48453037600,0.026797
48453040000,0.024678
48453040100,0.057518
48453040200,0.016299
48453040300,0.025631
48453040400,0.022572
48453040500,0.016855
48453040600,0.043107
48453040700,0.026405
48453040800,0.018678
48453040900,0.171355
48453041000,0.15686
48453041100,0.204655
48453041200,0.035827
48453041300,0.014666
48453041400,0.028968
48453041500,0.046214
48453041600,0.030879
48453041700,0.03937
48453041800,0.027505
48453041900,0.061666
48453042000,0.026709
48453042100,0.020842
48453042200,0.022026
48453042300,0.035713
48453042400,0.032887
48453042500,0.018636
48453042600,0.027098
48453042700,0.013117
48453042800,0.019128
48453042900,0.016067
48453043000,0.020342
48453043100,0.086526
48453043200,0.195452
48453043300,0.019138
48453043400,0.019984
48453043500,0.047578
48453043600,0.021961
48453043700,0.074926
48453043800,0.019124
48453043900,0.013544
48453044000,0.019479
48453044100,0.018195
48453044200,0.015918
48453044300,0.025147
48453044400,0.019614
48453044500,0.018118
48453044600,0.012936
48453044700,0.020559
48453044800,0.033409
48453044900,0.067861
48453045000,0.017586
48453045100,0.04244
48453045200,0.024038
48453045300,0.018243
48453045400,0.036529
48453045500,0.023623
48453045600,0.066186
48453045700,0.058702
48453045800,0.176084
48453045900,0.175655
48453046000,0.064562
48453046100,0.044697
48453046200,0.054661
48453046300,0.039652
48453046400,0.01438
48453046500,0.02209
48453046600,0.027606
48453046700,0.048058
48453046800,0.017031
48453046900,0.013139
48453047000,0.033775
48453980000,0.101135
48455950100,0.10456
48455950200,0.04617
48455950300,0.121742
48455950400,0.0606
48455950500,0.075235
48459950101,0.058011
48459950102,0.160658
48459950200,0.054196
48459950301,0.098429
48459950302,0.04332
48459950400,0.180263
48459950501,0.061917
48459950502,0.044109
48459950600,0.036417
48459950700,0.10104
48461950100,0.055581
48463950100,0.073903
48463950201,0.105106
48463950202,0.044663
48463950300,0.092493
48463950400,0.101095
48463950500,0.107511
48465950202,0.093593
48465950203,0.136053
48465950301,0.050842
48465950302,0.094383
48465950400,0.117403
48465950501,0.088998
48465950502,0.057943
48465950601,0.2492
48465950602,0.140534
48465950701,0.098615
48465950702,0.104087
48465950801,0.202162
48465950802,0.118001
48465980000,0.062489
48467950100,0.040572
48467950200,0.049521
48467950300,0.05918
48467950400,0.032854
48467950500,0.02955
48467950601,0.101842
48467950602,0.061439
48467950700,0.096664
48467950801,0.040193
48467950802,0.0775
48467950901,0.034717
48467950902,0.152703
48467951001,0.025396
48467951002,0.032207
48469000100,0.182168
48469000201,0.164021
48469000202,0.013493
48469000301,0.146142
48469000302,0.142567
48469000400,0.126891
48469000501,0.049644
48469000502,0.027363
48469000601,0.056524
48469000602,0.034739
48469000700,0.024781
48469000800,0.037032
48469001300,0.126378
48469001401,0.12699
48469001402,0.023046
48469001501,0.103161
48469001503,0.087943
48469001504,0.100703
48469001601,0.009583
48469001604,0.008454
48469001605,0.093685
48469001607,0.080092
48469001608,0.011806
48469001700,0.03415
48469980000,0.300923
48471790101,0.028487
48471790102,0.063916
48471790103,0.093403
48471790200,0.058651
48471790301,0.036067
48471790302,0.030817
48471790401,0.139219
48471790402,0.052961
48471790500,0.089488
48471790600,0.047588
48471790700,0.04506
48471790800,0.043701
48473680100,0.027909
48473680201,0.028567
48473680202,0.056798
48473680301,0.032433
48473680302,0.067954
48473680303,0.040315
48473680501,0.025285
48473680502,0.059564
48473680601,0.137236
48473680602,0.025251
48473980000,0.04208
48477170100,0.087319
48477170201,0.083541
48477170202,0.13048
48477170300,0.056022
48477170400,0.074923
48477170501,0.065218
48477170502,0.070613
48477170601,0.058506
48477170602,0.178995
48479000101,0.041757
48479000105,0.063877
48479000106,0.04165
48479000107,0.033027
48479000108,0.013414
48479000109,0.140936
48479000200,0.036041
48479000300,0.0237
48479000601,0.01753
48479000602,0.041366
48479000700,0.043103
48479000800,0.010999
48479000901,0.021476
48479000903,0.049228
48479000904,0.010439
48479001001,0.011239
48479001003,0.025417
48479001004,0.018652
48479001101,0.050907
48479001103,0.101942
48479001104,0.025648
48479001105,0.122667
48479001201,0.026443
48479001202,0.026732
48479001300,0.041702
48479001401,0.029724
48479001402,0.028147
48479001501,0.098096
48479001502,0.027427
48479001601,0.016034
48479001602,0.019141
48479001706,0.040056
48479001709,0.012997
48479001710,0.136333
48479001711,0.028344
48479001714,0.06956
48479001715,0.074526
48479001716,0.009016
48479001717,0.087667
48479001718,0.017704
48479001719,0.013184
48479001720,0.070299
48479001721,0.024949
48479001722,0.012796
48479001723,0.014799
48479001724,0.040745
48479001725,0.015481
48479001726,0.035201
48479001727,0.010649
48479001806,0.021738
48479001809,0.088492
48479001810,0.197153
48479001811,0.087824
48479001813,0.255235
48479001815,0.044747
48479001816,0.160573
48479001818,0.201488
48479001819,0.138483
48479001820,0.113176
48479001821,0.01093
48479001822,0.010995
48479001823,0.011199
48479001824,0.062922
48479001825,0.025924
48479001826,0.050944
48479001827,0.123518
48479001828,0.024963
48479001900,0.014387
48479980000,0.073541
48481740100,0.017791
48481740200,0.055152
48481740300,0.020577
48481740400,0.076039
48481740500,0.013741
48481740600,0.071363
48481740700,0.061184
48481740800,0.076528
48481740901,0.033406
48481740902,0.119182
48481741000,0.028666
48481741100,0.090014
48489950300,0.128166
48489950400,0.028005
48489950500,0.025149
48489950600,0.087486
48489950700,0.038532
48491020106,0.065657
48491020108,0.034994
48491020109,0.033871
48491020111,0.034503
48491020113,0.044881
48491020114,0.06052
48491020115,0.023334
48491020116,0.074869
48491020117,0.200798
48491020118,0.050038
48491020119,0.022865
48491020120,0.065932
48491020121,0.077224
48491020122,0.153924
48491020123,0.101456
48491020124,0.163277
48491020201,0.039401
48491020203,0.017531
48491020205,0.036532
48491020206,0.120824
48491020207,0.15823
48491020208,0.255577
48491020310,0.016939
48491020311,0.038969
48491020319,0.016095
48491020321,0.124796
48491020323,0.015035
48491020325,0.070046
48491020326,0.028267
48491020327,0.086257
48491020329,0.083056
48491020330,0.061281
48491020331,0.064878
48491020332,0.073474
48491020333,0.012147
48491020334,0.012715
48491020335,0.017262
48491020336,0.013117
48491020337,0.030192
48491020338,0.015799
48491020339,0.017844
48491020340,0.019274
48491020341,0.019896
48491020342,0.182135
48491020343,0.016815
48491020344,0.142633
48491020345,0.017584
48491020346,0.02143
48491020347,0.016719
48491020348,0.02475
48491020349,0.042041
48491020350,0.012155
48491020351,0.022607
48491020352,0.03284
48491020353,0.019297
48491020354,0.01237
48491020355,0.046231
48491020356,0.031025
48491020403,0.012681
48491020404,0.011671
48491020405,0.015434
48491020406,0.01828
48491020408,0.034032
48491020409,0.05349
48491020410,0.012301
48491020411,0.024316
48491020503,0.032874
48491020505,0.041443
48491020507,0.021156
48491020508,0.036266
48491020509,0.020813
48491020511,0.042139
48491020512,0.044604
48491020513,0.053128
48491020514,0.018308
48491020515,0.029635
48491020516,0.016008
48491020517,0.027045
48491020602,0.027909
48491020604,0.021793
48491020606,0.020408
48491020607,0.032133
48491020608,0.015902
48491020609,0.02504
48491020701,0.028693
48491020704,0.017807
48491020706,0.035794
48491020707,0.014799
48491020709,0.022474
48491020710,0.084499
48491020711,0.115083
48491020712,0.014434
48491020713,0.019662
48491020808,0.047606
48491020810,0.042
48491020811,0.020554
48491020812,0.030762
48491020813,0.017875
48491020814,0.025442
48491020815,0.02898
48491020816,0.122454
48491020817,0.133105
48491020818,0.138366
48491020819,0.064362
48491020820,0.018824
48491020821,0.031347
48491020822,0.11293
48491020900,0.029327
48491021000,0.11121
48491021100,0.021543
48491021201,0.060268
48491021202,0.132476
48491021203,0.179241
48491021300,0.041601
48491021402,0.048676
48491021404,0.166101
48491021405,0.044677
48491021406,0.061122
48491021407,0.036018
48491021502,0.039223
48491021503,0.044594
48491021506,0.045661
48491021509,0.0204
48491021510,0.020895
48491021511,0.049732
48491021512,0.046083
48491021513,0.023535
48491021514,0.012307
48491021515,0.041344
48491021516,0.018959
48491021517,0.023676
48491021518,0.011222
48491021601,0.051521
48491021602,0.093054
48491021603,0.026638
48493000102,0.08622
48493000103,0.021991
48493000104,0.080812
48493000201,0.063929
48493000202,0.032108
48493000300,0.120999
48493000402,0.127851
48493000404,0.159096
48493000405,0.031007
48493000406,0.186657
48493000500,0.147843
48493000600,0.030961
48497150101,0.048769
48497150103,0.174891
48497150104,0.030085
48497150201,0.127857
48497150202,0.094839
48497150300,0.044764
48497150402,0.060312
48497150403,0.037084
48497150404,0.070805
48497150405,0.111309
48497150500,0.132532
48497150603,0.066145
48497150604,0.06429
48497150605,0.040605
48497150606,0.099065
48497150607,0.131277
48499950100,0.052033
48499950200,0.063449
48499950301,0.033777
48499950303,0.061163
48499950304,0.08386
48499950401,0.07619
48499950402,0.205428
48499950500,0.064898
48499950601,0.03519
48499950602,0.049973
48499950700,0.047838
48499950800,0.119225
48503950200,0.043447
48503950401,0.166528
48503950402,0.046695
48503950500,0.082728
48503950600,0.091229
48505950303,0.207447
48505950304,0.153363
48505950305,0.211951
48505950306,0.254671
48505950401,0.182539
48505950402,0.126028
48507950100,0.188065
48507950200,0.149473
48507950301,0.094855
48507950302,0.092142
53001950100,0.086695
53001950200,0.175376
53001950301,0.062238
53001950302,0.090016
53001950303,0.20295
53001950400,0.103055
53001950500,0.023548
53003960100,0.09937
53003960200,0.055268
53005010100,0.132587
53005010201,0.098768
53005010203,0.016478
53005010204,0.079103
53005010300,0.130603
53005010400,0.016853
53005010500,0.109969
53005010600,0.043283
53005010701,0.058092
53005010703,0.104651
53005010705,0.022447
53005010707,0.019169
53005010708,0.144914
53005010807,0.05617
53005010809,0.033146
53005010810,0.01668
53005010811,0.041993
53005010814,0.055625
53005010815,0.026221
53005010816,0.029248
53005010817,0.019652
53005010818,0.022993
53005010819,0.0296
53005010820,0.034902
53005010901,0.043729
53005010902,0.02429
53005011001,0.039625
53005011002,0.040433
53005011100,0.035578
53005011201,0.018878
53005011202,0.056962
53005011300,0.061849
53005011401,0.023249
53005011402,0.032544
53005011501,0.126269
53005011504,0.024572
53005011505,0.100749
53005011506,0.155334
53005011600,0.108521
53005011701,0.030216
53005011702,0.037698
53005011801,0.048153
53005011802,0.066355
53005011900,0.042743
53005012000,0.059949
53007960100,0.098386
53007960201,0.107537
53007960202,0.074977
53007960203,0.081813
53007960301,0.126126
53007960302,0.070418
53007960303,0.114291
53007960400,0.08508
53007960501,0.065065
53007960502,0.091652
53007960600,0.160613
53007960700,0.04162
53007960801,0.02225
53007960803,0.02031
53007960804,0.067988
53007961001,0.018599
53007961002,0.09015
53007961101,0.020664
53007961102,0.023273
53007961200,0.053417
53007961301,0.024501
53007961303,0.018448
53007961304,0.024216
53013960200,0.048202
53017950101,0.093379
53017950102,0.134579
53017950200,0.09915
53017950300,0.037606
53017950400,0.039205
53017950500,0.026555
53017950600,0.019814
53017950700,0.018739
53017950800,0.021071
53019940000,0.044336
53019970100,0.094538
53019970200,0.093292
53021020101,0.13128
53021020102,0.058317
53021020103,0.033535
53021020201,0.021663
53021020202,0.020567
53021020300,0.031061
53021020401,0.036253
53021020402,0.022893
53021020403,0.021133
53021020404,0.024853
53021020501,0.062881
53021020503,0.028808
53021020504,0.027008
53021020603,0.019468
53021020605,0.036329
53021020606,0.028662
53021020607,0.016554
53021020608,0.036959
53021020700,0.175719
53021020801,0.118699
53021020802,0.144215
53021980100,0.022424
53023970300,0.073201
53025010100,0.135548
53025010200,0.041165
53025010300,0.157943
53025010401,0.15883
53025010402,0.075584
53025010500,0.067169
53025010600,0.125182
53025010700,0.112044
53025010800,0.031869
53025010901,0.041003
53025010903,0.028423
53025010904,0.01692
53025011001,0.067545
53025011002,0.033225
53025011101,0.068634
53025011102,0.092685
53025011200,0.060626
53025011300,0.089412
53025011401,0.173766
53025011403,0.034833
53025011404,0.146692
53025011405,0.23926
53025011406,0.080705
53033031502,0.13032
53033032706,0.052607
53033032800,0.090982
53037975101,0.082111
53037975102,0.040363
53037975103,0.065973
53037975104,0.100986
53037975201,0.067193
53037975202,0.042743
53037975203,0.200837
53037975300,0.078903
53037975402,0.078133
53037975403,0.020612
53037975404,0.047338
53037975500,0.063311
53037975600,0.080897
53037975700,0.1126
53039950101,0.078476
53039950102,0.094401
53039950103,0.185524
53039950200,0.097802
53039950302,0.087131
53041972000,0.064371
53043960100,0.163278
53043960200,0.118437
53043960300,0.087815
53043960400,0.100276
53047940100,0.120985
53047940200,0.106931
53047970301,0.041757
53047970302,0.161039
53047970303,0.146089
53047970400,0.079603
53047970500,0.146593
53047970601,0.118153
53047970602,0.159563
53047970700,0.079469
53047970800,0.055818
53047970900,0.086937
53047971000,0.113341
53051970100,0.103731
53051970200,0.099394
53051970300,0.064095
53051970400,0.060622
53051970500,0.083106
53053070100,0.09514
53057951101,0.151667
53057951102,0.08581
53057951200,0.039744
53059950100,0.059999
53059950400,0.126806
53061053606,0.026904
53061053700,0.040199
53061053801,0.05088
53061053803,0.059657
53063000201,0.040501
53063000202,0.043316
53063000301,0.023692
53063000302,0.036453
53063000400,0.032967
53063000500,0.092704
53063000600,0.02082
53063000700,0.039101
53063000800,0.083277
53063000900,0.035582
53063001000,0.02786
53063001100,0.017891
53063001200,0.069212
53063001300,0.068747
53063001400,0.046244
53063001500,0.087763
53063001600,0.020956
53063001800,0.156561
53063001900,0.030465
53063002000,0.080747
53063002100,0.112656
53063002300,0.027892
53063002400,0.028836
53063002501,0.042294
53063002502,0.03102
53063002503,0.061691
53063002600,0.02962
53063002900,0.02014
53063003000,0.027396
53063003100,0.027351
53063003200,0.023208
53063003500,0.046477
53063003601,0.029237
53063003602,0.030367
53063003800,0.033441
53063003900,0.041217
53063004001,0.032334
53063004002,0.02794
53063004100,0.025799
53063004200,0.024083
53063004300,0.021471
53063004400,0.026644
53063004500,0.023623
53063004601,0.043337
53063004602,0.01816
53063004701,0.020615
53063004702,0.037346
53063004800,0.022005
53063004900,0.058629
53063005000,0.030172
53063010101,0.148341
53063010102,0.278202
53063010201,0.081359
53063010203,0.02904
53063010204,0.065884
53063010301,0.039234
53063010303,0.058303
53063010304,0.077517
53063010305,0.165502
53063010401,0.085931
53063010403,0.081305
53063010404,0.031957
53063010504,0.182663
53063010505,0.143972
53063010506,0.027261
53063010507,0.090047
53063010508,0.043916
53063010601,0.136565
53063010603,0.040869
53063010604,0.023569
53063010701,0.046069
53063010702,0.020315
53063010800,0.066308
53063010901,0.078929
53063010902,0.023443
53063011000,0.049509
53063011102,0.030974
53063011103,0.039954
53063011104,0.033662
53063011202,0.034584
53063011203,0.031057
53063011204,0.047188
53063011301,0.021969
53063011302,0.041152
53063011400,0.023484
53063011500,0.253161
53063011600,0.159977
53063011701,0.084994
53063011702,0.051352
53063011800,0.093338
53063011900,0.107553
53063012000,0.034728
53063012100,0.039318
53063012200,0.042639
53063012300,0.097764
53063012401,0.046506
53063012402,0.08824
53063012500,0.093008
53063012600,0.190115
53063012701,0.208416
53063012702,0.227704
53063012801,0.112291
53063012802,0.017977
53063012901,0.026759
53063012902,0.019215
53063013001,0.020008
53063013002,0.033203
53063013003,0.025503
53063013101,0.023108
53063013102,0.083454
53063013201,0.058181
53063013300,0.092862
53063013401,0.034478
53063013501,0.066043
53063013502,0.065023
53063013503,0.04204
53063013600,0.045757
53063013700,0.028971
53063013800,0.25997
53063013900,0.108264
53063014001,0.103977
53063014002,0.10733
53063014100,0.093714
53063014200,0.090577
53063014300,0.045884
53063014400,0.028428
53063014500,0.061539
53065941000,0.139796
53065950101,0.153484
53065950102,0.111504
53065950200,0.046129
53065950300,0.139862
53065950500,0.114391
53065950600,0.135231
53065950700,0.177277
53065950800,0.117761
53065950900,0.049602
53065951100,0.072077
53065951301,0.069276
53065951302,0.296879
53065951401,0.070808
53065951402,0.052225
53071920000,0.084982
53071920100,0.062064
53071920200,0.022533
53071920302,0.020499
53071920400,0.072221
53071920500,0.032568
53071920600,0.036593
53071920701,0.036707
53071920702,0.018515
53071920801,0.019799
53071920802,0.062059
53071920901,0.018151
53073010103,0.153017
53075000100,0.141472
53075000201,0.142632
53075000202,0.178015
53075000300,0.098721
53075000400,0.238926
53075000500,0.154409
53075000601,0.082442
53075000602,0.140139
53075000700,0.069489
53075000800,0.060987
53075000900,0.063723
53075001000,0.14528
53077000100,0.027897
53077000200,0.023157
53077000301,0.062159
53077000302,0.044866
53077000401,0.021073
53077000402,0.035081
53077000500,0.024745
53077000600,0.019976
53077000700,0.029775
53077000800,0.019053
53077000902,0.022403
53077000903,0.023895
53077000904,0.01744
53077001000,0.021316
53077001100,0.028105
53077001201,0.020109
53077001202,0.032434
53077001300,0.070925
53077001400,0.025411
53077001502,0.028021
53077001503,0.025433
53077001504,0.032689
53077001601,0.06506
53077001602,0.048994
53077001701,0.117712
53077001702,0.033354
53077001801,0.084933
53077001802,0.132088
53077001901,0.074597
53077001902,0.024982
53077002003,0.022527
53077002004,0.057966
53077002005,0.040975
53077002006,0.037239
53077002101,0.118761
53077002103,0.045478
53077002104,0.028833
53077002201,0.040639
53077002202,0.077038
53077002701,0.037392
53077002801,0.034859
53077002803,0.026593
53077002804,0.021243
53077002900,0.036659
53077003002,0.033806
53077003003,0.081309
53077003004,0.092601
53077003100,0.060543
53077003200,0.033107
53077003400,0.031017
53077940001,0.034973
53077940002,0.042231
53077940003,0.109534
53077940005,0.064596
53077940006,0.019886
53077940007,0.026109
53077940008,0.040388
