GEOID,coverage_gap_score
40001376600,0.088054
40001376700,0.082117
40001376800,0.141938
40001376900,0.155302
40001377000,0.128171
40003955600,0.118954
40003955700,0.094197
40003956000,0.109635
40005587600,0.124262
40005587700,0.15882
40005587800,0.136409
40005587900,0.047095
40009966100,0.170576
40009966200,0.207198
40009966800,0.14657
40011958600,0.209858
40011958700,0.20685
40011958800,0.103625
40011958900,0.163175
40011959000,0.155426
40013795600,0.13884
40013795700,0.081987
40013795900,0.054362
40013796002,0.110673
40013796003,0.104554
40013796004,0.388093
40013796101,0.106393
40013796102,0.124756
40013796200,0.166179
40013796300,0.088047
40013796400,0.106335
40013796500,0.127376
40013796600,0.089209
40015161601,0.144328
40015161602,0.166933
40015161700,0.13764
40015161800,0.114065
40015161900,0.08
40015162000,0.145331
40015162101,0.201142
40015162102,0.201516
40015162200,0.121867
40015162300,0.130623
40017300100,0.240851
40017300201,0.137276
40017300202,0.168445
40017300300,0.246216
40017300400,0.254515
40017300500,0.23616
40017300600,0.176948
40017300701,0.119659
40017300702,0.082838
40017300802,0.280731
40017300803,0.159683
40017300804,0.266038
40017300805,0.170764
40017300806,0.14908
40017300901,0.145088
40017300902,0.1415
40017300904,0.089809
40017300905,0.065448
40017301001,0.058955
40017301003,0.170807
40017301006,0.038527
40017301010,0.240396
40017301011,0.15355
40017301012,0.073483
40017301013,0.042517
40017301014,0.075649
40017301015,0.056081
40017301100,0.074992
40017301201,0.233248
40017301202,0.195954
40017301301,0.157666
40017301302,0.17515
40017301406,0.134209
40017301407,0.205365
40017301408,0.204712
40017301409,0.270964
40017301410,0.205527
40019892100,0.134744
40019892200,0.192757
40019892301,0.183988
40019892302,0.178899
40019892400,0.139094
40019892501,0.200181
40019892502,0.115225
40019892601,0.244655
40019892602,0.184735
40019892700,0.156443
40019892801,0.021839
40019892802,0.199504
40019892900,0.051596
40019893001,0.174053
40019893002,0.13736
40019893100,0.062293
40021977600,0.176145
40021977701,0.186406
40021977702,0.194367
40021977801,0.105094
40021977802,0.106534
40021977901,0.243652
40021977902,0.067232
40021978000,0.108292
40021978100,0.156143
40021978201,0.122689
40021978202,0.079506
40021978301,0.139489
40021978302,0.226031
40023966900,0.125302
40023967000,0.115573
40023967100,0.176416
40023967200,0.181551
40023967300,0.17129
40027200100,0.030351
40027200200,0.051752
40027200300,0.017897
40027200400,0.017979
40027200500,0.022222
40027200602,0.054652
40027200603,0.0233
40027200604,0.210958
40027200700,0.205748
40027200800,0.144077
40027200900,0.023912
40027201000,0.056777
40027201102,0.0242
40027201103,0.06023
40027201104,0.118523
40027201201,0.026326
40027201202,0.021785
40027201204,0.01589
40027201205,0.054442
40027201302,0.168635
40027201303,0.06084
40027201403,0.123927
40027201404,0.135181
40027201405,0.075519
40027201505,0.070244
40027201508,0.023485
40027201509,0.029701
40027201511,0.010999
40027201512,0.067785
40027201513,0.093392
40027201514,0.026552
40027201602,0.207275
40027201603,0.096587
40027201604,0.081304
40027201607,0.029893
40027201609,0.075107
40027201610,0.114697
40027201611,0.026873
40027201612,0.083164
40027201700,0.096218
40027201801,0.016497
40027201802,0.019639
40027201902,0.035589
40027201903,0.059843
40027201904,0.058752
40027202002,0.016359
40027202004,0.037823
40027202005,0.020762
40027202006,0.034434
40027202007,0.175851
40027202008,0.013902
40027202102,0.06334
40027202104,0.030891
40027202105,0.133109
40027202106,0.101378
40027202107,0.21857
40027202201,0.168823
40027202203,0.107736
40027202205,0.015871
40027202207,0.054328
40027202208,0.061748
40027202301,0.217823
40027202302,0.042738
40027202403,0.1489
40027202404,0.184041
40027202405,0.089651
40027202406,0.053311
40027202407,0.261589
40027202501,0.181022
40027202502,0.164741
40027202600,0.145463
40029388100,0.113228
40029388200,0.163296
40031000100,0.115731
40031000200,0.137692
40031000300,0.051216
40031000402,0.086408
40031000403,0.013682
40031000404,0.017416
40031000405,0.091636
40031000503,0.020527
40031000504,0.022285
40031000505,0.023718
40031000506,0.054281
40031000600,0.02099
40031000700,0.011511
40031000800,0.020537
40031000900,0.012047
40031001000,0.016627
40031001100,0.01424
40031001400,0.019318
40031001500,0.019985
40031001600,0.015315
40031001700,0.026756
40031001901,0.0713
40031001902,0.166279
40031002001,0.022918
40031002003,0.200241
40031002004,0.179345
40031002005,0.077254
40031002101,0.128518
40031002102,0.12885
40031002201,0.122799
40031002202,0.15508
40031002301,0.095104
40031002302,0.061971
40031002401,0.218877
40031002403,0.178763
40031002405,0.122553
40031002406,0.03429
40031002500,0.027098
40033871100,0.120905
40033871200,0.222293
40035373100,0.068943
40035373200,0.124455
40035373300,0.162661
40035373400,0.143123
40035373500,0.123477
40037020101,0.204612
40037020102,0.205157
40037020103,0.135913
40037020602,0.118569
40037020603,0.163219
40037020604,0.042325
40037020702,0.138317
40037020704,0.205473
40037020705,0.244866
40037020706,0.136509
40037020707,0.247889
40037020800,0.095437
40037020900,0.177688
40037021000,0.165529
40037021101,0.123354
40037021102,0.098873
40037021201,0.177391
40037021202,0.243517
40037021300,0.201132
40037021401,0.167848
40037021402,0.201037
40037021500,0.105312
40037021600,0.287486
40039950800,0.188737
40039960401,0.186776
40039960402,0.151042
40039960600,0.161924
40039960701,0.129473
40039960702,0.323675
40039961000,0.119259
40041375601,0.159619
40041375602,0.295409
40041375701,0.192108
40041375702,0.169784
40041375803,0.068441
40041375804,0.250485
40041375805,0.421935
40041375806,0.168382
40041375901,0.210293
40041375902,0.120426
40041376000,0.168662
40041376100,0.153053
40041976200,0.151594
40043959100,0.133952
40043959200,0.172942
40043959300,0.149437
40045952600,0.156112
40045952800,0.174637
40047000101,0.054912
40047000102,0.098897
40047000200,0.221362
40047000601,0.201816
40047000602,0.261626
40047000701,0.018138
40047000702,0.107347
40047001100,0.12975
40047001200,0.095706
40047001301,0.152036
40047001302,0.149536
40047001401,0.210687
40047001402,0.238813
40047001500,0.203151
40047001602,0.150902
40047001603,0.166322
40047001604,0.183581
40049681100,0.174092
40049681200,0.15612
40049681300,0.160308
40049681400,0.180932
40049681500,0.135198
40049681600,0.085616
40049681700,0.176521
40049681800,0.138037
40049681900,0.158918
40051000100,0.205543
40051000400,0.070267
40051000501,0.033059
40051000502,0.176881
40051000600,0.136844
40051000701,0.089374
40051000702,0.125696
40051000801,0.166515
40051000802,0.153065
40051000901,0.127407
40051000902,0.161995
40051000904,0.336483
40051000905,0.181615
40051000906,0.14327
40051001000,0.208215
40053956400,0.199916
40053956500,0.098893
40055967100,0.225817
40055967200,0.166558
40059952100,0.114899
40059952200,0.117679
40061279100,0.083419
40061279200,0.170283
40061279300,0.107569
40061279400,0.118882
40063484600,0.10976
40063484700,0.136146
40063484800,0.168806
40063484900,0.180309
40063485000,0.189191
40065968100,0.105469
40065968200,0.158517
40065968300,0.187372
40065968400,0.145332
40065968500,0.11974
40065968600,0.190751
40065968700,0.242525
40065968800,0.278746
40067371600,0.130969
40067371700,0.133412
40067371800,0.139293
40069660198,0.143059
40069660201,0.156946
40069660202,0.363596
40069660300,0.169032
40071000100,0.025318
40071000201,0.108315
40071000202,0.112297
40071000300,0.063247
40071000400,0.174327
40071000500,0.103929
40071000600,0.124188
40071001100,0.190087
40071001200,0.19954
40071001301,0.250639
40071001302,0.169398
40073958100,0.140523
40073958200,0.081477
40073958300,0.113182
40073958400,0.082132
40075963600,0.11504
40075963700,0.11144
40075964200,0.113259
40077087100,0.111961
40077087200,0.13174
40077087300,0.120164
40079040102,0.113941
40079040198,0.138349
40079040299,0.084428
40079040301,0.077289
40079040302,0.054281
40079040303,0.064775
40079040401,0.127261
40079040402,0.154483
40079040500,0.09614
40079040601,0.119746
40079040602,0.125914
40079040700,0.139553
40081961100,0.139127
40081961200,0.079189
40081961300,0.098347
40081961401,0.134663
40081961402,0.0593
40081961500,0.179384
40081961600,0.094495
40081961700,0.119658
40083600101,0.136239
40083600200,0.18284
40083600300,0.178245
40083600401,0.13279
40083600402,0.084911
40083600501,0.13125
40083600502,0.179898
40083600600,0.144256
40083600700,0.184391
40083600801,0.052996
40083600802,0.137296
40083600903,0.132473
40083601000,0.16327
40085094100,0.219569
40085094200,0.154536
40085094300,0.226755
40087400103,0.120654
40087400104,0.14905
40087400105,0.159238
40087400106,0.184467
40087400201,0.114871
40087400203,0.111121
40087400204,0.148214
40087400300,0.190179
40087400400,0.122163
40089098200,0.081205
40089098300,0.180503
40089098400,0.113801
40089098501,0.166937
40089098502,0.161307
40089098600,0.106364
40089098700,0.147037
40089098800,0.178441
40089098900,0.174599
40091779601,0.237399
40091779602,0.197602
40091779700,0.113507
40091779900,0.169371
40091780100,0.214297
40091780200,0.141175
40091780301,0.125563
40091780302,0.145377
40093955100,0.144946
40093955200,0.109651
40093955300,0.148953
40095094698,0.172864
40095094700,0.155093
40095094803,0.181738
40095094804,0.404907
40095094805,0.236481
40095094806,0.306524
40097040100,0.169221
40097040200,0.178945
40097040300,0.102753
40097040400,0.116423
40097040501,0.208845
40097040502,0.163531
40097040600,0.089645
40097040700,0.114035
40097040801,0.189317
40097040802,0.097717
40099790600,0.130053
40099790701,0.117249
40099790702,0.176662
40099790801,0.212044
40099790802,0.24386
40101000100,0.161009
40101000200,0.180244
40101000300,0.165443
40101000400,0.16851
40101000600,0.148241
40101000700,0.090387
40101000801,0.018297
40101000802,0.1479
40101000901,0.145003
40101000902,0.023738
40101001000,0.165894
40101001100,0.078425
40101001200,0.172917
40101001301,0.130267
40101001302,0.186973
40101001401,0.17602
40101001402,0.077299
40101001501,0.131619
40101001502,0.074998
40101001600,0.147342
40103956600,0.152594
40103956900,0.206368
40103957000,0.209448
40103957100,0.191069
40105172100,0.095396
40105172200,0.075045
40105172300,0.1331
40105172400,0.118951
40107080600,0.130764
40107080700,0.110342
40107080900,0.15786
40107081000,0.128113
40109100100,0.016215
40109100201,0.013812
40109100202,0.146301
40109100203,0.017277
40109100300,0.049736
40109100400,0.01331
40109100500,0.123235
40109100800,0.086376
40109100900,0.011737
40109101000,0.069344
40109101100,0.174831
40109101200,0.095623
40109101300,0.051976
40109101400,0.016704
40109101500,0.02686
40109101800,0.205051
40109101900,0.017237
40109102000,0.08196
40109102100,0.031488
40109102200,0.031914
40109102300,0.033262
40109102400,0.050634
40109102500,0.071938
40109103200,0.053769
40109103300,0.015393
40109103900,0.020079
40109104100,0.012819
40109104200,0.041951
40109104300,0.067507
40109104400,0.017648
40109104500,0.013991
40109104600,0.010277
40109104700,0.026429
40109104800,0.07384
40109104900,0.0192
40109105000,0.018212
40109105101,0.043976
40109105201,0.036728
40109105202,0.017532
40109105300,0.10807
40109105400,0.049842
40109105500,0.01967
40109105600,0.054317
40109105903,0.054402
40109105904,0.055556
40109105905,0.040641
40109105906,0.019037
40109105907,0.033729
40109106000,0.035253
40109106100,0.057782
40109106200,0.066355
40109106301,0.016393
40109106302,0.032874
40109106303,0.018729
40109106401,0.054457
40109106402,0.057915
40109106403,0.034816
40109106501,0.021614
40109106502,0.059286
40109106503,0.030916
40109106601,0.092607
40109106602,0.108074
40109106606,0.045109
40109106607,0.024277
40109106608,0.098714
40109106609,0.106276
40109106610,0.015874
40109106611,0.02458
40109106702,0.017203
40109106704,0.103067
40109106705,0.122694
40109106706,0.020458
40109106708,0.023887
40109106709,0.025884
40109106710,0.027734
40109106801,0.145176
40109106802,0.140722
40109106803,0.09944
40109106804,0.036656
40109106902,0.039793
40109106903,0.054105
40109106906,0.040266
40109106907,0.012199
40109106909,0.038861
40109106910,0.012155
40109106911,0.011205
40109106912,0.016188
40109106913,0.057076
40109106914,0.020708
40109106916,0.034761
40109106917,0.020773
40109107001,0.076983
40109107002,0.072644
40109107101,0.110996
40109107103,0.024386
40109107104,0.112783
40109107206,0.038868
40109107207,0.027061
40109107212,0.104175
40109107213,0.102229
40109107214,0.083691
40109107215,0.025363
40109107216,0.012082
40109107217,0.014549
40109107218,0.034803
40109107219,0.013492
40109107220,0.017735
40109107221,0.021141
40109107222,0.016784
40109107223,0.018494
40109107224,0.028183
40109107225,0.011826
40109107226,0.011335
40109107302,0.050475
40109107303,0.023442
40109107305,0.010964
40109107306,0.015896
40109107401,0.041722
40109107404,0.0488
40109107405,0.044698
40109107406,0.023153
40109107407,0.053206
40109107601,0.067248
40109107604,0.014592
40109107605,0.010578
40109107608,0.01374
40109107703,0.03408
40109107704,0.017227
40109107705,0.018054
40109107706,0.012601
40109107707,0.014165
40109107801,0.017746
40109107804,0.021662
40109107805,0.110319
40109107806,0.016412
40109107807,0.03402
40109107808,0.025828
40109107809,0.013676
40109107810,0.015717
40109107900,0.19311
40109108003,0.027472
40109108005,0.050876
40109108006,0.024711
40109108007,0.017018
40109108008,0.025127
40109108009,0.031703
40109108010,0.035177
40109108011,0.042599
40109108101,0.137097
40109108106,0.120924
40109108107,0.111265
40109108109,0.095693
40109108110,0.115721
40109108113,0.110708
40109108114,0.125247
40109108201,0.066209
40109108203,0.01354
40109108204,0.045706
40109108207,0.036417
40109108208,0.017768
40109108215,0.045892
40109108216,0.038492
40109108217,0.017997
40109108222,0.022249
40109108223,0.028889
40109108224,0.034247
40109108225,0.038688
40109108226,0.022367
40109108227,0.010981
40109108228,0.056448
40109108229,0.023843
40109108230,0.015879
40109108231,0.014187
40109108232,0.017214
40109108233,0.018733
40109108234,0.021826
40109108235,0.048034
40109108236,0.027934
40109108237,0.04089
40109108238,0.040771
40109108301,0.023395
40109108302,0.050281
40109108304,0.051959
40109108307,0.036206
40109108309,0.031016
40109108310,0.013097
40109108314,0.025309
40109108317,0.018244
40109108318,0.02233
40109108319,0.050426
40109108320,0.016235
40109108321,0.02491
40109108322,0.031612
40109108323,0.045306
40109108324,0.015445
40109108325,0.027387
40109108326,0.025668
40109108402,0.037135
40109108403,0.030114
40109108404,0.012452
40109108506,0.099252
40109108507,0.121827
40109108508,0.139277
40109108513,0.039382
40109108514,0.098052
40109108515,0.06224
40109108520,0.06372
40109108521,0.159109
40109108523,0.0437
40109108524,0.01456
40109108525,0.02452
40109108526,0.047855
40109108527,0.043154
40109108528,0.011823
40109108529,0.0129
40109108530,0.023595
40109108531,0.06455
40109108532,0.250031
40109108533,0.210015
40109108534,0.045088
40109108535,0.026404
40109108536,0.050965
40109108537,0.01396
40109108538,0.065083
40109108603,0.164639
40109108604,0.024783
40109108701,0.095406
40109108706,0.037179
40109108707,0.025006
40109108708,0.12534
40109108709,0.113826
40109108710,0.042068
40109108711,0.031624
40109108712,0.171715
40109108713,0.158334
40109108802,0.157309
40109108803,0.047976
40109108804,0.068357
40109108805,0.155319
40109108806,0.013762
40109108807,0.01943
40109108900,0.317435
40109109001,0.153377
40109109003,0.123578
40109109004,0.117512
40109109202,0.159091
40109109203,0.207511
40109109204,0.168146
40109109205,0.12466
40109109300,0.086089
40109109400,0.016184
40109109500,0.017754
40109109600,0.023562
40109109700,0.016752
40109109800,0.042745
40109109900,0.019214
40109110000,0.015428
40109980001,0.021243
40109980002,0.158386
40109980003,0.058479
40109980004,0.047778
40109980005,0.023908
40109980006,0.050298
40109980007,0.111097
40109980008,0.029362
40109980009,0.254486
40111000100,0.171858
40111000200,0.179738
40111000300,0.18241
40111000400,0.150953
40111000500,0.172856
40111000601,0.180307
40111000602,0.108128
40111000700,0.078199
40111000800,0.139663
40111000901,0.17581
40111000902,0.19253
40113940001,0.175895
40113940003,0.18771
40113940004,0.186856
40113940005,0.120827
40113940006,0.020878
40113940007,0.189674
40113940008,0.162556
40113940009,0.215789
40113940011,0.153034
40113940012,0.185142
40113940013,0.251578
40113940014,0.316276
40113940015,0.202266
40115574100,0.129099
40115574200,0.204796
40115574300,0.183645
40115574400,0.205424
40115574500,0.211792
40115574600,0.164768
40115574700,0.1782
40115574800,0.107923
40115574900,0.12785
40117957100,0.175625
40117957200,0.162894
40117957300,0.178794
40117957400,0.225764
40117957500,0.171185
40119010101,0.14234
40119010102,0.097863
40119010201,0.025319
40119010202,0.025755
40119010300,0.104013
40119010400,0.062256
40119010501,0.144905
40119010502,0.028188
40119010503,0.1164
40119010600,0.146762
40119010700,0.065659
40119010800,0.17802
40119010901,0.091666
40119010902,0.160199
40119011001,0.148737
40119011002,0.174904
40119011101,0.198146
40119011103,0.211809
40119011104,0.190325
40119011200,0.185114
40119011301,0.141951
40119011302,0.038594
40119011400,0.149643
40121485601,0.289932
40121485602,0.24837
40121485700,0.174568
40121485800,0.110898
40121485900,0.218035
40121486000,0.125221
40121486100,0.128031
40121486200,0.170888
40121486300,0.164745
40121486400,0.15882
40121486500,0.110577
40121486600,0.17311
40121486700,0.132678
40121486800,0.200611
40123088600,0.163601
40123088700,0.143931
40123088801,0.215435
40123088802,0.089792
40123088900,0.192644
40123089000,0.158021
40123089100,0.079269
40123089200,0.039957
40123089300,0.138649
40123089598,0.126916
40123089600,0.208208
40125500200,0.154052
40125500301,0.21867
40125500302,0.254517
40125500400,0.296569
40125500500,0.199842
40125500600,0.261267
40125500700,0.212493
40125500800,0.229956
40125500901,0.165073
40125500902,0.196174
40125501003,0.111027
40125501004,0.131967
40125501005,0.154916
40125501006,0.265478
40125501101,0.102501
40125501103,0.130699
40125501104,0.232415
40125501105,0.274779
40125501201,0.2012
40125501300,0.180992
40127097600,0.148994
40127097701,0.15964
40127097702,0.169546
40127097800,0.150024
40129960000,0.094584
40131050101,0.19251
40131050103,0.288529
40131050104,0.22805
40131050105,0.163675
40131050201,0.197722
40131050202,0.160077
40131050203,0.146738
40131050301,0.183508
40131050302,0.213323
40131050303,0.20713
40131050304,0.174799
40131050403,0.241576
40131050404,0.234439
40131050405,0.141069
40131050406,0.087278
40131050407,0.097749
40131050408,0.151083
40131050409,0.162028
40131050501,0.169867
40131050502,0.142066
40131050601,0.166238
40131050602,0.134542
40131050603,0.222391
40131050604,0.109909
40131050701,0.183161
40131050702,0.203489
40131050801,0.103941
40131050802,0.097164
40133583100,0.167147
40133583200,0.210422
40133583300,0.247839
40133583400,0.176172
40133583500,0.050757
40133583600,0.160326
40133583700,0.148748
40133583800,0.181651
40133583900,0.171845
40135030101,0.097478
40135030103,0.233002
40135030105,0.096156
40135030106,0.187004
40135030201,0.147634
40135030202,0.124875
40135030301,0.166851
40135030303,0.247723
40135030304,0.154053
40135030401,0.162387
40135030403,0.159738
40135030404,0.15294
40137000101,0.079194
40137000102,0.13767
40137000200,0.14169
40137000300,0.159271
40137000400,0.248915
40137000600,0.128699
40137000800,0.13158
40137000901,0.144838
40137000902,0.16798
40137001000,0.088781
40137001100,0.131326
40141070100,0.149644
40141070200,0.166566
40141070300,0.133592
40141070400,0.274406
40141070500,0.121156
40143000200,0.058076
40143000300,0.018938
40143000400,0.013857
40143000500,0.052672
40143000800,0.013404
40143000900,0.01165
40143001000,0.014803
40143001200,0.076123
40143001300,0.037295
40143001400,0.030386
40143001500,0.042264
40143001600,0.08361
40143001700,0.121573
40143001800,0.104293
40143001900,0.133125
40143002000,0.114207
40143002100,0.082874
40143002301,0.102854
40143002500,0.052254
40143002700,0.049038
40143002900,0.11297
40143003000,0.095779
40143003100,0.03555
40143003200,0.016735
40143003300,0.02709
40143003400,0.10496
40143003500,0.050348
40143003600,0.090726
40143003700,0.02644
40143003800,0.022336
40143003900,0.055111
40143004000,0.025876
40143004101,0.06613
40143004200,0.057944
40143004301,0.022516
40143004302,0.019973
40143004400,0.058574
40143004500,0.036417
40143004600,0.081477
40143004700,0.125711
40143004800,0.093427
40143004900,0.130482
40143005001,0.019631
40143005002,0.052739
40143005100,0.026424
40143005200,0.037174
40143005300,0.015372
40143005401,0.12307
40143005403,0.178368
40143005404,0.168118
40143005500,0.196041
40143005600,0.19154
40143005700,0.176349
40143005801,0.040286
40143005805,0.05411
40143005808,0.080209
40143005809,0.027105
40143005810,0.133426
40143005811,0.127095
40143005812,0.013531
40143005813,0.022854
40143005900,0.116402
40143006000,0.063887
40143006200,0.011443
40143006506,0.089076
40143006507,0.234253
40143006600,0.11462
40143006701,0.089736
40143006703,0.036613
40143006708,0.06491
40143006709,0.081758
40143006710,0.072491
40143006711,0.030645
40143006712,0.080096
40143006713,0.075893
40143006801,0.017897
40143006803,0.050668
40143006804,0.054703
40143006901,0.02861
40143006902,0.017078
40143006903,0.025401
40143006905,0.018656
40143006906,0.062779
40143006907,0.0465
40143007000,0.030825
40143007101,0.016407
40143007102,0.040705
40143007200,0.139143
40143007304,0.05548
40143007306,0.030392
40143007308,0.142557
40143007309,0.118336
40143007310,0.034098
40143007311,0.031249
40143007312,0.056656
40143007313,0.039045
40143007314,0.074988
40143007402,0.037287
40143007408,0.042158
40143007409,0.015892
40143007410,0.023839
40143007411,0.019014
40143007412,0.017135
40143007413,0.031264
40143007414,0.032553
40143007415,0.087863
40143007416,0.018037
40143007417,0.063872
40143007503,0.016471
40143007507,0.017532
40143007510,0.034991
40143007511,0.016143
40143007512,0.027492
40143007518,0.01516
40143007519,0.012181
40143007520,0.014623
40143007522,0.044832
40143007523,0.043071
40143007525,0.025124
40143007526,0.046905
40143007527,0.023783
40143007528,0.031125
40143007529,0.018048
40143007530,0.051018
40143007531,0.052208
40143007532,0.023865
40143007533,0.037214
40143007534,0.039105
40143007535,0.095668
40143007536,0.032886
40143007608,0.023428
40143007611,0.029599
40143007612,0.013411
40143007613,0.05047
40143007614,0.069313
40143007615,0.01522
40143007616,0.050682
40143007617,0.01793
40143007619,0.015109
40143007629,0.086758
40143007630,0.098905
40143007631,0.017073
40143007632,0.035848
40143007633,0.050967
40143007634,0.033716
40143007636,0.104764
40143007638,0.056031
40143007639,0.031026
40143007641,0.037443
40143007642,0.035432
40143007643,0.025538
40143007644,0.014318
40143007645,0.019286
40143007646,0.133759
40143007647,0.038275
40143007648,0.055311
40143007649,0.04127
40143007650,0.10311
40143007651,0.232125
40143007652,0.139656
40143007653,0.039134
40143007654,0.02631
40143007655,0.151598
40143007656,0.083081
40143007703,0.151504
40143007704,0.126918
40143007705,0.141313
40143007706,0.017663
40143007707,0.142335
40143007801,0.171697
40143007803,0.159827
40143007804,0.365094
40143007900,0.146351
40143008001,0.202888
40143008002,0.045053
40143008200,0.044331
40143008300,0.149669
40143008400,0.013445
40143008501,0.020082
40143008502,0.045921
40143008600,0.021448
40143008700,0.019541
40143008800,0.061436
40143008900,0.097988
40143009006,0.032115
40143009008,0.061099
40143009010,0.012988
40143009011,0.097043
40143009012,0.019888
40143009013,0.027186
40143009014,0.025979
40143009015,0.045922
40143009016,0.027872
40143009017,0.015808
40143009018,0.023752
40143009019,0.023374
40143009020,0.032
40143009021,0.043687
40143009101,0.234887
40143009104,0.216814
40143009200,0.126435
40143009300,0.18082
40143009401,0.184714
40143009403,0.121895
40143009404,0.190055
40143009500,0.137486
40143011300,0.021128
40143011400,0.037875
40145030101,0.156579
40145030102,0.149923
40145030201,0.270675
40145030202,0.104174
40145030300,0.196905
40145030402,0.060122
40145030403,0.167997
40145030406,0.028857
40145030407,0.034228
40145030408,0.150273
40145030502,0.06783
40145030505,0.027517
40145030506,0.097981
40145030507,0.012951
40145030508,0.142155
40145030509,0.022427
40145030510,0.147947
40145030511,0.109773
40145030512,0.152529
40145030601,0.023647
40145030603,0.147409
40145030604,0.189282
40145030605,0.074762
40145030798,0.129684
40145030800,0.125855
40147000100,0.037373
40147000200,0.167302
40147000300,0.110706
40147000400,0.196016
40147000500,0.016925
40147000601,0.207897
40147000602,0.25015
40147000700,0.178472
40147000800,0.213332
40147000900,0.019889
40147001000,0.127706
40147001100,0.169745
40147001200,0.229968
40147001300,0.132334
40149964900,0.187296
40149965000,0.185311
40149965100,0.1326
40149965400,0.161219
40151954201,0.116504
40151954202,0.15035
40151954300,0.229646
40151954400,0.217645
40153953100,0.112771
40153953200,0.132107
40153953300,0.150866
40153953400,0.167184
40153953500,0.270199
04001944902,0.044912
04001945100,0.084985
04001970201,0.165293
04001970202,0.083067
04001970300,0.156897
04001970501,0.085698
04001970502,0.135576
04003000101,0.08951
04003000102,0.171222
04003000201,0.063941
04003000202,0.096802
04003000203,0.141239
04003000301,0.112008
04003000303,0.098949
04003000304,0.142578
04003000305,0.238408
04003000400,0.050965
04003000501,0.076022
04003000502,0.090477
04003000503,0.278408
04003000600,0.065815
04003000700,0.216267
04003000800,0.030975
04003000901,0.026822
04003000902,0.192432
04003001000,0.106578
04003001100,0.063155
04003001200,0.063083
04003001301,0.070583
04003001302,0.103173
04003001401,0.032933
04003001402,0.037803
04003001501,0.025302
04003001502,0.040553
04003001601,0.016775
04003001602,0.04937
04003001701,0.107669
04003001702,0.035851
04003001703,0.207662
04003001801,0.022304
04003001802,0.011015
04003001900,0.121323
04003002001,0.09403
04003002002,0.028138
04003002100,0.027147
04005000200,0.037164
04005000601,0.030216
04005000602,0.069046
04005000700,0.180591
04005000800,0.046848
04005000901,0.044869
04005000902,0.012961
04005001000,0.046096
04005001101,0.021468
04005001103,0.081065
04005001104,0.105745
04005001201,0.117575
04005001302,0.069471
04005001500,0.130239
04005001601,0.123253
04005001602,0.123202
04005001700,0.124387
04005002201,0.137606
04005002202,0.058243
04005002302,0.087184
04005945100,0.04573
04005980100,0.417006
04005980200,0.036242
04007000100,0.101918
04007000200,0.197855
04007000301,0.162544
04007000302,0.168285
04007000400,0.155224
04007000500,0.203549
04007000600,0.273397
04007000700,0.199725
04007000800,0.328679
04007000900,0.150555
04007001000,0.158701
04007001100,0.135282
04007001200,0.175917
04007001300,0.109146
04007940200,0.103001
04007940400,0.044487
04009940500,0.105362
04009961100,0.207612
04009961201,0.118953
04009961202,0.28277
04009961300,0.128363
04009961400,0.226632
04009961500,0.1406
04009961600,0.191411
04009961700,0.190456
04011960100,0.082989
04011960200,0.103424
04011960300,0.103121
04012020101,0.118523
04012020102,0.078409
04013010102,0.117591
04013010103,0.176261
04013010104,0.038109
04013030401,0.075353
04013030402,0.022304
04013040502,0.090697
04013040506,0.026637
04013040507,0.031689
04013040512,0.20156
04013040513,0.08467
04013040514,0.055383
04013040515,0.06975
04013040516,0.013709
04013040522,0.134274
04013040523,0.072776
04013040524,0.075327
04013040525,0.115081
04013040526,0.023967
04013040527,0.125227
04013040528,0.053306
04013040529,0.147347
04013040530,0.016268
04013040531,0.084003
04013040532,0.018779
04013040533,0.015265
04013040534,0.015919
04013040535,0.045429
04013040536,0.010662
04013040537,0.079158
04013040538,0.02177
04013040539,0.065902
04013040540,0.055931
04013040541,0.083143
04013050603,0.234566
04013050604,0.26167
04013050609,0.054421
04013050611,0.011422
04013050612,0.010795
04013050613,0.077465
04013050614,0.01703
04013050615,0.010543
04013050616,0.035866
04013050617,0.065972
04013050618,0.023202
04013050619,0.015649
04013050620,0.012704
04013050621,0.026752
04013050701,0.047743
04013050702,0.055181
04013060801,0.040681
04013060802,0.062207
04013060901,0.01377
04013060902,0.031247
04013060903,0.056692
04013060904,0.271861
04013061010,0.063508
04013061011,0.02572
04013061013,0.014536
04013061014,0.018786
04013061015,0.014003
04013061017,0.043649
04013061018,0.013325
04013061020,0.0119
04013061021,0.012158
04013061024,0.042296
04013061026,0.011242
04013061027,0.015634
04013061028,0.016117
04013061029,0.012708
04013061031,0.023126
04013061032,0.01035
04013061033,0.019938
04013061034,0.015009
04013061035,0.031499
04013061036,0.009648
04013061037,0.011296
04013061038,0.010783
04013061039,0.018885
04013061040,0.017495
04013061041,0.028952
04013061042,0.01538
04013061043,0.011056
04013061044,0.011701
04013061045,0.014275
04013061046,0.028056
04013061047,0.020137
04013061048,0.01241
04013061049,0.009462
04013061050,0.022522
04013061051,0.011548
04013061052,0.011899
04013061053,0.011415
04013061054,0.044677
04013061055,0.009984
04013061056,0.011106
04013061057,0.010835
04013061058,0.011215
04013061059,0.013313
04013061060,0.020734
04013061061,0.009548
04013061062,0.01266
04013061063,0.021519
04013061064,0.011081
04013061100,0.129315
04013061200,0.012942
04013061300,0.02691
04013061401,0.098632
04013061402,0.156694
04013071503,0.036701
04013071504,0.015291
04013071505,0.033065
04013071506,0.025007
04013071509,0.013634
04013071510,0.015003
04013071511,0.033436
04013071512,0.019234
04013071513,0.038384
04013071514,0.014845
04013071515,0.034952
04013071516,0.02843
04013071517,0.014571
04013071600,0.233911
04013071701,0.018409
04013071702,0.041893
04013071801,0.027607
04013071802,0.027363
04013071903,0.010952
04013071906,0.028163
04013071909,0.020107
04013071910,0.020586
04013071911,0.018713
04013071912,0.02574
04013071913,0.037823
04013071914,0.012315
04013071915,0.022021
04013082002,0.010411
04013082007,0.01352
04013082008,0.021033
04013082009,0.012496
04013082010,0.019426
04013082012,0.012495
04013082016,0.018075
04013082017,0.016206
04013082018,0.010921
04013082019,0.010347
04013082020,0.014769
04013082021,0.022212
04013082022,0.015025
04013082023,0.037487
04013082024,0.038225
04013082025,0.038321
04013082026,0.012952
04013082027,0.027863
04013082028,0.010802
04013082204,0.012479
04013082205,0.012683
04013082206,0.013791
04013082207,0.010866
04013082208,0.013908
04013082209,0.117681
04013082210,0.015483
04013082211,0.024274
04013082212,0.012367
04013082213,0.010279
04013083000,0.019488
04013092305,0.011313
04013092306,0.018711
04013092307,0.028043
04013092308,0.010418
04013092309,0.011044
04013092311,0.020458
04013092312,0.018477
04013092401,0.014192
04013092402,0.010289
04013092500,0.013304
04013092600,0.040028
04013092705,0.017934
04013092708,0.017938
04013092709,0.0113
04013092710,0.040881
04013092711,0.010604
04013092712,0.01725
04013092713,0.009879
04013092715,0.030891
04013092716,0.010143
04013092717,0.029935
04013092718,0.026578
04013092719,0.012827
04013092720,0.014062
04013092721,0.010257
04013092723,0.010141
04013092724,0.031859
04013092801,0.012599
04013092802,0.02808
04013092900,0.020518
04013093001,0.010447
04013093002,0.010411
04013093101,0.036993
04013093104,0.020995
04013093105,0.010527
04013093106,0.023339
04013093200,0.022726
04013103205,0.019239
04013103206,0.021217
04013103207,0.012297
04013103208,0.04095
04013103209,0.017563
04013103210,0.01223
04013103211,0.02626
04013103212,0.010764
04013103214,0.011451
04013103215,0.041882
04013103216,0.012225
04013103217,0.011516
04013103219,0.067731
04013103220,0.021281
04013103302,0.013883
04013103303,0.014111
04013103304,0.010723
04013103305,0.020563
04013103306,0.020885
04013103400,0.019333
04013103501,0.010959
04013103502,0.040807
04013103604,0.051684
04013103605,0.010432
04013103606,0.011194
04013103607,0.056682
04013103608,0.013328
04013103609,0.011751
04013103611,0.024703
04013103612,0.017666
04013103614,0.016976
04013103615,0.021141
04013103701,0.015269
04013103702,0.035136
04013103900,0.023019
04013104000,0.020203
04013104100,0.027383
04013104202,0.010606
04013104203,0.01045
04013104204,0.01017
04013104205,0.010773
04013104206,0.011692
04013104207,0.013005
04013104212,0.011058
04013104214,0.011504
04013104215,0.012193
04013104216,0.025548
04013104217,0.024279
04013104218,0.011764
04013104219,0.010409
04013104221,0.012586
04013104222,0.010713
04013104223,0.011624
04013104224,0.011366
04013104225,0.011831
04013104226,0.014493
04013104227,0.034435
04013104301,0.026232
04013104302,0.03168
04013104401,0.014294
04013104402,0.013157
04013104501,0.01609
04013104502,0.025362
04013104600,0.018559
04013104701,0.019628
04013104702,0.021779
04013104801,0.026436
04013104802,0.010931
04013104900,0.011064
04013105002,0.010624
04013105003,0.012894
04013105004,0.033679
04013105101,0.014322
04013105102,0.028605
04013105103,0.032452
04013105200,0.012128
04013105300,0.01168
04013105400,0.018895
04013105501,0.013273
04013105502,0.009965
04013105503,0.016776
04013105601,0.035404
04013105602,0.010225
04013105701,0.01256
04013105702,0.01084
04013105800,0.011017
04013105900,0.021387
04013106001,0.033698
04013106002,0.011195
04013106003,0.010893
04013106100,0.010672
04013106200,0.034237
04013106300,0.013366
04013106400,0.013508
04013106501,0.010901
04013106502,0.010602
04013106600,0.010618
04013106701,0.023564
04013106702,0.040342
04013106703,0.026429
04013106801,0.036386
04013106802,0.010764
04013106900,0.010152
04013107001,0.012088
04013107002,0.010054
04013107101,0.043227
04013107102,0.011617
04013107201,0.163658
04013107202,0.010143
04013107300,0.014101
04013107401,0.014605
04013107402,0.025562
04013107403,0.014136
04013107404,0.014356
04013107500,0.013913
04013107601,0.023893
04013107602,0.020286
04013107700,0.016609
04013107800,0.057235
04013107900,0.040815
04013108000,0.009963
04013108100,0.022628
04013108200,0.032151
04013108301,0.071356
04013108302,0.025672
04013108400,0.032898
04013108501,0.034067
04013108502,0.089024
04013108601,0.012039
04013108602,0.012418
04013108802,0.013816
04013108901,0.018032
04013108902,0.010069
04013109001,0.028423
04013109002,0.011226
04013109003,0.010691
04013109101,0.010733
04013109102,0.032188
04013109200,0.035644
04013109300,0.010226
04013109401,0.01035
04013109402,0.019905
04013109500,0.010493
04013109601,0.021913
04013109602,0.013018
04013109603,0.010387
04013109604,0.021007
04013109702,0.048528
04013109703,0.009943
04013109704,0.024429
04013109705,0.016967
04013109706,0.014092
04013109707,0.012126
04013109801,0.015005
04013109802,0.025814
04013109900,0.026823
04013110001,0.012385
04013110002,0.066449
04013110100,0.018284
04013110400,0.010215
04013110501,0.012339
04013110502,0.01723
04013110600,0.012461
04013110701,0.035041
04013110702,0.011785
04013110801,0.021145
04013110802,0.010543
04013110901,0.025178
04013110902,0.03335
04013111000,0.0184
04013111100,0.010722
04013111201,0.013648
04013111202,0.010312
04013111203,0.105369
04013111204,0.019681
04013111300,0.009987
04013111401,0.050622
04013111402,0.009924
04013111501,0.01071
04013111502,0.009805
04013111601,0.012552
04013111602,0.030361
04013111700,0.023633
04013111800,0.02278
04013111900,0.079148
04013112100,0.010419
04013112201,0.010836
04013112202,0.028311
04013112301,0.010222
04013112302,0.016178
04013112401,0.01129
04013112402,0.013015
04013112502,0.010121
04013112504,0.014412
04013112507,0.017045
04013112508,0.048879
04013112510,0.012063
04013112512,0.023814
04013112514,0.013268
04013112515,0.014369
04013112516,0.032375
04013112517,0.013062
04013112518,0.013673
04013112519,0.009883
04013112520,0.038145
04013112521,0.026542
04013112522,0.014224
04013112523,0.019591
04013112524,0.013781
04013112601,0.052917
04013112602,0.013796
04013112700,0.01946
04013112900,0.018961
04013113000,0.025534
04013113100,0.016832
04013113201,0.147507
04013113202,0.238834
04013113204,0.028421
04013113301,0.030125
04013113502,0.019681
04013113503,0.022712
04013113601,0.023353
04013113602,0.150003
04013113701,0.01315
04013113702,0.022481
04013113800,0.033763
04013113900,0.029716
04013114000,0.021589
04013114100,0.037279
04013114200,0.01119
04013114301,0.020431
04013114302,0.011778
04013114401,0.032499
04013114402,0.018919
04013114500,0.021524
04013114600,0.013728
04013114704,0.179773
04013114705,0.239226
04013114800,0.066234
04013114900,0.01118
04013115200,0.017168
04013115300,0.037203
04013115400,0.012462
04013115500,0.011001
04013115600,0.010085
04013115700,0.012318
04013115801,0.017653
04013115802,0.011255
04013115900,0.010448
04013116000,0.010299
04013116100,0.011289
04013116202,0.013608
04013116203,0.034068
04013116204,0.022834
04013116205,0.015472
04013116300,0.010086
04013116400,0.027614
04013116500,0.012416
04013116605,0.014006
04013116606,0.041104
04013116607,0.015645
04013116610,0.056783
04013116611,0.037197
04013116612,0.010981
04013116614,0.012078
04013116615,0.011237
04013116616,0.027251
04013116617,0.063478
04013116618,0.01991
04013116619,0.01178
04013116620,0.012084
04013116621,0.013159
04013116703,0.012819
04013116707,0.014654
04013116708,0.03655
04013116709,0.015964
04013116710,0.010735
04013116711,0.012884
04013116712,0.022077
04013116713,0.016648
04013116714,0.011754
04013116715,0.013415
04013116717,0.046245
04013116718,0.025952
04013116719,0.016885
04013116720,0.013791
04013116721,0.015952
04013116725,0.02997
04013116727,0.036945
04013116728,0.010321
04013116729,0.046283
04013116730,0.110642
04013116731,0.037506
04013116732,0.016869
04013116733,0.104036
04013116734,0.014281
04013116735,0.009693
04013116736,0.010342
04013116737,0.014003
04013116738,0.010665
04013116800,0.016795
04013116900,0.044228
04013117000,0.011371
04013117100,0.011572
04013117200,0.021676
04013117300,0.049282
04013216806,0.034834
04013216807,0.012508
04013216809,0.01274
04013216810,0.020288
04013216813,0.020081
04013216816,0.012206
04013216819,0.01159
04013216820,0.012726
04013216821,0.012989
04013216822,0.017454
04013216826,0.01869
04013216829,0.037137
04013216830,0.014202
04013216831,0.044071
04013216832,0.011837
04013216833,0.049023
04013216834,0.046287
04013216835,0.015385
04013216836,0.020433
04013216837,0.012271
04013216838,0.010231
04013216839,0.020366
04013216840,0.027981
04013216841,0.016788
04013216842,0.012805
04013216843,0.022307
04013216844,0.015354
04013216845,0.035053
04013216849,0.027318
04013216850,0.032741
04013216851,0.046246
04013216852,0.010523
04013216853,0.013643
04013216854,0.024049
04013216855,0.022059
04013216856,0.055394
04013216857,0.025633
04013216858,0.024178
04013216859,0.011163
04013216860,0.043281
04013216861,0.01267
04013216901,0.014353
04013216902,0.009968
04013217001,0.041655
04013217002,0.01174
04013217101,0.056469
04013217102,0.024848
04013217201,0.033018
04013217203,0.025563
04013217204,0.018133
04013217300,0.025621
04013217400,0.02361
04013217501,0.010134
04013217502,0.015431
04013217600,0.015387
04013217700,0.087182
04013217800,0.013637
04013217900,0.018228
04013218000,0.014139
04013218100,0.025439
04013218200,0.011198
04013218300,0.025169
04013318400,0.049951
04013318501,0.013732
04013318700,0.038243
04013318800,0.010868
04013318900,0.011995
04013319001,0.020983
04013319002,0.01179
04013319101,0.119062
04013319103,0.019549
04013319104,0.080549
04013319201,0.019851
04013319202,0.031056
04013319300,0.025139
04013319401,0.010908
04013319402,0.011498
04013319403,0.011137
04013319404,0.022909
04013319500,0.017534
04013319600,0.013882
04013319705,0.054964
04013319706,0.068388
04013319707,0.019933
04013319708,0.011745
04013319709,0.035511
04013319710,0.016879
04013319801,0.012109
04013319802,0.011124
04013319902,0.013132
04013319903,0.014968
04013319904,0.050582
04013319905,0.012076
04013319906,0.036333
04013319907,0.011813
04013319908,0.025423
04013319909,0.015101
04013319910,0.024306
04013320001,0.033449
04013320002,0.107088
04013320007,0.010103
04013320100,0.021816
04013420104,0.036665
04013420105,0.016085
04013420107,0.011918
04013420108,0.0144
04013420109,0.025542
04013420110,0.010691
04013420111,0.010643
04013420112,0.018503
04013420113,0.029462
04013420114,0.067323
04013420115,0.032312
04013420116,0.06342
04013420202,0.038076
04013420206,0.020647
04013420207,0.01297
04013420208,0.012569
04013420209,0.013972
04013420210,0.014271
04013420211,0.027283
04013420212,0.027277
04013420213,0.013977
04013420214,0.065754
04013420215,0.018887
04013420216,0.011986
04013420301,0.032434
04013420302,0.014729
04013420303,0.010552
04013420304,0.037432
04013420401,0.102554
04013420402,0.028728
04013420503,0.021188
04013420504,0.022648
04013420505,0.010926
04013420506,0.120996
04013420602,0.042556
04013420603,0.012556
04013420604,0.011041
04013420704,0.015379
04013420705,0.012456
04013420706,0.016179
04013420707,0.026663
04013420708,0.025939
04013420709,0.036559
04013420710,0.031759
04013420800,0.010496
04013420901,0.011462
04013420902,0.011691
04013421001,0.153961
04013421002,0.013825
04013421101,0.054375
04013421102,0.041172
04013421201,0.01746
04013421202,0.094031
04013421302,0.058719
04013421303,0.034654
04013421304,0.016961
04013421400,0.041306
04013421501,0.02013
04013421502,0.019287
04013421601,0.036514
04013421602,0.041705
04013421701,0.014359
04013421702,0.026494
04013421801,0.016709
04013421802,0.01775
04013421901,0.01153
04013421902,0.022856
04013422001,0.020858
04013422002,0.023173
04013422102,0.015822
04013422103,0.03017
04013422104,0.011714
04013422105,0.014378
04013422106,0.081376
04013422107,0.054805
04013422203,0.034539
04013422209,0.014601
04013422210,0.011787
04013422211,0.012512
04013422212,0.036352
04013422213,0.014805
04013422215,0.010985
04013422216,0.019159
04013422217,0.07966
04013422218,0.010036
04013422219,0.009992
04013422220,0.023933
04013422221,0.022319
04013422222,0.010604
04013422223,0.016288
04013422224,0.043911
04013422225,0.014735
04013422226,0.06949
04013422227,0.01137
04013422301,0.01584
04013422302,0.011689
04013422304,0.058406
04013422305,0.012911
04013422307,0.026198
04013422308,0.014919
04013422309,0.017696
04013422401,0.026714
04013422402,0.010356
04013422403,0.017264
04013422404,0.013952
04013422501,0.010794
04013422502,0.015027
04013422503,0.011256
04013422504,0.039853
04013422506,0.05769
04013422507,0.019171
04013422508,0.01171
04013422509,0.068674
04013422510,0.016061
04013422511,0.013808
04013422512,0.010865
04013422513,0.02058
04013422514,0.040718
04013422607,0.064885
04013422609,0.05284
04013422610,0.016163
04013422615,0.01519
04013422617,0.012857
04013422618,0.017008
04013422620,0.04716
04013422621,0.034268
04013422622,0.0142
04013422623,0.011984
04013422624,0.01716
04013422625,0.034807
04013422626,0.029426
04013422627,0.024967
04013422628,0.035872
04013422629,0.036162
04013422630,0.010354
04013422632,0.027453
04013422633,0.01829
04013422634,0.031395
04013422636,0.016261
04013422637,0.012518
04013422638,0.017289
04013422639,0.02427
04013422640,0.022878
04013422642,0.018963
04013422643,0.025979
04013422647,0.011222
04013422648,0.011065
04013422649,0.013869
04013422650,0.017714
04013422651,0.017567
04013422652,0.017515
04013422653,0.012154
04013422654,0.010254
04013422655,0.02125
04013422656,0.020933
04013422657,0.013296
04013422658,0.015263
04013422659,0.019613
04013422660,0.014772
04013522801,0.299143
04013522802,0.01049
04013522901,0.013668
04013522903,0.07854
04013522904,0.010116
04013523002,0.012631
04013523005,0.011169
04013523006,0.068866
04013523007,0.082764
04013523008,0.009913
04013523102,0.01487
04013523103,0.021224
04013523104,0.016679
04013610001,0.230245
04013610002,0.114664
04013610100,0.013769
04013610201,0.022595
04013610202,0.016956
04013610301,0.034181
04013610302,0.018162
04013610400,0.02393
04013610500,0.018317
04013610600,0.012807
04013610700,0.0738
04013610800,0.045199
04013610901,0.041663
04013610902,0.015651
04013610903,0.018779
04013611000,0.019271
04013611100,0.010591
04013611200,0.011352
04013611300,0.01784
04013611400,0.025916
04013611500,0.010171
04013611600,0.010881
04013611700,0.034101
04013611800,0.015366
04013611900,0.020488
04013612000,0.019059
04013612200,0.030388
04013612301,0.024632
04013612302,0.015865
04013612401,0.009813
04013612402,0.023714
04013612500,0.046554
04013612600,0.013492
04013612700,0.02384
04013612800,0.031431
04013612900,0.014556
04013613000,0.011713
04013613100,0.010283
04013613200,0.015286
04013613300,0.012361
04013613400,0.010678
04013613500,0.062038
04013613601,0.011552
04013613602,0.015272
04013613700,0.032453
04013613800,0.011327
04013613900,0.012681
04013614000,0.015684
04013614100,0.010109
04013614200,0.016174
04013614300,0.030616
04013614400,0.039588
04013614500,0.013475
04013614601,0.027541
04013614602,0.048169
04013614700,0.023043
04013614800,0.013771
04013614900,0.093987
04013615001,0.011355
04013615002,0.017723
04013615100,0.036943
04013615201,0.0216
04013615202,0.05206
04013615300,0.018251
04013615400,0.021988
04013615500,0.023482
04013615600,0.029896
04013615700,0.024938
04013615800,0.010571
04013615900,0.020649
04013616000,0.01358
04013616100,0.011164
04013616200,0.019146
04013616300,0.010712
04013616400,0.042005
04013616500,0.011305
04013616600,0.01408
04013616700,0.024848
04013616800,0.012613
04013616900,0.012793
04013617001,0.058494
04013617002,0.040473
04013617100,0.033204
04013617200,0.023179
04013617300,0.012771
04013617400,0.073712
04013617500,0.01945
04013617600,0.013549
04013617700,0.019188
04013617800,0.026117
04013617900,0.014232
04013618000,0.011814
04013618100,0.011346
04013618200,0.009521
04013618300,0.011222
04013618400,0.010391
04013618500,0.015061
04013618600,0.015829
04013618700,0.009685
04013618800,0.012472
04013618900,0.021345
04013619000,0.021577
04013619100,0.01791
04013619200,0.021446
04013619300,0.009892
04013619400,0.024346
04013619500,0.014678
04013619601,0.022161
04013619602,0.012238
04013619700,0.011067
04013619800,0.011849
04013619900,0.015315
04013723304,0.065032
04013723305,0.072738
04013723306,0.088412
04013723307,0.028792
04013723309,0.009825
04013723310,0.015539
04013723311,0.017637
04013810000,0.025457
04013810100,0.01109
04013810200,0.024911
04013810300,0.010294
04013810400,0.013038
04013810500,0.011886
04013810600,0.017329
04013810700,0.012071
04013810800,0.014638
04013810900,0.017545
04013811000,0.032242
04013811100,0.044766
04013811200,0.02982
04013811300,0.014078
04013811400,0.011312
04013811500,0.010645
04013811600,0.012201
04013811700,0.010934
04013811800,0.021095
04013811900,0.013181
04013812000,0.043941
04013812100,0.021814
04013812200,0.023037
04013812300,0.01351
04013812400,0.012578
04013812500,0.015964
04013812600,0.01904
04013812700,0.01625
04013812801,0.010462
04013812802,0.031266
04013812900,0.011131
04013813000,0.017985
04013813100,0.010672
04013813200,0.011585
04013813300,0.023988
04013813400,0.022915
04013813500,0.021465
04013813600,0.011337
04013813700,0.020988
04013813800,0.020211
04013813900,0.018299
04013814000,0.020126
04013814100,0.011321
04013814200,0.023889
04013814300,0.017882
04013814400,0.017541
04013814500,0.064377
04013814600,0.014022
04013814700,0.012853
04013814801,0.016197
04013814802,0.016718
04013814900,0.012392
04013815000,0.012729
04013815100,0.009584
04013815201,0.017432
04013815202,0.01051
04013815203,0.016379
04013815300,0.033143
04013815401,0.02039
04013815402,0.014346
04013815501,0.015135
04013815502,0.029337
04013815601,0.01366
04013815602,0.010769
04013815700,0.014012
04013815800,0.015311
04013815901,0.02877
04013815902,0.010867
04013816001,0.023862
04013816002,0.012145
04013816003,0.018897
04013816004,0.022069
04013816005,0.012773
04013816100,0.03092
04013816200,0.010451
04013816301,0.022111
04013816302,0.025406
04013816401,0.015828
04013816402,0.010323
04013816501,0.016772
04013816502,0.011553
04013816600,0.040543
04013816700,0.011506
04013816800,0.014119
04013816901,0.010685
04013816902,0.015916
04013816903,0.009899
04013816904,0.011821
04013817000,0.017922
04013817101,0.017962
04013817102,0.024121
04013817103,0.010021
04013817200,0.012483
04013817300,0.029389
04013817400,0.015391
04013817500,0.018761
04013817600,0.015687
04013940700,0.037654
04013941000,0.025372
04013941100,0.068995
04013941200,0.083187
04013941300,0.031698
04013980100,0.115115
04013980400,0.131908
04013980500,0.017157
04013980700,0.027837
04013980900,0.016379
04013981000,0.293053
04015954801,0.120131
04015954802,0.115832
04017940014,0.024434
04017940015,0.026105
04017940100,0.150616
04017940301,0.098135
04017940302,0.276847
04017960100,0.101696
04017960200,0.088411
04017960400,0.071511
04017960500,0.146858
04017960600,0.036833
04017961300,0.120429
04017961701,0.101645
04017961702,0.219803
04017962501,0.180596
04017962502,0.253078
04017963300,0.147681
04017963400,0.098683
04017963700,0.020395
04017963800,0.021568
04017964201,0.100041
04017964202,0.096961
04017964801,0.033378
04017964802,0.173075
04017964901,0.159077
04017964902,0.111545
04017965201,0.206864
04017965202,0.171932
04017965301,0.124461
04017965302,0.0633
04019000100,0.118648
04019000200,0.017848
04019000300,0.011845
04019000401,0.011658
04019000402,0.018085
04019000501,0.014697
04019000502,0.011874
04019000600,0.021516
04019000700,0.009427
04019000800,0.026948
04019001100,0.01138
04019001200,0.016016
04019001302,0.02915
04019001303,0.070306
04019001304,0.024181
04019001400,0.011703
04019001500,0.011772
04019001600,0.026003
04019001700,0.038688
04019001801,0.017154
04019001802,0.012342
04019001900,0.014287
04019002000,0.050974
04019002100,0.011311
04019002201,0.024511
04019002202,0.013158
04019002300,0.029983
04019002400,0.022764
04019002503,0.020698
04019002504,0.015378
04019002505,0.047122
04019002507,0.013031
04019002508,0.010392
04019002509,0.016549
04019002602,0.027749
04019002603,0.022418
04019002604,0.029484
04019002702,0.014021
04019002703,0.010451
04019002704,0.016777
04019002801,0.023341
04019002802,0.01388
04019002803,0.015493
04019002901,0.013438
04019002904,0.034026
04019002905,0.016904
04019002906,0.011328
04019003002,0.013085
04019003003,0.012945
04019003004,0.032442
04019003102,0.010667
04019003103,0.053751
04019003104,0.02202
04019003201,0.013159
04019003202,0.011728
04019003302,0.017337
04019003303,0.01154
04019003304,0.011382
04019003400,0.011951
04019003502,0.012407
04019003503,0.028054
04019003504,0.014328
04019003505,0.021066
04019003506,0.013905
04019003601,0.055667
04019003702,0.011323
04019003704,0.018731
04019003705,0.010095
04019003706,0.010518
04019003707,0.013304
04019003801,0.035576
04019003802,0.012281
04019003901,0.052512
04019003902,0.016695
04019003903,0.039023
04019004008,0.010443
04019004010,0.014226
04019004026,0.01217
04019004029,0.018559
04019004030,0.01428
04019004031,0.030058
04019004032,0.010682
04019004033,0.012429
04019004034,0.009582
04019004035,0.010691
04019004036,0.039798
04019004037,0.014844
04019004038,0.010027
04019004039,0.011802
04019004042,0.024307
04019004043,0.055424
04019004044,0.071522
04019004046,0.010683
04019004047,0.011182
04019004048,0.014237
04019004049,0.009987
04019004050,0.025276
04019004051,0.01018
04019004052,0.141185
04019004053,0.014779
04019004054,0.013279
04019004055,0.019341
04019004056,0.012451
04019004057,0.011203
04019004058,0.010888
04019004061,0.172482
04019004062,0.012329
04019004063,0.017922
04019004065,0.021889
04019004066,0.027607
04019004067,0.033081
04019004068,0.016421
04019004069,0.013164
04019004070,0.039582
04019004071,0.01014
04019004072,0.010033
04019004073,0.013133
04019004074,0.01732
04019004075,0.015293
04019004076,0.010411
04019004077,0.013915
04019004078,0.066644
04019004079,0.018509
04019004080,0.011673
04019004081,0.012248
04019004082,0.011057
04019004109,0.082352
04019004110,0.010068
04019004112,0.085714
04019004114,0.013776
04019004115,0.020307
04019004116,0.027062
04019004117,0.038601
04019004118,0.015863
04019004122,0.010634
04019004126,0.018285
04019004127,0.048602
04019004128,0.029107
04019004129,0.02533
04019004130,0.022292
04019004131,0.038346
04019004132,0.040797
04019004133,0.084055
04019004307,0.120263
04019004310,0.029476
04019004311,0.019847
04019004312,0.021673
04019004313,0.232696
04019004316,0.043157
04019004317,0.042708
04019004320,0.061235
04019004321,0.010747
04019004322,0.010384
04019004323,0.141983
04019004324,0.108565
04019004325,0.283091
04019004326,0.025069
04019004327,0.06369
04019004328,0.043479
04019004330,0.026361
04019004332,0.020502
04019004333,0.012976
04019004335,0.028183
04019004336,0.113179
04019004337,0.019182
04019004338,0.016465
04019004339,0.010275
04019004340,0.055448
04019004404,0.060697
04019004407,0.010045
04019004412,0.012967
04019004413,0.014589
04019004414,0.009863
04019004415,0.051583
04019004418,0.012151
04019004419,0.017886
04019004422,0.014204
04019004423,0.058403
04019004424,0.159119
04019004425,0.045798
04019004426,0.057149
04019004428,0.04157
04019004430,0.017392
04019004431,0.012691
04019004432,0.011041
04019004433,0.010311
04019004434,0.019313
04019004435,0.033855
04019004436,0.017438
04019004437,0.033502
04019004438,0.013438
04019004439,0.011184
04019004440,0.014156
04019004505,0.014635
04019004506,0.014655
04019004508,0.059003
04019004510,0.013279
04019004511,0.010205
04019004512,0.010686
04019004513,0.01381
04019004514,0.01151
04019004515,0.041221
04019004610,0.011063
04019004613,0.011525
04019004614,0.015603
04019004615,0.01521
04019004616,0.030179
04019004617,0.044709
04019004618,0.029604
04019004619,0.042901
04019004620,0.085539
04019004621,0.011032
04019004622,0.105815
04019004623,0.017186
04019004624,0.011509
04019004625,0.103097
04019004626,0.04777
04019004627,0.035226
04019004628,0.016605
04019004630,0.01718
04019004631,0.16225
04019004632,0.109577
04019004633,0.023931
04019004634,0.01239
04019004635,0.030558
04019004636,0.014225
04019004639,0.028789
04019004640,0.014042
04019004641,0.009737
04019004642,0.016279
04019004643,0.02712
04019004644,0.010926
04019004645,0.01196
04019004646,0.012761
04019004647,0.015984
04019004648,0.140337
04019004649,0.057462
04019004650,0.021028
04019004710,0.036396
04019004711,0.021747
04019004712,0.011545
04019004713,0.13342
04019004714,0.01769
04019004715,0.141838
04019004717,0.018844
04019004718,0.033564
04019004720,0.012875
04019004721,0.013836
04019004722,0.054271
04019004723,0.019183
04019004724,0.020363
04019004725,0.034308
04019004726,0.018804
04019004727,0.142978
04019004728,0.285343
04019004729,0.010734
04019004730,0.011365
04019005200,0.124194
04019005300,0.010845
04019005400,0.017295
04019940800,0.078985
04019940900,0.023332
04019941000,0.035962
04019941100,0.02797
04019980001,0.234878
04019980002,0.047844
04019980100,0.039369
04019980200,0.054485
04019980300,0.07044
04019980400,0.126409
04021000201,0.177131
04021000204,0.011718
04021000206,0.024483
04021000208,0.019853
04021000211,0.031014
04021000212,0.038083
04021000215,0.017761
04021000216,0.012728
04021000217,0.112233
04021000218,0.010855
04021000219,0.020063
04021000220,0.016792
04021000221,0.027612
04021000222,0.011033
04021000223,0.010954
04021000224,0.01585
04021000225,0.01036
04021000226,0.012137
04021000227,0.0309
04021000228,0.022326
04021000229,0.032287
04021000307,0.111669
04021000309,0.05802
04021000310,0.041411
04021000311,0.086626
04021000312,0.064023
04021000313,0.013718
04021000315,0.100668
04021000316,0.04532
04021000317,0.020164
04021000319,0.048955
04021000320,0.076763
04021000321,0.019417
04021000322,0.031641
04021000323,0.12585
04021000324,0.031777
04021000325,0.031862
04021000400,0.14618
04021000603,0.028205
04021000604,0.18687
04021000700,0.075307
04021000802,0.083234
04021000804,0.017929
04021000805,0.015807
04021000806,0.01093
04021000807,0.276768
04021000808,0.269447
04021000902,0.118711
04021000903,0.293817
04021000904,0.160844
04021001000,0.176327
04021001100,0.13884
04021001200,0.081891
04021001303,0.149086
04021001305,0.021923
04021001306,0.013039
04021001307,0.140963
04021001308,0.144539
04021001309,0.044459
04021001310,0.08585
04021001403,0.042789
04021001404,0.043937
04021001405,0.084468
04021001406,0.087152
04021001407,0.16593
04021001408,0.141201
04021001500,0.102236
04021001600,0.046717
04021001701,0.190321
04021001704,0.122558
04021001705,0.156371
04021001706,0.117273
04021001707,0.024603
04021001709,0.026372
04021001712,0.079988
04021001713,0.017484
04021001714,0.012893
04021001715,0.112372
04021001716,0.011434
04021001717,0.055412
04021001900,0.040695
04021002001,0.201668
04021002004,0.098979
04021002005,0.143287
04021002104,0.0478
04021002105,0.019731
04021002106,0.078226
04021002107,0.141751
04021002200,0.105291
04021002300,0.201191
04021002400,0.384863
04021941200,0.059707
04021941300,0.050448
04021941401,0.110525
04021941402,0.092403
04023966000,0.080273
04023966101,0.186642
04023966103,0.052575
04023966106,0.193521
04023966107,0.069547
04023966108,0.101025
04023966109,0.069378
04023966110,0.045207
04023966111,0.105298
04023966200,0.079964
04023966301,0.168923
04023966302,0.185492
04023966401,0.09114
04023966402,0.080557
04025000205,0.032958
04025000206,0.050319
04025000207,0.381998
04025000208,0.270425
04025000209,0.255563
04025000210,0.068592
04025000211,0.08768
04025000301,0.024473
04025000302,0.039038
04025000403,0.018561
04025000404,0.013831
04025000405,0.016205
04025000406,0.238554
04025000407,0.010736
04025000501,0.047958
04025000502,0.063434
04025000604,0.013297
04025000608,0.027846
04025000609,0.044875
04025000611,0.105326
04025000612,0.116901
04025000613,0.011979
04025000614,0.011838
04025000615,0.026112
04025000616,0.018129
04025000617,0.145558
04025000618,0.039295
04025000619,0.094861
04025000701,0.077729
04025000702,0.119295
04025000802,0.102827
04025000803,0.014382
04025000804,0.269847
04025000901,0.092103
04025000902,0.011115
04025001002,0.034924
04025001003,0.015511
04025001004,0.042044
04025001103,0.035693
04025001104,0.01714
04025001105,0.127926
04025001106,0.099114
04025001201,0.213818
04025001202,0.027027
04025001300,0.192745
04025001401,0.086791
04025001402,0.239167
04025001403,0.111954
04025001501,0.121839
04025001502,0.112276
04025001601,0.104063
04025001602,0.141276
04025001604,0.080956
04025001605,0.135832
04025001701,0.047327
04025001703,0.216164
04025001704,0.106753
04025001705,0.098903
04025001801,0.050624
04025001803,0.108505
04025001804,0.170188
04025001901,0.116593
04025001902,0.111242
04025001903,0.068112
04025001904,0.102508
04025002001,0.107223
04025002002,0.139739
04025002003,0.152608
04025002005,0.026133
04025002006,0.024625
04025002007,0.121751
04025002100,0.113541
04027012100,0.114916
04027980003,0.04025
04027980004,0.10232
35023970000,0.052618
06007000102,0.014636
06007000103,0.053504
06007000104,0.020669
06007000201,0.14881
06007000202,0.067945
06007000300,0.055069
06007000401,0.038434
06007000403,0.023893
06007000404,0.066161
06007000501,0.162316
06007000502,0.218959
06007000601,0.033662
06007000603,0.020862
06007000604,0.045457
06007000700,0.020734
06007000800,0.030704
06007000901,0.029749
06007000903,0.020494
06007000904,0.129518
06007001000,0.088793
06007001100,0.181003
06007001200,0.01568
06007001300,0.017813
06007001400,0.067253
06007001500,0.023651
06007001601,0.152623
06007001602,0.170383
06007001702,0.079454
06007001703,0.017518
06007001704,0.017903
06007001800,0.117722
06007001900,0.081693
06007002000,0.187709
06007002100,0.112477
06007002200,0.071386
06007002300,0.21079
06007002401,0.067389
06007002402,0.091464
06007002500,0.073595
06007002601,0.247838
06007002602,0.152673
06007002700,0.062174
06007002800,0.038126
06007002900,0.040688
06007003001,0.17133
06007003002,0.036402
06007003100,0.262643
06007003200,0.018552
06007003300,0.03151
06007003400,0.091145
06007003501,0.022483
06007003502,0.134947
06007003600,0.097549
06007003700,0.161834
06011000100,0.105085
06011000200,0.093873
06011000301,0.170416
06011000302,0.143514
06011000400,0.05699
06011000500,0.194846
06015000202,0.173725
06017030601,0.177654
06017030603,0.228619
06017030604,0.116499
06017030605,0.196598
06017030606,0.185376
06017030701,0.02432
06017030706,0.017584
06017030709,0.013926
06017030710,0.011199
06017030801,0.048728
06017030901,0.060543
06017030902,0.039866
06017031000,0.150514
06017031100,0.106621
06017031700,0.022818
06021010101,0.182342
06021010102,0.172275
06021010200,0.132708
06021010300,0.094724
06021010401,0.12731
06021010402,0.174071
06021010501,0.079152
06021010502,0.131094
06023001200,0.027469
06023010102,0.155531
06023010902,0.041148
06023011600,0.104325
06023940000,0.206898
06033000100,0.084068
06033000300,0.060655
06033000401,0.012107
06033000402,0.031925
06033000501,0.102167
06033000502,0.062664
06033000601,0.088174
06033000602,0.143691
06033000702,0.110542
06033000703,0.039438
06033000704,0.024636
06033000801,0.018878
06033000802,0.015112
06033000901,0.026572
06033000902,0.041286
06033001000,0.072966
06033001101,0.048288
06033001102,0.038781
06033001200,0.023389
06033001301,0.058283
06033001302,0.096978
06035040100,0.148075
06035040200,0.056624
06035040302,0.142621
06035040303,0.097101
06035040304,0.242147
06035040305,0.023335
06035040400,0.171865
06035040500,0.099708
06035040600,0.138004
06045010100,0.143998
06045010200,0.126633
06045010601,0.230138
06045010602,0.190256
06045010801,0.06196
06045010802,0.022116
06045011700,0.064642
06045011800,0.158281
06049000100,0.186929
06049000200,0.04354
06049000300,0.153128
06055201800,0.179034
06057000102,0.020012
06057000104,0.05032
06057000105,0.096907
06057000106,0.171986
06057000107,0.122011
06057000200,0.047086
06057000300,0.149677
06057000401,0.027515
06057000403,0.269088
06057000404,0.031409
06057000502,0.051955
06057000503,0.024099
06057000504,0.048026
06057000601,0.047031
06057000602,0.086942
06057000701,0.22253
06057000702,0.198514
06057000801,0.183614
06057000802,0.118268
06057000900,0.134438
06061020200,0.030775
06061020300,0.142831
06061020401,0.080974
06061020402,0.194054
06061020501,0.118084
06061020502,0.063983
06061020601,0.026286
06061020604,0.042355
06061020605,0.079658
06061020606,0.036342
06061020607,0.01779
06061020608,0.031931
06061020710,0.012584
06061020711,0.019495
06061020712,0.016955
06061020713,0.087727
06061020714,0.025921
06061020715,0.010888
06061020717,0.026813
06061020805,0.01988
06061020806,0.033283
06061020901,0.024782
06061020908,0.083614
06061021003,0.019754
06061021034,0.017308
06061021037,0.038785
06061021038,0.012051
06061021039,0.02818
06061021040,0.03097
06061021043,0.03065
06061021044,0.01403
06061021045,0.013465
06061021046,0.016429
06061021047,0.010204
06061021048,0.023209
06061021103,0.031156
06061021106,0.021408
06061021108,0.091848
06061021109,0.045512
06061021122,0.024795
06061021123,0.018019
06061021128,0.027625
06061021129,0.021659
06061021130,0.038012
06061021131,0.022707
06061021203,0.01993
06061021204,0.120513
06061021304,0.038025
06061021323,0.011207
06061021324,0.020247
06061021325,0.012002
06061021326,0.011113
06061021327,0.022118
06061021328,0.015661
06061021401,0.014068
06061021403,0.013446
06061021501,0.172737
06061021502,0.143902
06061021603,0.166184
06061021604,0.196131
06061021801,0.224369
06061021802,0.12458
06061021901,0.076648
06061021902,0.023145
06061022002,0.100179
06061022013,0.21841
06061022014,0.222005
06061022400,0.037454
06061022500,0.015277
06061022600,0.020883
06061022800,0.028327
06061022900,0.025154
06061023000,0.013356
06061023100,0.026309
06061023200,0.0152
06061023300,0.018097
06061023400,0.029884
06061023501,0.017651
06061023502,0.01267
06061023600,0.03085
06061023700,0.05852
06061023800,0.012756
06061023900,0.081991
06063000100,0.086603
06063000201,0.100298
06063000202,0.097056
06063000300,0.10773
06063000400,0.16356
06063000501,0.146726
06063000502,0.144067
06067000100,0.062009
06067000200,0.054052
06067000300,0.017303
06067000400,0.033709
06067000501,0.131738
06067000502,0.274219
06067000600,0.01289
06067000700,0.027315
06067000800,0.034808
06067001102,0.079834
06067001103,0.041965
06067001201,0.050409
06067001202,0.017197
06067001300,0.01436
06067001400,0.024506
06067001500,0.020842
06067001601,0.013514
06067001602,0.049451
06067001702,0.081735
06067001800,0.012491
06067001900,0.071969
06067002000,0.023903
06067002100,0.050069
06067002200,0.064233
06067002300,0.059955
06067002400,0.014787
06067002500,0.014273
06067002600,0.022064
06067002700,0.09441
06067005301,0.060593
06067005402,0.019247
06067005403,0.088925
06067005404,0.02593
06067005502,0.015899
06067005505,0.012862
06067005506,0.011892
06067005508,0.037792
06067005509,0.023892
06067005510,0.014143
06067005601,0.018569
06067005605,0.014957
06067005606,0.013566
06067005701,0.022252
06067005702,0.033481
06067005801,0.010958
06067005803,0.010849
06067005901,0.012546
06067005903,0.01219
06067005904,0.012814
06067006002,0.016428
06067006003,0.083728
06067006004,0.011618
06067006101,0.077255
06067006102,0.016434
06067006202,0.043762
06067006203,0.034895
06067006204,0.011385
06067006300,0.012036
06067006400,0.039962
06067006501,0.066593
06067006502,0.029739
06067006600,0.015274
06067006703,0.014824
06067006704,0.014373
06067006705,0.041127
06067006706,0.03616
06067006801,0.01319
06067006802,0.015832
06067006803,0.028492
06067006901,0.114805
06067006902,0.078124
06067007001,0.024596
06067007007,0.020893
06067007010,0.034408
06067007011,0.025012
06067007012,0.028262
06067007013,0.0286
06067007016,0.015396
06067007017,0.028305
06067007019,0.038311
06067007020,0.066643
06067007021,0.058155
06067007022,0.064302
06067007023,0.012897
06067007024,0.035351
06067007025,0.030421
06067007026,0.010443
06067007027,0.012713
06067007028,0.024815
06067007101,0.08864
06067007103,0.015886
06067007105,0.022291
06067007106,0.013897
06067007107,0.077669
06067007108,0.012266
06067007109,0.027822
06067007110,0.01405
06067007111,0.020791
06067007202,0.014292
06067007204,0.016201
06067007206,0.011648
06067007207,0.052794
06067007208,0.024524
06067007209,0.020782
06067007301,0.011832
06067007402,0.026608
06067007403,0.063283
06067007413,0.054188
06067007414,0.010182
06067007415,0.024913
06067007416,0.022936
06067007417,0.015785
06067007422,0.040332
06067007423,0.055096
06067007424,0.011863
06067007426,0.024158
06067007427,0.017257
06067007428,0.029114
06067007429,0.015069
06067007430,0.023999
06067007431,0.010765
06067007432,0.013243
06067007434,0.012367
06067007435,0.032434
06067007436,0.031795
06067007437,0.013247
06067007438,0.018558
06067007439,0.016498
06067007501,0.077065
06067007503,0.069183
06067007504,0.10575
06067007602,0.017868
06067007603,0.011954
06067007604,0.026534
06067007701,0.016077
06067007702,0.015573
06067007801,0.027303
06067007802,0.01674
06067007903,0.029604
06067007904,0.010375
06067007905,0.031434
06067007906,0.025111
06067008005,0.029991
06067008006,0.023886
06067008007,0.062772
06067008008,0.041495
06067008009,0.01487
06067008010,0.016474
06067008111,0.049968
06067008113,0.073474
06067008117,0.014505
06067008119,0.020589
06067008120,0.017404
06067008122,0.022932
06067008124,0.056396
06067008125,0.011042
06067008127,0.048693
06067008128,0.099272
06067008129,0.046018
06067008130,0.026739
06067008131,0.12171
06067008132,0.098997
06067008133,0.040513
06067008134,0.072471
06067008135,0.101759
06067008136,0.053824
06067008137,0.015389
06067008138,0.052354
06067008139,0.06328
06067008140,0.01257
06067008141,0.019038
06067008142,0.023345
06067008143,0.026358
06067008144,0.017841
06067008145,0.069504
06067008203,0.012148
06067008204,0.040445
06067008206,0.022745
06067008207,0.012245
06067008208,0.019197
06067008209,0.019998
06067008210,0.061292
06067008211,0.013088
06067008402,0.016609
06067008403,0.027982
06067008404,0.020259
06067008501,0.020116
06067008504,0.057103
06067008505,0.03467
06067008506,0.091953
06067008507,0.017124
06067008508,0.033583
06067008509,0.037429
06067008510,0.030253
06067008512,0.013334
06067008702,0.013573
06067008703,0.055788
06067008909,0.031881
06067008912,0.039884
06067008913,0.01346
06067988300,0.013766
06089010100,0.122289
06089010200,0.022117
06089010300,0.058956
06089010400,0.057729
06089010500,0.03508
06089010601,0.032163
06089010602,0.122923
06089010603,0.06265
06089010702,0.069818
06089010703,0.097286
06089010704,0.030754
06089010803,0.026361
06089010804,0.013606
06089010805,0.015771
06089010806,0.11761
06089010807,0.083923
06089010900,0.047239
06089011001,0.068683
06089011002,0.166533
06089011100,0.01554
06089011209,0.055474
06089011300,0.023799
06089011401,0.044989
06089011402,0.013536
06089011403,0.015315
06089011501,0.049719
06089011502,0.018986
06089011600,0.15114
06089011701,0.09286
06089011702,0.197302
06089011703,0.171718
06089011801,0.046116
06089011802,0.07958
06089011803,0.077028
06089011900,0.020594
06089012000,0.117284
06089012101,0.050215
06089012102,0.056993
06089012200,0.050194
06089012301,0.153281
06089012302,0.023558
06089012303,0.0144
06089012400,0.036185
06089012500,0.153299
06089012603,0.149554
06089012604,0.027981
06089012605,0.081087
06089012606,0.077547
06089012701,0.138446
06089012702,0.097274
06091010000,0.077728
06093000300,0.042843
06093000701,0.166076
06093000800,0.16074
06093000901,0.120155
06093000902,0.164529
06093001001,0.197033
06093001002,0.20052
06093001003,0.061441
06093001100,0.14437
06093001200,0.166141
06093001300,0.132154
06097154100,0.070187
06101050101,0.025032
06101050102,0.049362
06101050201,0.037156
06101050202,0.023514
06101050301,0.066733
06101050302,0.011392
06101050401,0.019018
06101050402,0.039077
06101050403,0.057444
06101050501,0.158253
06101050503,0.207193
06101050504,0.283014
06101050601,0.109172
06101050603,0.019253
06101050604,0.108757
06101050701,0.189358
06101050702,0.109742
06101050800,0.058523
06101050900,0.097579
06101051000,0.133228
06101051100,0.075839
06103000100,0.201836
06103000201,0.170262
06103000202,0.030737
06103000300,0.092394
06103000400,0.166608
06103000500,0.182746
06103000600,0.160541
06103000701,0.126501
06103000702,0.122097
06103000800,0.124254
06103000900,0.078826
06103001000,0.033449
06103001101,0.198624
06103001102,0.195661
06105000101,0.137151
06105000102,0.107583
06105000200,0.113121
06105000500,0.0567
06113010102,0.055721
06113010103,0.010699
06113010104,0.022812
06113010105,0.021633
06113010201,0.022902
06113010203,0.081129
06113010204,0.073249
06113010313,0.020943
06113010315,0.022819
06113010401,0.11834
06113010505,0.086013
06113010800,0.162534
06113010901,0.048826
06113010902,0.229387
06113011001,0.105909
06113011002,0.050363
06113011101,0.024076
06113011102,0.081744
06113011103,0.049362
06113011203,0.023323
06113011204,0.017884
06113011207,0.095031
06113011208,0.082023
06113011209,0.04531
06113011210,0.012793
06113011211,0.015872
06113011400,0.109065
06113011500,0.073
06115040100,0.123033
06115040201,0.245315
06115040202,0.175779
06115040301,0.020198
06115040302,0.031818
06115040304,0.016349
06115040305,0.014849
06115040400,0.014596
06115040500,0.041715
06115040600,0.024233
06115040701,0.017276
06115040702,0.05342
06115040800,0.015633
06115040901,0.029109
06115040902,0.028474
06115041001,0.093613
06115041002,0.01614
06115041101,0.111695
06115041102,0.174258
48001950100,0.026892
48001950401,0.040104
48001950402,0.123073
48001950500,0.137619
48001950600,0.133999
48001950700,0.128132
48001950800,0.130694
48001950901,0.057247
48001950902,0.049509
48001951001,0.029788
48001951002,0.095135
48001951100,0.087338
48005000102,0.041298
48005000104,0.071868
48007950101,0.189686
48007950102,0.13761
48007950103,0.065434
48007950200,0.188897
48007950301,0.090488
48007950302,0.110057
48007950400,0.147063
48007950501,0.070201
48007950502,0.163591
48007950503,0.168931
48009020200,0.063182
48009020300,0.089182
48013960101,0.068103
48013960102,0.104233
48013960203,0.097743
48013960204,0.016733
48013960205,0.057068
48013960206,0.094909
48013960300,0.126407
48013960401,0.352505
48013960403,0.201459
48013960404,0.222994
48013960500,0.043276
48013960601,0.156305
48013960602,0.030946
48015760100,0.014339
48015760201,0.03383
48015760202,0.044906
48015760301,0.036103
48015760302,0.030608
48015760400,0.033356
48015760501,0.03719
48015760502,0.048079
48019000101,0.138612
48019000103,0.159033
48019000104,0.171626
48019000200,0.140389
48019000301,0.09557
48019000302,0.081715
48019000400,0.05926
48021950101,0.022703
48021950102,0.065204
48021950201,0.135242
48021950202,0.145123
48021950301,0.027465
48021950302,0.015245
48021950303,0.033075
48021950401,0.108993
48021950402,0.104236
48021950403,0.09558
48021950503,0.05265
48021950504,0.045957
48021950505,0.042885
48021950506,0.054852
48021950601,0.025668
48021950602,0.02523
48021950700,0.06001
48021950803,0.044373
48021950804,0.016316
48021950805,0.100297
48021950806,0.125389
48023950301,0.038039
48023950302,0.232331
48025950100,0.021279
48025950201,0.113335
48025950203,0.070742
48025950204,0.118551
48025950300,0.029324
48025950400,0.137244
48025950501,0.167205
48025950502,0.14145
48025950600,0.121725
48027020101,0.116529
48027020102,0.021127
48027020201,0.043083
48027020203,0.146089
48027020204,0.138345
48027020301,0.085126
48027020302,0.09301
48027020401,0.058414
48027020402,0.094499
48027020500,0.126118
48027020600,0.123579
48027020701,0.148075
48027020702,0.037627
48027020800,0.112383
48027020900,0.131075
48027021000,0.074257
48027021101,0.080325
48027021102,0.024867
48027021201,0.117779
48027021202,0.062406
48027021203,0.106967
48027021301,0.020642
48027021302,0.038385
48027021304,0.028043
48027021305,0.017066
48027021400,0.043445
48027021501,0.022093
48027021502,0.055836
48027021601,0.090941
48027021602,0.179995
48027021701,0.028397
48027021702,0.160792
48027021801,0.10144
48027021802,0.042847
48027021901,0.058762
48027021905,0.016317
48027021906,0.039657
48027021907,0.018943
48027021908,0.021391
48027022001,0.129589
48027022002,0.026188
48027022101,0.010901
48027022103,0.020887
48027022104,0.021532
48027022105,0.021318
48027022200,0.017705
48027022300,0.077949
48027022401,0.043359
48027022402,0.012599
48027022403,0.010952
48027022405,0.025042
48027022406,0.025973
48027022407,0.00945
48027022501,0.087509
48027022503,0.01587
48027022504,0.010814
48027022600,0.125999
48027022801,0.010534
48027022900,0.146369
48027023001,0.025852
48027023002,0.014288
48027023103,0.141728
48027023104,0.060682
48027023109,0.018877
48027023110,0.072114
48027023111,0.10363
48027023112,0.020053
48027023113,0.017112
48027023114,0.011173
48027023115,0.014123
48027023116,0.103183
48027023117,0.11631
48027023118,0.164107
48027023201,0.135117
48027023202,0.06684
48027023203,0.109744
48027023204,0.026507
48027023301,0.043867
48027023302,0.054356
48027023402,0.015073
48027023404,0.019457
48027023405,0.024023
48027023406,0.022117
48027023500,0.183635
48027980001,0.164736
48027980002,0.289628
48027980003,0.074409
48029110100,0.02559
48029110300,0.018687
48029110500,0.01041
48029110600,0.017665
48029110700,0.050967
48029111000,0.036734
48029111100,0.025737
48029120100,0.015935
48029120301,0.115762
48029120302,0.055744
48029120401,0.018432
48029120402,0.131349
48029120502,0.067029
48029120503,0.010804
48029120504,0.060836
48029120601,0.084359
48029120602,0.151931
48029120701,0.038938
48029120702,0.073041
48029120800,0.014817
48029120901,0.024674
48029120902,0.048127
48029121000,0.016666
48029121110,0.017483
48029121111,0.027857
48029121112,0.029751
48029121115,0.035654
48029121116,0.048724
48029121117,0.019233
48029121118,0.031531
48029121119,0.012999
48029121120,0.016188
48029121121,0.011893
48029121122,0.01446
48029121123,0.054471
48029121124,0.015841
48029121203,0.052788
48029121204,0.020692
48029121205,0.022141
48029121206,0.01473
48029121300,0.010392
48029121402,0.01244
48029121403,0.011087
48029121404,0.031837
48029121501,0.024565
48029121504,0.014301
48029121505,0.035033
48029121506,0.030797
48029121507,0.011273
48029121508,0.011552
48029121601,0.085779
48029121604,0.028542
48029121605,0.022307
48029121606,0.046279
48029121701,0.195084
48029121702,0.058373
48029121802,0.025124
48029121803,0.014299
48029121804,0.013398
48029121808,0.010946
48029121809,0.033665
48029121810,0.017692
48029121811,0.011847
48029121812,0.013443
48029121813,0.083395
48029121903,0.015992
48029121904,0.024017
48029121905,0.049315
48029121906,0.014035
48029121908,0.030088
48029121909,0.01783
48029121910,0.020808
48029121911,0.013956
48029121912,0.024003
48029130200,0.030161
48029130300,0.01098
48029130401,0.036194
48029130402,0.084185
48029130500,0.015803
48029130600,0.010762
48029130700,0.022376
48029130800,0.028036
48029130900,0.031675
48029131000,0.071652
48029131100,0.017193
48029131200,0.201149
48029131300,0.121953
48029131401,0.136077
48029131402,0.111109
48029131503,0.022029
48029131504,0.041426
48029131505,0.010674
48029131506,0.040527
48029131507,0.013512
48029131601,0.085889
48029131606,0.121348
48029131608,0.051866
48029131609,0.049008
48029131610,0.024428
48029131612,0.019943
48029131614,0.017217
48029131615,0.016099
48029131616,0.082129
48029131700,0.026652
48029131801,0.044203
48029131802,0.064074
48029140100,0.031495
48029140200,0.049977
48029140300,0.085144
48029140400,0.019176
48029140500,0.01715
48029140600,0.023051
48029140700,0.011347
48029140800,0.012702
48029140900,0.021456
48029141000,0.026254
48029141101,0.057824
48029141102,0.041492
48029141200,0.010869
48029141300,0.056517
48029141402,0.117919
48029141403,0.109213
48029141404,0.012785
48029141600,0.104579
48029141700,0.061528
48029141800,0.128999
48029141900,0.192394
48029150100,0.070515
48029150300,0.020272
48029150400,0.082144
48029150501,0.044185
48029150502,0.010069
48029150600,0.023441
48029150700,0.013112
48029150800,0.228871
48029150900,0.075079
48029151000,0.07752
48029151100,0.069451
48029151200,0.06283
48029151301,0.047912
48029151302,0.035341
48029151400,0.092987
48029151500,0.143663
48029151600,0.014585
48029151700,0.079731
48029151900,0.107654
48029152000,0.067372
48029152100,0.227293
48029152201,0.077098
48029152202,0.090705
48029160100,0.016525
48029160200,0.086482
48029160300,0.161751
48029160400,0.021355
48029160501,0.011989
48029160502,0.106896
48029160600,0.011236
48029160701,0.057836
48029160702,0.022464
48029160901,0.112282
48029160902,0.037532
48029161000,0.132391
48029161100,0.061384
48029161200,0.076387
48029161302,0.044687
48029161303,0.0162
48029161304,0.027799
48029161400,0.187465
48029161501,0.111031
48029161503,0.051705
48029161504,0.010939
48029161600,0.05801
48029161801,0.061403
48029161802,0.080157
48029161901,0.092196
48029161902,0.099295
48029162001,0.165481
48029162003,0.145502
48029162004,0.112182
48029170101,0.173911
48029170102,0.01124
48029170200,0.011084
48029170300,0.017246
48029170401,0.077124
48029170402,0.01083
48029170500,0.155664
48029170600,0.050409
48029170700,0.017086
48029170800,0.010317
48029170900,0.010774
48029171000,0.011422
48029171100,0.009743
48029171200,0.033868
48029171301,0.01124
48029171302,0.012004
48029171401,0.009693
48029171402,0.035382
48029171501,0.011698
48029171502,0.010468
48029171601,0.032754
48029171602,0.047612
48029171700,0.025736
48029171801,0.013563
48029171802,0.031081
48029171903,0.034166
48029171912,0.012991
48029171913,0.082671
48029171914,0.012572
48029171915,0.017661
48029171916,0.017328
48029171917,0.014637
48029171918,0.012503
48029171919,0.068444
48029171920,0.011026
48029171921,0.095944
48029171922,0.014817
48029171923,0.038888
48029171924,0.012493
48029171926,0.014857
48029171927,0.019519
48029171928,0.010252
48029171929,0.010659
48029172002,0.141051
48029172003,0.065633
48029172004,0.016527
48029172005,0.012625
48029172006,0.043331
48029172008,0.025619
48029172009,0.015782
48029180101,0.011395
48029180102,0.011227
48029180201,0.019677
48029180202,0.010989
48029180300,0.095029
48029180400,0.198077
48029180501,0.155442
48029180503,0.015235
48029180504,0.033747
48029180602,0.045587
48029180603,0.026433
48029180604,0.089965
48029180701,0.060947
48029180702,0.019336
48029180800,0.033843
48029180901,0.019538
48029180902,0.025615
48029181001,0.037
48029181003,0.083218
48029181004,0.069096
48029181005,0.035627
48029181100,0.013214
48029181200,0.012126
48029181301,0.048395
48029181302,0.041936
48029181303,0.085235
48029181402,0.035915
48029181403,0.236413
48029181404,0.070599
48029181503,0.015629
48029181504,0.013391
48029181505,0.014413
48029181506,0.055643
48029181601,0.041635
48029181602,0.018479
48029181703,0.034276
48029181704,0.130914
48029181705,0.074852
48029181711,0.012309
48029181712,0.035598
48029181713,0.011406
48029181715,0.011512
48029181716,0.058745
48029181718,0.010607
48029181720,0.036922
48029181721,0.048203
48029181722,0.033435
48029181723,0.012387
48029181724,0.068762
48029181725,0.042127
48029181726,0.013276
48029181727,0.013107
48029181729,0.013226
48029181730,0.014628
48029181731,0.010228
48029181732,0.025631
48029181733,0.010081
48029181808,0.012056
48029181809,0.014709
48029181811,0.12658
48029181813,0.014481
48029181814,0.016365
48029181815,0.075753
48029181816,0.011441
48029181817,0.012108
48029181818,0.011502
48029181819,0.013021
48029181820,0.016379
48029181821,0.049626
48029181822,0.064148
48029181823,0.038571
48029181824,0.010223
48029181825,0.07262
48029181826,0.012316
48029181901,0.014507
48029181902,0.012455
48029182001,0.037205
48029182002,0.113974
48029182003,0.019488
48029182101,0.031534
48029182102,0.017576
48029182103,0.142688
48029182105,0.044076
48029182106,0.101688
48029190100,0.035051
48029190200,0.01607
48029190400,0.012586
48029190501,0.021518
48029190503,0.012245
48029190504,0.062289
48029190601,0.0357
48029190603,0.01089
48029190604,0.024704
48029190700,0.011917
48029190800,0.021259
48029190901,0.013095
48029190902,0.089003
48029191003,0.010507
48029191004,0.010589
48029191005,0.029376
48029191006,0.014775
48029191101,0.013195
48029191102,0.023701
48029191201,0.009917
48029191202,0.013673
48029191303,0.012183
48029191304,0.020523
48029191405,0.010652
48029191406,0.019279
48029191408,0.013907
48029191409,0.015855
48029191410,0.051609
48029191411,0.012152
48029191412,0.011896
48029191413,0.014405
48029191503,0.014439
48029191504,0.05044
48029191505,0.01516
48029191506,0.020644
48029191701,0.073099
48029191702,0.024789
48029191804,0.026839
48029191806,0.013796
48029191807,0.012211
48029191808,0.022552
48029191809,0.036132
48029191810,0.01494
48029191811,0.012308
48029191812,0.011261
48029191813,0.012104
48029191814,0.015171
48029191815,0.027874
48029191816,0.02601
48029191818,0.01616
48029191819,0.011376
48029191900,0.018957
48029192000,0.08931
48029192100,0.046424
48029192200,0.165955
48029192300,0.017306
48029980001,0.055232
48029980002,0.158542
48029980003,0.067982
48029980004,0.072203
48029980005,0.019638
48029980100,0.038022
48031950101,0.139912
48031950102,0.105012
48031950201,0.084423
48031950202,0.092186
48033950100,0.145183
48035950100,0.038597
48035950200,0.142969
48035950300,0.240325
48035950400,0.111469
48035950500,0.056418
48035950600,0.200047
48035950700,0.053783
48039660100,0.038226
48039660200,0.039005
48039660301,0.02668
48039660302,0.010574
48039660303,0.022808
48039660401,0.035308
48039660402,0.025546
48039660403,0.068194
48039660501,0.129142
48039660502,0.015372
48039660503,0.03906
48039660504,0.01238
48039660603,0.010877
48039660604,0.012196
48039660605,0.011541
48039660606,0.023541
48039660607,0.021319
48039660608,0.023061
48039660609,0.010603
48039660610,0.039798
48039660611,0.024847
48039660612,0.016112
48039660613,0.012523
48039660614,0.156278
48039660615,0.018029
48039660616,0.010895
48039660703,0.024575
48039660704,0.020525
48039660705,0.013995
48039660706,0.047667
48039660707,0.013582
48039660708,0.055835
48039660803,0.010697
48039660804,0.079755
48039660805,0.011956
48039660806,0.029407
48039660901,0.144618
48039660902,0.047291
48039661000,0.118729
48039661100,0.129655
48039661200,0.144928
48039661300,0.156686
48039661400,0.047798
48039661501,0.052164
48039661502,0.063707
48039661601,0.217629
48039661602,0.054576
48039661700,0.106768
48039661800,0.070551
48039661901,0.035078
48039661902,0.031153
48039662000,0.028759
48039662100,0.079022
48039662200,0.137589
48039662300,0.180001
48039662400,0.100433
48039662500,0.059871
48039662600,0.153422
48039662700,0.042901
48039662800,0.016107
48039662900,0.071197
48039663000,0.119326
48039663100,0.093433
48039663200,0.017516
48039663300,0.026886
48039663400,0.027537
48039663500,0.020759
48039663600,0.018337
48039663700,0.096279
48039663800,0.031206
48039663900,0.056885
48039664000,0.07523
48039664100,0.019757
48039664200,0.090477
48039664300,0.028432
48039664400,0.036719
48039664501,0.019827
48039990000,0.037646
48041000103,0.232761
48041000104,0.174069
48041000105,0.023558
48041000106,0.113095
48041000107,0.011789
48041000108,0.140168
48041000203,0.028926
48041000204,0.0177
48041000205,0.061109
48041000206,0.035021
48041000207,0.080071
48041000301,0.087548
48041000302,0.089047
48041000401,0.087714
48041000402,0.053738
48041000501,0.15145
48041000502,0.051584
48041000603,0.020839
48041000605,0.013604
48041000606,0.019416
48041000700,0.014097
48041000800,0.028078
48041000900,0.015435
48041001001,0.016652
48041001002,0.020037
48041001101,0.012855
48041001102,0.018385
48041001301,0.025428
48041001302,0.063905
48041001303,0.102748
48041001401,0.021429
48041001604,0.012254
48041001605,0.019716
48041001606,0.036794
48041001607,0.115337
48041001608,0.010472
48041001702,0.08038
48041001703,0.093809
48041001704,0.070109
48041001801,0.036513
48041001803,0.010554
48041001804,0.017337
48041001901,0.030449
48041001902,0.030103
48041002001,0.024254
48041002006,0.02912
48041002009,0.021893
48041002010,0.046119
48041002011,0.018411
48041002014,0.021333
48041002016,0.032526
48041002017,0.022078
48041002018,0.019811
48041002019,0.009489
48041002020,0.023135
48041002021,0.014135
48041002022,0.016684
48041002023,0.01396
48041002024,0.014125
48041002025,0.063818
48041002026,0.181079
48041002100,0.012143
48041980000,0.01891
48047950100,0.079835
48047950200,0.123576
48049950100,0.046599
48049950201,0.045146
48049950202,0.208092
48049950300,0.16915
48049950500,0.022154
48049950600,0.147643
48049950700,0.073139
48049950800,0.140643
48049950900,0.032864
48049951000,0.01439
48049951100,0.093534
48049951200,0.164886
48049951300,0.024308
48051970100,0.097621
48051970201,0.050051
48051970202,0.045876
48051970300,0.147808
48051970400,0.056398
48051970501,0.17764
48051970502,0.021138
48053960101,0.019467
48053960102,0.05736
48053960200,0.144235
48053960301,0.191274
48053960302,0.166224
48053960401,0.066266
48053960402,0.090268
48053960501,0.04212
48053960502,0.063601
48053960600,0.024844
48053960701,0.078923
48053960702,0.119047
48053960801,0.082794
48053960802,0.202771
48053960803,0.033462
48055960102,0.023021
48055960103,0.142355
48055960104,0.209439
48055960200,0.086735
48055960300,0.178614
48055960400,0.144226
48055960501,0.104359
48055960502,0.154031
48055960600,0.131447
48055960701,0.137033
48055960702,0.149171
48057000100,0.100239
48057000200,0.163159
48057000300,0.232349
48057000401,0.087419
48057000402,0.104815
48057000501,0.143422
48057000502,0.186447
48057990000,0.036604
48059030101,0.015716
48059030102,0.025602
48059030200,0.045639
48061010101,0.018061
48061010102,0.267688
48061010103,0.022116
48061010201,0.023772
48061010204,0.117116
48061010205,0.083504
48061010301,0.020169
48061010303,0.01543
48061010304,0.020312
48061010403,0.187855
48061010404,0.011568
48061010405,0.017342
48061010406,0.017541
48061010500,0.025286
48061010602,0.278383
48061010603,0.105977
48061010604,0.139778
48061010700,0.096759
48061010801,0.079033
48061010802,0.034154
48061010900,0.16513
48061011000,0.068455
48061011100,0.088202
48061011200,0.136426
48061011301,0.14844
48061011302,0.27677
48061011401,0.053218
48061011402,0.185221
48061011500,0.161281
48061011601,0.024602
48061011602,0.054065
48061011701,0.117984
48061011702,0.138296
48061011801,0.078639
48061011802,0.013191
48061011903,0.024441
48061011904,0.052687
48061011905,0.124998
48061011906,0.026185
48061011907,0.057098
48061011908,0.021557
48061012002,0.02916
48061012003,0.024667
48061012004,0.043048
48061012103,0.028185
48061012104,0.02244
48061012105,0.01383
48061012106,0.01217
48061012201,0.031254
48061012202,0.019742
48061012203,0.013167
48061012301,0.026114
48061012304,0.064082
48061012305,0.051345
48061012402,0.133376
48061012403,0.045725
48061012404,0.072091
48061012506,0.021997
48061012508,0.046739
48061012509,0.022266
48061012510,0.073496
48061012511,0.077747
48061012512,0.283096
48061012513,0.084782
48061012514,0.010693
48061012515,0.031135
48061012516,0.02931
48061012517,0.012658
48061012607,0.034398
48061012608,0.068771
48061012613,0.042131
48061012614,0.02597
48061012615,0.012668
48061012616,0.01107
48061012617,0.015125
48061012700,0.168085
48061012800,0.049201
48061012900,0.228247
48061013002,0.036398
48061013003,0.045474
48061013004,0.136992
48061013102,0.072535
48061013104,0.027965
48061013106,0.117825
48061013203,0.060662
48061013204,0.025242
48061013205,0.145115
48061013206,0.15369
48061013207,0.081191
48061013303,0.209533
48061013305,0.014556
48061013306,0.020813
48061013307,0.02221
48061013308,0.033479
48061013309,0.014751
48061013401,0.076086
48061013402,0.095316
48061013500,0.044234
48061013600,0.276592
48061013700,0.049319
48061013801,0.011
48061013802,0.017992
48061013901,0.010335
48061013902,0.106056
48061013903,0.023478
48061014001,0.016448
48061014002,0.048726
48061014101,0.010847
48061014102,0.012621
48061014103,0.017616
48061014201,0.146677
48061014202,0.110258
48061014300,0.116758
48061014401,0.054549
48061014402,0.047018
48061014403,0.013017
48061014404,0.011847
48061014501,0.012585
48061014502,0.010324
48061980001,0.060232
48061980100,0.443288
48063950101,0.055998
48063950102,0.171245
48063950200,0.132668
48073950100,0.149244
48073950201,0.105557
48073950202,0.205959
48073950301,0.154446
48073950302,0.169647
48073950400,0.198634
48073950500,0.201901
48073950600,0.18227
48073950700,0.193185
48073950801,0.116902
48073950802,0.149352
48073950900,0.16306
48073951000,0.15027
48073951100,0.151079
48077030302,0.044914
48081950100,0.049763
48081950200,0.172751
48083950300,0.139876
48083950600,0.128019
48083950700,0.034606
48085030101,0.020191
48085030102,0.052147
48085030201,0.038032
48085030202,0.033229
48085030204,0.114171
48085030205,0.071768
48085030206,0.050831
48085030207,0.058512
48085030301,0.021269
48085030302,0.013606
48085030303,0.029746
48085030304,0.023221
48085030306,0.02978
48085030307,0.031909
48085030403,0.033784
48085030404,0.017399
48085030405,0.012584
48085030406,0.013243
48085030407,0.047598
48085030409,0.020276
48085030410,0.021553
48085030504,0.033042
48085030505,0.025235
48085030506,0.013413
48085030507,0.039316
48085030509,0.010919
48085030510,0.012605
48085030511,0.015681
48085030512,0.018951
48085030515,0.01626
48085030516,0.011685
48085030517,0.032678
48085030518,0.020459
48085030519,0.021117
48085030520,0.011196
48085030521,0.010783
48085030524,0.015725
48085030525,0.01153
48085030529,0.031867
48085030531,0.026509
48085030532,0.021055
48085030533,0.011256
48085030534,0.016176
48085030535,0.020273
48085030536,0.01091
48085030537,0.020358
48085030538,0.029493
48085030539,0.015738
48085030540,0.02717
48085030541,0.015437
48085030542,0.018021
48085030543,0.013582
48085030544,0.033246
48085030545,0.042543
48085030546,0.01623
48085030547,0.027886
48085030548,0.016072
48085030549,0.030683
48085030550,0.012626
48085030604,0.016699
48085030605,0.043771
48085030606,0.0228
48085030607,0.023378
48085030608,0.044794
48085030609,0.012922
48085030701,0.060448
48085030702,0.031245
48085030801,0.027224
48085030802,0.019607
48085030901,0.136023
48085030902,0.032022
48085030903,0.015387
48085031003,0.039133
48085031005,0.02041
48085031006,0.093916
48085031007,0.03095
48085031008,0.017211
48085031101,0.086015
48085031102,0.096079
48085031201,0.024995
48085031202,0.023765
48085031308,0.018875
48085031314,0.01702
48085031318,0.032944
48085031319,0.018122
48085031320,0.016086
48085031321,0.012816
48085031322,0.033473
48085031323,0.010649
48085031324,0.01202
48085031325,0.036778
48085031326,0.020903
48085031327,0.030918
48085031328,0.027486
48085031329,0.012335
48085031330,0.014852
48085031331,0.012022
48085031332,0.0411
48085031333,0.024025
48085031334,0.021725
48085031335,0.058957
48085031336,0.022028
48085031408,0.026546
48085031411,0.013745
48085031412,0.021676
48085031413,0.027214
48085031414,0.013604
48085031415,0.027687
48085031416,0.027703
48085031417,0.014816
48085031418,0.021812
48085031419,0.019095
48085031420,0.019652
48085031421,0.018972
48085031422,0.011944
48085031423,0.061903
48085031424,0.017025
48085031425,0.015589
48085031504,0.010504
48085031507,0.060219
48085031508,0.01951
48085031509,0.027867
48085031510,0.024342
48085031511,0.018247
48085031512,0.013734
48085031611,0.030343
48085031613,0.014716
48085031621,0.02869
48085031622,0.020896
48085031623,0.013983
48085031624,0.03337
48085031625,0.014126
48085031626,0.021117
48085031627,0.01484
48085031628,0.012411
48085031629,0.018809
48085031630,0.013485
48085031631,0.017919
48085031632,0.014112
48085031633,0.024441
48085031634,0.011469
48085031635,0.016251
48085031636,0.016219
48085031639,0.017312
48085031641,0.013266
48085031642,0.014969
48085031643,0.015831
48085031645,0.050931
48085031646,0.014191
48085031647,0.023674
48085031649,0.025696
48085031654,0.01806
48085031655,0.028172
48085031657,0.022578
48085031659,0.012942
48085031660,0.019357
48085031661,0.021257
48085031662,0.018729
48085031663,0.038991
48085031664,0.016053
48085031665,0.018418
48085031666,0.020885
48085031667,0.038798
48085031668,0.029487
48085031669,0.015192
48085031670,0.023468
48085031671,0.04674
48085031672,0.015809
48085031673,0.022633
48085031674,0.014742
48085031675,0.011063
48085031676,0.010989
48085031677,0.015011
48085031678,0.018071
48085031679,0.016021
48085031680,0.048259
48085031681,0.014429
48085031682,0.016768
48085031704,0.028664
48085031706,0.037414
48085031708,0.038793
48085031709,0.019422
48085031711,0.027441
48085031713,0.064047
48085031715,0.06465
48085031716,0.070033
48085031717,0.12148
48085031718,0.016528
48085031719,0.010275
48085031720,0.062651
48085031721,0.022418
48085031722,0.121034
48085031723,0.057366
48085031724,0.040061
48085031806,0.023364
48085031807,0.01757
48085031808,0.016903
48085031809,0.019325
48085031810,0.033741
48085031811,0.044967
48085031812,0.015114
48085031813,0.013117
48085031814,0.012946
48085031815,0.016985
48085031816,0.035045
48085031901,0.014892
48085031902,0.031405
48085031903,0.019799
48085031904,0.026095
48085032003,0.017514
48085032008,0.018724
48085032010,0.03686
48085032012,0.014443
48085032013,0.033328
48085032014,0.012014
48085032015,0.028607
48085032016,0.020503
48085032017,0.01766
48085032018,0.035095
48085032019,0.019416
48089750100,0.060993
48089750200,0.093635
48089750300,0.022613
48089750400,0.028958
48089750500,0.037761
48091310100,0.082941
48091310200,0.010132
48091310301,0.21732
48091310302,0.145356
48091310401,0.050807
48091310404,0.011684
48091310405,0.043489
48091310406,0.055302
48091310501,0.07883
48091310502,0.047818
48091310503,0.095165
48091310603,0.025107
48091310604,0.03999
48091310608,0.022607
48091310609,0.017485
48091310610,0.104022
48091310611,0.036633
48091310612,0.061
48091310613,0.022144
48091310614,0.031122
48091310702,0.102815
48091310703,0.063989
48091310705,0.149574
48091310706,0.032575
48091310707,0.082736
48091310708,0.037726
48091310801,0.033523
48091310803,0.036206
48091310804,0.044864
48091310901,0.050135
48091310903,0.065065
48091310904,0.065422
48091310905,0.022368
48093950101,0.135427
48093950102,0.102168
48093950200,0.045548
48093950300,0.096325
48093950400,0.157954
48095950300,0.100538
48097000100,0.122451
48097000200,0.060745
48097000400,0.070339
48097000500,0.025347
48097000600,0.150278
48097000701,0.029114
48097000702,0.064187
48097000900,0.034858
48097001100,0.035113
48099010101,0.038738
48099010102,0.030719
48099010201,0.08447
48099010202,0.10157
48099010300,0.178604
48099010400,0.043165
48099010501,0.016311
48099010502,0.019309
48099010503,0.031087
48099010504,0.086867
48099010601,0.011703
48099010603,0.011254
48099010604,0.011714
48099010701,0.018076
48099010702,0.2365
48099010802,0.093336
48099010803,0.105068
48099010804,0.127881
48099980000,0.027553
48105950100,0.058489
48107950100,0.051253
48107950200,0.030998
48107950300,0.027076
48113000100,0.105732
48113000201,0.062049
48113000202,0.041798
48113000300,0.05711
48113000401,0.01486
48113000405,0.036546
48113000407,0.026283
48113000408,0.025093
48113000409,0.044695
48113000410,0.015614
48113000501,0.050022
48113000502,0.024389
48113000503,0.04607
48113000605,0.013407
48113000606,0.083974
48113000607,0.01308
48113000608,0.03605
48113000609,0.015003
48113000610,0.01268
48113000611,0.020362
48113000703,0.026652
48113000704,0.022436
48113000705,0.016676
48113000706,0.039135
48113000801,0.01258
48113000802,0.03149
48113000901,0.039119
48113000902,0.048064
48113001001,0.025591
48113001002,0.030842
48113001101,0.03095
48113001102,0.049379
48113001202,0.056945
48113001203,0.184978
48113001204,0.165273
48113001301,0.013923
48113001302,0.033783
48113001400,0.071614
48113001502,0.023775
48113001503,0.011526
48113001504,0.013976
48113001601,0.014844
48113001602,0.015208
48113001703,0.045544
48113001705,0.016192
48113001801,0.033462
48113001802,0.037786
48113001901,0.045962
48113001902,0.033687
48113002001,0.043215
48113002002,0.012985
48113002100,0.023777
48113002200,0.021188
48113002400,0.04031
48113002500,0.030329
48113002703,0.099134
48113003102,0.020137
48113003103,0.08267
48113003700,0.125705
48113004201,0.032136
48113004202,0.012533
48113004300,0.01295
48113004400,0.027924
48113004500,0.022757
48113004600,0.014442
48113004700,0.032062
48113004800,0.01076
48113005000,0.012429
48113005100,0.013676
48113005200,0.016626
48113005300,0.011805
48113005400,0.011691
48113005500,0.020848
48113005600,0.012825
48113005700,0.025084
48113005901,0.019145
48113005902,0.013215
48113006001,0.012893
48113006002,0.030916
48113006100,0.016412
48113006200,0.065509
48113006301,0.02826
48113006302,0.024199
48113006401,0.013865
48113006402,0.056309
48113006501,0.014403
48113006502,0.022828
48113006701,0.011992
48113006702,0.028898
48113006800,0.022209
48113006900,0.019503
48113007101,0.041199
48113007102,0.030596
48113007203,0.020439
48113007204,0.085737
48113007205,0.022844
48113007206,0.065908
48113007301,0.054856
48113007302,0.053479
48113007601,0.03184
48113007604,0.011418
48113007605,0.032467
48113007701,0.03622
48113007702,0.049032
48113007801,0.029878
48113007805,0.014788
48113007809,0.040055
48113007810,0.015759
48113007812,0.038082
48113007815,0.016643
48113007819,0.05138
48113007821,0.020344
48113007822,0.031367
48113007823,0.034614
48113007824,0.014867
48113007825,0.020238
48113007826,0.026318
48113007827,0.031064
48113007828,0.08374
48113007829,0.014797
48113007830,0.059457
48113007831,0.046448
48113007832,0.146994
48113007833,0.013489
48113007834,0.046135
48113007835,0.053704
48113007902,0.036844
48113007903,0.043767
48113007906,0.018873
48113007909,0.038405
48113007910,0.047084
48113007912,0.053758
48113007913,0.046627
48113007914,0.032888
48113007915,0.109465
48113007916,0.03522
48113008000,0.028596
48113008101,0.18224
48113008102,0.146591
48113008200,0.141171
48113008401,0.055196
48113008402,0.025633
48113008500,0.036413
48113008604,0.041499
48113008701,0.062519
48113008703,0.020571
48113008704,0.037776
48113008705,0.070795
48113008801,0.011907
48113008802,0.028314
48113009001,0.068948
48113009002,0.014129
48113009101,0.047785
48113009103,0.010441
48113009104,0.041941
48113009105,0.13333
48113009202,0.013228
48113009203,0.055689
48113009204,0.012368
48113009301,0.02294
48113009303,0.055924
48113009304,0.027619
48113009401,0.016945
48113009402,0.013342
48113009500,0.017528
48113009603,0.017621
48113009604,0.050372
48113009605,0.030336
48113009607,0.018869
48113009608,0.015245
48113009609,0.029929
48113009610,0.056871
48113009611,0.022455
48113009701,0.016114
48113009702,0.013579
48113009802,0.017628
48113009803,0.025437
48113009804,0.017186
48113009900,0.060734
48113010001,0.047197
48113010002,0.112388
48113010003,0.023181
48113010101,0.039464
48113010102,0.015757
48113010500,0.014486
48113010601,0.016863
48113010602,0.059344
48113010701,0.021222
48113010704,0.014385
48113010804,0.013099
48113010805,0.024452
48113010806,0.023376
48113010807,0.013249
48113010808,0.015931
48113010809,0.025974
48113010903,0.017626
48113010904,0.016072
48113010905,0.017065
48113010906,0.016976
48113011002,0.016215
48113011003,0.010366
48113011004,0.037813
48113011101,0.016753
48113011103,0.010952
48113011104,0.011003
48113011105,0.017675
48113011201,0.028652
48113011202,0.020621
48113011300,0.02767
48113011401,0.021507
48113011500,0.048805
48113011601,0.128913
48113011603,0.0343
48113011604,0.021411
48113011701,0.011166
48113011702,0.015889
48113011801,0.015684
48113011802,0.011406
48113011901,0.010138
48113011902,0.040463
48113012000,0.034422
48113012101,0.031566
48113012102,0.016667
48113012206,0.0168
48113012207,0.014288
48113012208,0.036558
48113012209,0.034753
48113012210,0.016062
48113012211,0.026828
48113012212,0.018804
48113012213,0.014041
48113012301,0.065067
48113012302,0.042092
48113012400,0.035582
48113012501,0.108686
48113012502,0.108885
48113012601,0.107576
48113012603,0.066757
48113012604,0.055867
48113012701,0.053182
48113012702,0.11247
48113012801,0.160322
48113012802,0.060771
48113012900,0.055622
48113013005,0.03757
48113013007,0.03153
48113013008,0.017121
48113013009,0.024215
48113013010,0.031432
48113013011,0.021915
48113013012,0.024388
48113013013,0.026026
48113013101,0.016176
48113013102,0.010265
48113013104,0.023508
48113013106,0.014909
48113013107,0.02159
48113013201,0.023366
48113013202,0.036157
48113013300,0.022105
48113013400,0.039601
48113013500,0.010148
48113013605,0.022013
48113013606,0.015485
48113013607,0.023022
48113013608,0.017645
48113013609,0.018307
48113013610,0.011315
48113013611,0.034916
48113013615,0.08684
48113013617,0.055342
48113013618,0.039544
48113013619,0.012853
48113013620,0.042708
48113013621,0.100593
48113013622,0.05015
48113013624,0.030142
48113013625,0.060125
48113013626,0.082164
48113013627,0.100821
48113013628,0.018147
48113013629,0.031813
48113013630,0.290761
48113013631,0.04778
48113013715,0.018774
48113013716,0.0156
48113013717,0.013256
48113013718,0.013698
48113013719,0.049629
48113013720,0.037625
48113013721,0.01723
48113013722,0.032213
48113013725,0.141777
48113013726,0.04126
48113013727,0.015023
48113013728,0.011411
48113013729,0.019309
48113013804,0.019993
48113013805,0.02452
48113013806,0.016795
48113013807,0.028519
48113013808,0.033076
48113013901,0.010807
48113013902,0.012023
48113014001,0.031914
48113014002,0.022787
48113014119,0.021268
48113014120,0.018077
48113014121,0.019667
48113014123,0.030782
48113014124,0.02373
48113014126,0.016618
48113014128,0.014338
48113014130,0.022851
48113014132,0.010137
48113014134,0.039125
48113014135,0.014722
48113014138,0.012575
48113014139,0.012709
48113014140,0.017887
48113014141,0.014569
48113014142,0.010352
48113014143,0.047669
48113014144,0.028272
48113014145,0.026047
48113014146,0.017758
48113014147,0.019343
48113014148,0.015699
48113014149,0.011325
48113014150,0.043816
48113014151,0.015377
48113014152,0.091078
48113014153,0.029124
48113014154,0.026243
48113014155,0.017532
48113014156,0.013478
48113014157,0.020103
48113014158,0.010428
48113014159,0.02338
48113014160,0.015933
48113014161,0.022688
48113014203,0.012712
48113014204,0.012173
48113014205,0.053892
48113014207,0.03521
48113014208,0.04232
48113014209,0.029795
48113014306,0.013399
48113014308,0.015904
48113014309,0.072261
48113014310,0.01328
48113014313,0.053973
48113014314,0.011874
48113014315,0.01417
48113014316,0.078539
48113014317,0.016681
48113014318,0.012224
48113014319,0.055944
48113014320,0.032137
48113014405,0.016481
48113014406,0.036104
48113014407,0.017337
48113014408,0.022058
48113014409,0.027017
48113014410,0.015269
48113014501,0.016771
48113014502,0.026205
48113014601,0.012405
48113014602,0.018342
48113014603,0.011386
48113014701,0.018986
48113014704,0.026155
48113014903,0.055146
48113015001,0.017587
48113015002,0.019841
48113015101,0.013087
48113015102,0.011403
48113015202,0.095658
48113015205,0.026552
48113015206,0.011267
48113015207,0.090631
48113015208,0.01053
48113015303,0.025285
48113015304,0.04949
48113015305,0.013884
48113015306,0.011966
48113015403,0.032125
48113015404,0.092615
48113015405,0.025921
48113015406,0.037737
48113015500,0.038499
48113015600,0.036053
48113015700,0.045893
48113015900,0.03386
48113016001,0.052083
48113016002,0.013562
48113016100,0.054131
48113016201,0.01517
48113016203,0.085261
48113016204,0.011982
48113016301,0.135612
48113016302,0.025212
48113016406,0.015255
48113016407,0.021434
48113016409,0.018988
48113016410,0.022132
48113016412,0.013376
48113016414,0.016506
48113016415,0.011256
48113016416,0.012788
48113016417,0.011112
48113016418,0.076341
48113016419,0.021813
48113016420,0.010632
48113016421,0.119132
48113016511,0.015068
48113016513,0.016038
48113016516,0.010225
48113016517,0.018115
48113016518,0.01441
48113016519,0.017793
48113016521,0.055491
48113016522,0.056238
48113016524,0.021294
48113016525,0.019807
48113016526,0.019352
48113016527,0.01588
48113016528,0.019992
48113016529,0.010332
48113016530,0.02196
48113016531,0.031928
48113016532,0.020213
48113016533,0.060357
48113016534,0.022347
48113016535,0.050308
48113016536,0.014117
48113016607,0.021295
48113016610,0.012338
48113016615,0.017563
48113016616,0.023636
48113016617,0.015382
48113016618,0.016396
48113016619,0.024863
48113016620,0.014827
48113016621,0.013494
48113016622,0.019218
48113016623,0.015549
48113016624,0.044477
48113016626,0.013678
48113016627,0.01233
48113016628,0.028501
48113016629,0.045917
48113016630,0.013799
48113016631,0.037074
48113016632,0.067383
48113016633,0.027949
48113016634,0.034335
48113016635,0.035682
48113016636,0.01967
48113016637,0.026779
48113016638,0.021664
48113016704,0.122197
48113016706,0.023048
48113016707,0.021465
48113016708,0.018505
48113016709,0.02325
48113016710,0.018482
48113016711,0.062932
48113016802,0.02932
48113016803,0.013679
48113016805,0.016675
48113016806,0.040309
48113016902,0.026597
48113016903,0.019492
48113017005,0.04312
48113017006,0.016077
48113017007,0.015306
48113017008,0.029259
48113017009,0.040467
48113017010,0.01074
48113017101,0.018442
48113017102,0.061647
48113017201,0.016975
48113017203,0.045746
48113017204,0.035113
48113017307,0.047137
48113017308,0.011483
48113017309,0.013951
48113017310,0.01201
48113017311,0.017344
48113017312,0.012906
48113017313,0.029882
48113017314,0.013181
48113017315,0.012736
48113017400,0.010773
48113017500,0.07556
48113017602,0.014926
48113017604,0.054968
48113017605,0.012236
48113017606,0.018886
48113017703,0.012909
48113017704,0.015546
48113017705,0.023849
48113017706,0.014804
48113017805,0.021852
48113017806,0.021144
48113017808,0.042018
48113017811,0.042786
48113017812,0.057372
48113017814,0.041034
48113017815,0.012006
48113017816,0.035348
48113017817,0.040338
48113017818,0.011913
48113017819,0.029819
48113017820,0.031717
48113017900,0.046054
48113018001,0.044057
48113018002,0.064086
48113018105,0.016897
48113018110,0.014648
48113018111,0.075068
48113018120,0.013242
48113018121,0.020491
48113018126,0.068175
48113018127,0.062873
48113018128,0.07255
48113018129,0.036501
48113018130,0.037934
48113018132,0.045513
48113018133,0.092189
48113018134,0.020287
48113018135,0.014968
48113018137,0.014415
48113018138,0.012296
48113018140,0.078214
48113018141,0.026136
48113018142,0.034251
48113018143,0.049006
48113018144,0.022909
48113018145,0.042593
48113018146,0.015757
48113018147,0.011268
48113018148,0.025278
48113018149,0.020919
48113018150,0.013904
48113018151,0.02629
48113018152,0.0334
48113018153,0.01143
48113018154,0.03176
48113018155,0.014742
48113018156,0.04674
48113018157,0.018553
48113018158,0.110045
48113018159,0.018146
48113018203,0.028967
48113018204,0.015794
48113018205,0.010646
48113018206,0.011732
48113018300,0.022859
48113018401,0.026295
48113018402,0.027762
48113018403,0.06487
48113018501,0.040211
48113018505,0.039201
48113018506,0.019148
48113018507,0.01374
48113018508,0.017452
48113018600,0.012613
48113018700,0.128438
48113018801,0.013213
48113018802,0.021382
48113018900,0.024002
48113019013,0.013009
48113019016,0.106431
48113019018,0.010461
48113019019,0.02852
48113019020,0.039596
48113019023,0.012104
48113019024,0.014001
48113019025,0.232195
48113019026,0.014807
48113019027,0.021069
48113019028,0.011777
48113019029,0.032679
48113019031,0.020161
48113019032,0.023128
48113019033,0.022524
48113019034,0.017272
48113019035,0.01521
48113019036,0.133294
48113019037,0.027663
48113019039,0.018232
48113019040,0.01525
48113019041,0.018214
48113019042,0.021061
48113019044,0.019977
48113019045,0.029387
48113019046,0.011933
48113019047,0.043679
48113019048,0.013176
48113019049,0.031459
48113019050,0.042814
48113019051,0.021556
48113019052,0.017012
48113019053,0.060603
48113019101,0.041971
48113019102,0.032052
48113019202,0.014833
48113019203,0.026806
48113019205,0.020102
48113019208,0.015488
48113019210,0.020899
48113019211,0.016781
48113019212,0.015182
48113019213,0.032697
48113019214,0.012725
48113019215,0.019151
48113019216,0.030348
48113019301,0.018228
48113019302,0.017498
48113019400,0.012928
48113019501,0.059261
48113019502,0.014605
48113019600,0.037926
48113019700,0.014389
48113019800,0.037801
48113019900,0.027647
48113020000,0.026388
48113020100,0.063604
48113020200,0.078203
48113020300,0.021372
48113020401,0.034856
48113020402,0.022123
48113020500,0.010734
48113020600,0.02891
48113020700,0.018731
48113020800,0.014329
48113020900,0.026172
48113021000,0.012438
48113021100,0.061202
48113021200,0.039928
48113980000,0.079073
48113980100,0.101502
48113980200,0.010351
48115950401,0.167796
48115950402,0.159314
48115950500,0.19408
48115950600,0.107817
48119950100,0.056269
48119950200,0.129003
48121020109,0.021724
48121020110,0.022945
48121020111,0.026976
48121020112,0.074649
48121020115,0.013933
48121020116,0.023025
48121020117,0.044877
48121020118,0.069369
48121020119,0.013841
48121020120,0.02968
48121020121,0.051014
48121020122,0.036167
48121020123,0.040057
48121020124,0.013232
48121020125,0.060149
48121020126,0.028261
48121020127,0.017875
48121020128,0.050355
48121020129,0.033998
48121020130,0.040008
48121020131,0.032281
48121020132,0.082564
48121020133,0.012133
48121020134,0.020102
48121020135,0.109177
48121020136,0.143924
48121020137,0.063146
48121020203,0.014422
48121020204,0.081309
48121020205,0.103705
48121020206,0.136887
48121020207,0.042198
48121020208,0.030169
48121020305,0.024376
48121020310,0.021746
48121020311,0.028952
48121020312,0.018078
48121020313,0.030233
48121020314,0.03395
48121020315,0.037513
48121020316,0.028905
48121020317,0.017742
48121020318,0.018802
48121020319,0.078543
48121020320,0.020347
48121020321,0.012225
48121020322,0.0219
48121020402,0.103089
48121020403,0.021315
48121020404,0.068331
48121020405,0.03669
48121020504,0.018761
48121020505,0.061103
48121020506,0.085689
48121020507,0.027
48121020508,0.058602
48121020601,0.035582
48121020603,0.065225
48121020604,0.042186
48121020605,0.058786
48121020700,0.013168
48121020800,0.041809
48121020900,0.016214
48121021000,0.011183
48121021100,0.040717
48121021202,0.022591
48121021203,0.099222
48121021204,0.014204
48121021301,0.128233
48121021304,0.015462
48121021305,0.040976
48121021306,0.052446
48121021307,0.014145
48121021410,0.026576
48121021411,0.071894
48121021412,0.044458
48121021413,0.033741
48121021414,0.092176
48121021415,0.03683
48121021416,0.012221
48121021417,0.026677
48121021418,0.012009
48121021419,0.017232
48121021420,0.027422
48121021421,0.019951
48121021422,0.014938
48121021423,0.018851
48121021502,0.02082
48121021505,0.019149
48121021512,0.024853
48121021513,0.042965
48121021514,0.013582
48121021516,0.033743
48121021517,0.184433
48121021518,0.032543
48121021520,0.015625
48121021521,0.076117
48121021522,0.024264
48121021526,0.016096
48121021528,0.015983
48121021529,0.011752
48121021530,0.018921
48121021531,0.045675
48121021532,0.017539
48121021533,0.010571
48121021534,0.014942
48121021535,0.024879
48121021536,0.046487
48121021537,0.040032
48121021538,0.012474
48121021539,0.019043
48121021540,0.0114
48121021611,0.024665
48121021612,0.017872
48121021613,0.014194
48121021614,0.033064
48121021615,0.021754
48121021616,0.021535
48121021618,0.019574
48121021619,0.017184
48121021620,0.039424
48121021621,0.024236
48121021622,0.01486
48121021626,0.021876
48121021630,0.013122
48121021631,0.025208
48121021632,0.014712
48121021633,0.014696
48121021634,0.029909
48121021635,0.015155
48121021637,0.019963
48121021638,0.011536
48121021639,0.020842
48121021640,0.011646
48121021641,0.044815
48121021642,0.035733
48121021643,0.018083
48121021644,0.021374
48121021645,0.080138
48121021646,0.021121
48121021647,0.029336
48121021648,0.010939
48121021649,0.027342
48121021650,0.018678
48121021651,0.02052
48121021652,0.016292
48121021653,0.019653
48121021654,0.044806
48121021655,0.02139
48121021715,0.0178
48121021716,0.024303
48121021717,0.012593
48121021719,0.047473
48121021720,0.023663
48121021721,0.010963
48121021722,0.017416
48121021723,0.021406
48121021724,0.01337
48121021725,0.040708
48121021726,0.01503
48121021727,0.014952
48121021728,0.046397
48121021729,0.019442
48121021730,0.013348
48121021731,0.013012
48121021732,0.186896
48121021733,0.067645
48121021734,0.08287
48121021735,0.020034
48121021736,0.022632
48121021737,0.036804
48121021738,0.037703
48121021739,0.065151
48121021740,0.012189
48121021741,0.011062
48121021742,0.024213
48121021743,0.067898
48121021744,0.015753
48121021745,0.013095
48121021746,0.034543
48121021748,0.049102
48121021749,0.017052
48121021750,0.032215
48121021751,0.015333
48121021752,0.010932
48121021754,0.026738
48121021755,0.019323
48121021756,0.059111
48121021757,0.044152
48121021758,0.018024
48121021759,0.038572
48121021800,0.018436
48121021900,0.013706
48123970100,0.076196
48123970201,0.180801
48123970202,0.059731
48123970300,0.090038
48123970400,0.062141
48123970500,0.057856
48125950300,0.094807
48127950201,0.164796
48127950202,0.08528
48127950400,0.143589
48131950100,0.034697
48131950200,0.049846
48131950500,0.034387
48133950100,0.053239
48133950201,0.03183
48133950202,0.042795
48133950301,0.109992
48133950302,0.123047
48133950400,0.047994
48133950500,0.042124
48137950300,0.15012
48139060103,0.043635
48139060104,0.019038
48139060105,0.01815
48139060106,0.025372
48139060206,0.055104
48139060207,0.051799
48139060209,0.017644
48139060211,0.021132
48139060212,0.022787
48139060215,0.019109
48139060216,0.060941
48139060217,0.020242
48139060218,0.017167
48139060219,0.02356
48139060220,0.015042
48139060221,0.016073
48139060300,0.010913
48139060400,0.093282
48139060500,0.032613
48139060601,0.05055
48139060602,0.022871
48139060702,0.035322
48139060704,0.060088
48139060801,0.025146
48139060802,0.030739
48139060803,0.04684
48139060900,0.023944
48139061000,0.082378
48139061100,0.028801
48139061200,0.073957
48139061300,0.045346
48139061401,0.038343
48139061402,0.02213
48139061500,0.07852
48139061600,0.034887
48139061700,0.0394
48143950100,0.064567
48143950201,0.092461
48143950203,0.051666
48143950204,0.03427
48143950301,0.117016
48143950302,0.114954
48143950401,0.183347
48143950402,0.075055
48143950501,0.13541
48143950502,0.172802
48143950600,0.162857
48143950700,0.141144
48145000200,0.135787
48145000300,0.183409
48145000400,0.193454
48145000500,0.053345
48145000700,0.036844
48145000800,0.056882
48147950100,0.054801
48147950300,0.055983
48147950401,0.176162
48147950402,0.120053
48147950500,0.176651
48147950600,0.255301
48147950701,0.035914
48147950702,0.059324
48147950800,0.044929
48149970100,0.052483
48149970200,0.121627
48149970301,0.153219
48149970302,0.11511
48149970400,0.084068
48149970500,0.037197
48149970601,0.037333
48149970602,0.087927
48149970700,0.065691
48151950300,0.037205
48151950400,0.150823
48155950100,0.035704
48157670101,0.011289
48157670102,0.018434
48157670201,0.009974
48157670202,0.014291
48157670300,0.056077
48157670400,0.011471
48157670500,0.046654
48157670602,0.01127
48157670603,0.016594
48157670604,0.014585
48157670700,0.056135
48157670801,0.075499
48157670802,0.029682
48157670803,0.021019
48157670804,0.175128
48157670902,0.149675
48157670903,0.083829
48157670904,0.011505
48157671001,0.011908
48157671002,0.014632
48157671101,0.03579
48157671102,0.011116
48157671200,0.020403
48157671300,0.014161
48157671401,0.023378
48157671402,0.016088
48157671501,0.027593
48157671502,0.034971
48157671601,0.027576
48157671602,0.021366
48157671700,0.018537
48157671800,0.018299
48157671900,0.01474
48157672002,0.039255
48157672003,0.011229
48157672004,0.01075
48157672100,0.039966
48157672201,0.080371
48157672202,0.017075
48157672303,0.034469
48157672304,0.010224
48157672305,0.036307
48157672306,0.013971
48157672401,0.037742
48157672402,0.026553
48157672500,0.018482
48157672602,0.010947
48157672603,0.010054
48157672604,0.012057
48157672701,0.011777
48157672702,0.011408
48157672703,0.014976
48157672801,0.041679
48157672802,0.057411
48157672901,0.027216
48157672902,0.01067
48157672903,0.021113
48157672904,0.033913
48157672905,0.025157
48157672906,0.017712
48157672907,0.010324
48157673004,0.01219
48157673005,0.012778
48157673006,0.014282
48157673007,0.015924
48157673008,0.010777
48157673009,0.0295
48157673010,0.010897
48157673103,0.028886
48157673104,0.013016
48157673105,0.064243
48157673106,0.019435
48157673107,0.02449
48157673108,0.015458
48157673109,0.015449
48157673110,0.011514
48157673111,0.012639
48157673112,0.016175
48157673113,0.010497
48157673201,0.010654
48157673202,0.024529
48157673300,0.021503
48157673401,0.013632
48157673402,0.019854
48157673403,0.021732
48157673404,0.032224
48157673501,0.038491
48157673502,0.018961
48157673600,0.040841
48157673700,0.083503
48157673801,0.171887
48157673802,0.079701
48157673902,0.013598
48157673903,0.013907
48157673904,0.12296
48157674001,0.012996
48157674002,0.013332
48157674100,0.014078
48157674200,0.012964
48157674301,0.012134
48157674302,0.014259
48157674401,0.010717
48157674402,0.024466
48157674403,0.015044
48157674404,0.027951
48157674503,0.011305
48157674504,0.017568
48157674505,0.065691
48157674506,0.012425
48157674507,0.024638
48157674508,0.043326
48157674601,0.041574
48157674602,0.044597
48157674603,0.034774
48157674604,0.023015
48157674701,0.116809
48157674702,0.020332
48157674800,0.026002
48157674900,0.192075
48157675000,0.125938
48157675101,0.015517
48157675102,0.048331
48157675200,0.129692
48157675300,0.132875
48157675401,0.124138
48157675402,0.125242
48157675501,0.041418
48157675502,0.016127
48157675503,0.012067
48157675600,0.016913
48157675701,0.023165
48157675702,0.010808
48157675800,0.055192
48159950101,0.080214
48159950102,0.057659
48159950200,0.079369
48159950300,0.097116
48161000101,0.045678
48161000102,0.201039
48161000200,0.139805
48161000300,0.107844
48161000400,0.047417
48161000600,0.038401
48161000700,0.087983
48161000900,0.203429
48163950101,0.038251
48163950102,0.02838
48163950201,0.131053
48163950202,0.075246
48163950301,0.125136
48163950302,0.097908
48167720100,0.012942
48167720200,0.026359
48167720301,0.024981
48167720302,0.016942
48167720400,0.030977
48167720501,0.014721
48167720504,0.010714
48167720505,0.023932
48167720506,0.011422
48167720507,0.011926
48167720508,0.014682
48167720509,0.068864
48167720510,0.022874
48167720511,0.026173
48167720512,0.017903
48167720601,0.012505
48167720602,0.013382
48167720603,0.010994
48167720604,0.020123
48167720605,0.054964
48167720701,0.075542
48167720702,0.057338
48167720703,0.036977
48167720800,0.023093
48167720900,0.052968
48167721101,0.022391
48167721203,0.122337
48167721204,0.011541
48167721205,0.014295
48167721206,0.13364
48167721209,0.049469
48167721301,0.010443
48167721302,0.018009
48167721401,0.01103
48167721403,0.012625
48167721501,0.054194
48167721502,0.023915
48167721901,0.019482
48167723300,0.018407
48167723401,0.109698
48167723402,0.021543
48167723403,0.02132
48167723503,0.187093
48167723504,0.176236
48167723505,0.029019
48169950101,0.089511
48169950102,0.03593
48169980000,0.278441
48171950100,0.105045
48171950200,0.031591
48171950301,0.226934
48171950302,0.135717
48171950401,0.133105
48171950402,0.233385
48171950500,0.179584
48173950100,0.05318
48175960100,0.089548
48175960200,0.048215
48177000100,0.152758
48177000200,0.102842
48177000300,0.189268
48177000400,0.185666
48177000500,0.128322
48177000600,0.038428
48181000101,0.046604
48181000102,0.041094
48181000302,0.059424
48181000304,0.053229
48181000600,0.069565
48181000700,0.160529
48181000800,0.014798
48181000901,0.126196
48181000903,0.044102
48181000904,0.034832
48181001101,0.031522
48181001103,0.098777
48181001104,0.047836
48181001200,0.015367
48181001300,0.149707
48181001400,0.09948
48181001500,0.125701
48181001700,0.034637
48181001801,0.042761
48181001802,0.026239
48181001803,0.067389
48181001901,0.065982
48181001902,0.031773
48181002000,0.042687
48183010100,0.017611
48183010201,0.132055
48183010202,0.038389
48183010401,0.084874
48183010402,0.034466
48183010700,0.083295
48185180101,0.040838
48185180102,0.078523
48185180201,0.075111
48185180202,0.035158
48185180302,0.064616
48185180303,0.01932
48185180304,0.080072
48185180400,0.039655
48187210100,0.14049
48187210200,0.0959
48187210300,0.207854
48187210400,0.150819
48187210505,0.027827
48187210506,0.133968
48187210508,0.125731
48187210509,0.189904
48187210510,0.187217
48187210511,0.190918
48187210512,0.174547
48187210513,0.04914
48187210603,0.025644
48187210606,0.014463
48187210608,0.08107
48187210609,0.01268
48187210610,0.027798
48187210611,0.027141
48187210612,0.03834
48187210613,0.012896
48187210614,0.021153
48187210705,0.023176
48187210706,0.016844
48187210707,0.020172
48187210709,0.019989
48187210710,0.023422
48187210711,0.020469
48187210712,0.012168
48187210713,0.009801
48187210715,0.019873
48187210716,0.010795
48187210717,0.01197
48187210718,0.013211
48187210803,0.048931
48187210804,0.026522
48187210805,0.097835
48187210806,0.176632
48187210902,0.038974
48187210903,0.073874
48187210904,0.278738
48187210905,0.028133
48193950100,0.049662
48193950200,0.095021
48193950300,0.103929
48201100001,0.051312
48201210400,0.01149
48201210500,0.010265
48201210600,0.011974
48201210700,0.011395
48201210800,0.012203
48201210900,0.01532
48201211000,0.016166
48201211101,0.032492
48201211102,0.010142
48201211200,0.010167
48201211301,0.017662
48201211302,0.013745
48201211400,0.01261
48201211501,0.050439
48201211502,0.043596
48201211600,0.036147
48201211700,0.021489
48201211900,0.011585
48201212300,0.016763
48201212400,0.016877
48201212500,0.024002
48201220100,0.015618
48201220200,0.014768
48201220300,0.018889
48201220400,0.017564
48201220500,0.017329
48201220600,0.011891
48201220701,0.03331
48201220702,0.02365
48201220800,0.020265
48201220900,0.044204
48201221000,0.012117
48201221100,0.01597
48201221200,0.011405
48201221301,0.030284
48201221302,0.010294
48201221400,0.016834
48201221501,0.013131
48201221502,0.024818
48201221601,0.016126
48201221602,0.018583
48201221701,0.020439
48201221702,0.026231
48201221800,0.031611
48201221900,0.034182
48201222000,0.012932
48201222100,0.015065
48201222200,0.015709
48201222300,0.01512
48201222401,0.049617
48201222402,0.016771
48201222501,0.014291
48201222502,0.112709
48201222504,0.017999
48201222505,0.017118
48201222601,0.020073
48201222602,0.011539
48201222701,0.012481
48201222702,0.032381
48201222800,0.030441
48201222900,0.02289
48201223001,0.012476
48201223002,0.015942
48201223100,0.01809
48201230100,0.013441
48201230200,0.010748
48201230300,0.01234
48201230400,0.010535
48201230500,0.018246
48201230600,0.027739
48201230700,0.011891
48201230800,0.018621
48201230900,0.011638
48201231000,0.012888
48201231100,0.053656
48201231200,0.012369
48201231300,0.009934
48201231400,0.011148
48201231500,0.03245
48201231600,0.01128
48201231700,0.030902
48201231800,0.018711
48201231900,0.022168
48201232000,0.012657
48201232100,0.017779
48201232201,0.012362
48201232202,0.024361
48201232203,0.111284
48201232303,0.014097
48201232304,0.048754
48201232305,0.069162
48201232306,0.033163
48201232402,0.023873
48201232403,0.017469
48201232404,0.059946
48201232405,0.073622
48201232500,0.084925
48201232600,0.025588
48201232701,0.054169
48201232703,0.033792
48201232704,0.019598
48201232801,0.03022
48201232802,0.013378
48201232901,0.022582
48201232902,0.022813
48201233001,0.019578
48201233002,0.046705
48201233003,0.02896
48201233101,0.013566
48201233103,0.02772
48201233104,0.018395
48201233105,0.032635
48201233200,0.014171
48201233300,0.033055
48201233400,0.014119
48201233501,0.01301
48201233502,0.039396
48201233600,0.032756
48201233701,0.038329
48201233702,0.017675
48201233703,0.027417
48201240101,0.028741
48201240102,0.02866
48201240400,0.0157
48201240503,0.021956
48201240504,0.011391
48201240505,0.013775
48201240506,0.010206
48201240600,0.013865
48201240703,0.021037
48201240704,0.016775
48201240705,0.017571
48201240706,0.025704
48201240707,0.028277
48201240802,0.012614
48201240803,0.020395
48201240804,0.015038
48201240903,0.028593
48201240904,0.014853
48201240905,0.016443
48201240906,0.013056
48201241001,0.040879
48201241002,0.012815
48201241101,0.015487
48201241103,0.01261
48201241104,0.016209
48201241105,0.085507
48201241201,0.017737
48201241202,0.132969
48201241301,0.021721
48201241302,0.01993
48201241400,0.03091
48201241501,0.020502
48201241502,0.017949
48201241503,0.031282
48201250101,0.023733
48201250102,0.050835
48201250201,0.044438
48201250202,0.049359
48201250303,0.101412
48201250304,0.061906
48201250305,0.020407
48201250306,0.078739
48201250403,0.036383
48201250404,0.011471
48201250405,0.024551
48201250406,0.032435
48201250407,0.077874
48201250408,0.01245
48201250500,0.020111
48201250601,0.044055
48201250602,0.029619
48201250701,0.015673
48201250702,0.01211
48201250801,0.013339
48201250802,0.023006
48201250901,0.019583
48201250902,0.01966
48201251000,0.04855
48201251100,0.022069
48201251200,0.019669
48201251300,0.020911
48201251401,0.01669
48201251402,0.011562
48201251501,0.014107
48201251503,0.010148
48201251504,0.009989
48201251505,0.013404
48201251600,0.041652
48201251701,0.01108
48201251702,0.075088
48201251800,0.407438
48201251902,0.027591
48201251903,0.058301
48201251904,0.014899
48201252001,0.01825
48201252002,0.053826
48201252003,0.032721
48201252100,0.015544
48201252201,0.053648
48201252202,0.090244
48201252303,0.026642
48201252304,0.01219
48201252305,0.013573
48201252306,0.016666
48201252400,0.02075
48201252500,0.093514
48201252601,0.026483
48201252602,0.105804
48201252700,0.136561
48201252800,0.027839
48201252901,0.025863
48201252902,0.018508
48201253000,0.034422
48201253202,0.01904
48201253300,0.011979
48201253502,0.025754
48201310101,0.013193
48201310102,0.012629
48201310200,0.013594
48201310300,0.010014
48201310400,0.011485
48201310500,0.014004
48201310600,0.010239
48201310700,0.022553
48201310800,0.025688
48201310900,0.012245
48201311001,0.084241
48201311002,0.102266
48201311100,0.013515
48201311200,0.025775
48201311300,0.012357
48201311400,0.010693
48201311501,0.011726
48201311502,0.015691
48201311600,0.017951
48201311701,0.016194
48201311702,0.036513
48201311800,0.025834
48201311900,0.023135
48201312000,0.062848
48201312200,0.021443
48201312300,0.014857
48201312400,0.012632
48201312501,0.030162
48201312502,0.02408
48201312601,0.04653
48201312602,0.023295
48201312603,0.016719
48201312700,0.017417
48201312800,0.014546
48201312901,0.011331
48201312902,0.011088
48201313000,0.020344
48201313101,0.016483
48201313102,0.043707
48201313201,0.043654
48201313202,0.019577
48201313300,0.01101
48201313400,0.010643
48201313500,0.011684
48201313600,0.01484
48201313700,0.057544
48201313801,0.041904
48201313802,0.026129
48201313901,0.031019
48201313902,0.019276
48201314001,0.034022
48201314003,0.093354
48201314004,0.022148
48201314005,0.019313
48201314301,0.032173
48201314302,0.038992
48201314401,0.114584
48201314402,0.156198
48201320100,0.013962
48201320201,0.028325
48201320202,0.013845
48201320500,0.024124
48201320601,0.011764
48201320602,0.013946
48201320700,0.030512
48201320800,0.122856
48201320901,0.025452
48201320902,0.010505
48201321001,0.029816
48201321002,0.049685
48201321101,0.034542
48201321102,0.027414
48201321200,0.017911
48201321301,0.032827
48201321302,0.046226
48201321401,0.023956
48201321402,0.069376
48201321500,0.03401
48201321600,0.025269
48201321700,0.012167
48201321800,0.02571
48201321900,0.012415
48201322000,0.035684
48201322100,0.011578
48201322200,0.01169
48201322600,0.102963
48201322701,0.017314
48201322702,0.041554
48201322800,0.029855
48201322900,0.012286
48201323000,0.02036
48201323100,0.01295
48201323200,0.018727
48201323300,0.012164
48201323400,0.018212
48201323500,0.021294
48201323601,0.015795
48201323602,0.033106
48201323701,0.020048
48201323702,0.046966
48201323801,0.012578
48201323802,0.011436
48201323900,0.051511
48201324000,0.044953
48201324101,0.049443
48201324102,0.187098
48201324200,0.041985
48201330101,0.021612
48201330102,0.013269
48201330200,0.012217
48201330301,0.046897
48201330302,0.068284
48201330303,0.041093
48201330400,0.022222
48201330500,0.014742
48201330600,0.014542
48201330700,0.079076
48201330801,0.074415
48201330802,0.065703
48201330901,0.01453
48201330902,0.01143
48201331100,0.01644
48201331200,0.023544
48201331300,0.030687
48201331400,0.024444
48201331501,0.070909
48201331502,0.011446
48201331602,0.010148
48201331603,0.028477
48201331604,0.011042
48201331700,0.024447
48201331800,0.015004
48201331900,0.02436
48201332000,0.017423
48201332100,0.040302
48201332200,0.010662
48201332300,0.020827
48201332400,0.012399
48201332500,0.013044
48201332600,0.024998
48201332700,0.020975
48201332800,0.03271
48201332900,0.026473
48201333000,0.031765
48201333100,0.013022
48201333201,0.020313
48201333203,0.011123
48201333204,0.013613
48201333205,0.042988
48201333301,0.017786
48201333302,0.013038
48201333501,0.02832
48201333502,0.074102
48201333600,0.102812
48201333700,0.041268
48201333801,0.099819
48201333802,0.011927
48201333903,0.016411
48201333904,0.021278
48201333905,0.030508
48201333906,0.029129
48201334001,0.010733
48201334002,0.048018
48201334003,0.060603
48201334101,0.022556
48201334102,0.039028
48201340101,0.050184
48201340102,0.023615
48201340201,0.149298
48201340202,0.019864
48201340203,0.014521
48201340301,0.012821
48201340302,0.014992
48201340400,0.013636
48201340501,0.013088
48201340502,0.025297
48201340600,0.022237
48201340701,0.02436
48201340702,0.022175
48201340800,0.013158
48201340900,0.04568
48201341001,0.070062
48201341002,0.040304
48201341101,0.017577
48201341102,0.021895
48201341201,0.025285
48201341203,0.054924
48201341204,0.030161
48201341302,0.069138
48201341303,0.020459
48201341304,0.042895
48201341400,0.027066
48201341501,0.016074
48201341502,0.034007
48201342001,0.012117
48201342002,0.028679
48201342100,0.014841
48201342200,0.032994
48201342300,0.012972
48201342400,0.076241
48201342500,0.05328
48201342700,0.018117
48201342801,0.022201
48201342802,0.063893
48201342900,0.030886
48201343000,0.036272
48201343100,0.026785
48201343200,0.020165
48201343301,0.048767
48201343302,0.03354
48201343601,0.155352
48201343700,0.063966
48201350101,0.032658
48201350102,0.013561
48201350103,0.02367
48201350104,0.059029
48201350201,0.014189
48201350202,0.069754
48201350300,0.036549
48201350400,0.011015
48201350500,0.013179
48201350601,0.01781
48201350603,0.017147
48201350604,0.012856
48201350700,0.011414
48201350801,0.014863
48201350803,0.019093
48201350804,0.011162
48201410101,0.014151
48201410102,0.02857
48201410201,0.033562
48201410202,0.025236
48201410300,0.033972
48201410401,0.054072
48201410402,0.044688
48201410501,0.043396
48201410502,0.052271
48201410601,0.021553
48201410602,0.023385
48201410703,0.014147
48201410704,0.047055
48201410705,0.015452
48201410706,0.011207
48201410801,0.029453
48201410802,0.013104
48201410900,0.082228
48201411001,0.057053
48201411002,0.030316
48201411003,0.017652
48201411100,0.024309
48201411200,0.054635
48201411301,0.050372
48201411302,0.086069
48201411400,0.016725
48201411503,0.017129
48201411504,0.03439
48201411505,0.015373
48201411506,0.053229
48201411507,0.055454
48201411600,0.017475
48201411700,0.016193
48201411801,0.019873
48201411802,0.016506
48201411901,0.043426
48201411902,0.022617
48201412000,0.02803
48201412201,0.024714
48201412202,0.014037
48201412300,0.063572
48201412400,0.019141
48201412500,0.056278
48201412600,0.026729
48201412700,0.011521
48201412800,0.026303
48201412901,0.076699
48201412902,0.016913
48201413000,0.017819
48201413100,0.025555
48201413203,0.013751
48201413204,0.042046
48201413205,0.028131
48201413206,0.022179
48201413301,0.014181
48201413302,0.010839
48201420100,0.027519
48201420200,0.012775
48201420300,0.011255
48201420400,0.032287
48201420500,0.020443
48201420600,0.066595
48201420700,0.010659
48201420800,0.010973
48201420900,0.015319
48201421000,0.043215
48201421101,0.013396
48201421103,0.010466
48201421104,0.026428
48201421203,0.049687
48201421204,0.014134
48201421205,0.015105
48201421206,0.010335
48201421301,0.009788
48201421302,0.012473
48201421401,0.024987
48201421402,0.034414
48201421403,0.017572
48201421501,0.012061
48201421502,0.01322
48201421601,0.012738
48201421602,0.039847
48201421700,0.011958
48201421801,0.018722
48201421802,0.014367
48201421900,0.020886
48201422000,0.010915
48201422100,0.068003
48201422200,0.011906
48201422302,0.014452
48201422303,0.013562
48201422304,0.018451
48201422403,0.01136
48201422404,0.01641
48201422405,0.031827
48201422406,0.010745
48201422501,0.017127
48201422502,0.011601
48201422601,0.013293
48201422602,0.011641
48201422701,0.016144
48201422702,0.026159
48201422800,0.011765
48201422900,0.012194
48201423001,0.017407
48201423002,0.062491
48201423100,0.028007
48201423201,0.023164
48201423203,0.010398
48201423204,0.020155
48201423301,0.0165
48201423303,0.010953
48201423304,0.012459
48201423401,0.019325
48201423402,0.010591
48201423500,0.041486
48201423600,0.03259
48201430101,0.017587
48201430102,0.017879
48201430200,0.015694
48201430300,0.015362
48201430400,0.011009
48201430500,0.079341
48201430600,0.010289
48201430700,0.051142
48201430800,0.042592
48201430900,0.035295
48201431001,0.016116
48201431002,0.037208
48201431101,0.031141
48201431102,0.022764
48201431203,0.020498
48201431204,0.023982
48201431205,0.015135
48201431206,0.01974
48201431302,0.013224
48201431303,0.013742
48201431304,0.04676
48201431401,0.01582
48201431403,0.060477
48201431404,0.023903
48201431503,0.032611
48201431504,0.015143
48201431505,0.04164
48201431506,0.013254
48201431600,0.016572
48201431701,0.019027
48201431702,0.026326
48201431801,0.016256
48201431803,0.01084
48201431804,0.041514
48201431901,0.018462
48201431902,0.021177
48201432003,0.015488
48201432004,0.020466
48201432005,0.073688
48201432006,0.010704
48201432101,0.033826
48201432102,0.051578
48201432200,0.013827
48201432301,0.034721
48201432302,0.029377
48201432303,0.059048
48201432401,0.010723
48201432402,0.02394
48201432501,0.015687
48201432502,0.014647
48201432600,0.012074
48201432703,0.015415
48201432704,0.010715
48201432705,0.014086
48201432706,0.01714
48201432803,0.010998
48201432804,0.019545
48201432805,0.023261
48201432806,0.037447
48201432901,0.029233
48201432903,0.019394
48201432904,0.024193
48201433003,0.048727
48201433004,0.017104
48201433005,0.057147
48201433006,0.023022
48201433007,0.01023
48201433100,0.079545
48201433201,0.031366
48201433202,0.011369
48201433300,0.010431
48201433400,0.010697
48201433503,0.065379
48201433504,0.011901
48201433505,0.023426
48201433506,0.032789
48201433507,0.076437
48201433601,0.017799
48201433602,0.012781
48201440101,0.01045
48201440102,0.042163
48201450100,0.033451
48201450200,0.026306
48201450301,0.010721
48201450302,0.030056
48201450401,0.030527
48201450402,0.047335
48201450500,0.030638
48201450600,0.035916
48201450700,0.033
48201450801,0.029174
48201450803,0.022819
48201450804,0.092138
48201450900,0.051805
48201451003,0.014224
48201451004,0.020199
48201451005,0.013401
48201451006,0.027348
48201451100,0.016644
48201451200,0.016528
48201451301,0.011335
48201451302,0.018932
48201451401,0.012499
48201451404,0.024696
48201451405,0.021945
48201451406,0.027775
48201451407,0.014475
48201451501,0.021139
48201451502,0.090332
48201451603,0.017677
48201451604,0.06945
48201451605,0.012217
48201451606,0.048273
48201451700,0.042464
48201451800,0.022953
48201451902,0.015459
48201451903,0.084247
48201451904,0.014692
48201452001,0.012064
48201452002,0.013514
48201452101,0.017574
48201452102,0.016668
48201452103,0.014241
48201452202,0.023107
48201452203,0.053903
48201452204,0.036941
48201452300,0.036666
48201452401,0.020001
48201452402,0.011872
48201452501,0.01072
48201452502,0.025718
48201452601,0.01878
48201452602,0.010914
48201452701,0.01039
48201452702,0.009765
48201452703,0.040522
48201452801,0.025189
48201452802,0.024246
48201452900,0.045833
48201453001,0.022232
48201453002,0.015748
48201453100,0.024419
48201453201,0.021175
48201453202,0.021177
48201453300,0.021924
48201453401,0.021178
48201453403,0.011178
48201453404,0.029736
48201453405,0.01071
48201453501,0.017235
48201453502,0.010699
48201453601,0.023684
48201453603,0.04136
48201453604,0.010392
48201453701,0.011984
48201453702,0.01506
48201453800,0.02346
48201453901,0.012154
48201453902,0.019436
48201454000,0.015373
48201454100,0.014241
48201454200,0.029867
48201454302,0.010966
48201454303,0.041362
48201454304,0.01304
48201454305,0.013695
48201454400,0.045826
48201454502,0.011549
48201454503,0.018083
48201454504,0.011559
48201454505,0.035639
48201454600,0.013874
48201454700,0.078321
48201454801,0.030707
48201454802,0.012512
48201454901,0.018834
48201454902,0.016654
48201455000,0.019913
48201455102,0.012738
48201455103,0.133669
48201455104,0.030262
48201455200,0.035401
48201455300,0.02809
48201510100,0.033359
48201510201,0.029679
48201510202,0.012469
48201510301,0.020089
48201510302,0.01702
48201510400,0.014683
48201510500,0.014306
48201510601,0.031533
48201510602,0.027861
48201510701,0.012532
48201510702,0.018374
48201510801,0.071587
48201510802,0.015404
48201510803,0.042456
48201510901,0.017811
48201510902,0.037542
48201511001,0.032753
48201511003,0.021729
48201511004,0.012404
48201511100,0.014743
48201511201,0.027904
48201511202,0.013013
48201511301,0.028785
48201511302,0.071844
48201511400,0.055167
48201511501,0.017426
48201511502,0.018396
48201511600,0.016564
48201520100,0.014586
48201520200,0.031491
48201520301,0.010825
48201520302,0.011452
48201520400,0.02099
48201520501,0.014358
48201520502,0.019378
48201520601,0.011805
48201520603,0.017831
48201520604,0.011189
48201520700,0.017679
48201521000,0.055706
48201521100,0.01173
48201521201,0.023082
48201521202,0.046988
48201521300,0.012711
48201521401,0.032527
48201521402,0.016283
48201521501,0.016728
48201521502,0.029712
48201521600,0.145706
48201521701,0.025215
48201521702,0.047122
48201521800,0.016768
48201521900,0.011618
48201522001,0.04203
48201522002,0.010453
48201522101,0.010228
48201522102,0.010496
48201522201,0.012141
48201522202,0.01281
48201522301,0.036682
48201522302,0.01402
48201522401,0.019597
48201522402,0.043435
48201522500,0.013746
48201530101,0.024692
48201530102,0.016288
48201530200,0.019898
48201530300,0.014625
48201530400,0.02371
48201530501,0.031567
48201530502,0.009666
48201530600,0.01544
48201530701,0.069231
48201530702,0.017296
48201530800,0.011393
48201530900,0.017517
48201531000,0.014894
48201531100,0.012494
48201531200,0.009735
48201531300,0.011169
48201531400,0.011737
48201531500,0.016675
48201531600,0.023405
48201531700,0.041289
48201531800,0.066378
48201531900,0.015644
48201532003,0.010529
48201532004,0.013052
48201532101,0.011821
48201532102,0.021443
48201532200,0.013442
48201532301,0.022846
48201532302,0.023174
48201532400,0.023252
48201532502,0.015115
48201532503,0.022255
48201532504,0.025496
48201532600,0.015789
48201532700,0.028016
48201532800,0.011878
48201532900,0.026589
48201533000,0.009463
48201533100,0.010245
48201533200,0.009885
48201533301,0.013555
48201533302,0.021348
48201533401,0.017069
48201533402,0.011325
48201533500,0.023666
48201533600,0.01497
48201533701,0.013726
48201533702,0.012421
48201533802,0.012793
48201533803,0.276442
48201533804,0.032745
48201533902,0.034613
48201533903,0.010449
48201533904,0.087036
48201534001,0.051356
48201534002,0.025713
48201534003,0.062559
48201534101,0.025921
48201534102,0.015477
48201534201,0.040165
48201534203,0.014737
48201534204,0.024851
48201534205,0.027889
48201540101,0.018211
48201540102,0.023651
48201540200,0.06065
48201540502,0.014713
48201540503,0.148036
48201540504,0.113202
48201540601,0.019504
48201540602,0.035795
48201540700,0.044117
48201540800,0.013191
48201540901,0.012801
48201540903,0.044954
48201540904,0.085427
48201541004,0.028899
48201541005,0.01537
48201541006,0.01455
48201541007,0.014679
48201541008,0.044688
48201541009,0.022747
48201541100,0.011924
48201541203,0.018057
48201541204,0.036351
48201541205,0.021674
48201541206,0.012882
48201541207,0.033007
48201541301,0.019487
48201541302,0.013704
48201541401,0.085982
48201541402,0.02448
48201541403,0.016861
48201541404,0.015062
48201541500,0.028655
48201541603,0.022809
48201541604,0.017916
48201541701,0.048804
48201541702,0.017424
48201541703,0.157602
48201541801,0.053939
48201541802,0.04633
48201541901,0.010062
48201541902,0.02155
48201542001,0.026928
48201542002,0.013283
48201542003,0.033344
48201542004,0.018254
48201542103,0.016185
48201542104,0.017981
48201542105,0.019921
48201542106,0.010581
48201542107,0.044951
48201542108,0.028207
48201542201,0.014646
48201542202,0.049014
48201542203,0.026995
48201542302,0.012378
48201542303,0.021015
48201542304,0.012454
48201542305,0.011657
48201542401,0.044168
48201542402,0.012291
48201542500,0.026845
48201542600,0.016503
48201542700,0.015199
48201542800,0.010709
48201542901,0.033172
48201542902,0.016913
48201543004,0.015989
48201543005,0.014968
48201543006,0.018578
48201543007,0.017412
48201543008,0.029278
48201543009,0.028227
48201543010,0.032813
48201543011,0.011528
48201543100,0.051132
48201543201,0.015341
48201543202,0.041842
48201550101,0.014423
48201550102,0.034746
48201550201,0.014579
48201550202,0.010933
48201550303,0.010961
48201550304,0.026996
48201550305,0.016958
48201550306,0.026708
48201550307,0.011575
48201550308,0.011003
48201550403,0.037469
48201550404,0.362737
48201550405,0.014092
48201550406,0.027614
48201550407,0.022711
48201550500,0.010898
48201550601,0.019371
48201550602,0.020867
48201550603,0.050416
48201550700,0.048996
48201550800,0.016898
48201550901,0.012363
48201550902,0.011086
48201551000,0.341191
48201551101,0.042016
48201551102,0.025299
48201551201,0.012334
48201551202,0.077566
48201551300,0.027569
48201551400,0.095436
48201551501,0.01134
48201551502,0.041054
48201551601,0.06878
48201551602,0.020507
48201551702,0.039454
48201551703,0.068413
48201551704,0.015064
48201551705,0.047087
48201551800,0.038084
48201551901,0.012147
48201551902,0.040622
48201552002,0.016108
48201552003,0.023291
48201552004,0.047635
48201552101,0.040813
48201552102,0.021336
48201552103,0.024994
48201552200,0.016564
48201552301,0.010931
48201552303,0.028301
48201552304,0.027034
48201552401,0.021208
48201552402,0.043653
48201552501,0.039905
48201552502,0.01925
48201552602,0.037947
48201552603,0.037687
48201552604,0.035135
48201552701,0.023604
48201552702,0.01177
48201552801,0.078681
48201552802,0.050004
48201552901,0.021663
48201552902,0.013717
48201553001,0.022137
48201553002,0.012306
48201553101,0.02767
48201553102,0.010088
48201553201,0.013338
48201553202,0.063912
48201553300,0.026798
48201553401,0.013754
48201553403,0.017496
48201553404,0.020606
48201553405,0.018345
48201553500,0.101421
48201553601,0.023158
48201553602,0.011186
48201553700,0.015271
48201553801,0.011037
48201553803,0.024559
48201553804,0.016621
48201553901,0.025089
48201554001,0.018454
48201554002,0.012539
48201554103,0.014781
48201554104,0.059139
48201554201,0.037168
48201554202,0.014155
48201554301,0.016359
48201554302,0.061753
48201554404,0.065424
48201554405,0.05052
48201554406,0.010389
48201554407,0.011991
48201554408,0.051304
48201554409,0.108427
48201554410,0.028531
48201554501,0.016655
48201554502,0.012666
48201554600,0.023046
48201554701,0.026525
48201554702,0.012723
48201554803,0.014801
48201554804,0.017046
48201554805,0.012775
48201554806,0.055837
48201554807,0.049642
48201554808,0.037459
48201554809,0.019976
48201554902,0.032055
48201554904,0.053154
48201554905,0.013334
48201554906,0.013351
48201554907,0.014058
48201554908,0.050669
48201555001,0.01369
48201555002,0.016616
48201555101,0.047857
48201555102,0.030599
48201555200,0.017891
48201555301,0.022678
48201555303,0.02014
48201555304,0.015903
48201555305,0.018016
48201555401,0.035049
48201555403,0.065334
48201555404,0.021172
48201555501,0.069761
48201555503,0.027593
48201555504,0.010346
48201555505,0.019561
48201555600,0.05387
48201555701,0.033636
48201555703,0.016117
48201555704,0.01253
48201556000,0.033409
48201556100,0.040092
48201980000,0.16548
48201980100,0.196088
48201980200,0.049366
48201980300,0.065203
48201980400,0.087752
48201980700,0.041127
48207950300,0.070956
48207950400,0.045677
48209010100,0.103329
48209010200,0.12187
48209010302,0.110866
48209010305,0.11816
48209010306,0.084831
48209010307,0.116617
48209010308,0.160528
48209010309,0.121059
48209010401,0.05664
48209010402,0.018541
48209010500,0.099981
48209010601,0.013813
48209010602,0.177288
48209010603,0.101225
48209010702,0.044909
48209010703,0.185444
48209010704,0.220288
48209010806,0.057769
48209010807,0.057972
48209010809,0.170989
48209010810,0.081795
48209010811,0.05714
48209010812,0.159874
48209010813,0.015611
48209010814,0.02957
48209010815,0.32323
48209010816,0.226214
48209010817,0.203522
48209010818,0.058838
48209010905,0.067669
48209010909,0.018386
48209010911,0.015293
48209010912,0.04182
48209010913,0.041275
48209010914,0.024301
48209010915,0.012234
48209010916,0.0319
48209010917,0.057822
48209010918,0.01803
48209010919,0.014495
48209010920,0.082451
48209010921,0.066963
48209010922,0.01728
48209010923,0.018308
48209010924,0.013677
48209010925,0.050628
48213950101,0.02179
48213950102,0.021817
48213950201,0.019198
48213950202,0.068734
48213950301,0.119559
48213950302,0.197445
48213950303,0.128282
48213950400,0.195102
48213950500,0.062771
48213950601,0.161751
48213950603,0.137343
48213950604,0.237009
48213950700,0.114955
48213950801,0.176147
48213950802,0.155798
48213950902,0.064575
48213950903,0.171291
48213950904,0.08501
48213950905,0.126285
48213951000,0.091206
48213951101,0.039061
48213951102,0.048668
48213951201,0.157692
48213951202,0.160705
48213951300,0.140213
48213951401,0.043474
48213951402,0.083345
48213951403,0.075667
48215020103,0.024128
48215020104,0.043143
48215020105,0.072416
48215020106,0.030098
48215020107,0.25192
48215020108,0.013304
48215020205,0.158426
48215020206,0.055301
48215020207,0.01779
48215020208,0.080239
48215020209,0.116278
48215020210,0.123796
48215020211,0.281895
48215020303,0.011475
48215020304,0.136972
48215020305,0.04619
48215020306,0.153171
48215020307,0.188185
48215020403,0.08864
48215020405,0.015424
48215020406,0.011928
48215020407,0.027563
48215020408,0.064301
48215020409,0.041964
48215020505,0.188827
48215020506,0.030604
48215020507,0.072934
48215020508,0.261601
48215020509,0.016976
48215020510,0.075285
48215020511,0.016401
48215020512,0.014085
48215020513,0.112763
48215020600,0.041826
48215020724,0.081001
48215020725,0.025498
48215020727,0.012445
48215020728,0.031653
48215020729,0.065954
48215020730,0.163671
48215020731,0.016727
48215020732,0.022409
48215020733,0.020101
48215020734,0.016284
48215020735,0.012178
48215020736,0.01371
48215020804,0.024533
48215020805,0.091096
48215020806,0.085415
48215020807,0.014768
48215020808,0.022205
48215020905,0.024459
48215020906,0.070118
48215020907,0.020731
48215020908,0.036356
48215020909,0.100834
48215020910,0.023375
48215021001,0.030274
48215021002,0.080284
48215021003,0.108971
48215021100,0.044624
48215021201,0.027868
48215021203,0.10193
48215021204,0.01904
48215021306,0.065456
48215021307,0.042145
48215021308,0.101505
48215021309,0.183247
48215021310,0.21803
48215021311,0.043356
48215021312,0.149117
48215021313,0.048185
48215021314,0.089796
48215021315,0.107816
48215021401,0.083694
48215021405,0.092247
48215021406,0.011226
48215021407,0.033771
48215021408,0.066841
48215021409,0.169662
48215021500,0.096907
48215021600,0.034115
48215021703,0.016549
48215021704,0.030949
48215021705,0.028852
48215021706,0.013691
48215021707,0.02068
48215021803,0.023723
48215021804,0.043064
48215021807,0.066916
48215021808,0.148108
48215021809,0.04359
48215021810,0.024196
48215021903,0.044382
48215021904,0.031321
48215021905,0.040856
48215021906,0.044043
48215022005,0.029887
48215022006,0.015254
48215022007,0.01168
48215022008,0.025899
48215022009,0.021809
48215022010,0.079204
48215022011,0.03331
48215022105,0.256551
48215022107,0.0706
48215022108,0.049083
48215022109,0.021977
48215022110,0.013433
48215022111,0.026355
48215022112,0.027924
48215022113,0.048344
48215022203,0.090529
48215022204,0.024625
48215022205,0.049012
48215022206,0.038964
48215022301,0.277791
48215022302,0.056396
48215022401,0.028721
48215022402,0.011874
48215022502,0.021525
48215022503,0.027423
48215022504,0.020498
48215022600,0.014579
48215022703,0.068446
48215022704,0.025848
48215022705,0.016368
48215022706,0.019147
48215022801,0.049733
48215022802,0.098562
48215022900,0.082561
48215023000,0.038306
48215023103,0.064327
48215023104,0.024022
48215023105,0.034246
48215023106,0.016161
48215023516,0.035562
48215023517,0.019248
48215023518,0.055998
48215023519,0.010625
48215023520,0.047153
48215023521,0.016292
48215023522,0.034223
48215023523,0.043852
48215023524,0.01334
48215023525,0.045241
48215023526,0.058491
48215023527,0.013201
48215023528,0.054427
48215023529,0.013778
48215023530,0.02024
48215023531,0.020439
48215023532,0.015803
48215023533,0.015986
48215023534,0.023413
48215023535,0.012749
48215023536,0.076406
48215023601,0.032075
48215023602,0.020474
48215023700,0.099642
48215023803,0.016992
48215023804,0.109969
48215023805,0.011179
48215023806,0.05045
48215023903,0.217393
48215023905,0.021044
48215023906,0.022415
48215023907,0.073188
48215023908,0.02933
48215024001,0.103808
48215024002,0.034646
48215024003,0.125754
48215024004,0.029269
48215024107,0.083223
48215024108,0.014745
48215024109,0.05781
48215024115,0.027352
48215024116,0.0222
48215024117,0.111023
48215024118,0.084599
48215024119,0.195423
48215024120,0.057104
48215024121,0.039871
48215024122,0.015956
48215024123,0.015103
48215024124,0.032481
48215024125,0.179668
48215024126,0.070463
48215024127,0.016212
48215024128,0.035401
48215024129,0.053539
48215024130,0.089351
48215024131,0.013688
48215024132,0.0257
48215024204,0.193132
48215024206,0.06705
48215024207,0.038683
48215024208,0.044436
48215024209,0.120676
48215024210,0.231179
48215024211,0.083541
48215024212,0.022697
48215024301,0.045331
48215024302,0.019709
48215024403,0.043038
48215024404,0.046587
48215024405,0.057836
48215024406,0.036604
48215024501,0.010192
48215024502,0.052724
48215024600,0.028053
48215980000,0.030607
48217960100,0.026941
48217960200,0.049012
48217960400,0.111604
48217960501,0.023324
48217960502,0.033526
48217960600,0.088973
48217960700,0.074738
48217960800,0.095435
48217960900,0.147728
48217961000,0.120104
48217961100,0.102096
48217961400,0.037925
48221160100,0.074136
48221160204,0.052011
48221160206,0.135314
48221160210,0.059963
48221160211,0.164863
48221160212,0.141612
48221160213,0.064909
48221160214,0.037099
48221160215,0.207605
48221160216,0.086338
48221160217,0.094068
48221160218,0.172461
48221160302,0.044853
48221160303,0.028078
48223950100,0.054092
48223950200,0.049535
48223950301,0.061648
48223950302,0.091746
48223950401,0.065837
48223950402,0.107677
48223950500,0.115183
48223950600,0.019731
48223950700,0.020613
48223950800,0.062086
48225950101,0.143034
48225950102,0.093571
48225950200,0.179078
48225950300,0.153499
48225950400,0.179615
48225950500,0.064899
48225950600,0.161424
48225950700,0.051562
48227950100,0.119798
48227950200,0.025052
48227950300,0.043143
48227950400,0.097463
48227950500,0.155743
48227950600,0.023626
48227950700,0.014117
48227950801,0.11185
48227950802,0.147251
48227950900,0.040006
48231960100,0.050516
48231960200,0.029005
48231960300,0.020572
48231960400,0.090834
48231960500,0.073471
48231960600,0.111228
48231960700,0.02471
48231960800,0.147821
48231960900,0.168491
48231961000,0.104931
48231961101,0.055958
48231961102,0.049098
48231961200,0.043523
48231961300,0.045404
48231961401,0.031577
48231961402,0.036861
48231961501,0.063811
48231961502,0.055207
48231961503,0.098334
48231961600,0.117545
48231961700,0.044778
48235950100,0.142675
48237950100,0.133067
48237950300,0.162776
48237950500,0.126738
48239950100,0.020166
48239950200,0.039676
48239950300,0.02139
48247950200,0.078801
48247950400,0.035458
48249950101,0.039469
48249950102,0.023533
48249950201,0.039157
48249950202,0.070333
48249950301,0.018646
48249950302,0.096731
48249950303,0.116424
48249950400,0.018101
48249950500,0.041063
48249950600,0.028795
48249950700,0.029124
48251130100,0.050105
48251130205,0.025583
48251130210,0.016391
48251130211,0.029581
48251130212,0.085416
48251130213,0.0457
48251130214,0.112239
48251130215,0.030763
48251130216,0.013972
48251130217,0.032674
48251130218,0.093658
48251130219,0.019932
48251130220,0.021091
48251130221,0.024733
48251130222,0.015278
48251130302,0.067703
48251130303,0.128374
48251130304,0.078902
48251130405,0.02778
48251130406,0.04529
48251130411,0.06295
48251130412,0.070857
48251130413,0.109187
48251130414,0.047439
48251130415,0.093128
48251130416,0.021715
48251130417,0.064729
48251130418,0.019154
48251130419,0.057614
48251130501,0.025334
48251130502,0.023024
48251130602,0.031505
48251130603,0.125501
48251130604,0.075011
48251130700,0.015702
48251130800,0.068847
48251130900,0.034999
48251131000,0.030091
48251131100,0.152003
48253020101,0.216142
48253020102,0.050118
48253020200,0.138316
48253020300,0.043536
48253020400,0.01848
48253020500,0.029642
48255970100,0.116468
48255970200,0.020765
48255970301,0.156194
48255970302,0.125243
48255970400,0.040147
48257050204,0.018629
48257050207,0.01657
48257050208,0.020985
48257050209,0.012696
48257050210,0.049658
48257050211,0.014669
48257050212,0.018723
48257050213,0.016311
48257050214,0.011053
48257050215,0.022576
48257050300,0.14283
48257050401,0.126463
48257050402,0.024402
48257050500,0.102374
48257050601,0.053414
48257050602,0.050485
48257050701,0.029459
48257050703,0.04898
48257050704,0.064595
48257050801,0.030834
48257050802,0.029275
48257051000,0.154426
48257051100,0.06638
48257051201,0.048801
48257051202,0.026353
48257051301,0.085538
48257051302,0.034076
48259970101,0.126687
48259970102,0.015336
48259970301,0.040128
48259970302,0.160504
48259970403,0.101397
48259970404,0.019753
48259970405,0.019239
48259970406,0.07428
48259970500,0.084159
48261950100,0.052276
48263950100,0.074161
48265960101,0.084702
48265960102,0.094333
48265960200,0.039616
48265960301,0.089239
48265960303,0.218981
48265960304,0.054831
48265960401,0.30076
48265960403,0.217918
48265960404,0.20536
48265960500,0.07286
48265960601,0.186147
48265960602,0.19463
48265960700,0.188057
48265960800,0.063612
48267950100,0.077914
48267950200,0.162641
48269950100,0.082999
48271950100,0.016921
48273020101,0.031479
48273020102,0.032536
48273020200,0.061163
48273020301,0.02163
48273020302,0.154156
48273020401,0.043491
48273020402,0.184775
48273020501,0.028817
48273020502,0.076593
48275950100,0.064223
48275950200,0.036979
48277000101,0.095866
48277000102,0.055189
48277000200,0.023208
48277000301,0.05314
48277000302,0.044132
48277000401,0.115076
48277000402,0.212455
48277000500,0.156943
48277000600,0.182217
48277000700,0.108208
48277000800,0.114827
48277000900,0.14883
48277001000,0.110514
48281950100,0.04379
48281950302,0.133998
48281950303,0.082443
48281950304,0.084941
48281950400,0.178703
48281950500,0.146416
48283950301,0.094944
48283950302,0.083354
48285000100,0.026181
48285000200,0.095135
48285000300,0.026384
48285000400,0.118978
48285000500,0.074439
48285000600,0.158821
48287000100,0.026288
48287000200,0.032465
48287000300,0.046094
48287000400,0.058323
48289950101,0.09566
48289950102,0.045567
48289950201,0.048583
48289950202,0.018639
48289950301,0.111909
48289950302,0.108644
48291700100,0.02791
48291700200,0.123335
48291700301,0.033653
48291700302,0.01817
48291700303,0.093205
48291700400,0.05967
48291700500,0.047685
48291700900,0.035169
48291701000,0.089244
48293970100,0.120806
48293970200,0.035262
48293970300,0.174714
48293970400,0.050705
48293970500,0.177319
48293970600,0.059441
48293970700,0.030115
48293970800,0.039087
48297950100,0.072871
48297950200,0.048098
48297950300,0.091172
48297950400,0.091384
48299970100,0.190185
48299970200,0.099425
48299970300,0.146273
48299970401,0.179779
48299970402,0.070208
48299970501,0.017596
48299970502,0.038253
48299970600,0.106898
48303000100,0.018925
48303000201,0.014499
48303000202,0.07493
48303000301,0.014382
48303000303,0.022929
48303000304,0.094526
48303000402,0.054886
48303000403,0.032784
48303000406,0.04994
48303000407,0.118438
48303000408,0.018137
48303000409,0.014202
48303000410,0.019751
48303000411,0.018738
48303000501,0.041406
48303000502,0.05756
48303000503,0.107145
48303000603,0.030988
48303000605,0.028115
48303000607,0.114144
48303000700,0.045511
48303000901,0.036369
48303000902,0.072316
48303001000,0.058179
48303001200,0.01288
48303001300,0.050775
48303001401,0.038659
48303001402,0.140078
48303001501,0.066145
48303001502,0.039968
48303001601,0.040677
48303001602,0.024896
48303001708,0.021423
48303001709,0.010033
48303001710,0.033589
48303001711,0.011455
48303001712,0.014184
48303001713,0.017534
48303001714,0.015416
48303001715,0.026295
48303001716,0.011175
48303001717,0.012343
48303001804,0.039998
48303001805,0.025306
48303001806,0.019945
48303001807,0.041103
48303001808,0.014706
48303001904,0.011874
48303001905,0.038483
48303001906,0.0151
48303001907,0.01781
48303001908,0.020396
48303002001,0.017775
48303002002,0.011316
48303002102,0.01582
48303002103,0.012644
48303002104,0.009846
48303002203,0.025283
48303002205,0.018028
48303002206,0.012114
48303002207,0.260243
48303002208,0.017446
48303002301,0.019413
48303002302,0.160335
48303002401,0.059941
48303002402,0.019158
48303002500,0.049115
48303010101,0.063591
48303010102,0.080005
48303010201,0.062499
48303010202,0.055613
48303010203,0.051867
48303010204,0.030184
48303010301,0.041076
48303010302,0.124917
48303010402,0.117296
48303010404,0.051713
48303010409,0.021784
48303010410,0.019872
48303010411,0.013526
48303010412,0.061259
48303010413,0.056492
48303010414,0.013835
48303010415,0.024299
48303010416,0.05265
48303010417,0.023023
48303010418,0.045654
48303010419,0.02218
48303010420,0.044514
48303010421,0.023894
48303010422,0.04242
48303010423,0.044765
48303010502,0.025488
48303010504,0.013936
48303010505,0.015752
48303010506,0.042376
48303010509,0.023789
48303010510,0.022466
48303010511,0.011637
48303010512,0.024176
48303010513,0.076662
48303010514,0.015914
48303010601,0.106734
48303010602,0.229824
48303010700,0.064346
48303980000,0.084169
48305950400,0.053473
48305950500,0.08904
48305950600,0.036542
48307950300,0.163847
48307950400,0.139517
48307950500,0.144674
48309000100,0.045352
48309000200,0.073086
48309000300,0.028225
48309000401,0.097839
48309000402,0.06791
48309000598,0.107874
48309000700,0.0396
48309000800,0.094333
48309000900,0.070381
48309001000,0.011481
48309001100,0.032391
48309001200,0.099196
48309001300,0.021464
48309001401,0.021853
48309001402,0.020776
48309001500,0.02871
48309001600,0.071633
48309001700,0.135212
48309001800,0.151348
48309001900,0.060611
48309002000,0.075738
48309002100,0.116293
48309002302,0.107646
48309002498,0.105046
48309002501,0.066776
48309002503,0.038474
48309002504,0.07225
48309002600,0.026978
48309002700,0.015126
48309002800,0.011691
48309002900,0.026749
48309003000,0.010808
48309003200,0.096504
48309003300,0.029875
48309003401,0.051902
48309003402,0.081119
48309003500,0.05096
48309003601,0.016094
48309003602,0.131656
48309003701,0.178436
48309003703,0.057321
48309003708,0.021323
48309003709,0.041772
48309003710,0.027502
48309003711,0.011944
48309003712,0.027987
48309003801,0.040752
48309003802,0.026761
48309003901,0.146456
48309003902,0.14665
48309004000,0.025833
48309004102,0.01314
48309004104,0.013286
48309004105,0.029332
48309004201,0.027269
48309004202,0.069283
48309004300,0.040433
48309980000,0.032395
48311950100,0.036174
48313000100,0.054842
48313000200,0.182882
48313000300,0.125732
48313000400,0.118893
48317950100,0.057802
48317950200,0.073175
48319950100,0.098577
48319950200,0.089434
48321730100,0.182181
48321730202,0.019909
48321730203,0.065206
48321730204,0.226937
48321730301,0.188251
48321730302,0.2471
48321730303,0.023533
48321730400,0.099507
48321730502,0.051219
48321730503,0.159093
48321730600,0.032916
48321730700,0.022516
48323950204,0.047666
48323950206,0.028272
48323950207,0.017298
48323950208,0.19906
48323950209,0.021378
48323950301,0.11322
48323950302,0.119687
48323950400,0.158736
48323950500,0.109544
48323950601,0.091023
48323950602,0.0127
48323950701,0.049238
48323950702,0.094216
48325000101,0.055973
48325000103,0.085694
48325000104,0.147929
48325000200,0.033993
48325000301,0.160197
48325000302,0.055184
48325000401,0.133545
48325000402,0.022601
48325000500,0.080029
48325000801,0.115595
48325000802,0.15685
48327950300,0.114805
48329010123,0.072159
48329010124,0.070216
48329010128,0.039104
48329010129,0.02214
48331950100,0.025688
48331950300,0.091847
48331950401,0.069892
48331950402,0.111528
48331950500,0.067647
48331950700,0.08181
48331950800,0.038622
48333950100,0.021354
48333950200,0.107534
48335950200,0.101579
48335950400,0.073919
48337950100,0.053697
48337950200,0.112285
48337950401,0.128276
48337950402,0.058215
48337950501,0.071868
48337950502,0.072688
48337950600,0.03111
48339690101,0.017616
48339690102,0.059262
48339690203,0.045372
48339690204,0.019683
48339690205,0.014143
48339690206,0.013103
48339690207,0.185323
48339690300,0.040762
48339690403,0.027212
48339690404,0.096243
48339690405,0.074657
48339690406,0.012714
48339690407,0.012462
48339690408,0.038141
48339690501,0.015888
48339690502,0.015775
48339690503,0.019837
48339690603,0.010475
48339690604,0.023813
48339690605,0.055091
48339690606,0.01162
48339690607,0.01286
48339690608,0.023467
48339690609,0.012472
48339690610,0.053796
48339690701,0.01893
48339690702,0.016412
48339690800,0.017675
48339690900,0.011187
48339691000,0.012261
48339691100,0.010311
48339691201,0.067657
48339691202,0.011489
48339691301,0.049164
48339691302,0.010937
48339691401,0.018559
48339691402,0.041075
48339691403,0.037905
48339691500,0.0146
48339691601,0.012884
48339691602,0.026688
48339691700,0.026249
48339691801,0.012463
48339691802,0.014519
48339691900,0.080095
48339692003,0.054656
48339692004,0.027248
48339692005,0.010922
48339692006,0.017108
48339692007,0.019385
48339692008,0.030545
48339692009,0.014791
48339692010,0.066811
48339692101,0.024349
48339692102,0.068043
48339692103,0.041759
48339692201,0.014024
48339692202,0.014722
48339692301,0.104854
48339692302,0.021001
48339692303,0.020008
48339692304,0.011622
48339692401,0.020354
48339692402,0.020746
48339692501,0.059558
48339692502,0.013182
48339692601,0.040284
48339692603,0.017652
48339692604,0.043276
48339692605,0.036436
48339692701,0.028341
48339692702,0.045781
48339692802,0.032482
48339692803,0.024138
48339692804,0.015561
48339692900,0.021415
48339693001,0.059721
48339693002,0.03772
48339693102,0.091838
48339693103,0.163861
48339693104,0.041619
48339693201,0.026014
48339693202,0.021981
48339693301,0.118291
48339693302,0.012344
48339693303,0.050369
48339693304,0.043039
48339693401,0.052819
48339693402,0.038735
48339693501,0.054575
48339693502,0.196067
48339693503,0.057443
48339693600,0.057188
48339693701,0.053503
48339693702,0.021663
48339693703,0.06893
48339693800,0.062281
48339693901,0.093616
48339693902,0.186655
48339693903,0.228313
48339693904,0.022587
48339694001,0.019677
48339694002,0.049959
48339694103,0.016373
48339694104,0.027136
48339694105,0.07166
48339694106,0.083164
48339694107,0.095469
48339694203,0.03183
48339694204,0.018378
48339694205,0.146383
48339694206,0.046372
48339694207,0.022498
48339694208,0.014207
48339694209,0.012197
48339694210,0.022353
48339694303,0.012819
48339694304,0.022126
48339694305,0.027618
48339694306,0.088657
48339694307,0.060259
48339694308,0.04123
48339694309,0.027337
48339694401,0.019874
48339694402,0.030196
48339694403,0.059083
48339694501,0.02856
48339694502,0.033877
48339694503,0.024473
48339694601,0.024273
48339694602,0.020534
48339694603,0.074477
48339694700,0.079786
48347950200,0.060315
48349970100,0.057045
48349970200,0.02993
48349970301,0.030145
48349970302,0.101428
48349970400,0.0227
48349970500,0.030612
48349970600,0.061134
48349970701,0.062644
48349970800,0.078293
48349970901,0.034655
48349970902,0.115255
48349971000,0.070563
48353950100,0.097728
48353950200,0.156846
48353950300,0.10791
48353950400,0.049066
48353950500,0.040123
48355000500,0.12754
48355000601,0.174613
48355000602,0.021905
48355000700,0.022967
48355000800,0.019975
48355000900,0.012278
48355001000,0.051085
48355001100,0.072266
48355001201,0.013538
48355001202,0.015872
48355001300,0.01217
48355001400,0.014786
48355001500,0.014153
48355001601,0.011309
48355001602,0.018536
48355001702,0.079677
48355001703,0.01526
48355001704,0.026129
48355001801,0.02045
48355001802,0.047617
48355001903,0.028346
48355001904,0.01407
48355001905,0.047472
48355001906,0.159887
48355002001,0.034969
48355002002,0.012286
48355002101,0.010626
48355002102,0.012077
48355002200,0.032789
48355002301,0.030715
48355002303,0.0167
48355002304,0.021446
48355002400,0.022784
48355002500,0.017333
48355002601,0.027866
48355002602,0.017554
48355002603,0.011355
48355002703,0.049768
48355002705,0.012745
48355002706,0.145795
48355002707,0.02504
48355002708,0.090988
48355002900,0.113875
48355003002,0.014657
48355003003,0.096311
48355003004,0.015284
48355003101,0.010439
48355003102,0.013225
48355003202,0.019676
48355003204,0.062895
48355003205,0.03711
48355003206,0.026734
48355003303,0.039558
48355003304,0.030811
48355003305,0.018734
48355003306,0.024377
48355003401,0.021795
48355003402,0.024804
48355003500,0.037042
48355003601,0.018345
48355003602,0.015712
48355003603,0.027707
48355003700,0.017113
48355005103,0.099541
48355005104,0.05403
48355005404,0.011503
48355005406,0.032282
48355005407,0.033785
48355005408,0.036442
48355005409,0.018009
48355005410,0.013188
48355005411,0.076792
48355005412,0.011471
48355005413,0.039194
48355005414,0.023414
48355005415,0.014013
48355005416,0.027634
48355005417,0.020117
48355005603,0.028772
48355005604,0.12964
48355005605,0.088149
48355005606,0.06972
48355005801,0.033675
48355005803,0.04792
48355005804,0.034505
48355005900,0.01428
48355006000,0.023295
48355006100,0.043062
48355006201,0.011355
48355006202,0.02953
48355006203,0.049234
48355006204,0.012409
48355006205,0.086454
48355006300,0.073073
48355006400,0.039625
48355980000,0.055722
48363000100,0.082276
48363000200,0.103402
48363000300,0.053214
48363000401,0.143343
48363000402,0.088162
48363000500,0.25401
48363000600,0.082203
48363000700,0.041531
48363000800,0.14222
48363000900,0.221795
48367140101,0.079449
48367140102,0.021446
48367140201,0.069471
48367140202,0.019259
48367140300,0.043964
48367140403,0.027383
48367140408,0.081333
48367140409,0.108704
48367140410,0.063239
48367140411,0.081184
48367140412,0.207655
48367140413,0.041378
48367140414,0.049247
48367140415,0.035132
48367140416,0.042406
48367140502,0.044788
48367140503,0.026215
48367140504,0.042641
48367140601,0.035838
48367140603,0.063459
48367140604,0.088425
48367140707,0.051653
48367140708,0.073703
48367140709,0.043689
48367140710,0.134435
48367140711,0.070622
48367140712,0.048487
48367140713,0.030173
48367140714,0.025856
48371950100,0.027055
48373210203,0.013586
48373210204,0.042347
48373210205,0.215248
48373210206,0.105986
48373210301,0.059165
48373210302,0.022203
48373210402,0.025093
48379950101,0.024163
48379950102,0.072952
48379950200,0.096254
48383950100,0.059424
48385950100,0.090999
48387950100,0.03301
48387950501,0.074859
48387950502,0.173673
48387950600,0.037635
48387950700,0.021304
48391950200,0.070209
48391950400,0.085401
48395960100,0.129479
48395960200,0.028072
48395960300,0.03844
48395960400,0.041966
48395960501,0.110235
48395960502,0.081512
48397040101,0.023698
48397040103,0.133589
48397040104,0.052627
48397040201,0.020303
48397040202,0.059749
48397040203,0.026356
48397040301,0.058255
48397040303,0.070541
48397040304,0.023198
48397040305,0.021369
48397040403,0.101425
48397040404,0.060654
48397040405,0.080061
48397040406,0.237109
48397040407,0.102423
48397040408,0.032973
48397040409,0.019564
48397040410,0.031415
48397040411,0.01776
48397040412,0.025936
48397040503,0.048544
48397040507,0.017879
48397040508,0.035426
48397040509,0.078744
48397040510,0.036085
48397040511,0.021996
48397040512,0.020208
48397040513,0.040847
48397040514,0.061691
48399950100,0.082899
48399950200,0.145129
48399950500,0.032321
48399950600,0.077948
48401950200,0.022693
48401950300,0.077207
48401950400,0.051839
48401950501,0.060769
48401950502,0.159967
48401951000,0.067376
48401951100,0.072982
48407200103,0.062346
48407200104,0.039253
48407200105,0.040977
48407200106,0.015251
48407200107,0.158341
48407200201,0.06029
48407200202,0.242684
48407200301,0.029289
48407200302,0.025795
48409010201,0.136172
48409010202,0.095241
48409010301,0.0426
48409010302,0.042709
48409010500,0.018422
48409010601,0.014494
48409010602,0.010104
48409010603,0.012145
48409010604,0.016854
48409010700,0.039473
48409010800,0.040229
48409010900,0.051143
48409011000,0.094715
48409011100,0.13478
48409011200,0.029449
48409011300,0.048898
48411950100,0.136686
48411950200,0.051325
48413950300,0.023105
48415950100,0.208486
48415950200,0.082337
48415950300,0.095528
48415950600,0.12037
48417950300,0.076515
48423000100,0.175148
48423000201,0.073354
48423000202,0.093845
48423000300,0.077072
48423000400,0.125526
48423000500,0.020343
48423000600,0.111396
48423000700,0.116912
48423000800,0.052927
48423000900,0.123511
48423001000,0.019034
48423001101,0.078334
48423001102,0.169687
48423001200,0.205734
48423001300,0.155497
48423001404,0.030684
48423001405,0.043026
48423001406,0.034273
48423001407,0.064046
48423001408,0.076742
48423001501,0.080408
48423001502,0.029508
48423001602,0.166218
48423001605,0.162227
48423001606,0.178939
48423001607,0.1524
48423001608,0.156952
48423001701,0.05652
48423001702,0.028854
48423001803,0.123387
48423001804,0.041721
48423001805,0.215949
48423001806,0.097363
48423001807,0.105775
48423001906,0.057152
48423001909,0.044191
48423001910,0.023584
48423001911,0.037906
48423001912,0.205272
48423001913,0.222781
48423001914,0.09931
48423001915,0.032397
48423001916,0.01911
48423001917,0.114345
48423002003,0.114993
48423002004,0.050168
48423002006,0.050001
48423002009,0.077214
48423002010,0.016009
48423002011,0.032516
48423002012,0.048277
48423002013,0.101115
48423002101,0.087442
48423002102,0.03695
48423002200,0.031264
48423980000,0.12339
48425000101,0.038709
48425000102,0.057044
48425000200,0.063904
48427950101,0.110318
48427950104,0.016607
48427950105,0.068794
48427950106,0.149012
48427950107,0.139437
48427950108,0.021578
48427950202,0.058209
48427950203,0.146412
48427950204,0.078283
48427950402,0.109037
48427950403,0.257314
48427950404,0.19116
48427950500,0.075178
48427950601,0.160262
48427950602,0.137347
48427950701,0.06581
48427950702,0.114379
48429950200,0.117568
48429950300,0.134827
48429950500,0.07809
48431950100,0.148854
48433950300,0.055498
48435950300,0.038512
48439100101,0.028576
48439100102,0.028212
48439100201,0.01183
48439100202,0.078967
48439100300,0.049037
48439100401,0.126543
48439100402,0.120446
48439100503,0.103984
48439100504,0.081013
48439100505,0.012394
48439100506,0.019854
48439100601,0.063306
48439100602,0.145705
48439100700,0.097926
48439100800,0.084931
48439100900,0.078856
48439101201,0.025138
48439101202,0.029926
48439101301,0.013893
48439101302,0.058651
48439101401,0.022157
48439101402,0.040458
48439101403,0.051271
48439101500,0.100371
48439101700,0.017703
48439102000,0.025184
48439102101,0.077024
48439102102,0.058049
48439102201,0.032537
48439102202,0.018223
48439102301,0.083185
48439102302,0.179469
48439102401,0.042652
48439102402,0.109447
48439102500,0.01318
48439102601,0.030552
48439102602,0.016945
48439102700,0.014798
48439103500,0.015645
48439103601,0.037876
48439103602,0.034306
48439103701,0.015672
48439103702,0.018386
48439103800,0.066354
48439104100,0.078259
48439104202,0.019908
48439104203,0.011986
48439104204,0.027555
48439104301,0.019948
48439104302,0.016697
48439104400,0.023574
48439104502,0.019215
48439104503,0.014431
48439104504,0.019471
48439104505,0.020299
48439104601,0.017135
48439104602,0.013789
48439104603,0.046382
48439104604,0.033495
48439104605,0.035487
48439104701,0.013093
48439104702,0.067913
48439104802,0.011659
48439104803,0.020654
48439104804,0.01285
48439104900,0.016633
48439105007,0.023964
48439105008,0.022531
48439105009,0.019998
48439105201,0.028948
48439105203,0.147521
48439105204,0.038697
48439105206,0.114643
48439105207,0.018705
48439105403,0.02599
48439105404,0.012326
48439105405,0.036977
48439105407,0.14636
48439105408,0.017617
48439105502,0.012523
48439105503,0.02065
48439105505,0.015001
48439105511,0.016357
48439105512,0.022263
48439105513,0.031138
48439105514,0.054125
48439105515,0.012535
48439105516,0.049017
48439105517,0.028559
48439105518,0.025402
48439105519,0.012598
48439105520,0.04825
48439105600,0.014855
48439105701,0.013582
48439105703,0.026717
48439105705,0.014142
48439105706,0.014621
48439105800,0.016337
48439105901,0.032767
48439105902,0.012038
48439106002,0.05023
48439106004,0.014708
48439106005,0.024063
48439106006,0.011661
48439106101,0.068641
48439106102,0.082168
48439106201,0.02558
48439106202,0.01822
48439106300,0.011423
48439106400,0.043744
48439106502,0.015851
48439106503,0.013456
48439106507,0.025636
48439106509,0.020147
48439106512,0.016439
48439106513,0.056674
48439106514,0.017385
48439106515,0.012334
48439106518,0.016668
48439106519,0.017385
48439106520,0.039071
48439106521,0.015535
48439106522,0.014035
48439106523,0.028375
48439106524,0.04052
48439106525,0.022946
48439106526,0.029063
48439106600,0.033807
48439106700,0.038253
48439110102,0.05014
48439110103,0.029091
48439110104,0.070551
48439110202,0.067122
48439110204,0.012601
48439110205,0.010733
48439110206,0.041664
48439110301,0.036503
48439110302,0.054121
48439110401,0.021828
48439110402,0.097657
48439110500,0.171503
48439110600,0.118275
48439110703,0.031554
48439110704,0.062087
48439110705,0.015852
48439110706,0.022432
48439110805,0.052527
48439110806,0.018362
48439110807,0.047492
48439110808,0.075232
48439110809,0.071762
48439110901,0.096936
48439110903,0.054694
48439110905,0.051357
48439110906,0.080015
48439110907,0.04956
48439111003,0.023322
48439111010,0.029795
48439111015,0.038792
48439111018,0.034269
48439111019,0.014354
48439111020,0.014317
48439111021,0.021103
48439111022,0.018124
48439111023,0.014324
48439111024,0.012045
48439111025,0.027403
48439111026,0.017518
48439111027,0.021034
48439111028,0.013278
48439111029,0.021404
48439111030,0.013527
48439111031,0.0427
48439111032,0.010063
48439111033,0.014551
48439111102,0.041067
48439111103,0.141992
48439111104,0.091817
48439111202,0.046296
48439111203,0.030673
48439111204,0.016427
48439111304,0.015701
48439111306,0.019071
48439111307,0.035372
48439111308,0.016895
48439111309,0.020186
48439111311,0.017228
48439111312,0.037104
48439111314,0.025791
48439111315,0.014097
48439111316,0.011857
48439111317,0.033618
48439111318,0.01995
48439111319,0.017924
48439111320,0.017039
48439111402,0.016747
48439111405,0.130776
48439111406,0.013366
48439111407,0.015349
48439111408,0.026018
48439111409,0.016232
48439111410,0.029956
48439111411,0.030802
48439111505,0.060829
48439111506,0.02791
48439111513,0.018007
48439111514,0.033649
48439111516,0.041218
48439111522,0.035943
48439111525,0.018499
48439111526,0.07801
48439111529,0.031388
48439111530,0.015271
48439111531,0.017595
48439111532,0.016106
48439111533,0.028847
48439111534,0.014357
48439111536,0.029044
48439111538,0.036059
48439111540,0.012842
48439111541,0.013733
48439111542,0.013811
48439111543,0.01265
48439111544,0.012724
48439111545,0.016127
48439111546,0.01804
48439111551,0.01488
48439111552,0.021071
48439111553,0.024135
48439111554,0.017307
48439111555,0.015976
48439111556,0.030168
48439111557,0.010641
48439111558,0.01218
48439111559,0.066957
48439111560,0.012398
48439111561,0.011985
48439111562,0.036194
48439111563,0.036085
48439111564,0.062535
48439111565,0.017647
48439111566,0.020442
48439111567,0.015181
48439111568,0.053577
48439111569,0.037566
48439111570,0.012805
48439111571,0.024404
48439111572,0.012818
48439113003,0.030259
48439113004,0.066521
48439113005,0.112429
48439113006,0.012006
48439113007,0.019882
48439113102,0.019063
48439113104,0.014842
48439113107,0.012254
48439113108,0.012411
48439113109,0.030801
48439113110,0.025026
48439113112,0.011557
48439113115,0.02993
48439113116,0.02939
48439113117,0.015879
48439113118,0.022917
48439113119,0.019689
48439113120,0.013901
48439113121,0.06576
48439113122,0.042325
48439113206,0.084226
48439113207,0.020558
48439113210,0.068027
48439113212,0.014862
48439113213,0.016422
48439113214,0.013513
48439113215,0.018357
48439113216,0.013806
48439113217,0.025153
48439113218,0.013359
48439113221,0.054162
48439113222,0.038042
48439113223,0.02949
48439113301,0.096876
48439113302,0.04754
48439113403,0.026335
48439113404,0.016788
48439113407,0.09215
48439113408,0.055925
48439113409,0.081659
48439113410,0.090114
48439113509,0.010852
48439113510,0.011969
48439113511,0.039858
48439113512,0.014369
48439113513,0.044354
48439113514,0.041841
48439113516,0.015738
48439113517,0.029879
48439113519,0.020529
48439113520,0.027859
48439113521,0.022678
48439113522,0.015843
48439113607,0.021783
48439113611,0.030762
48439113612,0.019702
48439113613,0.027993
48439113618,0.013306
48439113619,0.045522
48439113622,0.086855
48439113623,0.026501
48439113624,0.011939
48439113625,0.017834
48439113626,0.015182
48439113628,0.057357
48439113629,0.013189
48439113630,0.061061
48439113632,0.021671
48439113633,0.018836
48439113634,0.012093
48439113635,0.064388
48439113636,0.033871
48439113637,0.055764
48439113638,0.022459
48439113639,0.032542
48439113640,0.02297
48439113707,0.037094
48439113709,0.020089
48439113710,0.013224
48439113711,0.06035
48439113712,0.024903
48439113713,0.019575
48439113714,0.017144
48439113715,0.046284
48439113716,0.031407
48439113803,0.069205
48439113808,0.016461
48439113809,0.015903
48439113810,0.012748
48439113811,0.066893
48439113812,0.011687
48439113813,0.0408
48439113814,0.017295
48439113815,0.020722
48439113816,0.020093
48439113906,0.014178
48439113908,0.037293
48439113912,0.0194
48439113916,0.019163
48439113917,0.019905
48439113918,0.076535
48439113919,0.030944
48439113920,0.01411
48439113923,0.016527
48439113924,0.011077
48439113925,0.017746
48439113930,0.014792
48439113931,0.026776
48439113932,0.018574
48439113933,0.043722
48439113934,0.015633
48439113935,0.048106
48439113936,0.030067
48439113937,0.040872
48439113938,0.013123
48439113939,0.013274
48439113940,0.023171
48439113941,0.01666
48439113942,0.022787
48439113943,0.014421
48439113944,0.019862
48439113945,0.023666
48439113946,0.016465
48439113947,0.018924
48439113948,0.015541
48439113949,0.036101
48439113950,0.033887
48439113951,0.016965
48439113952,0.0192
48439113953,0.051905
48439113954,0.023934
48439113955,0.011365
48439113956,0.027612
48439113957,0.021439
48439113958,0.048179
48439114003,0.053433
48439114006,0.025298
48439114009,0.012395
48439114010,0.011012
48439114011,0.020814
48439114012,0.016645
48439114013,0.023293
48439114014,0.012932
48439114015,0.087775
48439114105,0.071138
48439114106,0.038294
48439114107,0.033338
48439114108,0.021352
48439114109,0.013023
48439114110,0.034166
48439114111,0.01742
48439114112,0.016923
48439114113,0.017013
48439114203,0.018349
48439114204,0.040129
48439114205,0.052047
48439114206,0.040844
48439114207,0.035688
48439121605,0.023607
48439121606,0.028931
48439121608,0.014339
48439121609,0.014179
48439121610,0.020257
48439121611,0.019169
48439121612,0.12089
48439121613,0.266544
48439121614,0.087667
48439121615,0.103944
48439121702,0.013291
48439121703,0.014643
48439121704,0.011533
48439121904,0.04502
48439121905,0.019651
48439121906,0.021121
48439121907,0.01401
48439121908,0.070573
48439122001,0.01076
48439122002,0.013089
48439122100,0.020446
48439122200,0.037686
48439122300,0.015503
48439122401,0.023391
48439122402,0.015461
48439122500,0.021405
48439122600,0.028739
48439122701,0.017846
48439122702,0.077657
48439122801,0.034605
48439122802,0.015708
48439122901,0.017204
48439122902,0.053229
48439123001,0.138117
48439123002,0.046765
48439123100,0.06515
48439123200,0.045083
48439123301,0.053858
48439123302,0.067128
48439123500,0.023432
48439123600,0.028199
48439123700,0.014733
48439980000,0.165454
48441010100,0.019714
48441010200,0.035141
48441010300,0.012577
48441010400,0.011128
48441010500,0.016148
48441010600,0.024079
48441010700,0.010562
48441010800,0.093977
48441010900,0.116493
48441011000,0.044591
48441011200,0.033144
48441011300,0.017941
48441011400,0.07923
48441011500,0.012833
48441011600,0.021451
48441011700,0.088418
48441011900,0.055071
48441012000,0.035905
48441012100,0.035135
48441012200,0.07964
48441012300,0.010888
48441012400,0.048095
48441012500,0.015933
48441012600,0.019197
48441012701,0.015112
48441012702,0.062966
48441012801,0.046137
48441012802,0.038768
48441012900,0.020068
48441013000,0.050384
48441013100,0.050569
48441013200,0.073768
48441013300,0.060456
48441013401,0.104586
48441013402,0.046397
48441013404,0.029615
48441013501,0.064297
48441013502,0.058771
48441013601,0.027712
48441013602,0.060227
48441980000,0.195111
48443950100,0.058113
48447950300,0.037749
48449950100,0.063781
48449950200,0.106125
48449950301,0.042075
48449950302,0.077472
48449950400,0.086704
48449950500,0.076641
48449950600,0.059369
48449950700,0.19009
48449950800,0.214926
48451000100,0.107082
48451000200,0.206146
48451000300,0.047201
48451000400,0.038704
48451000700,0.09334
48451000801,0.084804
48451000802,0.010952
48451000900,0.028028
48451001000,0.1415
48451001101,0.068714
48451001102,0.052453
48451001200,0.011743
48451001301,0.016364
48451001303,0.023473
48451001304,0.029014
48451001401,0.054881
48451001402,0.07627
48451001500,0.067712
48451001600,0.035643
48451001702,0.146888
48451001706,0.017669
48451001707,0.035782
48451001708,0.096744
48451001709,0.044678
48451001710,0.021201
48451001800,0.095149
48451980000,0.042691
48453000101,0.042414
48453000102,0.053366
48453000203,0.013079
48453000204,0.013554
48453000205,0.017812
48453000206,0.014769
48453000302,0.015026
48453000304,0.011167
48453000305,0.029703
48453000307,0.046577
48453000308,0.055705
48453000309,0.027011
48453000401,0.028865
48453000402,0.014351
48453000500,0.043578
48453000601,0.009667
48453000605,0.03311
48453000606,0.046454
48453000607,0.010275
48453000608,0.035139
48453000700,0.025962
48453000801,0.101752
48453000802,0.060962
48453000803,0.014816
48453000804,0.039398
48453000901,0.089101
48453000902,0.021159
48453001000,0.017605
48453001101,0.023938
48453001102,0.057184
48453001103,0.027383
48453001200,0.011339
48453001304,0.145689
48453001307,0.01198
48453001308,0.017087
48453001309,0.069306
48453001310,0.119645
48453001311,0.011613
48453001312,0.03026
48453001401,0.017832
48453001402,0.021628
48453001403,0.033752
48453001501,0.011109
48453001503,0.020746
48453001504,0.010959
48453001505,0.017811
48453001602,0.022407
48453001603,0.055123
48453001604,0.033322
48453001605,0.014335
48453001606,0.072811
48453001910,0.103364
48453001911,0.067449
48453001912,0.119505
48453001913,0.153502
48453001914,0.014973
48453001915,0.015022
48453001916,0.01369
48453001917,0.173568
48453001918,0.076585
48453001919,0.020598
48453001920,0.042107
48453001921,0.113017
48453001922,0.129517
48453001923,0.184428
48453002002,0.01312
48453002003,0.010613
48453002004,0.021018
48453002006,0.011877
48453002007,0.023546
48453002104,0.028669
48453002105,0.014771
48453002106,0.036702
48453002107,0.014027
48453002108,0.021713
48453002109,0.020493
48453002110,0.086568
48453002111,0.046513
48453002112,0.016963
48453002113,0.009698
48453002201,0.018508
48453002211,0.015249
48453002213,0.022086
48453002214,0.038557
48453002215,0.047707
48453002216,0.02315
48453002217,0.168469
48453002218,0.213586
48453002219,0.052566
48453002220,0.041643
48453002221,0.015687
48453002222,0.018088
48453002304,0.021685
48453002307,0.024703
48453002310,0.121799
48453002313,0.022884
48453002314,0.010866
48453002315,0.017959
48453002316,0.018592
48453002319,0.115076
48453002320,0.029805
48453002321,0.03531
48453002322,0.025196
48453002323,0.01495
48453002324,0.017324
48453002325,0.036604
48453002326,0.114412
48453002327,0.018048
48453002403,0.01533
48453002407,0.019984
48453002409,0.013503
48453002410,0.014859
48453002411,0.018066
48453002412,0.015342
48453002413,0.061482
48453002419,0.010017
48453002422,0.049244
48453002423,0.014281
48453002424,0.030441
48453002430,0.011579
48453002432,0.044744
48453002434,0.158553
48453002436,0.165201
48453002437,0.043325
48453002438,0.014599
48453002439,0.012885
48453002440,0.01329
48453002441,0.013136
48453002442,0.017086
48453002443,0.042864
48453002444,0.034071
48453002445,0.013812
48453002446,0.019969
48453002447,0.034821
48453002448,0.018937
48453002449,0.042837
48453002450,0.102273
48453002451,0.03312
48453002452,0.075331
48453002453,0.106705
48453002500,0.028771
48453030000,0.088901
48453030100,0.060365
48453030200,0.023128
48453030300,0.011506
48453030400,0.017415
48453030500,0.019687
48453030600,0.023386
48453030700,0.017208
48453030800,0.014244
48453030900,0.018776
48453031000,0.01678
48453031100,0.179714
48453031200,0.019191
48453031300,0.020048
48453031400,0.020451
48453031500,0.013403
48453031600,0.030616
48453031700,0.01061
48453031800,0.020426
48453031900,0.021576
48453032000,0.018819
48453032100,0.013368
48453032200,0.018765
48453032300,0.03016
48453032400,0.016476
48453032500,0.028419
48453032600,0.011749
48453032700,0.014896
48453032800,0.209131
48453032900,0.024071
48453033000,0.096771
48453033100,0.077044
48453033200,0.029745
48453033300,0.017041
48453033400,0.028292
48453033500,0.026817
48453033600,0.080099
48453033700,0.012189
48453033800,0.018136
48453033900,0.019342
48453034000,0.089728
48453034100,0.011961
48453034200,0.024257
48453034300,0.013734
48453034400,0.011387
48453034500,0.023835
48453034600,0.038562
48453034700,0.027679
48453034800,0.0179
48453034900,0.022341
48453035000,0.01783
48453035100,0.020358
48453035200,0.056533
48453035300,0.2686
48453035400,0.048448
48453035500,0.009836
48453035600,0.129598
48453035700,0.032742
48453035800,0.025345
48453035900,0.052717
48453036000,0.019944
48453036100,0.038362
48453036200,0.015456
48453036300,0.062299
48453036400,0.142413
48453036500,0.158041
48453036600,0.122622
48453036700,0.129364
48453036800,0.095021
48453036900,0.036314
48453037000,0.147322
48453037100,0.117209
48453037200,0.011409
48453037300,0.025194
48453037400,0.076925
48453037500,0.055018
48453037600,0.018206
48453040000,0.020737
48453040100,0.059249
48453040200,0.00987
48453040300,0.028228
48453040400,0.020208
48453040500,0.012383
48453040600,0.04902
48453040700,0.021121
48453040800,0.011504
48453040900,0.178522
48453041000,0.146417
48453041100,0.191556
48453041200,0.023158
48453041300,0.012107
48453041400,0.022356
48453041500,0.048813
48453041600,0.040921
48453041700,0.041682
48453041800,0.015858
48453041900,0.055256
48453042000,0.019
48453042100,0.020369
48453042200,0.021314
48453042300,0.036865
48453042400,0.028749
48453042500,0.013601
48453042600,0.019105
48453042700,0.01006
48453042800,0.013804
48453042900,0.01253
48453043000,0.016779
48453043100,0.070236
48453043200,0.197099
48453043300,0.01622
48453043400,0.018636
48453043500,0.039433
48453043600,0.015842
48453043700,0.081104
48453043800,0.012397
48453043900,0.010164
48453044000,0.012856
48453044100,0.011917
48453044200,0.013334
48453044300,0.015098
48453044400,0.017811
48453044500,0.01584
48453044600,0.009866
48453044700,0.014056
48453044800,0.029016
48453044900,0.059521
48453045000,0.011387
48453045100,0.044303
48453045200,0.022455
48453045300,0.013253
48453045400,0.03326
48453045500,0.021649
48453045600,0.071865
48453045700,0.049981
48453045800,0.173265
48453045900,0.160231
48453046000,0.064279
48453046100,0.035465
48453046200,0.057047
48453046300,0.046326
48453046400,0.010751
48453046500,0.022788
48453046600,0.019215
48453046700,0.05275
48453046800,0.014686
48453046900,0.010277
48453047000,0.028703
48453980000,0.103475
48455950100,0.103301
48455950200,0.035313
48455950300,0.124699
48455950400,0.047738
48455950500,0.06291
48459950101,0.048892
48459950102,0.135915
48459950200,0.036192
48459950301,0.083631
48459950302,0.028768
48459950400,0.177516
48459950501,0.053837
48459950502,0.040951
48459950600,0.042289
48459950700,0.081412
48461950100,0.048973
48463950100,0.076308
48463950201,0.113578
48463950202,0.035787
48463950300,0.114096
48463950400,0.115077
48463950500,0.119831
48465950202,0.092439
48465950203,0.129997
48465950301,0.036684
48465950302,0.096402
48465950400,0.127332
48465950501,0.1086
48465950502,0.073277
48465950601,0.256476
48465950602,0.158615
48465950701,0.112578
48465950702,0.121888
48465950801,0.193976
48465950802,0.142879
48465980000,0.063236
48467950100,0.032971
48467950200,0.042844
48467950300,0.046933
48467950400,0.028436
48467950500,0.021352
48467950601,0.099697
48467950602,0.052623
48467950700,0.077678
48467950801,0.028386
48467950802,0.073784
48467950901,0.03223
48467950902,0.154558
48467951001,0.019739
48467951002,0.024912
48469000100,0.183736
48469000201,0.177368
48469000202,0.024676
48469000301,0.161916
48469000302,0.148341
48469000400,0.144391
48469000501,0.07433
48469000502,0.038281
48469000601,0.073963
48469000602,0.033317
48469000700,0.019625
48469000800,0.039397
48469001300,0.140151
48469001401,0.109569
48469001402,0.020065
48469001501,0.095103
48469001503,0.091681
48469001504,0.100173
48469001601,0.014689
48469001604,0.009663
48469001605,0.079528
48469001607,0.072348
48469001608,0.017599
48469001700,0.036346
48469980000,0.306159
48471790101,0.020415
48471790102,0.06626
48471790103,0.059204
48471790200,0.056751
48471790301,0.031565
48471790302,0.034682
48471790401,0.127669
48471790402,0.045304
48471790500,0.082705
48471790600,0.059765
48471790700,0.043987
48471790800,0.038115
48473680100,0.046313
48473680201,0.022014
48473680202,0.049419
48473680301,0.018831
48473680302,0.055556
48473680303,0.033941
48473680501,0.029376
48473680502,0.064588
48473680601,0.144473
48473680602,0.023043
48473980000,0.035736
48477170100,0.083895
48477170201,0.102704
48477170202,0.134728
48477170300,0.064686
48477170400,0.073691
48477170501,0.050602
48477170502,0.062961
48477170601,0.061724
48477170602,0.203451
48479000101,0.048718
48479000105,0.07473
48479000106,0.053873
48479000107,0.038207
48479000108,0.012176
48479000109,0.141008
48479000200,0.047762
48479000300,0.029287
48479000601,0.015141
48479000602,0.044287
48479000700,0.038707
48479000800,0.010527
48479000901,0.026028
48479000903,0.026559
48479000904,0.009553
48479001001,0.009955
48479001003,0.024746
48479001004,0.020043
48479001101,0.03921
48479001103,0.116066
48479001104,0.026086
48479001105,0.136315
48479001201,0.017462
48479001202,0.025233
48479001300,0.035257
48479001401,0.033056
48479001402,0.021413
48479001501,0.108232
48479001502,0.031953
48479001601,0.014751
48479001602,0.015619
48479001706,0.037241
48479001709,0.012853
48479001710,0.151353
48479001711,0.026973
48479001714,0.075255
48479001715,0.060696
48479001716,0.010406
48479001717,0.073361
48479001718,0.012648
48479001719,0.012422
48479001720,0.049971
48479001721,0.029837
48479001722,0.013544
48479001723,0.013205
48479001724,0.054226
48479001725,0.013142
48479001726,0.02884
48479001727,0.011431
48479001806,0.025137
48479001809,0.079776
48479001810,0.201323
48479001811,0.073075
48479001813,0.226141
48479001815,0.034367
48479001816,0.155055
48479001818,0.182831
48479001819,0.142173
48479001820,0.129199
48479001821,0.010362
48479001822,0.010374
48479001823,0.010241
48479001824,0.059863
48479001825,0.022152
48479001826,0.066221
48479001827,0.099464
48479001828,0.012327
48479001900,0.013797
48479980000,0.06931
48481740100,0.01408
48481740200,0.063066
48481740300,0.026702
48481740400,0.078878
48481740500,0.014664
48481740600,0.062224
48481740700,0.061126
48481740800,0.072434
48481740901,0.031989
48481740902,0.133243
48481741000,0.032914
48481741100,0.089681
48489950300,0.143567
48489950400,0.029232
48489950500,0.022952
48489950600,0.079282
48489950700,0.036999
48491020106,0.064553
48491020108,0.034686
48491020109,0.032231
48491020111,0.029667
48491020113,0.045083
48491020114,0.041061
48491020115,0.020824
48491020116,0.077549
48491020117,0.198091
48491020118,0.04021
48491020119,0.017276
48491020120,0.058899
48491020121,0.073117
48491020122,0.151109
48491020123,0.08957
48491020124,0.149226
48491020201,0.024512
48491020203,0.013132
48491020205,0.026491
48491020206,0.112163
48491020207,0.154178
48491020208,0.260242
48491020310,0.012715
48491020311,0.037504
48491020319,0.011194
48491020321,0.134023
48491020323,0.010999
48491020325,0.070621
48491020326,0.030853
48491020327,0.073597
48491020329,0.077797
48491020330,0.051914
48491020331,0.047475
48491020332,0.079488
48491020333,0.011891
48491020334,0.011282
48491020335,0.013463
48491020336,0.012203
48491020337,0.0414
48491020338,0.016205
48491020339,0.014584
48491020340,0.012951
48491020341,0.01531
48491020342,0.187026
48491020343,0.013047
48491020344,0.129084
48491020345,0.013205
48491020346,0.015315
48491020347,0.012517
48491020348,0.02023
48491020349,0.034543
48491020350,0.009459
48491020351,0.016588
48491020352,0.027707
48491020353,0.020328
48491020354,0.011481
48491020355,0.044038
48491020356,0.026598
48491020403,0.011129
48491020404,0.010204
48491020405,0.015664
48491020406,0.019875
48491020408,0.033545
48491020409,0.043528
48491020410,0.010461
48491020411,0.022299
48491020503,0.031859
48491020505,0.036734
48491020507,0.019862
48491020508,0.033393
48491020509,0.024401
48491020511,0.021866
48491020512,0.046994
48491020513,0.052486
48491020514,0.017279
48491020515,0.023887
48491020516,0.012284
48491020517,0.031235
48491020602,0.024601
48491020604,0.01605
48491020606,0.016888
48491020607,0.02832
48491020608,0.011582
48491020609,0.020141
48491020701,0.030877
48491020704,0.012841
48491020706,0.030955
48491020707,0.012241
48491020709,0.0202
48491020710,0.085089
48491020711,0.085762
48491020712,0.012115
48491020713,0.016882
48491020808,0.048622
48491020810,0.035955
48491020811,0.014981
48491020812,0.029639
48491020813,0.018508
48491020814,0.023808
48491020815,0.033843
48491020816,0.112611
48491020817,0.145563
48491020818,0.1508
48491020819,0.039789
48491020820,0.016515
48491020821,0.018044
48491020822,0.116894
48491020900,0.019783
48491021000,0.138511
48491021100,0.017737
48491021201,0.040793
48491021202,0.124036
48491021203,0.188057
48491021300,0.040802
48491021402,0.051349
48491021404,0.158244
48491021405,0.043192
48491021406,0.064703
48491021407,0.032958
48491021502,0.03255
48491021503,0.053015
48491021506,0.045545
48491021509,0.01627
48491021510,0.01832
48491021511,0.043295
48491021512,0.04779
48491021513,0.017268
48491021514,0.010993
48491021515,0.037082
48491021516,0.013492
48491021517,0.026266
48491021518,0.009988
48491021601,0.034601
48491021602,0.079703
48491021603,0.024969
48493000102,0.076883
48493000103,0.012159
48493000104,0.084364
48493000201,0.081472
48493000202,0.025878
48493000300,0.145645
48493000402,0.126084
48493000404,0.136592
48493000405,0.024095
48493000406,0.125044
48493000500,0.145851
48493000600,0.025922
48497150101,0.03305
48497150103,0.149544
48497150104,0.032291
48497150201,0.10722
48497150202,0.093115
48497150300,0.028226
48497150402,0.050212
48497150403,0.033079
48497150404,0.080354
48497150405,0.109551
48497150500,0.100105
48497150603,0.048031
48497150604,0.053271
48497150605,0.032253
48497150606,0.099184
48497150607,0.104261
48499950100,0.04582
48499950200,0.051459
48499950301,0.036141
48499950303,0.075092
48499950304,0.071036
48499950401,0.086359
48499950402,0.184465
48499950500,0.056838
48499950601,0.027199
48499950602,0.051078
48499950700,0.036393
48499950800,0.126324
48503950200,0.038815
48503950401,0.174332
48503950402,0.049592
48503950500,0.09239
48503950600,0.090939
48505950303,0.206246
48505950304,0.167844
48505950305,0.204602
48505950306,0.255997
48505950401,0.179978
48505950402,0.127299
48507950100,0.148029
48507950200,0.154301
48507950301,0.099898
48507950302,0.103662
53001950100,0.080953
53001950200,0.184402
53001950301,0.058587
53001950302,0.093905
53001950303,0.203344
53001950400,0.078273
53001950500,0.020343
53003960100,0.094631
53003960200,0.061093
53005010100,0.117447
53005010201,0.104866
53005010203,0.011694
53005010204,0.091544
53005010300,0.139271
53005010400,0.011752
53005010500,0.111532
53005010600,0.037948
53005010701,0.04327
53005010703,0.110537
53005010705,0.018603
53005010707,0.015125
53005010708,0.134661
53005010807,0.047442
53005010809,0.029704
53005010810,0.012076
53005010811,0.03692
53005010814,0.051528
53005010815,0.022046
53005010816,0.027104
53005010817,0.012015
53005010818,0.017136
53005010819,0.026971
53005010820,0.032426
53005010901,0.027696
53005010902,0.01633
53005011001,0.04465
53005011002,0.045674
53005011100,0.032527
53005011201,0.010345
53005011202,0.042751
53005011300,0.06196
53005011401,0.014534
53005011402,0.035893
53005011501,0.143741
53005011504,0.015055
53005011505,0.123479
53005011506,0.156117
53005011600,0.10121
53005011701,0.021834
53005011702,0.033583
53005011801,0.036669
53005011802,0.058755
53005011900,0.035121
53005012000,0.068041
53007960100,0.10985
53007960201,0.095217
53007960202,0.076229
53007960203,0.085103
53007960301,0.132677
53007960302,0.080703
53007960303,0.128361
53007960400,0.098282
53007960501,0.044836
53007960502,0.088179
53007960600,0.149579
53007960700,0.037704
53007960801,0.014367
53007960803,0.016796
53007960804,0.081415
53007961001,0.0113
53007961002,0.088525
53007961101,0.013381
53007961102,0.012658
53007961200,0.043319
53007961301,0.018355
53007961303,0.010016
53007961304,0.014196
53013960200,0.042217
53017950101,0.099876
53017950102,0.14098
53017950200,0.096484
53017950300,0.039948
53017950400,0.037023
53017950500,0.022223
53017950600,0.012172
53017950700,0.010247
53017950800,0.015814
53019940000,0.041744
53019970100,0.100372
53019970200,0.087135
53021020101,0.139022
53021020102,0.07754
53021020103,0.034355
53021020201,0.012154
53021020202,0.011643
53021020300,0.023429
53021020401,0.026317
53021020402,0.018774
53021020403,0.011931
53021020404,0.028927
53021020501,0.048644
53021020503,0.025636
53021020504,0.015489
53021020603,0.010649
53021020605,0.024419
53021020606,0.017689
53021020607,0.011566
53021020608,0.028099
53021020700,0.180516
53021020801,0.114659
53021020802,0.159767
53021980100,0.019039
53023970300,0.074876
53025010100,0.138825
53025010200,0.036943
53025010300,0.15266
53025010401,0.177027
53025010402,0.082515
53025010500,0.065684
53025010600,0.144412
53025010700,0.106559
53025010800,0.029014
53025010901,0.044401
53025010903,0.021072
53025010904,0.012112
53025011001,0.056207
53025011002,0.03161
53025011101,0.05316
53025011102,0.080368
53025011200,0.053595
53025011300,0.084552
53025011401,0.195607
53025011403,0.024746
53025011404,0.169552
53025011405,0.247817
53025011406,0.080715
53033031502,0.129353
53033032706,0.049642
53033032800,0.093745
53037975101,0.084943
53037975102,0.036736
53037975103,0.069429
53037975104,0.087157
53037975201,0.063893
53037975202,0.036407
53037975203,0.194585
53037975300,0.078411
53037975402,0.064861
53037975403,0.012158
53037975404,0.043469
53037975500,0.062205
53037975600,0.072858
53037975700,0.103316
53039950101,0.075676
53039950102,0.097251
53039950103,0.171861
53039950200,0.089827
53039950302,0.072972
53041972000,0.070416
53043960100,0.156465
53043960200,0.115434
53043960300,0.080946
53043960400,0.100988
53047940100,0.140009
53047940200,0.118185
53047970301,0.029072
53047970302,0.166387
53047970303,0.149453
53047970400,0.068133
53047970500,0.139729
53047970601,0.111311
53047970602,0.165982
53047970700,0.079393
53047970800,0.041681
53047970900,0.105284
53047971000,0.112798
53051970100,0.106082
53051970200,0.091841
53051970300,0.059236
53051970400,0.053335
53051970500,0.077641
53053070100,0.087922
53057951101,0.148864
53057951102,0.085114
53057951200,0.036512
53059950100,0.071915
53059950400,0.125146
53061053606,0.024181
53061053700,0.040094
53061053801,0.048197
53061053803,0.047647
53063000201,0.03183
53063000202,0.044617
53063000301,0.015884
53063000302,0.028021
53063000400,0.026221
53063000500,0.091976
53063000600,0.014612
53063000700,0.025805
53063000800,0.081501
53063000900,0.02139
53063001000,0.020415
53063001100,0.011511
53063001200,0.07992
53063001300,0.062783
53063001400,0.038239
53063001500,0.066545
53063001600,0.010574
53063001800,0.127564
53063001900,0.021555
53063002000,0.057669
53063002100,0.08608
53063002300,0.015943
53063002400,0.01979
53063002501,0.029332
53063002502,0.021948
53063002503,0.052661
53063002600,0.019297
53063002900,0.009744
53063003000,0.01481
53063003100,0.020198
53063003200,0.012341
53063003500,0.03252
53063003601,0.019373
53063003602,0.020074
53063003800,0.024198
53063003900,0.034899
53063004001,0.024885
53063004002,0.020209
53063004100,0.016964
53063004200,0.015903
53063004300,0.013009
53063004400,0.024962
53063004500,0.016365
53063004601,0.040287
53063004602,0.012046
53063004701,0.014513
53063004702,0.029667
53063004800,0.011949
53063004900,0.055094
53063005000,0.019747
53063010101,0.12393
53063010102,0.276627
53063010201,0.080832
53063010203,0.027844
53063010204,0.05533
53063010301,0.019421
53063010303,0.052929
53063010304,0.062968
53063010305,0.149284
53063010401,0.079884
53063010403,0.077903
53063010404,0.020147
53063010504,0.188959
53063010505,0.136896
53063010506,0.016674
53063010507,0.095219
53063010508,0.046559
53063010601,0.143437
53063010603,0.036011
53063010604,0.015574
53063010701,0.044851
53063010702,0.01013
53063010800,0.07724
53063010901,0.068453
53063010902,0.015203
53063011000,0.034059
53063011102,0.029213
53063011103,0.0402
53063011104,0.019517
53063011202,0.032047
53063011203,0.019028
53063011204,0.034014
53063011301,0.012332
53063011302,0.037168
53063011400,0.018144
53063011500,0.276853
53063011600,0.150011
53063011701,0.082796
53063011702,0.062067
53063011800,0.097547
53063011900,0.109543
53063012000,0.030792
53063012100,0.039858
53063012200,0.04196
53063012300,0.112778
53063012401,0.040324
53063012402,0.083032
53063012500,0.083278
53063012600,0.198358
53063012701,0.216776
53063012702,0.239767
53063012801,0.109494
53063012802,0.011276
53063012901,0.023817
53063012902,0.010994
53063013001,0.012208
53063013002,0.032085
53063013003,0.012694
53063013101,0.016517
53063013102,0.070255
53063013201,0.048583
53063013300,0.078769
53063013401,0.027105
53063013501,0.072238
53063013502,0.051601
53063013503,0.041902
53063013600,0.021494
53063013700,0.022
53063013800,0.256589
53063013900,0.076776
53063014001,0.107521
53063014002,0.084847
53063014100,0.063925
53063014200,0.077227
53063014300,0.03681
53063014400,0.02123
53063014500,0.048017
53065941000,0.155804
53065950101,0.141519
53065950102,0.107099
53065950200,0.039329
53065950300,0.146752
53065950500,0.11547
53065950600,0.127056
53065950700,0.169404
53065950800,0.118855
53065950900,0.054491
53065951100,0.066791
53065951301,0.064666
53065951302,0.334216
53065951401,0.073092
53065951402,0.031094
53071920000,0.074369
53071920100,0.053593
53071920200,0.015881
53071920302,0.012039
53071920400,0.087137
53071920500,0.034326
53071920600,0.023943
53071920701,0.028137
53071920702,0.013036
53071920801,0.016548
53071920802,0.056222
53071920901,0.014255
53073010103,0.156482
53075000100,0.118634
53075000201,0.137512
53075000202,0.183494
53075000300,0.099428
53075000400,0.246917
53075000500,0.146965
53075000601,0.059488
53075000602,0.130488
53075000700,0.057535
53075000800,0.051912
53075000900,0.059138
53075001000,0.153877
53077000100,0.021564
53077000200,0.011708
53077000301,0.051706
53077000302,0.031802
53077000401,0.014132
53077000402,0.027791
53077000500,0.015203
53077000600,0.011311
53077000700,0.021977
53077000800,0.013612
53077000902,0.012718
53077000903,0.016234
53077000904,0.012847
53077001000,0.013128
53077001100,0.017737
53077001201,0.010584
53077001202,0.02742
53077001300,0.046341
53077001400,0.016193
53077001502,0.019109
53077001503,0.016333
53077001504,0.021553
53077001601,0.046788
53077001602,0.034252
53077001701,0.128027
53077001702,0.014984
53077001801,0.066724
53077001802,0.149915
53077001901,0.052974
53077001902,0.017587
53077002003,0.013973
53077002004,0.056245
53077002005,0.031903
53077002006,0.022575
53077002101,0.113864
53077002103,0.023056
53077002104,0.013404
53077002201,0.020438
53077002202,0.064325
53077002701,0.029202
53077002801,0.023841
53077002803,0.017728
53077002804,0.014194
53077002900,0.022618
53077003002,0.023307
53077003003,0.09459
53077003004,0.090657
53077003100,0.062795
53077003200,0.03218
53077003400,0.023682
53077940001,0.021506
53077940002,0.033725
53077940003,0.124728
53077940005,0.084809
53077940006,0.013418
53077940007,0.017913
53077940008,0.02849
