GEOID,coverage_gap_score
40001376600,0.093028
40001376700,0.094005
40001376800,0.149356
40001376900,0.157928
40001377000,0.13556
40003955600,0.117286
40003955700,0.103365
40003956000,0.101114
40005587600,0.1388
40005587700,0.163243
40005587800,0.127373
40005587900,0.054489
40009966100,0.172626
40009966200,0.215515
40009966800,0.151371
40011958600,0.208883
40011958700,0.199206
40011958800,0.118575
40011958900,0.165785
40011959000,0.146786
40013795600,0.124142
40013795700,0.087496
40013795900,0.065319
40013796002,0.11755
40013796003,0.107488
40013796004,0.389899
40013796101,0.116446
40013796102,0.140117
40013796200,0.170961
40013796300,0.078415
40013796400,0.113632
40013796500,0.132125
40013796600,0.097279
40015161601,0.146984
40015161602,0.152746
40015161700,0.145361
40015161800,0.113034
40015161900,0.086911
40015162000,0.135466
40015162101,0.207722
40015162102,0.206153
40015162200,0.133887
40015162300,0.134116
40017300100,0.218936
40017300201,0.143599
40017300202,0.181674
40017300300,0.248621
40017300400,0.238677
40017300500,0.238952
40017300600,0.170423
40017300701,0.123541
40017300702,0.081151
40017300802,0.282568
40017300803,0.162213
40017300804,0.268234
40017300805,0.175696
40017300806,0.153085
40017300901,0.145983
40017300902,0.146562
40017300904,0.097734
40017300905,0.063781
40017301001,0.056656
40017301003,0.17298
40017301006,0.034931
40017301010,0.247683
40017301011,0.153086
40017301012,0.069081
40017301013,0.044604
40017301014,0.07641
40017301015,0.053037
40017301100,0.078649
40017301201,0.234396
40017301202,0.19986
40017301301,0.157128
40017301302,0.180273
40017301406,0.139589
40017301407,0.208713
40017301408,0.217721
40017301409,0.269857
40017301410,0.197645
40019892100,0.1253
40019892200,0.168441
40019892301,0.183022
40019892302,0.173719
40019892400,0.141498
40019892501,0.209845
40019892502,0.114261
40019892601,0.249476
40019892602,0.193038
40019892700,0.143231
40019892801,0.022925
40019892802,0.209333
40019892900,0.056666
40019893001,0.180398
40019893002,0.138157
40019893100,0.073719
40021977600,0.167112
40021977701,0.158889
40021977702,0.197686
40021977801,0.116117
40021977802,0.110736
40021977901,0.238165
40021977902,0.058131
40021978000,0.11271
40021978100,0.16047
40021978201,0.128371
40021978202,0.077381
40021978301,0.134213
40021978302,0.231387
40023966900,0.123037
40023967000,0.119715
40023967100,0.179815
40023967200,0.188945
40023967300,0.158224
40027200100,0.032947
40027200200,0.041137
40027200300,0.019722
40027200400,0.019294
40027200500,0.025095
40027200602,0.056462
40027200603,0.023093
40027200604,0.214358
40027200700,0.211928
40027200800,0.150136
40027200900,0.02828
40027201000,0.055979
40027201102,0.024026
40027201103,0.066418
40027201104,0.116375
40027201201,0.023905
40027201202,0.022053
40027201204,0.016254
40027201205,0.057812
40027201302,0.174747
40027201303,0.067208
40027201403,0.127002
40027201404,0.140381
40027201405,0.077684
40027201505,0.070874
40027201508,0.025282
40027201509,0.029362
40027201511,0.010856
40027201512,0.059476
40027201513,0.095509
40027201514,0.027367
40027201602,0.208829
40027201603,0.093565
40027201604,0.08327
40027201607,0.03098
40027201609,0.073095
40027201610,0.111727
40027201611,0.026209
40027201612,0.086243
40027201700,0.096083
40027201801,0.017692
40027201802,0.021717
40027201902,0.031224
40027201903,0.059292
40027201904,0.06166
40027202002,0.018576
40027202004,0.03729
40027202005,0.017786
40027202006,0.038818
40027202007,0.178256
40027202008,0.01442
40027202102,0.049827
40027202104,0.030392
40027202105,0.132855
40027202106,0.103857
40027202107,0.218941
40027202201,0.170026
40027202203,0.104345
40027202205,0.016823
40027202207,0.049323
40027202208,0.060735
40027202301,0.223591
40027202302,0.057784
40027202403,0.150463
40027202404,0.193167
40027202405,0.103786
40027202406,0.059009
40027202407,0.26868
40027202501,0.18049
40027202502,0.16658
40027202600,0.151621
40029388100,0.116715
40029388200,0.181217
40031000100,0.119344
40031000200,0.144162
40031000300,0.061116
40031000402,0.096719
40031000403,0.015128
40031000404,0.02149
40031000405,0.092477
40031000503,0.020214
40031000504,0.018174
40031000505,0.028821
40031000506,0.067806
40031000600,0.026721
40031000700,0.012737
40031000800,0.025443
40031000900,0.014481
40031001000,0.019698
40031001100,0.016415
40031001400,0.022626
40031001500,0.021849
40031001600,0.019481
40031001700,0.030564
40031001901,0.076591
40031001902,0.165474
40031002001,0.021052
40031002003,0.18811
40031002004,0.184803
40031002005,0.082283
40031002101,0.118646
40031002102,0.120445
40031002201,0.110992
40031002202,0.154187
40031002301,0.090921
40031002302,0.059849
40031002401,0.235786
40031002403,0.179885
40031002405,0.122585
40031002406,0.034815
40031002500,0.025307
40033871100,0.116039
40033871200,0.202078
40035373100,0.067924
40035373200,0.131105
40035373300,0.163815
40035373400,0.142602
40035373500,0.123503
40037020101,0.212312
40037020102,0.201658
40037020103,0.143957
40037020602,0.122648
40037020603,0.165819
40037020604,0.043011
40037020702,0.132516
40037020704,0.214779
40037020705,0.23113
40037020706,0.138151
40037020707,0.249235
40037020800,0.097927
40037020900,0.160832
40037021000,0.171536
40037021101,0.118355
40037021102,0.0988
40037021201,0.178001
40037021202,0.230846
40037021300,0.20217
40037021401,0.171996
40037021402,0.203753
40037021500,0.105909
40037021600,0.273082
40039950800,0.189467
40039960401,0.1743
40039960402,0.14427
40039960600,0.1691
40039960701,0.124716
40039960702,0.330179
40039961000,0.125508
40041375601,0.163481
40041375602,0.273094
40041375701,0.205224
40041375702,0.174532
40041375803,0.075758
40041375804,0.227343
40041375805,0.389494
40041375806,0.170226
40041375901,0.204037
40041375902,0.118998
40041376000,0.173786
40041376100,0.15277
40041976200,0.160006
40043959100,0.143167
40043959200,0.184535
40043959300,0.150716
40045952600,0.151253
40045952800,0.178164
40047000101,0.058498
40047000102,0.101341
40047000200,0.213789
40047000601,0.202923
40047000602,0.263623
40047000701,0.019738
40047000702,0.113505
40047001100,0.12406
40047001200,0.089131
40047001301,0.155216
40047001302,0.153478
40047001401,0.205651
40047001402,0.240457
40047001500,0.200791
40047001602,0.156335
40047001603,0.168335
40047001604,0.186635
40049681100,0.158617
40049681200,0.15373
40049681300,0.164576
40049681400,0.195531
40049681500,0.136387
40049681600,0.089651
40049681700,0.200191
40049681800,0.140059
40049681900,0.14727
40051000100,0.200039
40051000400,0.070939
40051000501,0.030692
40051000502,0.178102
40051000600,0.134668
40051000701,0.092208
40051000702,0.136288
40051000801,0.164057
40051000802,0.152021
40051000901,0.118237
40051000902,0.162752
40051000904,0.335943
40051000905,0.193753
40051000906,0.134319
40051001000,0.201011
40053956400,0.183301
40053956500,0.094569
40055967100,0.196689
40055967200,0.15124
40059952100,0.129082
40059952200,0.116053
40061279100,0.093523
40061279200,0.166863
40061279300,0.118891
40061279400,0.118536
40063484600,0.115508
40063484700,0.122887
40063484800,0.169295
40063484900,0.179988
40063485000,0.168412
40065968100,0.112762
40065968200,0.150074
40065968300,0.171482
40065968400,0.149167
40065968500,0.123362
40065968600,0.195063
40065968700,0.233604
40065968800,0.27989
40067371600,0.157644
40067371700,0.131245
40067371800,0.136246
40069660198,0.137641
40069660201,0.159814
40069660202,0.349698
40069660300,0.164735
40071000100,0.031921
40071000201,0.111939
40071000202,0.118956
40071000300,0.067479
40071000400,0.175168
40071000500,0.109503
40071000600,0.133214
40071001100,0.176063
40071001200,0.197912
40071001301,0.241361
40071001302,0.1647
40073958100,0.152061
40073958200,0.071945
40073958300,0.110641
40073958400,0.075276
40075963600,0.122172
40075963700,0.121311
40075964200,0.10946
40077087100,0.13115
40077087200,0.133017
40077087300,0.133338
40079040102,0.117613
40079040198,0.130663
40079040299,0.092572
40079040301,0.08682
40079040302,0.05842
40079040303,0.069575
40079040401,0.137442
40079040402,0.157273
40079040500,0.096821
40079040601,0.124353
40079040602,0.13175
40079040700,0.157614
40081961100,0.144502
40081961200,0.07321
40081961300,0.093706
40081961401,0.125779
40081961402,0.059675
40081961500,0.178437
40081961600,0.090211
40081961700,0.116931
40083600101,0.132849
40083600200,0.185369
40083600300,0.184375
40083600401,0.126232
40083600402,0.081461
40083600501,0.126389
40083600502,0.182187
40083600600,0.136581
40083600700,0.179992
40083600801,0.049006
40083600802,0.145144
40083600903,0.133684
40083601000,0.163051
40085094100,0.202064
40085094200,0.145549
40085094300,0.215248
40087400103,0.123931
40087400104,0.154671
40087400105,0.157241
40087400106,0.196876
40087400201,0.117363
40087400203,0.113511
40087400204,0.141319
40087400300,0.191735
40087400400,0.133516
40089098200,0.083733
40089098300,0.196303
40089098400,0.116994
40089098501,0.173835
40089098502,0.158397
40089098600,0.110902
40089098700,0.150702
40089098800,0.183464
40089098900,0.185901
40091779601,0.247544
40091779602,0.16477
40091779700,0.11724
40091779900,0.154827
40091780100,0.188933
40091780200,0.143226
40091780301,0.152675
40091780302,0.145419
40093955100,0.130084
40093955200,0.116779
40093955300,0.150444
40095094698,0.184005
40095094700,0.157952
40095094803,0.159965
40095094804,0.387583
40095094805,0.230902
40095094806,0.318517
40097040100,0.165242
40097040200,0.180689
40097040300,0.114264
40097040400,0.119432
40097040501,0.209877
40097040502,0.168954
40097040600,0.09561
40097040700,0.109464
40097040801,0.192995
40097040802,0.105502
40099790600,0.148945
40099790701,0.121619
40099790702,0.195135
40099790801,0.214364
40099790802,0.259956
40101000100,0.163923
40101000200,0.191891
40101000300,0.170183
40101000400,0.165548
40101000600,0.166387
40101000700,0.078207
40101000801,0.024802
40101000802,0.154126
40101000901,0.149714
40101000902,0.03256
40101001000,0.18143
40101001100,0.074383
40101001200,0.160315
40101001301,0.141486
40101001302,0.171876
40101001401,0.177834
40101001402,0.081641
40101001501,0.12199
40101001502,0.086007
40101001600,0.138943
40103956600,0.153421
40103956900,0.209357
40103957000,0.209802
40103957100,0.180087
40105172100,0.101693
40105172200,0.073736
40105172300,0.151727
40105172400,0.122367
40107080600,0.135767
40107080700,0.111661
40107080900,0.160709
40107081000,0.135
40109100100,0.017361
40109100201,0.014454
40109100202,0.148821
40109100203,0.018007
40109100300,0.048286
40109100400,0.015699
40109100500,0.122174
40109100800,0.090725
40109100900,0.011929
40109101000,0.074108
40109101100,0.176115
40109101200,0.091461
40109101300,0.051539
40109101400,0.01838
40109101500,0.027049
40109101800,0.206962
40109101900,0.016082
40109102000,0.076708
40109102100,0.030418
40109102200,0.037268
40109102300,0.030273
40109102400,0.046286
40109102500,0.056678
40109103200,0.042152
40109103300,0.018629
40109103900,0.020035
40109104100,0.013883
40109104200,0.037155
40109104300,0.072216
40109104400,0.023947
40109104500,0.01576
40109104600,0.012145
40109104700,0.022296
40109104800,0.053336
40109104900,0.023372
40109105000,0.022151
40109105101,0.041904
40109105201,0.032816
40109105202,0.013709
40109105300,0.096416
40109105400,0.05913
40109105500,0.025309
40109105600,0.048883
40109105903,0.059004
40109105904,0.057662
40109105905,0.052424
40109105906,0.020149
40109105907,0.044921
40109106000,0.040744
40109106100,0.051556
40109106200,0.066163
40109106301,0.013889
40109106302,0.039759
40109106303,0.016924
40109106401,0.046012
40109106402,0.055484
40109106403,0.030963
40109106501,0.024522
40109106502,0.057573
40109106503,0.02793
40109106601,0.095102
40109106602,0.113799
40109106606,0.047418
40109106607,0.027381
40109106608,0.096434
40109106609,0.106649
40109106610,0.0164
40109106611,0.026714
40109106702,0.017822
40109106704,0.105191
40109106705,0.127498
40109106706,0.023209
40109106708,0.023193
40109106709,0.026773
40109106710,0.028238
40109106801,0.148092
40109106802,0.14439
40109106803,0.09882
40109106804,0.039362
40109106902,0.041681
40109106903,0.043013
40109106906,0.044411
40109106907,0.013414
40109106909,0.035042
40109106910,0.013199
40109106911,0.01234
40109106912,0.016734
40109106913,0.067122
40109106914,0.024413
40109106916,0.031137
40109106917,0.02341
40109107001,0.071875
40109107002,0.066731
40109107101,0.097543
40109107103,0.027424
40109107104,0.109494
40109107206,0.034431
40109107207,0.025156
40109107212,0.108373
40109107213,0.097031
40109107214,0.083254
40109107215,0.034309
40109107216,0.015423
40109107217,0.01546
40109107218,0.032398
40109107219,0.013335
40109107220,0.022656
40109107221,0.021607
40109107222,0.018133
40109107223,0.023621
40109107224,0.026752
40109107225,0.013476
40109107226,0.011805
40109107302,0.048944
40109107303,0.026213
40109107305,0.011219
40109107306,0.018044
40109107401,0.049739
40109107404,0.051643
40109107405,0.041385
40109107406,0.025661
40109107407,0.050496
40109107601,0.065224
40109107604,0.016331
40109107605,0.010813
40109107608,0.013825
40109107703,0.030654
40109107704,0.019305
40109107705,0.01998
40109107706,0.014984
40109107707,0.015368
40109107801,0.018473
40109107804,0.02072
40109107805,0.115644
40109107806,0.019395
40109107807,0.028183
40109107808,0.026537
40109107809,0.014396
40109107810,0.017626
40109107900,0.196976
40109108003,0.028623
40109108005,0.04023
40109108006,0.023199
40109108007,0.018372
40109108008,0.028282
40109108009,0.032671
40109108010,0.039246
40109108011,0.040611
40109108101,0.120015
40109108106,0.115514
40109108107,0.104267
40109108109,0.090782
40109108110,0.105382
40109108113,0.11128
40109108114,0.123082
40109108201,0.064398
40109108203,0.015284
40109108204,0.04031
40109108207,0.037187
40109108208,0.019848
40109108215,0.051383
40109108216,0.034049
40109108217,0.019607
40109108222,0.022628
40109108223,0.026904
40109108224,0.033346
40109108225,0.041292
40109108226,0.021802
40109108227,0.011265
40109108228,0.056557
40109108229,0.025561
40109108230,0.016411
40109108231,0.013655
40109108232,0.017481
40109108233,0.020247
40109108234,0.019677
40109108235,0.037945
40109108236,0.028455
40109108237,0.031982
40109108238,0.041357
40109108301,0.025216
40109108302,0.051016
40109108304,0.054062
40109108307,0.029279
40109108309,0.030474
40109108310,0.012984
40109108314,0.032161
40109108317,0.017977
40109108318,0.024174
40109108319,0.054018
40109108320,0.018604
40109108321,0.020298
40109108322,0.032068
40109108323,0.047564
40109108324,0.016585
40109108325,0.029722
40109108326,0.024363
40109108402,0.034868
40109108403,0.030829
40109108404,0.014693
40109108506,0.104259
40109108507,0.121669
40109108508,0.142127
40109108513,0.03719
40109108514,0.099784
40109108515,0.064575
40109108520,0.064656
40109108521,0.159303
40109108523,0.044684
40109108524,0.014481
40109108525,0.02797
40109108526,0.04605
40109108527,0.042551
40109108528,0.013538
40109108529,0.012959
40109108530,0.026519
40109108531,0.067068
40109108532,0.259947
40109108533,0.187233
40109108534,0.041491
40109108535,0.029769
40109108536,0.047118
40109108537,0.017669
40109108538,0.070988
40109108603,0.16654
40109108604,0.026695
40109108701,0.087277
40109108706,0.034318
40109108707,0.029826
40109108708,0.131891
40109108709,0.112253
40109108710,0.044589
40109108711,0.035693
40109108712,0.15549
40109108713,0.165036
40109108802,0.155098
40109108803,0.055354
40109108804,0.070686
40109108805,0.157718
40109108806,0.016149
40109108807,0.023793
40109108900,0.302927
40109109001,0.156846
40109109003,0.124109
40109109004,0.116405
40109109202,0.137846
40109109203,0.210108
40109109204,0.164873
40109109205,0.119938
40109109300,0.08235
40109109400,0.015708
40109109500,0.017973
40109109600,0.021923
40109109700,0.016497
40109109800,0.048412
40109109900,0.016074
40109110000,0.013861
40109980001,0.023934
40109980002,0.159932
40109980003,0.056917
40109980004,0.048039
40109980005,0.026863
40109980006,0.051719
40109980007,0.115599
40109980008,0.028695
40109980009,0.238212
40111000100,0.177195
40111000200,0.1855
40111000300,0.185157
40111000400,0.154127
40111000500,0.15846
40111000601,0.182748
40111000602,0.117081
40111000700,0.085704
40111000800,0.140661
40111000901,0.175507
40111000902,0.199758
40113940001,0.181652
40113940003,0.192402
40113940004,0.189836
40113940005,0.121372
40113940006,0.021403
40113940007,0.183552
40113940008,0.161223
40113940009,0.215027
40113940011,0.150221
40113940012,0.198904
40113940013,0.231675
40113940014,0.30622
40113940015,0.212326
40115574100,0.12596
40115574200,0.203708
40115574300,0.184876
40115574400,0.207698
40115574500,0.200677
40115574600,0.158033
40115574700,0.198842
40115574800,0.10888
40115574900,0.116232
40117957100,0.175156
40117957200,0.164512
40117957300,0.182277
40117957400,0.208034
40117957500,0.17339
40119010101,0.148077
40119010102,0.101895
40119010201,0.028531
40119010202,0.021464
40119010300,0.107165
40119010400,0.050093
40119010501,0.147735
40119010502,0.028744
40119010503,0.111294
40119010600,0.149665
40119010700,0.067657
40119010800,0.181727
40119010901,0.093944
40119010902,0.149588
40119011001,0.146402
40119011002,0.168593
40119011101,0.191856
40119011103,0.216589
40119011104,0.196421
40119011200,0.180407
40119011301,0.152125
40119011302,0.048739
40119011400,0.148886
40121485601,0.260716
40121485602,0.223217
40121485700,0.15218
40121485800,0.101648
40121485900,0.200552
40121486000,0.118332
40121486100,0.128349
40121486200,0.177793
40121486300,0.164333
40121486400,0.165966
40121486500,0.113569
40121486600,0.168921
40121486700,0.13828
40121486800,0.18957
40123088600,0.160932
40123088700,0.145336
40123088801,0.225054
40123088802,0.093511
40123088900,0.200533
40123089000,0.151684
40123089100,0.085905
40123089200,0.040215
40123089300,0.142343
40123089598,0.121383
40123089600,0.195322
40125500200,0.16181
40125500301,0.218088
40125500302,0.25748
40125500400,0.294693
40125500500,0.202221
40125500600,0.256226
40125500700,0.218672
40125500800,0.238973
40125500901,0.162698
40125500902,0.199672
40125501003,0.131055
40125501004,0.135895
40125501005,0.159271
40125501006,0.278041
40125501101,0.115836
40125501103,0.131917
40125501104,0.23506
40125501105,0.272621
40125501201,0.207702
40125501300,0.175093
40127097600,0.136678
40127097701,0.164107
40127097702,0.168875
40127097800,0.151504
40129960000,0.096727
40131050101,0.192327
40131050103,0.293784
40131050104,0.236287
40131050105,0.16639
40131050201,0.184125
40131050202,0.163428
40131050203,0.152245
40131050301,0.186672
40131050302,0.220665
40131050303,0.207712
40131050304,0.178276
40131050403,0.248986
40131050404,0.237318
40131050405,0.1418
40131050406,0.089861
40131050407,0.099184
40131050408,0.154073
40131050409,0.140988
40131050501,0.182902
40131050502,0.148297
40131050601,0.16986
40131050602,0.123088
40131050603,0.177993
40131050604,0.108806
40131050701,0.182172
40131050702,0.212212
40131050801,0.09592
40131050802,0.10338
40133583100,0.168108
40133583200,0.192843
40133583300,0.251175
40133583400,0.187573
40133583500,0.056033
40133583600,0.161728
40133583700,0.154044
40133583800,0.19138
40133583900,0.173848
40135030101,0.096541
40135030103,0.1992
40135030105,0.086767
40135030106,0.185359
40135030201,0.128238
40135030202,0.12415
40135030301,0.16912
40135030303,0.238616
40135030304,0.155476
40135030401,0.14787
40135030403,0.159309
40135030404,0.148042
40137000101,0.08528
40137000102,0.143192
40137000200,0.149883
40137000300,0.16256
40137000400,0.253969
40137000600,0.136553
40137000800,0.125385
40137000901,0.136363
40137000902,0.180638
40137001000,0.098178
40137001100,0.1294
40141070100,0.138182
40141070200,0.183186
40141070300,0.137877
40141070400,0.257464
40141070500,0.118928
40143000200,0.044682
40143000300,0.02275
40143000400,0.015967
40143000500,0.056583
40143000800,0.016911
40143000900,0.012348
40143001000,0.016978
40143001200,0.076219
40143001300,0.044404
40143001400,0.035531
40143001500,0.03898
40143001600,0.10138
40143001700,0.119904
40143001800,0.105367
40143001900,0.132716
40143002000,0.114773
40143002100,0.087624
40143002301,0.111513
40143002500,0.054883
40143002700,0.047939
40143002900,0.111359
40143003000,0.070633
40143003100,0.034372
40143003200,0.017782
40143003300,0.031523
40143003400,0.112009
40143003500,0.052973
40143003600,0.087187
40143003700,0.031041
40143003800,0.029128
40143003900,0.053213
40143004000,0.02611
40143004101,0.060891
40143004200,0.070726
40143004301,0.025274
40143004302,0.02547
40143004400,0.068496
40143004500,0.042047
40143004600,0.082116
40143004700,0.127474
40143004800,0.093916
40143004900,0.147634
40143005001,0.018646
40143005002,0.052669
40143005100,0.031372
40143005200,0.03602
40143005300,0.016267
40143005401,0.134704
40143005403,0.182032
40143005404,0.171092
40143005500,0.198891
40143005600,0.195689
40143005700,0.180589
40143005801,0.040628
40143005805,0.056818
40143005808,0.082194
40143005809,0.033237
40143005810,0.134333
40143005811,0.129671
40143005812,0.012544
40143005813,0.03298
40143005900,0.114142
40143006000,0.063756
40143006200,0.012405
40143006506,0.09139
40143006507,0.238309
40143006600,0.106371
40143006701,0.089478
40143006703,0.041136
40143006708,0.076975
40143006709,0.08443
40143006710,0.075211
40143006711,0.035009
40143006712,0.084973
40143006713,0.076719
40143006801,0.02035
40143006803,0.059667
40143006804,0.054461
40143006901,0.030075
40143006902,0.020674
40143006903,0.031079
40143006905,0.022005
40143006906,0.083009
40143006907,0.050374
40143007000,0.032454
40143007101,0.017806
40143007102,0.044955
40143007200,0.145535
40143007304,0.057881
40143007306,0.030026
40143007308,0.156203
40143007309,0.11878
40143007310,0.034521
40143007311,0.028904
40143007312,0.062385
40143007313,0.046616
40143007314,0.078786
40143007402,0.035518
40143007408,0.046697
40143007409,0.018277
40143007410,0.027096
40143007411,0.021867
40143007412,0.017462
40143007413,0.030087
40143007414,0.035433
40143007415,0.103177
40143007416,0.01981
40143007417,0.059811
40143007503,0.019997
40143007507,0.021412
40143007510,0.039464
40143007511,0.019037
40143007512,0.033325
40143007518,0.020676
40143007519,0.012708
40143007520,0.01701
40143007522,0.048165
40143007523,0.038915
40143007525,0.029966
40143007526,0.055548
40143007527,0.030283
40143007528,0.035923
40143007529,0.025168
40143007530,0.055831
40143007531,0.054284
40143007532,0.028455
40143007533,0.042626
40143007534,0.04279
40143007535,0.099974
40143007536,0.029671
40143007608,0.033071
40143007611,0.038717
40143007612,0.014369
40143007613,0.049332
40143007614,0.075304
40143007615,0.018146
40143007616,0.057337
40143007617,0.021395
40143007619,0.017891
40143007629,0.088149
40143007630,0.101713
40143007631,0.022129
40143007632,0.043108
40143007633,0.054458
40143007634,0.04034
40143007636,0.106337
40143007638,0.048296
40143007639,0.034244
40143007641,0.034953
40143007642,0.045654
40143007643,0.031471
40143007644,0.01592
40143007645,0.019411
40143007646,0.113842
40143007647,0.045378
40143007648,0.060823
40143007649,0.055032
40143007650,0.111464
40143007651,0.228131
40143007652,0.146217
40143007653,0.04356
40143007654,0.027961
40143007655,0.155624
40143007656,0.086386
40143007703,0.150565
40143007704,0.131269
40143007705,0.14443
40143007706,0.019171
40143007707,0.152805
40143007801,0.173719
40143007803,0.1687
40143007804,0.360486
40143007900,0.148381
40143008001,0.208153
40143008002,0.048057
40143008200,0.04522
40143008300,0.158882
40143008400,0.015068
40143008501,0.024279
40143008502,0.054987
40143008600,0.025909
40143008700,0.019835
40143008800,0.067935
40143008900,0.104423
40143009006,0.029977
40143009008,0.061063
40143009010,0.014101
40143009011,0.10269
40143009012,0.024195
40143009013,0.033674
40143009014,0.024855
40143009015,0.052381
40143009016,0.032885
40143009017,0.015644
40143009018,0.024548
40143009019,0.02478
40143009020,0.026231
40143009021,0.037903
40143009101,0.231965
40143009104,0.214932
40143009200,0.133223
40143009300,0.182205
40143009401,0.188754
40143009403,0.121635
40143009404,0.197957
40143009500,0.138038
40143011300,0.022104
40143011400,0.032244
40145030101,0.158563
40145030102,0.154443
40145030201,0.266509
40145030202,0.108151
40145030300,0.216046
40145030402,0.060279
40145030403,0.153867
40145030406,0.031042
40145030407,0.038519
40145030408,0.149766
40145030502,0.074506
40145030505,0.030024
40145030506,0.106904
40145030507,0.013263
40145030508,0.144583
40145030509,0.023121
40145030510,0.152972
40145030511,0.114618
40145030512,0.157274
40145030601,0.030607
40145030603,0.154345
40145030604,0.184415
40145030605,0.078587
40145030798,0.130896
40145030800,0.127368
40147000100,0.046129
40147000200,0.175935
40147000300,0.114915
40147000400,0.198285
40147000500,0.018845
40147000601,0.198604
40147000602,0.26102
40147000700,0.178071
40147000800,0.217005
40147000900,0.021921
40147001000,0.125914
40147001100,0.176906
40147001200,0.237676
40147001300,0.136007
40149964900,0.188558
40149965000,0.166417
40149965100,0.126218
40149965400,0.183969
40151954201,0.121666
40151954202,0.160336
40151954300,0.227428
40151954400,0.210482
40153953100,0.128828
40153953200,0.121665
40153953300,0.158301
40153953400,0.173429
40153953500,0.271022
04001944902,0.05372
04001945100,0.090861
04001970201,0.170916
04001970202,0.095047
04001970300,0.158145
04001970501,0.082725
04001970502,0.130868
04003000101,0.088743
04003000102,0.184351
04003000201,0.066938
04003000202,0.102495
04003000203,0.155067
04003000301,0.109625
04003000303,0.082003
04003000304,0.152065
04003000305,0.205528
04003000400,0.051668
04003000501,0.07158
04003000502,0.106842
04003000503,0.272493
04003000600,0.077914
04003000700,0.219456
04003000800,0.023247
04003000901,0.013389
04003000902,0.039834
04003001000,0.073743
04003001100,0.051882
04003001200,0.068772
04003001301,0.069872
04003001302,0.108433
04003001401,0.033663
04003001402,0.039083
04003001501,0.02965
04003001502,0.04382
04003001601,0.013916
04003001602,0.053835
04003001701,0.109921
04003001702,0.037808
04003001703,0.20684
04003001801,0.023497
04003001802,0.01191
04003001900,0.10703
04003002001,0.103493
04003002002,0.034347
04003002100,0.023944
04005000200,0.037267
04005000601,0.031534
04005000602,0.072748
04005000700,0.18328
04005000800,0.048997
04005000901,0.039407
04005000902,0.014377
04005001000,0.046257
04005001101,0.022318
04005001103,0.078714
04005001104,0.106589
04005001201,0.106996
04005001302,0.052748
04005001500,0.113755
04005001601,0.119054
04005001602,0.1221
04005001700,0.107321
04005002201,0.133563
04005002202,0.059596
04005002302,0.082505
04005945100,0.052622
04005980100,0.419836
04005980200,0.034276
04007000100,0.102939
04007000200,0.170857
04007000301,0.166795
04007000302,0.177285
04007000400,0.162057
04007000500,0.212295
04007000600,0.264087
04007000700,0.200533
04007000800,0.311341
04007000900,0.155464
04007001000,0.168371
04007001100,0.141775
04007001200,0.170092
04007001300,0.113136
04007940200,0.112388
04007940400,0.048522
04009940500,0.118031
04009961100,0.206299
04009961201,0.126757
04009961202,0.285712
04009961300,0.133346
04009961400,0.230051
04009961500,0.154571
04009961600,0.193254
04009961700,0.200003
04011960100,0.084551
04011960200,0.110957
04011960300,0.107675
04012020101,0.141347
04012020102,0.085
04013010102,0.123848
04013010103,0.13521
04013010104,0.032641
04013030401,0.065155
04013030402,0.020096
04013040502,0.10164
04013040506,0.02578
04013040507,0.041418
04013040512,0.216737
04013040513,0.066433
04013040514,0.04548
04013040515,0.071251
04013040516,0.017382
04013040522,0.134697
04013040523,0.081824
04013040524,0.083461
04013040525,0.123572
04013040526,0.025781
04013040527,0.134899
04013040528,0.059257
04013040529,0.156273
04013040530,0.016181
04013040531,0.091091
04013040532,0.020702
04013040533,0.018145
04013040534,0.018067
04013040535,0.052525
04013040536,0.011367
04013040537,0.087348
04013040538,0.018882
04013040539,0.070694
04013040540,0.054856
04013040541,0.084617
04013050603,0.225037
04013050604,0.240533
04013050609,0.065128
04013050611,0.01318
04013050612,0.011747
04013050613,0.056271
04013050614,0.018391
04013050615,0.012617
04013050616,0.037925
04013050617,0.046832
04013050618,0.021736
04013050619,0.01462
04013050620,0.015278
04013050621,0.025927
04013050701,0.047081
04013050702,0.016321
04013060801,0.034578
04013060802,0.070174
04013060901,0.015805
04013060902,0.032133
04013060903,0.044933
04013060904,0.272517
04013061010,0.049248
04013061011,0.021511
04013061013,0.019031
04013061014,0.021981
04013061015,0.01758
04013061017,0.037633
04013061018,0.013015
04013061020,0.013003
04013061021,0.012446
04013061024,0.049334
04013061026,0.011623
04013061027,0.019645
04013061028,0.014094
04013061029,0.011974
04013061031,0.022243
04013061032,0.010906
04013061033,0.017227
04013061034,0.02028
04013061035,0.044174
04013061036,0.010715
04013061037,0.013438
04013061038,0.011588
04013061039,0.024668
04013061040,0.020457
04013061041,0.023571
04013061042,0.018635
04013061043,0.012506
04013061044,0.013698
04013061045,0.01729
04013061046,0.039485
04013061047,0.022846
04013061048,0.014105
04013061049,0.009901
04013061050,0.029797
04013061051,0.012949
04013061052,0.012464
04013061053,0.012706
04013061054,0.054573
04013061055,0.010762
04013061056,0.011285
04013061057,0.011576
04013061058,0.013468
04013061059,0.015735
04013061060,0.018958
04013061061,0.009798
04013061062,0.012809
04013061063,0.026284
04013061064,0.01217
04013061100,0.098541
04013061200,0.013774
04013061300,0.029369
04013061401,0.011298
04013061402,0.030238
04013071503,0.047291
04013071504,0.01914
04013071505,0.040337
04013071506,0.032018
04013071509,0.01529
04013071510,0.019836
04013071511,0.04943
04013071512,0.017658
04013071513,0.041552
04013071514,0.017572
04013071515,0.041581
04013071516,0.03531
04013071517,0.017775
04013071600,0.235665
04013071701,0.018807
04013071702,0.049772
04013071801,0.032577
04013071802,0.033756
04013071903,0.012011
04013071906,0.022849
04013071909,0.022413
04013071910,0.017843
04013071911,0.017969
04013071912,0.03146
04013071913,0.043893
04013071914,0.013416
04013071915,0.026513
04013082002,0.012789
04013082007,0.013901
04013082008,0.025135
04013082009,0.01469
04013082010,0.015134
04013082012,0.013257
04013082016,0.01593
04013082017,0.020947
04013082018,0.011723
04013082019,0.011887
04013082020,0.014677
04013082021,0.030051
04013082022,0.015999
04013082023,0.035544
04013082024,0.030764
04013082025,0.02139
04013082026,0.011471
04013082027,0.033479
04013082028,0.010354
04013082204,0.020442
04013082205,0.016076
04013082206,0.014559
04013082207,0.012657
04013082208,0.015771
04013082209,0.012638
04013082210,0.020452
04013082211,0.01246
04013082212,0.013134
04013082213,0.010659
04013083000,0.013834
04013092305,0.012296
04013092306,0.022759
04013092307,0.023616
04013092308,0.01176
04013092309,0.011599
04013092311,0.025536
04013092312,0.020504
04013092401,0.016968
04013092402,0.010315
04013092500,0.011409
04013092600,0.046766
04013092705,0.021164
04013092708,0.017973
04013092709,0.012333
04013092710,0.032959
04013092711,0.010677
04013092712,0.014357
04013092713,0.010572
04013092715,0.028119
04013092716,0.010629
04013092717,0.029395
04013092718,0.020506
04013092719,0.019616
04013092720,0.018562
04013092721,0.010958
04013092723,0.011267
04013092724,0.035856
04013092801,0.011799
04013092802,0.033389
04013092900,0.022819
04013093001,0.011326
04013093002,0.010599
04013093101,0.043204
04013093104,0.023409
04013093105,0.010232
04013093106,0.027085
04013093200,0.029032
04013103205,0.022482
04013103206,0.018645
04013103207,0.012946
04013103208,0.054022
04013103209,0.020637
04013103210,0.012861
04013103211,0.018907
04013103212,0.012529
04013103214,0.012031
04013103215,0.036576
04013103216,0.015489
04013103217,0.012941
04013103219,0.074472
04013103220,0.030697
04013103302,0.0141
04013103303,0.015644
04013103304,0.01231
04013103305,0.027369
04013103306,0.021367
04013103400,0.017654
04013103501,0.01274
04013103502,0.034401
04013103604,0.051672
04013103605,0.011691
04013103606,0.012935
04013103607,0.056834
04013103608,0.013404
04013103609,0.01224
04013103611,0.023935
04013103612,0.013097
04013103614,0.016836
04013103615,0.020439
04013103701,0.020904
04013103702,0.043579
04013103900,0.021272
04013104000,0.0217
04013104100,0.026177
04013104202,0.011013
04013104203,0.012666
04013104204,0.011757
04013104205,0.011815
04013104206,0.012053
04013104207,0.014102
04013104212,0.011836
04013104214,0.011382
04013104215,0.014281
04013104216,0.021257
04013104217,0.016994
04013104218,0.0128
04013104219,0.01211
04013104221,0.015423
04013104222,0.012817
04013104223,0.012868
04013104224,0.012402
04013104225,0.0123
04013104226,0.016599
04013104227,0.036298
04013104301,0.025026
04013104302,0.027609
04013104401,0.016227
04013104402,0.014789
04013104501,0.022412
04013104502,0.020909
04013104600,0.015036
04013104701,0.027915
04013104702,0.021611
04013104801,0.031961
04013104802,0.011799
04013104900,0.011962
04013105002,0.012194
04013105003,0.013746
04013105004,0.033091
04013105101,0.013943
04013105102,0.035174
04013105103,0.025722
04013105200,0.015743
04013105300,0.013122
04013105400,0.021707
04013105501,0.013967
04013105502,0.010774
04013105503,0.016977
04013105601,0.035192
04013105602,0.011251
04013105701,0.013949
04013105702,0.011566
04013105800,0.012244
04013105900,0.017586
04013106001,0.030914
04013106002,0.012092
04013106003,0.011362
04013106100,0.012061
04013106200,0.037475
04013106300,0.015898
04013106400,0.014472
04013106501,0.013032
04013106502,0.011411
04013106600,0.011988
04013106701,0.025187
04013106702,0.036173
04013106703,0.02732
04013106801,0.039275
04013106802,0.012337
04013106900,0.010708
04013107001,0.012084
04013107002,0.010204
04013107101,0.039938
04013107102,0.012612
04013107201,0.159723
04013107202,0.009864
04013107300,0.013001
04013107401,0.01591
04013107402,0.025702
04013107403,0.018504
04013107404,0.016263
04013107500,0.017066
04013107601,0.018358
04013107602,0.026969
04013107700,0.019145
04013107800,0.062398
04013107900,0.051123
04013108000,0.010988
04013108100,0.024091
04013108200,0.042456
04013108301,0.054193
04013108302,0.024283
04013108400,0.029999
04013108501,0.035263
04013108502,0.067075
04013108601,0.013602
04013108602,0.013507
04013108802,0.016525
04013108901,0.019752
04013108902,0.010475
04013109001,0.032813
04013109002,0.011774
04013109003,0.01113
04013109101,0.012076
04013109102,0.034274
04013109200,0.034402
04013109300,0.011468
04013109401,0.010318
04013109402,0.026391
04013109500,0.010059
04013109601,0.029393
04013109602,0.012577
04013109603,0.010359
04013109604,0.020664
04013109702,0.037371
04013109703,0.010699
04013109704,0.02442
04013109705,0.023477
04013109706,0.014504
04013109707,0.011743
04013109801,0.011895
04013109802,0.02183
04013109900,0.023082
04013110001,0.014116
04013110002,0.048297
04013110100,0.014615
04013110400,0.011767
04013110501,0.014728
04013110502,0.015015
04013110600,0.015072
04013110701,0.042756
04013110702,0.012088
04013110801,0.017999
04013110802,0.012315
04013110901,0.019313
04013110902,0.040611
04013111000,0.019751
04013111100,0.012573
04013111201,0.015585
04013111202,0.011132
04013111203,0.049112
04013111204,0.022415
04013111300,0.010531
04013111401,0.049394
04013111402,0.010691
04013111501,0.011176
04013111502,0.011025
04013111601,0.015021
04013111602,0.03547
04013111700,0.020061
04013111800,0.018346
04013111900,0.070861
04013112100,0.011589
04013112201,0.01303
04013112202,0.024032
04013112301,0.010975
04013112302,0.018596
04013112401,0.013136
04013112402,0.014553
04013112502,0.010991
04013112504,0.015514
04013112507,0.017752
04013112508,0.053105
04013112510,0.015172
04013112512,0.019969
04013112514,0.014382
04013112515,0.014906
04013112516,0.013427
04013112517,0.014363
04013112518,0.014632
04013112519,0.010206
04013112520,0.045552
04013112521,0.028521
04013112522,0.015417
04013112523,0.026992
04013112524,0.015425
04013112601,0.060032
04013112602,0.014597
04013112700,0.01678
04013112900,0.01457
04013113000,0.021902
04013113100,0.014051
04013113201,0.012104
04013113202,0.011275
04013113204,0.031409
04013113301,0.023701
04013113502,0.00981
04013113503,0.019547
04013113601,0.027349
04013113602,0.021224
04013113701,0.013605
04013113702,0.014048
04013113800,0.027014
04013113900,0.033413
04013114000,0.021124
04013114100,0.047983
04013114200,0.012827
04013114301,0.017428
04013114302,0.014622
04013114401,0.026221
04013114402,0.022759
04013114500,0.013837
04013114600,0.018482
04013114704,0.029619
04013114705,0.214805
04013114800,0.049477
04013114900,0.011957
04013115200,0.019456
04013115300,0.046993
04013115400,0.014475
04013115500,0.011602
04013115600,0.010595
04013115700,0.013336
04013115801,0.012834
04013115802,0.01151
04013115900,0.011933
04013116000,0.012738
04013116100,0.011469
04013116202,0.016161
04013116203,0.031424
04013116204,0.023912
04013116205,0.020825
04013116300,0.010642
04013116400,0.024647
04013116500,0.012502
04013116605,0.016533
04013116606,0.044647
04013116607,0.016817
04013116610,0.043447
04013116611,0.040911
04013116612,0.0113
04013116614,0.011782
04013116615,0.012868
04013116616,0.023497
04013116617,0.045855
04013116618,0.022222
04013116619,0.013067
04013116620,0.013345
04013116621,0.014632
04013116703,0.01563
04013116707,0.017581
04013116708,0.040402
04013116709,0.019325
04013116710,0.012504
04013116711,0.013676
04013116712,0.023133
04013116713,0.018318
04013116714,0.012985
04013116715,0.017672
04013116717,0.044692
04013116718,0.03895
04013116719,0.014908
04013116720,0.016732
04013116721,0.015877
04013116725,0.033929
04013116727,0.042176
04013116728,0.010738
04013116729,0.03371
04013116730,0.118207
04013116731,0.043173
04013116732,0.013232
04013116733,0.120378
04013116734,0.017579
04013116735,0.010286
04013116736,0.010897
04013116737,0.017065
04013116738,0.011948
04013116800,0.019076
04013116900,0.04487
04013117000,0.011544
04013117100,0.013084
04013117200,0.02109
04013117300,0.038722
04013216806,0.03547
04013216807,0.0138
04013216809,0.01447
04013216810,0.01955
04013216813,0.018208
04013216816,0.012154
04013216819,0.013345
04013216820,0.015282
04013216821,0.013774
04013216822,0.018829
04013216826,0.022256
04013216829,0.043376
04013216830,0.016816
04013216831,0.038389
04013216832,0.011676
04013216833,0.048885
04013216834,0.052161
04013216835,0.018966
04013216836,0.022762
04013216837,0.014301
04013216838,0.010472
04013216839,0.018042
04013216840,0.038315
04013216841,0.02114
04013216842,0.01527
04013216843,0.025243
04013216844,0.017476
04013216845,0.034635
04013216849,0.031336
04013216850,0.042986
04013216851,0.071312
04013216852,0.010615
04013216853,0.0155
04013216854,0.032436
04013216855,0.018586
04013216856,0.049279
04013216857,0.023499
04013216858,0.023217
04013216859,0.012667
04013216860,0.036211
04013216861,0.013597
04013216901,0.016485
04013216902,0.010863
04013217001,0.050175
04013217002,0.013131
04013217101,0.052874
04013217102,0.019213
04013217201,0.029121
04013217203,0.033015
04013217204,0.026172
04013217300,0.039492
04013217400,0.032348
04013217501,0.011384
04013217502,0.016656
04013217600,0.019162
04013217700,0.068992
04013217800,0.014743
04013217900,0.015054
04013218000,0.017426
04013218100,0.01666
04013218200,0.01346
04013218300,0.033738
04013318400,0.038342
04013318501,0.01506
04013318700,0.026866
04013318800,0.0117
04013318900,0.013076
04013319001,0.015526
04013319002,0.012371
04013319101,0.032752
04013319103,0.021304
04013319104,0.089778
04013319201,0.010649
04013319202,0.027108
04013319300,0.013678
04013319401,0.012127
04013319402,0.012537
04013319403,0.010962
04013319404,0.030902
04013319500,0.017907
04013319600,0.013991
04013319705,0.043915
04013319706,0.07972
04013319707,0.024564
04013319708,0.014007
04013319709,0.040431
04013319710,0.015026
04013319801,0.014056
04013319802,0.011591
04013319902,0.016056
04013319903,0.012273
04013319904,0.037737
04013319905,0.013182
04013319906,0.035783
04013319907,0.013355
04013319908,0.028793
04013319909,0.016615
04013319910,0.025052
04013320001,0.037411
04013320002,0.090001
04013320007,0.010632
04013320100,0.023275
04013420104,0.031073
04013420105,0.019221
04013420107,0.013255
04013420108,0.015636
04013420109,0.024025
04013420110,0.012546
04013420111,0.01212
04013420112,0.019061
04013420113,0.015139
04013420114,0.062161
04013420115,0.036267
04013420116,0.05473
04013420202,0.041033
04013420206,0.015956
04013420207,0.015327
04013420208,0.013393
04013420209,0.014325
04013420210,0.017599
04013420211,0.025838
04013420212,0.034693
04013420213,0.015879
04013420214,0.062578
04013420215,0.018807
04013420216,0.014448
04013420301,0.038844
04013420302,0.015901
04013420303,0.011301
04013420304,0.040725
04013420401,0.11165
04013420402,0.033494
04013420503,0.022671
04013420504,0.02517
04013420505,0.01178
04013420506,0.129775
04013420602,0.03261
04013420603,0.013883
04013420604,0.012623
04013420704,0.011585
04013420705,0.016927
04013420706,0.018797
04013420707,0.027369
04013420708,0.033793
04013420709,0.021992
04013420710,0.023207
04013420800,0.011895
04013420901,0.012259
04013420902,0.011799
04013421001,0.162642
04013421002,0.014032
04013421101,0.062545
04013421102,0.044724
04013421201,0.02026
04013421202,0.073903
04013421302,0.023064
04013421303,0.02663
04013421304,0.01382
04013421400,0.010275
04013421501,0.012295
04013421502,0.018212
04013421601,0.042248
04013421602,0.010625
04013421701,0.01301
04013421702,0.031153
04013421801,0.015716
04013421802,0.019084
04013421901,0.01349
04013421902,0.028437
04013422001,0.0199
04013422002,0.027465
04013422102,0.015553
04013422103,0.029249
04013422104,0.012481
04013422105,0.016109
04013422106,0.084649
04013422107,0.048907
04013422203,0.041906
04013422209,0.013007
04013422210,0.012602
04013422211,0.013852
04013422212,0.040854
04013422213,0.0164
04013422215,0.012675
04013422216,0.023193
04013422217,0.067354
04013422218,0.010689
04013422219,0.010547
04013422220,0.027497
04013422221,0.017625
04013422222,0.012768
04013422223,0.018725
04013422224,0.044977
04013422225,0.018106
04013422226,0.06972
04013422227,0.012224
04013422301,0.017679
04013422302,0.012863
04013422304,0.067103
04013422305,0.0147
04013422307,0.022642
04013422308,0.018221
04013422309,0.019192
04013422401,0.030569
04013422402,0.011944
04013422403,0.017474
04013422404,0.016829
04013422501,0.011686
04013422502,0.017764
04013422503,0.012348
04013422504,0.04754
04013422506,0.061474
04013422507,0.022059
04013422508,0.014425
04013422509,0.050169
04013422510,0.0182
04013422511,0.015661
04013422512,0.011919
04013422513,0.018182
04013422514,0.055571
04013422607,0.058821
04013422609,0.053744
04013422610,0.017952
04013422615,0.013839
04013422617,0.015038
04013422618,0.018461
04013422620,0.039313
04013422621,0.041279
04013422622,0.014109
04013422623,0.014298
04013422624,0.025464
04013422625,0.033761
04013422626,0.014962
04013422627,0.029159
04013422628,0.042822
04013422629,0.043539
04013422630,0.011535
04013422632,0.032523
04013422633,0.016037
04013422634,0.036813
04013422636,0.018515
04013422637,0.01464
04013422638,0.020022
04013422639,0.030925
04013422640,0.022955
04013422642,0.021858
04013422643,0.025111
04013422647,0.01387
04013422648,0.011462
04013422649,0.015755
04013422650,0.013193
04013422651,0.01582
04013422652,0.025489
04013422653,0.013708
04013422654,0.012186
04013422655,0.016063
04013422656,0.017723
04013422657,0.014994
04013422658,0.015892
04013422659,0.021719
04013422660,0.016457
04013522801,0.262208
04013522802,0.011897
04013522901,0.01474
04013522903,0.087334
04013522904,0.01167
04013523002,0.013376
04013523005,0.012848
04013523006,0.049418
04013523007,0.092033
04013523008,0.010697
04013523102,0.012891
04013523103,0.018034
04013523104,0.01486
04013610001,0.202264
04013610002,0.121256
04013610100,0.01837
04013610201,0.028956
04013610202,0.019896
04013610301,0.038299
04013610302,0.013735
04013610400,0.022407
04013610500,0.015931
04013610600,0.014706
04013610700,0.092008
04013610800,0.051812
04013610901,0.039081
04013610902,0.019753
04013610903,0.023883
04013611000,0.020757
04013611100,0.011164
04013611200,0.012021
04013611300,0.020454
04013611400,0.034821
04013611500,0.010219
04013611600,0.013012
04013611700,0.030557
04013611800,0.01756
04013611900,0.02374
04013612000,0.021256
04013612200,0.038846
04013612301,0.026914
04013612302,0.014024
04013612401,0.009723
04013612402,0.029703
04013612500,0.055588
04013612600,0.016033
04013612700,0.026838
04013612800,0.03929
04013612900,0.015065
04013613000,0.012354
04013613100,0.011666
04013613200,0.017387
04013613300,0.013831
04013613400,0.013217
04013613500,0.048844
04013613601,0.013882
04013613602,0.015868
04013613700,0.039879
04013613800,0.012534
04013613900,0.016373
04013614000,0.016575
04013614100,0.010538
04013614200,0.018434
04013614300,0.036517
04013614400,0.037573
04013614500,0.014915
04013614601,0.02529
04013614602,0.034591
04013614700,0.020835
04013614800,0.014993
04013614900,0.074469
04013615001,0.012285
04013615002,0.016129
04013615100,0.026428
04013615201,0.026256
04013615202,0.051008
04013615300,0.020986
04013615400,0.018272
04013615500,0.022225
04013615600,0.03806
04013615700,0.02895
04013615800,0.011872
04013615900,0.020403
04013616000,0.014906
04013616100,0.012204
04013616200,0.025379
04013616300,0.011575
04013616400,0.049147
04013616500,0.012682
04013616600,0.015677
04013616700,0.024527
04013616800,0.014146
04013616900,0.01411
04013617001,0.067886
04013617002,0.047413
04013617100,0.038913
04013617200,0.025662
04013617300,0.016511
04013617400,0.076235
04013617500,0.022094
04013617600,0.015336
04013617700,0.02564
04013617800,0.037622
04013617900,0.01639
04013618000,0.015028
04013618100,0.012202
04013618200,0.009522
04013618300,0.012062
04013618400,0.011234
04013618500,0.015392
04013618600,0.013253
04013618700,0.010138
04013618800,0.016946
04013618900,0.018612
04013619000,0.026483
04013619100,0.022228
04013619200,0.02554
04013619300,0.010461
04013619400,0.029128
04013619500,0.016618
04013619601,0.025213
04013619602,0.013866
04013619700,0.011478
04013619800,0.011999
04013619900,0.016671
04013723304,0.064784
04013723305,0.061911
04013723306,0.079317
04013723307,0.036604
04013723309,0.010465
04013723310,0.018994
04013723311,0.018619
04013810000,0.021211
04013810100,0.013526
04013810200,0.028574
04013810300,0.010966
04013810400,0.015553
04013810500,0.013157
04013810600,0.015343
04013810700,0.013688
04013810800,0.017305
04013810900,0.019372
04013811000,0.036525
04013811100,0.051831
04013811200,0.027473
04013811300,0.016756
04013811400,0.012223
04013811500,0.011255
04013811600,0.013814
04013811700,0.011139
04013811800,0.025462
04013811900,0.017304
04013812000,0.051836
04013812100,0.023351
04013812200,0.021832
04013812300,0.015986
04013812400,0.014754
04013812500,0.018982
04013812600,0.015364
04013812700,0.01844
04013812801,0.010916
04013812802,0.042398
04013812900,0.012228
04013813000,0.017226
04013813100,0.011729
04013813200,0.011543
04013813300,0.016715
04013813400,0.02083
04013813500,0.025171
04013813600,0.011919
04013813700,0.022777
04013813800,0.020287
04013813900,0.014804
04013814000,0.020903
04013814100,0.011002
04013814200,0.031257
04013814300,0.014642
04013814400,0.01424
04013814500,0.063131
04013814600,0.017943
04013814700,0.013767
04013814801,0.017282
04013814802,0.020741
04013814900,0.012986
04013815000,0.013816
04013815100,0.010116
04013815201,0.023759
04013815202,0.010611
04013815203,0.019982
04013815300,0.04385
04013815401,0.019513
04013815402,0.017911
04013815501,0.013694
04013815502,0.039494
04013815601,0.014538
04013815602,0.012283
04013815700,0.018019
04013815800,0.017195
04013815901,0.022272
04013815902,0.011958
04013816001,0.025524
04013816002,0.015111
04013816003,0.021679
04013816004,0.022762
04013816005,0.015186
04013816100,0.026148
04013816200,0.010821
04013816301,0.027948
04013816302,0.022668
04013816401,0.020325
04013816402,0.011212
04013816501,0.018698
04013816502,0.012285
04013816600,0.034304
04013816700,0.013486
04013816800,0.016152
04013816901,0.011766
04013816902,0.016966
04013816903,0.010408
04013816904,0.013622
04013817000,0.014518
04013817101,0.020179
04013817102,0.028295
04013817103,0.010903
04013817200,0.015504
04013817300,0.028842
04013817400,0.021446
04013817500,0.021933
04013817600,0.018901
04013940700,0.047762
04013941000,0.0297
04013941100,0.082722
04013941200,0.090276
04013941300,0.032948
04013980100,0.133058
04013980400,0.101222
04013980500,0.016675
04013980700,0.033609
04013980900,0.024161
04013981000,0.053704
04015954801,0.114566
04015954802,0.090736
04017940014,0.032444
04017940015,0.030178
04017940100,0.141171
04017940301,0.098009
04017940302,0.27727
04017960100,0.094631
04017960200,0.094937
04017960400,0.072337
04017960500,0.137688
04017960600,0.040682
04017961300,0.122301
04017961701,0.108547
04017961702,0.233803
04017962501,0.189776
04017962502,0.239005
04017963300,0.145883
04017963400,0.1066
04017963700,0.022312
04017963800,0.020721
04017964201,0.099227
04017964202,0.097873
04017964801,0.033695
04017964802,0.178017
04017964901,0.162844
04017964902,0.113242
04017965201,0.210437
04017965202,0.175675
04017965301,0.125179
04017965302,0.068352
04019000100,0.099819
04019000200,0.016053
04019000300,0.011365
04019000401,0.012432
04019000402,0.019783
04019000501,0.016004
04019000502,0.012728
04019000600,0.016845
04019000700,0.010148
04019000800,0.021704
04019001100,0.012668
04019001200,0.01414
04019001302,0.013623
04019001303,0.012429
04019001304,0.013525
04019001400,0.013736
04019001500,0.013655
04019001600,0.026008
04019001700,0.044612
04019001801,0.013286
04019001802,0.012494
04019001900,0.017138
04019002000,0.041944
04019002100,0.013389
04019002201,0.01397
04019002202,0.014217
04019002300,0.01209
04019002400,0.014513
04019002503,0.02494
04019002504,0.017376
04019002505,0.038892
04019002507,0.014399
04019002508,0.010066
04019002509,0.018856
04019002602,0.029226
04019002603,0.024942
04019002604,0.032622
04019002702,0.015168
04019002703,0.012373
04019002704,0.017413
04019002801,0.03158
04019002802,0.016528
04019002803,0.018536
04019002901,0.013954
04019002904,0.027839
04019002905,0.021274
04019002906,0.013676
04019003002,0.014508
04019003003,0.012887
04019003004,0.039125
04019003102,0.01084
04019003103,0.050734
04019003104,0.019408
04019003201,0.015749
04019003202,0.013432
04019003302,0.01627
04019003303,0.015826
04019003304,0.013647
04019003400,0.013552
04019003502,0.01398
04019003503,0.03693
04019003504,0.014946
04019003505,0.01499
04019003506,0.01334
04019003601,0.043188
04019003702,0.014033
04019003704,0.028739
04019003705,0.011509
04019003706,0.011377
04019003707,0.01395
04019003801,0.038331
04019003802,0.012906
04019003901,0.057618
04019003902,0.01798
04019003903,0.040746
04019004008,0.011702
04019004010,0.015063
04019004026,0.014017
04019004029,0.022802
04019004030,0.016646
04019004031,0.040454
04019004032,0.010819
04019004033,0.013449
04019004034,0.009718
04019004035,0.011342
04019004036,0.032291
04019004037,0.014177
04019004038,0.009814
04019004039,0.012866
04019004042,0.028498
04019004043,0.053278
04019004044,0.049031
04019004046,0.011307
04019004047,0.013053
04019004048,0.017034
04019004049,0.010865
04019004050,0.022672
04019004051,0.011779
04019004052,0.143982
04019004053,0.014322
04019004054,0.015568
04019004055,0.023027
04019004056,0.014908
04019004057,0.013181
04019004058,0.012141
04019004061,0.095214
04019004062,0.014072
04019004063,0.013759
04019004065,0.01446
04019004066,0.028242
04019004067,0.048034
04019004068,0.021312
04019004069,0.015046
04019004070,0.042521
04019004071,0.010709
04019004072,0.011047
04019004073,0.014969
04019004074,0.019778
04019004075,0.017236
04019004076,0.011773
04019004077,0.01551
04019004078,0.048062
04019004079,0.01882
04019004080,0.014337
04019004081,0.014414
04019004082,0.013255
04019004109,0.086658
04019004110,0.01171
04019004112,0.043047
04019004114,0.014971
04019004115,0.019577
04019004116,0.013684
04019004117,0.020504
04019004118,0.017667
04019004122,0.011272
04019004126,0.014386
04019004127,0.055316
04019004128,0.031255
04019004129,0.034242
04019004130,0.027881
04019004131,0.039088
04019004132,0.04483
04019004133,0.086161
04019004307,0.12576
04019004310,0.034592
04019004311,0.015269
04019004312,0.019647
04019004313,0.233952
04019004316,0.037514
04019004317,0.04668
04019004320,0.045614
04019004321,0.010981
04019004322,0.011546
04019004323,0.132571
04019004324,0.116557
04019004325,0.285346
04019004326,0.02766
04019004327,0.063897
04019004328,0.046501
04019004330,0.026253
04019004332,0.024104
04019004333,0.01514
04019004335,0.030274
04019004336,0.110922
04019004337,0.027393
04019004338,0.018245
04019004339,0.010133
04019004340,0.068735
04019004404,0.050593
04019004407,0.010155
04019004412,0.012647
04019004413,0.014836
04019004414,0.010664
04019004415,0.054057
04019004418,0.013763
04019004419,0.023194
04019004422,0.017095
04019004423,0.059274
04019004424,0.142633
04019004425,0.041643
04019004426,0.042373
04019004428,0.059556
04019004430,0.016096
04019004431,0.014289
04019004432,0.011387
04019004433,0.011318
04019004434,0.018646
04019004435,0.029523
04019004436,0.021194
04019004437,0.040305
04019004438,0.017067
04019004439,0.01206
04019004440,0.01617
04019004505,0.016669
04019004506,0.016251
04019004508,0.067101
04019004510,0.014735
04019004511,0.011028
04019004512,0.011227
04019004513,0.014551
04019004514,0.012016
04019004515,0.037575
04019004610,0.012511
04019004613,0.013852
04019004614,0.01359
04019004615,0.013143
04019004616,0.030965
04019004617,0.054164
04019004618,0.035822
04019004619,0.047713
04019004620,0.092656
04019004621,0.011607
04019004622,0.088749
04019004623,0.019561
04019004624,0.012318
04019004625,0.079117
04019004626,0.040747
04019004627,0.034207
04019004628,0.016826
04019004630,0.017744
04019004631,0.155784
04019004632,0.087292
04019004633,0.029638
04019004634,0.016083
04019004635,0.043843
04019004636,0.018341
04019004639,0.034783
04019004640,0.01623
04019004641,0.010122
04019004642,0.019273
04019004643,0.033218
04019004644,0.010986
04019004645,0.013332
04019004646,0.015518
04019004647,0.018922
04019004648,0.148716
04019004649,0.064692
04019004650,0.028557
04019004710,0.038662
04019004711,0.026064
04019004712,0.011205
04019004713,0.142534
04019004714,0.014543
04019004715,0.132368
04019004717,0.026511
04019004718,0.030554
04019004720,0.012959
04019004721,0.016352
04019004722,0.0499
04019004723,0.021905
04019004724,0.021173
04019004725,0.031124
04019004726,0.02543
04019004727,0.151123
04019004728,0.280108
04019004729,0.010989
04019004730,0.011799
04019005200,0.119801
04019005300,0.013682
04019005400,0.012432
04019940800,0.084794
04019940900,0.029489
04019941000,0.029436
04019941100,0.034211
04019980001,0.170378
04019980002,0.042217
04019980100,0.037017
04019980200,0.055284
04019980300,0.059488
04019980400,0.120374
04021000201,0.166115
04021000204,0.014293
04021000206,0.016838
04021000208,0.023096
04021000211,0.031069
04021000212,0.029692
04021000215,0.021614
04021000216,0.012224
04021000217,0.124601
04021000218,0.011259
04021000219,0.028373
04021000220,0.016954
04021000221,0.030375
04021000222,0.011715
04021000223,0.012088
04021000224,0.016983
04021000225,0.01176
04021000226,0.012593
04021000227,0.024841
04021000228,0.017775
04021000229,0.042997
04021000307,0.121165
04021000309,0.016957
04021000310,0.02218
04021000311,0.067464
04021000312,0.012093
04021000313,0.015755
04021000315,0.021649
04021000316,0.038596
04021000317,0.022916
04021000319,0.044477
04021000320,0.031339
04021000321,0.02456
04021000322,0.030043
04021000323,0.129592
04021000324,0.022287
04021000325,0.036001
04021000400,0.137661
04021000603,0.032378
04021000604,0.195427
04021000700,0.055943
04021000802,0.091715
04021000804,0.023738
04021000805,0.018886
04021000806,0.011733
04021000807,0.276659
04021000808,0.269753
04021000902,0.125039
04021000903,0.297558
04021000904,0.169128
04021001000,0.18366
04021001100,0.147703
04021001200,0.071357
04021001303,0.138592
04021001305,0.024592
04021001306,0.014949
04021001307,0.154634
04021001308,0.153177
04021001309,0.049224
04021001310,0.087922
04021001403,0.045365
04021001404,0.046307
04021001405,0.093078
04021001406,0.092278
04021001407,0.174942
04021001408,0.123068
04021001500,0.109251
04021001600,0.053764
04021001701,0.170968
04021001704,0.12775
04021001705,0.163476
04021001706,0.12565
04021001707,0.027958
04021001709,0.031266
04021001712,0.06263
04021001713,0.017659
04021001714,0.015292
04021001715,0.117774
04021001716,0.012489
04021001717,0.04663
04021001900,0.046485
04021002001,0.208256
04021002004,0.106303
04021002005,0.154145
04021002104,0.050746
04021002105,0.020846
04021002106,0.089676
04021002107,0.136882
04021002200,0.103912
04021002300,0.193259
04021002400,0.370709
04021941200,0.065514
04021941300,0.051736
04021941401,0.124549
04021941402,0.106113
04023966000,0.070993
04023966101,0.16281
04023966103,0.053879
04023966106,0.198845
04023966107,0.088036
04023966108,0.100221
04023966109,0.072793
04023966110,0.054027
04023966111,0.096206
04023966200,0.08094
04023966301,0.159421
04023966302,0.190428
04023966401,0.095524
04023966402,0.072304
04025000205,0.032112
04025000206,0.059292
04025000207,0.390652
04025000208,0.271842
04025000209,0.258203
04025000210,0.087581
04025000211,0.086309
04025000301,0.021722
04025000302,0.038961
04025000403,0.018637
04025000404,0.012845
04025000405,0.01665
04025000406,0.24047
04025000407,0.011415
04025000501,0.052773
04025000502,0.068765
04025000604,0.01302
04025000608,0.029102
04025000609,0.036276
04025000611,0.110454
04025000612,0.12169
04025000613,0.013188
04025000614,0.013123
04025000615,0.022654
04025000616,0.023314
04025000617,0.140127
04025000618,0.052099
04025000619,0.093706
04025000701,0.075514
04025000702,0.129584
04025000802,0.10959
04025000803,0.014551
04025000804,0.270787
04025000901,0.084141
04025000902,0.013015
04025001002,0.044357
04025001003,0.016112
04025001004,0.033346
04025001103,0.037516
04025001104,0.017118
04025001105,0.132339
04025001106,0.103368
04025001201,0.175862
04025001202,0.028507
04025001300,0.17689
04025001401,0.087284
04025001402,0.230848
04025001403,0.11095
04025001501,0.125521
04025001502,0.109326
04025001601,0.114977
04025001602,0.139014
04025001604,0.070812
04025001605,0.130127
04025001701,0.054238
04025001703,0.225856
04025001704,0.115407
04025001705,0.101736
04025001801,0.053107
04025001803,0.114044
04025001804,0.178324
04025001901,0.020484
04025001902,0.101983
04025001903,0.075821
04025001904,0.109467
04025002001,0.024813
04025002002,0.145891
04025002003,0.132027
04025002005,0.026497
04025002006,0.024885
04025002007,0.131931
04025002100,0.079079
04027012100,0.115413
04027980003,0.044417
04027980004,0.115573
35023970000,0.062997
06007000102,0.011702
06007000103,0.046396
06007000104,0.020351
06007000201,0.153112
06007000202,0.058363
06007000300,0.044031
06007000401,0.041038
06007000403,0.02597
06007000404,0.064729
06007000501,0.153344
06007000502,0.230964
06007000601,0.04062
06007000603,0.019008
06007000604,0.045828
06007000700,0.01886
06007000800,0.032202
06007000901,0.034003
06007000903,0.021959
06007000904,0.133058
06007001000,0.093052
06007001100,0.183725
06007001200,0.018466
06007001300,0.017517
06007001400,0.063886
06007001500,0.026955
06007001601,0.15481
06007001602,0.147736
06007001702,0.05951
06007001703,0.01888
06007001704,0.016389
06007001800,0.117785
06007001900,0.078381
06007002000,0.191913
06007002100,0.106359
06007002200,0.079774
06007002300,0.217386
06007002401,0.06244
06007002402,0.075731
06007002500,0.073917
06007002601,0.2474
06007002602,0.151565
06007002700,0.064595
06007002800,0.040861
06007002900,0.043178
06007003001,0.174392
06007003002,0.039453
06007003100,0.267283
06007003200,0.023605
06007003300,0.037057
06007003400,0.096568
06007003501,0.027592
06007003502,0.144087
06007003600,0.090366
06007003700,0.169976
06011000100,0.098685
06011000200,0.103326
06011000301,0.173734
06011000302,0.140069
06011000400,0.059351
06011000500,0.191313
06015000202,0.167743
06017030601,0.164797
06017030603,0.221479
06017030604,0.11924
06017030605,0.196104
06017030606,0.184365
06017030701,0.020683
06017030706,0.01873
06017030709,0.016578
06017030710,0.011751
06017030801,0.049036
06017030901,0.065306
06017030902,0.047075
06017031000,0.158107
06017031100,0.115922
06017031700,0.016956
06021010101,0.182788
06021010102,0.172354
06021010200,0.134903
06021010300,0.080834
06021010401,0.128415
06021010402,0.172719
06021010501,0.082626
06021010502,0.123582
06023001200,0.033919
06023010102,0.159349
06023010902,0.050989
06023011600,0.098679
06023940000,0.188755
06033000100,0.072825
06033000300,0.071831
06033000401,0.014325
06033000402,0.033164
06033000501,0.10544
06033000502,0.068733
06033000601,0.091414
06033000602,0.156625
06033000702,0.118753
06033000703,0.040802
06033000704,0.024579
06033000801,0.020717
06033000802,0.016969
06033000901,0.029022
06033000902,0.044929
06033001000,0.073357
06033001101,0.057718
06033001102,0.036991
06033001200,0.025911
06033001301,0.059345
06033001302,0.095683
06035040100,0.175141
06035040200,0.058626
06035040302,0.141301
06035040303,0.099319
06035040304,0.240933
06035040305,0.02454
06035040400,0.159732
06035040500,0.097881
06035040600,0.144666
06045010100,0.132481
06045010200,0.125874
06045010601,0.211161
06045010602,0.198325
06045010801,0.070151
06045010802,0.029578
06045011700,0.074888
06045011800,0.15679
06049000100,0.172946
06049000200,0.061082
06049000300,0.144626
06055201800,0.172685
06057000102,0.020297
06057000104,0.053032
06057000105,0.103085
06057000106,0.173305
06057000107,0.121926
06057000200,0.049592
06057000300,0.153381
06057000401,0.032211
06057000403,0.263162
06057000404,0.032073
06057000502,0.053493
06057000503,0.023454
06057000504,0.046505
06057000601,0.054045
06057000602,0.093976
06057000701,0.22715
06057000702,0.198613
06057000801,0.170219
06057000802,0.112633
06057000900,0.12382
06061020200,0.029527
06061020300,0.140811
06061020401,0.080204
06061020402,0.19668
06061020501,0.116601
06061020502,0.060486
06061020601,0.032388
06061020604,0.046299
06061020605,0.072079
06061020606,0.029352
06061020607,0.020524
06061020608,0.032144
06061020710,0.014911
06061020711,0.020996
06061020712,0.016855
06061020713,0.08671
06061020714,0.025661
06061020715,0.012557
06061020717,0.02519
06061020805,0.021799
06061020806,0.0332
06061020901,0.020172
06061020908,0.065375
06061021003,0.018784
06061021034,0.018507
06061021037,0.041707
06061021038,0.012625
06061021039,0.019421
06061021040,0.029713
06061021043,0.034407
06061021044,0.014301
06061021045,0.015408
06061021046,0.018964
06061021047,0.011909
06061021048,0.020631
06061021103,0.03174
06061021106,0.023768
06061021108,0.08988
06061021109,0.043374
06061021122,0.025267
06061021123,0.015908
06061021128,0.030502
06061021129,0.020678
06061021130,0.034926
06061021131,0.023614
06061021203,0.017526
06061021204,0.121867
06061021304,0.03304
06061021323,0.012099
06061021324,0.021467
06061021325,0.012659
06061021326,0.012027
06061021327,0.026046
06061021328,0.016574
06061021401,0.015659
06061021403,0.013614
06061021501,0.17552
06061021502,0.132429
06061021603,0.173005
06061021604,0.19532
06061021801,0.224329
06061021802,0.12938
06061021901,0.070433
06061021902,0.020439
06061022002,0.097238
06061022013,0.188065
06061022014,0.21326
06061022400,0.03265
06061022500,0.016384
06061022600,0.018566
06061022800,0.023373
06061022900,0.02924
06061023000,0.015067
06061023100,0.023981
06061023200,0.016868
06061023300,0.018813
06061023400,0.032225
06061023501,0.020671
06061023502,0.012988
06061023600,0.028434
06061023700,0.062805
06061023800,0.015079
06061023900,0.067681
06063000100,0.081676
06063000201,0.089383
06063000202,0.091278
06063000300,0.110036
06063000400,0.160442
06063000501,0.152707
06063000502,0.13989
06067000100,0.058957
06067000200,0.060563
06067000300,0.017526
06067000400,0.03205
06067000501,0.136304
06067000502,0.27467
06067000600,0.014154
06067000700,0.024639
06067000800,0.031956
06067001102,0.067028
06067001103,0.036731
06067001201,0.043117
06067001202,0.017186
06067001300,0.016286
06067001400,0.026935
06067001500,0.01817
06067001601,0.015072
06067001602,0.04663
06067001702,0.084425
06067001800,0.013853
06067001900,0.073165
06067002000,0.023979
06067002100,0.045953
06067002200,0.057683
06067002300,0.064404
06067002400,0.016916
06067002500,0.014545
06067002600,0.020182
06067002700,0.097721
06067005301,0.058935
06067005402,0.019956
06067005403,0.080085
06067005404,0.030258
06067005502,0.016987
06067005505,0.016098
06067005506,0.013284
06067005508,0.041583
06067005509,0.02313
06067005510,0.01707
06067005601,0.023256
06067005605,0.018572
06067005606,0.014532
06067005701,0.024968
06067005702,0.030851
06067005801,0.011447
06067005803,0.011859
06067005901,0.012765
06067005903,0.012764
06067005904,0.015012
06067006002,0.017308
06067006003,0.085752
06067006004,0.014273
06067006101,0.07967
06067006102,0.018328
06067006202,0.044072
06067006203,0.032513
06067006204,0.013809
06067006300,0.01347
06067006400,0.037244
06067006501,0.062567
06067006502,0.025864
06067006600,0.019041
06067006703,0.014877
06067006704,0.015224
06067006705,0.042146
06067006706,0.034769
06067006801,0.013439
06067006802,0.017506
06067006803,0.031001
06067006901,0.119397
06067006902,0.086796
06067007001,0.028524
06067007007,0.021523
06067007010,0.032539
06067007011,0.02671
06067007012,0.024747
06067007013,0.025805
06067007016,0.01612
06067007017,0.02758
06067007019,0.030618
06067007020,0.063824
06067007021,0.055207
06067007022,0.062189
06067007023,0.012726
06067007024,0.036863
06067007025,0.026496
06067007026,0.010533
06067007027,0.013622
06067007028,0.024833
06067007101,0.12248
06067007103,0.016212
06067007105,0.022972
06067007106,0.016877
06067007107,0.072382
06067007108,0.012826
06067007109,0.027815
06067007110,0.014349
06067007111,0.020298
06067007202,0.020068
06067007204,0.019122
06067007206,0.012689
06067007207,0.05607
06067007208,0.02215
06067007209,0.020813
06067007301,0.012385
06067007402,0.027206
06067007403,0.04766
06067007413,0.054399
06067007414,0.011363
06067007415,0.024894
06067007416,0.01938
06067007417,0.015345
06067007422,0.045049
06067007423,0.061349
06067007424,0.012409
06067007426,0.022785
06067007427,0.019338
06067007428,0.030036
06067007429,0.016596
06067007430,0.023878
06067007431,0.011075
06067007432,0.012177
06067007434,0.01398
06067007435,0.038496
06067007436,0.032694
06067007437,0.013956
06067007438,0.020172
06067007439,0.014153
06067007501,0.077596
06067007503,0.060689
06067007504,0.110165
06067007602,0.020209
06067007603,0.013455
06067007604,0.031298
06067007701,0.017164
06067007702,0.019132
06067007801,0.037276
06067007802,0.018322
06067007903,0.027447
06067007904,0.011415
06067007905,0.027059
06067007906,0.027482
06067008005,0.028535
06067008006,0.025003
06067008007,0.063428
06067008008,0.037815
06067008009,0.016374
06067008010,0.019819
06067008111,0.052149
06067008113,0.07329
06067008117,0.013328
06067008119,0.021412
06067008120,0.018019
06067008122,0.022835
06067008124,0.059243
06067008125,0.011885
06067008127,0.053788
06067008128,0.095672
06067008129,0.048902
06067008130,0.026258
06067008131,0.125074
06067008132,0.101133
06067008133,0.049846
06067008134,0.073435
06067008135,0.102954
06067008136,0.057853
06067008137,0.016176
06067008138,0.049826
06067008139,0.059555
06067008140,0.01363
06067008141,0.022485
06067008142,0.021858
06067008143,0.028696
06067008144,0.017586
06067008145,0.065107
06067008203,0.013294
06067008204,0.032738
06067008206,0.027005
06067008207,0.014678
06067008208,0.016311
06067008209,0.022725
06067008210,0.05458
06067008211,0.014529
06067008402,0.018725
06067008403,0.025794
06067008404,0.024718
06067008501,0.020492
06067008504,0.047252
06067008505,0.035145
06067008506,0.080899
06067008507,0.017529
06067008508,0.036891
06067008509,0.031209
06067008510,0.033305
06067008512,0.012825
06067008702,0.014701
06067008703,0.057068
06067008909,0.04427
06067008912,0.0475
06067008913,0.015031
06067988300,0.013342
06089010100,0.128513
06089010200,0.018808
06089010300,0.050093
06089010400,0.05349
06089010500,0.038818
06089010601,0.035312
06089010602,0.125789
06089010603,0.05285
06089010702,0.07497
06089010703,0.099961
06089010704,0.034591
06089010803,0.026309
06089010804,0.015322
06089010805,0.016454
06089010806,0.11534
06089010807,0.089953
06089010900,0.053975
06089011001,0.06461
06089011002,0.173957
06089011100,0.016229
06089011209,0.050988
06089011300,0.021747
06089011401,0.047615
06089011402,0.013318
06089011403,0.017435
06089011501,0.050197
06089011502,0.01631
06089011600,0.156548
06089011701,0.089189
06089011702,0.196127
06089011703,0.170828
06089011801,0.05006
06089011802,0.081129
06089011803,0.074217
06089011900,0.019834
06089012000,0.114757
06089012101,0.051637
06089012102,0.058384
06089012200,0.04541
06089012301,0.154933
06089012302,0.021025
06089012303,0.016307
06089012400,0.031898
06089012500,0.139678
06089012603,0.13318
06089012604,0.030671
06089012605,0.069912
06089012606,0.075444
06089012701,0.128296
06089012702,0.095309
06091010000,0.076697
06093000300,0.040505
06093000701,0.154375
06093000800,0.154652
06093000901,0.112789
06093000902,0.13223
06093001001,0.199319
06093001002,0.182519
06093001003,0.062822
06093001100,0.150036
06093001200,0.17675
06093001300,0.119095
06097154100,0.065285
06101050101,0.02685
06101050102,0.054673
06101050201,0.033346
06101050202,0.020652
06101050301,0.06681
06101050302,0.013704
06101050401,0.02043
06101050402,0.040834
06101050403,0.063696
06101050501,0.163013
06101050503,0.210119
06101050504,0.283548
06101050601,0.111245
06101050603,0.02021
06101050604,0.111671
06101050701,0.192427
06101050702,0.113655
06101050800,0.056164
06101050900,0.090049
06101051000,0.144561
06101051100,0.068846
06103000100,0.19327
06103000201,0.154401
06103000202,0.03686
06103000300,0.088485
06103000400,0.176022
06103000500,0.185455
06103000600,0.163351
06103000701,0.12759
06103000702,0.120574
06103000800,0.121944
06103000900,0.074178
06103001000,0.032817
06103001101,0.203009
06103001102,0.197387
06105000101,0.132543
06105000102,0.110019
06105000200,0.103344
06105000500,0.054522
06113010102,0.070331
06113010103,0.012358
06113010104,0.019506
06113010105,0.026842
06113010201,0.020402
06113010203,0.084395
06113010204,0.073634
06113010313,0.022677
06113010315,0.018733
06113010401,0.114215
06113010505,0.078962
06113010800,0.164291
06113010901,0.053913
06113010902,0.231366
06113011001,0.103467
06113011002,0.046938
06113011101,0.023474
06113011102,0.079042
06113011103,0.046243
06113011203,0.019895
06113011204,0.014121
06113011207,0.082639
06113011208,0.085121
06113011209,0.050518
06113011210,0.012385
06113011211,0.017441
06113011400,0.102098
06113011500,0.065789
06115040100,0.126137
06115040201,0.246777
06115040202,0.179041
06115040301,0.020449
06115040302,0.031399
06115040304,0.022564
06115040305,0.016536
06115040400,0.016244
06115040500,0.036955
06115040600,0.02417
06115040701,0.016305
06115040702,0.042159
06115040800,0.018138
06115040901,0.033877
06115040902,0.040448
06115041001,0.100401
06115041002,0.019537
06115041101,0.093376
06115041102,0.15001
48001950100,0.028841
48001950401,0.039808
48001950402,0.128149
48001950500,0.142389
48001950600,0.136383
48001950700,0.131259
48001950800,0.128595
48001950901,0.061136
48001950902,0.056092
48001951001,0.028152
48001951002,0.078397
48001951100,0.078722
48005000102,0.045238
48005000104,0.067428
48007950101,0.182325
48007950102,0.139261
48007950103,0.090278
48007950200,0.193689
48007950301,0.092535
48007950302,0.113065
48007950400,0.138036
48007950501,0.070122
48007950502,0.172322
48007950503,0.174356
48009020200,0.049285
48009020300,0.080748
48013960101,0.069112
48013960102,0.08417
48013960203,0.096207
48013960204,0.021272
48013960205,0.07499
48013960206,0.103388
48013960300,0.118553
48013960401,0.315686
48013960403,0.203525
48013960404,0.224936
48013960500,0.044564
48013960601,0.157638
48013960602,0.032527
48015760100,0.015195
48015760201,0.03188
48015760202,0.054043
48015760301,0.035424
48015760302,0.027263
48015760400,0.028899
48015760501,0.041522
48015760502,0.043892
48019000101,0.139319
48019000103,0.161285
48019000104,0.181911
48019000200,0.121067
48019000301,0.093004
48019000302,0.075023
48019000400,0.051171
48021950101,0.027493
48021950102,0.072794
48021950201,0.139589
48021950202,0.146412
48021950301,0.03499
48021950302,0.018533
48021950303,0.030487
48021950401,0.114234
48021950402,0.105002
48021950403,0.101059
48021950503,0.049704
48021950504,0.052732
48021950505,0.049599
48021950506,0.059873
48021950601,0.033055
48021950602,0.031495
48021950700,0.065722
48021950803,0.053206
48021950804,0.018405
48021950805,0.086698
48021950806,0.083832
48023950301,0.042131
48023950302,0.209684
48025950100,0.026681
48025950201,0.117833
48025950203,0.091582
48025950204,0.127134
48025950300,0.032091
48025950400,0.139794
48025950501,0.172323
48025950502,0.146839
48025950600,0.104417
48027020101,0.116573
48027020102,0.020978
48027020201,0.037452
48027020203,0.14399
48027020204,0.143487
48027020301,0.088122
48027020302,0.095467
48027020401,0.060285
48027020402,0.10237
48027020500,0.130339
48027020600,0.126682
48027020701,0.149951
48027020702,0.038711
48027020800,0.119792
48027020900,0.13216
48027021000,0.079266
48027021101,0.091592
48027021102,0.022372
48027021201,0.127792
48027021202,0.065246
48027021203,0.111711
48027021301,0.033231
48027021302,0.041455
48027021304,0.025005
48027021305,0.01793
48027021400,0.038589
48027021501,0.023374
48027021502,0.050763
48027021601,0.090557
48027021602,0.185001
48027021701,0.028201
48027021702,0.165236
48027021801,0.095339
48027021802,0.040607
48027021901,0.069586
48027021905,0.018086
48027021906,0.032047
48027021907,0.020942
48027021908,0.021567
48027022001,0.130428
48027022002,0.023452
48027022101,0.01132
48027022103,0.021355
48027022104,0.026838
48027022105,0.022273
48027022200,0.013118
48027022300,0.08239
48027022401,0.041731
48027022402,0.012705
48027022403,0.012516
48027022405,0.029581
48027022406,0.028376
48027022407,0.009995
48027022501,0.072476
48027022503,0.013748
48027022504,0.012826
48027022600,0.119731
48027022801,0.01098
48027022900,0.152425
48027023001,0.028418
48027023002,0.014704
48027023103,0.144043
48027023104,0.060792
48027023109,0.026765
48027023110,0.08028
48027023111,0.108794
48027023112,0.02556
48027023113,0.01764
48027023114,0.010656
48027023115,0.017253
48027023116,0.111822
48027023117,0.122136
48027023118,0.166987
48027023201,0.142716
48027023202,0.065333
48027023203,0.112691
48027023204,0.030265
48027023301,0.051256
48027023302,0.059294
48027023402,0.018054
48027023404,0.021254
48027023405,0.031752
48027023406,0.022243
48027023500,0.181454
48027980001,0.181467
48027980002,0.298175
48027980003,0.07314
48029110100,0.022118
48029110300,0.017318
48029110500,0.010615
48029110600,0.015191
48029110700,0.049796
48029111000,0.035791
48029111100,0.026768
48029120100,0.014161
48029120301,0.121108
48029120302,0.060911
48029120401,0.02585
48029120402,0.135196
48029120502,0.058433
48029120503,0.011273
48029120504,0.058821
48029120601,0.096222
48029120602,0.157586
48029120701,0.036996
48029120702,0.062141
48029120800,0.015638
48029120901,0.027016
48029120902,0.048954
48029121000,0.015749
48029121110,0.019951
48029121111,0.019212
48029121112,0.034075
48029121115,0.031902
48029121116,0.05252
48029121117,0.023059
48029121118,0.031537
48029121119,0.0154
48029121120,0.018142
48029121121,0.013728
48029121122,0.018614
48029121123,0.062566
48029121124,0.02199
48029121203,0.040525
48029121204,0.016377
48029121205,0.026011
48029121206,0.017864
48029121300,0.01142
48029121402,0.014025
48029121403,0.012468
48029121404,0.032503
48029121501,0.028713
48029121504,0.015138
48029121505,0.034687
48029121506,0.023096
48029121507,0.012996
48029121508,0.012594
48029121601,0.092803
48029121604,0.027113
48029121605,0.0228
48029121606,0.043773
48029121701,0.196772
48029121702,0.054489
48029121802,0.030992
48029121803,0.015868
48029121804,0.014209
48029121808,0.012144
48029121809,0.029412
48029121810,0.019587
48029121811,0.012397
48029121812,0.016802
48029121813,0.089568
48029121903,0.015591
48029121904,0.02801
48029121905,0.037669
48029121906,0.015704
48029121908,0.037562
48029121909,0.019552
48029121910,0.023342
48029121911,0.015439
48029121912,0.027227
48029130200,0.031163
48029130300,0.012245
48029130401,0.027576
48029130402,0.085297
48029130500,0.017668
48029130600,0.011993
48029130700,0.021723
48029130800,0.022949
48029130900,0.031699
48029131000,0.072338
48029131100,0.019725
48029131200,0.203682
48029131300,0.123376
48029131401,0.140396
48029131402,0.116989
48029131503,0.015407
48029131504,0.039274
48029131505,0.011374
48029131506,0.035995
48029131507,0.015092
48029131601,0.088838
48029131606,0.125997
48029131608,0.050755
48029131609,0.041509
48029131610,0.03484
48029131612,0.020945
48029131614,0.017588
48029131615,0.017757
48029131616,0.059999
48029131700,0.02158
48029131801,0.041079
48029131802,0.062995
48029140100,0.032197
48029140200,0.045929
48029140300,0.087178
48029140400,0.020735
48029140500,0.01704
48029140600,0.02456
48029140700,0.011635
48029140800,0.014137
48029140900,0.028315
48029141000,0.025048
48029141101,0.06479
48029141102,0.040058
48029141200,0.011455
48029141300,0.055248
48029141402,0.116945
48029141403,0.110371
48029141404,0.012395
48029141600,0.104934
48029141700,0.061972
48029141800,0.140326
48029141900,0.187424
48029150100,0.071178
48029150300,0.020329
48029150400,0.087536
48029150501,0.050834
48029150502,0.010436
48029150600,0.028296
48029150700,0.015602
48029150800,0.215192
48029150900,0.078873
48029151000,0.07901
48029151100,0.073961
48029151200,0.065493
48029151301,0.050519
48029151302,0.034345
48029151400,0.099102
48029151500,0.149441
48029151600,0.01647
48029151700,0.079092
48029151900,0.112587
48029152000,0.070198
48029152100,0.220185
48029152201,0.081065
48029152202,0.09853
48029160100,0.01756
48029160200,0.089414
48029160300,0.162685
48029160400,0.023097
48029160501,0.012811
48029160502,0.113744
48029160600,0.011649
48029160701,0.059349
48029160702,0.022636
48029160901,0.103755
48029160902,0.041229
48029161000,0.142736
48029161100,0.063472
48029161200,0.077446
48029161302,0.051186
48029161303,0.017681
48029161304,0.031245
48029161400,0.188158
48029161501,0.117176
48029161503,0.057014
48029161504,0.011474
48029161600,0.061568
48029161801,0.061124
48029161802,0.079989
48029161901,0.094918
48029161902,0.106146
48029162001,0.168528
48029162003,0.139104
48029162004,0.10969
48029170101,0.176521
48029170102,0.011358
48029170200,0.013608
48029170300,0.018435
48029170401,0.078877
48029170402,0.012595
48029170500,0.160374
48029170600,0.05421
48029170700,0.015401
48029170800,0.011318
48029170900,0.012023
48029171000,0.012426
48029171100,0.011395
48029171200,0.026691
48029171301,0.012684
48029171302,0.013699
48029171401,0.009945
48029171402,0.034909
48029171501,0.013871
48029171502,0.011265
48029171601,0.036133
48029171602,0.045959
48029171700,0.026127
48029171801,0.014281
48029171802,0.034592
48029171903,0.033265
48029171912,0.014315
48029171913,0.071596
48029171914,0.013973
48029171915,0.023916
48029171916,0.019358
48029171917,0.016762
48029171918,0.013359
48029171919,0.07297
48029171920,0.011581
48029171921,0.101432
48029171922,0.016163
48029171923,0.044061
48029171924,0.013449
48029171926,0.01489
48029171927,0.016497
48029171928,0.011479
48029171929,0.011135
48029172002,0.147125
48029172003,0.069903
48029172004,0.018169
48029172005,0.015392
48029172006,0.042625
48029172008,0.027494
48029172009,0.015891
48029180101,0.012054
48029180102,0.011702
48029180201,0.015407
48029180202,0.012668
48029180300,0.096487
48029180400,0.201489
48029180501,0.160096
48029180503,0.014586
48029180504,0.028573
48029180602,0.036671
48029180603,0.021429
48029180604,0.094166
48029180701,0.064014
48029180702,0.018903
48029180800,0.034495
48029180901,0.019907
48029180902,0.020673
48029181001,0.033894
48029181003,0.084909
48029181004,0.070769
48029181005,0.036702
48029181100,0.015409
48029181200,0.012981
48029181301,0.049447
48029181302,0.03891
48029181303,0.096561
48029181402,0.030642
48029181403,0.242015
48029181404,0.071322
48029181503,0.020809
48029181504,0.017569
48029181505,0.01448
48029181506,0.060207
48029181601,0.040528
48029181602,0.017574
48029181703,0.03712
48029181704,0.13729
48029181705,0.077587
48029181711,0.012483
48029181712,0.039603
48029181713,0.012914
48029181715,0.011901
48029181716,0.061278
48029181718,0.011848
48029181720,0.039807
48029181721,0.054241
48029181722,0.027421
48029181723,0.01324
48029181724,0.065056
48029181725,0.043097
48029181726,0.013596
48029181727,0.015368
48029181729,0.013003
48029181730,0.018675
48029181731,0.01076
48029181732,0.03326
48029181733,0.01069
48029181808,0.013291
48029181809,0.016178
48029181811,0.131342
48029181813,0.015172
48029181814,0.013298
48029181815,0.071826
48029181816,0.012244
48029181817,0.013528
48029181818,0.012587
48029181819,0.013298
48029181820,0.017315
48029181821,0.04357
48029181822,0.07115
48029181823,0.041062
48029181824,0.010561
48029181825,0.078903
48029181826,0.013377
48029181901,0.018167
48029181902,0.014454
48029182001,0.040162
48029182002,0.114657
48029182003,0.020355
48029182101,0.025067
48029182102,0.016419
48029182103,0.142421
48029182105,0.043646
48029182106,0.10133
48029190100,0.034547
48029190200,0.017124
48029190400,0.012871
48029190501,0.024224
48029190503,0.01399
48029190504,0.060717
48029190601,0.040769
48029190603,0.01357
48029190604,0.024156
48029190700,0.01434
48029190800,0.02483
48029190901,0.015591
48029190902,0.090384
48029191003,0.010566
48029191004,0.01189
48029191005,0.0373
48029191006,0.012167
48029191101,0.015328
48029191102,0.024846
48029191201,0.010043
48029191202,0.017381
48029191303,0.014501
48029191304,0.022446
48029191405,0.01173
48029191406,0.026806
48029191408,0.014401
48029191409,0.020351
48029191410,0.051974
48029191411,0.011895
48029191412,0.013445
48029191413,0.0169
48029191503,0.016029
48029191504,0.049334
48029191505,0.017025
48029191506,0.027054
48029191701,0.064415
48029191702,0.025459
48029191804,0.024273
48029191806,0.01604
48029191807,0.014152
48029191808,0.023337
48029191809,0.045399
48029191810,0.012949
48029191811,0.013677
48029191812,0.012557
48029191813,0.014059
48029191814,0.012859
48029191815,0.033592
48029191816,0.038488
48029191818,0.018112
48029191819,0.012369
48029191900,0.016974
48029192000,0.095392
48029192100,0.04469
48029192200,0.164993
48029192300,0.019367
48029980001,0.078501
48029980002,0.168926
48029980003,0.072887
48029980004,0.064648
48029980005,0.022386
48029980100,0.042148
48031950101,0.143961
48031950102,0.118811
48031950201,0.082731
48031950202,0.098374
48033950100,0.111861
48035950100,0.036666
48035950200,0.142521
48035950300,0.223698
48035950400,0.089453
48035950500,0.056942
48035950600,0.162586
48035950700,0.047774
48039660100,0.032895
48039660200,0.043549
48039660301,0.028501
48039660302,0.010995
48039660303,0.026778
48039660401,0.033567
48039660402,0.0212
48039660403,0.07467
48039660501,0.108948
48039660502,0.018896
48039660503,0.037566
48039660504,0.013599
48039660603,0.012235
48039660604,0.01095
48039660605,0.011497
48039660606,0.029369
48039660607,0.022681
48039660608,0.027545
48039660609,0.01146
48039660610,0.039581
48039660611,0.028537
48039660612,0.014046
48039660613,0.01384
48039660614,0.165264
48039660615,0.020696
48039660616,0.012494
48039660703,0.025987
48039660704,0.026506
48039660705,0.01566
48039660706,0.054233
48039660707,0.01612
48039660708,0.056852
48039660803,0.012267
48039660804,0.085175
48039660805,0.01213
48039660806,0.030627
48039660901,0.14796
48039660902,0.051219
48039661000,0.11805
48039661100,0.13556
48039661200,0.146846
48039661300,0.163946
48039661400,0.050706
48039661501,0.049076
48039661502,0.067122
48039661601,0.226449
48039661602,0.057561
48039661700,0.084904
48039661800,0.075958
48039661901,0.043887
48039661902,0.035967
48039662000,0.030612
48039662100,0.077974
48039662200,0.136671
48039662300,0.181582
48039662400,0.10181
48039662500,0.061479
48039662600,0.156263
48039662700,0.054145
48039662800,0.016974
48039662900,0.060962
48039663000,0.102101
48039663100,0.101747
48039663200,0.01811
48039663300,0.026746
48039663400,0.034159
48039663500,0.021177
48039663600,0.021366
48039663700,0.097977
48039663800,0.024612
48039663900,0.050032
48039664000,0.08299
48039664100,0.021939
48039664200,0.08563
48039664300,0.024963
48039664400,0.037215
48039664501,0.017852
48039990000,0.033219
48041000103,0.228222
48041000104,0.175851
48041000105,0.02348
48041000106,0.116145
48041000107,0.013061
48041000108,0.159601
48041000203,0.038823
48041000204,0.020666
48041000205,0.060537
48041000206,0.037082
48041000207,0.07867
48041000301,0.094278
48041000302,0.095875
48041000401,0.099122
48041000402,0.058771
48041000501,0.156552
48041000502,0.053956
48041000603,0.020647
48041000605,0.013757
48041000606,0.020163
48041000700,0.0154
48041000800,0.021426
48041000900,0.018486
48041001001,0.017867
48041001002,0.021049
48041001101,0.014781
48041001102,0.023324
48041001301,0.024411
48041001302,0.067242
48041001303,0.106543
48041001401,0.026454
48041001604,0.012731
48041001605,0.023474
48041001606,0.040056
48041001607,0.125768
48041001608,0.011916
48041001702,0.079082
48041001703,0.097448
48041001704,0.0817
48041001801,0.034229
48041001803,0.011919
48041001804,0.01526
48041001901,0.03669
48041001902,0.033089
48041002001,0.027105
48041002006,0.036977
48041002009,0.019305
48041002010,0.051987
48041002011,0.02179
48041002014,0.024633
48041002016,0.035695
48041002017,0.023788
48041002018,0.021809
48041002019,0.009906
48041002020,0.023149
48041002021,0.015149
48041002022,0.01425
48041002023,0.015648
48041002024,0.016928
48041002025,0.06732
48041002026,0.183392
48041002100,0.01287
48041980000,0.01959
48047950100,0.068411
48047950200,0.120688
48049950100,0.04523
48049950201,0.056974
48049950202,0.181509
48049950300,0.154944
48049950500,0.028319
48049950600,0.157288
48049950700,0.076293
48049950800,0.145937
48049950900,0.031002
48049951000,0.01869
48049951100,0.10104
48049951200,0.169177
48049951300,0.024419
48051970100,0.117414
48051970201,0.061821
48051970202,0.045494
48051970300,0.150971
48051970400,0.04302
48051970501,0.142596
48051970502,0.026398
48053960101,0.019548
48053960102,0.058675
48053960200,0.135287
48053960301,0.184896
48053960302,0.17032
48053960401,0.056069
48053960402,0.082735
48053960501,0.063694
48053960502,0.080224
48053960600,0.02386
48053960701,0.079135
48053960702,0.128594
48053960801,0.088052
48053960802,0.182614
48053960803,0.051502
48055960102,0.019785
48055960103,0.143676
48055960104,0.21325
48055960200,0.09581
48055960300,0.181254
48055960400,0.146959
48055960501,0.111508
48055960502,0.153771
48055960600,0.102455
48055960701,0.14413
48055960702,0.151243
48057000100,0.102912
48057000200,0.164816
48057000300,0.202742
48057000401,0.072749
48057000402,0.096212
48057000501,0.145853
48057000502,0.203482
48057990000,0.035563
48059030101,0.015086
48059030102,0.028954
48059030200,0.046493
48061010101,0.01474
48061010102,0.217469
48061010103,0.024624
48061010201,0.03081
48061010204,0.120794
48061010205,0.081476
48061010301,0.018502
48061010303,0.017306
48061010304,0.022064
48061010403,0.192592
48061010404,0.013322
48061010405,0.016834
48061010406,0.017539
48061010500,0.027771
48061010602,0.2786
48061010603,0.111206
48061010604,0.144232
48061010700,0.099209
48061010801,0.083013
48061010802,0.037436
48061010900,0.169692
48061011000,0.068
48061011100,0.092725
48061011200,0.142069
48061011301,0.154342
48061011302,0.27834
48061011401,0.057989
48061011402,0.186898
48061011500,0.165664
48061011601,0.02079
48061011602,0.050411
48061011701,0.122079
48061011702,0.140784
48061011801,0.081398
48061011802,0.013444
48061011903,0.025049
48061011904,0.050921
48061011905,0.131861
48061011906,0.026057
48061011907,0.057766
48061011908,0.022188
48061012002,0.031715
48061012003,0.025613
48061012004,0.042099
48061012103,0.030209
48061012104,0.025829
48061012105,0.015932
48061012106,0.013549
48061012201,0.036775
48061012202,0.023925
48061012203,0.01652
48061012301,0.025543
48061012304,0.068061
48061012305,0.046734
48061012402,0.138028
48061012403,0.044967
48061012404,0.077825
48061012506,0.023531
48061012508,0.05147
48061012509,0.022031
48061012510,0.07636
48061012511,0.082268
48061012512,0.279709
48061012513,0.090315
48061012514,0.011767
48061012515,0.029247
48061012516,0.025027
48061012517,0.012288
48061012607,0.036788
48061012608,0.04982
48061012613,0.048733
48061012614,0.03068
48061012615,0.014317
48061012616,0.010387
48061012617,0.013889
48061012700,0.174154
48061012800,0.051997
48061012900,0.233224
48061013002,0.035342
48061013003,0.0483
48061013004,0.126992
48061013102,0.076661
48061013104,0.024838
48061013106,0.122123
48061013203,0.070592
48061013204,0.022286
48061013205,0.149801
48061013206,0.15733
48061013207,0.087008
48061013303,0.214288
48061013305,0.018049
48061013306,0.02182
48061013307,0.026005
48061013308,0.034846
48061013309,0.01525
48061013401,0.07783
48061013402,0.09924
48061013500,0.047645
48061013600,0.277352
48061013700,0.038125
48061013801,0.011559
48061013802,0.019555
48061013901,0.011527
48061013902,0.101398
48061013903,0.019943
48061014001,0.013132
48061014002,0.049483
48061014101,0.011852
48061014102,0.012688
48061014103,0.020916
48061014201,0.152446
48061014202,0.112336
48061014300,0.11175
48061014401,0.053199
48061014402,0.042856
48061014403,0.01459
48061014404,0.013079
48061014501,0.013427
48061014502,0.01079
48061980001,0.055531
48061980100,0.436344
48063950101,0.077352
48063950102,0.151204
48063950200,0.130266
48073950100,0.129474
48073950201,0.103796
48073950202,0.203548
48073950301,0.159618
48073950302,0.176363
48073950400,0.20089
48073950500,0.204308
48073950600,0.183733
48073950700,0.18187
48073950801,0.117547
48073950802,0.145666
48073950900,0.166599
48073951000,0.16016
48073951100,0.145995
48077030302,0.041079
48081950100,0.061438
48081950200,0.151575
48083950300,0.145347
48083950600,0.12487
48083950700,0.037907
48085030101,0.021202
48085030102,0.0524
48085030201,0.042704
48085030202,0.035843
48085030204,0.112363
48085030205,0.071259
48085030206,0.051062
48085030207,0.056716
48085030301,0.02348
48085030302,0.014466
48085030303,0.02592
48085030304,0.025392
48085030306,0.027494
48085030307,0.036808
48085030403,0.03051
48085030404,0.018124
48085030405,0.013246
48085030406,0.014181
48085030407,0.048374
48085030409,0.020629
48085030410,0.020559
48085030504,0.03225
48085030505,0.026078
48085030506,0.013918
48085030507,0.038138
48085030509,0.013147
48085030510,0.013925
48085030511,0.013604
48085030512,0.015556
48085030515,0.014778
48085030516,0.01188
48085030517,0.032059
48085030518,0.020513
48085030519,0.019326
48085030520,0.012201
48085030521,0.012478
48085030524,0.015892
48085030525,0.011607
48085030529,0.029969
48085030531,0.026706
48085030532,0.024604
48085030533,0.012291
48085030534,0.015529
48085030535,0.019888
48085030536,0.01128
48085030537,0.019052
48085030538,0.031301
48085030539,0.01753
48085030540,0.028634
48085030541,0.016527
48085030542,0.018754
48085030543,0.015117
48085030544,0.029817
48085030545,0.040456
48085030546,0.016663
48085030547,0.027214
48085030548,0.016874
48085030549,0.026899
48085030550,0.01318
48085030604,0.016685
48085030605,0.036277
48085030606,0.025104
48085030607,0.024103
48085030608,0.044819
48085030609,0.01414
48085030701,0.05882
48085030702,0.027436
48085030801,0.024403
48085030802,0.021374
48085030901,0.137196
48085030902,0.028249
48085030903,0.017514
48085031003,0.038969
48085031005,0.020051
48085031006,0.098213
48085031007,0.032883
48085031008,0.018335
48085031101,0.093456
48085031102,0.103809
48085031201,0.024763
48085031202,0.021843
48085031308,0.016435
48085031314,0.020311
48085031318,0.028879
48085031319,0.019302
48085031320,0.016281
48085031321,0.014535
48085031322,0.033622
48085031323,0.011428
48085031324,0.012395
48085031325,0.038167
48085031326,0.0229
48085031327,0.025994
48085031328,0.025071
48085031329,0.013827
48085031330,0.016536
48085031331,0.012737
48085031332,0.033194
48085031333,0.020795
48085031334,0.015922
48085031335,0.057416
48085031336,0.021105
48085031408,0.021798
48085031411,0.016045
48085031412,0.020673
48085031413,0.024559
48085031414,0.013817
48085031415,0.022612
48085031416,0.023862
48085031417,0.014946
48085031418,0.022225
48085031419,0.018002
48085031420,0.021599
48085031421,0.018155
48085031422,0.012158
48085031423,0.051319
48085031424,0.01511
48085031425,0.01505
48085031504,0.011042
48085031507,0.052729
48085031508,0.019503
48085031509,0.025103
48085031510,0.022289
48085031511,0.015284
48085031512,0.013645
48085031611,0.029609
48085031613,0.015887
48085031621,0.030674
48085031622,0.021932
48085031623,0.013944
48085031624,0.034868
48085031625,0.015576
48085031626,0.020326
48085031627,0.016511
48085031628,0.014025
48085031629,0.015923
48085031630,0.013742
48085031631,0.020768
48085031632,0.014432
48085031633,0.026057
48085031634,0.012459
48085031635,0.013253
48085031636,0.018523
48085031639,0.01571
48085031641,0.014879
48085031642,0.015844
48085031643,0.015678
48085031645,0.050016
48085031646,0.014516
48085031647,0.021303
48085031649,0.025052
48085031654,0.018655
48085031655,0.028331
48085031657,0.023323
48085031659,0.013947
48085031660,0.019021
48085031661,0.02052
48085031662,0.014583
48085031663,0.032568
48085031664,0.016324
48085031665,0.018452
48085031666,0.022151
48085031667,0.033661
48085031668,0.026641
48085031669,0.015816
48085031670,0.021424
48085031671,0.042695
48085031672,0.016192
48085031673,0.022853
48085031674,0.015364
48085031675,0.012446
48085031676,0.011432
48085031677,0.01423
48085031678,0.020507
48085031679,0.011587
48085031680,0.042035
48085031681,0.015711
48085031682,0.018549
48085031704,0.028514
48085031706,0.038177
48085031708,0.0368
48085031709,0.019339
48085031711,0.025245
48085031713,0.059784
48085031715,0.062649
48085031716,0.068587
48085031717,0.116344
48085031718,0.015787
48085031719,0.011171
48085031720,0.057809
48085031721,0.022475
48085031722,0.116245
48085031723,0.052425
48085031724,0.037842
48085031806,0.022036
48085031807,0.014513
48085031808,0.017402
48085031809,0.019166
48085031810,0.035741
48085031811,0.042139
48085031812,0.014665
48085031813,0.013275
48085031814,0.013046
48085031815,0.015666
48085031816,0.030725
48085031901,0.016833
48085031902,0.026429
48085031903,0.019769
48085031904,0.025298
48085032003,0.01635
48085032008,0.018987
48085032010,0.034683
48085032012,0.013707
48085032013,0.035228
48085032014,0.013082
48085032015,0.023339
48085032016,0.020902
48085032017,0.017214
48085032018,0.032508
48085032019,0.020576
48089750100,0.048612
48089750200,0.075627
48089750300,0.021152
48089750400,0.02838
48089750500,0.033646
48091310100,0.084774
48091310200,0.011202
48091310301,0.221627
48091310302,0.153161
48091310401,0.051678
48091310404,0.012737
48091310405,0.036096
48091310406,0.06199
48091310501,0.082914
48091310502,0.046122
48091310503,0.099525
48091310603,0.033497
48091310604,0.051448
48091310608,0.028336
48091310609,0.024527
48091310610,0.112598
48091310611,0.048195
48091310612,0.055973
48091310613,0.031611
48091310614,0.042568
48091310702,0.105657
48091310703,0.062454
48091310705,0.156597
48091310706,0.034218
48091310707,0.090579
48091310708,0.046785
48091310801,0.034988
48091310803,0.040618
48091310804,0.043089
48091310901,0.051276
48091310903,0.079773
48091310904,0.069779
48091310905,0.02596
48093950101,0.133252
48093950102,0.092009
48093950200,0.054216
48093950300,0.08726
48093950400,0.138855
48095950300,0.085849
48097000100,0.11347
48097000200,0.05302
48097000400,0.082531
48097000500,0.02523
48097000600,0.133371
48097000701,0.030877
48097000702,0.071223
48097000900,0.030392
48097001100,0.029255
48099010101,0.03206
48099010102,0.028844
48099010201,0.087355
48099010202,0.098492
48099010300,0.188795
48099010400,0.050087
48099010501,0.016097
48099010502,0.018629
48099010503,0.035502
48099010504,0.090952
48099010601,0.012134
48099010603,0.011289
48099010604,0.012902
48099010701,0.018496
48099010702,0.239559
48099010802,0.0971
48099010803,0.109283
48099010804,0.131025
48099980000,0.040657
48105950100,0.059117
48107950100,0.07047
48107950200,0.028881
48107950300,0.033857
48113000100,0.102709
48113000201,0.059596
48113000202,0.037918
48113000300,0.054861
48113000401,0.016127
48113000405,0.034524
48113000407,0.026769
48113000408,0.027046
48113000409,0.040248
48113000410,0.016588
48113000501,0.04293
48113000502,0.020898
48113000503,0.045201
48113000605,0.013443
48113000606,0.090904
48113000607,0.013757
48113000608,0.033132
48113000609,0.015057
48113000610,0.011986
48113000611,0.02112
48113000703,0.026052
48113000704,0.021715
48113000705,0.017825
48113000706,0.040664
48113000801,0.012997
48113000802,0.029414
48113000901,0.037269
48113000902,0.036714
48113001001,0.025702
48113001002,0.032461
48113001101,0.025571
48113001102,0.044489
48113001202,0.0551
48113001203,0.183585
48113001204,0.160189
48113001301,0.013583
48113001302,0.036431
48113001400,0.073284
48113001502,0.022742
48113001503,0.013458
48113001504,0.015722
48113001601,0.01549
48113001602,0.015679
48113001703,0.042296
48113001705,0.016337
48113001801,0.033908
48113001802,0.038168
48113001901,0.044644
48113001902,0.03469
48113002001,0.047431
48113002002,0.013817
48113002100,0.021156
48113002200,0.018943
48113002400,0.046468
48113002500,0.024735
48113002703,0.083987
48113003102,0.019038
48113003103,0.065485
48113003700,0.125327
48113004201,0.034609
48113004202,0.013818
48113004300,0.015395
48113004400,0.026092
48113004500,0.024051
48113004600,0.014323
48113004700,0.030614
48113004800,0.011617
48113005000,0.013181
48113005100,0.014122
48113005200,0.017502
48113005300,0.013031
48113005400,0.012437
48113005500,0.017688
48113005600,0.013746
48113005700,0.026679
48113005901,0.020941
48113005902,0.013291
48113006001,0.013578
48113006002,0.029951
48113006100,0.019402
48113006200,0.051844
48113006301,0.027902
48113006302,0.022825
48113006401,0.011845
48113006402,0.061279
48113006501,0.014165
48113006502,0.021394
48113006701,0.012782
48113006702,0.025699
48113006800,0.026779
48113006900,0.018884
48113007101,0.040907
48113007102,0.032442
48113007203,0.023452
48113007204,0.08706
48113007205,0.023583
48113007206,0.065569
48113007301,0.050943
48113007302,0.057189
48113007601,0.02793
48113007604,0.012592
48113007605,0.031854
48113007701,0.036404
48113007702,0.043199
48113007801,0.029795
48113007805,0.013105
48113007809,0.038819
48113007810,0.01684
48113007812,0.031974
48113007815,0.017139
48113007819,0.049845
48113007821,0.019412
48113007822,0.02626
48113007823,0.03905
48113007824,0.015259
48113007825,0.020773
48113007826,0.024299
48113007827,0.030226
48113007828,0.078908
48113007829,0.015117
48113007830,0.05705
48113007831,0.04281
48113007832,0.141963
48113007833,0.014659
48113007834,0.036657
48113007835,0.047124
48113007902,0.033129
48113007903,0.040847
48113007906,0.018965
48113007909,0.039961
48113007910,0.04536
48113007912,0.05306
48113007913,0.047051
48113007914,0.032328
48113007915,0.097791
48113007916,0.034098
48113008000,0.0282
48113008101,0.181189
48113008102,0.140414
48113008200,0.136504
48113008401,0.055701
48113008402,0.023513
48113008500,0.034254
48113008604,0.050098
48113008701,0.062589
48113008703,0.016301
48113008704,0.038329
48113008705,0.07367
48113008801,0.012205
48113008802,0.031201
48113009001,0.07025
48113009002,0.016062
48113009101,0.050517
48113009103,0.011988
48113009104,0.047254
48113009105,0.134492
48113009202,0.016926
48113009203,0.058398
48113009204,0.012828
48113009301,0.02032
48113009303,0.060248
48113009304,0.027492
48113009401,0.016445
48113009402,0.014158
48113009500,0.013086
48113009603,0.018373
48113009604,0.046495
48113009605,0.026434
48113009607,0.020653
48113009608,0.014978
48113009609,0.030483
48113009610,0.07408
48113009611,0.024295
48113009701,0.019011
48113009702,0.015489
48113009802,0.020331
48113009803,0.0258
48113009804,0.019088
48113009900,0.061654
48113010001,0.051759
48113010002,0.119559
48113010003,0.02803
48113010101,0.038828
48113010102,0.019176
48113010500,0.017302
48113010601,0.020564
48113010602,0.063076
48113010701,0.021383
48113010704,0.0158
48113010804,0.014232
48113010805,0.028065
48113010806,0.024803
48113010807,0.013938
48113010808,0.016896
48113010809,0.029003
48113010903,0.01917
48113010904,0.016979
48113010905,0.01777
48113010906,0.014796
48113011002,0.01691
48113011003,0.010845
48113011004,0.039273
48113011101,0.015852
48113011103,0.011962
48113011104,0.011991
48113011105,0.022372
48113011201,0.022887
48113011202,0.017632
48113011300,0.028864
48113011401,0.021649
48113011500,0.05302
48113011601,0.132032
48113011603,0.042759
48113011604,0.018914
48113011701,0.011352
48113011702,0.018512
48113011801,0.016803
48113011802,0.012655
48113011901,0.010696
48113011902,0.040767
48113012000,0.034126
48113012101,0.030828
48113012102,0.018942
48113012206,0.014341
48113012207,0.016116
48113012208,0.036305
48113012209,0.035126
48113012210,0.014933
48113012211,0.025518
48113012212,0.02244
48113012213,0.014054
48113012301,0.060521
48113012302,0.048678
48113012400,0.033194
48113012501,0.103959
48113012502,0.101925
48113012601,0.106397
48113012603,0.060119
48113012604,0.055108
48113012701,0.047408
48113012702,0.110734
48113012801,0.152313
48113012802,0.055915
48113012900,0.048277
48113013005,0.031762
48113013007,0.028609
48113013008,0.014424
48113013009,0.021473
48113013010,0.029306
48113013011,0.024093
48113013012,0.023107
48113013013,0.025327
48113013101,0.019169
48113013102,0.010894
48113013104,0.023643
48113013106,0.014867
48113013107,0.022168
48113013201,0.023095
48113013202,0.034179
48113013300,0.023223
48113013400,0.039671
48113013500,0.010661
48113013605,0.018541
48113013606,0.016589
48113013607,0.020784
48113013608,0.016843
48113013609,0.019955
48113013610,0.012653
48113013611,0.036864
48113013615,0.087775
48113013617,0.053287
48113013618,0.041605
48113013619,0.013251
48113013620,0.036634
48113013621,0.091904
48113013622,0.048093
48113013624,0.029383
48113013625,0.058693
48113013626,0.066454
48113013627,0.089873
48113013628,0.017317
48113013629,0.030039
48113013630,0.287658
48113013631,0.043143
48113013715,0.015546
48113013716,0.013533
48113013717,0.013191
48113013718,0.015591
48113013719,0.048124
48113013720,0.036002
48113013721,0.018386
48113013722,0.031911
48113013725,0.119712
48113013726,0.036016
48113013727,0.014596
48113013728,0.012506
48113013729,0.018017
48113013804,0.014371
48113013805,0.02068
48113013806,0.015874
48113013807,0.029996
48113013808,0.033726
48113013901,0.011225
48113013902,0.01266
48113014001,0.026418
48113014002,0.021769
48113014119,0.021843
48113014120,0.016829
48113014121,0.015287
48113014123,0.030249
48113014124,0.020157
48113014126,0.015614
48113014128,0.014196
48113014130,0.02251
48113014132,0.011497
48113014134,0.034501
48113014135,0.012342
48113014138,0.012718
48113014139,0.012979
48113014140,0.016331
48113014141,0.014063
48113014142,0.01154
48113014143,0.050912
48113014144,0.028747
48113014145,0.024455
48113014146,0.019141
48113014147,0.017882
48113014148,0.013867
48113014149,0.011371
48113014150,0.044556
48113014151,0.016039
48113014152,0.084456
48113014153,0.029507
48113014154,0.023326
48113014155,0.018799
48113014156,0.012251
48113014157,0.019939
48113014158,0.010933
48113014159,0.025891
48113014160,0.014357
48113014161,0.023953
48113014203,0.013835
48113014204,0.013336
48113014205,0.057454
48113014207,0.036069
48113014208,0.043414
48113014209,0.027609
48113014306,0.015312
48113014308,0.013773
48113014309,0.075859
48113014310,0.013836
48113014313,0.055754
48113014314,0.014885
48113014315,0.016129
48113014316,0.056616
48113014317,0.014979
48113014318,0.013506
48113014319,0.054518
48113014320,0.031147
48113014405,0.017895
48113014406,0.030212
48113014407,0.019967
48113014408,0.027487
48113014409,0.032287
48113014410,0.016418
48113014501,0.017532
48113014502,0.026575
48113014601,0.014472
48113014602,0.020723
48113014603,0.013186
48113014701,0.023688
48113014704,0.02291
48113014903,0.049643
48113015001,0.014715
48113015002,0.022062
48113015101,0.014415
48113015102,0.013248
48113015202,0.097414
48113015205,0.034022
48113015206,0.012196
48113015207,0.066149
48113015208,0.011794
48113015303,0.02935
48113015304,0.062716
48113015305,0.016818
48113015306,0.013589
48113015403,0.031956
48113015404,0.095088
48113015405,0.026659
48113015406,0.036297
48113015500,0.033028
48113015600,0.033156
48113015700,0.045043
48113015900,0.039294
48113016001,0.059812
48113016002,0.017075
48113016100,0.054532
48113016201,0.015365
48113016203,0.085153
48113016204,0.012763
48113016301,0.137556
48113016302,0.032994
48113016406,0.018007
48113016407,0.021968
48113016409,0.019938
48113016410,0.026535
48113016412,0.013669
48113016414,0.016871
48113016415,0.011903
48113016416,0.013416
48113016417,0.012711
48113016418,0.060079
48113016419,0.02423
48113016420,0.011605
48113016421,0.120392
48113016511,0.01598
48113016513,0.017584
48113016516,0.01045
48113016517,0.015272
48113016518,0.01718
48113016519,0.019942
48113016521,0.044107
48113016522,0.046845
48113016524,0.01838
48113016525,0.020605
48113016526,0.017099
48113016527,0.018899
48113016528,0.018207
48113016529,0.010777
48113016530,0.024366
48113016531,0.033102
48113016532,0.018934
48113016533,0.063231
48113016534,0.024713
48113016535,0.050568
48113016536,0.01747
48113016607,0.021109
48113016610,0.013447
48113016615,0.016007
48113016616,0.022721
48113016617,0.014742
48113016618,0.018014
48113016619,0.023828
48113016620,0.017051
48113016621,0.015285
48113016622,0.016103
48113016623,0.016396
48113016624,0.049582
48113016626,0.013974
48113016627,0.013501
48113016628,0.022271
48113016629,0.044736
48113016630,0.013537
48113016631,0.033516
48113016632,0.049687
48113016633,0.026265
48113016634,0.030185
48113016635,0.043426
48113016636,0.021361
48113016637,0.027814
48113016638,0.022844
48113016704,0.118509
48113016706,0.023173
48113016707,0.027083
48113016708,0.01393
48113016709,0.02104
48113016710,0.017174
48113016711,0.058658
48113016802,0.028145
48113016803,0.016675
48113016805,0.016465
48113016806,0.033381
48113016902,0.026557
48113016903,0.020313
48113017005,0.050786
48113017006,0.018706
48113017007,0.016822
48113017008,0.037543
48113017009,0.049625
48113017010,0.011664
48113017101,0.0206
48113017102,0.049562
48113017201,0.016555
48113017203,0.051156
48113017204,0.040335
48113017307,0.051284
48113017308,0.012116
48113017309,0.014072
48113017310,0.013167
48113017311,0.017282
48113017312,0.012058
48113017313,0.026622
48113017314,0.014501
48113017315,0.01412
48113017400,0.011595
48113017500,0.071264
48113017602,0.015782
48113017604,0.050808
48113017605,0.012959
48113017606,0.018299
48113017703,0.014111
48113017704,0.015744
48113017705,0.022209
48113017706,0.015517
48113017805,0.025507
48113017806,0.019469
48113017808,0.036159
48113017811,0.038203
48113017812,0.053859
48113017814,0.038061
48113017815,0.013732
48113017816,0.039312
48113017817,0.047277
48113017818,0.012378
48113017819,0.02845
48113017820,0.029268
48113017900,0.043916
48113018001,0.040415
48113018002,0.05679
48113018105,0.017815
48113018110,0.016613
48113018111,0.070022
48113018120,0.013226
48113018121,0.019204
48113018126,0.058129
48113018127,0.05703
48113018128,0.066411
48113018129,0.035636
48113018130,0.035303
48113018132,0.040662
48113018133,0.081712
48113018134,0.017743
48113018135,0.015207
48113018137,0.014581
48113018138,0.01263
48113018140,0.076728
48113018141,0.028405
48113018142,0.033297
48113018143,0.048312
48113018144,0.024976
48113018145,0.040369
48113018146,0.016687
48113018147,0.011454
48113018148,0.028819
48113018149,0.020571
48113018150,0.014038
48113018151,0.028311
48113018152,0.035259
48113018153,0.012074
48113018154,0.0262
48113018155,0.01565
48113018156,0.042998
48113018157,0.017491
48113018158,0.100916
48113018159,0.015644
48113018203,0.023838
48113018204,0.016812
48113018205,0.010743
48113018206,0.01485
48113018300,0.022859
48113018401,0.02493
48113018402,0.027894
48113018403,0.057975
48113018501,0.033803
48113018505,0.047593
48113018506,0.022149
48113018507,0.01612
48113018508,0.018101
48113018600,0.01449
48113018700,0.131041
48113018801,0.013106
48113018802,0.021954
48113018900,0.027339
48113019013,0.015052
48113019016,0.097554
48113019018,0.010688
48113019019,0.022001
48113019020,0.03954
48113019023,0.011857
48113019024,0.014892
48113019025,0.230632
48113019026,0.016663
48113019027,0.020419
48113019028,0.01129
48113019029,0.033471
48113019031,0.022113
48113019032,0.02167
48113019033,0.027464
48113019034,0.017297
48113019035,0.015821
48113019036,0.117792
48113019037,0.025643
48113019039,0.022381
48113019040,0.014796
48113019041,0.018711
48113019042,0.0226
48113019044,0.015935
48113019045,0.034562
48113019046,0.013538
48113019047,0.0354
48113019048,0.014121
48113019049,0.027621
48113019050,0.038341
48113019051,0.021706
48113019052,0.019297
48113019053,0.049171
48113019101,0.035226
48113019102,0.026829
48113019202,0.016939
48113019203,0.023707
48113019205,0.018837
48113019208,0.018247
48113019210,0.021985
48113019211,0.0175
48113019212,0.015573
48113019213,0.039665
48113019214,0.012427
48113019215,0.01634
48113019216,0.029214
48113019301,0.016603
48113019302,0.016845
48113019400,0.01289
48113019501,0.058821
48113019502,0.01436
48113019600,0.03442
48113019700,0.016791
48113019800,0.036601
48113019900,0.022405
48113020000,0.026748
48113020100,0.075147
48113020200,0.075436
48113020300,0.019357
48113020401,0.026079
48113020402,0.020407
48113020500,0.012202
48113020600,0.026057
48113020700,0.020616
48113020800,0.015099
48113020900,0.02531
48113021000,0.013956
48113021100,0.047087
48113021200,0.040955
48113980000,0.073107
48113980100,0.090506
48113980200,0.011067
48115950401,0.173314
48115950402,0.156964
48115950500,0.198533
48115950600,0.098199
48119950100,0.052921
48119950200,0.127111
48121020109,0.022685
48121020110,0.023292
48121020111,0.02185
48121020112,0.078561
48121020115,0.017166
48121020116,0.025376
48121020117,0.036052
48121020118,0.064053
48121020119,0.012573
48121020120,0.030285
48121020121,0.05146
48121020122,0.034821
48121020123,0.034671
48121020124,0.014078
48121020125,0.056163
48121020126,0.024017
48121020127,0.014579
48121020128,0.048491
48121020129,0.041742
48121020130,0.043749
48121020131,0.034218
48121020132,0.072007
48121020133,0.013331
48121020134,0.019533
48121020135,0.108167
48121020136,0.143314
48121020137,0.060934
48121020203,0.016138
48121020204,0.097021
48121020205,0.130094
48121020206,0.13522
48121020207,0.035223
48121020208,0.026723
48121020305,0.022572
48121020310,0.02078
48121020311,0.029859
48121020312,0.015045
48121020313,0.039741
48121020314,0.027633
48121020315,0.033704
48121020316,0.025975
48121020317,0.017363
48121020318,0.017523
48121020319,0.093635
48121020320,0.019358
48121020321,0.014437
48121020322,0.023686
48121020402,0.106049
48121020403,0.021131
48121020404,0.068254
48121020405,0.033807
48121020504,0.019299
48121020505,0.056297
48121020506,0.084653
48121020507,0.023182
48121020508,0.057727
48121020601,0.037848
48121020603,0.049061
48121020604,0.036143
48121020605,0.060905
48121020700,0.015931
48121020800,0.043554
48121020900,0.017223
48121021000,0.01057
48121021100,0.037794
48121021202,0.024428
48121021203,0.101395
48121021204,0.014254
48121021301,0.129428
48121021304,0.016177
48121021305,0.043884
48121021306,0.055222
48121021307,0.014175
48121021410,0.02524
48121021411,0.07347
48121021412,0.03718
48121021413,0.032247
48121021414,0.092827
48121021415,0.035407
48121021416,0.012972
48121021417,0.026921
48121021418,0.012271
48121021419,0.018039
48121021420,0.029163
48121021421,0.016989
48121021422,0.016303
48121021423,0.01893
48121021502,0.025137
48121021505,0.016211
48121021512,0.029009
48121021513,0.041656
48121021514,0.01426
48121021516,0.028795
48121021517,0.177286
48121021518,0.032305
48121021520,0.015789
48121021521,0.070847
48121021522,0.029426
48121021526,0.015315
48121021528,0.017053
48121021529,0.013909
48121021530,0.014053
48121021531,0.038025
48121021532,0.018702
48121021533,0.010709
48121021534,0.017802
48121021535,0.020683
48121021536,0.048061
48121021537,0.040976
48121021538,0.013349
48121021539,0.021069
48121021540,0.012965
48121021611,0.023934
48121021612,0.018242
48121021613,0.014792
48121021614,0.030944
48121021615,0.021095
48121021616,0.019675
48121021618,0.021468
48121021619,0.017163
48121021620,0.037576
48121021621,0.025831
48121021622,0.015481
48121021626,0.021657
48121021630,0.013827
48121021631,0.024818
48121021632,0.014908
48121021633,0.014695
48121021634,0.028576
48121021635,0.014437
48121021637,0.0195
48121021638,0.011968
48121021639,0.021357
48121021640,0.01146
48121021641,0.04665
48121021642,0.034482
48121021643,0.01654
48121021644,0.023634
48121021645,0.081225
48121021646,0.021891
48121021647,0.032266
48121021648,0.01109
48121021649,0.027663
48121021650,0.018583
48121021651,0.020646
48121021652,0.017431
48121021653,0.019583
48121021654,0.042843
48121021655,0.023537
48121021715,0.018294
48121021716,0.020286
48121021717,0.014843
48121021719,0.044774
48121021720,0.0277
48121021721,0.011198
48121021722,0.019237
48121021723,0.021433
48121021724,0.014416
48121021725,0.042091
48121021726,0.016065
48121021727,0.015368
48121021728,0.035994
48121021729,0.01967
48121021730,0.013688
48121021731,0.012516
48121021732,0.181492
48121021733,0.056416
48121021734,0.079809
48121021735,0.020641
48121021736,0.022805
48121021737,0.035457
48121021738,0.036576
48121021739,0.064585
48121021740,0.013176
48121021741,0.011214
48121021742,0.028493
48121021743,0.068375
48121021744,0.01587
48121021745,0.013346
48121021746,0.035125
48121021748,0.042789
48121021749,0.012939
48121021750,0.03039
48121021751,0.015119
48121021752,0.011167
48121021754,0.021878
48121021755,0.018342
48121021756,0.064517
48121021757,0.045153
48121021758,0.020396
48121021759,0.040852
48121021800,0.020021
48121021900,0.014096
48123970100,0.081284
48123970201,0.189791
48123970202,0.048095
48123970300,0.088474
48123970400,0.061384
48123970500,0.04862
48125950300,0.087397
48127950201,0.165007
48127950202,0.087166
48127950400,0.149906
48131950100,0.037627
48131950200,0.049001
48131950500,0.046175
48133950100,0.046955
48133950201,0.033137
48133950202,0.043277
48133950301,0.10653
48133950302,0.137029
48133950400,0.050105
48133950500,0.053977
48137950300,0.150309
48139060103,0.049885
48139060104,0.015707
48139060105,0.020256
48139060106,0.02956
48139060206,0.043552
48139060207,0.050605
48139060209,0.01897
48139060211,0.02153
48139060212,0.021502
48139060215,0.019288
48139060216,0.046793
48139060217,0.022637
48139060218,0.022672
48139060219,0.024301
48139060220,0.015703
48139060221,0.016686
48139060300,0.011292
48139060400,0.084678
48139060500,0.030225
48139060601,0.039529
48139060602,0.019201
48139060702,0.031415
48139060704,0.062755
48139060801,0.026204
48139060802,0.024372
48139060803,0.048899
48139060900,0.031811
48139061000,0.073711
48139061100,0.032529
48139061200,0.063623
48139061300,0.047171
48139061401,0.036938
48139061402,0.023953
48139061500,0.082118
48139061600,0.034326
48139061700,0.039268
48143950100,0.05663
48143950201,0.098991
48143950203,0.058218
48143950204,0.033095
48143950301,0.132773
48143950302,0.117696
48143950401,0.191116
48143950402,0.077344
48143950501,0.140544
48143950502,0.177742
48143950600,0.160514
48143950700,0.11367
48145000200,0.120457
48145000300,0.18029
48145000400,0.195438
48145000500,0.050333
48145000700,0.03554
48145000800,0.056641
48147950100,0.056837
48147950300,0.046349
48147950401,0.178875
48147950402,0.118563
48147950500,0.151361
48147950600,0.228998
48147950701,0.036404
48147950702,0.057345
48147950800,0.038575
48149970100,0.050674
48149970200,0.097467
48149970301,0.158775
48149970302,0.120884
48149970400,0.096936
48149970500,0.038343
48149970601,0.044582
48149970602,0.085303
48149970700,0.05176
48151950300,0.042957
48151950400,0.130819
48155950100,0.051536
48157670101,0.011783
48157670102,0.023065
48157670201,0.010065
48157670202,0.011796
48157670300,0.047001
48157670400,0.012392
48157670500,0.036112
48157670602,0.012342
48157670603,0.016242
48157670604,0.013776
48157670700,0.064924
48157670801,0.063733
48157670802,0.023441
48157670803,0.015809
48157670804,0.173483
48157670902,0.144075
48157670903,0.067597
48157670904,0.012169
48157671001,0.01316
48157671002,0.016033
48157671101,0.02909
48157671102,0.013541
48157671200,0.016531
48157671300,0.014852
48157671401,0.024672
48157671402,0.019247
48157671501,0.023604
48157671502,0.035499
48157671601,0.026219
48157671602,0.017585
48157671700,0.022047
48157671800,0.015465
48157671900,0.012224
48157672002,0.044976
48157672003,0.011195
48157672004,0.011635
48157672100,0.043955
48157672201,0.082926
48157672202,0.018651
48157672303,0.036791
48157672304,0.011191
48157672305,0.036393
48157672306,0.015891
48157672401,0.046192
48157672402,0.018059
48157672500,0.018379
48157672602,0.012341
48157672603,0.011293
48157672604,0.012252
48157672701,0.013187
48157672702,0.012391
48157672703,0.012706
48157672801,0.04748
48157672802,0.063349
48157672901,0.025378
48157672902,0.012393
48157672903,0.023324
48157672904,0.042919
48157672905,0.019027
48157672906,0.022574
48157672907,0.011441
48157673004,0.013542
48157673005,0.013855
48157673006,0.015069
48157673007,0.019305
48157673008,0.011907
48157673009,0.033855
48157673010,0.011274
48157673103,0.025459
48157673104,0.013452
48157673105,0.052804
48157673106,0.023916
48157673107,0.023195
48157673108,0.01699
48157673109,0.018012
48157673110,0.013209
48157673111,0.013685
48157673112,0.013343
48157673113,0.010929
48157673201,0.011255
48157673202,0.026638
48157673300,0.020521
48157673401,0.01594
48157673402,0.016057
48157673403,0.018138
48157673404,0.032599
48157673501,0.040272
48157673502,0.017497
48157673600,0.044037
48157673700,0.093463
48157673801,0.180255
48157673802,0.082347
48157673902,0.015023
48157673903,0.015823
48157673904,0.128224
48157674001,0.013637
48157674002,0.012596
48157674100,0.015761
48157674200,0.01518
48157674301,0.01299
48157674302,0.016508
48157674401,0.011337
48157674402,0.021976
48157674403,0.017545
48157674404,0.033985
48157674503,0.012263
48157674504,0.013595
48157674505,0.057964
48157674506,0.013842
48157674507,0.020558
48157674508,0.051098
48157674601,0.039743
48157674602,0.045865
48157674603,0.029275
48157674604,0.023889
48157674701,0.121626
48157674702,0.01633
48157674800,0.023291
48157674900,0.186037
48157675000,0.130437
48157675101,0.013658
48157675102,0.04334
48157675200,0.125245
48157675300,0.138886
48157675401,0.112441
48157675402,0.125093
48157675501,0.036795
48157675502,0.013823
48157675503,0.013104
48157675600,0.017987
48157675701,0.025264
48157675702,0.011736
48157675800,0.054384
48159950101,0.076807
48159950102,0.068785
48159950200,0.072416
48159950300,0.095612
48161000101,0.051175
48161000102,0.190159
48161000200,0.122093
48161000300,0.110658
48161000400,0.039765
48161000600,0.041767
48161000700,0.090397
48161000900,0.173422
48163950101,0.038151
48163950102,0.027019
48163950201,0.136805
48163950202,0.078402
48163950301,0.125322
48163950302,0.100769
48167720100,0.014248
48167720200,0.025039
48167720301,0.021203
48167720302,0.017489
48167720400,0.02349
48167720501,0.012842
48167720504,0.01206
48167720505,0.031242
48167720506,0.011543
48167720507,0.014584
48167720508,0.019877
48167720509,0.053735
48167720510,0.029921
48167720511,0.023031
48167720512,0.01569
48167720601,0.014856
48167720602,0.015552
48167720603,0.012133
48167720604,0.020588
48167720605,0.075602
48167720701,0.077528
48167720702,0.066362
48167720703,0.035836
48167720800,0.022178
48167720900,0.039936
48167721101,0.024501
48167721203,0.123758
48167721204,0.013042
48167721205,0.015488
48167721206,0.137358
48167721209,0.053422
48167721301,0.011135
48167721302,0.019922
48167721401,0.012128
48167721403,0.01243
48167721501,0.062125
48167721502,0.030293
48167721901,0.020572
48167723300,0.019967
48167723401,0.110644
48167723402,0.028596
48167723403,0.017778
48167723503,0.193303
48167723504,0.174301
48167723505,0.035186
48169950101,0.096905
48169950102,0.040945
48169980000,0.27336
48171950100,0.098687
48171950200,0.028599
48171950301,0.222233
48171950302,0.139989
48171950401,0.145235
48171950402,0.220744
48171950500,0.186238
48173950100,0.064973
48175960100,0.078928
48175960200,0.047161
48177000100,0.1301
48177000200,0.107774
48177000300,0.193847
48177000400,0.188336
48177000500,0.112854
48177000600,0.050964
48181000101,0.045636
48181000102,0.038218
48181000302,0.059279
48181000304,0.058215
48181000600,0.07126
48181000700,0.162171
48181000800,0.014059
48181000901,0.108136
48181000903,0.044555
48181000904,0.032792
48181001101,0.028508
48181001103,0.095487
48181001104,0.050529
48181001200,0.016684
48181001300,0.145734
48181001400,0.099148
48181001500,0.129752
48181001700,0.032408
48181001801,0.042978
48181001802,0.026072
48181001803,0.059756
48181001901,0.063734
48181001902,0.039282
48181002000,0.040029
48183010100,0.018969
48183010201,0.131417
48183010202,0.039021
48183010401,0.086558
48183010402,0.028823
48183010700,0.081144
48185180101,0.048476
48185180102,0.081636
48185180201,0.07761
48185180202,0.042663
48185180302,0.050405
48185180303,0.020065
48185180304,0.061344
48185180400,0.042518
48187210100,0.14294
48187210200,0.103459
48187210300,0.210421
48187210400,0.154119
48187210505,0.0354
48187210506,0.13911
48187210508,0.119757
48187210509,0.193629
48187210510,0.192986
48187210511,0.182743
48187210512,0.175639
48187210513,0.05656
48187210603,0.020201
48187210606,0.01652
48187210608,0.057365
48187210609,0.013061
48187210610,0.029513
48187210611,0.022848
48187210612,0.052164
48187210613,0.014711
48187210614,0.025797
48187210705,0.017596
48187210706,0.014412
48187210707,0.018884
48187210709,0.020504
48187210710,0.027215
48187210711,0.024464
48187210712,0.014111
48187210713,0.010527
48187210715,0.019331
48187210716,0.011036
48187210717,0.013628
48187210718,0.016931
48187210803,0.045767
48187210804,0.025506
48187210805,0.093486
48187210806,0.187529
48187210902,0.042269
48187210903,0.074936
48187210904,0.282657
48187210905,0.033816
48193950100,0.0442
48193950200,0.083522
48193950300,0.108799
48201100001,0.043389
48201210400,0.012611
48201210500,0.010663
48201210600,0.014523
48201210700,0.013544
48201210800,0.01313
48201210900,0.018214
48201211000,0.019584
48201211101,0.033629
48201211102,0.01171
48201211200,0.010924
48201211301,0.014756
48201211302,0.016332
48201211400,0.012959
48201211501,0.059459
48201211502,0.044457
48201211600,0.038746
48201211700,0.023971
48201211900,0.011314
48201212300,0.014841
48201212400,0.017003
48201212500,0.01903
48201220100,0.01995
48201220200,0.014464
48201220300,0.020148
48201220400,0.019713
48201220500,0.01815
48201220600,0.012737
48201220701,0.032273
48201220702,0.025677
48201220800,0.016797
48201220900,0.042379
48201221000,0.012571
48201221100,0.016639
48201221200,0.012088
48201221301,0.032132
48201221302,0.010805
48201221400,0.016946
48201221501,0.013799
48201221502,0.026106
48201221601,0.016127
48201221602,0.015617
48201221701,0.019805
48201221702,0.032691
48201221800,0.035581
48201221900,0.03877
48201222000,0.0147
48201222100,0.012735
48201222200,0.016634
48201222300,0.015419
48201222401,0.055516
48201222402,0.018178
48201222501,0.013744
48201222502,0.100117
48201222504,0.01509
48201222505,0.014079
48201222601,0.016676
48201222602,0.011859
48201222701,0.013496
48201222702,0.028421
48201222800,0.031136
48201222900,0.018223
48201223001,0.015494
48201223002,0.01521
48201223100,0.022197
48201230100,0.013388
48201230200,0.011969
48201230300,0.016123
48201230400,0.011642
48201230500,0.021726
48201230600,0.037811
48201230700,0.013076
48201230800,0.022932
48201230900,0.012487
48201231000,0.0155
48201231100,0.05185
48201231200,0.013727
48201231300,0.010559
48201231400,0.011344
48201231500,0.035818
48201231600,0.012287
48201231700,0.036943
48201231800,0.014759
48201231900,0.024303
48201232000,0.014174
48201232100,0.018269
48201232201,0.012867
48201232202,0.026954
48201232203,0.116857
48201232303,0.016304
48201232304,0.045368
48201232305,0.074518
48201232306,0.029709
48201232402,0.025373
48201232403,0.022706
48201232404,0.06251
48201232405,0.078197
48201232500,0.083937
48201232600,0.025493
48201232701,0.052588
48201232703,0.034082
48201232704,0.020047
48201232801,0.035232
48201232802,0.015399
48201232901,0.020759
48201232902,0.030965
48201233001,0.024688
48201233002,0.049013
48201233003,0.030436
48201233101,0.014564
48201233103,0.02611
48201233104,0.023047
48201233105,0.033867
48201233200,0.016333
48201233300,0.032416
48201233400,0.015928
48201233501,0.015902
48201233502,0.037815
48201233600,0.035962
48201233701,0.043381
48201233702,0.013931
48201233703,0.033122
48201240101,0.028816
48201240102,0.036219
48201240400,0.014129
48201240503,0.015222
48201240504,0.0116
48201240505,0.01472
48201240506,0.010846
48201240600,0.016947
48201240703,0.023126
48201240704,0.019043
48201240705,0.017648
48201240706,0.019418
48201240707,0.026026
48201240802,0.015099
48201240803,0.025484
48201240804,0.019075
48201240903,0.026801
48201240904,0.017848
48201240905,0.018234
48201240906,0.013315
48201241001,0.045383
48201241002,0.013668
48201241101,0.015908
48201241103,0.014684
48201241104,0.018256
48201241105,0.065025
48201241201,0.021602
48201241202,0.121824
48201241301,0.019254
48201241302,0.022967
48201241400,0.033192
48201241501,0.025246
48201241502,0.021163
48201241503,0.034756
48201250101,0.026826
48201250102,0.048441
48201250201,0.048571
48201250202,0.053492
48201250303,0.100328
48201250304,0.076293
48201250305,0.016351
48201250306,0.067005
48201250403,0.041378
48201250404,0.012711
48201250405,0.029403
48201250406,0.041266
48201250407,0.069995
48201250408,0.014296
48201250500,0.01728
48201250601,0.042905
48201250602,0.025217
48201250701,0.018258
48201250702,0.013786
48201250801,0.01647
48201250802,0.027183
48201250901,0.02217
48201250902,0.014425
48201251000,0.05667
48201251100,0.019703
48201251200,0.016763
48201251300,0.021616
48201251401,0.017151
48201251402,0.012353
48201251501,0.016075
48201251503,0.01027
48201251504,0.009788
48201251505,0.015369
48201251600,0.054707
48201251701,0.011382
48201251702,0.060217
48201251800,0.388427
48201251902,0.030132
48201251903,0.065837
48201251904,0.016812
48201252001,0.018008
48201252002,0.050691
48201252003,0.03861
48201252100,0.017556
48201252201,0.061083
48201252202,0.081507
48201252303,0.023608
48201252304,0.013651
48201252305,0.013381
48201252306,0.012685
48201252400,0.021769
48201252500,0.079927
48201252601,0.02036
48201252602,0.104077
48201252700,0.143635
48201252800,0.028447
48201252901,0.025253
48201252902,0.019226
48201253000,0.030101
48201253202,0.019829
48201253300,0.013049
48201253502,0.03074
48201310101,0.015105
48201310102,0.013414
48201310200,0.015143
48201310300,0.010248
48201310400,0.013511
48201310500,0.014529
48201310600,0.011551
48201310700,0.024745
48201310800,0.027972
48201310900,0.012727
48201311001,0.087667
48201311002,0.099202
48201311100,0.016248
48201311200,0.031682
48201311300,0.01191
48201311400,0.011246
48201311501,0.012054
48201311502,0.012719
48201311600,0.01664
48201311701,0.017025
48201311702,0.036856
48201311800,0.0273
48201311900,0.02412
48201312000,0.059463
48201312200,0.024893
48201312300,0.016698
48201312400,0.012697
48201312501,0.028273
48201312502,0.022416
48201312601,0.060915
48201312602,0.028269
48201312603,0.017693
48201312700,0.020426
48201312800,0.012045
48201312901,0.01174
48201312902,0.010653
48201313000,0.02162
48201313101,0.019945
48201313102,0.039737
48201313201,0.046117
48201313202,0.019706
48201313300,0.011299
48201313400,0.011484
48201313500,0.012803
48201313600,0.012225
48201313700,0.061303
48201313801,0.036505
48201313802,0.027884
48201313901,0.031061
48201313902,0.018028
48201314001,0.035429
48201314003,0.093509
48201314004,0.020334
48201314005,0.020256
48201314301,0.036869
48201314302,0.038474
48201314401,0.101863
48201314402,0.155024
48201320100,0.014907
48201320201,0.032628
48201320202,0.014895
48201320500,0.026378
48201320601,0.013397
48201320602,0.014477
48201320700,0.032557
48201320800,0.126418
48201320901,0.027062
48201320902,0.01104
48201321001,0.025799
48201321002,0.052322
48201321101,0.0294
48201321102,0.029391
48201321200,0.020017
48201321301,0.034179
48201321302,0.051693
48201321401,0.023466
48201321402,0.075146
48201321500,0.04061
48201321600,0.020489
48201321700,0.013273
48201321800,0.028336
48201321900,0.0144
48201322000,0.033466
48201322100,0.012934
48201322200,0.01178
48201322600,0.108366
48201322701,0.022363
48201322702,0.038997
48201322800,0.031693
48201322900,0.01274
48201323000,0.0185
48201323100,0.013163
48201323200,0.022461
48201323300,0.014193
48201323400,0.021351
48201323500,0.024663
48201323601,0.015561
48201323602,0.041806
48201323701,0.020255
48201323702,0.046724
48201323801,0.012842
48201323802,0.012371
48201323900,0.053576
48201324000,0.048013
48201324101,0.038664
48201324102,0.18817
48201324200,0.043451
48201330101,0.019737
48201330102,0.015795
48201330200,0.013117
48201330301,0.041526
48201330302,0.068727
48201330303,0.044409
48201330400,0.019014
48201330500,0.016795
48201330600,0.01687
48201330700,0.083758
48201330801,0.080411
48201330802,0.083675
48201330901,0.015955
48201330902,0.012287
48201331100,0.017264
48201331200,0.023095
48201331300,0.033265
48201331400,0.023048
48201331501,0.054525
48201331502,0.01194
48201331602,0.011371
48201331603,0.022573
48201331604,0.010291
48201331700,0.022945
48201331800,0.018192
48201331900,0.026388
48201332000,0.013191
48201332100,0.043385
48201332200,0.011203
48201332300,0.020487
48201332400,0.013422
48201332500,0.013187
48201332600,0.022639
48201332700,0.024577
48201332800,0.038765
48201332900,0.027723
48201333000,0.034985
48201333100,0.014914
48201333201,0.022654
48201333203,0.012353
48201333204,0.013691
48201333205,0.03956
48201333301,0.020831
48201333302,0.014137
48201333501,0.030015
48201333502,0.079433
48201333600,0.104243
48201333700,0.034615
48201333801,0.106803
48201333802,0.012514
48201333903,0.02046
48201333904,0.015624
48201333905,0.027594
48201333906,0.029965
48201334001,0.011853
48201334002,0.04721
48201334003,0.059249
48201334101,0.020514
48201334102,0.032656
48201340101,0.048027
48201340102,0.020494
48201340201,0.146285
48201340202,0.026175
48201340203,0.016631
48201340301,0.01269
48201340302,0.015899
48201340400,0.015362
48201340501,0.014859
48201340502,0.028947
48201340600,0.020799
48201340701,0.025604
48201340702,0.023819
48201340800,0.014482
48201340900,0.042756
48201341001,0.077893
48201341002,0.041008
48201341101,0.019346
48201341102,0.017567
48201341201,0.018389
48201341203,0.055951
48201341204,0.024375
48201341302,0.061136
48201341303,0.023273
48201341304,0.034035
48201341400,0.023065
48201341501,0.013357
48201341502,0.041387
48201342001,0.013441
48201342002,0.033972
48201342100,0.016819
48201342200,0.038285
48201342300,0.0136
48201342400,0.082533
48201342500,0.044438
48201342700,0.016966
48201342801,0.02483
48201342802,0.05012
48201342900,0.026734
48201343000,0.037206
48201343100,0.021104
48201343200,0.021109
48201343301,0.047397
48201343302,0.032938
48201343601,0.164611
48201343700,0.053328
48201350101,0.029086
48201350102,0.016608
48201350103,0.020882
48201350104,0.06195
48201350201,0.015932
48201350202,0.070389
48201350300,0.03247
48201350400,0.012286
48201350500,0.01486
48201350601,0.016195
48201350603,0.016488
48201350604,0.013734
48201350700,0.012155
48201350801,0.01748
48201350803,0.015916
48201350804,0.012566
48201410101,0.016189
48201410102,0.035604
48201410201,0.04708
48201410202,0.031297
48201410300,0.029323
48201410401,0.041806
48201410402,0.037845
48201410501,0.054234
48201410502,0.066324
48201410601,0.021225
48201410602,0.022907
48201410703,0.014562
48201410704,0.055388
48201410705,0.019023
48201410706,0.011587
48201410801,0.029066
48201410802,0.016192
48201410900,0.077666
48201411001,0.050533
48201411002,0.03392
48201411003,0.023537
48201411100,0.030336
48201411200,0.072876
48201411301,0.056745
48201411302,0.085735
48201411400,0.017265
48201411503,0.018646
48201411504,0.034119
48201411505,0.017051
48201411506,0.047783
48201411507,0.043977
48201411600,0.018399
48201411700,0.016366
48201411801,0.02362
48201411802,0.019186
48201411901,0.04338
48201411902,0.025973
48201412000,0.038864
48201412201,0.022191
48201412202,0.014135
48201412300,0.067613
48201412400,0.015244
48201412500,0.053551
48201412600,0.030333
48201412700,0.012673
48201412800,0.024822
48201412901,0.071815
48201412902,0.021841
48201413000,0.013848
48201413100,0.024412
48201413203,0.015483
48201413204,0.037419
48201413205,0.036385
48201413206,0.021088
48201413301,0.016115
48201413302,0.010686
48201420100,0.024913
48201420200,0.012082
48201420300,0.012321
48201420400,0.031529
48201420500,0.018836
48201420600,0.063362
48201420700,0.011588
48201420800,0.012799
48201420900,0.013477
48201421000,0.057065
48201421101,0.013717
48201421103,0.010576
48201421104,0.026534
48201421203,0.036066
48201421204,0.01524
48201421205,0.014887
48201421206,0.010766
48201421301,0.010081
48201421302,0.011885
48201421401,0.030564
48201421402,0.022384
48201421403,0.023768
48201421501,0.013232
48201421502,0.014984
48201421601,0.014463
48201421602,0.044771
48201421700,0.012308
48201421801,0.025797
48201421802,0.016559
48201421900,0.020247
48201422000,0.010921
48201422100,0.064264
48201422200,0.012957
48201422302,0.016145
48201422303,0.015613
48201422304,0.023777
48201422403,0.013149
48201422404,0.013481
48201422405,0.028916
48201422406,0.010683
48201422501,0.016308
48201422502,0.01287
48201422601,0.013715
48201422602,0.01336
48201422701,0.015234
48201422702,0.021692
48201422800,0.011614
48201422900,0.01155
48201423001,0.018996
48201423002,0.055223
48201423100,0.032164
48201423201,0.023272
48201423203,0.011564
48201423204,0.025016
48201423301,0.017734
48201423303,0.012748
48201423304,0.013397
48201423401,0.01959
48201423402,0.010674
48201423500,0.043991
48201423600,0.035106
48201430101,0.019027
48201430102,0.018462
48201430200,0.017556
48201430300,0.014863
48201430400,0.012085
48201430500,0.071866
48201430600,0.0107
48201430700,0.059007
48201430800,0.040391
48201430900,0.041117
48201431001,0.017537
48201431002,0.035836
48201431101,0.039473
48201431102,0.023453
48201431203,0.019629
48201431204,0.025892
48201431205,0.015808
48201431206,0.021722
48201431302,0.016748
48201431303,0.016959
48201431304,0.04051
48201431401,0.016757
48201431403,0.05547
48201431404,0.018565
48201431503,0.034456
48201431504,0.017752
48201431505,0.04611
48201431506,0.0157
48201431600,0.01781
48201431701,0.022199
48201431702,0.031838
48201431801,0.018783
48201431803,0.011823
48201431804,0.039923
48201431901,0.019885
48201431902,0.022713
48201432003,0.018678
48201432004,0.015927
48201432005,0.056696
48201432006,0.010421
48201432101,0.043245
48201432102,0.050341
48201432200,0.014163
48201432301,0.040719
48201432302,0.030076
48201432303,0.060497
48201432401,0.01117
48201432402,0.024554
48201432501,0.01375
48201432502,0.016314
48201432600,0.01329
48201432703,0.017139
48201432704,0.011778
48201432705,0.014735
48201432706,0.016246
48201432803,0.012397
48201432804,0.01881
48201432805,0.021676
48201432806,0.038405
48201432901,0.039469
48201432903,0.02254
48201432904,0.036605
48201433003,0.051797
48201433004,0.020948
48201433005,0.051322
48201433006,0.020255
48201433007,0.011738
48201433100,0.083913
48201433201,0.028215
48201433202,0.012508
48201433300,0.011158
48201433400,0.011841
48201433503,0.070092
48201433504,0.011828
48201433505,0.023528
48201433506,0.026741
48201433507,0.074511
48201433601,0.019408
48201433602,0.012077
48201440101,0.010859
48201440102,0.03856
48201450100,0.035124
48201450200,0.024853
48201450301,0.011454
48201450302,0.028944
48201450401,0.034139
48201450402,0.040818
48201450500,0.030779
48201450600,0.027682
48201450700,0.031336
48201450801,0.030121
48201450803,0.024384
48201450804,0.090447
48201450900,0.047171
48201451003,0.016334
48201451004,0.02443
48201451005,0.015826
48201451006,0.033132
48201451100,0.020639
48201451200,0.018468
48201451301,0.012249
48201451302,0.017591
48201451401,0.013756
48201451404,0.02618
48201451405,0.022094
48201451406,0.02622
48201451407,0.015308
48201451501,0.020711
48201451502,0.062673
48201451603,0.013818
48201451604,0.075292
48201451605,0.013124
48201451606,0.048195
48201451700,0.049793
48201451800,0.024311
48201451902,0.01317
48201451903,0.088233
48201451904,0.01567
48201452001,0.013202
48201452002,0.01548
48201452101,0.016739
48201452102,0.017542
48201452103,0.01435
48201452202,0.02508
48201452203,0.05407
48201452204,0.039508
48201452300,0.043473
48201452401,0.022601
48201452402,0.013727
48201452501,0.011996
48201452502,0.029526
48201452601,0.020162
48201452602,0.010935
48201452701,0.011581
48201452702,0.010703
48201452703,0.044383
48201452801,0.029493
48201452802,0.028298
48201452900,0.05083
48201453001,0.030894
48201453002,0.020947
48201453100,0.026991
48201453201,0.021761
48201453202,0.018214
48201453300,0.020063
48201453401,0.025828
48201453403,0.011453
48201453404,0.025845
48201453405,0.011316
48201453501,0.020985
48201453502,0.012383
48201453601,0.024559
48201453603,0.043342
48201453604,0.012267
48201453701,0.012973
48201453702,0.018696
48201453800,0.026584
48201453901,0.012494
48201453902,0.024196
48201454000,0.016402
48201454100,0.015297
48201454200,0.026387
48201454302,0.011232
48201454303,0.044131
48201454304,0.013792
48201454305,0.016576
48201454400,0.050824
48201454502,0.012985
48201454503,0.01988
48201454504,0.013504
48201454505,0.040699
48201454600,0.014273
48201454700,0.05329
48201454801,0.043598
48201454802,0.014838
48201454901,0.02129
48201454902,0.01591
48201455000,0.021401
48201455102,0.013961
48201455103,0.106188
48201455104,0.026818
48201455200,0.033331
48201455300,0.036692
48201510100,0.026828
48201510201,0.034473
48201510202,0.013353
48201510301,0.021285
48201510302,0.02058
48201510400,0.017279
48201510500,0.014923
48201510601,0.040079
48201510602,0.022483
48201510701,0.01491
48201510702,0.024031
48201510801,0.085888
48201510802,0.016897
48201510803,0.05649
48201510901,0.014697
48201510902,0.02937
48201511001,0.028954
48201511003,0.018063
48201511004,0.014972
48201511100,0.016133
48201511201,0.035005
48201511202,0.014355
48201511301,0.028355
48201511302,0.061063
48201511400,0.056652
48201511501,0.018417
48201511502,0.017359
48201511600,0.018565
48201520100,0.015869
48201520200,0.026091
48201520301,0.011833
48201520302,0.013839
48201520400,0.024218
48201520501,0.013497
48201520502,0.018145
48201520601,0.012711
48201520603,0.019611
48201520604,0.013865
48201520700,0.018359
48201521000,0.047415
48201521100,0.011964
48201521201,0.024391
48201521202,0.041476
48201521300,0.014655
48201521401,0.037534
48201521402,0.015297
48201521501,0.02296
48201521502,0.038873
48201521600,0.11698
48201521701,0.024924
48201521702,0.047536
48201521800,0.017569
48201521900,0.012316
48201522001,0.038557
48201522002,0.011245
48201522101,0.010557
48201522102,0.011954
48201522201,0.012582
48201522202,0.014364
48201522301,0.041178
48201522302,0.015784
48201522401,0.018953
48201522402,0.045578
48201522500,0.0142
48201530101,0.033422
48201530102,0.015671
48201530200,0.02107
48201530300,0.015721
48201530400,0.029753
48201530501,0.034131
48201530502,0.010141
48201530600,0.013561
48201530701,0.071617
48201530702,0.020043
48201530800,0.013044
48201530900,0.01727
48201531000,0.014365
48201531100,0.012906
48201531200,0.009751
48201531300,0.011359
48201531400,0.012743
48201531500,0.018903
48201531600,0.020993
48201531700,0.049567
48201531800,0.060562
48201531900,0.019824
48201532003,0.010524
48201532004,0.013084
48201532101,0.013573
48201532102,0.024012
48201532200,0.015721
48201532301,0.02792
48201532302,0.020924
48201532400,0.020928
48201532502,0.016809
48201532503,0.027252
48201532504,0.032464
48201532600,0.019308
48201532700,0.034463
48201532800,0.013818
48201532900,0.034729
48201533000,0.009595
48201533100,0.011745
48201533200,0.010006
48201533301,0.014519
48201533302,0.026215
48201533401,0.019475
48201533402,0.012959
48201533500,0.024257
48201533600,0.018587
48201533701,0.016291
48201533702,0.014732
48201533802,0.014243
48201533803,0.277883
48201533804,0.023503
48201533902,0.037927
48201533903,0.010259
48201533904,0.09016
48201534001,0.062331
48201534002,0.022242
48201534003,0.066443
48201534101,0.019616
48201534102,0.020991
48201534201,0.047454
48201534203,0.018386
48201534204,0.028968
48201534205,0.025319
48201540101,0.021909
48201540102,0.026304
48201540200,0.066675
48201540502,0.015344
48201540503,0.154848
48201540504,0.118947
48201540601,0.021185
48201540602,0.03136
48201540700,0.057262
48201540800,0.015562
48201540901,0.014473
48201540903,0.050016
48201540904,0.079802
48201541004,0.023199
48201541005,0.016613
48201541006,0.016509
48201541007,0.017668
48201541008,0.045988
48201541009,0.024694
48201541100,0.012829
48201541203,0.019907
48201541204,0.043546
48201541205,0.02775
48201541206,0.012341
48201541207,0.036936
48201541301,0.019438
48201541302,0.014875
48201541401,0.095561
48201541402,0.027135
48201541403,0.021393
48201541404,0.016441
48201541500,0.025989
48201541603,0.020575
48201541604,0.01892
48201541701,0.058155
48201541702,0.015667
48201541703,0.164979
48201541801,0.057848
48201541802,0.047154
48201541901,0.010814
48201541902,0.022029
48201542001,0.03722
48201542002,0.013428
48201542003,0.036058
48201542004,0.014153
48201542103,0.018813
48201542104,0.020081
48201542105,0.015007
48201542106,0.010814
48201542107,0.049765
48201542108,0.034127
48201542201,0.014365
48201542202,0.053298
48201542203,0.031209
48201542302,0.013667
48201542303,0.014838
48201542304,0.015237
48201542305,0.011952
48201542401,0.056321
48201542402,0.01411
48201542500,0.024328
48201542600,0.014398
48201542700,0.015527
48201542800,0.011344
48201542901,0.028939
48201542902,0.015775
48201543004,0.01457
48201543005,0.017305
48201543006,0.01685
48201543007,0.021353
48201543008,0.031302
48201543009,0.036014
48201543010,0.0411
48201543011,0.012838
48201543100,0.058519
48201543201,0.016379
48201543202,0.035052
48201550101,0.016786
48201550102,0.037483
48201550201,0.015501
48201550202,0.010666
48201550303,0.011647
48201550304,0.031538
48201550305,0.018041
48201550306,0.030615
48201550307,0.013208
48201550308,0.010809
48201550403,0.043551
48201550404,0.361751
48201550405,0.016322
48201550406,0.025885
48201550407,0.021387
48201550500,0.012008
48201550601,0.015381
48201550602,0.026048
48201550603,0.052087
48201550700,0.061067
48201550800,0.021899
48201550901,0.012378
48201550902,0.010712
48201551000,0.339371
48201551101,0.031015
48201551102,0.025639
48201551201,0.012507
48201551202,0.068346
48201551300,0.017145
48201551400,0.084341
48201551501,0.01139
48201551502,0.045286
48201551601,0.073017
48201551602,0.022222
48201551702,0.041137
48201551703,0.07068
48201551704,0.017602
48201551705,0.057987
48201551800,0.034756
48201551901,0.012671
48201551902,0.035022
48201552002,0.018094
48201552003,0.028862
48201552004,0.040317
48201552101,0.041614
48201552102,0.023262
48201552103,0.031228
48201552200,0.015496
48201552301,0.014078
48201552303,0.030503
48201552304,0.024305
48201552401,0.029
48201552402,0.035352
48201552501,0.039926
48201552502,0.019216
48201552602,0.036439
48201552603,0.0345
48201552604,0.032492
48201552701,0.021722
48201552702,0.012706
48201552801,0.053747
48201552802,0.046031
48201552901,0.026008
48201552902,0.016178
48201553001,0.019
48201553002,0.012677
48201553101,0.031926
48201553102,0.010714
48201553201,0.016761
48201553202,0.064596
48201553300,0.031894
48201553401,0.013517
48201553403,0.016122
48201553404,0.013829
48201553405,0.020181
48201553500,0.076548
48201553601,0.024755
48201553602,0.011601
48201553700,0.018601
48201553801,0.012033
48201553803,0.018906
48201553804,0.014339
48201553901,0.021374
48201554001,0.014436
48201554002,0.014332
48201554103,0.014308
48201554104,0.057018
48201554201,0.045198
48201554202,0.016472
48201554301,0.013463
48201554302,0.058647
48201554404,0.067013
48201554405,0.048357
48201554406,0.011745
48201554407,0.013124
48201554408,0.061907
48201554409,0.102306
48201554410,0.037776
48201554501,0.01894
48201554502,0.013062
48201554600,0.023998
48201554701,0.035058
48201554702,0.015963
48201554803,0.01621
48201554804,0.015882
48201554805,0.012551
48201554806,0.057624
48201554807,0.048907
48201554808,0.03946
48201554809,0.024649
48201554902,0.026119
48201554904,0.053378
48201554905,0.017525
48201554906,0.015027
48201554907,0.016201
48201554908,0.049155
48201555001,0.015868
48201555002,0.015743
48201555101,0.04146
48201555102,0.025534
48201555200,0.020309
48201555301,0.025361
48201555303,0.021001
48201555304,0.017429
48201555305,0.01675
48201555401,0.033989
48201555403,0.06668
48201555404,0.02359
48201555501,0.075153
48201555503,0.026807
48201555504,0.010659
48201555505,0.021417
48201555600,0.045331
48201555701,0.037054
48201555703,0.018419
48201555704,0.01283
48201556000,0.032246
48201556100,0.046437
48201980000,0.162495
48201980100,0.189018
48201980200,0.057312
48201980300,0.056665
48201980400,0.081589
48201980700,0.04084
48207950300,0.063548
48207950400,0.04501
48209010100,0.102666
48209010200,0.129082
48209010302,0.121776
48209010305,0.127048
48209010306,0.093769
48209010307,0.125882
48209010308,0.165857
48209010309,0.110532
48209010401,0.054408
48209010402,0.019538
48209010500,0.096697
48209010601,0.014137
48209010602,0.177788
48209010603,0.106168
48209010702,0.058431
48209010703,0.189675
48209010704,0.222814
48209010806,0.064521
48209010807,0.055939
48209010809,0.175294
48209010810,0.064003
48209010811,0.057759
48209010812,0.165832
48209010813,0.017114
48209010814,0.040639
48209010815,0.324776
48209010816,0.228078
48209010817,0.207016
48209010818,0.082054
48209010905,0.070796
48209010909,0.023925
48209010911,0.017854
48209010912,0.040105
48209010913,0.0406
48209010914,0.029336
48209010915,0.014176
48209010916,0.035076
48209010917,0.064405
48209010918,0.019815
48209010919,0.014863
48209010920,0.084348
48209010921,0.073301
48209010922,0.017868
48209010923,0.015935
48209010924,0.016215
48209010925,0.046326
48213950101,0.02238
48213950102,0.018886
48213950201,0.02258
48213950202,0.054374
48213950301,0.122618
48213950302,0.202786
48213950303,0.126954
48213950400,0.178266
48213950500,0.06312
48213950601,0.171094
48213950603,0.134631
48213950604,0.237082
48213950700,0.098916
48213950801,0.158622
48213950802,0.145791
48213950902,0.064709
48213950903,0.168773
48213950904,0.087273
48213950905,0.123231
48213951000,0.087152
48213951101,0.044314
48213951102,0.056529
48213951201,0.160415
48213951202,0.175928
48213951300,0.137177
48213951401,0.046992
48213951402,0.075576
48213951403,0.064404
48215020103,0.023161
48215020104,0.038688
48215020105,0.06985
48215020106,0.031084
48215020107,0.253048
48215020108,0.014309
48215020205,0.15319
48215020206,0.055282
48215020207,0.018665
48215020208,0.065813
48215020209,0.110728
48215020210,0.123343
48215020211,0.282969
48215020303,0.012158
48215020304,0.137037
48215020305,0.043807
48215020306,0.1488
48215020307,0.187217
48215020403,0.081102
48215020405,0.016944
48215020406,0.014272
48215020407,0.028163
48215020408,0.058655
48215020409,0.033495
48215020505,0.187747
48215020506,0.029074
48215020507,0.072437
48215020508,0.264637
48215020509,0.017343
48215020510,0.05795
48215020511,0.017612
48215020512,0.014731
48215020513,0.120393
48215020600,0.049216
48215020724,0.08107
48215020725,0.023858
48215020727,0.014871
48215020728,0.029578
48215020729,0.062256
48215020730,0.163551
48215020731,0.02082
48215020732,0.025607
48215020733,0.017056
48215020734,0.017494
48215020735,0.01418
48215020736,0.016756
48215020804,0.027085
48215020805,0.090537
48215020806,0.085001
48215020807,0.015495
48215020808,0.021211
48215020905,0.025179
48215020906,0.070831
48215020907,0.025292
48215020908,0.039426
48215020909,0.098683
48215020910,0.030759
48215021001,0.032576
48215021002,0.081498
48215021003,0.110603
48215021100,0.043785
48215021201,0.025164
48215021203,0.096457
48215021204,0.02257
48215021306,0.072053
48215021307,0.044343
48215021308,0.102589
48215021309,0.175862
48215021310,0.221437
48215021311,0.044818
48215021312,0.156094
48215021313,0.051307
48215021314,0.087446
48215021315,0.110443
48215021401,0.080964
48215021405,0.097628
48215021406,0.012122
48215021407,0.043459
48215021408,0.069108
48215021409,0.174129
48215021500,0.095852
48215021600,0.034933
48215021703,0.01592
48215021704,0.034936
48215021705,0.022927
48215021706,0.014434
48215021707,0.016992
48215021803,0.023312
48215021804,0.04457
48215021807,0.065756
48215021808,0.145152
48215021809,0.060604
48215021810,0.024856
48215021903,0.038276
48215021904,0.029822
48215021905,0.042973
48215021906,0.050843
48215022005,0.028728
48215022006,0.018551
48215022007,0.013053
48215022008,0.021076
48215022009,0.02753
48215022010,0.080112
48215022011,0.040232
48215022105,0.253692
48215022107,0.068525
48215022108,0.04507
48215022109,0.022556
48215022110,0.015614
48215022111,0.028379
48215022112,0.034716
48215022113,0.049188
48215022203,0.096778
48215022204,0.036604
48215022205,0.05058
48215022206,0.044285
48215022301,0.278517
48215022302,0.059521
48215022401,0.029499
48215022402,0.012558
48215022502,0.020699
48215022503,0.03014
48215022504,0.016373
48215022600,0.014008
48215022703,0.066538
48215022704,0.028703
48215022705,0.019449
48215022706,0.024529
48215022801,0.041224
48215022802,0.099843
48215022900,0.081286
48215023000,0.042963
48215023103,0.047661
48215023104,0.024245
48215023105,0.035517
48215023106,0.018701
48215023516,0.042806
48215023517,0.022864
48215023518,0.056636
48215023519,0.011047
48215023520,0.050181
48215023521,0.01744
48215023522,0.04242
48215023523,0.051122
48215023524,0.015033
48215023525,0.060367
48215023526,0.066421
48215023527,0.016174
48215023528,0.054917
48215023529,0.015788
48215023530,0.026928
48215023531,0.020611
48215023532,0.017366
48215023533,0.016627
48215023534,0.021435
48215023535,0.015394
48215023536,0.073553
48215023601,0.025564
48215023602,0.022291
48215023700,0.091975
48215023803,0.020519
48215023804,0.095962
48215023805,0.011211
48215023806,0.037203
48215023903,0.217559
48215023905,0.018898
48215023906,0.01928
48215023907,0.076762
48215023908,0.027561
48215024001,0.100837
48215024002,0.033255
48215024003,0.129214
48215024004,0.03706
48215024107,0.084886
48215024108,0.017819
48215024109,0.057074
48215024115,0.029426
48215024116,0.02567
48215024117,0.114401
48215024118,0.086537
48215024119,0.197263
48215024120,0.070624
48215024121,0.048195
48215024122,0.017524
48215024123,0.020888
48215024124,0.03231
48215024125,0.187643
48215024126,0.080347
48215024127,0.01933
48215024128,0.031417
48215024129,0.054687
48215024130,0.109793
48215024131,0.015722
48215024132,0.027448
48215024204,0.191257
48215024206,0.070722
48215024207,0.036997
48215024208,0.039561
48215024209,0.12074
48215024210,0.229039
48215024211,0.096914
48215024212,0.029645
48215024301,0.064347
48215024302,0.024309
48215024403,0.040538
48215024404,0.055354
48215024405,0.064955
48215024406,0.042529
48215024501,0.011313
48215024502,0.041698
48215024600,0.024315
48215980000,0.029474
48217960100,0.02939
48217960200,0.04003
48217960400,0.117724
48217960501,0.027968
48217960502,0.032069
48217960600,0.079371
48217960700,0.064485
48217960800,0.092445
48217960900,0.147641
48217961000,0.117826
48217961100,0.090047
48217961400,0.035931
48221160100,0.068841
48221160204,0.042726
48221160206,0.134175
48221160210,0.056525
48221160211,0.16803
48221160212,0.143714
48221160213,0.070767
48221160214,0.034448
48221160215,0.16435
48221160216,0.101216
48221160217,0.092453
48221160218,0.174823
48221160302,0.043754
48221160303,0.028341
48223950100,0.040496
48223950200,0.041679
48223950301,0.072762
48223950302,0.067474
48223950401,0.059226
48223950402,0.107113
48223950500,0.113379
48223950600,0.019596
48223950700,0.026372
48223950800,0.057068
48225950101,0.148254
48225950102,0.083701
48225950200,0.157916
48225950300,0.154142
48225950400,0.180947
48225950500,0.067181
48225950600,0.152955
48225950700,0.045724
48227950100,0.143383
48227950200,0.02105
48227950300,0.039861
48227950400,0.094444
48227950500,0.154379
48227950600,0.022418
48227950700,0.019115
48227950801,0.114065
48227950802,0.150643
48227950900,0.045426
48231960100,0.056876
48231960200,0.02896
48231960300,0.020421
48231960400,0.094673
48231960500,0.073996
48231960600,0.110742
48231960700,0.025296
48231960800,0.148033
48231960900,0.167776
48231961000,0.102974
48231961101,0.051208
48231961102,0.04557
48231961200,0.039803
48231961300,0.042172
48231961401,0.038311
48231961402,0.031897
48231961501,0.062117
48231961502,0.055695
48231961503,0.09832
48231961600,0.117631
48231961700,0.044292
48235950100,0.127252
48237950100,0.109928
48237950300,0.161317
48237950500,0.100517
48239950100,0.021625
48239950200,0.034852
48239950300,0.02183
48247950200,0.086195
48247950400,0.037982
48249950101,0.047792
48249950102,0.020638
48249950201,0.048821
48249950202,0.053092
48249950301,0.020241
48249950302,0.100185
48249950303,0.11849
48249950400,0.015209
48249950500,0.041161
48249950600,0.033288
48249950700,0.036421
48251130100,0.045977
48251130205,0.026535
48251130210,0.018968
48251130211,0.033345
48251130212,0.080383
48251130213,0.047124
48251130214,0.106264
48251130215,0.03061
48251130216,0.015133
48251130217,0.028238
48251130218,0.091708
48251130219,0.01629
48251130220,0.018974
48251130221,0.024168
48251130222,0.014536
48251130302,0.069931
48251130303,0.131154
48251130304,0.077699
48251130405,0.027686
48251130406,0.045079
48251130411,0.075536
48251130412,0.087258
48251130413,0.100085
48251130414,0.039033
48251130415,0.08365
48251130416,0.025978
48251130417,0.065153
48251130418,0.019563
48251130419,0.068319
48251130501,0.02954
48251130502,0.026268
48251130602,0.030289
48251130603,0.115302
48251130604,0.071074
48251130700,0.018524
48251130800,0.063207
48251130900,0.041108
48251131000,0.02648
48251131100,0.151412
48253020101,0.180148
48253020102,0.061742
48253020200,0.13369
48253020300,0.043608
48253020400,0.020876
48253020500,0.032679
48255970100,0.088826
48255970200,0.02478
48255970301,0.164543
48255970302,0.128922
48255970400,0.053998
48257050204,0.017267
48257050207,0.01838
48257050208,0.022124
48257050209,0.014766
48257050210,0.052681
48257050211,0.015492
48257050212,0.019421
48257050213,0.018074
48257050214,0.011281
48257050215,0.019153
48257050300,0.141322
48257050401,0.123867
48257050402,0.021972
48257050500,0.102648
48257050601,0.052903
48257050602,0.052973
48257050701,0.038461
48257050703,0.049753
48257050704,0.066546
48257050801,0.029062
48257050802,0.02615
48257051000,0.157623
48257051100,0.061392
48257051201,0.059022
48257051202,0.030643
48257051301,0.085152
48257051302,0.040526
48259970101,0.111129
48259970102,0.018461
48259970301,0.034841
48259970302,0.17617
48259970403,0.11044
48259970404,0.021836
48259970405,0.022717
48259970406,0.075941
48259970500,0.078846
48261950100,0.056135
48263950100,0.097059
48265960101,0.09308
48265960102,0.093537
48265960200,0.040482
48265960301,0.083429
48265960303,0.21871
48265960304,0.049991
48265960401,0.296035
48265960403,0.22334
48265960404,0.209368
48265960500,0.076399
48265960601,0.190501
48265960602,0.198038
48265960700,0.202639
48265960800,0.063492
48267950100,0.07973
48267950200,0.166716
48269950100,0.093374
48271950100,0.021414
48273020101,0.038959
48273020102,0.031
48273020200,0.061024
48273020301,0.023388
48273020302,0.155609
48273020401,0.048303
48273020402,0.189502
48273020501,0.024143
48273020502,0.077055
48275950100,0.067599
48275950200,0.052691
48277000101,0.085489
48277000102,0.050772
48277000200,0.028406
48277000301,0.041844
48277000302,0.047071
48277000401,0.11668
48277000402,0.216041
48277000500,0.156767
48277000600,0.181912
48277000700,0.10221
48277000800,0.11677
48277000900,0.151956
48277001000,0.111292
48281950100,0.041209
48281950302,0.139075
48281950303,0.084726
48281950304,0.086675
48281950400,0.181902
48281950500,0.151821
48283950301,0.080962
48283950302,0.078394
48285000100,0.029681
48285000200,0.096686
48285000300,0.030067
48285000400,0.124377
48285000500,0.079036
48285000600,0.159557
48287000100,0.021385
48287000200,0.03863
48287000300,0.052709
48287000400,0.06072
48289950101,0.08706
48289950102,0.039007
48289950201,0.05084
48289950202,0.020626
48289950301,0.127728
48289950302,0.094393
48291700100,0.03408
48291700200,0.128508
48291700301,0.040901
48291700302,0.025742
48291700303,0.099423
48291700400,0.058951
48291700500,0.057302
48291700900,0.035514
48291701000,0.101777
48293970100,0.100514
48293970200,0.040161
48293970300,0.179704
48293970400,0.055686
48293970500,0.184421
48293970600,0.057868
48293970700,0.034701
48293970800,0.046592
48297950100,0.062554
48297950200,0.04721
48297950300,0.102219
48297950400,0.067801
48299970100,0.160555
48299970200,0.101761
48299970300,0.129909
48299970401,0.174179
48299970402,0.079926
48299970501,0.020581
48299970502,0.055094
48299970600,0.124508
48303000100,0.015547
48303000201,0.016456
48303000202,0.074911
48303000301,0.015087
48303000303,0.027081
48303000304,0.094094
48303000402,0.054658
48303000403,0.033195
48303000406,0.048875
48303000407,0.118295
48303000408,0.021672
48303000409,0.016145
48303000410,0.02401
48303000411,0.016904
48303000501,0.037632
48303000502,0.056608
48303000503,0.109015
48303000603,0.029937
48303000605,0.026835
48303000607,0.116094
48303000700,0.041181
48303000901,0.039806
48303000902,0.079203
48303001000,0.062102
48303001200,0.013206
48303001300,0.049197
48303001401,0.039561
48303001402,0.141212
48303001501,0.065592
48303001502,0.03763
48303001601,0.042974
48303001602,0.033772
48303001708,0.029242
48303001709,0.01053
48303001710,0.031032
48303001711,0.012807
48303001712,0.015349
48303001713,0.012483
48303001714,0.017687
48303001715,0.027777
48303001716,0.011407
48303001717,0.012674
48303001804,0.050807
48303001805,0.027197
48303001806,0.017063
48303001807,0.038375
48303001808,0.016374
48303001904,0.012849
48303001905,0.038578
48303001906,0.016021
48303001907,0.019972
48303001908,0.014077
48303002001,0.012635
48303002002,0.013145
48303002102,0.019011
48303002103,0.012963
48303002104,0.01122
48303002203,0.022192
48303002205,0.019807
48303002206,0.014965
48303002207,0.261667
48303002208,0.019923
48303002301,0.014378
48303002302,0.166272
48303002401,0.062238
48303002402,0.01902
48303002500,0.055908
48303010101,0.073757
48303010102,0.084588
48303010201,0.08136
48303010202,0.054579
48303010203,0.047533
48303010204,0.044778
48303010301,0.049485
48303010302,0.123743
48303010402,0.119856
48303010404,0.048426
48303010409,0.022153
48303010410,0.025561
48303010411,0.01524
48303010412,0.053014
48303010413,0.050398
48303010414,0.015771
48303010415,0.03247
48303010416,0.05665
48303010417,0.024457
48303010418,0.074541
48303010419,0.024303
48303010420,0.052183
48303010421,0.023945
48303010422,0.054964
48303010423,0.059075
48303010502,0.033957
48303010504,0.016856
48303010505,0.018623
48303010506,0.040629
48303010509,0.028954
48303010510,0.025878
48303010511,0.01286
48303010512,0.025063
48303010513,0.097706
48303010514,0.01614
48303010601,0.112109
48303010602,0.228414
48303010700,0.052044
48303980000,0.07454
48305950400,0.045893
48305950500,0.093857
48305950600,0.03805
48307950300,0.165902
48307950400,0.149507
48307950500,0.130904
48309000100,0.044886
48309000200,0.071922
48309000300,0.029402
48309000401,0.098261
48309000402,0.068663
48309000598,0.110702
48309000700,0.043194
48309000800,0.100904
48309000900,0.062267
48309001000,0.013724
48309001100,0.026448
48309001200,0.105414
48309001300,0.024017
48309001401,0.024263
48309001402,0.024895
48309001500,0.030711
48309001600,0.068951
48309001700,0.135387
48309001800,0.15268
48309001900,0.06763
48309002000,0.079698
48309002100,0.123052
48309002302,0.11684
48309002498,0.104212
48309002501,0.073871
48309002503,0.048146
48309002504,0.077327
48309002600,0.023092
48309002700,0.013825
48309002800,0.013959
48309002900,0.025801
48309003000,0.011644
48309003200,0.081453
48309003300,0.041186
48309003401,0.061686
48309003402,0.069191
48309003500,0.043552
48309003601,0.015945
48309003602,0.108268
48309003701,0.180261
48309003703,0.045737
48309003708,0.016555
48309003709,0.042869
48309003710,0.027834
48309003711,0.012691
48309003712,0.031397
48309003801,0.035531
48309003802,0.028847
48309003901,0.157361
48309003902,0.143491
48309004000,0.02635
48309004102,0.015104
48309004104,0.018074
48309004105,0.026267
48309004201,0.025598
48309004202,0.056764
48309004300,0.043521
48309980000,0.036495
48311950100,0.051712
48313000100,0.058471
48313000200,0.192577
48313000300,0.126898
48313000400,0.11557
48317950100,0.080068
48317950200,0.071733
48319950100,0.09827
48319950200,0.111753
48321730100,0.188967
48321730202,0.022504
48321730203,0.060605
48321730204,0.230748
48321730301,0.189326
48321730302,0.248481
48321730303,0.029166
48321730400,0.107712
48321730502,0.05817
48321730503,0.137274
48321730600,0.034337
48321730700,0.01798
48323950204,0.047715
48323950206,0.031994
48323950207,0.021935
48323950208,0.204146
48323950209,0.024813
48323950301,0.118829
48323950302,0.12337
48323950400,0.15916
48323950500,0.112758
48323950601,0.090175
48323950602,0.011548
48323950701,0.054163
48323950702,0.101026
48325000101,0.060292
48325000103,0.079283
48325000104,0.107738
48325000200,0.041602
48325000301,0.162677
48325000302,0.057805
48325000401,0.131745
48325000402,0.0262
48325000500,0.088046
48325000801,0.11484
48325000802,0.162178
48327950300,0.108975
48329010123,0.067089
48329010124,0.085024
48329010128,0.044177
48329010129,0.019965
48331950100,0.037221
48331950300,0.073718
48331950401,0.074197
48331950402,0.114969
48331950500,0.050529
48331950700,0.088516
48331950800,0.030124
48333950100,0.029507
48333950200,0.092861
48335950200,0.09752
48335950400,0.061159
48337950100,0.0508
48337950200,0.098935
48337950401,0.104494
48337950402,0.066721
48337950501,0.063785
48337950502,0.070616
48337950600,0.032281
48339690101,0.022265
48339690102,0.068995
48339690203,0.064273
48339690204,0.023225
48339690205,0.017805
48339690206,0.015094
48339690207,0.175571
48339690300,0.034763
48339690403,0.035751
48339690404,0.071245
48339690405,0.07775
48339690406,0.014693
48339690407,0.015696
48339690408,0.038053
48339690501,0.017738
48339690502,0.018212
48339690503,0.017304
48339690603,0.0112
48339690604,0.022633
48339690605,0.059904
48339690606,0.01335
48339690607,0.014779
48339690608,0.021895
48339690609,0.015191
48339690610,0.057128
48339690701,0.021811
48339690702,0.018473
48339690800,0.023184
48339690900,0.011399
48339691000,0.013121
48339691100,0.011175
48339691201,0.064611
48339691202,0.0139
48339691301,0.042204
48339691302,0.011321
48339691401,0.019543
48339691402,0.050146
48339691403,0.049371
48339691500,0.014501
48339691601,0.013633
48339691602,0.022584
48339691700,0.021024
48339691801,0.014688
48339691802,0.018546
48339691900,0.064868
48339692003,0.047699
48339692004,0.033176
48339692005,0.011467
48339692006,0.020624
48339692007,0.02321
48339692008,0.03329
48339692009,0.01588
48339692010,0.071885
48339692101,0.028214
48339692102,0.056209
48339692103,0.041614
48339692201,0.016753
48339692202,0.014593
48339692301,0.079772
48339692302,0.022411
48339692303,0.021036
48339692304,0.012608
48339692401,0.024634
48339692402,0.025035
48339692501,0.064513
48339692502,0.014509
48339692601,0.036141
48339692603,0.019691
48339692604,0.047043
48339692605,0.041725
48339692701,0.024003
48339692702,0.041846
48339692802,0.038514
48339692803,0.026027
48339692804,0.01678
48339692900,0.021972
48339693001,0.072025
48339693002,0.041844
48339693102,0.090814
48339693103,0.169094
48339693104,0.046286
48339693201,0.024891
48339693202,0.026151
48339693301,0.126704
48339693302,0.013327
48339693303,0.052608
48339693304,0.050227
48339693401,0.051775
48339693402,0.039305
48339693501,0.058398
48339693502,0.208319
48339693503,0.05926
48339693600,0.060575
48339693701,0.053977
48339693702,0.019014
48339693703,0.076008
48339693800,0.066046
48339693901,0.10127
48339693902,0.190996
48339693903,0.230509
48339693904,0.025336
48339694001,0.024773
48339694002,0.063134
48339694103,0.0192
48339694104,0.031222
48339694105,0.063688
48339694106,0.085701
48339694107,0.098522
48339694203,0.04051
48339694204,0.022829
48339694205,0.151302
48339694206,0.051906
48339694207,0.027034
48339694208,0.014527
48339694209,0.014214
48339694210,0.025342
48339694303,0.012789
48339694304,0.019086
48339694305,0.024896
48339694306,0.082908
48339694307,0.070328
48339694308,0.052487
48339694309,0.03235
48339694401,0.01816
48339694402,0.030122
48339694403,0.073475
48339694501,0.031754
48339694502,0.031928
48339694503,0.020739
48339694601,0.028073
48339694602,0.030142
48339694603,0.074894
48339694700,0.069916
48347950200,0.053632
48349970100,0.051235
48349970200,0.026286
48349970301,0.030888
48349970302,0.094206
48349970400,0.020226
48349970500,0.026996
48349970600,0.055075
48349970701,0.055736
48349970800,0.075734
48349970901,0.036938
48349970902,0.118494
48349971000,0.057675
48353950100,0.131418
48353950200,0.152943
48353950300,0.106838
48353950400,0.045341
48353950500,0.035446
48355000500,0.114919
48355000601,0.178431
48355000602,0.023591
48355000700,0.019347
48355000800,0.019632
48355000900,0.013484
48355001000,0.04945
48355001100,0.073666
48355001201,0.015116
48355001202,0.014124
48355001300,0.012728
48355001400,0.015925
48355001500,0.017318
48355001601,0.01257
48355001602,0.017555
48355001702,0.087673
48355001703,0.016136
48355001704,0.021035
48355001801,0.020695
48355001802,0.04412
48355001903,0.023578
48355001904,0.013482
48355001905,0.055314
48355001906,0.164562
48355002001,0.039779
48355002002,0.014434
48355002101,0.012735
48355002102,0.013386
48355002200,0.028522
48355002301,0.025763
48355002303,0.017683
48355002304,0.023329
48355002400,0.021479
48355002500,0.016987
48355002601,0.03837
48355002602,0.015112
48355002603,0.012876
48355002703,0.04198
48355002705,0.01408
48355002706,0.148738
48355002707,0.025919
48355002708,0.094355
48355002900,0.097063
48355003002,0.015043
48355003003,0.101249
48355003004,0.018501
48355003101,0.011405
48355003102,0.016129
48355003202,0.017145
48355003204,0.060878
48355003205,0.037831
48355003206,0.02835
48355003303,0.042021
48355003304,0.033786
48355003305,0.01987
48355003306,0.024654
48355003401,0.02007
48355003402,0.02711
48355003500,0.031821
48355003601,0.018041
48355003602,0.015449
48355003603,0.026357
48355003700,0.014666
48355005103,0.115716
48355005104,0.051059
48355005404,0.012277
48355005406,0.029702
48355005407,0.031666
48355005408,0.038823
48355005409,0.021548
48355005410,0.016613
48355005411,0.078112
48355005412,0.011527
48355005413,0.042837
48355005414,0.020923
48355005415,0.016435
48355005416,0.034349
48355005417,0.017436
48355005603,0.029755
48355005604,0.133271
48355005605,0.089306
48355005606,0.074641
48355005801,0.026205
48355005803,0.038962
48355005804,0.043394
48355005900,0.016116
48355006000,0.026124
48355006100,0.032656
48355006201,0.011861
48355006202,0.031721
48355006203,0.050146
48355006204,0.012735
48355006205,0.093842
48355006300,0.061541
48355006400,0.034722
48355980000,0.05757
48363000100,0.07395
48363000200,0.088805
48363000300,0.042948
48363000401,0.150827
48363000402,0.101385
48363000500,0.262138
48363000600,0.084004
48363000700,0.032159
48363000800,0.142611
48363000900,0.20914
48367140101,0.077296
48367140102,0.025008
48367140201,0.075632
48367140202,0.019588
48367140300,0.040481
48367140403,0.030314
48367140408,0.078588
48367140409,0.102216
48367140410,0.077221
48367140411,0.074548
48367140412,0.205392
48367140413,0.046712
48367140414,0.042028
48367140415,0.037327
48367140416,0.044636
48367140502,0.043632
48367140503,0.029607
48367140504,0.034075
48367140601,0.029657
48367140603,0.062298
48367140604,0.085677
48367140707,0.04399
48367140708,0.059304
48367140709,0.033857
48367140710,0.1352
48367140711,0.067205
48367140712,0.049516
48367140713,0.032633
48367140714,0.024224
48371950100,0.032482
48373210203,0.016591
48373210204,0.034869
48373210205,0.155064
48373210206,0.115379
48373210301,0.061483
48373210302,0.025936
48373210402,0.029622
48379950101,0.026244
48379950102,0.077486
48379950200,0.085661
48383950100,0.049569
48385950100,0.09986
48387950100,0.039141
48387950501,0.069644
48387950502,0.185427
48387950600,0.03735
48387950700,0.025914
48391950200,0.074088
48391950400,0.072366
48395960100,0.130215
48395960200,0.031841
48395960300,0.032701
48395960400,0.041273
48395960501,0.098158
48395960502,0.083952
48397040101,0.024044
48397040103,0.134289
48397040104,0.050434
48397040201,0.019489
48397040202,0.060092
48397040203,0.027376
48397040301,0.054315
48397040303,0.064313
48397040304,0.023018
48397040305,0.019604
48397040403,0.101495
48397040404,0.051009
48397040405,0.079885
48397040406,0.237063
48397040407,0.101633
48397040408,0.030511
48397040409,0.02135
48397040410,0.027872
48397040411,0.017971
48397040412,0.030229
48397040503,0.047596
48397040507,0.020692
48397040508,0.031069
48397040509,0.070021
48397040510,0.034714
48397040511,0.021833
48397040512,0.019377
48397040513,0.043257
48397040514,0.067984
48399950100,0.088549
48399950200,0.14678
48399950500,0.035679
48399950600,0.085176
48401950200,0.023057
48401950300,0.063521
48401950400,0.053681
48401950501,0.069231
48401950502,0.138759
48401951000,0.069886
48401951100,0.059827
48407200103,0.06177
48407200104,0.036798
48407200105,0.051536
48407200106,0.017615
48407200107,0.152486
48407200201,0.054758
48407200202,0.186567
48407200301,0.033448
48407200302,0.025458
48409010201,0.14112
48409010202,0.099646
48409010301,0.048063
48409010302,0.039755
48409010500,0.016449
48409010601,0.016241
48409010602,0.01091
48409010603,0.014095
48409010604,0.017011
48409010700,0.044991
48409010800,0.040554
48409010900,0.065995
48409011000,0.092603
48409011100,0.114708
48409011200,0.030361
48409011300,0.049919
48411950100,0.139678
48411950200,0.046703
48413950300,0.027735
48415950100,0.223005
48415950200,0.108467
48415950300,0.092529
48415950600,0.125534
48417950300,0.069373
48423000100,0.173408
48423000201,0.074306
48423000202,0.092996
48423000300,0.078779
48423000400,0.114961
48423000500,0.022199
48423000600,0.114822
48423000700,0.119441
48423000800,0.054732
48423000900,0.118821
48423001000,0.021137
48423001101,0.077495
48423001102,0.171456
48423001200,0.210378
48423001300,0.15429
48423001404,0.03228
48423001405,0.047087
48423001406,0.035434
48423001407,0.056078
48423001408,0.079455
48423001501,0.098417
48423001502,0.023696
48423001602,0.170892
48423001605,0.162806
48423001606,0.189497
48423001607,0.156057
48423001608,0.154285
48423001701,0.061094
48423001702,0.034461
48423001803,0.122936
48423001804,0.0409
48423001805,0.21617
48423001806,0.096968
48423001807,0.105629
48423001906,0.052142
48423001909,0.042968
48423001910,0.024616
48423001911,0.034781
48423001912,0.200664
48423001913,0.222753
48423001914,0.099646
48423001915,0.032118
48423001916,0.018782
48423001917,0.115722
48423002003,0.113778
48423002004,0.053242
48423002006,0.045333
48423002009,0.07115
48423002010,0.016856
48423002011,0.035699
48423002012,0.048967
48423002013,0.101263
48423002101,0.087551
48423002102,0.035381
48423002200,0.028988
48423980000,0.118457
48425000101,0.050168
48425000102,0.062719
48425000200,0.062029
48427950101,0.097126
48427950104,0.018082
48427950105,0.059107
48427950106,0.146494
48427950107,0.137441
48427950108,0.028737
48427950202,0.063601
48427950203,0.139739
48427950204,0.074816
48427950402,0.108481
48427950403,0.259166
48427950404,0.191111
48427950500,0.071018
48427950601,0.155739
48427950602,0.132909
48427950701,0.059634
48427950702,0.106841
48429950200,0.120516
48429950300,0.136918
48429950500,0.077228
48431950100,0.160823
48433950300,0.072344
48435950300,0.041462
48439100101,0.029323
48439100102,0.027763
48439100201,0.01248
48439100202,0.079077
48439100300,0.048012
48439100401,0.128392
48439100402,0.119887
48439100503,0.107179
48439100504,0.067677
48439100505,0.013878
48439100506,0.018608
48439100601,0.061883
48439100602,0.148332
48439100700,0.105281
48439100800,0.084494
48439100900,0.078222
48439101201,0.029876
48439101202,0.035672
48439101301,0.017519
48439101302,0.054212
48439101401,0.019601
48439101402,0.041964
48439101403,0.052021
48439101500,0.097196
48439101700,0.016374
48439102000,0.022498
48439102101,0.078613
48439102102,0.052153
48439102201,0.034013
48439102202,0.014952
48439102301,0.084443
48439102302,0.181974
48439102401,0.042292
48439102402,0.109597
48439102500,0.014197
48439102601,0.034136
48439102602,0.01698
48439102700,0.016129
48439103500,0.019395
48439103601,0.031691
48439103602,0.034564
48439103701,0.016044
48439103702,0.019938
48439103800,0.066527
48439104100,0.056129
48439104202,0.016064
48439104203,0.012823
48439104204,0.031754
48439104301,0.020907
48439104302,0.018524
48439104400,0.021072
48439104502,0.021342
48439104503,0.015329
48439104504,0.023309
48439104505,0.018897
48439104601,0.017727
48439104602,0.015391
48439104603,0.04735
48439104604,0.029827
48439104605,0.035173
48439104701,0.015934
48439104702,0.060258
48439104802,0.012229
48439104803,0.024987
48439104804,0.016357
48439104900,0.017472
48439105007,0.026118
48439105008,0.025389
48439105009,0.023421
48439105201,0.028061
48439105203,0.150193
48439105204,0.044708
48439105206,0.112806
48439105207,0.01975
48439105403,0.02632
48439105404,0.012601
48439105405,0.032831
48439105407,0.146609
48439105408,0.017508
48439105502,0.014486
48439105503,0.01608
48439105505,0.015688
48439105511,0.018711
48439105512,0.019954
48439105513,0.036742
48439105514,0.056349
48439105515,0.013873
48439105516,0.044677
48439105517,0.027578
48439105518,0.019493
48439105519,0.013548
48439105520,0.047168
48439105600,0.014014
48439105701,0.014298
48439105703,0.022183
48439105705,0.015919
48439105706,0.017317
48439105800,0.02035
48439105901,0.029172
48439105902,0.013299
48439106002,0.06837
48439106004,0.016455
48439106005,0.025206
48439106006,0.013128
48439106101,0.0673
48439106102,0.08484
48439106201,0.034521
48439106202,0.015915
48439106300,0.012147
48439106400,0.051144
48439106502,0.015401
48439106503,0.015309
48439106507,0.023072
48439106509,0.018632
48439106512,0.016913
48439106513,0.05903
48439106514,0.018237
48439106515,0.012784
48439106518,0.018278
48439106519,0.018462
48439106520,0.043624
48439106521,0.01318
48439106522,0.017464
48439106523,0.027884
48439106524,0.038491
48439106525,0.015428
48439106526,0.028868
48439106600,0.033959
48439106700,0.036669
48439110102,0.049452
48439110103,0.028357
48439110104,0.068997
48439110202,0.068431
48439110204,0.014328
48439110205,0.010401
48439110206,0.039114
48439110301,0.034045
48439110302,0.056651
48439110401,0.021452
48439110402,0.097839
48439110500,0.160379
48439110600,0.104002
48439110703,0.030364
48439110704,0.060792
48439110705,0.017427
48439110706,0.024519
48439110805,0.04209
48439110806,0.014111
48439110807,0.050403
48439110808,0.08963
48439110809,0.070938
48439110901,0.096277
48439110903,0.052032
48439110905,0.047019
48439110906,0.075348
48439110907,0.049659
48439111003,0.019561
48439111010,0.032054
48439111015,0.041106
48439111018,0.034015
48439111019,0.015997
48439111020,0.016845
48439111021,0.02137
48439111022,0.015953
48439111023,0.014024
48439111024,0.013688
48439111025,0.03094
48439111026,0.01971
48439111027,0.018696
48439111028,0.013818
48439111029,0.020562
48439111030,0.01507
48439111031,0.041707
48439111032,0.010168
48439111033,0.014489
48439111102,0.044478
48439111103,0.132626
48439111104,0.073917
48439111202,0.036887
48439111203,0.028185
48439111204,0.017335
48439111304,0.012696
48439111306,0.016855
48439111307,0.037705
48439111308,0.014927
48439111309,0.02272
48439111311,0.021089
48439111312,0.035038
48439111314,0.024669
48439111315,0.014576
48439111316,0.013484
48439111317,0.036446
48439111318,0.019883
48439111319,0.017142
48439111320,0.017706
48439111402,0.018338
48439111405,0.132522
48439111406,0.01422
48439111407,0.016275
48439111408,0.027169
48439111409,0.01756
48439111410,0.032741
48439111411,0.026807
48439111505,0.060976
48439111506,0.025917
48439111513,0.015909
48439111514,0.032329
48439111516,0.044161
48439111522,0.031107
48439111525,0.022537
48439111526,0.083891
48439111529,0.032233
48439111530,0.015942
48439111531,0.018254
48439111532,0.018464
48439111533,0.029513
48439111534,0.015678
48439111536,0.024059
48439111538,0.040186
48439111540,0.013556
48439111541,0.014022
48439111542,0.015291
48439111543,0.013521
48439111544,0.014031
48439111545,0.018509
48439111546,0.017307
48439111551,0.016788
48439111552,0.019681
48439111553,0.024715
48439111554,0.018783
48439111555,0.016108
48439111556,0.039925
48439111557,0.010838
48439111558,0.014238
48439111559,0.088435
48439111560,0.013516
48439111561,0.013699
48439111562,0.036327
48439111563,0.035023
48439111564,0.061454
48439111565,0.018459
48439111566,0.018717
48439111567,0.016894
48439111568,0.059499
48439111569,0.037961
48439111570,0.012786
48439111571,0.024869
48439111572,0.013462
48439113003,0.0316
48439113004,0.061462
48439113005,0.104712
48439113006,0.013225
48439113007,0.022244
48439113102,0.020195
48439113104,0.015981
48439113107,0.01279
48439113108,0.012343
48439113109,0.029904
48439113110,0.023494
48439113112,0.012372
48439113115,0.035923
48439113116,0.030514
48439113117,0.017192
48439113118,0.024152
48439113119,0.021473
48439113120,0.01372
48439113121,0.061151
48439113122,0.040298
48439113206,0.08597
48439113207,0.021284
48439113210,0.051139
48439113212,0.014634
48439113213,0.014874
48439113214,0.013452
48439113215,0.018252
48439113216,0.01416
48439113217,0.023875
48439113218,0.014206
48439113221,0.052789
48439113222,0.040101
48439113223,0.03018
48439113301,0.096571
48439113302,0.044389
48439113403,0.026616
48439113404,0.019317
48439113407,0.0915
48439113408,0.055866
48439113409,0.085396
48439113410,0.076377
48439113509,0.01146
48439113510,0.013271
48439113511,0.039376
48439113512,0.016037
48439113513,0.043367
48439113514,0.039163
48439113516,0.016653
48439113517,0.031299
48439113519,0.019655
48439113520,0.029079
48439113521,0.0251
48439113522,0.016305
48439113607,0.019574
48439113611,0.030961
48439113612,0.017458
48439113613,0.03097
48439113618,0.015151
48439113619,0.046474
48439113622,0.086877
48439113623,0.026644
48439113624,0.01176
48439113625,0.020427
48439113626,0.016167
48439113628,0.051283
48439113629,0.0143
48439113630,0.063384
48439113632,0.020466
48439113633,0.018576
48439113634,0.012112
48439113635,0.050449
48439113636,0.036248
48439113637,0.054521
48439113638,0.026271
48439113639,0.029819
48439113640,0.02441
48439113707,0.029564
48439113709,0.016881
48439113710,0.014674
48439113711,0.061323
48439113712,0.029183
48439113713,0.022705
48439113714,0.019527
48439113715,0.048024
48439113716,0.024762
48439113803,0.069789
48439113808,0.013764
48439113809,0.016921
48439113810,0.012864
48439113811,0.065764
48439113812,0.011083
48439113813,0.035659
48439113814,0.018152
48439113815,0.017458
48439113816,0.020968
48439113906,0.01412
48439113908,0.034537
48439113912,0.020319
48439113916,0.016313
48439113917,0.01946
48439113918,0.069612
48439113919,0.028645
48439113920,0.015608
48439113923,0.016129
48439113924,0.011799
48439113925,0.018684
48439113930,0.016118
48439113931,0.021803
48439113932,0.016673
48439113933,0.048974
48439113934,0.01847
48439113935,0.041454
48439113936,0.034857
48439113937,0.043657
48439113938,0.013085
48439113939,0.014704
48439113940,0.02702
48439113941,0.017383
48439113942,0.022147
48439113943,0.013579
48439113944,0.018814
48439113945,0.021518
48439113946,0.018863
48439113947,0.019936
48439113948,0.01522
48439113949,0.031034
48439113950,0.035056
48439113951,0.014184
48439113952,0.019621
48439113953,0.052171
48439113954,0.026723
48439113955,0.011846
48439113956,0.025501
48439113957,0.024178
48439113958,0.049447
48439114003,0.045625
48439114006,0.02119
48439114009,0.012557
48439114010,0.011559
48439114011,0.018728
48439114012,0.019798
48439114013,0.018885
48439114014,0.013587
48439114015,0.087692
48439114105,0.078302
48439114106,0.037963
48439114107,0.035698
48439114108,0.016418
48439114109,0.01403
48439114110,0.034296
48439114111,0.018173
48439114112,0.014352
48439114113,0.017529
48439114203,0.024664
48439114204,0.031704
48439114205,0.051398
48439114206,0.048216
48439114207,0.033722
48439121605,0.025223
48439121606,0.027426
48439121608,0.013432
48439121609,0.013912
48439121610,0.021525
48439121611,0.019109
48439121612,0.120952
48439121613,0.267387
48439121614,0.092423
48439121615,0.088755
48439121702,0.016716
48439121703,0.015907
48439121704,0.014068
48439121904,0.056009
48439121905,0.0223
48439121906,0.022018
48439121907,0.015507
48439121908,0.07276
48439122001,0.012168
48439122002,0.015829
48439122100,0.019927
48439122200,0.033918
48439122300,0.015381
48439122401,0.024164
48439122402,0.016505
48439122500,0.025177
48439122600,0.02847
48439122701,0.018254
48439122702,0.073231
48439122801,0.042161
48439122802,0.016862
48439122901,0.020071
48439122902,0.0622
48439123001,0.124182
48439123002,0.041673
48439123100,0.053324
48439123200,0.037143
48439123301,0.044718
48439123302,0.059491
48439123500,0.0214
48439123600,0.028454
48439123700,0.013637
48439980000,0.165237
48441010100,0.017589
48441010200,0.035501
48441010300,0.012251
48441010400,0.012978
48441010500,0.017275
48441010600,0.021404
48441010700,0.011005
48441010800,0.097282
48441010900,0.117146
48441011000,0.036791
48441011200,0.025332
48441011300,0.015095
48441011400,0.076925
48441011500,0.013174
48441011600,0.023562
48441011700,0.072921
48441011900,0.056787
48441012000,0.032996
48441012100,0.031958
48441012200,0.083114
48441012300,0.011922
48441012400,0.050948
48441012500,0.019383
48441012600,0.019544
48441012701,0.015676
48441012702,0.064135
48441012801,0.041357
48441012802,0.042182
48441012900,0.022672
48441013000,0.037583
48441013100,0.053598
48441013200,0.062765
48441013300,0.05249
48441013401,0.105818
48441013402,0.047238
48441013404,0.026055
48441013501,0.056206
48441013502,0.050676
48441013601,0.021885
48441013602,0.044067
48441980000,0.18738
48443950100,0.073023
48447950300,0.042202
48449950100,0.059351
48449950200,0.094975
48449950301,0.049867
48449950302,0.081264
48449950400,0.072901
48449950500,0.074305
48449950600,0.059932
48449950700,0.192994
48449950800,0.203969
48451000100,0.111276
48451000200,0.20691
48451000300,0.050763
48451000400,0.043111
48451000700,0.096487
48451000801,0.086889
48451000802,0.012737
48451000900,0.032848
48451001000,0.141856
48451001101,0.067278
48451001102,0.049997
48451001200,0.013059
48451001301,0.019296
48451001303,0.024651
48451001304,0.02069
48451001401,0.05735
48451001402,0.078106
48451001500,0.052413
48451001600,0.032812
48451001702,0.12058
48451001706,0.019113
48451001707,0.03534
48451001708,0.086782
48451001709,0.044422
48451001710,0.025164
48451001800,0.09207
48451980000,0.034628
48453000101,0.038235
48453000102,0.051812
48453000203,0.013749
48453000204,0.016138
48453000205,0.018977
48453000206,0.01876
48453000302,0.013016
48453000304,0.012538
48453000305,0.041031
48453000307,0.040288
48453000308,0.045491
48453000309,0.023679
48453000401,0.029559
48453000402,0.01559
48453000500,0.03569
48453000601,0.010027
48453000605,0.03871
48453000606,0.048061
48453000607,0.011035
48453000608,0.028866
48453000700,0.020667
48453000801,0.109878
48453000802,0.065912
48453000803,0.017647
48453000804,0.039849
48453000901,0.089713
48453000902,0.016927
48453001000,0.016592
48453001101,0.020827
48453001102,0.043276
48453001103,0.023599
48453001200,0.013009
48453001304,0.144323
48453001307,0.012668
48453001308,0.019547
48453001309,0.064051
48453001310,0.12554
48453001311,0.012568
48453001312,0.028603
48453001401,0.015117
48453001402,0.022579
48453001403,0.034996
48453001501,0.013763
48453001503,0.020595
48453001504,0.012001
48453001505,0.020597
48453001602,0.023901
48453001603,0.049297
48453001604,0.030857
48453001605,0.012493
48453001606,0.07749
48453001910,0.109302
48453001911,0.074367
48453001912,0.126921
48453001913,0.157725
48453001914,0.016861
48453001915,0.018461
48453001916,0.016353
48453001917,0.184995
48453001918,0.082257
48453001919,0.024712
48453001920,0.050348
48453001921,0.115764
48453001922,0.138213
48453001923,0.190659
48453002002,0.014318
48453002003,0.011629
48453002004,0.022771
48453002006,0.014015
48453002007,0.025822
48453002104,0.024069
48453002105,0.014876
48453002106,0.027508
48453002107,0.014414
48453002108,0.02373
48453002109,0.01961
48453002110,0.091279
48453002111,0.050796
48453002112,0.015701
48453002113,0.010419
48453002201,0.017638
48453002211,0.018691
48453002213,0.020426
48453002214,0.035476
48453002215,0.053079
48453002216,0.022871
48453002217,0.168092
48453002218,0.21615
48453002219,0.052969
48453002220,0.046686
48453002221,0.018159
48453002222,0.014105
48453002304,0.028414
48453002307,0.026702
48453002310,0.124775
48453002313,0.027959
48453002314,0.012857
48453002315,0.023672
48453002316,0.025732
48453002319,0.116266
48453002320,0.038518
48453002321,0.039232
48453002322,0.026554
48453002323,0.015407
48453002324,0.018999
48453002325,0.039729
48453002326,0.082131
48453002327,0.020638
48453002403,0.017204
48453002407,0.019132
48453002409,0.015315
48453002410,0.015413
48453002411,0.014818
48453002412,0.017293
48453002413,0.04673
48453002419,0.009646
48453002422,0.050714
48453002423,0.016829
48453002424,0.04038
48453002430,0.012208
48453002432,0.039416
48453002434,0.173252
48453002436,0.17014
48453002437,0.041189
48453002438,0.017366
48453002439,0.014366
48453002440,0.013948
48453002441,0.01578
48453002442,0.019156
48453002443,0.045149
48453002444,0.039797
48453002445,0.017695
48453002446,0.019872
48453002447,0.044669
48453002448,0.015301
48453002449,0.045889
48453002450,0.07902
48453002451,0.042516
48453002452,0.080937
48453002453,0.113718
48453002500,0.026049
48453030000,0.094631
48453030100,0.072832
48453030200,0.020692
48453030300,0.013223
48453030400,0.013563
48453030500,0.02247
48453030600,0.02719
48453030700,0.018996
48453030800,0.016141
48453030900,0.023567
48453031000,0.020947
48453031100,0.186831
48453031200,0.023468
48453031300,0.018636
48453031400,0.024749
48453031500,0.015692
48453031600,0.028562
48453031700,0.013076
48453031800,0.02533
48453031900,0.029459
48453032000,0.020789
48453032100,0.014898
48453032200,0.016661
48453032300,0.038926
48453032400,0.019626
48453032500,0.025319
48453032600,0.012841
48453032700,0.014838
48453032800,0.214898
48453032900,0.022259
48453033000,0.105027
48453033100,0.071866
48453033200,0.025882
48453033300,0.01877
48453033400,0.031667
48453033500,0.028706
48453033600,0.06536
48453033700,0.014706
48453033800,0.013715
48453033900,0.015663
48453034000,0.099698
48453034100,0.014353
48453034200,0.031851
48453034300,0.013785
48453034400,0.013628
48453034500,0.024011
48453034600,0.034718
48453034700,0.029074
48453034800,0.019702
48453034900,0.016581
48453035000,0.021821
48453035100,0.024212
48453035200,0.0553
48453035300,0.268304
48453035400,0.053166
48453035500,0.010432
48453035600,0.10977
48453035700,0.039859
48453035800,0.029666
48453035900,0.053786
48453036000,0.02443
48453036100,0.037874
48453036200,0.018239
48453036300,0.082958
48453036400,0.1059
48453036500,0.163463
48453036600,0.125113
48453036700,0.134977
48453036800,0.099771
48453036900,0.05062
48453037000,0.150014
48453037100,0.088043
48453037200,0.011975
48453037300,0.024532
48453037400,0.065553
48453037500,0.0407
48453037600,0.020693
48453040000,0.019377
48453040100,0.063726
48453040200,0.010892
48453040300,0.02571
48453040400,0.017249
48453040500,0.013444
48453040600,0.051257
48453040700,0.016104
48453040800,0.013834
48453040900,0.194196
48453041000,0.152403
48453041100,0.193712
48453041200,0.024856
48453041300,0.013204
48453041400,0.024084
48453041500,0.052642
48453041600,0.039095
48453041700,0.04012
48453041800,0.021174
48453041900,0.054429
48453042000,0.024573
48453042100,0.020944
48453042200,0.023213
48453042300,0.034195
48453042400,0.03014
48453042500,0.016057
48453042600,0.022214
48453042700,0.011083
48453042800,0.014957
48453042900,0.013979
48453043000,0.019192
48453043100,0.076297
48453043200,0.202246
48453043300,0.016092
48453043400,0.020006
48453043500,0.042122
48453043600,0.017731
48453043700,0.080694
48453043800,0.014481
48453043900,0.010902
48453044000,0.014478
48453044100,0.012125
48453044200,0.014662
48453044300,0.017512
48453044400,0.018001
48453044500,0.013588
48453044600,0.010904
48453044700,0.014176
48453044800,0.033417
48453044900,0.068896
48453045000,0.013004
48453045100,0.048672
48453045200,0.024365
48453045300,0.017732
48453045400,0.038939
48453045500,0.019034
48453045600,0.069832
48453045700,0.062235
48453045800,0.176512
48453045900,0.165506
48453046000,0.071278
48453046100,0.040551
48453046200,0.056786
48453046300,0.038753
48453046400,0.012516
48453046500,0.024747
48453046600,0.021081
48453046700,0.049104
48453046800,0.015005
48453046900,0.01058
48453047000,0.033368
48453980000,0.125579
48455950100,0.083097
48455950200,0.02992
48455950300,0.115224
48455950400,0.057747
48455950500,0.064572
48459950101,0.055008
48459950102,0.120601
48459950200,0.031642
48459950301,0.087601
48459950302,0.028307
48459950400,0.172482
48459950501,0.053554
48459950502,0.038574
48459950600,0.044078
48459950700,0.071155
48461950100,0.049411
48463950100,0.086238
48463950201,0.106289
48463950202,0.040803
48463950300,0.120242
48463950400,0.122143
48463950500,0.125253
48465950202,0.093821
48465950203,0.130394
48465950301,0.037636
48465950302,0.105595
48465950400,0.128844
48465950501,0.111829
48465950502,0.082447
48465950601,0.256431
48465950602,0.159953
48465950701,0.11257
48465950702,0.122501
48465950801,0.174239
48465950802,0.177501
48465980000,0.054059
48467950100,0.043935
48467950200,0.044216
48467950300,0.040123
48467950400,0.030324
48467950500,0.022968
48467950601,0.093888
48467950602,0.053653
48467950700,0.079161
48467950801,0.029565
48467950802,0.096321
48467950901,0.02893
48467950902,0.129914
48467951001,0.021595
48467951002,0.02813
48469000100,0.185533
48469000201,0.182088
48469000202,0.027465
48469000301,0.165911
48469000302,0.155615
48469000400,0.1509
48469000501,0.074434
48469000502,0.032263
48469000601,0.07755
48469000602,0.033302
48469000700,0.024722
48469000800,0.028499
48469001300,0.138257
48469001401,0.100504
48469001402,0.018831
48469001501,0.085034
48469001503,0.106047
48469001504,0.101101
48469001601,0.016202
48469001604,0.009766
48469001605,0.087996
48469001607,0.058833
48469001608,0.018507
48469001700,0.037967
48469980000,0.298432
48471790101,0.029302
48471790102,0.071636
48471790103,0.054381
48471790200,0.062233
48471790301,0.038182
48471790302,0.038605
48471790401,0.120302
48471790402,0.049755
48471790500,0.089739
48471790600,0.059799
48471790700,0.049874
48471790800,0.037155
48473680100,0.042735
48473680201,0.028113
48473680202,0.044181
48473680301,0.019952
48473680302,0.061934
48473680303,0.040311
48473680501,0.02846
48473680502,0.067325
48473680601,0.104318
48473680602,0.029657
48473980000,0.045202
48477170100,0.081562
48477170201,0.108667
48477170202,0.141934
48477170300,0.072806
48477170400,0.07446
48477170501,0.050397
48477170502,0.06093
48477170601,0.060526
48477170602,0.177243
48479000101,0.049308
48479000105,0.080087
48479000106,0.052961
48479000107,0.03142
48479000108,0.012965
48479000109,0.133421
48479000200,0.04441
48479000300,0.027685
48479000601,0.019042
48479000602,0.043636
48479000700,0.029394
48479000800,0.01095
48479000901,0.024264
48479000903,0.02951
48479000904,0.009475
48479001001,0.010888
48479001003,0.024894
48479001004,0.019414
48479001101,0.040646
48479001103,0.115832
48479001104,0.026936
48479001105,0.139273
48479001201,0.019068
48479001202,0.029638
48479001300,0.043271
48479001401,0.027988
48479001402,0.029247
48479001501,0.109794
48479001502,0.035096
48479001601,0.013411
48479001602,0.016401
48479001706,0.04535
48479001709,0.013969
48479001710,0.192166
48479001711,0.032013
48479001714,0.080181
48479001715,0.049323
48479001716,0.011129
48479001717,0.064742
48479001718,0.01259
48479001719,0.013969
48479001720,0.038237
48479001721,0.031352
48479001722,0.013814
48479001723,0.014164
48479001724,0.049234
48479001725,0.012544
48479001726,0.024154
48479001727,0.012694
48479001806,0.024274
48479001809,0.075245
48479001810,0.203906
48479001811,0.074296
48479001813,0.24855
48479001815,0.04306
48479001816,0.160915
48479001818,0.140711
48479001819,0.14946
48479001820,0.128392
48479001821,0.011653
48479001822,0.010584
48479001823,0.011151
48479001824,0.052239
48479001825,0.019905
48479001826,0.071827
48479001827,0.084581
48479001828,0.012539
48479001900,0.014658
48479980000,0.063964
48481740100,0.015143
48481740200,0.069408
48481740300,0.029855
48481740400,0.083835
48481740500,0.014746
48481740600,0.048829
48481740700,0.073868
48481740800,0.058534
48481740901,0.039077
48481740902,0.134628
48481741000,0.038721
48481741100,0.06573
48489950300,0.14742
48489950400,0.02953
48489950500,0.018186
48489950600,0.060013
48489950700,0.042657
48491020106,0.069483
48491020108,0.036641
48491020109,0.036214
48491020111,0.035063
48491020113,0.048841
48491020114,0.032923
48491020115,0.020943
48491020116,0.084527
48491020117,0.205006
48491020118,0.059133
48491020119,0.020944
48491020120,0.063988
48491020121,0.084728
48491020122,0.152457
48491020123,0.095974
48491020124,0.156982
48491020201,0.030309
48491020203,0.015331
48491020205,0.029619
48491020206,0.088833
48491020207,0.162568
48491020208,0.257657
48491020310,0.011755
48491020311,0.0459
48491020319,0.012331
48491020321,0.149171
48491020323,0.011563
48491020325,0.079239
48491020326,0.026844
48491020327,0.086916
48491020329,0.079995
48491020330,0.061009
48491020331,0.036452
48491020332,0.08337
48491020333,0.011917
48491020334,0.012839
48491020335,0.014371
48491020336,0.012429
48491020337,0.033512
48491020338,0.015543
48491020339,0.014608
48491020340,0.015282
48491020341,0.014175
48491020342,0.191969
48491020343,0.015325
48491020344,0.135967
48491020345,0.014406
48491020346,0.019693
48491020347,0.014897
48491020348,0.024241
48491020349,0.027489
48491020350,0.011575
48491020351,0.020523
48491020352,0.032958
48491020353,0.016726
48491020354,0.013004
48491020355,0.042935
48491020356,0.033194
48491020403,0.012376
48491020404,0.011278
48491020405,0.013975
48491020406,0.018932
48491020408,0.026612
48491020409,0.050669
48491020410,0.012312
48491020411,0.022775
48491020503,0.032031
48491020505,0.04624
48491020507,0.023665
48491020508,0.036701
48491020509,0.021402
48491020511,0.024388
48491020512,0.053026
48491020513,0.062703
48491020514,0.017447
48491020515,0.035823
48491020516,0.013188
48491020517,0.031906
48491020602,0.023082
48491020604,0.018019
48491020606,0.018359
48491020607,0.025598
48491020608,0.013004
48491020609,0.02163
48491020701,0.032198
48491020704,0.015912
48491020706,0.029557
48491020707,0.012483
48491020709,0.02147
48491020710,0.091624
48491020711,0.061743
48491020712,0.013262
48491020713,0.016395
48491020808,0.048896
48491020810,0.040418
48491020811,0.016169
48491020812,0.036772
48491020813,0.017853
48491020814,0.023034
48491020815,0.031396
48491020816,0.125859
48491020817,0.152307
48491020818,0.156071
48491020819,0.049296
48491020820,0.017059
48491020821,0.019765
48491020822,0.122742
48491020900,0.020505
48491021000,0.143249
48491021100,0.015084
48491021201,0.03075
48491021202,0.128865
48491021203,0.191987
48491021300,0.033927
48491021402,0.051087
48491021404,0.164863
48491021405,0.04737
48491021406,0.066547
48491021407,0.037385
48491021502,0.03381
48491021503,0.055113
48491021506,0.043375
48491021509,0.020838
48491021510,0.023693
48491021511,0.050252
48491021512,0.053213
48491021513,0.018566
48491021514,0.011818
48491021515,0.041747
48491021516,0.016324
48491021517,0.028572
48491021518,0.010628
48491021601,0.031319
48491021602,0.085703
48491021603,0.023896
48493000102,0.083087
48493000103,0.013015
48493000104,0.080304
48493000201,0.07551
48493000202,0.030954
48493000300,0.150685
48493000402,0.132801
48493000404,0.142208
48493000405,0.027583
48493000406,0.118951
48493000500,0.134892
48493000600,0.023835
48497150101,0.035165
48497150103,0.160251
48497150104,0.037386
48497150201,0.106374
48497150202,0.092608
48497150300,0.030598
48497150402,0.053546
48497150403,0.029169
48497150404,0.096891
48497150405,0.097812
48497150500,0.095932
48497150603,0.042006
48497150604,0.067464
48497150605,0.032285
48497150606,0.090527
48497150607,0.098544
48499950100,0.05973
48499950200,0.042195
48499950301,0.034427
48499950303,0.069805
48499950304,0.060486
48499950401,0.094106
48499950402,0.151145
48499950500,0.053032
48499950601,0.029971
48499950602,0.054667
48499950700,0.042346
48499950800,0.121435
48503950200,0.040489
48503950401,0.188082
48503950402,0.046779
48503950500,0.090882
48503950600,0.094054
48505950303,0.205607
48505950304,0.17181
48505950305,0.204702
48505950306,0.25868
48505950401,0.183674
48505950402,0.13519
48507950100,0.114201
48507950200,0.159106
48507950301,0.103608
48507950302,0.108414
53001950100,0.076062
53001950200,0.173996
53001950301,0.077385
53001950302,0.098651
53001950303,0.197724
53001950400,0.062923
53001950500,0.021122
53003960100,0.087278
53003960200,0.066286
53005010100,0.116785
53005010201,0.105718
53005010203,0.01314
53005010204,0.095331
53005010300,0.140497
53005010400,0.012116
53005010500,0.10091
53005010600,0.038657
53005010701,0.045581
53005010703,0.117464
53005010705,0.015706
53005010707,0.014518
53005010708,0.138213
53005010807,0.067578
53005010809,0.030753
53005010810,0.011768
53005010811,0.039509
53005010814,0.050128
53005010815,0.020942
53005010816,0.022414
53005010817,0.011916
53005010818,0.01478
53005010819,0.027199
53005010820,0.032116
53005010901,0.023848
53005010902,0.018803
53005011001,0.0442
53005011002,0.048021
53005011100,0.031267
53005011201,0.011962
53005011202,0.033712
53005011300,0.058798
53005011401,0.017843
53005011402,0.031013
53005011501,0.149939
53005011504,0.016943
53005011505,0.122836
53005011506,0.148352
53005011600,0.11018
53005011701,0.019889
53005011702,0.034242
53005011801,0.04392
53005011802,0.067098
53005011900,0.036467
53005012000,0.091595
53007960100,0.092468
53007960201,0.085827
53007960202,0.07846
53007960203,0.090857
53007960301,0.142878
53007960302,0.084052
53007960303,0.132959
53007960400,0.100689
53007960501,0.054362
53007960502,0.10365
53007960600,0.154328
53007960700,0.039482
53007960801,0.016376
53007960803,0.01738
53007960804,0.085369
53007961001,0.012813
53007961002,0.077481
53007961101,0.012841
53007961102,0.013762
53007961200,0.061631
53007961301,0.019485
53007961303,0.010768
53007961304,0.015372
53013960200,0.049761
53017950101,0.100299
53017950102,0.134723
53017950200,0.10413
53017950300,0.04328
53017950400,0.038043
53017950500,0.021841
53017950600,0.012634
53017950700,0.010235
53017950800,0.017031
53019940000,0.052151
53019970100,0.089289
53019970200,0.080089
53021020101,0.133066
53021020102,0.075311
53021020103,0.036648
53021020201,0.013329
53021020202,0.013281
53021020300,0.022495
53021020401,0.030246
53021020402,0.020268
53021020403,0.013891
53021020404,0.031038
53021020501,0.039872
53021020503,0.02628
53021020504,0.015667
53021020603,0.011344
53021020605,0.027279
53021020606,0.019028
53021020607,0.011153
53021020608,0.029653
53021020700,0.192215
53021020801,0.096577
53021020802,0.159076
53021980100,0.021229
53023970300,0.070428
53025010100,0.140777
53025010200,0.042776
53025010300,0.141775
53025010401,0.180869
53025010402,0.08148
53025010500,0.073745
53025010600,0.145803
53025010700,0.110682
53025010800,0.031123
53025010901,0.045108
53025010903,0.025025
53025010904,0.014222
53025011001,0.053527
53025011002,0.028951
53025011101,0.040867
53025011102,0.077904
53025011200,0.06043
53025011300,0.090306
53025011401,0.199584
53025011403,0.024495
53025011404,0.182032
53025011405,0.229806
53025011406,0.101998
53033031502,0.139562
53033032706,0.041355
53033032800,0.080637
53037975101,0.078111
53037975102,0.037419
53037975103,0.066113
53037975104,0.083118
53037975201,0.051422
53037975202,0.04773
53037975203,0.159613
53037975300,0.092541
53037975402,0.055039
53037975403,0.013362
53037975404,0.041617
53037975500,0.05929
53037975600,0.06779
53037975700,0.089408
53039950101,0.083034
53039950102,0.105646
53039950103,0.170331
53039950200,0.084784
53039950302,0.066282
53041972000,0.063398
53043960100,0.15417
53043960200,0.121144
53043960300,0.075668
53043960400,0.085469
53047940100,0.148391
53047940200,0.123321
53047970301,0.035659
53047970302,0.13421
53047970303,0.141693
53047970400,0.061985
53047970500,0.151087
53047970601,0.11703
53047970602,0.167569
53047970700,0.070401
53047970800,0.03883
53047970900,0.105838
53047971000,0.120046
53051970100,0.105269
53051970200,0.084347
53051970300,0.063933
53051970400,0.058247
53051970500,0.074629
53053070100,0.089378
53057951101,0.159142
53057951102,0.089901
53057951200,0.034411
53059950100,0.085326
53059950400,0.120646
53061053606,0.028034
53061053700,0.039595
53061053801,0.053039
53061053803,0.046052
53063000201,0.031656
53063000202,0.039975
53063000301,0.014876
53063000302,0.029757
53063000400,0.029274
53063000500,0.095196
53063000600,0.012513
53063000700,0.030419
53063000800,0.084558
53063000900,0.021759
53063001000,0.020382
53063001100,0.013055
53063001200,0.069742
53063001300,0.06293
53063001400,0.04267
53063001500,0.050002
53063001600,0.010751
53063001800,0.098115
53063001900,0.023158
53063002000,0.048349
53063002100,0.06672
53063002300,0.017724
53063002400,0.017098
53063002501,0.02838
53063002502,0.018115
53063002503,0.052875
53063002600,0.020686
53063002900,0.00992
53063003000,0.016036
53063003100,0.019428
53063003200,0.013249
53063003500,0.026549
53063003601,0.018145
53063003602,0.016199
53063003800,0.024244
53063003900,0.032341
53063004001,0.025927
53063004002,0.021513
53063004100,0.017279
53063004200,0.014946
53063004300,0.013683
53063004400,0.024659
53063004500,0.018104
53063004601,0.038141
53063004602,0.012104
53063004701,0.016697
53063004702,0.029383
53063004800,0.011327
53063004900,0.056917
53063005000,0.016609
53063010101,0.113428
53063010102,0.256287
53063010201,0.09956
53063010203,0.028181
53063010204,0.044724
53063010301,0.018382
53063010303,0.060834
53063010304,0.062781
53063010305,0.151207
53063010401,0.076484
53063010403,0.084957
53063010404,0.023821
53063010504,0.190846
53063010505,0.139571
53063010506,0.014978
53063010507,0.097205
53063010508,0.041901
53063010601,0.144238
53063010603,0.032421
53063010604,0.01651
53063010701,0.042333
53063010702,0.010425
53063010800,0.082321
53063010901,0.069897
53063010902,0.01432
53063011000,0.034529
53063011102,0.029105
53063011103,0.042248
53063011104,0.026963
53063011202,0.030011
53063011203,0.017491
53063011204,0.04645
53063011301,0.015643
53063011302,0.031347
53063011400,0.018223
53063011500,0.277207
53063011600,0.151428
53063011701,0.081425
53063011702,0.057651
53063011800,0.098946
53063011900,0.110957
53063012000,0.029115
53063012100,0.038453
53063012200,0.039422
53063012300,0.106476
53063012401,0.041696
53063012402,0.084527
53063012500,0.080449
53063012600,0.201351
53063012701,0.217247
53063012702,0.238805
53063012801,0.110348
53063012802,0.011558
53063012901,0.023588
53063012902,0.011041
53063013001,0.011673
53063013002,0.032863
53063013003,0.013702
53063013101,0.017741
53063013102,0.05775
53063013201,0.050824
53063013300,0.061412
53063013401,0.02998
53063013501,0.080094
53063013502,0.057706
53063013503,0.043876
53063013600,0.021819
53063013700,0.023455
53063013800,0.239176
53063013900,0.074749
53063014001,0.107478
53063014002,0.075952
53063014100,0.065675
53063014200,0.085553
53063014300,0.039178
53063014400,0.020621
53063014500,0.039454
53065941000,0.162579
53065950101,0.139975
53065950102,0.086781
53065950200,0.047663
53065950300,0.147913
53065950500,0.120689
53065950600,0.13075
53065950700,0.169622
53065950800,0.093898
53065950900,0.063353
53065951100,0.067868
53065951301,0.069454
53065951302,0.336426
53065951401,0.080519
53065951402,0.028771
53071920000,0.069134
53071920100,0.049392
53071920200,0.019268
53071920302,0.012948
53071920400,0.080034
53071920500,0.038011
53071920600,0.020115
53071920701,0.033219
53071920702,0.015651
53071920801,0.0141
53071920802,0.057503
53071920901,0.015934
53073010103,0.150182
53075000100,0.114501
53075000201,0.138961
53075000202,0.185448
53075000300,0.099376
53075000400,0.246636
53075000500,0.149659
53075000601,0.060706
53075000602,0.132662
53075000700,0.052158
53075000800,0.054912
53075000900,0.056128
53075001000,0.156331
53077000100,0.017515
53077000200,0.014123
53077000301,0.045929
53077000302,0.038465
53077000401,0.015724
53077000402,0.031198
53077000500,0.019454
53077000600,0.012893
53077000700,0.022112
53077000800,0.015471
53077000902,0.014552
53077000903,0.01834
53077000904,0.014055
53077001000,0.014751
53077001100,0.021088
53077001201,0.012353
53077001202,0.021747
53077001300,0.038704
53077001400,0.014689
53077001502,0.01997
53077001503,0.013481
53077001504,0.024092
53077001601,0.047203
53077001602,0.027658
53077001701,0.133662
53077001702,0.017437
53077001801,0.070984
53077001802,0.143398
53077001901,0.04286
53077001902,0.01678
53077002003,0.016619
53077002004,0.049626
53077002005,0.034477
53077002006,0.030878
53077002101,0.127351
53077002103,0.028435
53077002104,0.016973
53077002201,0.020892
53077002202,0.074656
53077002701,0.03189
53077002801,0.033821
53077002803,0.015489
53077002804,0.014843
53077002900,0.020777
53077003002,0.023253
53077003003,0.127109
53077003004,0.073471
53077003100,0.06866
53077003200,0.030636
53077003400,0.027891
53077940001,0.021882
53077940002,0.043701
53077940003,0.131849
53077940005,0.084226
53077940006,0.014317
53077940007,0.016601
53077940008,0.035672
